iter,wall_s,f_curr,f_best,kick
1,15.39,6290.6587,6290.6587,0
2,15.40,6709.9428,6709.9428,0
3,15.41,6709.9428,6709.9428,0
4,15.41,6709.9428,6709.9428,0
5,15.42,6981.9234,6981.9234,0
6,15.42,6982.5224,6982.5224,0
7,15.42,6982.5224,6982.5224,0
8,15.43,6982.5224,6982.5224,0
9,15.43,6982.5224,6982.5224,0
10,15.44,6985.2522,6985.2522,0
11,15.44,6985.2522,6985.2522,0
12,15.45,6985.2522,6985.2522,0
13,15.46,6985.2522,6985.2522,0
14,15.46,6985.2522,6985.2522,0
15,15.47,7105.4373,7105.4373,0
16,15.48,7105.4373,7105.4373,0
17,15.49,7105.4373,7105.4373,0
18,15.50,7105.4373,7105.4373,0
19,15.50,7105.4373,7105.4373,0
20,15.51,7105.4373,7105.4373,0
21,15.51,7130.4608,7130.4608,0
22,15.52,7150.1718,7150.1718,0
23,15.53,7155.5754,7155.5754,0
24,15.53,7155.5754,7155.5754,0
25,15.54,7231.4622,7231.4622,0
26,15.55,7231.4622,7231.4622,0
27,15.55,7231.4622,7231.4622,0
28,15.56,7289.4920,7289.4920,0
29,15.57,7426.6569,7426.6569,0
30,15.57,7465.1619,7465.1619,0
31,15.58,7465.1619,7465.1619,0
32,15.59,7465.1619,7465.1619,0
33,15.59,7629.6557,7629.6557,0
34,15.60,7672.5876,7672.5876,0
35,15.61,7672.5876,7672.5876,0
36,15.62,7672.5876,7672.5876,0
37,15.63,7703.8351,7703.8351,0
38,15.63,7747.3568,7747.3568,0
39,15.64,7764.8973,7764.8973,0
40,15.65,7786.9402,7786.9402,0
41,15.66,7804.4797,7804.4797,0
42,15.66,7819.6194,7819.6194,0
43,15.67,7819.6194,7819.6194,0
44,15.68,7819.6194,7819.6194,0
45,15.68,8055.7063,8055.7063,0
46,15.69,8055.7063,8055.7063,0
47,15.70,8055.7063,8055.7063,0
48,15.71,8055.7063,8055.7063,0
49,15.72,8055.7063,8055.7063,0
50,15.73,8079.4233,8079.4233,0
51,15.73,8079.4233,8079.4233,0
52,15.74,8193.9053,8193.9053,0
53,15.75,8298.5729,8298.5729,0
54,15.76,8298.5729,8298.5729,0
55,15.77,8298.5729,8298.5729,0
56,15.78,8362.2424,8362.2424,0
59,15.79,8520.0183,8520.0183,0
60,15.80,8520.0183,8520.0183,0
61,15.80,8520.0183,8520.0183,0
62,15.82,8527.6903,8527.6903,0
65,15.89,8527.6903,8527.6903,0
66,15.92,8590.6738,8590.6738,0
68,15.96,8590.6738,8590.6738,0
69,15.97,8590.6738,8590.6738,0
71,16.03,8617.2460,8617.2460,0
73,16.12,8617.2460,8617.2460,0
74,16.13,8788.7185,8788.7185,0
81,16.21,8788.7185,8788.7185,0
82,16.27,9042.2076,9042.2076,0
83,16.32,9042.2076,9042.2076,0
84,16.36,9042.2076,9042.2076,0
85,16.40,9042.2076,9042.2076,0
86,16.41,9045.2808,9045.2808,0
87,16.43,9045.2808,9045.2808,0
88,16.44,9055.3247,9055.3247,0
89,16.44,9055.3247,9055.3247,0
90,16.45,9069.0874,9069.0874,0
91,16.46,9078.1854,9078.1854,0
92,16.47,9090.2009,9090.2009,0
93,16.48,9229.3301,9229.3301,0
94,16.49,9356.7908,9356.7908,0
95,16.51,9356.7908,9356.7908,0
96,16.52,9356.7908,9356.7908,0
97,16.54,9356.7908,9356.7908,0
98,16.58,9356.7908,9356.7908,0
99,16.59,9360.9423,9360.9423,0
100,16.61,9360.9423,9360.9423,0
101,16.61,9360.9423,9360.9423,0
102,16.62,9360.9423,9360.9423,0
103,16.63,9400.3122,9400.3122,0
104,16.68,9400.3122,9400.3122,0
105,16.69,9400.3122,9400.3122,0
106,16.70,9427.7141,9427.7141,0
107,16.71,9594.4439,9594.4439,0
108,16.73,9668.8068,9668.8068,0
109,16.74,9668.8068,9668.8068,0
110,16.76,9708.8357,9708.8357,0
111,16.77,9740.9100,9740.9100,0
113,16.82,9806.7464,9806.7464,0
114,16.83,9843.7060,9843.7060,0
115,16.84,10038.1057,10038.1057,0
116,16.86,10038.1057,10038.1057,0
117,16.87,10057.7141,10057.7141,0
118,16.89,10057.7141,10057.7141,0
119,16.92,10124.1712,10124.1712,0
120,16.94,10124.1712,10124.1712,0
121,16.95,10124.1712,10124.1712,0
124,17.02,10303.9767,10303.9767,0
125,17.04,10303.9767,10303.9767,0
126,17.05,10312.5678,10312.5678,0
128,17.07,10312.5678,10312.5678,0
131,17.08,10312.5678,10312.5678,0
132,17.10,10312.5678,10312.5678,0
133,17.12,10316.5620,10316.5620,0
134,17.14,10434.2136,10434.2136,0
135,17.18,10434.2136,10434.2136,0
140,17.24,10516.6948,10516.6948,0
141,17.26,10516.6948,10516.6948,0
142,17.27,10516.6948,10516.6948,0
143,17.30,10523.4135,10523.4135,0
144,17.34,10523.4135,10523.4135,0
146,17.35,10523.4135,10523.4135,0
147,17.38,10779.4865,10779.4865,0
148,17.40,11034.5085,11034.5085,0
151,17.48,11034.5085,11034.5085,0
154,17.50,11034.5085,11034.5085,0
155,17.54,11034.5085,11034.5085,0
160,17.63,11107.7238,11107.7238,0
161,17.66,11107.7238,11107.7238,0
166,17.79,11130.2797,11130.2797,0
167,17.80,11149.7681,11149.7681,0
169,17.85,11149.7681,11149.7681,0
170,17.91,11250.3360,11250.3360,0
172,18.00,11250.3360,11250.3360,0
173,18.04,11250.3360,11250.3360,0
174,18.05,11250.3360,11250.3360,0
175,18.07,11271.1710,11271.1710,0
177,18.10,11292.6904,11292.6904,0
178,18.13,11405.9217,11405.9217,0
179,18.16,11405.9217,11405.9217,0
180,18.19,11473.6244,11473.6244,0
182,18.27,11473.6244,11473.6244,0
185,18.29,11473.6244,11473.6244,0
186,18.30,11473.6244,11473.6244,0
187,18.32,11473.6244,11473.6244,0
188,18.33,11562.3053,11562.3053,0
193,18.47,11562.5240,11562.5240,0
197,18.50,11562.5240,11562.5240,0
198,18.52,11562.5240,11562.5240,0
202,18.57,11562.5240,11562.5240,0
204,18.58,11646.7141,11646.7141,0
206,18.62,11677.8227,11677.8227,0
209,18.70,11756.4997,11756.4997,0
211,18.72,11771.5893,11771.5893,0
212,18.74,11771.5893,11771.5893,0
216,18.79,11780.3615,11780.3615,0
217,18.80,11796.1027,11796.1027,0
218,18.82,11796.1027,11796.1027,0
219,18.86,11970.0610,11970.0610,0
220,18.87,11970.0610,11970.0610,0
221,18.93,11970.0610,11970.0610,0
222,18.94,11970.0610,11970.0610,0
223,18.96,11970.0610,11970.0610,0
225,18.99,11970.0610,11970.0610,0
231,19.08,12019.7609,12019.7609,0
243,19.37,12224.4454,12224.4454,0
247,19.44,12225.4749,12225.4749,0
249,19.49,12292.3663,12292.3663,0
250,19.53,12292.3663,12292.3663,0
255,19.67,12292.3663,12292.3663,0
259,19.73,12302.4820,12302.4820,0
260,19.76,12302.4820,12302.4820,0
268,19.85,12302.4820,12302.4820,0
273,20.00,12302.4820,12302.4820,0
281,20.02,12302.4820,12302.4820,0
289,20.07,12302.4820,12302.4820,0
296,20.14,12302.4820,12302.4820,0
304,20.25,12369.2678,12369.2678,0
305,20.27,12382.5136,12382.5136,0
308,20.31,12625.5782,12625.5782,0
311,20.37,12629.5911,12629.5911,0
313,20.37,12629.5911,12629.5911,0
314,20.39,12671.8963,12671.8963,0
316,20.44,12769.6061,12769.6061,0
320,20.49,12769.6061,12769.6061,0
321,20.55,12769.6061,12769.6061,0
327,20.61,12787.9801,12787.9801,0
330,20.73,12787.9801,12787.9801,0
332,20.82,12787.9801,12787.9801,0
335,20.90,12791.2870,12791.2870,0
338,20.96,12791.2870,12791.2870,0
339,20.97,12791.2870,12791.2870,0
340,20.99,12901.8348,12901.8348,0
344,21.07,13041.9789,13041.9789,0
345,21.10,13041.9789,13041.9789,0
350,21.20,13190.7158,13190.7158,0
351,21.22,13190.7158,13190.7158,0
355,21.29,13379.1320,13379.1320,0
360,21.41,13379.1320,13379.1320,0
363,21.45,13379.1320,13379.1320,0
364,21.49,13379.1320,13379.1320,0
367,21.55,13383.0614,13383.0614,0
394,22.13,13383.0614,13383.0614,0
396,22.18,13383.0614,13383.0614,0
398,22.22,13383.0614,13383.0614,0
415,22.40,13383.0614,13383.0614,0
419,22.44,13383.0614,13383.0614,0
426,22.49,13383.0614,13383.0614,0
457,22.63,13383.0614,13383.0614,0
458,22.64,13384.7429,13384.7429,0
460,22.71,13457.9167,13457.9167,0
465,22.81,13457.9167,13457.9167,0
470,22.84,13457.9167,13457.9167,0
474,22.91,13457.9167,13457.9167,0
497,23.23,13457.9167,13457.9167,0
501,23.30,13457.9167,13457.9167,0
502,23.33,13457.9167,13457.9167,0
507,23.40,13457.9167,13457.9167,0
514,23.47,13457.9167,13457.9167,0
530,23.57,13457.9167,13457.9167,0
534,23.63,13457.9167,13457.9167,0
537,23.64,13457.9167,13457.9167,0
540,23.68,13473.1306,13473.1306,0
541,23.70,13473.1306,13473.1306,0
544,23.76,13473.1306,13473.1306,0
549,23.93,13474.0487,13474.0487,0
551,23.95,13511.3330,13511.3330,0
553,24.05,13527.6410,13527.6410,0
555,24.08,13552.5149,13552.5149,0
568,24.27,13552.5149,13552.5149,0
571,24.32,13552.5149,13552.5149,0
578,24.42,13609.3174,13609.3174,0
587,24.53,13609.3174,13609.3174,0
592,24.62,13609.3174,13609.3174,0
599,24.75,13612.6932,13612.6932,0
602,24.85,13612.6932,13612.6932,0
604,24.86,13612.6932,13612.6932,0
605,24.90,13612.6932,13612.6932,0
606,24.94,13612.6932,13612.6932,0
608,25.01,13612.6932,13612.6932,0
609,25.01,13612.6932,13612.6932,0
612,25.07,13719.8546,13719.8546,0
619,25.22,13719.8546,13719.8546,0
620,25.25,13719.8546,13719.8546,0
621,25.31,13719.8546,13719.8546,0
624,25.38,13719.8546,13719.8546,0
625,25.41,13719.8546,13719.8546,0
626,25.44,13742.3464,13742.3464,0
632,25.55,13742.3464,13742.3464,0
634,25.57,13742.3464,13742.3464,0
642,25.72,13742.3464,13742.3464,0
650,25.83,13742.3464,13742.3464,0
653,25.90,13742.3464,13742.3464,0
655,25.96,13742.3464,13742.3464,0
660,26.04,13742.3464,13742.3464,0
663,26.07,13742.3464,13742.3464,0
674,26.08,13742.3464,13742.3464,0
682,26.15,13742.3464,13742.3464,0
687,26.16,13742.3464,13742.3464,0
690,26.19,13742.3464,13742.3464,0
693,26.19,13742.3464,13742.3464,0
699,26.23,13742.3464,13742.3464,0
706,26.29,13742.3464,13742.3464,0
707,26.29,13742.3464,13742.3464,0
712,26.30,13742.3464,13742.3464,0
721,26.32,13742.3464,13742.3464,0
732,26.37,13742.3464,13742.3464,0
734,26.37,13742.3464,13742.3464,0
736,26.38,13742.3464,13742.3464,0
743,26.38,13742.3464,13742.3464,0
745,26.42,13742.3464,13742.3464,0
769,26.50,13742.3464,13742.3464,0
774,26.56,13742.3464,13742.3464,0
778,26.56,13742.3464,13742.3464,0
789,26.60,13742.3464,13742.3464,0
811,26.65,13742.3464,13742.3464,0
813,26.66,13742.3464,13742.3464,0
815,26.68,13742.3464,13742.3464,0
828,26.73,13742.3464,13742.3464,0
829,26.73,13742.3464,13742.3464,0
838,26.74,13742.3464,13742.3464,0
839,26.74,13742.3464,13742.3464,0
843,26.75,13742.3464,13742.3464,0
850,26.87,13742.3464,13742.3464,0
859,26.88,13742.3464,13742.3464,0
860,26.88,13742.3464,13742.3464,0
874,26.92,13742.3464,13742.3464,0
875,26.92,13742.3464,13742.3464,0
876,26.92,13742.3464,13742.3464,0
879,26.93,13742.3464,13742.3464,0
884,26.94,13742.3464,13742.3464,0
890,27.00,13800.4383,13800.4383,0
906,27.32,13803.1173,13803.1173,0
907,27.34,13803.1173,13803.1173,0
908,27.39,13803.1173,13803.1173,0
913,27.58,13803.1173,13803.1173,0
919,27.75,13803.1173,13803.1173,0
921,27.81,13865.8571,13865.8571,0
923,27.86,13865.8571,13865.8571,0
925,27.93,13950.8768,13950.8768,0
928,28.01,13950.8768,13950.8768,0
937,28.19,13950.8768,13950.8768,0
945,28.38,13950.8768,13950.8768,0
949,28.48,13950.8768,13950.8768,0
965,28.76,13950.8768,13950.8768,0
969,28.90,13950.8768,13950.8768,0
972,28.94,13950.8768,13950.8768,0
988,29.15,13950.8768,13950.8768,0
989,29.18,13950.8768,13950.8768,0
993,29.19,13950.8768,13950.8768,0
999,29.22,13950.8768,13950.8768,0
1015,29.30,13950.8768,13950.8768,0
1021,29.30,13950.8768,13950.8768,0
1030,29.32,13950.8768,13950.8768,0
1036,29.38,13950.8768,13950.8768,0
1052,29.55,13988.2745,13988.2745,0
1053,29.57,13992.6082,13992.6082,0
1058,29.66,13992.6082,13992.6082,0
1060,29.76,13992.6082,13992.6082,0
1062,29.77,13992.6082,13992.6082,0
1064,29.81,13992.6082,13992.6082,0
1071,29.99,13992.6082,13992.6082,0
1074,30.10,13992.6082,13992.6082,0
1077,30.20,14002.8303,14002.8303,0
1079,30.29,14138.2201,14138.2201,0
1090,30.67,14138.2201,14138.2201,0
1100,30.91,14138.2201,14138.2201,0
1105,30.98,14138.2201,14138.2201,0
1135,31.42,14138.2201,14138.2201,0
1148,31.56,14138.2201,14138.2201,0
1151,31.61,14138.2201,14138.2201,0
1159,31.66,14138.2201,14138.2201,0
1167,31.73,14138.2201,14138.2201,0
1169,31.74,14138.2201,14138.2201,0
1176,31.84,14138.2201,14138.2201,0
1198,32.06,14138.2201,14138.2201,0
1217,32.27,14138.2201,14138.2201,0
1241,32.45,14138.2201,14138.2201,0
1246,32.53,14138.2201,14138.2201,0
1252,32.54,14138.2201,14138.2201,0
1262,32.63,14138.2201,14138.2201,0
1291,32.81,14138.2201,14138.2201,0
1296,32.84,14138.2201,14138.2201,0
1307,32.97,14138.2201,14138.2201,0
1313,32.98,14138.2201,14138.2201,0
1321,33.08,14138.2201,14138.2201,0
1323,33.08,14138.2201,14138.2201,0
1325,33.08,14138.2201,14138.2201,0
1330,33.11,14138.2201,14138.2201,0
1333,33.16,14138.2201,14138.2201,0
1334,33.16,14138.2201,14138.2201,0
1338,33.19,14138.2201,14138.2201,0
1340,33.23,14138.2201,14138.2201,0
1347,33.24,14138.2201,14138.2201,0
1354,33.24,14138.2201,14138.2201,0
1375,33.36,14138.2201,14138.2201,0
1381,33.48,14138.2201,14138.2201,0
1389,33.52,14138.2201,14138.2201,0
1394,33.56,14138.2201,14138.2201,0
1409,33.63,14138.2201,14138.2201,0
1410,33.66,14138.2201,14138.2201,0
1425,33.68,14138.2201,14138.2201,0
1472,33.88,14138.2201,14138.2201,0
1480,33.89,14138.2201,14138.2201,0
1492,33.90,14138.2201,14138.2201,0
1507,33.91,14138.2201,14138.2201,0
1509,33.96,14138.2201,14138.2201,0
1523,34.05,14138.2201,14138.2201,0
1524,34.05,14138.2201,14138.2201,0
1531,34.05,14138.2201,14138.2201,0
1535,34.05,14138.2201,14138.2201,0
1544,34.06,14138.2201,14138.2201,0
1553,34.07,14138.2201,14138.2201,0
1554,34.10,14144.2293,14144.2293,0
1565,34.28,14144.2293,14144.2293,0
1589,34.72,14144.2293,14144.2293,0
1611,34.99,14144.2293,14144.2293,0
1619,35.12,14144.2293,14144.2293,0
1623,35.19,14144.2293,14144.2293,0
1681,35.74,14150.8816,14150.8816,0
1683,35.80,14150.8816,14150.8816,0
1685,35.86,14240.9962,14240.9962,0
1701,36.24,14241.6360,14241.6360,0
1702,36.24,14241.6360,14241.6360,0
1703,36.30,14241.6360,14241.6360,0
1704,36.32,14241.6360,14241.6360,0
1705,36.34,14241.6360,14241.6360,0
1706,36.40,14241.6360,14241.6360,0
1707,36.45,14371.6555,14371.6555,0
1708,36.47,14397.8199,14397.8199,0
1709,36.51,14465.1563,14465.1563,0
1710,36.52,14465.1563,14465.1563,0
1711,36.55,14465.1563,14465.1563,0
1712,36.57,14473.9192,14473.9192,0
1713,36.57,14473.9192,14473.9192,0
1715,36.62,14473.9192,14473.9192,0
1716,36.62,14473.9192,14473.9192,0
1719,36.66,14473.9192,14473.9192,0
1724,36.78,14473.9192,14473.9192,0
1727,36.84,14484.0640,14484.0640,0
1729,36.93,14576.4057,14576.4057,0
1730,36.95,14576.4057,14576.4057,0
1733,36.98,14675.4545,14675.4545,0
1734,37.01,14675.4545,14675.4545,0
1735,37.01,14675.4545,14675.4545,0
1738,37.12,14774.1985,14774.1985,0
1750,37.38,14774.1985,14774.1985,0
1752,37.46,14774.1985,14774.1985,0
1753,37.47,14774.1985,14774.1985,0
1771,37.85,14774.1985,14774.1985,0
1775,37.90,14774.1985,14774.1985,0
1777,37.92,14774.1985,14774.1985,0
1781,37.92,14774.1985,14774.1985,0
1790,37.99,14774.1985,14774.1985,0
1794,38.06,14774.1985,14774.1985,0
1806,38.10,14774.1985,14774.1985,0
1813,38.17,14774.1985,14774.1985,0
1816,38.19,14774.1985,14774.1985,0
1823,38.24,14774.1985,14774.1985,0
1824,38.24,14774.1985,14774.1985,0
1825,38.24,14774.1985,14774.1985,0
1831,38.29,14774.1985,14774.1985,0
1844,38.31,14774.1985,14774.1985,0
1847,38.32,14774.1985,14774.1985,0
1851,38.33,14774.1985,14774.1985,0
1856,38.36,14774.1985,14774.1985,0
1876,38.42,14774.1985,14774.1985,0
1881,38.42,14774.1985,14774.1985,0
1886,38.44,14774.1985,14774.1985,0
1895,38.47,14774.1985,14774.1985,0
1897,38.48,14774.1985,14774.1985,0
1899,38.49,14774.1985,14774.1985,0
1906,38.51,14774.1985,14774.1985,0
1910,38.51,14774.1985,14774.1985,0
1920,38.53,14774.1985,14774.1985,0
1923,38.54,14774.1985,14774.1985,0
1932,38.56,14774.1985,14774.1985,0
1942,38.64,14774.1985,14774.1985,0
1946,38.65,14774.1985,14774.1985,0
1953,38.66,14774.1985,14774.1985,0
1960,38.69,14774.1985,14774.1985,0
1964,38.69,14774.1985,14774.1985,0
1979,38.73,14774.1985,14774.1985,0
1984,38.76,14774.1985,14774.1985,0
1986,38.77,14774.1985,14774.1985,0
1995,38.81,14774.1985,14774.1985,0
1998,38.82,14774.1985,14774.1985,0
2000,38.83,14774.1985,14774.1985,0
2007,38.85,14774.1985,14774.1985,0
2030,38.89,14774.1985,14774.1985,0
2035,38.91,14774.1985,14774.1985,0
2038,38.91,14774.1985,14774.1985,0
2041,38.92,14774.1985,14774.1985,0
2042,38.92,14774.1985,14774.1985,0
2043,38.98,14774.1985,14774.1985,0
2045,38.98,14774.1985,14774.1985,0
2046,38.98,14774.1985,14774.1985,0
2047,38.99,14774.1985,14774.1985,0
2049,38.99,14774.1985,14774.1985,0
2052,39.00,14774.1985,14774.1985,0
2055,39.01,14774.1985,14774.1985,0
2061,39.02,14774.1985,14774.1985,0
2063,39.03,14774.1985,14774.1985,0
2084,39.07,14774.1985,14774.1985,0
2086,39.07,14774.1985,14774.1985,0
2087,39.07,14774.1985,14774.1985,0
2089,39.08,14774.1985,14774.1985,0
2091,39.08,14774.1985,14774.1985,0
2095,39.09,14774.1985,14774.1985,0
2100,39.13,14774.1985,14774.1985,0
2103,39.15,14774.1985,14774.1985,0
2104,39.15,14774.1985,14774.1985,0
2111,39.16,14774.1985,14774.1985,0
2113,39.16,14774.1985,14774.1985,0
2116,39.17,14774.1985,14774.1985,0
2117,39.17,14774.1985,14774.1985,0
2128,39.19,14774.1985,14774.1985,0
2132,39.21,14774.1985,14774.1985,0
2138,39.22,14774.1985,14774.1985,0
2143,39.23,14774.1985,14774.1985,0
2148,39.24,14774.1985,14774.1985,0
2150,39.25,14774.1985,14774.1985,0
2158,39.26,14774.1985,14774.1985,0
2161,39.28,14774.1985,14774.1985,0
2164,39.28,14774.1985,14774.1985,0
2165,39.29,14774.1985,14774.1985,0
2172,39.29,14774.1985,14774.1985,0
2187,39.32,14774.1985,14774.1985,0
2193,39.34,14774.1985,14774.1985,0
2202,39.35,14774.1985,14774.1985,0
2212,39.37,14774.1985,14774.1985,0
2214,39.37,14774.1985,14774.1985,0
2237,39.42,14774.1985,14774.1985,0
2249,39.48,14774.1985,14774.1985,0
2250,39.48,14774.1985,14774.1985,0
2251,39.48,14774.1985,14774.1985,0
2252,39.48,14774.1985,14774.1985,0
2253,39.48,14774.1985,14774.1985,0
2259,39.51,14774.1985,14774.1985,0
2260,39.51,14774.1985,14774.1985,0
2262,39.51,14774.1985,14774.1985,0
2266,39.51,14774.1985,14774.1985,0
2268,39.51,14774.1985,14774.1985,0
2271,39.52,14774.1985,14774.1985,0
2273,39.52,14774.1985,14774.1985,0
2275,39.54,14774.1985,14774.1985,0
2298,39.64,14774.1985,14774.1985,0
2299,39.64,14774.1985,14774.1985,0
2304,39.65,14774.1985,14774.1985,0
2320,39.69,14774.1985,14774.1985,0
2321,39.69,14774.1985,14774.1985,0
2327,39.71,14774.1985,14774.1985,0
2331,39.71,14774.1985,14774.1985,0
2333,39.72,14774.1985,14774.1985,0
2336,39.74,14774.1985,14774.1985,0
2362,39.81,14774.1985,14774.1985,0
2395,39.91,14774.1985,14774.1985,0
2409,39.95,14774.1985,14774.1985,0
2416,39.97,14774.1985,14774.1985,0
2422,39.97,14774.1985,14774.1985,0
2444,40.02,14774.1985,14774.1985,0
2462,40.04,14774.1985,14774.1985,0
2485,40.10,14774.1985,14774.1985,0
2490,40.12,14774.1985,14774.1985,0
2496,40.14,14774.1985,14774.1985,0
2500,40.14,14774.1985,14774.1985,0
2503,40.14,14774.1985,14774.1985,0
2509,40.14,14774.1985,14774.1985,0
2513,40.15,14774.1985,14774.1985,0
2515,40.15,14774.1985,14774.1985,0
2518,40.16,14774.1985,14774.1985,0
2519,40.16,14774.1985,14774.1985,0
2535,40.19,14774.1985,14774.1985,0
2545,40.21,14774.1985,14774.1985,0
2553,40.23,14774.1985,14774.1985,0
2557,40.23,14774.1985,14774.1985,0
2582,40.30,14774.1985,14774.1985,0
2592,40.32,14774.1985,14774.1985,0
2594,40.32,14774.1985,14774.1985,0
2598,40.33,14774.1985,14774.1985,0
2599,40.33,14774.1985,14774.1985,0
2603,40.35,14774.1985,14774.1985,0
2606,40.36,14774.1985,14774.1985,0
2607,40.36,14774.1985,14774.1985,0
2610,40.37,14774.1985,14774.1985,0
2613,40.37,14774.1985,14774.1985,0
2629,40.40,14774.1985,14774.1985,0
2632,40.42,14774.1985,14774.1985,0
2633,40.42,14774.1985,14774.1985,0
2641,40.43,14774.1985,14774.1985,0
2649,40.45,14774.1985,14774.1985,0
2656,40.47,14774.1985,14774.1985,0
2659,40.47,14774.1985,14774.1985,0
2661,40.47,14774.1985,14774.1985,0
2664,40.49,14774.1985,14774.1985,0
2665,40.49,14774.1985,14774.1985,0
2687,40.53,14774.1985,14774.1985,0
2689,40.53,14774.1985,14774.1985,0
2696,40.55,14774.1985,14774.1985,0
2698,40.55,14774.1985,14774.1985,0
2706,40.57,14774.1985,14774.1985,0
2707,40.57,14774.1985,14774.1985,0
2711,40.58,14774.1985,14774.1985,0
2715,40.59,14774.1985,14774.1985,0
2716,40.59,14774.1985,14774.1985,0
2729,40.60,14774.1985,14774.1985,0
2735,40.61,14774.1985,14774.1985,0
2738,40.61,14774.1985,14774.1985,0
2744,40.63,14774.1985,14774.1985,0
2747,40.64,14774.1985,14774.1985,0
2758,40.65,14774.1985,14774.1985,0
2766,40.68,14774.1985,14774.1985,0
2778,40.70,14774.1985,14774.1985,0
2790,40.74,14774.1985,14774.1985,0
2801,40.74,14774.1985,14774.1985,0
2807,40.75,14774.1985,14774.1985,0
2808,40.76,14774.1985,14774.1985,0
2809,40.76,14774.1985,14774.1985,0
2810,40.76,14774.1985,14774.1985,0
2820,40.78,14774.1985,14774.1985,0
2827,40.79,14774.1985,14774.1985,0
2828,40.79,14774.1985,14774.1985,0
2829,40.79,14774.1985,14774.1985,0
2830,40.80,14774.1985,14774.1985,0
2832,40.80,14774.1985,14774.1985,0
2836,40.81,14774.1985,14774.1985,0
2844,40.84,14774.1985,14774.1985,0
2849,40.84,14774.1985,14774.1985,0
2852,40.84,14774.1985,14774.1985,0
2871,40.91,14774.1985,14774.1985,0
2879,40.94,14774.1985,14774.1985,0
2882,40.96,14774.1985,14774.1985,0
2891,40.98,14774.1985,14774.1985,0
2895,40.99,14774.1985,14774.1985,0
2898,40.99,14774.1985,14774.1985,0
2909,41.01,14774.1985,14774.1985,0
2910,41.02,14774.1985,14774.1985,0
2911,41.02,14774.1985,14774.1985,0
2916,41.03,14774.1985,14774.1985,0
2917,41.03,14774.1985,14774.1985,0
2919,41.03,14774.1985,14774.1985,0
2922,41.03,14774.1985,14774.1985,0
2932,41.06,14774.1985,14774.1985,0
2937,41.07,14774.1985,14774.1985,0
2941,41.08,14774.1985,14774.1985,0
2942,41.08,14774.1985,14774.1985,0
2949,41.09,14774.1985,14774.1985,0
2951,41.09,14774.1985,14774.1985,0
2952,41.09,14774.1985,14774.1985,0
2956,41.10,14774.1985,14774.1985,0
2957,41.10,14774.1985,14774.1985,0
2970,41.14,14774.1985,14774.1985,0
2972,41.14,14774.1985,14774.1985,0
2976,41.14,14774.1985,14774.1985,0
2978,41.14,14774.1985,14774.1985,0
2984,41.15,14774.1985,14774.1985,0
2998,41.20,14774.1985,14774.1985,0
3004,41.21,14774.1985,14774.1985,0
3018,41.25,14774.1985,14774.1985,0
3024,41.26,14774.1985,14774.1985,0
3031,41.27,14774.1985,14774.1985,0
3032,41.27,14774.1985,14774.1985,0
3038,41.28,14774.1985,14774.1985,0
3048,41.32,14774.1985,14774.1985,0
3049,41.32,14774.1985,14774.1985,0
3051,41.32,14774.1985,14774.1985,0
3053,41.32,14774.1985,14774.1985,0
3062,41.35,14774.1985,14774.1985,0
3075,41.38,14774.1985,14774.1985,0
3085,41.40,14774.1985,14774.1985,0
3093,41.43,14774.1985,14774.1985,0
3101,41.46,14774.1985,14774.1985,0
3106,41.48,14774.1985,14774.1985,0
3115,41.49,14774.1985,14774.1985,0
3120,41.50,14774.1985,14774.1985,0
3124,41.51,14774.1985,14774.1985,0
3128,41.53,14774.1985,14774.1985,0
3136,41.55,14774.1985,14774.1985,0
3141,41.56,14774.1985,14774.1985,0
3155,41.59,14774.1985,14774.1985,0
3164,41.59,14774.1985,14774.1985,0
3167,41.59,14774.1985,14774.1985,0
3168,41.59,14774.1985,14774.1985,0
3169,41.60,14774.1985,14774.1985,0
3177,41.61,14774.1985,14774.1985,0
3178,41.62,14774.1985,14774.1985,0
3180,41.62,14774.1985,14774.1985,0
3188,41.63,14774.1985,14774.1985,0
3202,41.67,14774.1985,14774.1985,0
3204,41.67,14774.1985,14774.1985,0
3205,41.67,14774.1985,14774.1985,0
3213,41.69,14774.1985,14774.1985,0
3218,41.70,14774.1985,14774.1985,0
3220,41.70,14774.1985,14774.1985,0
3222,41.71,14774.1985,14774.1985,0
3233,41.75,14774.1985,14774.1985,0
3237,41.77,14774.1985,14774.1985,0
3242,41.77,14774.1985,14774.1985,0
3246,41.78,14774.1985,14774.1985,0
3248,41.79,14774.1985,14774.1985,0
3254,41.79,14774.1985,14774.1985,0
3259,41.81,14774.1985,14774.1985,0
3261,41.81,14774.1985,14774.1985,0
3269,41.82,14774.1985,14774.1985,0
3273,41.82,14774.1985,14774.1985,0
3282,41.86,14774.1985,14774.1985,0
3293,41.87,14774.1985,14774.1985,0
3297,41.88,14774.1985,14774.1985,0
3311,41.93,14774.1985,14774.1985,0
3323,41.95,14774.1985,14774.1985,0
3327,41.95,14774.1985,14774.1985,0
3336,41.96,14774.1985,14774.1985,0
3347,42.01,14774.1985,14774.1985,0
3350,42.02,14774.1985,14774.1985,0
3355,42.03,14774.1985,14774.1985,0
3357,42.03,14774.1985,14774.1985,0
3362,42.05,14774.1985,14774.1985,0
3365,42.05,14774.1985,14774.1985,0
3366,42.05,14774.1985,14774.1985,0
3373,42.06,14774.1985,14774.1985,0
3376,42.06,14774.1985,14774.1985,0
3395,42.09,14774.1985,14774.1985,0
3401,42.11,14774.1985,14774.1985,0
3402,42.11,14774.1985,14774.1985,0
3403,42.12,14774.1985,14774.1985,0
3404,42.12,14774.1985,14774.1985,0
3409,42.13,14774.1985,14774.1985,0
3413,42.14,14774.1985,14774.1985,0
3427,42.19,14774.1985,14774.1985,0
3435,42.20,14774.1985,14774.1985,0
3436,42.20,14774.1985,14774.1985,0
3442,42.22,14774.1985,14774.1985,0
3446,42.23,14774.1985,14774.1985,0
3455,42.25,14774.1985,14774.1985,0
3464,42.26,14774.1985,14774.1985,0
3476,42.29,14774.1985,14774.1985,0
3481,42.30,14774.1985,14774.1985,0
3482,42.30,14774.1985,14774.1985,0
3489,42.32,14774.1985,14774.1985,0
3490,42.32,14774.1985,14774.1985,0
3495,42.34,14774.1985,14774.1985,0
3499,42.34,14774.1985,14774.1985,0
3500,42.35,14774.1985,14774.1985,0
3502,42.36,14774.1985,14774.1985,0
3504,42.36,14774.1985,14774.1985,0
3526,42.40,14774.1985,14774.1985,0
3534,42.42,14774.1985,14774.1985,0
3541,42.44,14774.1985,14774.1985,0
3544,42.45,14774.1985,14774.1985,0
3551,42.47,14774.1985,14774.1985,0
3567,42.50,14774.1985,14774.1985,0
3570,42.50,14774.1985,14774.1985,0
3573,42.50,14774.1985,14774.1985,0
3576,42.50,14774.1985,14774.1985,0
3584,42.52,14774.1985,14774.1985,0
3585,42.52,14774.1985,14774.1985,0
3586,42.53,14774.1985,14774.1985,0
3590,42.54,14774.1985,14774.1985,0
3593,42.54,14774.1985,14774.1985,0
3594,42.54,14774.1985,14774.1985,0
3597,42.55,14774.1985,14774.1985,0
3599,42.55,14774.1985,14774.1985,0
3606,42.57,14774.1985,14774.1985,0
3608,42.58,14774.1985,14774.1985,0
3616,42.59,14774.1985,14774.1985,0
3634,42.64,14774.1985,14774.1985,0
3636,42.64,14774.1985,14774.1985,0
3637,42.64,14774.1985,14774.1985,0
3684,42.76,14774.1985,14774.1985,0
3685,42.77,14774.1985,14774.1985,0
3694,42.79,14774.1985,14774.1985,0
3700,42.80,14774.1985,14774.1985,0
3706,42.82,14774.1985,14774.1985,0
3707,42.82,14774.1985,14774.1985,0
3712,42.83,14774.1985,14774.1985,0
3714,42.83,14774.1985,14774.1985,0
3721,42.86,14774.1985,14774.1985,0
3726,42.87,14774.1985,14774.1985,0
3746,42.93,14774.1985,14774.1985,0
3750,42.95,14774.1985,14774.1985,0
3754,42.96,14774.1985,14774.1985,0
3774,43.00,14774.1985,14774.1985,0
3776,43.01,14774.1985,14774.1985,0
3780,43.01,14774.1985,14774.1985,0
3790,43.03,14774.1985,14774.1985,0
3793,43.03,14774.1985,14774.1985,0
3803,43.06,14774.1985,14774.1985,0
3806,43.06,14774.1985,14774.1985,0
3826,43.11,14774.1985,14774.1985,0
3844,43.17,14774.1985,14774.1985,0
3847,43.19,14774.1985,14774.1985,0
3859,43.22,14774.1985,14774.1985,0
3866,43.22,14774.1985,14774.1985,0
3871,43.23,14774.1985,14774.1985,0
3872,43.24,14774.1985,14774.1985,0
3876,43.24,14774.1985,14774.1985,0
3878,43.24,14774.1985,14774.1985,0
3882,43.25,14774.1985,14774.1985,0
3891,43.28,14774.1985,14774.1985,0
3894,43.28,14774.1985,14774.1985,0
3906,43.32,14774.1985,14774.1985,0
3913,43.33,14774.1985,14774.1985,0
3921,43.35,14774.1985,14774.1985,0
3927,43.37,14774.1985,14774.1985,0
3928,43.37,14774.1985,14774.1985,0
3934,43.38,14774.1985,14774.1985,0
3937,43.38,14774.1985,14774.1985,0
3954,43.44,14774.1985,14774.1985,0
3974,43.48,14774.1985,14774.1985,0
3990,43.51,14774.1985,14774.1985,0
3993,43.51,14774.1985,14774.1985,0
4002,43.53,14774.1985,14774.1985,0
4005,43.53,14774.1985,14774.1985,0
4012,43.55,14774.1985,14774.1985,0
4021,43.56,14774.1985,14774.1985,0
4024,43.56,14774.1985,14774.1985,0
4028,43.57,14774.1985,14774.1985,0
4030,43.57,14774.1985,14774.1985,0
4032,43.58,14774.1985,14774.1985,0
4033,43.58,14774.1985,14774.1985,0
4034,43.59,14774.1985,14774.1985,0
4036,43.59,14774.1985,14774.1985,0
4037,43.59,14774.1985,14774.1985,0
4039,43.60,14774.1985,14774.1985,0
4040,43.60,14774.1985,14774.1985,0
4054,43.63,14774.1985,14774.1985,0
4061,43.64,14774.1985,14774.1985,0
4066,43.67,14774.1985,14774.1985,0
4069,43.68,14774.1985,14774.1985,0
4070,43.68,14774.1985,14774.1985,0
4075,43.68,14774.1985,14774.1985,0
4078,43.69,14774.1985,14774.1985,0
4081,43.69,14774.1985,14774.1985,0
4087,43.72,14774.1985,14774.1985,0
4088,43.73,14774.1985,14774.1985,0
4101,43.75,14774.1985,14774.1985,0
4107,43.76,14774.1985,14774.1985,0
4110,43.78,14774.1985,14774.1985,0
4111,43.78,14774.1985,14774.1985,0
4142,43.87,14774.1985,14774.1985,0
4162,43.91,14774.1985,14774.1985,0
4166,43.92,14774.1985,14774.1985,0
4168,43.92,14774.1985,14774.1985,0
4172,43.93,14774.1985,14774.1985,0
4173,43.93,14774.1985,14774.1985,0
4176,43.95,14774.1985,14774.1985,0
4179,43.95,14774.1985,14774.1985,0
4190,43.97,14774.1985,14774.1985,0
4199,43.99,14774.1985,14774.1985,0
4200,43.99,14774.1985,14774.1985,0
4206,44.00,14774.1985,14774.1985,0
4214,44.01,14774.1985,14774.1985,0
4217,44.03,14774.1985,14774.1985,0
4220,44.05,14774.1985,14774.1985,0
4227,44.06,14774.1985,14774.1985,0
4233,44.07,14774.1985,14774.1985,0
4243,44.10,14774.1985,14774.1985,0
4244,44.10,14774.1985,14774.1985,0
4247,44.12,14774.1985,14774.1985,0
4250,44.12,14774.1985,14774.1985,0
4255,44.13,14774.1985,14774.1985,0
4257,44.13,14774.1985,14774.1985,0
4266,44.18,14774.1985,14774.1985,0
4269,44.18,14774.1985,14774.1985,0
4289,44.21,14774.1985,14774.1985,0
4291,44.22,14774.1985,14774.1985,0
4292,44.22,14774.1985,14774.1985,0
4299,44.23,14774.1985,14774.1985,0
4306,44.24,14774.1985,14774.1985,0
4313,44.25,14774.1985,14774.1985,0
4315,44.25,14774.1985,14774.1985,0
4316,44.25,14774.1985,14774.1985,0
4335,44.31,14774.1985,14774.1985,0
4336,44.31,14774.1985,14774.1985,0
4337,44.32,14774.1985,14774.1985,0
4339,44.33,14774.1985,14774.1985,0
4356,44.37,14774.1985,14774.1985,0
4370,44.39,14774.1985,14774.1985,0
4384,44.42,14774.1985,14774.1985,0
4388,44.42,14774.1985,14774.1985,0
4393,44.43,14774.1985,14774.1985,0
4398,44.44,14774.1985,14774.1985,0
4405,44.45,14774.1985,14774.1985,0
4420,44.49,14774.1985,14774.1985,0
4428,44.49,14774.1985,14774.1985,0
4437,44.52,14774.1985,14774.1985,0
4449,44.56,14774.1985,14774.1985,0
4454,44.57,14774.1985,14774.1985,0
4457,44.57,14774.1985,14774.1985,0
4459,44.57,14774.1985,14774.1985,0
4470,44.59,14774.1985,14774.1985,0
4472,44.59,14774.1985,14774.1985,0
4473,44.59,14774.1985,14774.1985,0
4474,44.59,14774.1985,14774.1985,0
4476,44.59,14774.1985,14774.1985,0
4482,44.60,14774.1985,14774.1985,0
4489,44.62,14774.1985,14774.1985,0
4496,44.63,14774.1985,14774.1985,0
4501,44.64,14774.1985,14774.1985,0
4502,44.64,14774.1985,14774.1985,0
4506,44.66,14774.1985,14774.1985,0
4507,44.66,14774.1985,14774.1985,0
4512,44.67,14774.1985,14774.1985,0
4514,44.67,14774.1985,14774.1985,0
4517,44.67,14774.1985,14774.1985,0
4519,44.68,14774.1985,14774.1985,0
4521,44.68,14774.1985,14774.1985,0
4527,44.69,14774.1985,14774.1985,0
4530,44.70,14774.1985,14774.1985,0
4543,44.74,14774.1985,14774.1985,0
4546,44.76,14774.1985,14774.1985,0
4552,44.78,14774.1985,14774.1985,0
4557,44.78,14774.1985,14774.1985,0
4566,44.80,14774.1985,14774.1985,0
4570,44.81,14774.1985,14774.1985,0
4572,44.81,14774.1985,14774.1985,0
4577,44.82,14774.1985,14774.1985,0
4583,44.83,14774.1985,14774.1985,0
4620,44.94,14774.1985,14774.1985,0
4629,44.95,14774.1985,14774.1985,0
4630,44.95,14774.1985,14774.1985,0
4634,44.96,14774.1985,14774.1985,0
4652,45.00,14774.1985,14774.1985,0
4655,45.01,14774.1985,14774.1985,0
4660,45.02,14774.1985,14774.1985,0
4668,45.04,14774.1985,14774.1985,0
4675,45.06,14774.1985,14774.1985,0
4679,45.06,14774.1985,14774.1985,0
4692,45.08,14774.1985,14774.1985,0
4697,45.11,14774.1985,14774.1985,0
4698,45.12,14774.1985,14774.1985,0
4699,45.12,14774.1985,14774.1985,0
4707,45.15,14774.1985,14774.1985,0
4716,45.19,14774.1985,14774.1985,0
4719,45.20,14774.1985,14774.1985,0
4727,45.21,14774.1985,14774.1985,0
4728,45.22,14774.1985,14774.1985,0
4730,45.22,14774.1985,14774.1985,0
4733,45.22,14774.1985,14774.1985,0
4735,45.22,14774.1985,14774.1985,0
4739,45.22,14774.1985,14774.1985,1
4743,45.27,14774.1985,14774.1985,0
4750,45.30,14774.1985,14774.1985,0
4754,45.31,14774.1985,14774.1985,0
4778,45.37,14774.1985,14774.1985,0
4779,45.37,14774.1985,14774.1985,0
4782,45.39,14774.1985,14774.1985,0
4810,45.45,14774.1985,14774.1985,0
4812,45.46,14774.1985,14774.1985,0
4814,45.47,14774.1985,14774.1985,0
4817,45.47,14774.1985,14774.1985,0
4820,45.47,14774.1985,14774.1985,0
4824,45.47,14774.1985,14774.1985,0
4834,45.50,14774.1985,14774.1985,0
4837,45.50,14774.1985,14774.1985,0
4842,45.52,14774.1985,14774.1985,0
4852,45.54,14774.1985,14774.1985,0
4853,45.54,14774.1985,14774.1985,0
4854,45.54,14774.1985,14774.1985,0
4860,45.56,14774.1985,14774.1985,0
4871,45.58,14774.1985,14774.1985,0
4890,45.64,14774.1985,14774.1985,0
4905,45.71,14774.1985,14774.1985,0
4912,45.72,14774.1985,14774.1985,0
4919,45.75,14774.1985,14774.1985,0
4921,45.75,14774.1985,14774.1985,0
4924,45.77,14774.1985,14774.1985,0
4929,45.78,14774.1985,14774.1985,0
4948,45.82,14774.1985,14774.1985,0
4951,45.84,14774.1985,14774.1985,0
4986,45.92,14774.1985,14774.1985,0
4998,45.94,14774.1985,14774.1985,0
5003,45.95,14774.1985,14774.1985,0
5019,45.96,14774.1985,14774.1985,0
5023,45.96,14774.1985,14774.1985,0
5031,45.99,14774.1985,14774.1985,0
5034,45.99,14774.1985,14774.1985,0
5041,46.00,14774.1985,14774.1985,0
5063,46.07,14774.1985,14774.1985,0
5067,46.07,14774.1985,14774.1985,0
5077,46.08,14774.1985,14774.1985,0
5083,46.08,14774.1985,14774.1985,0
5086,46.09,14774.1985,14774.1985,0
5090,46.10,14774.1985,14774.1985,0
5094,46.11,14774.1985,14774.1985,0
5113,46.14,14774.1985,14774.1985,0
5114,46.14,14774.1985,14774.1985,0
5117,46.15,14774.1985,14774.1985,0
5121,46.16,14774.1985,14774.1985,0
5126,46.17,14774.1985,14774.1985,0
5131,46.18,14774.1985,14774.1985,0
5135,46.18,14774.1985,14774.1985,0
5142,46.20,14774.1985,14774.1985,0
5150,46.23,14774.1985,14774.1985,0
5154,46.25,14774.1985,14774.1985,0
5166,46.27,14774.1985,14774.1985,0
5171,46.28,14774.1985,14774.1985,0
5175,46.29,14774.1985,14774.1985,0
5177,46.29,14774.1985,14774.1985,0
5179,46.30,14774.1985,14774.1985,0
5186,46.31,14774.1985,14774.1985,0
5190,46.32,14774.1985,14774.1985,0
5196,46.34,14774.1985,14774.1985,0
5200,46.34,14774.1985,14774.1985,0
5203,46.35,14774.1985,14774.1985,0
5212,46.37,14774.1985,14774.1985,0
5213,46.37,14774.1985,14774.1985,0
5225,46.38,14774.1985,14774.1985,0
5241,46.39,14774.1985,14774.1985,0
5244,46.40,14774.1985,14774.1985,0
5246,46.40,14774.1985,14774.1985,0
5252,46.41,14774.1985,14774.1985,0
5253,46.42,14774.1985,14774.1985,0
5254,46.42,14774.1985,14774.1985,0
5264,46.44,14774.1985,14774.1985,0
5265,46.44,14774.1985,14774.1985,0
5273,46.46,14774.1985,14774.1985,0
5282,46.48,14774.1985,14774.1985,0
5294,46.51,14774.1985,14774.1985,0
5303,46.52,14774.1985,14774.1985,0
5304,46.53,14774.1985,14774.1985,0
5323,46.57,14774.1985,14774.1985,0
5333,46.62,14774.1985,14774.1985,0
5344,46.63,14774.1985,14774.1985,0
5357,46.65,14774.1985,14774.1985,0
5363,46.66,14774.1985,14774.1985,0
5364,46.66,14774.1985,14774.1985,0
5369,46.68,14774.1985,14774.1985,0
5379,46.70,14774.1985,14774.1985,0
5383,46.72,14774.1985,14774.1985,0
5388,46.73,14774.1985,14774.1985,0
5393,46.73,14774.1985,14774.1985,0
5401,46.75,14774.1985,14774.1985,0
5409,46.76,14774.1985,14774.1985,0
5416,46.77,14774.1985,14774.1985,0
5422,46.78,14774.1985,14774.1985,0
5426,46.80,14774.1985,14774.1985,0
5430,46.80,14774.1985,14774.1985,0
5438,46.82,14774.1985,14774.1985,0
5439,46.82,14774.1985,14774.1985,0
5445,46.83,14774.1985,14774.1985,0
5457,46.87,14774.1985,14774.1985,0
5483,46.93,14774.1985,14774.1985,0
5489,46.93,14774.1985,14774.1985,0
5501,46.96,14774.1985,14774.1985,0
5509,46.99,14774.1985,14774.1985,0
5513,47.00,14774.1985,14774.1985,0
5514,47.00,14774.1985,14774.1985,0
5515,47.00,14774.1985,14774.1985,0
5518,47.00,14774.1985,14774.1985,0
5526,47.01,14774.1985,14774.1985,0
5531,47.01,14774.1985,14774.1985,0
5532,47.01,14774.1985,14774.1985,0
5539,47.02,14774.1985,14774.1985,0
5555,47.08,14774.1985,14774.1985,0
5579,47.14,14774.1985,14774.1985,0
5583,47.15,14774.1985,14774.1985,0
5584,47.15,14774.1985,14774.1985,0
5590,47.16,14774.1985,14774.1985,0
5591,47.17,14774.1985,14774.1985,0
5598,47.18,14774.1985,14774.1985,0
5599,47.19,14774.1985,14774.1985,0
5601,47.19,14774.1985,14774.1985,0
5606,47.20,14774.1985,14774.1985,0
5609,47.20,14774.1985,14774.1985,0
5622,47.22,14774.1985,14774.1985,0
5624,47.23,14774.1985,14774.1985,0
5626,47.23,14774.1985,14774.1985,0
5638,47.26,14774.1985,14774.1985,0
5648,47.28,14774.1985,14774.1985,0
5650,47.28,14774.1985,14774.1985,0
5655,47.30,14774.1985,14774.1985,0
5667,47.32,14774.1985,14774.1985,0
5683,47.34,14774.1985,14774.1985,0
5685,47.34,14774.1985,14774.1985,0
5691,47.35,14774.1985,14774.1985,0
5695,47.35,14774.1985,14774.1985,0
5696,47.35,14774.1985,14774.1985,0
5697,47.36,14774.1985,14774.1985,0
5709,47.37,14774.1985,14774.1985,0
5718,47.39,14774.1985,14774.1985,0
5724,47.39,14774.1985,14774.1985,0
5737,47.41,14774.1985,14774.1985,0
5747,47.42,14774.1985,14774.1985,0
5753,47.43,14774.1985,14774.1985,0
5757,47.43,14774.1985,14774.1985,0
5761,47.44,14774.1985,14774.1985,0
5783,47.51,14774.1985,14774.1985,0
5786,47.52,14774.1985,14774.1985,0
5787,47.52,14774.1985,14774.1985,0
5792,47.53,14774.1985,14774.1985,0
5794,47.53,14774.1985,14774.1985,0
5809,47.57,14774.1985,14774.1985,0
5819,47.59,14774.1985,14774.1985,0
5821,47.59,14774.1985,14774.1985,0
5832,47.61,14774.1985,14774.1985,0
5841,47.62,14774.1985,14774.1985,0
5847,47.63,14774.1985,14774.1985,0
5848,47.63,14774.1985,14774.1985,0
5850,47.64,14774.1985,14774.1985,0
5851,47.64,14774.1985,14774.1985,0
5854,47.64,14774.1985,14774.1985,0
5860,47.66,14774.1985,14774.1985,0
5866,47.67,14774.1985,14774.1985,0
5883,47.70,14774.1985,14774.1985,0
5887,47.71,14774.1985,14774.1985,0
5891,47.73,14774.1985,14774.1985,0
5901,47.75,14774.1985,14774.1985,0
5909,47.77,14774.1985,14774.1985,0
5911,47.77,14774.1985,14774.1985,0
5919,47.78,14774.1985,14774.1985,0
5920,47.78,14774.1985,14774.1985,0
5922,47.79,14774.1985,14774.1985,0
5926,47.80,14774.1985,14774.1985,0
5938,47.83,14774.1985,14774.1985,0
5961,47.89,14774.1985,14774.1985,0
5964,47.89,14774.1985,14774.1985,0
5980,47.92,14774.1985,14774.1985,0
5987,47.94,14774.1985,14774.1985,0
5989,47.94,14774.1985,14774.1985,0
6001,47.96,14774.1985,14774.1985,0
6005,47.97,14774.1985,14774.1985,0
6016,47.99,14774.1985,14774.1985,0
6019,47.99,14774.1985,14774.1985,0
6021,48.00,14774.1985,14774.1985,0
6044,48.07,14774.1985,14774.1985,0
6049,48.08,14774.1985,14774.1985,0
6053,48.09,14774.1985,14774.1985,0
6054,48.09,14774.1985,14774.1985,0
6055,48.09,14774.1985,14774.1985,0
6062,48.11,14774.1985,14774.1985,0
6077,48.13,14774.1985,14774.1985,0
6086,48.15,14774.1985,14774.1985,0
6090,48.17,14774.1985,14774.1985,0
6092,48.17,14774.1985,14774.1985,0
6093,48.17,14774.1985,14774.1985,0
6096,48.18,14774.1985,14774.1985,0
6111,48.21,14774.1985,14774.1985,0
6116,48.21,14774.1985,14774.1985,0
6123,48.23,14774.1985,14774.1985,0
6126,48.23,14774.1985,14774.1985,0
6127,48.23,14774.1985,14774.1985,0
6128,48.24,14774.1985,14774.1985,0
6131,48.25,14774.1985,14774.1985,0
6135,48.26,14774.1985,14774.1985,0
6139,48.27,14774.1985,14774.1985,0
6147,48.28,14774.1985,14774.1985,0
6150,48.28,14774.1985,14774.1985,0
6162,48.30,14774.1985,14774.1985,0
6180,48.35,14774.1985,14774.1985,0
6183,48.36,14774.1985,14774.1985,0
6185,48.36,14774.1985,14774.1985,0
6190,48.37,14774.1985,14774.1985,0
6216,48.44,14774.1985,14774.1985,0
6222,48.46,14774.1985,14774.1985,0
6223,48.46,14774.1985,14774.1985,0
6228,48.47,14774.1985,14774.1985,0
6237,48.50,14774.1985,14774.1985,0
6239,48.51,14774.1985,14774.1985,0
6249,48.54,14774.1985,14774.1985,0
6267,48.58,14774.1985,14774.1985,0
6270,48.58,14774.1985,14774.1985,0
6279,48.59,14774.1985,14774.1985,0
6281,48.60,14774.1985,14774.1985,0
6286,48.60,14774.1985,14774.1985,0
6289,48.61,14774.1985,14774.1985,0
6290,48.61,14774.1985,14774.1985,0
6295,48.61,14774.1985,14774.1985,0
6297,48.62,14774.1985,14774.1985,0
6299,48.62,14774.1985,14774.1985,0
6301,48.63,14774.1985,14774.1985,0
6303,48.63,14774.1985,14774.1985,0
6308,48.65,14774.1985,14774.1985,0
6309,48.65,14774.1985,14774.1985,0
6327,48.70,14774.1985,14774.1985,0
6330,48.70,14774.1985,14774.1985,0
6331,48.70,14774.1985,14774.1985,0
6332,48.71,14774.1985,14774.1985,0
6333,48.71,14774.1985,14774.1985,0
6337,48.72,14774.1985,14774.1985,0
6340,48.73,14774.1985,14774.1985,0
6348,48.75,14774.1985,14774.1985,0
6357,48.77,14774.1985,14774.1985,0
6366,48.80,14774.1985,14774.1985,0
6367,48.80,14774.1985,14774.1985,0
6373,48.81,14774.1985,14774.1985,0
6375,48.82,14774.1985,14774.1985,0
6377,48.82,14774.1985,14774.1985,0
6380,48.82,14774.1985,14774.1985,0
6383,48.83,14774.1985,14774.1985,0
6392,48.85,14774.1985,14774.1985,0
6396,48.86,14774.1985,14774.1985,0
6401,48.87,14774.1985,14774.1985,0
6421,48.89,14774.1985,14774.1985,0
6424,48.89,14774.1985,14774.1985,0
6427,48.90,14774.1985,14774.1985,0
6431,48.91,14774.1985,14774.1985,0
6436,48.92,14774.1985,14774.1985,0
6467,48.97,14774.1985,14774.1985,0
6472,49.00,14774.1985,14774.1985,0
6475,49.01,14774.1985,14774.1985,0
6484,49.03,14774.1985,14774.1985,0
6497,49.06,14774.1985,14774.1985,0
6499,49.06,14774.1985,14774.1985,0
6517,49.12,14774.1985,14774.1985,0
6524,49.14,14774.1985,14774.1985,0
6530,49.15,14774.1985,14774.1985,0
6538,49.18,14774.1985,14774.1985,0
6550,49.19,14774.1985,14774.1985,0
6552,49.19,14774.1985,14774.1985,0
6562,49.21,14774.1985,14774.1985,0
6563,49.21,14774.1985,14774.1985,0
6568,49.22,14774.1985,14774.1985,0
6569,49.23,14774.1985,14774.1985,0
6570,49.23,14774.1985,14774.1985,0
6574,49.23,14774.1985,14774.1985,0
6584,49.24,14774.1985,14774.1985,0
6587,49.25,14774.1985,14774.1985,0
6595,49.27,14774.1985,14774.1985,0
6597,49.27,14774.1985,14774.1985,0
6600,49.28,14774.1985,14774.1985,0
6609,49.30,14774.1985,14774.1985,0
6610,49.30,14774.1985,14774.1985,0
6611,49.31,14774.1985,14774.1985,0
6618,49.32,14774.1985,14774.1985,0
6620,49.32,14774.1985,14774.1985,0
6624,49.33,14774.1985,14774.1985,0
6638,49.34,14774.1985,14774.1985,0
6654,49.37,14774.1985,14774.1985,0
6661,49.39,14774.1985,14774.1985,0
6664,49.40,14774.1985,14774.1985,0
6671,49.42,14774.1985,14774.1985,0
6673,49.42,14774.1985,14774.1985,0
6681,49.44,14774.1985,14774.1985,0
6682,49.45,14774.1985,14774.1985,0
6689,49.46,14774.1985,14774.1985,0
6699,49.47,14774.1985,14774.1985,0
6701,49.49,14774.1985,14774.1985,0
6705,49.49,14774.1985,14774.1985,0
6706,49.49,14774.1985,14774.1985,0
6707,49.50,14774.1985,14774.1985,0
6710,49.50,14774.1985,14774.1985,0
6711,49.50,14774.1985,14774.1985,0
6715,49.51,14774.1985,14774.1985,0
6725,49.54,14774.1985,14774.1985,0
6731,49.56,14774.1985,14774.1985,0
6733,49.56,14774.1985,14774.1985,0
6738,49.59,14774.1985,14774.1985,0
6739,49.59,14774.1985,14774.1985,0
6752,49.61,14774.1985,14774.1985,0
6755,49.62,14774.1985,14774.1985,0
6758,49.62,14774.1985,14774.1985,0
6759,49.62,14774.1985,14774.1985,0
6760,49.62,14774.1985,14774.1985,0
6763,49.63,14774.1985,14774.1985,0
6770,49.65,14774.1985,14774.1985,0
6776,49.65,14774.1985,14774.1985,0
6779,49.66,14774.1985,14774.1985,0
6785,49.67,14774.1985,14774.1985,0
6797,49.68,14774.1985,14774.1985,0
6802,49.69,14774.1985,14774.1985,0
6829,49.76,14774.1985,14774.1985,0
6833,49.77,14774.1985,14774.1985,0
6835,49.79,14774.1985,14774.1985,0
6836,49.79,14774.1985,14774.1985,0
6840,49.80,14774.1985,14774.1985,0
6842,49.80,14774.1985,14774.1985,0
6847,49.80,14774.1985,14774.1985,0
6848,49.81,14774.1985,14774.1985,0
6859,49.84,14774.1985,14774.1985,0
6863,49.85,14774.1985,14774.1985,0
6888,49.88,14774.1985,14774.1985,0
6889,49.88,14774.1985,14774.1985,0
6895,49.90,14774.1985,14774.1985,0
6899,49.90,14774.1985,14774.1985,0
6912,49.94,14774.1985,14774.1985,0
6914,49.95,14774.1985,14774.1985,0
6930,49.98,14774.1985,14774.1985,0
6939,50.00,14774.1985,14774.1985,0
6941,50.00,14774.1985,14774.1985,0
6943,50.00,14774.1985,14774.1985,0
6954,50.03,14774.1985,14774.1985,0
6958,50.04,14774.1985,14774.1985,0
6971,50.07,14774.1985,14774.1985,0
6982,50.09,14774.1985,14774.1985,0
6987,50.10,14774.1985,14774.1985,0
6990,50.11,14774.1985,14774.1985,0
6994,50.11,14774.1985,14774.1985,0
7005,50.12,14774.1985,14774.1985,0
7006,50.12,14774.1985,14774.1985,0
7013,50.14,14774.1985,14774.1985,0
7019,50.16,14774.1985,14774.1985,0
7026,50.19,14774.1985,14774.1985,0
7028,50.19,14774.1985,14774.1985,0
7030,50.19,14774.1985,14774.1985,0
7036,50.22,14774.1985,14774.1985,0
7040,50.23,14774.1985,14774.1985,0
7054,50.28,14774.1985,14774.1985,0
7058,50.28,14774.1985,14774.1985,0
7063,50.30,14774.1985,14774.1985,0
7065,50.30,14774.1985,14774.1985,0
7066,50.30,14774.1985,14774.1985,0
7067,50.30,14774.1985,14774.1985,0
7073,50.31,14774.1985,14774.1985,0
7074,50.31,14774.1985,14774.1985,0
7083,50.32,14774.1985,14774.1985,0
7091,50.35,14774.1985,14774.1985,0
7098,50.37,14774.1985,14774.1985,0
7099,50.37,14774.1985,14774.1985,0
7110,50.40,14774.1985,14774.1985,0
7111,50.40,14774.1985,14774.1985,0
7126,50.42,14774.1985,14774.1985,0
7129,50.42,14774.1985,14774.1985,0
7132,50.43,14774.1985,14774.1985,0
7135,50.44,14774.1985,14774.1985,0
7144,50.45,14774.1985,14774.1985,0
7145,50.45,14774.1985,14774.1985,0
7148,50.46,14774.1985,14774.1985,0
7150,50.47,14774.1985,14774.1985,0
7152,50.47,14774.1985,14774.1985,0
7179,50.53,14774.1985,14774.1985,0
7189,50.55,14774.1985,14774.1985,0
7191,50.55,14774.1985,14774.1985,0
7201,50.57,14774.1985,14774.1985,0
7205,50.58,14774.1985,14774.1985,0
7215,50.59,14774.1985,14774.1985,0
7225,50.62,14774.1985,14774.1985,0
7226,50.62,14774.1985,14774.1985,0
7245,50.66,14774.1985,14774.1985,0
7246,50.66,14774.1985,14774.1985,0
7257,50.69,14774.1985,14774.1985,0
7266,50.71,14774.1985,14774.1985,0
7267,50.71,14774.1985,14774.1985,0
7276,50.74,14774.1985,14774.1985,0
7278,50.74,14774.1985,14774.1985,0
7285,50.74,14774.1985,14774.1985,0
7288,50.75,14774.1985,14774.1985,0
7294,50.76,14774.1985,14774.1985,0
7306,50.77,14774.1985,14774.1985,0
7310,50.78,14774.1985,14774.1985,0
7313,50.78,14774.1985,14774.1985,0
7316,50.79,14774.1985,14774.1985,0
7320,50.79,14774.1985,14774.1985,0
7329,50.82,14774.1985,14774.1985,0
7332,50.83,14774.1985,14774.1985,0
7345,50.86,14774.1985,14774.1985,0
7348,50.88,14774.1985,14774.1985,0
7355,50.90,14774.1985,14774.1985,0
7364,50.93,14774.1985,14774.1985,0
7374,50.97,14774.1985,14774.1985,0
7378,50.97,14774.1985,14774.1985,0
7384,50.98,14774.1985,14774.1985,0
7394,50.99,14774.1985,14774.1985,0
7398,51.00,14774.1985,14774.1985,0
7415,51.04,14774.1985,14774.1985,0
7423,51.05,14774.1985,14774.1985,0
7427,51.07,14774.1985,14774.1985,0
7431,51.07,14774.1985,14774.1985,0
7433,51.07,14774.1985,14774.1985,0
7434,51.07,14774.1985,14774.1985,0
7450,51.13,14774.1985,14774.1985,0
7453,51.13,14774.1985,14774.1985,0
7461,51.15,14774.1985,14774.1985,0
7480,51.19,14774.1985,14774.1985,0
7506,51.25,14774.1985,14774.1985,0
7507,51.25,14774.1985,14774.1985,0
7516,51.27,14774.1985,14774.1985,0
7522,51.29,14774.1985,14774.1985,0
7524,51.29,14774.1985,14774.1985,0
7536,51.32,14774.1985,14774.1985,0
7550,51.34,14774.1985,14774.1985,0
7554,51.35,14774.1985,14774.1985,0
7561,51.37,14774.1985,14774.1985,0
7569,51.39,14774.1985,14774.1985,0
7571,51.40,14774.1985,14774.1985,0
7574,51.40,14774.1985,14774.1985,0
7575,51.41,14774.1985,14774.1985,0
7577,51.41,14774.1985,14774.1985,0
7593,51.44,14774.1985,14774.1985,0
7604,51.47,14774.1985,14774.1985,0
7609,51.49,14774.1985,14774.1985,0
7612,51.50,14774.1985,14774.1985,0
7614,51.50,14774.1985,14774.1985,0
7628,51.51,14774.1985,14774.1985,0
7632,51.52,14774.1985,14774.1985,0
7648,51.57,14774.1985,14774.1985,0
7652,51.57,14774.1985,14774.1985,0
7653,51.57,14774.1985,14774.1985,0
7658,51.59,14774.1985,14774.1985,0
7674,51.62,14774.1985,14774.1985,0
7684,51.64,14774.1985,14774.1985,0
7687,51.64,14774.1985,14774.1985,0
7691,51.65,14774.1985,14774.1985,0
7710,51.72,14774.1985,14774.1985,0
7717,51.72,14774.1985,14774.1985,0
7719,51.72,14774.1985,14774.1985,0
7722,51.72,14774.1985,14774.1985,0
7723,51.72,14774.1985,14774.1985,0
7724,51.73,14774.1985,14774.1985,0
7733,51.75,14774.1985,14774.1985,0
7740,51.76,14774.1985,14774.1985,1
7742,51.86,14433.9293,14774.1985,0
7748,52.03,14433.9293,14774.1985,0
7749,52.07,14574.2565,14774.1985,0
7753,52.15,14574.2565,14774.1985,0
7756,52.29,14574.2565,14774.1985,0
7760,52.41,14637.2851,14774.1985,0
7763,52.52,14637.2851,14774.1985,0
7770,52.68,14637.2851,14774.1985,0
7777,52.79,14637.2851,14774.1985,0
7784,52.83,14637.2851,14774.1985,0
7787,52.91,14774.1985,14774.1985,0
7794,52.93,14774.1985,14774.1985,0
7795,52.94,14774.1985,14774.1985,0
7804,52.97,14774.1985,14774.1985,0
7805,52.98,14774.1985,14774.1985,0
7813,52.99,14774.1985,14774.1985,0
7828,53.02,14774.1985,14774.1985,0
7857,53.09,14774.1985,14774.1985,0
7859,53.09,14774.1985,14774.1985,0
7860,53.09,14774.1985,14774.1985,0
7868,53.12,14774.1985,14774.1985,0
7883,53.13,14774.1985,14774.1985,0
7891,53.16,14774.1985,14774.1985,0
7893,53.16,14774.1985,14774.1985,0
7894,53.16,14774.1985,14774.1985,0
7899,53.17,14774.1985,14774.1985,0
7918,53.22,14774.1985,14774.1985,0
7919,53.22,14774.1985,14774.1985,0
7920,53.22,14774.1985,14774.1985,0
7925,53.24,14774.1985,14774.1985,0
7931,53.25,14774.1985,14774.1985,0
7935,53.25,14774.1985,14774.1985,0
7936,53.26,14774.1985,14774.1985,0
7951,53.30,14774.1985,14774.1985,0
7958,53.31,14774.1985,14774.1985,0
7961,53.31,14774.1985,14774.1985,0
7965,53.32,14774.1985,14774.1985,0
7968,53.33,14774.1985,14774.1985,0
7970,53.33,14774.1985,14774.1985,0
7975,53.34,14774.1985,14774.1985,0
7977,53.35,14774.1985,14774.1985,0
8002,53.41,14774.1985,14774.1985,0
8008,53.41,14774.1985,14774.1985,0
8010,53.42,14774.1985,14774.1985,0
8011,53.42,14774.1985,14774.1985,0
8014,53.43,14774.1985,14774.1985,0
8015,53.43,14774.1985,14774.1985,0
8021,53.43,14774.1985,14774.1985,0
8026,53.45,14774.1985,14774.1985,0
8027,53.45,14774.1985,14774.1985,0
8031,53.46,14774.1985,14774.1985,0
8039,53.48,14774.1985,14774.1985,0
8040,53.49,14774.1985,14774.1985,0
8041,53.49,14774.1985,14774.1985,0
8054,53.51,14774.1985,14774.1985,0
8056,53.52,14774.1985,14774.1985,0
8058,53.53,14774.1985,14774.1985,0
8067,53.54,14774.1985,14774.1985,0
8073,53.55,14774.1985,14774.1985,0
8078,53.56,14774.1985,14774.1985,0
8088,53.58,14774.1985,14774.1985,0
8098,53.61,14774.1985,14774.1985,0
8115,53.65,14774.1985,14774.1985,0
8142,53.71,14774.1985,14774.1985,0
8149,53.72,14774.1985,14774.1985,0
8153,53.72,14774.1985,14774.1985,0
8161,53.73,14774.1985,14774.1985,0
8182,53.78,14774.1985,14774.1985,0
8199,53.82,14774.1985,14774.1985,0
8205,53.83,14774.1985,14774.1985,0
8208,53.84,14774.1985,14774.1985,0
8209,53.85,14774.1985,14774.1985,0
8221,53.87,14774.1985,14774.1985,0
8228,53.88,14774.1985,14774.1985,0
8232,53.89,14774.1985,14774.1985,0
8239,53.90,14774.1985,14774.1985,0
8247,53.92,14774.1985,14774.1985,0
8250,53.93,14774.1985,14774.1985,0
8251,53.93,14774.1985,14774.1985,0
8253,53.93,14774.1985,14774.1985,0
8255,53.93,14774.1985,14774.1985,0
8258,53.94,14774.1985,14774.1985,0
8262,53.95,14774.1985,14774.1985,0
8263,53.95,14774.1985,14774.1985,0
8268,53.97,14774.1985,14774.1985,0
8270,53.98,14774.1985,14774.1985,0
8282,54.00,14774.1985,14774.1985,0
8283,54.00,14774.1985,14774.1985,0
8284,54.00,14774.1985,14774.1985,0
8285,54.01,14774.1985,14774.1985,0
8289,54.02,14774.1985,14774.1985,0
8294,54.03,14774.1985,14774.1985,0
8297,54.03,14774.1985,14774.1985,0
8334,54.12,14774.1985,14774.1985,0
8339,54.13,14774.1985,14774.1985,0
8340,54.13,14774.1985,14774.1985,0
8347,54.15,14774.1985,14774.1985,0
8348,54.16,14774.1985,14774.1985,0
8352,54.16,14774.1985,14774.1985,0
8362,54.19,14774.1985,14774.1985,0
8363,54.19,14774.1985,14774.1985,0
8368,54.20,14774.1985,14774.1985,0
8378,54.23,14774.1985,14774.1985,0
8382,54.23,14774.1985,14774.1985,0
8399,54.30,14774.1985,14774.1985,0
8412,54.33,14774.1985,14774.1985,0
8415,54.34,14774.1985,14774.1985,0
8419,54.35,14774.1985,14774.1985,0
8422,54.35,14774.1985,14774.1985,0
8424,54.35,14774.1985,14774.1985,0
8440,54.39,14774.1985,14774.1985,0
8447,54.41,14774.1985,14774.1985,0
8459,54.45,14774.1985,14774.1985,0
8461,54.47,14774.1985,14774.1985,0
8475,54.51,14774.1985,14774.1985,0
8480,54.52,14774.1985,14774.1985,0
8481,54.52,14774.1985,14774.1985,0
8482,54.52,14774.1985,14774.1985,0
8486,54.53,14774.1985,14774.1985,0
8490,54.54,14774.1985,14774.1985,0
8491,54.54,14774.1985,14774.1985,0
8496,54.55,14774.1985,14774.1985,0
8506,54.57,14774.1985,14774.1985,0
8521,54.61,14774.1985,14774.1985,0
8528,54.63,14774.1985,14774.1985,0
8532,54.65,14774.1985,14774.1985,0
8537,54.66,14774.1985,14774.1985,0
8547,54.67,14774.1985,14774.1985,0
8558,54.69,14774.1985,14774.1985,0
8561,54.69,14774.1985,14774.1985,0
8572,54.72,14774.1985,14774.1985,0
8574,54.72,14774.1985,14774.1985,0
8576,54.72,14774.1985,14774.1985,0
8580,54.73,14774.1985,14774.1985,0
8581,54.74,14774.1985,14774.1985,0
8594,54.75,14774.1985,14774.1985,0
8595,54.76,14774.1985,14774.1985,0
8609,54.79,14774.1985,14774.1985,0
8622,54.83,14774.1985,14774.1985,0
8630,54.85,14774.1985,14774.1985,0
8639,54.87,14774.1985,14774.1985,0
8641,54.88,14774.1985,14774.1985,0
8650,54.90,14774.1985,14774.1985,0
8652,54.91,14774.1985,14774.1985,0
8661,54.92,14774.1985,14774.1985,0
8663,54.92,14774.1985,14774.1985,0
8671,54.95,14774.1985,14774.1985,0
8672,54.96,14774.1985,14774.1985,0
8677,54.97,14774.1985,14774.1985,0
8678,54.97,14774.1985,14774.1985,0
8680,54.99,14774.1985,14774.1985,0
8681,54.99,14774.1985,14774.1985,0
8704,55.02,14774.1985,14774.1985,0
8716,55.04,14774.1985,14774.1985,0
8721,55.05,14774.1985,14774.1985,0
8723,55.06,14774.1985,14774.1985,0
8736,55.10,14774.1985,14774.1985,0
8745,55.11,14774.1985,14774.1985,0
8753,55.12,14774.1985,14774.1985,0
8759,55.14,14774.1985,14774.1985,0
8770,55.16,14774.1985,14774.1985,0
8777,55.18,14774.1985,14774.1985,0
8779,55.18,14774.1985,14774.1985,0
8780,55.18,14774.1985,14774.1985,0
8792,55.19,14774.1985,14774.1985,0
8805,55.23,14774.1985,14774.1985,0
8810,55.23,14774.1985,14774.1985,0
8814,55.25,14774.1985,14774.1985,0
8830,55.27,14774.1985,14774.1985,0
8831,55.27,14774.1985,14774.1985,0
8835,55.28,14774.1985,14774.1985,0
8840,55.28,14774.1985,14774.1985,0
8841,55.29,14774.1985,14774.1985,0
8850,55.31,14774.1985,14774.1985,0
8854,55.32,14774.1985,14774.1985,0
8859,55.33,14774.1985,14774.1985,0
8865,55.34,14774.1985,14774.1985,0
8868,55.34,14774.1985,14774.1985,0
8875,55.37,14774.1985,14774.1985,0
8878,55.37,14774.1985,14774.1985,0
8883,55.38,14774.1985,14774.1985,0
8893,55.40,14774.1985,14774.1985,0
8895,55.40,14774.1985,14774.1985,0
8913,55.43,14774.1985,14774.1985,0
8917,55.43,14774.1985,14774.1985,0
8925,55.46,14774.1985,14774.1985,0
8931,55.47,14774.1985,14774.1985,0
8949,55.51,14774.1985,14774.1985,0
8951,55.51,14774.1985,14774.1985,0
8953,55.52,14774.1985,14774.1985,0
8958,55.52,14774.1985,14774.1985,0
8959,55.52,14774.1985,14774.1985,0
8961,55.53,14774.1985,14774.1985,0
8964,55.54,14774.1985,14774.1985,0
8967,55.55,14774.1985,14774.1985,0
8977,55.56,14774.1985,14774.1985,0
8984,55.57,14774.1985,14774.1985,0
8987,55.57,14774.1985,14774.1985,0
8988,55.57,14774.1985,14774.1985,0
9001,55.60,14774.1985,14774.1985,0
9009,55.63,14774.1985,14774.1985,0
9014,55.63,14774.1985,14774.1985,0
9025,55.65,14774.1985,14774.1985,0
9053,55.71,14774.1985,14774.1985,0
9054,55.71,14774.1985,14774.1985,0
9057,55.71,14774.1985,14774.1985,0
9061,55.72,14774.1985,14774.1985,0
9062,55.72,14774.1985,14774.1985,0
9073,55.74,14774.1985,14774.1985,0
9081,55.75,14774.1985,14774.1985,0
9082,55.75,14774.1985,14774.1985,0
9085,55.76,14774.1985,14774.1985,0
9087,55.77,14774.1985,14774.1985,0
9088,55.77,14774.1985,14774.1985,0
9096,55.78,14774.1985,14774.1985,0
9105,55.81,14774.1985,14774.1985,0
9108,55.81,14774.1985,14774.1985,0
9109,55.81,14774.1985,14774.1985,0
9118,55.82,14774.1985,14774.1985,0
9129,55.83,14774.1985,14774.1985,0
9131,55.84,14774.1985,14774.1985,0
9143,55.86,14774.1985,14774.1985,0
9155,55.88,14774.1985,14774.1985,0
9162,55.90,14774.1985,14774.1985,0
9164,55.91,14774.1985,14774.1985,0
9165,55.91,14774.1985,14774.1985,0
9169,55.91,14774.1985,14774.1985,0
9186,55.97,14774.1985,14774.1985,0
9188,55.97,14774.1985,14774.1985,0
9192,55.97,14774.1985,14774.1985,0
9200,55.98,14774.1985,14774.1985,0
9203,55.98,14774.1985,14774.1985,0
9208,55.99,14774.1985,14774.1985,0
9216,56.01,14774.1985,14774.1985,0
9236,56.05,14774.1985,14774.1985,0
9237,56.05,14774.1985,14774.1985,0
9241,56.06,14774.1985,14774.1985,0
9242,56.06,14774.1985,14774.1985,0
9244,56.06,14774.1985,14774.1985,0
9248,56.07,14774.1985,14774.1985,0
9254,56.09,14774.1985,14774.1985,0
9258,56.09,14774.1985,14774.1985,0
9260,56.09,14774.1985,14774.1985,0
9269,56.11,14774.1985,14774.1985,0
9280,56.15,14774.1985,14774.1985,0
9284,56.16,14774.1985,14774.1985,0
9287,56.17,14774.1985,14774.1985,0
9289,56.18,14774.1985,14774.1985,0
9290,56.18,14774.1985,14774.1985,0
9297,56.18,14774.1985,14774.1985,0
9308,56.20,14774.1985,14774.1985,0
9317,56.22,14774.1985,14774.1985,0
9321,56.22,14774.1985,14774.1985,0
9328,56.23,14774.1985,14774.1985,0
9336,56.26,14774.1985,14774.1985,0
9337,56.26,14774.1985,14774.1985,0
9339,56.26,14774.1985,14774.1985,0
9359,56.31,14774.1985,14774.1985,0
9364,56.32,14774.1985,14774.1985,0
9366,56.32,14774.1985,14774.1985,0
9383,56.35,14774.1985,14774.1985,0
9384,56.36,14774.1985,14774.1985,0
9388,56.37,14774.1985,14774.1985,0
9391,56.37,14774.1985,14774.1985,0
9407,56.39,14774.1985,14774.1985,0
9409,56.39,14774.1985,14774.1985,0
9416,56.43,14774.1985,14774.1985,0
9417,56.43,14774.1985,14774.1985,0
9420,56.43,14774.1985,14774.1985,0
9436,56.46,14774.1985,14774.1985,0
9439,56.46,14774.1985,14774.1985,0
9441,56.46,14774.1985,14774.1985,0
9446,56.48,14774.1985,14774.1985,0
9451,56.49,14774.1985,14774.1985,0
9467,56.53,14774.1985,14774.1985,0
9471,56.55,14774.1985,14774.1985,0
9473,56.55,14774.1985,14774.1985,0
9478,56.55,14774.1985,14774.1985,0
9480,56.56,14774.1985,14774.1985,0
9487,56.59,14774.1985,14774.1985,0
9489,56.59,14774.1985,14774.1985,0
9492,56.60,14774.1985,14774.1985,0
9495,56.60,14774.1985,14774.1985,0
9499,56.61,14774.1985,14774.1985,0
9513,56.63,14774.1985,14774.1985,0
9514,56.63,14774.1985,14774.1985,0
9516,56.64,14774.1985,14774.1985,0
9534,56.69,14774.1985,14774.1985,0
9535,56.69,14774.1985,14774.1985,0
9536,56.69,14774.1985,14774.1985,0
9541,56.70,14774.1985,14774.1985,0
9558,56.73,14774.1985,14774.1985,0
9559,56.73,14774.1985,14774.1985,0
9567,56.74,14774.1985,14774.1985,0
9574,56.75,14774.1985,14774.1985,0
9585,56.79,14774.1985,14774.1985,0
9597,56.80,14774.1985,14774.1985,0
9614,56.83,14774.1985,14774.1985,0
9619,56.85,14774.1985,14774.1985,0
9620,56.85,14774.1985,14774.1985,0
9623,56.85,14774.1985,14774.1985,0
9633,56.88,14774.1985,14774.1985,0
9634,56.88,14774.1985,14774.1985,0
9641,56.90,14774.1985,14774.1985,0
9642,56.90,14774.1985,14774.1985,0
9652,56.94,14774.1985,14774.1985,0
9657,56.96,14774.1985,14774.1985,0
9658,56.96,14774.1985,14774.1985,0
9662,56.96,14774.1985,14774.1985,0
9668,56.99,14774.1985,14774.1985,0
9674,57.00,14774.1985,14774.1985,0
9676,57.00,14774.1985,14774.1985,0
9678,57.00,14774.1985,14774.1985,0
9686,57.02,14774.1985,14774.1985,0
9695,57.02,14774.1985,14774.1985,0
9697,57.03,14774.1985,14774.1985,0
9698,57.03,14774.1985,14774.1985,0
9703,57.04,14774.1985,14774.1985,0
9717,57.07,14774.1985,14774.1985,0
9722,57.09,14774.1985,14774.1985,0
9727,57.10,14774.1985,14774.1985,0
9738,57.13,14774.1985,14774.1985,0
9744,57.15,14774.1985,14774.1985,0
9764,57.19,14774.1985,14774.1985,0
9766,57.20,14774.1985,14774.1985,0
9771,57.21,14774.1985,14774.1985,0
9773,57.22,14774.1985,14774.1985,0
9774,57.22,14774.1985,14774.1985,0
9779,57.23,14774.1985,14774.1985,0
9782,57.24,14774.1985,14774.1985,0
9794,57.28,14774.1985,14774.1985,0
9802,57.29,14774.1985,14774.1985,0
9805,57.30,14774.1985,14774.1985,0
9808,57.31,14774.1985,14774.1985,0
9809,57.31,14774.1985,14774.1985,0
9813,57.32,14774.1985,14774.1985,0
9815,57.33,14774.1985,14774.1985,0
9863,57.40,14774.1985,14774.1985,0
9871,57.42,14774.1985,14774.1985,0
9875,57.42,14774.1985,14774.1985,0
9882,57.43,14774.1985,14774.1985,0
9910,57.48,14774.1985,14774.1985,0
9912,57.49,14774.1985,14774.1985,0
9920,57.50,14774.1985,14774.1985,0
9925,57.52,14774.1985,14774.1985,0
9948,57.56,14774.1985,14774.1985,0
9955,57.58,14774.1985,14774.1985,0
9966,57.60,14774.1985,14774.1985,0
9977,57.62,14774.1985,14774.1985,0
9983,57.65,14774.1985,14774.1985,0
10004,57.68,14774.1985,14774.1985,0
10009,57.68,14774.1985,14774.1985,0
10015,57.75,14774.1985,14774.1985,0
10030,57.79,14774.1985,14774.1985,0
10036,57.80,14774.1985,14774.1985,0
10037,57.80,14774.1985,14774.1985,0
10038,57.81,14774.1985,14774.1985,0
10042,57.82,14774.1985,14774.1985,0
10052,57.84,14774.1985,14774.1985,0
10058,57.87,14774.1985,14774.1985,0
10061,57.87,14774.1985,14774.1985,0
10064,57.88,14774.1985,14774.1985,0
10069,57.90,14774.1985,14774.1985,0
10082,57.93,14774.1985,14774.1985,0
10086,57.94,14774.1985,14774.1985,0
10092,57.96,14774.1985,14774.1985,0
10095,57.96,14774.1985,14774.1985,0
10103,57.99,14774.1985,14774.1985,0
10107,57.99,14774.1985,14774.1985,0
10109,58.00,14774.1985,14774.1985,0
10115,58.03,14774.1985,14774.1985,0
10122,58.04,14774.1985,14774.1985,0
10123,58.04,14774.1985,14774.1985,0
10132,58.06,14774.1985,14774.1985,0
10149,58.09,14774.1985,14774.1985,0
10152,58.10,14774.1985,14774.1985,0
10157,58.12,14774.1985,14774.1985,0
10161,58.13,14774.1985,14774.1985,0
10173,58.18,14774.1985,14774.1985,0
10176,58.19,14774.1985,14774.1985,0
10196,58.28,14774.1985,14774.1985,0
10199,58.29,14774.1985,14774.1985,0
10205,58.30,14774.1985,14774.1985,0
10210,58.32,14774.1985,14774.1985,0
10221,58.34,14774.1985,14774.1985,0
10223,58.34,14774.1985,14774.1985,0
10224,58.34,14774.1985,14774.1985,0
10246,58.38,14774.1985,14774.1985,0
10249,58.39,14774.1985,14774.1985,0
10250,58.39,14774.1985,14774.1985,0
10251,58.39,14774.1985,14774.1985,0
10292,58.50,14774.1985,14774.1985,0
10301,58.52,14774.1985,14774.1985,0
10303,58.52,14774.1985,14774.1985,0
10307,58.53,14774.1985,14774.1985,0
10309,58.53,14774.1985,14774.1985,0
10318,58.56,14774.1985,14774.1985,0
10319,58.56,14774.1985,14774.1985,0
10327,58.58,14774.1985,14774.1985,0
10329,58.59,14774.1985,14774.1985,0
10332,58.59,14774.1985,14774.1985,0
10335,58.60,14774.1985,14774.1985,0
10340,58.62,14774.1985,14774.1985,0
10343,58.62,14774.1985,14774.1985,0
10348,58.64,14774.1985,14774.1985,0
10353,58.65,14774.1985,14774.1985,0
10355,58.66,14774.1985,14774.1985,0
10358,58.67,14774.1985,14774.1985,0
10360,58.67,14774.1985,14774.1985,0
10367,58.68,14774.1985,14774.1985,0
10372,58.70,14774.1985,14774.1985,0
10374,58.70,14774.1985,14774.1985,0
10389,58.72,14774.1985,14774.1985,0
10399,58.75,14774.1985,14774.1985,0
10405,58.75,14774.1985,14774.1985,0
10406,58.75,14774.1985,14774.1985,0
10407,58.76,14774.1985,14774.1985,0
10415,58.77,14774.1985,14774.1985,0
10419,58.78,14774.1985,14774.1985,0
10433,58.80,14774.1985,14774.1985,0
10434,58.81,14774.1985,14774.1985,0
10436,58.81,14774.1985,14774.1985,0
10440,58.82,14774.1985,14774.1985,0
10441,58.82,14774.1985,14774.1985,0
10443,58.82,14774.1985,14774.1985,0
10444,58.82,14774.1985,14774.1985,0
10450,58.84,14774.1985,14774.1985,0
10451,58.84,14774.1985,14774.1985,0
10458,58.85,14774.1985,14774.1985,0
10460,58.85,14774.1985,14774.1985,0
10462,58.86,14774.1985,14774.1985,0
10472,58.88,14774.1985,14774.1985,0
10473,58.89,14774.1985,14774.1985,0
10485,58.90,14774.1985,14774.1985,0
10493,58.92,14774.1985,14774.1985,0
10501,58.93,14774.1985,14774.1985,0
10505,58.95,14774.1985,14774.1985,0
10521,58.99,14774.1985,14774.1985,0
10527,59.00,14774.1985,14774.1985,0
10536,59.01,14774.1985,14774.1985,0
10545,59.04,14774.1985,14774.1985,0
10548,59.05,14774.1985,14774.1985,0
10569,59.09,14774.1985,14774.1985,0
10586,59.13,14774.1985,14774.1985,0
10587,59.14,14774.1985,14774.1985,0
10595,59.15,14774.1985,14774.1985,0
10606,59.18,14774.1985,14774.1985,0
10626,59.22,14774.1985,14774.1985,0
10640,59.24,14774.1985,14774.1985,0
10642,59.24,14774.1985,14774.1985,0
10643,59.24,14774.1985,14774.1985,0
10645,59.24,14774.1985,14774.1985,0
10647,59.25,14774.1985,14774.1985,0
10663,59.28,14774.1985,14774.1985,0
10668,59.30,14774.1985,14774.1985,0
10669,59.30,14774.1985,14774.1985,0
10670,59.30,14774.1985,14774.1985,0
10682,59.32,14774.1985,14774.1985,0
10685,59.33,14774.1985,14774.1985,0
10689,59.34,14774.1985,14774.1985,0
10696,59.35,14774.1985,14774.1985,0
10698,59.36,14774.1985,14774.1985,0
10714,59.40,14774.1985,14774.1985,0
10716,59.40,14774.1985,14774.1985,0
10717,59.40,14774.1985,14774.1985,0
10742,59.46,14774.1985,14774.1985,0
10752,59.49,14774.1985,14774.1985,0
10755,59.50,14774.1985,14774.1985,0
10756,59.50,14774.1985,14774.1985,0
10773,59.56,14774.1985,14774.1985,0
10778,59.57,14774.1985,14774.1985,0
10779,59.57,14774.1985,14774.1985,0
10785,59.59,14774.1985,14774.1985,0
10787,59.59,14774.1985,14774.1985,0
10788,59.59,14774.1985,14774.1985,1
10789,59.67,14157.4550,14774.1985,0
10792,59.78,14157.4550,14774.1985,0
10793,59.82,14383.4107,14774.1985,0
10801,60.00,14383.4107,14774.1985,0
10807,60.08,14654.0378,14774.1985,0
10809,60.13,14654.0378,14774.1985,0
10810,60.18,14654.0378,14774.1985,0
10811,60.20,14654.0378,14774.1985,0
10818,60.39,14654.0378,14774.1985,0
10830,60.50,14654.0378,14774.1985,0
10834,60.55,14654.0378,14774.1985,0
10838,60.62,14654.0378,14774.1985,0
10839,60.64,14654.0378,14774.1985,0
10843,60.64,14654.0378,14774.1985,0
10844,60.64,14654.0378,14774.1985,0
10853,60.69,14654.0378,14774.1985,0
10854,60.70,14654.0378,14774.1985,0
10855,60.70,14654.0378,14774.1985,0
10859,60.74,14654.0378,14774.1985,0
10865,60.75,14654.0378,14774.1985,0
10873,60.79,14654.0378,14774.1985,0
10874,60.79,14654.0378,14774.1985,0
10880,60.80,14654.0378,14774.1985,0
10884,60.90,14654.0378,14774.1985,0
10887,60.91,14654.0378,14774.1985,0
10897,61.00,14654.0378,14774.1985,0
10918,61.07,14654.0378,14774.1985,0
10924,61.08,14654.0378,14774.1985,0
10927,61.09,14654.0378,14774.1985,0
10934,61.10,14654.0378,14774.1985,0
10950,61.21,14654.0378,14774.1985,0
10952,61.21,14654.0378,14774.1985,0
10954,61.22,14654.0378,14774.1985,0
10964,61.28,14654.0378,14774.1985,0
10967,61.34,14705.2023,14774.1985,0
10968,61.38,14705.2023,14774.1985,0
10970,61.41,14705.2023,14774.1985,0
10975,61.46,14725.0063,14774.1985,0
10991,61.67,14725.0063,14774.1985,0
10992,61.68,14725.0063,14774.1985,0
10997,61.76,14759.4323,14774.1985,0
11001,61.84,14759.4323,14774.1985,0
11011,61.98,14759.4323,14774.1985,0
11017,62.06,14759.4323,14774.1985,0
11020,62.06,14759.4323,14774.1985,0
11026,62.13,14759.4323,14774.1985,0
11041,62.19,14759.4323,14774.1985,0
11062,62.35,14759.4323,14774.1985,0
11069,62.36,14759.4323,14774.1985,0
11070,62.36,14759.4323,14774.1985,0
11086,62.49,14759.4323,14774.1985,0
11090,62.49,14759.4323,14774.1985,0
11105,62.52,14759.4323,14774.1985,0
11112,62.53,14759.4323,14774.1985,0
11140,62.62,14759.4323,14774.1985,0
11142,62.62,14759.4323,14774.1985,0
11145,62.62,14759.4323,14774.1985,0
11146,62.62,14759.4323,14774.1985,0
11163,62.65,14759.4323,14774.1985,0
11169,62.68,14759.4323,14774.1985,0
11171,62.68,14759.4323,14774.1985,0
11175,62.68,14759.4323,14774.1985,0
11181,62.78,14759.4323,14774.1985,0
11182,62.78,14759.4323,14774.1985,0
11184,62.79,14759.4323,14774.1985,0
11187,62.79,14759.4323,14774.1985,0
11191,62.79,14759.4323,14774.1985,0
11218,62.88,14759.4323,14774.1985,0
11225,62.89,14759.4323,14774.1985,0
11229,62.90,14759.4323,14774.1985,0
11252,62.97,14759.4323,14774.1985,0
11254,62.97,14759.4323,14774.1985,0
11255,62.97,14759.4323,14774.1985,0
11259,62.98,14759.4323,14774.1985,0
11281,63.04,14759.4323,14774.1985,0
11284,63.05,14759.4323,14774.1985,0
11286,63.05,14759.4323,14774.1985,0
11287,63.05,14759.4323,14774.1985,0
11304,63.10,14759.4323,14774.1985,0
11308,63.11,14759.4323,14774.1985,0
11311,63.12,14759.4323,14774.1985,0
11325,63.14,14759.4323,14774.1985,0
11345,63.18,14759.4323,14774.1985,0
11348,63.18,14759.4323,14774.1985,0
11359,63.21,14759.4323,14774.1985,0
11361,63.21,14759.4323,14774.1985,0
11362,63.21,14759.4323,14774.1985,0
11379,63.24,14759.4323,14774.1985,0
11396,63.28,14759.4323,14774.1985,0
11401,63.28,14759.4323,14774.1985,0
11419,63.34,14759.4323,14774.1985,0
11424,63.35,14759.4323,14774.1985,0
11441,63.38,14759.4323,14774.1985,0
11454,63.40,14759.4323,14774.1985,0
11456,63.40,14759.4323,14774.1985,0
11464,63.49,14759.4323,14774.1985,0
11490,63.58,14759.4323,14774.1985,0
11506,63.67,14759.4323,14774.1985,0
11509,63.68,14759.4323,14774.1985,0
11514,63.69,14759.4323,14774.1985,0
11516,63.69,14759.4323,14774.1985,0
11519,63.70,14759.4323,14774.1985,0
11539,63.73,14759.4323,14774.1985,0
11558,63.79,14759.4323,14774.1985,0
11562,63.80,14759.4323,14774.1985,0
11576,63.87,14759.4323,14774.1985,0
11586,63.89,14759.4323,14774.1985,0
11587,63.89,14759.4323,14774.1985,0
11591,63.91,14759.4323,14774.1985,0
11598,63.92,14759.4323,14774.1985,0
11605,63.97,14759.4323,14774.1985,0
11608,63.97,14759.4323,14774.1985,0
11610,63.97,14759.4323,14774.1985,0
11647,64.03,14759.4323,14774.1985,0
11648,64.03,14759.4323,14774.1985,0
11652,64.04,14759.4323,14774.1985,0
11653,64.05,14759.4323,14774.1985,0
11654,64.05,14759.4323,14774.1985,0
11655,64.05,14759.4323,14774.1985,0
11685,64.13,14759.4323,14774.1985,0
11691,64.15,14759.4323,14774.1985,0
11716,64.22,14759.4323,14774.1985,0
11718,64.22,14759.4323,14774.1985,0
11725,64.23,14759.4323,14774.1985,0
11735,64.26,14759.4323,14774.1985,0
11748,64.28,14759.4323,14774.1985,0
11756,64.30,14759.4323,14774.1985,0
11759,64.31,14759.4323,14774.1985,0
11764,64.32,14759.4323,14774.1985,0
11772,64.33,14759.4323,14774.1985,0
11781,64.34,14759.4323,14774.1985,0
11786,64.35,14759.4323,14774.1985,0
11807,64.39,14759.4323,14774.1985,0
11816,64.41,14759.4323,14774.1985,0
11833,64.44,14759.4323,14774.1985,0
11836,64.45,14759.4323,14774.1985,0
11852,64.47,14759.4323,14774.1985,0
11853,64.47,14759.4323,14774.1985,0
11861,64.47,14759.4323,14774.1985,0
11873,64.50,14759.4323,14774.1985,0
11880,64.52,14759.4323,14774.1985,0
11883,64.52,14759.4323,14774.1985,0
11893,64.55,14759.4323,14774.1985,0
11896,64.55,14759.4323,14774.1985,0
11897,64.56,14759.4323,14774.1985,0
11913,64.58,14759.4323,14774.1985,0
11915,64.58,14759.4323,14774.1985,0
11927,64.60,14759.4323,14774.1985,0
11929,64.61,14759.4323,14774.1985,0
11936,64.63,14759.4323,14774.1985,0
11970,64.69,14759.4323,14774.1985,0
11978,64.70,14759.4323,14774.1985,0
12007,64.76,14759.4323,14774.1985,0
12013,64.77,14759.4323,14774.1985,0
12050,64.84,14759.4323,14774.1985,0
12071,64.90,14759.4323,14774.1985,0
12072,64.90,14759.4323,14774.1985,0
12083,64.92,14759.4323,14774.1985,0
12090,64.93,14759.4323,14774.1985,0
12098,64.94,14759.4323,14774.1985,0
12099,64.94,14759.4323,14774.1985,0
12132,65.00,14759.4323,14774.1985,0
12150,65.03,14759.4323,14774.1985,0
12162,65.05,14759.4323,14774.1985,0
12173,65.08,14759.4323,14774.1985,0
12186,65.11,14759.4323,14774.1985,0
12203,65.15,14759.4323,14774.1985,0
12238,65.20,14759.4323,14774.1985,0
12240,65.21,14759.4323,14774.1985,0
12241,65.22,14759.4323,14774.1985,0
12254,65.25,14759.4323,14774.1985,0
12257,65.26,14759.4323,14774.1985,0
12265,65.28,14759.4323,14774.1985,0
12288,65.32,14759.4323,14774.1985,0
12312,65.37,14759.4323,14774.1985,0
12317,65.38,14759.4323,14774.1985,0
12323,65.39,14759.4323,14774.1985,0
12325,65.39,14759.4323,14774.1985,0
12328,65.39,14759.4323,14774.1985,0
12338,65.40,14759.4323,14774.1985,0
12342,65.41,14759.4323,14774.1985,0
12345,65.41,14759.4323,14774.1985,0
12347,65.41,14759.4323,14774.1985,0
12349,65.42,14759.4323,14774.1985,0
12371,65.49,14759.4323,14774.1985,0
12373,65.49,14759.4323,14774.1985,0
12379,65.50,14759.4323,14774.1985,0
12380,65.50,14759.4323,14774.1985,0
12390,65.51,14759.4323,14774.1985,0
12402,65.54,14759.4323,14774.1985,0
12405,65.54,14759.4323,14774.1985,0
12423,65.58,14759.4323,14774.1985,0
12426,65.58,14759.4323,14774.1985,0
12427,65.58,14759.4323,14774.1985,0
12432,65.59,14759.4323,14774.1985,0
12434,65.59,14759.4323,14774.1985,0
12478,65.66,14759.4323,14774.1985,0
12479,65.66,14759.4323,14774.1985,0
12490,65.69,14759.4323,14774.1985,0
12496,65.69,14759.4323,14774.1985,0
12500,65.70,14759.4323,14774.1985,0
12506,65.71,14759.4323,14774.1985,0
12526,65.74,14759.4323,14774.1985,0
12534,65.77,14759.4323,14774.1985,0
12547,65.79,14759.4323,14774.1985,0
12549,65.79,14759.4323,14774.1985,0
12550,65.79,14759.4323,14774.1985,0
12557,65.80,14759.4323,14774.1985,0
12561,65.80,14759.4323,14774.1985,0
12566,65.81,14759.4323,14774.1985,0
12571,65.81,14759.4323,14774.1985,0
12572,65.82,14759.4323,14774.1985,0
12582,65.84,14759.4323,14774.1985,0
12601,65.87,14759.4323,14774.1985,0
12609,65.89,14759.4323,14774.1985,0
12638,65.98,14759.4323,14774.1985,0
12642,65.99,14759.4323,14774.1985,0
12673,66.04,14759.4323,14774.1985,0
12679,66.05,14759.4323,14774.1985,0
12694,66.07,14759.4323,14774.1985,0
12711,66.10,14759.4323,14774.1985,0
12718,66.11,14759.4323,14774.1985,0
12721,66.11,14759.4323,14774.1985,0
12729,66.13,14759.4323,14774.1985,0
12736,66.13,14759.4323,14774.1985,0
12741,66.14,14759.4323,14774.1985,0
12742,66.14,14759.4323,14774.1985,0
12791,66.26,14759.4323,14774.1985,0
12792,66.26,14759.4323,14774.1985,0
12796,66.27,14759.4323,14774.1985,0
12807,66.28,14759.4323,14774.1985,0
12810,66.29,14759.4323,14774.1985,0
12817,66.32,14759.4323,14774.1985,0
12840,66.36,14759.4323,14774.1985,0
12841,66.36,14759.4323,14774.1985,0
12862,66.40,14759.4323,14774.1985,0
12875,66.43,14759.4323,14774.1985,0
12886,66.47,14759.4323,14774.1985,0
12890,66.48,14759.4323,14774.1985,0
12912,66.53,14759.4323,14774.1985,0
12927,66.55,14759.4323,14774.1985,0
12938,66.57,14759.4323,14774.1985,0
12945,66.58,14759.4323,14774.1985,0
12960,66.60,14759.4323,14774.1985,0
12963,66.61,14759.4323,14774.1985,0
12971,66.62,14759.4323,14774.1985,0
12982,66.65,14759.4323,14774.1985,0
12983,66.65,14759.4323,14774.1985,0
12993,66.67,14759.4323,14774.1985,0
13019,66.73,14759.4323,14774.1985,0
13076,66.86,14759.4323,14774.1985,0
13086,66.89,14759.4323,14774.1985,0
13089,66.89,14759.4323,14774.1985,0
13127,66.97,14759.4323,14774.1985,0
13157,67.02,14759.4323,14774.1985,0
13162,67.02,14759.4323,14774.1985,0
13167,67.03,14759.4323,14774.1985,0
13173,67.03,14759.4323,14774.1985,0
13182,67.05,14759.4323,14774.1985,0
13186,67.05,14759.4323,14774.1985,0
13188,67.05,14759.4323,14774.1985,0
13202,67.06,14759.4323,14774.1985,0
13205,67.07,14759.4323,14774.1985,0
13219,67.10,14759.4323,14774.1985,0
13220,67.10,14759.4323,14774.1985,0
13224,67.11,14759.4323,14774.1985,0
13249,67.14,14759.4323,14774.1985,0
13251,67.14,14759.4323,14774.1985,0
13252,67.14,14759.4323,14774.1985,0
13255,67.15,14759.4323,14774.1985,0
13260,67.16,14759.4323,14774.1985,0
13274,67.19,14759.4323,14774.1985,0
13282,67.20,14759.4323,14774.1985,0
13284,67.20,14759.4323,14774.1985,0
13299,67.24,14759.4323,14774.1985,0
13300,67.24,14759.4323,14774.1985,0
13308,67.26,14759.4323,14774.1985,0
13316,67.27,14759.4323,14774.1985,0
13322,67.28,14759.4323,14774.1985,0
13324,67.28,14759.4323,14774.1985,0
13335,67.29,14759.4323,14774.1985,0
13339,67.30,14759.4323,14774.1985,0
13342,67.30,14759.4323,14774.1985,0
13345,67.31,14759.4323,14774.1985,0
13356,67.32,14759.4323,14774.1985,0
13374,67.36,14759.4323,14774.1985,0
13381,67.38,14759.4323,14774.1985,0
13394,67.40,14759.4323,14774.1985,0
13417,67.47,14759.4323,14774.1985,0
13434,67.49,14759.4323,14774.1985,0
13435,67.49,14759.4323,14774.1985,0
13446,67.52,14759.4323,14774.1985,0
13472,67.56,14759.4323,14774.1985,0
13474,67.56,14759.4323,14774.1985,0
13481,67.58,14759.4323,14774.1985,0
13489,67.60,14759.4323,14774.1985,0
13492,67.60,14759.4323,14774.1985,0
13499,67.61,14759.4323,14774.1985,0
13536,67.67,14759.4323,14774.1985,0
13542,67.68,14759.4323,14774.1985,0
13545,67.68,14759.4323,14774.1985,0
13553,67.69,14759.4323,14774.1985,0
13557,67.70,14759.4323,14774.1985,0
13564,67.70,14759.4323,14774.1985,0
13577,67.74,14759.4323,14774.1985,0
13585,67.75,14759.4323,14774.1985,0
13587,67.76,14759.4323,14774.1985,0
13589,67.76,14759.4323,14774.1985,0
13590,67.76,14759.4323,14774.1985,0
13593,67.77,14759.4323,14774.1985,0
13598,67.78,14759.4323,14774.1985,0
13602,67.79,14759.4323,14774.1985,0
13612,67.81,14759.4323,14774.1985,0
13615,67.81,14759.4323,14774.1985,0
13619,67.81,14759.4323,14774.1985,0
13624,67.82,14759.4323,14774.1985,0
13626,67.83,14759.4323,14774.1985,0
13630,67.83,14759.4323,14774.1985,0
13636,67.84,14759.4323,14774.1985,0
13648,67.86,14759.4323,14774.1985,0
13653,67.87,14759.4323,14774.1985,0
13663,67.88,14759.4323,14774.1985,0
13675,67.90,14759.4323,14774.1985,0
13691,67.92,14759.4323,14774.1985,0
13692,67.93,14759.4323,14774.1985,0
13695,67.93,14759.4323,14774.1985,0
13721,67.98,14759.4323,14774.1985,0
13747,68.02,14759.4323,14774.1985,0
13771,68.08,14759.4323,14774.1985,0
13782,68.11,14759.4323,14774.1985,0
13788,68.11,14759.4323,14774.1985,0
13809,68.15,14759.4323,14774.1985,0
13820,68.17,14759.4323,14774.1985,0
13831,68.19,14759.4323,14774.1985,0
13835,68.19,14759.4323,14774.1985,0
13845,68.21,14759.4323,14774.1985,0
13851,68.23,14759.4323,14774.1985,0
13855,68.24,14759.4323,14774.1985,0
13883,68.31,14759.4323,14774.1985,0
13887,68.31,14759.4323,14774.1985,0
13888,68.32,14759.4323,14774.1985,0
13894,68.33,14759.4323,14774.1985,0
13896,68.33,14759.4323,14774.1985,0
13912,68.36,14759.4323,14774.1985,0
13922,68.37,14759.4323,14774.1985,0
13926,68.39,14759.4323,14774.1985,0
13935,68.40,14759.4323,14774.1985,0
13949,68.44,14759.4323,14774.1985,0
13950,68.44,14759.4323,14774.1985,0
13971,68.47,14759.4323,14774.1985,0
13995,68.52,14759.4323,14774.1985,0
13998,68.52,14759.4323,14774.1985,1
13999,68.57,14015.6756,14774.1985,0
14003,68.65,14077.0015,14774.1985,0
14008,68.82,14349.4564,14774.1985,0
14010,68.85,14349.4564,14774.1985,0
14013,68.86,14349.4564,14774.1985,0
14030,69.11,14465.6885,14774.1985,0
14033,69.18,14465.6885,14774.1985,0
14036,69.26,14465.6885,14774.1985,0
14037,69.29,14465.6885,14774.1985,0
14039,69.34,14465.6885,14774.1985,0
14040,69.37,14465.6885,14774.1985,0
14041,69.37,14465.6885,14774.1985,0
14044,69.43,14465.6885,14774.1985,0
14045,69.43,14465.6885,14774.1985,0
14047,69.48,14573.3494,14774.1985,0
14049,69.54,14726.5701,14774.1985,0
14057,69.71,14726.5701,14774.1985,0
14058,69.75,14726.5701,14774.1985,0
14059,69.77,14726.5701,14774.1985,0
14062,69.79,14726.5701,14774.1985,0
14064,69.80,14726.5701,14774.1985,0
14068,69.91,14826.3253,14826.3253,0
14080,70.15,14826.3253,14826.3253,0
14087,70.28,14826.3253,14826.3253,0
14092,70.34,14826.3253,14826.3253,0
14099,70.36,14826.3253,14826.3253,0
14102,70.47,14826.3253,14826.3253,0
14108,70.51,14826.3253,14826.3253,0
14119,70.63,14826.3253,14826.3253,0
14123,70.63,14826.3253,14826.3253,0
14127,70.64,14826.3253,14826.3253,0
14128,70.68,14826.3253,14826.3253,0
14138,70.77,14826.3253,14826.3253,0
14142,70.79,14826.3253,14826.3253,0
14145,70.79,14826.3253,14826.3253,0
14148,70.83,14826.3253,14826.3253,0
14166,70.97,14826.3253,14826.3253,0
14169,70.98,14826.3253,14826.3253,0
14171,71.02,14826.3253,14826.3253,0
14178,71.03,14826.3253,14826.3253,0
14179,71.04,14826.3253,14826.3253,0
14182,71.04,14826.3253,14826.3253,0
14190,71.04,14826.3253,14826.3253,0
14192,71.11,14826.3253,14826.3253,0
14197,71.15,14826.3253,14826.3253,0
14203,71.16,14826.3253,14826.3253,0
14205,71.17,14826.3253,14826.3253,0
14206,71.17,14826.3253,14826.3253,0
14209,71.17,14826.3253,14826.3253,0
14211,71.18,14826.3253,14826.3253,0
14212,71.18,14826.3253,14826.3253,0
14215,71.19,14826.3253,14826.3253,0
14219,71.19,14826.3253,14826.3253,0
14238,71.26,14826.3253,14826.3253,0
14242,71.32,14826.3253,14826.3253,0
14244,71.34,14826.3253,14826.3253,0
14245,71.34,14826.3253,14826.3253,0
14261,71.37,14826.3253,14826.3253,0
14264,71.37,14826.3253,14826.3253,0
14280,71.40,14826.3253,14826.3253,0
14285,71.44,14826.3253,14826.3253,0
14289,71.45,14826.3253,14826.3253,0
14293,71.48,14826.3253,14826.3253,0
14298,71.50,14826.3253,14826.3253,0
14306,71.51,14826.3253,14826.3253,0
14309,71.51,14826.3253,14826.3253,0
14319,71.55,14826.3253,14826.3253,0
14320,71.55,14826.3253,14826.3253,0
14328,71.56,14826.3253,14826.3253,0
14335,71.58,14826.3253,14826.3253,0
14337,71.58,14826.3253,14826.3253,0
14342,71.59,14826.3253,14826.3253,0
14348,71.60,14826.3253,14826.3253,0
14369,71.65,14826.3253,14826.3253,0
14376,71.67,14826.3253,14826.3253,0
14382,71.68,14826.3253,14826.3253,0
14387,71.69,14826.3253,14826.3253,0
14393,71.70,14826.3253,14826.3253,0
14395,71.71,14826.3253,14826.3253,0
14396,71.71,14826.3253,14826.3253,0
14401,71.72,14826.3253,14826.3253,0
14404,71.72,14826.3253,14826.3253,0
14405,71.73,14826.3253,14826.3253,0
14409,71.73,14826.3253,14826.3253,0
14411,71.73,14826.3253,14826.3253,0
14417,71.74,14826.3253,14826.3253,0
14438,71.82,14826.3253,14826.3253,0
14439,71.85,14831.4428,14831.4428,0
14440,71.90,14831.4428,14831.4428,0
14441,71.92,14831.4428,14831.4428,0
14442,71.96,14831.4428,14831.4428,0
14445,72.01,14831.4428,14831.4428,0
14452,72.18,14831.4428,14831.4428,0
14453,72.20,14831.4428,14831.4428,0
14459,72.34,14831.4428,14831.4428,0
14464,72.48,14891.5313,14891.5313,0
14493,72.93,14891.5313,14891.5313,0
14506,73.00,14891.5313,14891.5313,0
14511,73.08,14891.5313,14891.5313,0
14520,73.12,14891.5313,14891.5313,0
14521,73.12,14891.5313,14891.5313,0
14529,73.15,14891.5313,14891.5313,0
14536,73.19,14891.5313,14891.5313,0
14542,73.20,14891.5313,14891.5313,0
14557,73.31,14891.5313,14891.5313,0
14587,73.44,14891.5313,14891.5313,0
14588,73.50,14891.5313,14891.5313,0
14605,73.52,14891.5313,14891.5313,0
14606,73.52,14891.5313,14891.5313,0
14609,73.53,14891.5313,14891.5313,0
14621,73.62,14891.5313,14891.5313,0
14630,73.64,14891.5313,14891.5313,0
14633,73.65,14891.5313,14891.5313,0
14635,73.65,14891.5313,14891.5313,0
14637,73.65,14891.5313,14891.5313,0
14639,73.65,14891.5313,14891.5313,0
14643,73.66,14891.5313,14891.5313,0
14646,73.67,14891.5313,14891.5313,0
14667,73.74,14891.5313,14891.5313,0
14673,73.77,14891.5313,14891.5313,0
14683,73.78,14891.5313,14891.5313,0
14691,73.79,14891.5313,14891.5313,0
14693,73.80,14891.5313,14891.5313,0
14704,73.81,14891.5313,14891.5313,0
14710,73.84,14891.5313,14891.5313,0
14719,73.85,14891.5313,14891.5313,0
14721,73.85,14891.5313,14891.5313,0
14726,73.86,14891.5313,14891.5313,0
14727,73.86,14891.5313,14891.5313,0
14742,73.92,14891.5313,14891.5313,0
14751,73.93,14891.5313,14891.5313,0
14759,73.96,14891.5313,14891.5313,0
14776,73.99,14891.5313,14891.5313,0
14790,74.03,14891.5313,14891.5313,0
14793,74.04,14891.5313,14891.5313,0
14797,74.06,14891.5313,14891.5313,0
14803,74.07,14891.5313,14891.5313,0
14812,74.08,14891.5313,14891.5313,0
14821,74.10,14891.5313,14891.5313,0
14828,74.11,14891.5313,14891.5313,0
14829,74.15,14891.5313,14891.5313,0
14843,74.17,14891.5313,14891.5313,0
14845,74.17,14891.5313,14891.5313,0
14867,74.21,14891.5313,14891.5313,0
14880,74.23,14891.5313,14891.5313,0
14887,74.24,14891.5313,14891.5313,0
14901,74.27,14891.5313,14891.5313,0
14932,74.36,14891.5313,14891.5313,0
14937,74.37,14891.5313,14891.5313,0
14940,74.37,14891.5313,14891.5313,0
14943,74.37,14891.5313,14891.5313,0
14948,74.38,14891.5313,14891.5313,0
14966,74.44,14891.5313,14891.5313,0
14970,74.45,14891.5313,14891.5313,0
14979,74.46,14891.5313,14891.5313,0
14981,74.47,14891.5313,14891.5313,0
14992,74.52,14891.5313,14891.5313,0
15004,74.54,14891.5313,14891.5313,0
15024,74.57,14891.5313,14891.5313,0
15030,74.59,14891.5313,14891.5313,0
15040,74.60,14891.5313,14891.5313,0
15041,74.60,14891.5313,14891.5313,0
15045,74.60,14891.5313,14891.5313,0
15065,74.65,14891.5313,14891.5313,0
15066,74.65,14891.5313,14891.5313,0
15067,74.65,14891.5313,14891.5313,0
15083,74.67,14891.5313,14891.5313,0
15085,74.67,14891.5313,14891.5313,0
15088,74.67,14891.5313,14891.5313,0
15090,74.73,14891.5313,14891.5313,0
15111,74.77,14891.5313,14891.5313,0
15116,74.78,14891.5313,14891.5313,0
15129,74.80,14891.5313,14891.5313,0
15130,74.80,14891.5313,14891.5313,0
15151,74.84,14891.5313,14891.5313,0
15179,74.88,14891.5313,14891.5313,0
15185,74.88,14891.5313,14891.5313,0
15186,74.89,14891.5313,14891.5313,0
15190,74.90,14891.5313,14891.5313,0
15192,74.90,14891.5313,14891.5313,0
15212,74.93,14891.5313,14891.5313,0
15220,74.94,14891.5313,14891.5313,0
15224,74.94,14891.5313,14891.5313,0
15228,74.95,14891.5313,14891.5313,0
15232,74.95,14891.5313,14891.5313,0
15244,74.97,14891.5313,14891.5313,0
15266,75.01,14891.5313,14891.5313,0
15279,75.02,14891.5313,14891.5313,0
15303,75.06,14891.5313,14891.5313,0
15304,75.06,14891.5313,14891.5313,0
15316,75.08,14891.5313,14891.5313,0
15317,75.08,14891.5313,14891.5313,0
15319,75.08,14891.5313,14891.5313,0
15323,75.08,14891.5313,14891.5313,0
15326,75.09,14891.5313,14891.5313,0
15327,75.09,14891.5313,14891.5313,0
15333,75.11,14891.5313,14891.5313,0
15334,75.14,14891.5313,14891.5313,0
15355,75.21,14891.5313,14891.5313,0
15358,75.22,14891.5313,14891.5313,0
15375,75.29,14891.5313,14891.5313,0
15393,75.32,14891.5313,14891.5313,0
15422,75.36,14891.5313,14891.5313,0
15424,75.36,14891.5313,14891.5313,0
15429,75.37,14891.5313,14891.5313,0
15437,75.38,14891.5313,14891.5313,0
15448,75.40,14891.5313,14891.5313,0
15452,75.40,14891.5313,14891.5313,0
15453,75.40,14891.5313,14891.5313,0
15455,75.41,14891.5313,14891.5313,0
15459,75.41,14891.5313,14891.5313,0
15460,75.41,14891.5313,14891.5313,0
15466,75.42,14891.5313,14891.5313,0
15481,75.44,14891.5313,14891.5313,0
15505,75.51,14891.5313,14891.5313,0
15506,75.51,14891.5313,14891.5313,0
15523,75.53,14891.5313,14891.5313,0
15531,75.55,14891.5313,14891.5313,0
15537,75.55,14891.5313,14891.5313,0
15538,75.55,14891.5313,14891.5313,0
15543,75.56,14891.5313,14891.5313,0
15546,75.56,14891.5313,14891.5313,0
15557,75.57,14891.5313,14891.5313,0
15566,75.58,14891.5313,14891.5313,0
15584,75.60,14891.5313,14891.5313,0
15590,75.61,14891.5313,14891.5313,0
15592,75.62,14891.5313,14891.5313,0
15601,75.63,14891.5313,14891.5313,0
15602,75.63,14891.5313,14891.5313,0
15605,75.65,14891.5313,14891.5313,0
15607,75.65,14891.5313,14891.5313,0
15615,75.66,14891.5313,14891.5313,0
15616,75.66,14891.5313,14891.5313,0
15622,75.67,14891.5313,14891.5313,0
15629,75.68,14891.5313,14891.5313,0
15633,75.68,14891.5313,14891.5313,0
15636,75.69,14891.5313,14891.5313,0
15646,75.70,14891.5313,14891.5313,0
15655,75.72,14891.5313,14891.5313,0
15662,75.72,14891.5313,14891.5313,0
15666,75.73,14891.5313,14891.5313,0
15672,75.74,14891.5313,14891.5313,0
15678,75.74,14891.5313,14891.5313,0
15699,75.77,14891.5313,14891.5313,0
15700,75.77,14891.5313,14891.5313,0
15720,75.78,14891.5313,14891.5313,0
15745,75.83,14891.5313,14891.5313,0
15760,75.85,14891.5313,14891.5313,0
15762,75.85,14891.5313,14891.5313,0
15765,75.85,14891.5313,14891.5313,0
15772,75.87,14891.5313,14891.5313,0
15779,75.87,14891.5313,14891.5313,0
15790,75.89,14891.5313,14891.5313,0
15807,75.93,14891.5313,14891.5313,0
15809,75.93,14891.5313,14891.5313,0
15818,75.96,14891.5313,14891.5313,0
15825,75.97,14891.5313,14891.5313,0
15833,75.98,14891.5313,14891.5313,0
15834,75.98,14891.5313,14891.5313,0
15841,76.00,14891.5313,14891.5313,0
15845,76.00,14891.5313,14891.5313,0
15848,76.01,14891.5313,14891.5313,0
15873,76.07,14891.5313,14891.5313,0
15881,76.07,14891.5313,14891.5313,0
15882,76.08,14891.5313,14891.5313,0
15884,76.08,14891.5313,14891.5313,0
15890,76.09,14891.5313,14891.5313,0
15893,76.09,14891.5313,14891.5313,0
15896,76.10,14891.5313,14891.5313,0
15899,76.10,14891.5313,14891.5313,0
15920,76.12,14891.5313,14891.5313,0
15923,76.13,14891.5313,14891.5313,0
15924,76.13,14891.5313,14891.5313,0
15926,76.13,14891.5313,14891.5313,0
15927,76.13,14891.5313,14891.5313,0
15938,76.14,14891.5313,14891.5313,0
15940,76.14,14891.5313,14891.5313,0
15947,76.16,14891.5313,14891.5313,0
15952,76.17,14891.5313,14891.5313,0
15953,76.17,14891.5313,14891.5313,0
15956,76.17,14891.5313,14891.5313,0
15973,76.19,14891.5313,14891.5313,0
15989,76.21,14891.5313,14891.5313,0
15990,76.21,14891.5313,14891.5313,0
16001,76.23,14891.5313,14891.5313,0
16027,76.28,14891.5313,14891.5313,0
16031,76.28,14891.5313,14891.5313,0
16032,76.28,14891.5313,14891.5313,0
16037,76.29,14891.5313,14891.5313,0
16050,76.31,14891.5313,14891.5313,0
16053,76.31,14891.5313,14891.5313,0
16059,76.32,14891.5313,14891.5313,0
16065,76.32,14891.5313,14891.5313,0
16084,76.35,14891.5313,14891.5313,0
16087,76.35,14891.5313,14891.5313,0
16088,76.35,14891.5313,14891.5313,0
16093,76.36,14891.5313,14891.5313,0
16106,76.38,14891.5313,14891.5313,0
16111,76.38,14891.5313,14891.5313,0
16131,76.41,14891.5313,14891.5313,0
16133,76.42,14891.5313,14891.5313,0
16135,76.42,14891.5313,14891.5313,0
16141,76.43,14891.5313,14891.5313,0
16147,76.44,14891.5313,14891.5313,0
16162,76.47,14891.5313,14891.5313,0
16163,76.47,14891.5313,14891.5313,0
16168,76.48,14891.5313,14891.5313,0
16170,76.48,14891.5313,14891.5313,0
16179,76.50,14891.5313,14891.5313,0
16181,76.50,14891.5313,14891.5313,0
16190,76.51,14891.5313,14891.5313,0
16191,76.51,14891.5313,14891.5313,0
16192,76.51,14891.5313,14891.5313,0
16200,76.52,14891.5313,14891.5313,0
16205,76.53,14891.5313,14891.5313,0
16209,76.54,14891.5313,14891.5313,0
16210,76.54,14891.5313,14891.5313,0
16218,76.55,14891.5313,14891.5313,0
16233,76.58,14891.5313,14891.5313,0
16245,76.60,14891.5313,14891.5313,0
16270,76.62,14891.5313,14891.5313,0
16274,76.64,14891.5313,14891.5313,0
16276,76.64,14891.5313,14891.5313,0
16291,76.66,14891.5313,14891.5313,0
16293,76.66,14891.5313,14891.5313,0
16299,76.68,14891.5313,14891.5313,0
16302,76.68,14891.5313,14891.5313,0
16310,76.69,14891.5313,14891.5313,0
16322,76.70,14891.5313,14891.5313,0
16354,76.75,14891.5313,14891.5313,0
16355,76.75,14891.5313,14891.5313,0
16360,76.76,14891.5313,14891.5313,0
16362,76.76,14891.5313,14891.5313,0
16365,76.77,14891.5313,14891.5313,0
16367,76.77,14891.5313,14891.5313,0
16395,76.81,14891.5313,14891.5313,0
16411,76.84,14891.5313,14891.5313,0
16434,76.86,14891.5313,14891.5313,0
16437,76.87,14891.5313,14891.5313,0
16441,76.88,14891.5313,14891.5313,0
16447,76.89,14891.5313,14891.5313,0
16462,76.92,14891.5313,14891.5313,0
16469,76.94,14891.5313,14891.5313,0
16474,76.95,14891.5313,14891.5313,0
16508,76.99,14891.5313,14891.5313,0
16520,77.02,14891.5313,14891.5313,0
16527,77.03,14891.5313,14891.5313,0
16528,77.09,14891.5313,14891.5313,0
16531,77.10,14891.5313,14891.5313,0
16533,77.11,14891.5313,14891.5313,0
16535,77.12,14891.5313,14891.5313,0
16545,77.12,14891.5313,14891.5313,0
16555,77.14,14891.5313,14891.5313,0
16556,77.14,14891.5313,14891.5313,0
16557,77.14,14891.5313,14891.5313,0
16559,77.15,14891.5313,14891.5313,0
16560,77.15,14891.5313,14891.5313,0
16564,77.16,14891.5313,14891.5313,0
16578,77.17,14891.5313,14891.5313,0
16585,77.18,14891.5313,14891.5313,0
16593,77.19,14891.5313,14891.5313,0
16596,77.19,14891.5313,14891.5313,0
16601,77.20,14891.5313,14891.5313,0
16605,77.21,14891.5313,14891.5313,0
16613,77.23,14891.5313,14891.5313,0
16639,77.27,14891.5313,14891.5313,0
16660,77.30,14891.5313,14891.5313,0
16707,77.39,14891.5313,14891.5313,0
16711,77.39,14891.5313,14891.5313,0
16713,77.39,14891.5313,14891.5313,0
16716,77.40,14891.5313,14891.5313,0
16731,77.43,14891.5313,14891.5313,0
16741,77.44,14891.5313,14891.5313,0
16745,77.44,14891.5313,14891.5313,0
16747,77.44,14891.5313,14891.5313,0
16750,77.44,14891.5313,14891.5313,0
16761,77.46,14891.5313,14891.5313,0
16763,77.47,14891.5313,14891.5313,0
16765,77.47,14891.5313,14891.5313,0
16770,77.48,14891.5313,14891.5313,0
16771,77.48,14891.5313,14891.5313,0
16784,77.50,14891.5313,14891.5313,0
16786,77.51,14891.5313,14891.5313,0
16792,77.52,14891.5313,14891.5313,0
16799,77.52,14891.5313,14891.5313,0
16810,77.54,14891.5313,14891.5313,0
16814,77.55,14891.5313,14891.5313,0
16816,77.55,14891.5313,14891.5313,0
16830,77.57,14891.5313,14891.5313,0
16843,77.59,14891.5313,14891.5313,0
16871,77.63,14891.5313,14891.5313,0
16878,77.63,14891.5313,14891.5313,0
16884,77.64,14891.5313,14891.5313,0
16910,77.68,14891.5313,14891.5313,0
16915,77.69,14891.5313,14891.5313,0
16925,77.70,14891.5313,14891.5313,0
16939,77.72,14891.5313,14891.5313,0
16942,77.73,14891.5313,14891.5313,0
16949,77.74,14891.5313,14891.5313,0
16951,77.74,14891.5313,14891.5313,0
16953,77.75,14891.5313,14891.5313,0
16961,77.75,14891.5313,14891.5313,0
16964,77.76,14891.5313,14891.5313,0
16965,77.76,14891.5313,14891.5313,0
16973,77.76,14891.5313,14891.5313,0
16979,77.78,14891.5313,14891.5313,0
16980,77.78,14891.5313,14891.5313,0
16982,77.79,14891.5313,14891.5313,0
16994,77.81,14891.5313,14891.5313,0
16997,77.82,14891.5313,14891.5313,0
17003,77.83,14891.5313,14891.5313,0
17009,77.83,14891.5313,14891.5313,0
17032,77.87,14891.5313,14891.5313,0
17034,77.88,14891.5313,14891.5313,0
17042,77.89,14891.5313,14891.5313,0
17066,77.92,14891.5313,14891.5313,0
17070,77.93,14891.5313,14891.5313,0
17089,77.96,14891.5313,14891.5313,0
17094,77.96,14891.5313,14891.5313,0
17095,77.96,14891.5313,14891.5313,0
17098,77.97,14891.5313,14891.5313,0
17110,77.99,14891.5313,14891.5313,0
17122,78.00,14891.5313,14891.5313,0
17135,78.03,14891.5313,14891.5313,0
17136,78.03,14891.5313,14891.5313,0
17150,78.05,14891.5313,14891.5313,0
17159,78.06,14891.5313,14891.5313,0
17162,78.06,14891.5313,14891.5313,0
17165,78.06,14891.5313,14891.5313,0
17172,78.07,14891.5313,14891.5313,0
17174,78.07,14891.5313,14891.5313,0
17175,78.07,14891.5313,14891.5313,0
17181,78.08,14891.5313,14891.5313,0
17187,78.09,14891.5313,14891.5313,0
17190,78.09,14891.5313,14891.5313,0
17197,78.11,14891.5313,14891.5313,0
17202,78.12,14891.5313,14891.5313,0
17206,78.12,14891.5313,14891.5313,0
17208,78.12,14891.5313,14891.5313,0
17209,78.12,14891.5313,14891.5313,0
17217,78.14,14891.5313,14891.5313,0
17235,78.16,14891.5313,14891.5313,0
17252,78.18,14891.5313,14891.5313,0
17255,78.19,14891.5313,14891.5313,0
17264,78.21,14891.5313,14891.5313,0
17273,78.22,14891.5313,14891.5313,0
17297,78.25,14891.5313,14891.5313,0
17307,78.27,14891.5313,14891.5313,0
17315,78.28,14891.5313,14891.5313,0
17316,78.28,14891.5313,14891.5313,0
17331,78.29,14891.5313,14891.5313,0
17344,78.32,14891.5313,14891.5313,0
17366,78.36,14891.5313,14891.5313,0
17370,78.36,14891.5313,14891.5313,0
17374,78.37,14891.5313,14891.5313,0
17376,78.37,14891.5313,14891.5313,0
17385,78.38,14891.5313,14891.5313,0
17424,78.46,14891.5313,14891.5313,0
17425,78.46,14891.5313,14891.5313,0
17430,78.47,14891.5313,14891.5313,0
17437,78.48,14891.5313,14891.5313,0
17445,78.49,14891.5313,14891.5313,0
17453,78.51,14891.5313,14891.5313,0
17465,78.52,14891.5313,14891.5313,1
17467,78.68,14891.5313,14891.5313,0
17468,78.68,14891.5313,14891.5313,0
17474,78.69,14891.5313,14891.5313,0
17489,78.72,14891.5313,14891.5313,0
17502,78.74,14891.5313,14891.5313,0
17505,78.74,14891.5313,14891.5313,0
17507,78.75,14891.5313,14891.5313,0
17523,78.77,14891.5313,14891.5313,0
17531,78.78,14891.5313,14891.5313,0
17536,78.79,14891.5313,14891.5313,0
17537,78.79,14891.5313,14891.5313,0
17538,78.79,14891.5313,14891.5313,0
17539,78.79,14891.5313,14891.5313,0
17542,78.79,14891.5313,14891.5313,0
17546,78.80,14891.5313,14891.5313,0
17555,78.81,14891.5313,14891.5313,0
17566,78.84,14891.5313,14891.5313,0
17573,78.85,14891.5313,14891.5313,0
17581,78.86,14891.5313,14891.5313,0
17586,78.88,14891.5313,14891.5313,0
17595,78.88,14891.5313,14891.5313,0
17601,78.90,14891.5313,14891.5313,0
17612,78.92,14891.5313,14891.5313,0
17623,78.95,14891.5313,14891.5313,0
17625,78.95,14891.5313,14891.5313,0
17635,78.97,14891.5313,14891.5313,0
17636,78.97,14891.5313,14891.5313,0
17645,78.99,14891.5313,14891.5313,0
17647,78.99,14891.5313,14891.5313,0
17650,78.99,14891.5313,14891.5313,0
17655,78.99,14891.5313,14891.5313,0
17656,78.99,14891.5313,14891.5313,0
17663,79.00,14891.5313,14891.5313,0
17672,79.02,14891.5313,14891.5313,0
17680,79.02,14891.5313,14891.5313,0
17690,79.05,14891.5313,14891.5313,0
17697,79.05,14891.5313,14891.5313,0
17701,79.06,14891.5313,14891.5313,0
17721,79.08,14891.5313,14891.5313,0
17724,79.09,14891.5313,14891.5313,0
17729,79.10,14891.5313,14891.5313,0
17741,79.11,14891.5313,14891.5313,0
17748,79.12,14891.5313,14891.5313,0
17760,79.13,14891.5313,14891.5313,0
17772,79.15,14891.5313,14891.5313,0
17780,79.17,14891.5313,14891.5313,0
17785,79.17,14891.5313,14891.5313,0
17790,79.17,14891.5313,14891.5313,0
17795,79.18,14891.5313,14891.5313,0
17796,79.18,14891.5313,14891.5313,0
17798,79.19,14891.5313,14891.5313,0
17814,79.21,14891.5313,14891.5313,0
17823,79.22,14891.5313,14891.5313,0
17828,79.23,14891.5313,14891.5313,0
17829,79.23,14891.5313,14891.5313,0
17830,79.23,14891.5313,14891.5313,0
17850,79.27,14891.5313,14891.5313,0
17856,79.28,14891.5313,14891.5313,0
17859,79.28,14891.5313,14891.5313,0
17860,79.29,14891.5313,14891.5313,0
17904,79.34,14891.5313,14891.5313,0
17907,79.35,14891.5313,14891.5313,0
17912,79.35,14891.5313,14891.5313,0
17931,79.39,14891.5313,14891.5313,0
17932,79.40,14891.5313,14891.5313,0
17943,79.41,14891.5313,14891.5313,0
17944,79.42,14891.5313,14891.5313,0
17956,79.44,14891.5313,14891.5313,0
17962,79.44,14891.5313,14891.5313,0
17989,79.49,14891.5313,14891.5313,0
18006,79.52,14891.5313,14891.5313,0
18008,79.52,14891.5313,14891.5313,0
18009,79.52,14891.5313,14891.5313,0
18019,79.53,14891.5313,14891.5313,0
18020,79.53,14891.5313,14891.5313,0
18024,79.54,14891.5313,14891.5313,0
18029,79.54,14891.5313,14891.5313,0
18030,79.54,14891.5313,14891.5313,0
18036,79.55,14891.5313,14891.5313,0
18064,79.58,14891.5313,14891.5313,0
18067,79.59,14891.5313,14891.5313,0
18077,79.61,14891.5313,14891.5313,0
18083,79.61,14891.5313,14891.5313,0
18092,79.64,14891.5313,14891.5313,0
18101,79.67,14891.5313,14891.5313,0
18103,79.67,14891.5313,14891.5313,0
18114,79.70,14891.5313,14891.5313,0
18131,79.73,14891.5313,14891.5313,0
18135,79.73,14891.5313,14891.5313,0
18144,79.74,14891.5313,14891.5313,0
18145,79.74,14891.5313,14891.5313,0
18147,79.75,14891.5313,14891.5313,0
18156,79.76,14891.5313,14891.5313,0
18163,79.77,14891.5313,14891.5313,0
18166,79.77,14891.5313,14891.5313,0
18173,79.78,14891.5313,14891.5313,0
18200,79.82,14891.5313,14891.5313,0
18223,79.86,14891.5313,14891.5313,0
18235,79.88,14891.5313,14891.5313,0
18239,79.89,14891.5313,14891.5313,0
18281,79.98,14891.5313,14891.5313,0
18282,79.98,14891.5313,14891.5313,0
18294,79.99,14891.5313,14891.5313,0
18296,79.99,14891.5313,14891.5313,0
18311,80.01,14891.5313,14891.5313,0
18314,80.02,14891.5313,14891.5313,0
18333,80.04,14891.5313,14891.5313,0
18334,80.04,14891.5313,14891.5313,0
18337,80.04,14891.5313,14891.5313,0
18344,80.05,14891.5313,14891.5313,0
18354,80.06,14891.5313,14891.5313,0
18360,80.07,14891.5313,14891.5313,0
18364,80.08,14891.5313,14891.5313,0
18365,80.08,14891.5313,14891.5313,0
18374,80.09,14891.5313,14891.5313,0
18380,80.09,14891.5313,14891.5313,0
18386,80.10,14891.5313,14891.5313,0
18388,80.11,14891.5313,14891.5313,0
18394,80.12,14891.5313,14891.5313,0
18395,80.12,14891.5313,14891.5313,0
18417,80.15,14891.5313,14891.5313,0
18422,80.16,14891.5313,14891.5313,0
18427,80.17,14891.5313,14891.5313,0
18437,80.18,14891.5313,14891.5313,0
18442,80.18,14891.5313,14891.5313,0
18445,80.19,14891.5313,14891.5313,0
18450,80.19,14891.5313,14891.5313,0
18451,80.20,14891.5313,14891.5313,0
18460,80.21,14891.5313,14891.5313,0
18464,80.22,14891.5313,14891.5313,0
18515,80.31,14891.5313,14891.5313,0
18519,80.31,14891.5313,14891.5313,0
18532,80.32,14891.5313,14891.5313,0
18542,80.33,14891.5313,14891.5313,0
18545,80.34,14891.5313,14891.5313,0
18550,80.34,14891.5313,14891.5313,0
18557,80.35,14891.5313,14891.5313,0
18583,80.39,14891.5313,14891.5313,0
18587,80.40,14891.5313,14891.5313,0
18595,80.41,14891.5313,14891.5313,0
18597,80.42,14891.5313,14891.5313,0
18606,80.43,14891.5313,14891.5313,0
18622,80.46,14891.5313,14891.5313,0
18642,80.49,14891.5313,14891.5313,0
18656,80.52,14891.5313,14891.5313,0
18657,80.52,14891.5313,14891.5313,0
18667,80.53,14891.5313,14891.5313,0
18685,80.57,14891.5313,14891.5313,0
18686,80.57,14891.5313,14891.5313,0
18687,80.57,14891.5313,14891.5313,0
18689,80.57,14891.5313,14891.5313,0
18691,80.58,14891.5313,14891.5313,0
18728,80.64,14891.5313,14891.5313,0
18732,80.65,14891.5313,14891.5313,0
18735,80.65,14891.5313,14891.5313,0
18744,80.66,14891.5313,14891.5313,0
18758,80.68,14891.5313,14891.5313,0
18763,80.69,14891.5313,14891.5313,0
18769,80.70,14891.5313,14891.5313,0
18782,80.71,14891.5313,14891.5313,0
18793,80.72,14891.5313,14891.5313,0
18799,80.73,14891.5313,14891.5313,0
18809,80.75,14891.5313,14891.5313,0
18812,80.75,14891.5313,14891.5313,0
18816,80.76,14891.5313,14891.5313,0
18824,80.82,14891.5313,14891.5313,0
18833,80.83,14891.5313,14891.5313,0
18835,80.83,14891.5313,14891.5313,0
18840,80.83,14891.5313,14891.5313,0
18842,80.84,14891.5313,14891.5313,0
18857,80.86,14891.5313,14891.5313,0
18859,80.86,14891.5313,14891.5313,0
18865,80.87,14891.5313,14891.5313,0
18869,80.87,14891.5313,14891.5313,0
18884,80.90,14891.5313,14891.5313,0
18885,80.90,14891.5313,14891.5313,0
18888,80.91,14891.5313,14891.5313,0
18915,80.94,14891.5313,14891.5313,0
18917,80.94,14891.5313,14891.5313,0
18926,80.95,14891.5313,14891.5313,0
18929,80.95,14891.5313,14891.5313,0
18934,80.96,14891.5313,14891.5313,0
18941,80.97,14891.5313,14891.5313,0
18950,80.98,14891.5313,14891.5313,0
18958,81.00,14891.5313,14891.5313,0
18966,81.01,14891.5313,14891.5313,0
18979,81.04,14891.5313,14891.5313,0
18982,81.04,14891.5313,14891.5313,0
18987,81.05,14891.5313,14891.5313,0
18993,81.05,14891.5313,14891.5313,0
19001,81.07,14891.5313,14891.5313,0
19013,81.08,14891.5313,14891.5313,0
19024,81.10,14891.5313,14891.5313,0
19026,81.10,14891.5313,14891.5313,0
19032,81.11,14891.5313,14891.5313,0
19043,81.12,14891.5313,14891.5313,0
19046,81.12,14891.5313,14891.5313,0
19050,81.13,14891.5313,14891.5313,0
19076,81.19,14891.5313,14891.5313,0
19079,81.19,14891.5313,14891.5313,0
19097,81.21,14891.5313,14891.5313,0
19099,81.22,14891.5313,14891.5313,0
19115,81.24,14891.5313,14891.5313,0
19121,81.24,14891.5313,14891.5313,0
19131,81.25,14891.5313,14891.5313,0
19147,81.28,14891.5313,14891.5313,0
19153,81.29,14891.5313,14891.5313,0
19173,81.32,14891.5313,14891.5313,0
19177,81.33,14891.5313,14891.5313,0
19200,81.37,14891.5313,14891.5313,0
19201,81.37,14891.5313,14891.5313,0
19203,81.37,14891.5313,14891.5313,0
19207,81.38,14891.5313,14891.5313,0
19216,81.39,14891.5313,14891.5313,0
19217,81.39,14891.5313,14891.5313,0
19220,81.39,14891.5313,14891.5313,0
19224,81.39,14891.5313,14891.5313,0
19232,81.41,14891.5313,14891.5313,0
19235,81.41,14891.5313,14891.5313,0
19236,81.42,14891.5313,14891.5313,0
19240,81.42,14891.5313,14891.5313,0
19242,81.42,14891.5313,14891.5313,0
19248,81.43,14891.5313,14891.5313,0
19258,81.45,14891.5313,14891.5313,0
19262,81.46,14891.5313,14891.5313,0
19281,81.50,14891.5313,14891.5313,0
19284,81.50,14891.5313,14891.5313,0
19289,81.51,14891.5313,14891.5313,0
19291,81.51,14891.5313,14891.5313,0
19293,81.52,14891.5313,14891.5313,0
19295,81.52,14891.5313,14891.5313,0
19297,81.53,14891.5313,14891.5313,0
19303,81.53,14891.5313,14891.5313,0
19307,81.53,14891.5313,14891.5313,0
19326,81.56,14891.5313,14891.5313,0
19341,81.59,14891.5313,14891.5313,0
19345,81.59,14891.5313,14891.5313,0
19359,81.62,14891.5313,14891.5313,0
19362,81.62,14891.5313,14891.5313,0
19365,81.63,14891.5313,14891.5313,0
19366,81.63,14891.5313,14891.5313,0
19377,81.65,14891.5313,14891.5313,0
19383,81.66,14891.5313,14891.5313,0
19384,81.66,14891.5313,14891.5313,0
19386,81.66,14891.5313,14891.5313,0
19388,81.66,14891.5313,14891.5313,0
19400,81.68,14891.5313,14891.5313,0
19404,81.69,14891.5313,14891.5313,0
19411,81.70,14891.5313,14891.5313,0
19412,81.70,14891.5313,14891.5313,0
19416,81.71,14891.5313,14891.5313,0
19421,81.72,14891.5313,14891.5313,0
19426,81.73,14891.5313,14891.5313,0
19435,81.75,14891.5313,14891.5313,0
19437,81.76,14891.5313,14891.5313,0
19443,81.77,14891.5313,14891.5313,0
19444,81.77,14891.5313,14891.5313,0
19449,81.78,14891.5313,14891.5313,0
19452,81.78,14891.5313,14891.5313,0
19454,81.78,14891.5313,14891.5313,0
19458,81.78,14891.5313,14891.5313,0
19460,81.78,14891.5313,14891.5313,0
19464,81.79,14891.5313,14891.5313,0
19470,81.80,14891.5313,14891.5313,0
19472,81.80,14891.5313,14891.5313,0
19481,81.81,14891.5313,14891.5313,0
19486,81.82,14891.5313,14891.5313,0
19499,81.84,14891.5313,14891.5313,0
19510,81.86,14891.5313,14891.5313,0
19517,81.87,14891.5313,14891.5313,0
19521,81.88,14891.5313,14891.5313,0
19535,81.89,14891.5313,14891.5313,0
19549,81.92,14891.5313,14891.5313,0
19550,81.92,14891.5313,14891.5313,0
19557,81.92,14891.5313,14891.5313,0
19570,81.95,14891.5313,14891.5313,0
19572,81.95,14891.5313,14891.5313,0
19574,81.95,14891.5313,14891.5313,0
19576,81.95,14891.5313,14891.5313,0
19578,81.95,14891.5313,14891.5313,0
19579,81.95,14891.5313,14891.5313,0
19580,81.96,14891.5313,14891.5313,0
19589,81.96,14891.5313,14891.5313,0
19596,81.98,14891.5313,14891.5313,0
19606,81.99,14891.5313,14891.5313,0
19619,82.01,14891.5313,14891.5313,0
19620,82.02,14891.5313,14891.5313,0
19631,82.03,14891.5313,14891.5313,0
19650,82.06,14891.5313,14891.5313,0
19660,82.07,14891.5313,14891.5313,0
19664,82.08,14891.5313,14891.5313,0
19674,82.09,14891.5313,14891.5313,0
19684,82.10,14891.5313,14891.5313,0
19707,82.15,14891.5313,14891.5313,0
19727,82.17,14891.5313,14891.5313,0
19752,82.21,14891.5313,14891.5313,0
19757,82.22,14891.5313,14891.5313,0
19760,82.23,14891.5313,14891.5313,0
19764,82.24,14891.5313,14891.5313,0
19776,82.26,14891.5313,14891.5313,0
19786,82.28,14891.5313,14891.5313,0
19789,82.28,14891.5313,14891.5313,0
19790,82.28,14891.5313,14891.5313,0
19802,82.30,14891.5313,14891.5313,0
19806,82.31,14891.5313,14891.5313,0
19820,82.33,14891.5313,14891.5313,0
19821,82.33,14891.5313,14891.5313,0
19822,82.33,14891.5313,14891.5313,0
19865,82.41,14891.5313,14891.5313,0
19874,82.43,14891.5313,14891.5313,0
19876,82.43,14891.5313,14891.5313,0
19878,82.43,14891.5313,14891.5313,0
19879,82.43,14891.5313,14891.5313,0
19889,82.45,14891.5313,14891.5313,0
19890,82.45,14891.5313,14891.5313,0
19899,82.47,14891.5313,14891.5313,0
19901,82.47,14891.5313,14891.5313,0
19902,82.47,14891.5313,14891.5313,0
19908,82.48,14891.5313,14891.5313,0
19919,82.49,14891.5313,14891.5313,0
19920,82.50,14891.5313,14891.5313,0
19926,82.50,14891.5313,14891.5313,0
19935,82.51,14891.5313,14891.5313,0
19941,82.52,14891.5313,14891.5313,0
19942,82.52,14891.5313,14891.5313,0
19944,82.52,14891.5313,14891.5313,0
19947,82.53,14891.5313,14891.5313,0
19949,82.54,14891.5313,14891.5313,0
19950,82.54,14891.5313,14891.5313,0
19951,82.54,14891.5313,14891.5313,0
19973,82.57,14891.5313,14891.5313,0
19974,82.58,14891.5313,14891.5313,0
19976,82.58,14891.5313,14891.5313,0
19978,82.58,14891.5313,14891.5313,0
19995,82.61,14891.5313,14891.5313,0
19996,82.61,14891.5313,14891.5313,0
20003,82.62,14891.5313,14891.5313,0
20004,82.62,14891.5313,14891.5313,0
20005,82.62,14891.5313,14891.5313,0
20006,82.62,14891.5313,14891.5313,0
20011,82.62,14891.5313,14891.5313,0
20016,82.63,14891.5313,14891.5313,0
20017,82.63,14891.5313,14891.5313,0
20018,82.63,14891.5313,14891.5313,0
20026,82.65,14891.5313,14891.5313,0
20032,82.66,14891.5313,14891.5313,0
20035,82.67,14891.5313,14891.5313,0
20041,82.68,14891.5313,14891.5313,0
20043,82.68,14891.5313,14891.5313,0
20056,82.71,14891.5313,14891.5313,0
20081,82.74,14891.5313,14891.5313,0
20082,82.74,14891.5313,14891.5313,0
20086,82.76,14891.5313,14891.5313,0
20088,82.76,14891.5313,14891.5313,0
20102,82.78,14891.5313,14891.5313,0
20105,82.78,14891.5313,14891.5313,0
20111,82.79,14891.5313,14891.5313,0
20134,82.84,14891.5313,14891.5313,0
20141,82.86,14891.5313,14891.5313,0
20148,82.87,14891.5313,14891.5313,0
20154,82.88,14891.5313,14891.5313,0
20163,82.90,14891.5313,14891.5313,0
20183,82.93,14891.5313,14891.5313,0
20187,82.94,14891.5313,14891.5313,0
20197,82.95,14891.5313,14891.5313,0
20208,82.97,14891.5313,14891.5313,0
20226,83.00,14891.5313,14891.5313,0
20245,83.02,14891.5313,14891.5313,0
20260,83.04,14891.5313,14891.5313,0
20261,83.04,14891.5313,14891.5313,0
20269,83.07,14891.5313,14891.5313,0
20279,83.08,14891.5313,14891.5313,0
20284,83.09,14891.5313,14891.5313,0
20291,83.10,14891.5313,14891.5313,0
20298,83.12,14891.5313,14891.5313,0
20299,83.12,14891.5313,14891.5313,0
20307,83.13,14891.5313,14891.5313,0
20326,83.16,14891.5313,14891.5313,0
20333,83.17,14891.5313,14891.5313,0
20334,83.17,14891.5313,14891.5313,0
20336,83.18,14891.5313,14891.5313,0
20338,83.18,14891.5313,14891.5313,0
20348,83.19,14891.5313,14891.5313,0
20354,83.20,14891.5313,14891.5313,0
20357,83.21,14891.5313,14891.5313,0
20389,83.25,14891.5313,14891.5313,0
20409,83.29,14891.5313,14891.5313,0
20439,83.33,14891.5313,14891.5313,0
20443,83.34,14891.5313,14891.5313,0
20446,83.34,14891.5313,14891.5313,0
20458,83.36,14891.5313,14891.5313,0
20468,83.37,14891.5313,14891.5313,1
20473,83.50,14631.1186,14891.5313,0
20475,83.54,14631.1186,14891.5313,0
20477,83.57,14631.1186,14891.5313,0
20480,83.57,14631.1186,14891.5313,0
20486,83.66,14631.1186,14891.5313,0
20502,83.92,14634.0828,14891.5313,0
20503,83.94,14668.5837,14891.5313,0
20505,83.96,14668.5837,14891.5313,0
20508,84.06,14668.5837,14891.5313,0
20514,84.18,14803.6141,14891.5313,0
20518,84.26,14803.6141,14891.5313,0
20524,84.35,14803.6141,14891.5313,0
20547,85.05,14803.6141,14891.5313,0
20561,85.31,14803.6141,14891.5313,0
20589,85.68,14803.6141,14891.5313,0
20617,86.17,14803.6141,14891.5313,0
20630,86.31,14803.6141,14891.5313,0
20639,86.41,14803.6141,14891.5313,0
20660,86.62,14803.6141,14891.5313,0
20722,87.20,14803.6141,14891.5313,0
20771,87.47,14803.6141,14891.5313,0
20810,87.66,14803.6141,14891.5313,0
20817,87.67,14803.6141,14891.5313,0
20824,87.70,14803.6141,14891.5313,0
20829,87.73,14803.6141,14891.5313,0
20894,88.14,14803.6141,14891.5313,0
20900,88.14,14803.6141,14891.5313,0
20921,88.26,14803.6141,14891.5313,0
20934,88.37,14803.6141,14891.5313,0
20940,88.38,14803.6141,14891.5313,0
20987,88.51,14803.6141,14891.5313,0
20989,88.51,14803.6141,14891.5313,0
21005,88.58,14803.6141,14891.5313,0
21034,88.67,14803.6141,14891.5313,0
21039,88.68,14803.6141,14891.5313,0
21044,88.73,14803.6141,14891.5313,0
21069,88.82,14803.6141,14891.5313,0
21102,88.95,14803.6141,14891.5313,0
21133,88.97,14803.6141,14891.5313,0
21228,89.14,14803.6141,14891.5313,0
21276,89.39,14803.6141,14891.5313,0
21283,89.43,14862.8516,14891.5313,0
21284,89.45,14862.8516,14891.5313,0
21288,89.59,14862.8516,14891.5313,0
21291,89.70,14862.8516,14891.5313,0
21292,89.75,14862.8516,14891.5313,0
21293,89.81,14862.8516,14891.5313,0
21296,89.89,14862.8516,14891.5313,0
21299,89.94,14862.8516,14891.5313,0
21302,89.94,14862.8516,14891.5313,0
21303,89.96,15049.5943,15049.5943,0
21311,90.22,15049.5943,15049.5943,0
21314,90.34,15049.5943,15049.5943,0
21316,90.46,15049.5943,15049.5943,0
21321,90.59,15049.5943,15049.5943,0
21329,90.74,15049.5943,15049.5943,0
21343,91.10,15049.5943,15049.5943,0
21347,91.18,15049.5943,15049.5943,0
21357,91.32,15049.5943,15049.5943,0
21360,91.34,15049.5943,15049.5943,0
21366,91.35,15049.5943,15049.5943,0
21375,91.47,15049.5943,15049.5943,0
21379,91.51,15049.5943,15049.5943,0
21399,91.70,15049.5943,15049.5943,0
21404,91.73,15094.5939,15094.5939,0
21423,92.13,15094.5939,15094.5939,0
21428,92.20,15094.5939,15094.5939,0
21445,92.45,15094.5939,15094.5939,0
21494,93.01,15094.5939,15094.5939,0
21534,93.24,15094.5939,15094.5939,0
21544,93.38,15094.5939,15094.5939,0
21545,93.40,15094.5939,15094.5939,0
21549,93.45,15094.5939,15094.5939,0
21557,93.55,15094.5939,15094.5939,0
21567,93.60,15094.5939,15094.5939,0
21590,93.63,15094.5939,15094.5939,0
21634,93.91,15094.5939,15094.5939,0
21638,93.92,15094.5939,15094.5939,0
21641,93.97,15094.5939,15094.5939,0
21676,94.04,15094.5939,15094.5939,0
21712,94.25,15094.5939,15094.5939,0
21714,94.25,15094.5939,15094.5939,0
21724,94.26,15094.5939,15094.5939,0
21739,94.40,15094.5939,15094.5939,0
21751,94.44,15094.5939,15094.5939,0
21753,94.44,15094.5939,15094.5939,0
21754,94.44,15094.5939,15094.5939,0
21780,94.52,15094.5939,15094.5939,0
21823,94.70,15094.5939,15094.5939,0
21887,94.98,15094.5939,15094.5939,0
21958,95.05,15094.5939,15094.5939,0
21966,95.05,15094.5939,15094.5939,0
21980,95.06,15094.5939,15094.5939,0
21992,95.08,15094.5939,15094.5939,0
22013,95.10,15094.5939,15094.5939,0
22047,95.16,15094.5939,15094.5939,0
22049,95.16,15094.5939,15094.5939,0
22073,95.21,15094.5939,15094.5939,0
22079,95.29,15094.5939,15094.5939,0
22085,95.30,15094.5939,15094.5939,0
22086,95.30,15094.5939,15094.5939,0
22113,95.33,15094.5939,15094.5939,0
22127,95.34,15094.5939,15094.5939,0
22163,95.38,15094.5939,15094.5939,0
22181,95.39,15094.5939,15094.5939,0
22191,95.40,15094.5939,15094.5939,0
22201,95.42,15094.5939,15094.5939,0
22240,95.51,15094.5939,15094.5939,0
22251,95.52,15094.5939,15094.5939,0
22357,95.68,15094.5939,15094.5939,0
22358,95.68,15094.5939,15094.5939,0
22360,95.68,15094.5939,15094.5939,0
22386,95.70,15094.5939,15094.5939,0
22431,95.76,15094.5939,15094.5939,0
22451,95.77,15094.5939,15094.5939,0
22491,95.85,15094.5939,15094.5939,0
22494,95.85,15094.5939,15094.5939,0
22497,95.86,15094.5939,15094.5939,0
22511,95.87,15094.5939,15094.5939,0
22529,95.89,15094.5939,15094.5939,0
22557,95.91,15094.5939,15094.5939,0
22572,95.93,15094.5939,15094.5939,0
22607,95.96,15094.5939,15094.5939,0
22638,95.99,15094.5939,15094.5939,0
22643,96.00,15094.5939,15094.5939,0
22644,96.00,15094.5939,15094.5939,0
22663,96.02,15094.5939,15094.5939,0
22680,96.03,15094.5939,15094.5939,0
22723,96.08,15094.5939,15094.5939,0
22750,96.11,15094.5939,15094.5939,0
22789,96.14,15094.5939,15094.5939,0
22805,96.16,15094.5939,15094.5939,0
22853,96.20,15094.5939,15094.5939,0
22908,96.26,15094.5939,15094.5939,0
22964,96.32,15094.5939,15094.5939,0
22973,96.33,15094.5939,15094.5939,0
23007,96.40,15094.5939,15094.5939,0
23015,96.41,15094.5939,15094.5939,0
23022,96.42,15094.5939,15094.5939,0
23056,96.47,15094.5939,15094.5939,0
23066,96.48,15094.5939,15094.5939,0
23077,96.49,15094.5939,15094.5939,0
23082,96.50,15094.5939,15094.5939,0
23130,96.59,15094.5939,15094.5939,0
23173,96.63,15094.5939,15094.5939,0
23180,96.64,15094.5939,15094.5939,0
23248,96.72,15094.5939,15094.5939,0
23264,96.73,15094.5939,15094.5939,0
23276,96.75,15094.5939,15094.5939,0
23336,96.81,15094.5939,15094.5939,0
23392,96.87,15094.5939,15094.5939,0
23422,96.90,15094.5939,15094.5939,0
23460,96.94,15094.5939,15094.5939,0
23463,96.94,15094.5939,15094.5939,0
23470,96.95,15094.5939,15094.5939,0
23476,96.96,15094.5939,15094.5939,0
23495,96.98,15094.5939,15094.5939,0
23505,96.99,15094.5939,15094.5939,0
23533,97.01,15094.5939,15094.5939,0
23583,97.07,15094.5939,15094.5939,0
23604,97.14,15094.5939,15094.5939,0
23624,97.17,15094.5939,15094.5939,0
23657,97.21,15094.5939,15094.5939,0
23699,97.26,15094.5939,15094.5939,0
23718,97.28,15094.5939,15094.5939,0
23729,97.29,15094.5939,15094.5939,0
23778,97.34,15094.5939,15094.5939,0
23779,97.34,15094.5939,15094.5939,0
23780,97.34,15094.5939,15094.5939,0
23791,97.36,15094.5939,15094.5939,0
23823,97.40,15094.5939,15094.5939,0
23832,97.41,15094.5939,15094.5939,0
23848,97.42,15094.5939,15094.5939,0
23922,97.50,15094.5939,15094.5939,0
23925,97.50,15094.5939,15094.5939,0
23933,97.51,15094.5939,15094.5939,0
23965,97.54,15094.5939,15094.5939,0
23998,97.58,15094.5939,15094.5939,0
24015,97.60,15094.5939,15094.5939,0
24019,97.61,15094.5939,15094.5939,0
24042,97.64,15094.5939,15094.5939,0
24045,97.64,15094.5939,15094.5939,0
24056,97.65,15094.5939,15094.5939,0
24058,97.66,15094.5939,15094.5939,0
24106,97.71,15094.5939,15094.5939,0
24145,97.76,15094.5939,15094.5939,0
24197,97.81,15094.5939,15094.5939,0
24242,97.86,15094.5939,15094.5939,0
24279,97.90,15094.5939,15094.5939,0
24298,97.92,15094.5939,15094.5939,0
24368,98.00,15094.5939,15094.5939,0
24369,98.00,15094.5939,15094.5939,0
24384,98.03,15094.5939,15094.5939,0
24405,98.05,15094.5939,15094.5939,1
24434,98.14,15094.5939,15094.5939,0
24447,98.16,15094.5939,15094.5939,0
24472,98.18,15094.5939,15094.5939,0
24483,98.19,15094.5939,15094.5939,0
24551,98.27,15094.5939,15094.5939,0
24620,98.34,15094.5939,15094.5939,0
24629,98.35,15094.5939,15094.5939,0
24637,98.36,15094.5939,15094.5939,0
24658,98.38,15094.5939,15094.5939,0
24672,98.38,15094.5939,15094.5939,0
24684,98.41,15094.5939,15094.5939,0
24693,98.42,15094.5939,15094.5939,0
24716,98.45,15094.5939,15094.5939,0
24737,98.47,15094.5939,15094.5939,0
24738,98.47,15094.5939,15094.5939,0
24740,98.47,15094.5939,15094.5939,0
24799,98.53,15094.5939,15094.5939,0
24821,98.56,15094.5939,15094.5939,0
24825,98.56,15094.5939,15094.5939,0
24831,98.57,15094.5939,15094.5939,0
24834,98.57,15094.5939,15094.5939,0
24851,98.59,15094.5939,15094.5939,0
24872,98.61,15094.5939,15094.5939,0
24891,98.63,15094.5939,15094.5939,0
24899,98.64,15094.5939,15094.5939,0
24900,98.64,15094.5939,15094.5939,0
24946,98.69,15094.5939,15094.5939,0
25000,98.74,15094.5939,15094.5939,0
25015,98.76,15094.5939,15094.5939,0
25063,98.81,15094.5939,15094.5939,0
25089,98.84,15094.5939,15094.5939,0
25106,98.85,15094.5939,15094.5939,0
25117,98.87,15094.5939,15094.5939,0
25163,98.90,15094.5939,15094.5939,0
25181,98.92,15094.5939,15094.5939,0
25212,98.95,15094.5939,15094.5939,0
25249,98.99,15094.5939,15094.5939,0
25258,99.00,15094.5939,15094.5939,0
25369,99.12,15094.5939,15094.5939,0
25402,99.15,15094.5939,15094.5939,0
25404,99.15,15094.5939,15094.5939,0
25409,99.15,15094.5939,15094.5939,0
25435,99.18,15094.5939,15094.5939,0
25449,99.20,15094.5939,15094.5939,0
25452,99.20,15094.5939,15094.5939,0
25460,99.22,15094.5939,15094.5939,0
25472,99.23,15094.5939,15094.5939,0
25487,99.25,15094.5939,15094.5939,0
25494,99.26,15094.5939,15094.5939,0
25523,99.29,15094.5939,15094.5939,0
25535,99.30,15094.5939,15094.5939,0
25580,99.35,15094.5939,15094.5939,0
25642,99.42,15094.5939,15094.5939,0
25729,99.51,15094.5939,15094.5939,0
25739,99.52,15094.5939,15094.5939,0
25741,99.52,15094.5939,15094.5939,0
25805,99.58,15094.5939,15094.5939,0
25814,99.59,15094.5939,15094.5939,0
25828,99.60,15094.5939,15094.5939,0
25904,99.67,15094.5939,15094.5939,0
25922,99.69,15094.5939,15094.5939,0
25925,99.70,15094.5939,15094.5939,0
25982,99.75,15094.5939,15094.5939,0
26049,99.82,15094.5939,15094.5939,0
26124,99.91,15094.5939,15094.5939,0
26172,99.95,15094.5939,15094.5939,0
26215,100.00,15094.5939,15094.5939,0
26294,100.08,15094.5939,15094.5939,0
26298,100.09,15094.5939,15094.5939,0
26317,100.12,15094.5939,15094.5939,0
26322,100.12,15094.5939,15094.5939,0
26327,100.12,15094.5939,15094.5939,0
26363,100.16,15094.5939,15094.5939,0
26372,100.17,15094.5939,15094.5939,0
26385,100.18,15094.5939,15094.5939,0
26402,100.20,15094.5939,15094.5939,0
26412,100.21,15094.5939,15094.5939,0
26443,100.24,15094.5939,15094.5939,0
26491,100.28,15094.5939,15094.5939,0
26506,100.30,15094.5939,15094.5939,0
26572,100.37,15094.5939,15094.5939,0
26689,100.50,15094.5939,15094.5939,0
26739,100.57,15094.5939,15094.5939,0
26758,100.59,15094.5939,15094.5939,0
26800,100.64,15094.5939,15094.5939,0
26815,100.65,15094.5939,15094.5939,0
26851,100.69,15094.5939,15094.5939,0
26865,100.70,15094.5939,15094.5939,0
26913,100.76,15094.5939,15094.5939,0
26925,100.77,15094.5939,15094.5939,0
26942,100.79,15094.5939,15094.5939,0
26970,100.81,15094.5939,15094.5939,0
26998,100.84,15094.5939,15094.5939,0
27031,100.88,15094.5939,15094.5939,0
27039,100.90,15094.5939,15094.5939,0
27058,100.92,15094.5939,15094.5939,0
27063,100.92,15094.5939,15094.5939,0
27149,101.01,15094.5939,15094.5939,0
27174,101.03,15094.5939,15094.5939,0
27181,101.04,15094.5939,15094.5939,0
27282,101.16,15094.5939,15094.5939,0
27346,101.21,15094.5939,15094.5939,0
27395,101.26,15094.5939,15094.5939,0
27406,101.27,15094.5939,15094.5939,1
27407,101.34,14790.0939,15094.5939,0
27409,101.39,14790.0939,15094.5939,0
27410,101.44,14790.0939,15094.5939,0
27414,101.53,14790.0939,15094.5939,0
27416,101.61,14790.0939,15094.5939,0
27422,101.72,14790.0939,15094.5939,0
27423,101.72,14790.0939,15094.5939,0
27426,101.79,14790.0939,15094.5939,0
27427,101.79,14790.0939,15094.5939,0
27429,101.82,14926.0017,15094.5939,0
27431,101.87,15117.7512,15117.7512,0
27434,101.95,15117.7512,15117.7512,0
27442,102.13,15117.7512,15117.7512,0
27443,102.17,15117.7512,15117.7512,0
27444,102.22,15117.7512,15117.7512,0
27456,102.55,15117.7512,15117.7512,0
27457,102.55,15117.7512,15117.7512,0
27468,102.74,15117.7512,15117.7512,0
27475,102.85,15117.7512,15117.7512,0
27480,103.00,15117.7512,15117.7512,0
27489,103.10,15117.7512,15117.7512,0
27490,103.14,15117.7512,15117.7512,0
27494,103.22,15117.7512,15117.7512,0
27506,103.26,15117.7512,15117.7512,0
27507,103.26,15117.7512,15117.7512,0
27509,103.29,15117.7512,15117.7512,0
27513,103.35,15117.7512,15117.7512,0
27520,103.41,15117.7512,15117.7512,0
27526,103.53,15117.7512,15117.7512,0
27527,103.53,15117.7512,15117.7512,0
27530,103.54,15117.7512,15117.7512,0
27533,103.54,15117.7512,15117.7512,0
27538,103.58,15117.7512,15117.7512,0
27546,103.64,15117.7512,15117.7512,0
27559,103.84,15117.7512,15117.7512,0
27569,104.03,15117.7512,15117.7512,0
27570,104.03,15117.7512,15117.7512,0
27583,104.18,15117.7512,15117.7512,0
27588,104.18,15117.7512,15117.7512,0
27591,104.19,15117.7512,15117.7512,0
27592,104.19,15117.7512,15117.7512,0
27593,104.19,15117.7512,15117.7512,0
27596,104.22,15117.7512,15117.7512,0
27598,104.23,15117.7512,15117.7512,0
27599,104.24,15175.6927,15175.6927,0
27603,104.35,15175.6927,15175.6927,0
27612,104.65,15175.6927,15175.6927,0
27614,104.69,15175.6927,15175.6927,0
27623,104.76,15175.6927,15175.6927,0
27625,104.77,15175.6927,15175.6927,0
27630,104.92,15175.6927,15175.6927,0
27642,105.03,15175.6927,15175.6927,0
27652,105.19,15175.6927,15175.6927,0
27653,105.25,15175.6927,15175.6927,0
27655,105.28,15175.6927,15175.6927,0
27661,105.32,15175.6927,15175.6927,0
27667,105.46,15175.6927,15175.6927,0
27668,105.46,15175.6927,15175.6927,0
27673,105.49,15175.6927,15175.6927,0
27712,105.73,15175.6927,15175.6927,0
27720,105.85,15175.6927,15175.6927,0
27725,105.92,15175.6927,15175.6927,0
27726,105.92,15175.6927,15175.6927,0
27735,106.05,15175.6927,15175.6927,0
27738,106.06,15175.6927,15175.6927,0
27742,106.11,15175.6927,15175.6927,0
27743,106.12,15175.6927,15175.6927,0
27747,106.21,15175.6927,15175.6927,0
27748,106.21,15175.6927,15175.6927,0
27764,106.27,15175.6927,15175.6927,0
27794,106.43,15175.6927,15175.6927,0
27802,106.51,15175.6927,15175.6927,0
27805,106.51,15175.6927,15175.6927,0
27809,106.52,15175.6927,15175.6927,0
27841,106.62,15175.6927,15175.6927,0
27873,106.84,15175.6927,15175.6927,0
27875,106.84,15175.6927,15175.6927,0
27893,106.97,15175.6927,15175.6927,0
27900,107.03,15175.6927,15175.6927,0
27910,107.09,15175.6927,15175.6927,0
27944,107.36,15175.6927,15175.6927,0
27946,107.36,15175.6927,15175.6927,0
27952,107.45,15175.6927,15175.6927,0
27954,107.47,15175.6927,15175.6927,0
27972,107.50,15175.6927,15175.6927,0
27996,107.63,15175.6927,15175.6927,0
28003,107.64,15175.6927,15175.6927,0
28022,107.66,15175.6927,15175.6927,0
28023,107.72,15175.6927,15175.6927,0
28026,107.78,15175.6927,15175.6927,0
28037,107.82,15175.6927,15175.6927,0
28072,108.02,15175.6927,15175.6927,0
28075,108.02,15175.6927,15175.6927,0
28078,108.02,15175.6927,15175.6927,0
28082,108.03,15175.6927,15175.6927,0
28093,108.10,15175.6927,15175.6927,0
28099,108.11,15175.6927,15175.6927,0
28102,108.11,15175.6927,15175.6927,0
28107,108.11,15175.6927,15175.6927,0
28157,108.37,15175.6927,15175.6927,0
28161,108.38,15175.6927,15175.6927,0
28162,108.38,15175.6927,15175.6927,0
28166,108.38,15175.6927,15175.6927,0
28167,108.38,15175.6927,15175.6927,0
28185,108.41,15175.6927,15175.6927,0
28204,108.43,15175.6927,15175.6927,0
28208,108.43,15175.6927,15175.6927,0
28223,108.44,15175.6927,15175.6927,0
28230,108.45,15175.6927,15175.6927,0
28237,108.46,15175.6927,15175.6927,0
28250,108.47,15175.6927,15175.6927,0
28281,108.54,15175.6927,15175.6927,0
28284,108.54,15175.6927,15175.6927,0
28298,108.55,15175.6927,15175.6927,0
28309,108.61,15175.6927,15175.6927,0
28310,108.61,15175.6927,15175.6927,0
28328,108.64,15175.6927,15175.6927,0
28329,108.64,15175.6927,15175.6927,0
28341,108.65,15175.6927,15175.6927,0
28346,108.69,15175.6927,15175.6927,0
28355,108.70,15175.6927,15175.6927,0
28359,108.70,15175.6927,15175.6927,0
28370,108.72,15175.6927,15175.6927,0
28378,108.73,15175.6927,15175.6927,0
28384,108.73,15175.6927,15175.6927,0
28391,108.74,15175.6927,15175.6927,0
28396,108.74,15175.6927,15175.6927,0
28419,108.85,15175.6927,15175.6927,0
28421,108.86,15175.6927,15175.6927,0
28424,108.86,15175.6927,15175.6927,0
28429,108.86,15175.6927,15175.6927,0
28430,108.86,15175.6927,15175.6927,0
28432,108.86,15175.6927,15175.6927,0
28436,108.86,15175.6927,15175.6927,0
28439,108.87,15175.6927,15175.6927,0
28450,108.88,15175.6927,15175.6927,0
28454,108.88,15175.6927,15175.6927,0
28455,108.89,15175.6927,15175.6927,0
28457,108.89,15175.6927,15175.6927,0
28458,108.89,15175.6927,15175.6927,0
28466,108.90,15175.6927,15175.6927,0
28471,108.95,15175.6927,15175.6927,0
28474,108.95,15175.6927,15175.6927,0
28475,108.95,15175.6927,15175.6927,0
28477,108.95,15175.6927,15175.6927,0
28484,108.96,15175.6927,15175.6927,0
28493,108.97,15175.6927,15175.6927,0
28535,109.08,15175.6927,15175.6927,0
28550,109.16,15175.6927,15175.6927,0
28556,109.17,15175.6927,15175.6927,0
28560,109.17,15175.6927,15175.6927,0
28573,109.18,15175.6927,15175.6927,0
28596,109.19,15175.6927,15175.6927,0
28600,109.20,15175.6927,15175.6927,0
28603,109.20,15175.6927,15175.6927,0
28606,109.20,15175.6927,15175.6927,0
28611,109.21,15175.6927,15175.6927,0
28613,109.21,15175.6927,15175.6927,0
28623,109.22,15175.6927,15175.6927,0
28624,109.22,15175.6927,15175.6927,0
28627,109.23,15175.6927,15175.6927,0
28628,109.23,15175.6927,15175.6927,0
28646,109.25,15175.6927,15175.6927,0
28647,109.25,15175.6927,15175.6927,0
28649,109.25,15175.6927,15175.6927,0
28651,109.25,15175.6927,15175.6927,0
28653,109.25,15175.6927,15175.6927,0
28673,109.27,15175.6927,15175.6927,0
28682,109.28,15175.6927,15175.6927,0
28694,109.29,15175.6927,15175.6927,0
28702,109.30,15175.6927,15175.6927,0
28713,109.31,15175.6927,15175.6927,0
28737,109.33,15175.6927,15175.6927,0
28740,109.33,15175.6927,15175.6927,0
28762,109.35,15175.6927,15175.6927,0
28767,109.36,15175.6927,15175.6927,0
28768,109.36,15175.6927,15175.6927,0
28772,109.36,15175.6927,15175.6927,0
28787,109.40,15175.6927,15175.6927,0
28791,109.41,15175.6927,15175.6927,0
28795,109.41,15175.6927,15175.6927,0
28804,109.42,15175.6927,15175.6927,0
28814,109.43,15175.6927,15175.6927,0
28825,109.44,15175.6927,15175.6927,0
28826,109.44,15175.6927,15175.6927,0
28846,109.46,15175.6927,15175.6927,0
28850,109.46,15175.6927,15175.6927,0
28860,109.48,15175.6927,15175.6927,0
28863,109.48,15175.6927,15175.6927,0
28869,109.49,15175.6927,15175.6927,0
28877,109.50,15175.6927,15175.6927,0
28889,109.52,15175.6927,15175.6927,0
28893,109.52,15175.6927,15175.6927,0
28904,109.53,15175.6927,15175.6927,0
28909,109.53,15175.6927,15175.6927,0
28932,109.55,15175.6927,15175.6927,0
28937,109.56,15175.6927,15175.6927,0
28938,109.60,15208.1334,15208.1334,0
28954,110.02,15208.1334,15208.1334,0
28961,110.19,15208.1334,15208.1334,0
28965,110.35,15208.1334,15208.1334,0
28984,110.84,15208.1334,15208.1334,0
28996,111.12,15208.1334,15208.1334,0
29000,111.16,15208.1334,15208.1334,0
29007,111.17,15208.1334,15208.1334,0
29029,111.29,15208.1334,15208.1334,0
29035,111.39,15208.1334,15208.1334,0
29040,111.41,15242.3409,15242.3409,0
29041,111.43,15242.3409,15242.3409,0
29048,111.60,15436.9628,15436.9628,0
29052,111.77,15436.9628,15436.9628,0
29055,111.86,15436.9628,15436.9628,0
29056,111.89,15436.9628,15436.9628,0
29058,111.99,15436.9628,15436.9628,0
29064,112.11,15436.9628,15436.9628,0
29065,112.15,15436.9628,15436.9628,0
29066,112.15,15436.9628,15436.9628,0
29071,112.18,15436.9628,15436.9628,0
29072,112.21,15436.9628,15436.9628,0
29074,112.28,15509.9889,15509.9889,0
29123,113.18,15509.9889,15509.9889,0
29128,113.20,15509.9889,15509.9889,0
29133,113.25,15509.9889,15509.9889,0
29140,113.32,15509.9889,15509.9889,0
29161,113.46,15509.9889,15509.9889,0
29169,113.49,15509.9889,15509.9889,0
29175,113.53,15509.9889,15509.9889,0
29210,113.84,15509.9889,15509.9889,0
29224,113.99,15509.9889,15509.9889,0
29227,114.03,15509.9889,15509.9889,0
29237,114.04,15509.9889,15509.9889,0
29238,114.04,15509.9889,15509.9889,0
29292,114.34,15509.9889,15509.9889,0
29312,114.51,15509.9889,15509.9889,0
29319,114.59,15509.9889,15509.9889,0
29326,114.65,15509.9889,15509.9889,0
29333,114.66,15509.9889,15509.9889,0
29334,114.66,15509.9889,15509.9889,0
29341,114.70,15509.9889,15509.9889,0
29343,114.70,15509.9889,15509.9889,0
29376,114.85,15509.9889,15509.9889,0
29432,115.09,15509.9889,15509.9889,0
29435,115.09,15509.9889,15509.9889,0
29444,115.13,15509.9889,15509.9889,0
29480,115.19,15509.9889,15509.9889,0
29486,115.27,15509.9889,15509.9889,0
29488,115.27,15509.9889,15509.9889,0
29509,115.29,15509.9889,15509.9889,0
29521,115.30,15509.9889,15509.9889,0
29523,115.30,15509.9889,15509.9889,0
29545,115.32,15509.9889,15509.9889,0
29547,115.33,15509.9889,15509.9889,0
29588,115.36,15509.9889,15509.9889,0
29599,115.37,15509.9889,15509.9889,0
29603,115.37,15509.9889,15509.9889,0
29612,115.43,15509.9889,15509.9889,0
29624,115.44,15509.9889,15509.9889,0
29635,115.45,15509.9889,15509.9889,0
29639,115.46,15509.9889,15509.9889,0
29641,115.46,15509.9889,15509.9889,0
29647,115.51,15509.9889,15509.9889,0
29660,115.51,15509.9889,15509.9889,0
29664,115.52,15509.9889,15509.9889,0
29713,115.65,15509.9889,15509.9889,0
29716,115.65,15509.9889,15509.9889,0
29719,115.65,15509.9889,15509.9889,0
29746,115.75,15509.9889,15509.9889,0
29747,115.75,15509.9889,15509.9889,0
29788,115.79,15509.9889,15509.9889,0
29791,115.80,15509.9889,15509.9889,0
29795,115.82,15513.1611,15513.1611,0
29801,115.88,15523.5697,15523.5697,0
29817,116.14,15523.5697,15523.5697,0
29850,116.69,15523.5697,15523.5697,0
29859,116.84,15523.5697,15523.5697,0
29866,116.96,15523.5697,15523.5697,0
29880,117.25,15523.5697,15523.5697,0
29888,117.28,15523.5697,15523.5697,0
29890,117.29,15523.5697,15523.5697,0
29895,117.32,15523.5697,15523.5697,0
29906,117.38,15523.5697,15523.5697,0
29924,117.47,15523.5697,15523.5697,0
30010,118.08,15523.5697,15523.5697,0
30036,118.29,15523.5697,15523.5697,0
30055,118.31,15523.5697,15523.5697,0
30058,118.37,15523.5697,15523.5697,0
30083,118.41,15523.5697,15523.5697,0
30084,118.41,15523.5697,15523.5697,0
30102,118.49,15523.5697,15523.5697,0
30125,118.51,15523.5697,15523.5697,0
30159,118.58,15523.5697,15523.5697,0
30169,118.63,15523.5697,15523.5697,0
30187,118.65,15523.5697,15523.5697,0
30220,118.76,15523.5697,15523.5697,0
30252,118.82,15523.5697,15523.5697,0
30262,118.83,15523.5697,15523.5697,0
30266,118.87,15523.5697,15523.5697,0
30268,118.87,15523.5697,15523.5697,0
30273,118.87,15523.5697,15523.5697,0
30314,118.95,15523.5697,15523.5697,0
30327,118.99,15523.5697,15523.5697,0
30340,119.02,15523.5697,15523.5697,0
30355,119.03,15523.5697,15523.5697,0
30374,119.12,15523.5697,15523.5697,0
30418,119.20,15523.5697,15523.5697,0
30435,119.21,15523.5697,15523.5697,0
30462,119.25,15523.5697,15523.5697,0
30472,119.26,15523.5697,15523.5697,0
30473,119.26,15523.5697,15523.5697,0
30487,119.28,15523.5697,15523.5697,0
30499,119.29,15523.5697,15523.5697,0
30501,119.29,15523.5697,15523.5697,0
30502,119.29,15523.5697,15523.5697,0
30554,119.40,15523.5697,15523.5697,0
30572,119.42,15523.5697,15523.5697,0
30593,119.48,15523.5697,15523.5697,0
30597,119.48,15523.5697,15523.5697,0
30600,119.49,15523.5697,15523.5697,0
30615,119.51,15523.5697,15523.5697,0
30661,119.56,15523.5697,15523.5697,0
30674,119.57,15523.5697,15523.5697,0
30680,119.58,15523.5697,15523.5697,0
30690,119.59,15523.5697,15523.5697,0
30703,119.67,15523.5697,15523.5697,0
30705,119.67,15523.5697,15523.5697,0
30707,119.67,15523.5697,15523.5697,0
30713,119.68,15523.5697,15523.5697,0
30723,119.69,15523.5697,15523.5697,0
30764,119.79,15523.5697,15523.5697,0
30766,119.80,15523.5697,15523.5697,0
30812,119.84,15523.5697,15523.5697,0
30825,119.90,15523.5697,15523.5697,0
30829,119.90,15523.5697,15523.5697,0
30830,119.90,15523.5697,15523.5697,0
30833,119.90,15523.5697,15523.5697,0
30851,119.96,15523.5697,15523.5697,0
30856,119.96,15523.5697,15523.5697,0
30864,119.97,15523.5697,15523.5697,0
30880,119.99,15523.5697,15523.5697,0
30920,120.03,15523.5697,15523.5697,0
30934,120.05,15523.5697,15523.5697,0
30935,120.05,15523.5697,15523.5697,0
30954,120.07,15523.5697,15523.5697,0
30956,120.07,15523.5697,15523.5697,0
30964,120.09,15523.5697,15523.5697,0
30985,120.12,15523.5697,15523.5697,0
31062,120.23,15523.5697,15523.5697,0
31066,120.23,15523.5697,15523.5697,0
31088,120.26,15523.5697,15523.5697,0
31091,120.27,15523.5697,15523.5697,0
31148,120.33,15523.5697,15523.5697,0
31177,120.36,15523.5697,15523.5697,0
31199,120.39,15523.5697,15523.5697,0
31203,120.39,15523.5697,15523.5697,0
31207,120.40,15523.5697,15523.5697,0
31211,120.40,15523.5697,15523.5697,0
31231,120.43,15523.5697,15523.5697,0
31238,120.44,15523.5697,15523.5697,0
31287,120.50,15523.5697,15523.5697,0
31291,120.50,15523.5697,15523.5697,0
31300,120.52,15523.5697,15523.5697,0
31307,120.52,15523.5697,15523.5697,0
31309,120.53,15523.5697,15523.5697,0
31311,120.53,15523.5697,15523.5697,0
31315,120.53,15523.5697,15523.5697,0
31362,120.58,15523.5697,15523.5697,0
31382,120.59,15523.5697,15523.5697,0
31419,120.63,15523.5697,15523.5697,0
31452,120.65,15523.5697,15523.5697,0
31458,120.66,15523.5697,15523.5697,0
31466,120.67,15523.5697,15523.5697,0
31518,120.72,15523.5697,15523.5697,0
31528,120.74,15523.5697,15523.5697,0
31546,120.76,15523.5697,15523.5697,0
31548,120.76,15523.5697,15523.5697,0
31561,120.77,15523.5697,15523.5697,0
31576,120.79,15523.5697,15523.5697,0
31665,120.90,15523.5697,15523.5697,0
31702,120.94,15523.5697,15523.5697,0
31709,120.95,15523.5697,15523.5697,0
31753,120.99,15523.5697,15523.5697,0
31800,121.05,15523.5697,15523.5697,0
31816,121.10,15523.5697,15523.5697,0
31840,121.13,15523.5697,15523.5697,0
31851,121.14,15523.5697,15523.5697,0
31866,121.15,15523.5697,15523.5697,0
31891,121.18,15523.5697,15523.5697,0
31892,121.18,15523.5697,15523.5697,0
31903,121.20,15523.5697,15523.5697,0
31904,121.20,15523.5697,15523.5697,0
31935,121.25,15523.5697,15523.5697,0
31960,121.27,15523.5697,15523.5697,0
31995,121.31,15523.5697,15523.5697,0
32004,121.32,15523.5697,15523.5697,0
32029,121.35,15523.5697,15523.5697,0
32032,121.35,15523.5697,15523.5697,0
32039,121.36,15523.5697,15523.5697,0
32063,121.38,15523.5697,15523.5697,0
32121,121.44,15523.5697,15523.5697,0
32123,121.44,15523.5697,15523.5697,0
32156,121.48,15523.5697,15523.5697,0
32167,121.49,15523.5697,15523.5697,0
32238,121.60,15523.5697,15523.5697,0
32259,121.62,15523.5697,15523.5697,0
32289,121.65,15523.5697,15523.5697,0
32324,121.69,15523.5697,15523.5697,0
32329,121.69,15523.5697,15523.5697,0
32330,121.69,15523.5697,15523.5697,0
32352,121.72,15523.5697,15523.5697,0
32354,121.72,15523.5697,15523.5697,0
32358,121.72,15523.5697,15523.5697,0
32363,121.73,15523.5697,15523.5697,0
32365,121.73,15523.5697,15523.5697,0
32395,121.77,15523.5697,15523.5697,0
32397,121.77,15523.5697,15523.5697,0
32410,121.79,15523.5697,15523.5697,0
32426,121.81,15523.5697,15523.5697,0
32445,121.84,15523.5697,15523.5697,0
32446,121.84,15523.5697,15523.5697,0
32452,121.84,15523.5697,15523.5697,0
32488,121.87,15523.5697,15523.5697,0
32489,121.88,15523.5697,15523.5697,0
32509,121.89,15523.5697,15523.5697,0
32538,121.93,15523.5697,15523.5697,0
32545,121.94,15523.5697,15523.5697,0
32554,121.95,15523.5697,15523.5697,0
32562,121.96,15523.5697,15523.5697,0
32584,121.98,15523.5697,15523.5697,0
32587,121.98,15523.5697,15523.5697,0
32597,121.99,15523.5697,15523.5697,0
32603,122.00,15523.5697,15523.5697,0
32677,122.11,15523.5697,15523.5697,0
32678,122.12,15523.5697,15523.5697,0
32689,122.12,15523.5697,15523.5697,0
32701,122.14,15523.5697,15523.5697,0
32722,122.17,15523.5697,15523.5697,0
32736,122.18,15523.5697,15523.5697,0
32743,122.19,15523.5697,15523.5697,0
32754,122.20,15523.5697,15523.5697,0
32769,122.22,15523.5697,15523.5697,0
32790,122.28,15523.5697,15523.5697,0
32791,122.28,15523.5697,15523.5697,0
32802,122.29,15523.5697,15523.5697,1
32803,122.37,15513.1611,15523.5697,0
32809,122.53,15513.1611,15523.5697,0
32811,122.59,15513.1611,15523.5697,0
32814,122.66,15513.1611,15523.5697,0
32815,122.66,15513.1611,15523.5697,0
32818,122.74,15513.1611,15523.5697,0
32820,122.81,15535.9997,15535.9997,0
32832,123.26,15535.9997,15535.9997,0
32837,123.33,15543.8506,15543.8506,0
32842,123.48,15543.8506,15543.8506,0
32874,124.28,15543.8506,15543.8506,0
32875,124.35,15543.8506,15543.8506,0
32882,124.47,15543.8506,15543.8506,0
32887,124.53,15543.8506,15543.8506,0
32903,124.71,15543.8506,15543.8506,0
32941,124.92,15543.8506,15543.8506,0
32943,124.92,15543.8506,15543.8506,0
32958,124.97,15543.8506,15543.8506,0
32966,125.01,15543.8506,15543.8506,0
32974,125.12,15543.8506,15543.8506,0
32991,125.18,15543.8506,15543.8506,0
32995,125.18,15543.8506,15543.8506,0
32997,125.18,15543.8506,15543.8506,0
33013,125.28,15543.8506,15543.8506,0
33034,125.35,15543.8506,15543.8506,0
33041,125.42,15543.8506,15543.8506,0
33046,125.46,15543.8506,15543.8506,0
33111,125.60,15543.8506,15543.8506,0
33124,125.69,15543.8506,15543.8506,0
33128,125.69,15543.8506,15543.8506,0
33136,125.81,15543.8506,15543.8506,0
33138,125.81,15543.8506,15543.8506,0
33140,125.81,15543.8506,15543.8506,0
33161,125.83,15543.8506,15543.8506,0
33169,125.90,15543.8506,15543.8506,0
33171,125.90,15543.8506,15543.8506,0
33176,125.91,15543.8506,15543.8506,0
33178,125.91,15543.8506,15543.8506,0
33223,126.14,15543.8506,15543.8506,0
33227,126.19,15543.8506,15543.8506,0
33250,126.20,15543.8506,15543.8506,0
33252,126.21,15543.8506,15543.8506,0
33286,126.37,15543.8506,15543.8506,0
33290,126.38,15543.8506,15543.8506,0
33299,126.39,15543.8506,15543.8506,0
33303,126.40,15543.8506,15543.8506,0
33315,126.46,15543.8506,15543.8506,0
33331,126.48,15543.8506,15543.8506,0
33338,126.48,15543.8506,15543.8506,0
33366,126.52,15543.8506,15543.8506,0
33379,126.59,15543.8506,15543.8506,0
33382,126.60,15543.8506,15543.8506,0
33384,126.64,15543.8506,15543.8506,0
33396,126.70,15543.8506,15543.8506,0
33404,126.70,15543.8506,15543.8506,0
33407,126.71,15543.8506,15543.8506,0
33410,126.71,15543.8506,15543.8506,0
33419,126.72,15543.8506,15543.8506,0
33429,126.73,15543.8506,15543.8506,0
33457,126.94,15543.8506,15543.8506,0
33466,126.95,15543.8506,15543.8506,0
33468,126.95,15543.8506,15543.8506,0
33479,126.99,15543.8506,15543.8506,0
33487,126.99,15543.8506,15543.8506,0
33506,127.02,15543.8506,15543.8506,0
33507,127.02,15543.8506,15543.8506,0
33519,127.03,15543.8506,15543.8506,0
33569,127.10,15543.8506,15543.8506,0
33579,127.11,15543.8506,15543.8506,0
33586,127.11,15543.8506,15543.8506,0
33597,127.13,15543.8506,15543.8506,0
33598,127.13,15543.8506,15543.8506,0
33604,127.13,15543.8506,15543.8506,0
33636,127.16,15543.8506,15543.8506,0
33638,127.16,15543.8506,15543.8506,0
33642,127.17,15543.8506,15543.8506,0
33645,127.17,15543.8506,15543.8506,0
33646,127.17,15543.8506,15543.8506,0
33647,127.17,15543.8506,15543.8506,0
33678,127.26,15543.8506,15543.8506,0
33686,127.27,15543.8506,15543.8506,0
33692,127.27,15543.8506,15543.8506,0
33711,127.31,15543.8506,15543.8506,0
33775,127.41,15543.8506,15543.8506,0
33806,127.52,15543.8506,15543.8506,0
33817,127.53,15543.8506,15543.8506,0
33821,127.53,15543.8506,15543.8506,0
33825,127.54,15543.8506,15543.8506,0
33849,127.56,15543.8506,15543.8506,0
33868,127.58,15543.8506,15543.8506,0
33891,127.60,15543.8506,15543.8506,0
33893,127.60,15543.8506,15543.8506,0
33908,127.63,15543.8506,15543.8506,0
33911,127.63,15543.8506,15543.8506,0
33914,127.63,15543.8506,15543.8506,0
33916,127.64,15543.8506,15543.8506,0
33918,127.69,15543.8506,15543.8506,0
33922,127.70,15543.8506,15543.8506,0
33932,127.71,15543.8506,15543.8506,0
33934,127.71,15543.8506,15543.8506,0
33936,127.71,15543.8506,15543.8506,0
33952,127.72,15543.8506,15543.8506,0
33961,127.73,15543.8506,15543.8506,0
33978,127.75,15543.8506,15543.8506,0
33999,127.77,15543.8506,15543.8506,0
34012,127.79,15543.8506,15543.8506,0
34019,127.79,15543.8506,15543.8506,0
34024,127.80,15543.8506,15543.8506,0
34025,127.80,15543.8506,15543.8506,0
34066,127.84,15543.8506,15543.8506,0
34072,127.85,15543.8506,15543.8506,0
34097,127.87,15543.8506,15543.8506,0
34101,127.88,15543.8506,15543.8506,0
34114,127.89,15543.8506,15543.8506,0
34149,127.92,15543.8506,15543.8506,0
34151,127.92,15543.8506,15543.8506,0
34189,127.97,15543.8506,15543.8506,0
34199,127.98,15543.8506,15543.8506,0
34228,128.02,15543.8506,15543.8506,0
34260,128.05,15543.8506,15543.8506,0
34268,128.05,15543.8506,15543.8506,0
34289,128.08,15543.8506,15543.8506,0
34300,128.09,15543.8506,15543.8506,0
34322,128.11,15543.8506,15543.8506,0
34325,128.11,15543.8506,15543.8506,0
34328,128.11,15543.8506,15543.8506,0
34332,128.11,15543.8506,15543.8506,0
34371,128.15,15543.8506,15543.8506,0
34380,128.16,15543.8506,15543.8506,0
34392,128.17,15543.8506,15543.8506,0
34399,128.18,15543.8506,15543.8506,0
34416,128.20,15543.8506,15543.8506,0
34420,128.20,15543.8506,15543.8506,0
34426,128.21,15543.8506,15543.8506,0
34430,128.22,15543.8506,15543.8506,0
34444,128.26,15543.8506,15543.8506,0
34475,128.31,15543.8506,15543.8506,0
34479,128.32,15543.8506,15543.8506,0
34487,128.32,15543.8506,15543.8506,0
34517,128.36,15543.8506,15543.8506,0
34532,128.38,15543.8506,15543.8506,0
34577,128.44,15543.8506,15543.8506,0
34585,128.45,15543.8506,15543.8506,0
34604,128.47,15543.8506,15543.8506,0
34625,128.49,15543.8506,15543.8506,0
34627,128.49,15543.8506,15543.8506,0
34638,128.50,15543.8506,15543.8506,0
34646,128.51,15543.8506,15543.8506,0
34658,128.52,15543.8506,15543.8506,0
34678,128.55,15543.8506,15543.8506,0
34690,128.56,15543.8506,15543.8506,0
34701,128.57,15543.8506,15543.8506,0
34778,128.68,15543.8506,15543.8506,0
34806,128.75,15543.8506,15543.8506,0
34812,128.75,15543.8506,15543.8506,0
34815,128.76,15543.8506,15543.8506,0
34828,128.77,15543.8506,15543.8506,0
34836,128.77,15543.8506,15543.8506,0
34840,128.78,15543.8506,15543.8506,0
34877,128.82,15543.8506,15543.8506,0
34890,128.83,15543.8506,15543.8506,0
34897,128.84,15543.8506,15543.8506,0
34906,128.85,15543.8506,15543.8506,0
34923,128.87,15543.8506,15543.8506,0
34928,128.88,15543.8506,15543.8506,0
34938,128.89,15543.8506,15543.8506,0
34953,128.91,15543.8506,15543.8506,0
34957,128.92,15543.8506,15543.8506,0
34961,128.93,15543.8506,15543.8506,0
34989,128.95,15543.8506,15543.8506,0
35020,128.98,15543.8506,15543.8506,0
35025,128.99,15543.8506,15543.8506,0
35033,128.99,15543.8506,15543.8506,0
35055,129.02,15543.8506,15543.8506,0
35062,129.03,15543.8506,15543.8506,0
35073,129.04,15543.8506,15543.8506,0
35095,129.06,15543.8506,15543.8506,0
35105,129.07,15543.8506,15543.8506,0
35112,129.08,15543.8506,15543.8506,0
35132,129.10,15543.8506,15543.8506,0
35149,129.11,15543.8506,15543.8506,0
35168,129.13,15543.8506,15543.8506,0
35173,129.14,15543.8506,15543.8506,0
35180,129.14,15543.8506,15543.8506,0
35191,129.15,15543.8506,15543.8506,0
35245,129.21,15543.8506,15543.8506,0
35320,129.29,15543.8506,15543.8506,0
35353,129.32,15543.8506,15543.8506,0
35369,129.33,15543.8506,15543.8506,0
35374,129.34,15543.8506,15543.8506,0
35394,129.36,15543.8506,15543.8506,0
35398,129.36,15543.8506,15543.8506,0
35407,129.37,15543.8506,15543.8506,0
35417,129.38,15543.8506,15543.8506,0
35423,129.39,15543.8506,15543.8506,0
35440,129.42,15543.8506,15543.8506,0
35442,129.42,15543.8506,15543.8506,0
35445,129.42,15543.8506,15543.8506,0
35460,129.43,15543.8506,15543.8506,0
35468,129.43,15543.8506,15543.8506,0
35474,129.44,15543.8506,15543.8506,0
35476,129.44,15543.8506,15543.8506,0
35482,129.45,15543.8506,15543.8506,0
35487,129.45,15543.8506,15543.8506,0
35528,129.50,15543.8506,15543.8506,0
35535,129.50,15543.8506,15543.8506,0
35539,129.51,15543.8506,15543.8506,0
35542,129.51,15543.8506,15543.8506,0
35551,129.52,15543.8506,15543.8506,0
35569,129.54,15543.8506,15543.8506,0
35587,129.56,15543.8506,15543.8506,0
35589,129.56,15543.8506,15543.8506,0
35593,129.56,15543.8506,15543.8506,0
35608,129.58,15543.8506,15543.8506,0
35613,129.58,15543.8506,15543.8506,0
35614,129.58,15543.8506,15543.8506,0
35623,129.60,15543.8506,15543.8506,0
35652,129.63,15543.8506,15543.8506,0
35669,129.64,15543.8506,15543.8506,0
35690,129.67,15543.8506,15543.8506,0
35709,129.69,15543.8506,15543.8506,0
35725,129.71,15543.8506,15543.8506,0
35752,129.74,15543.8506,15543.8506,0
35755,129.74,15543.8506,15543.8506,0
35766,129.75,15543.8506,15543.8506,0
35768,129.75,15543.8506,15543.8506,0
35769,129.75,15543.8506,15543.8506,0
35775,129.76,15543.8506,15543.8506,0
35810,129.80,15543.8506,15543.8506,0
35811,129.80,15543.8506,15543.8506,0
35815,129.80,15543.8506,15543.8506,0
35829,129.82,15543.8506,15543.8506,0
35837,129.83,15543.8506,15543.8506,0
35838,129.83,15543.8506,15543.8506,1
35840,129.92,15353.6796,15543.8506,0
35850,130.24,15353.6796,15543.8506,0
35853,130.26,15353.6796,15543.8506,0
35856,130.26,15353.6796,15543.8506,0
35858,130.30,15353.6796,15543.8506,0
35859,130.37,15543.8506,15543.8506,0
35893,130.40,15543.8506,15543.8506,0
35919,130.43,15543.8506,15543.8506,0
35924,130.43,15543.8506,15543.8506,0
35937,130.44,15543.8506,15543.8506,0
35956,130.47,15543.8506,15543.8506,0
35970,130.48,15543.8506,15543.8506,0
35973,130.48,15543.8506,15543.8506,0
35991,130.51,15543.8506,15543.8506,0
35994,130.51,15543.8506,15543.8506,0
35999,130.52,15543.8506,15543.8506,0
36040,130.57,15543.8506,15543.8506,0
36045,130.57,15543.8506,15543.8506,0
36060,130.59,15543.8506,15543.8506,0
36068,130.60,15543.8506,15543.8506,0
36084,130.62,15543.8506,15543.8506,0
36087,130.63,15543.8506,15543.8506,0
36090,130.63,15543.8506,15543.8506,0
36091,130.63,15543.8506,15543.8506,0
36106,130.64,15543.8506,15543.8506,0
36112,130.65,15543.8506,15543.8506,0
36114,130.65,15543.8506,15543.8506,0
36121,130.66,15543.8506,15543.8506,0
36124,130.67,15543.8506,15543.8506,0
36129,130.67,15543.8506,15543.8506,0
36131,130.67,15543.8506,15543.8506,0
36153,130.69,15543.8506,15543.8506,0
36170,130.71,15543.8506,15543.8506,0
36176,130.72,15543.8506,15543.8506,0
36179,130.72,15543.8506,15543.8506,0
36180,130.72,15543.8506,15543.8506,0
36223,130.77,15543.8506,15543.8506,0
36242,130.79,15543.8506,15543.8506,0
36248,130.79,15543.8506,15543.8506,0
36253,130.80,15543.8506,15543.8506,0
36291,130.84,15543.8506,15543.8506,0
36296,130.85,15543.8506,15543.8506,0
36303,130.85,15543.8506,15543.8506,0
36306,130.86,15543.8506,15543.8506,0
36308,130.86,15543.8506,15543.8506,0
36310,130.86,15543.8506,15543.8506,0
36316,130.87,15543.8506,15543.8506,0
36333,130.89,15543.8506,15543.8506,0
36351,130.90,15543.8506,15543.8506,0
36357,130.91,15543.8506,15543.8506,0
36362,130.91,15543.8506,15543.8506,0
36372,130.93,15543.8506,15543.8506,0
36394,130.95,15543.8506,15543.8506,0
36395,130.95,15543.8506,15543.8506,0
36399,130.95,15543.8506,15543.8506,0
36405,130.96,15543.8506,15543.8506,0
36428,130.99,15543.8506,15543.8506,0
36461,131.01,15543.8506,15543.8506,0
36470,131.03,15543.8506,15543.8506,0
36480,131.04,15543.8506,15543.8506,0
36484,131.05,15543.8506,15543.8506,0
36514,131.07,15543.8506,15543.8506,0
36518,131.08,15543.8506,15543.8506,0
36534,131.10,15543.8506,15543.8506,0
36544,131.11,15543.8506,15543.8506,0
36557,131.13,15543.8506,15543.8506,0
36569,131.14,15543.8506,15543.8506,0
36577,131.15,15543.8506,15543.8506,0
36588,131.16,15543.8506,15543.8506,0
36589,131.16,15543.8506,15543.8506,0
36621,131.18,15543.8506,15543.8506,0
36633,131.19,15543.8506,15543.8506,0
36638,131.20,15543.8506,15543.8506,0
36698,131.25,15543.8506,15543.8506,0
36724,131.28,15543.8506,15543.8506,0
36776,131.34,15543.8506,15543.8506,0
36795,131.36,15543.8506,15543.8506,0
36797,131.36,15543.8506,15543.8506,0
36799,131.36,15543.8506,15543.8506,0
36820,131.39,15543.8506,15543.8506,0
36848,131.42,15543.8506,15543.8506,0
36852,131.42,15543.8506,15543.8506,0
36854,131.42,15543.8506,15543.8506,0
36861,131.43,15543.8506,15543.8506,0
36866,131.44,15543.8506,15543.8506,0
36907,131.48,15543.8506,15543.8506,0
36917,131.49,15543.8506,15543.8506,0
36923,131.50,15543.8506,15543.8506,0
36936,131.51,15543.8506,15543.8506,0
36957,131.54,15543.8506,15543.8506,0
36961,131.55,15543.8506,15543.8506,0
36973,131.56,15543.8506,15543.8506,0
36974,131.56,15543.8506,15543.8506,0
37011,131.60,15543.8506,15543.8506,0
37012,131.60,15543.8506,15543.8506,0
37039,131.62,15543.8506,15543.8506,0
37052,131.64,15543.8506,15543.8506,0
37061,131.65,15543.8506,15543.8506,0
37087,131.67,15543.8506,15543.8506,0
37089,131.68,15543.8506,15543.8506,0
37094,131.68,15543.8506,15543.8506,0
37105,131.69,15543.8506,15543.8506,0
37107,131.70,15543.8506,15543.8506,0
37121,131.71,15543.8506,15543.8506,0
37158,131.75,15543.8506,15543.8506,0
37172,131.76,15543.8506,15543.8506,0
37179,131.76,15543.8506,15543.8506,0
37189,131.77,15543.8506,15543.8506,0
37202,131.79,15543.8506,15543.8506,0
37208,131.79,15543.8506,15543.8506,0
37216,131.80,15543.8506,15543.8506,0
37227,131.81,15543.8506,15543.8506,0
37244,131.82,15543.8506,15543.8506,0
37253,131.83,15543.8506,15543.8506,0
37257,131.83,15543.8506,15543.8506,0
37281,131.86,15543.8506,15543.8506,0
37289,131.87,15543.8506,15543.8506,0
37298,131.88,15543.8506,15543.8506,0
37317,131.91,15543.8506,15543.8506,0
37318,131.91,15543.8506,15543.8506,0
37320,131.91,15543.8506,15543.8506,0
37354,131.95,15543.8506,15543.8506,0
37415,132.02,15543.8506,15543.8506,0
37440,132.05,15543.8506,15543.8506,0
37443,132.05,15543.8506,15543.8506,0
37444,132.05,15543.8506,15543.8506,0
37445,132.06,15543.8506,15543.8506,0
37447,132.06,15543.8506,15543.8506,0
37462,132.08,15543.8506,15543.8506,0
37466,132.08,15543.8506,15543.8506,0
37481,132.10,15543.8506,15543.8506,0
37485,132.10,15543.8506,15543.8506,0
37491,132.11,15543.8506,15543.8506,0
37498,132.11,15543.8506,15543.8506,0
37500,132.11,15543.8506,15543.8506,0
37514,132.13,15543.8506,15543.8506,0
37535,132.16,15543.8506,15543.8506,0
37537,132.16,15543.8506,15543.8506,0
37553,132.17,15543.8506,15543.8506,0
37560,132.18,15543.8506,15543.8506,0
37575,132.19,15543.8506,15543.8506,0
37606,132.23,15543.8506,15543.8506,0
37636,132.27,15543.8506,15543.8506,0
37655,132.29,15543.8506,15543.8506,0
37671,132.31,15543.8506,15543.8506,0
37688,132.33,15543.8506,15543.8506,0
37692,132.33,15543.8506,15543.8506,0
37724,132.37,15543.8506,15543.8506,0
37748,132.39,15543.8506,15543.8506,0
37756,132.40,15543.8506,15543.8506,0
37778,132.42,15543.8506,15543.8506,0
37802,132.44,15543.8506,15543.8506,0
37844,132.49,15543.8506,15543.8506,0
37854,132.50,15543.8506,15543.8506,0
37871,132.52,15543.8506,15543.8506,0
37875,132.53,15543.8506,15543.8506,0
37895,132.55,15543.8506,15543.8506,0
37914,132.57,15543.8506,15543.8506,0
37925,132.58,15543.8506,15543.8506,0
37975,132.65,15543.8506,15543.8506,0
37998,132.67,15543.8506,15543.8506,0
38005,132.67,15543.8506,15543.8506,0
38006,132.68,15543.8506,15543.8506,0
38013,132.68,15543.8506,15543.8506,0
38024,132.70,15543.8506,15543.8506,0
38030,132.70,15543.8506,15543.8506,0
38031,132.70,15543.8506,15543.8506,0
38042,132.72,15543.8506,15543.8506,0
38050,132.72,15543.8506,15543.8506,0
38056,132.73,15543.8506,15543.8506,0
38063,132.74,15543.8506,15543.8506,0
38077,132.75,15543.8506,15543.8506,0
38105,132.79,15543.8506,15543.8506,0
38107,132.79,15543.8506,15543.8506,0
38108,132.79,15543.8506,15543.8506,0
38181,132.86,15543.8506,15543.8506,0
38193,132.87,15543.8506,15543.8506,0
38214,132.89,15543.8506,15543.8506,0
38224,132.90,15543.8506,15543.8506,0
38246,132.92,15543.8506,15543.8506,0
38264,132.95,15543.8506,15543.8506,0
38294,132.98,15543.8506,15543.8506,0
38328,133.01,15543.8506,15543.8506,0
38332,133.02,15543.8506,15543.8506,0
38333,133.02,15543.8506,15543.8506,0
38360,133.05,15543.8506,15543.8506,0
38378,133.07,15543.8506,15543.8506,0
38391,133.08,15543.8506,15543.8506,0
38398,133.09,15543.8506,15543.8506,0
38409,133.10,15543.8506,15543.8506,0
38446,133.14,15543.8506,15543.8506,0
38448,133.14,15543.8506,15543.8506,0
38460,133.15,15543.8506,15543.8506,0
38469,133.16,15543.8506,15543.8506,0
38477,133.17,15543.8506,15543.8506,0
38481,133.17,15543.8506,15543.8506,0
38487,133.18,15543.8506,15543.8506,0
38500,133.19,15543.8506,15543.8506,0
38510,133.20,15543.8506,15543.8506,0
38524,133.21,15543.8506,15543.8506,0
38526,133.23,15543.8506,15543.8506,0
38587,133.29,15543.8506,15543.8506,0
38644,133.34,15543.8506,15543.8506,0
38645,133.34,15543.8506,15543.8506,0
38670,133.37,15543.8506,15543.8506,0
38673,133.38,15543.8506,15543.8506,0
38677,133.38,15543.8506,15543.8506,0
38679,133.38,15543.8506,15543.8506,0
38697,133.40,15543.8506,15543.8506,0
38703,133.40,15543.8506,15543.8506,0
38738,133.43,15543.8506,15543.8506,0
38753,133.44,15543.8506,15543.8506,0
38762,133.46,15543.8506,15543.8506,0
38764,133.46,15543.8506,15543.8506,0
38769,133.47,15543.8506,15543.8506,0
38771,133.47,15543.8506,15543.8506,0
38833,133.54,15543.8506,15543.8506,0
38860,133.57,15543.8506,15543.8506,1
38861,133.65,15242.2851,15543.8506,0
38863,133.70,15378.2742,15543.8506,0
38864,133.76,15378.2742,15543.8506,0
38866,133.78,15378.2742,15543.8506,0
38868,133.85,15430.2948,15543.8506,0
38869,133.91,15451.5590,15543.8506,0
38873,134.01,15451.5590,15543.8506,0
38877,134.16,15451.5590,15543.8506,0
38887,134.41,15451.5590,15543.8506,0
38890,134.44,15451.5590,15543.8506,0
38895,134.59,15451.5590,15543.8506,0
38900,134.65,15451.5590,15543.8506,0
38901,134.65,15451.5590,15543.8506,0
38902,134.66,15451.5590,15543.8506,0
38909,134.73,15451.5590,15543.8506,0
38925,134.89,15451.5590,15543.8506,0
38944,135.01,15451.5590,15543.8506,0
38945,135.01,15451.5590,15543.8506,0
38950,135.05,15451.5590,15543.8506,0
38955,135.18,15451.5590,15543.8506,0
38958,135.19,15451.5590,15543.8506,0
38962,135.25,15451.5590,15543.8506,0
38964,135.26,15451.5590,15543.8506,0
38973,135.34,15451.5590,15543.8506,0
38977,135.36,15451.5590,15543.8506,0
38979,135.37,15451.5590,15543.8506,0
38987,135.39,15451.5590,15543.8506,0
38991,135.40,15451.5590,15543.8506,0
38999,135.42,15451.5590,15543.8506,0
39003,135.53,15451.5590,15543.8506,0
39007,135.53,15451.5590,15543.8506,0
39009,135.54,15451.5590,15543.8506,0
39018,135.67,15451.5590,15543.8506,0
39047,135.86,15451.5590,15543.8506,0
39055,135.91,15451.5590,15543.8506,0
39064,135.99,15451.5590,15543.8506,0
39078,136.08,15466.7661,15543.8506,0
39080,136.15,15466.7661,15543.8506,0
39088,136.35,15466.7661,15543.8506,0
39091,136.41,15466.7661,15543.8506,0
39096,136.54,15466.7661,15543.8506,0
39102,136.60,15466.7661,15543.8506,0
39108,136.82,15466.7661,15543.8506,0
39112,136.82,15466.7661,15543.8506,0
39117,136.86,15466.7661,15543.8506,0
39118,136.93,15467.0846,15543.8506,0
39119,136.97,15635.5167,15635.5167,0
39134,137.31,15635.5167,15635.5167,0
39139,137.33,15635.5167,15635.5167,0
39145,137.39,15635.5167,15635.5167,0
39148,137.39,15635.5167,15635.5167,0
39155,137.45,15635.5167,15635.5167,0
39175,137.66,15635.5167,15635.5167,0
39189,137.81,15635.5167,15635.5167,0
39192,137.91,15635.5167,15635.5167,0
39206,138.11,15635.5167,15635.5167,0
39210,138.12,15635.5167,15635.5167,0
39215,138.12,15635.5167,15635.5167,0
39219,138.14,15635.5167,15635.5167,0
39221,138.18,15635.5167,15635.5167,0
39227,138.20,15635.5167,15635.5167,0
39236,138.23,15635.5167,15635.5167,0
39242,138.24,15635.5167,15635.5167,0
39256,138.43,15635.5167,15635.5167,0
39257,138.43,15635.5167,15635.5167,0
39261,138.44,15635.5167,15635.5167,0
39270,138.60,15635.5167,15635.5167,0
39275,138.62,15635.5167,15635.5167,0
39285,138.68,15635.5167,15635.5167,0
39296,138.76,15635.5167,15635.5167,0
39298,138.77,15635.5167,15635.5167,0
39303,138.80,15635.5167,15635.5167,0
39313,138.81,15635.5167,15635.5167,0
39351,138.94,15635.5167,15635.5167,0
39383,139.00,15635.5167,15635.5167,0
39396,139.08,15635.5167,15635.5167,0
39397,139.08,15635.5167,15635.5167,0
39399,139.12,15635.5167,15635.5167,0
39401,139.12,15635.5167,15635.5167,0
39404,139.17,15642.9596,15642.9596,0
39411,139.39,15642.9596,15642.9596,0
39428,139.54,15642.9596,15642.9596,0
39433,139.62,15642.9596,15642.9596,0
39434,139.69,15642.9596,15642.9596,0
39435,139.69,15642.9596,15642.9596,0
39440,139.70,15642.9596,15642.9596,0
39445,139.77,15643.3164,15643.3164,0
39450,139.82,15643.3164,15643.3164,0
39451,139.84,15643.3164,15643.3164,0
39465,140.16,15643.3164,15643.3164,0
39467,140.20,15643.3164,15643.3164,0
39477,140.45,15643.3164,15643.3164,0
39480,140.52,15643.3164,15643.3164,0
39483,140.55,15643.3164,15643.3164,0
39487,140.64,15643.3164,15643.3164,0
39495,140.70,15643.3164,15643.3164,0
39497,140.70,15643.3164,15643.3164,0
39512,140.77,15643.3164,15643.3164,0
39524,140.90,15643.3164,15643.3164,0
39533,141.04,15643.3164,15643.3164,0
39538,141.06,15643.3164,15643.3164,0
39540,141.06,15643.3164,15643.3164,0
39542,141.08,15643.3164,15643.3164,0
39546,141.09,15643.3164,15643.3164,0
39550,141.10,15643.3164,15643.3164,0
39555,141.10,15643.3164,15643.3164,0
39556,141.10,15643.3164,15643.3164,0
39559,141.13,15643.3164,15643.3164,0
39561,141.13,15643.3164,15643.3164,0
39563,141.13,15643.3164,15643.3164,0
39565,141.13,15643.3164,15643.3164,0
39567,141.14,15643.3164,15643.3164,0
39568,141.14,15643.3164,15643.3164,0
39574,141.15,15643.3164,15643.3164,0
39578,141.15,15643.3164,15643.3164,0
39581,141.19,15643.3164,15643.3164,0
39582,141.19,15643.3164,15643.3164,0
39593,141.22,15643.3164,15643.3164,0
39597,141.23,15643.3164,15643.3164,0
39620,141.33,15643.3164,15643.3164,0
39621,141.33,15643.3164,15643.3164,0
39626,141.37,15643.3164,15643.3164,0
39642,141.44,15643.3164,15643.3164,0
39646,141.48,15643.3164,15643.3164,0
39649,141.48,15643.3164,15643.3164,0
39652,141.50,15643.3164,15643.3164,0
39657,141.52,15643.3164,15643.3164,0
39663,141.53,15643.3164,15643.3164,0
39664,141.58,15643.3164,15643.3164,0
39670,141.59,15643.3164,15643.3164,0
39674,141.59,15643.3164,15643.3164,0
39675,141.63,15643.3164,15643.3164,0
39685,141.70,15643.3164,15643.3164,0
39687,141.73,15643.3164,15643.3164,0
39703,141.81,15643.3164,15643.3164,0
39706,141.85,15643.3164,15643.3164,0
39713,141.87,15643.3164,15643.3164,0
39722,141.95,15643.3164,15643.3164,0
39724,141.95,15643.3164,15643.3164,0
39730,141.99,15643.3164,15643.3164,0
39733,141.99,15643.3164,15643.3164,0
39745,142.02,15643.3164,15643.3164,0
39746,142.02,15643.3164,15643.3164,0
39749,142.03,15643.3164,15643.3164,0
39752,142.04,15643.3164,15643.3164,0
39761,142.05,15643.3164,15643.3164,0
39773,142.13,15643.3164,15643.3164,0
39782,142.16,15643.3164,15643.3164,0
39786,142.18,15643.3164,15643.3164,0
39787,142.18,15643.3164,15643.3164,0
39791,142.19,15643.3164,15643.3164,0
39793,142.19,15643.3164,15643.3164,0
39796,142.19,15643.3164,15643.3164,0
39799,142.20,15643.3164,15643.3164,0
39800,142.24,15643.3164,15643.3164,0
39801,142.24,15643.3164,15643.3164,0
39802,142.24,15643.3164,15643.3164,0
39808,142.25,15643.3164,15643.3164,0
39813,142.26,15643.3164,15643.3164,0
39817,142.27,15643.3164,15643.3164,0
39820,142.27,15643.3164,15643.3164,0
39836,142.32,15643.3164,15643.3164,0
39843,142.34,15643.3164,15643.3164,0
39849,142.37,15643.3164,15643.3164,0
39851,142.37,15643.3164,15643.3164,0
39870,142.46,15643.3164,15643.3164,0
39882,142.49,15643.3164,15643.3164,0
39883,142.49,15643.3164,15643.3164,0
39897,142.54,15643.3164,15643.3164,0
39905,142.57,15643.3164,15643.3164,0
39923,142.60,15643.3164,15643.3164,0
39926,142.61,15643.3164,15643.3164,0
39939,142.64,15643.3164,15643.3164,0
39941,142.64,15643.3164,15643.3164,0
39943,142.64,15643.3164,15643.3164,0
39944,142.65,15643.3164,15643.3164,0
39962,142.69,15643.3164,15643.3164,0
39964,142.70,15643.3164,15643.3164,0
39966,142.73,15643.3164,15643.3164,0
39971,142.74,15643.3164,15643.3164,0
39972,142.74,15643.3164,15643.3164,0
39975,142.75,15643.3164,15643.3164,0
39977,142.75,15643.3164,15643.3164,0
39979,142.75,15643.3164,15643.3164,0
39988,142.78,15643.3164,15643.3164,0
39992,142.78,15643.3164,15643.3164,0
39993,142.78,15643.3164,15643.3164,0
39994,142.79,15643.3164,15643.3164,0
40000,142.83,15643.3164,15643.3164,0
40010,142.91,15643.3164,15643.3164,0
40014,142.91,15643.3164,15643.3164,0
40026,142.95,15643.3164,15643.3164,0
40028,142.96,15643.3164,15643.3164,0
40032,142.97,15643.3164,15643.3164,0
40049,143.12,15643.3164,15643.3164,0
40054,143.16,15643.3164,15643.3164,0
40074,143.21,15643.3164,15643.3164,0
40088,143.28,15643.3164,15643.3164,0
40090,143.28,15643.3164,15643.3164,0
40101,143.30,15643.3164,15643.3164,0
40110,143.35,15643.3164,15643.3164,0
40118,143.37,15643.3164,15643.3164,0
40133,143.47,15643.3164,15643.3164,0
40138,143.48,15643.3164,15643.3164,0
40143,143.49,15643.3164,15643.3164,0
40149,143.51,15643.3164,15643.3164,0
40151,143.51,15643.3164,15643.3164,0
40154,143.52,15643.3164,15643.3164,0
40157,143.52,15643.3164,15643.3164,0
40158,143.52,15643.3164,15643.3164,0
40159,143.53,15643.3164,15643.3164,0
40161,143.53,15643.3164,15643.3164,0
40174,143.56,15643.3164,15643.3164,0
40189,143.57,15643.3164,15643.3164,0
40197,143.58,15643.3164,15643.3164,0
40198,143.63,15643.3164,15643.3164,0
40200,143.64,15643.3164,15643.3164,0
40207,143.65,15643.3164,15643.3164,0
40226,143.72,15643.3164,15643.3164,0
40227,143.72,15643.3164,15643.3164,0
40233,143.73,15643.3164,15643.3164,0
40238,143.75,15643.3164,15643.3164,0
40243,143.75,15643.3164,15643.3164,0
40251,143.76,15643.3164,15643.3164,0
40260,143.77,15643.3164,15643.3164,0
40269,143.80,15643.3164,15643.3164,0
40270,143.80,15643.3164,15643.3164,0
40277,143.81,15643.3164,15643.3164,0
40278,143.81,15643.3164,15643.3164,0
40280,143.82,15643.3164,15643.3164,0
40288,143.83,15643.3164,15643.3164,0
40301,143.88,15643.3164,15643.3164,0
40308,143.90,15643.3164,15643.3164,0
40317,143.93,15643.3164,15643.3164,0
40324,143.95,15643.3164,15643.3164,0
40325,143.95,15643.3164,15643.3164,0
40329,143.96,15643.3164,15643.3164,0
40331,143.96,15643.3164,15643.3164,0
40334,143.96,15643.3164,15643.3164,0
40335,143.96,15643.3164,15643.3164,0
40340,143.97,15643.3164,15643.3164,0
40341,143.98,15643.3164,15643.3164,0
40357,144.00,15643.3164,15643.3164,0
40359,144.01,15643.3164,15643.3164,0
40366,144.03,15643.3164,15643.3164,0
40374,144.04,15643.3164,15643.3164,0
40381,144.06,15643.3164,15643.3164,0
40388,144.07,15643.3164,15643.3164,0
40403,144.12,15643.3164,15643.3164,0
40407,144.14,15643.3164,15643.3164,0
40408,144.14,15643.3164,15643.3164,0
40428,144.20,15643.3164,15643.3164,0
40429,144.20,15643.3164,15643.3164,0
40430,144.20,15643.3164,15643.3164,0
40445,144.24,15643.3164,15643.3164,0
40451,144.24,15643.3164,15643.3164,0
40456,144.26,15643.3164,15643.3164,0
40467,144.29,15643.3164,15643.3164,0
40473,144.33,15643.3164,15643.3164,0
40476,144.33,15643.3164,15643.3164,0
40491,144.39,15643.3164,15643.3164,0
40492,144.39,15643.3164,15643.3164,0
40497,144.42,15643.3164,15643.3164,0
40498,144.42,15643.3164,15643.3164,0
40515,144.45,15643.3164,15643.3164,0
40520,144.47,15643.3164,15643.3164,0
40522,144.47,15643.3164,15643.3164,0
40530,144.50,15643.3164,15643.3164,0
40532,144.50,15643.3164,15643.3164,0
40547,144.53,15643.3164,15643.3164,0
40548,144.53,15643.3164,15643.3164,0
40555,144.54,15643.3164,15643.3164,0
40565,144.56,15643.3164,15643.3164,0
40568,144.57,15643.3164,15643.3164,0
40579,144.59,15643.3164,15643.3164,0
40583,144.59,15643.3164,15643.3164,0
40588,144.60,15643.3164,15643.3164,0
40596,144.62,15643.3164,15643.3164,0
40598,144.64,15643.3164,15643.3164,0
40600,144.65,15643.3164,15643.3164,0
40605,144.67,15643.3164,15643.3164,0
40616,144.71,15643.3164,15643.3164,0
40617,144.71,15643.3164,15643.3164,0
40624,144.72,15643.3164,15643.3164,0
40625,144.72,15643.3164,15643.3164,0
40633,144.75,15643.3164,15643.3164,0
40647,144.78,15643.3164,15643.3164,0
40659,144.81,15643.3164,15643.3164,0
40660,144.81,15643.3164,15643.3164,0
40665,144.82,15643.3164,15643.3164,0
40667,144.82,15643.3164,15643.3164,0
40668,144.83,15643.3164,15643.3164,0
40669,144.83,15643.3164,15643.3164,0
40670,144.83,15643.3164,15643.3164,0
40672,144.83,15643.3164,15643.3164,0
40678,144.84,15643.3164,15643.3164,0
40679,144.84,15643.3164,15643.3164,0
40684,144.84,15643.3164,15643.3164,0
40686,144.86,15643.3164,15643.3164,0
40689,144.88,15643.3164,15643.3164,0
40692,144.88,15643.3164,15643.3164,0
40699,144.90,15643.3164,15643.3164,0
40701,144.92,15643.3164,15643.3164,0
40704,144.92,15643.3164,15643.3164,0
40706,144.92,15643.3164,15643.3164,0
40717,144.94,15643.3164,15643.3164,0
40731,145.00,15643.3164,15643.3164,0
40735,145.01,15643.3164,15643.3164,0
40736,145.01,15643.3164,15643.3164,0
40737,145.01,15643.3164,15643.3164,0
40749,145.03,15643.3164,15643.3164,0
40765,145.05,15643.3164,15643.3164,0
40770,145.08,15643.3164,15643.3164,0
40779,145.11,15643.3164,15643.3164,0
40782,145.12,15643.3164,15643.3164,0
40784,145.12,15643.3164,15643.3164,0
40806,145.24,15643.3164,15643.3164,0
40807,145.24,15643.3164,15643.3164,0
40812,145.24,15643.3164,15643.3164,0
40813,145.25,15643.3164,15643.3164,0
40822,145.25,15643.3164,15643.3164,0
40826,145.26,15643.3164,15643.3164,0
40827,145.26,15643.3164,15643.3164,0
40828,145.26,15643.3164,15643.3164,0
40834,145.29,15643.3164,15643.3164,0
40845,145.31,15643.3164,15643.3164,0
40852,145.33,15643.3164,15643.3164,0
40853,145.40,15643.3164,15643.3164,0
40854,145.40,15643.3164,15643.3164,0
40858,145.42,15643.3164,15643.3164,0
40870,145.43,15643.3164,15643.3164,0
40871,145.43,15643.3164,15643.3164,0
40873,145.43,15643.3164,15643.3164,0
40876,145.44,15643.3164,15643.3164,0
40882,145.47,15643.3164,15643.3164,0
40885,145.48,15643.3164,15643.3164,0
40897,145.50,15643.3164,15643.3164,0
40901,145.51,15643.3164,15643.3164,0
40902,145.51,15643.3164,15643.3164,0
40911,145.52,15643.3164,15643.3164,0
40913,145.54,15643.3164,15643.3164,0
40919,145.56,15643.3164,15643.3164,0
40922,145.57,15643.3164,15643.3164,0
40938,145.64,15643.3164,15643.3164,0
40944,145.65,15643.3164,15643.3164,0
40948,145.67,15643.3164,15643.3164,0
40949,145.67,15643.3164,15643.3164,0
40950,145.67,15643.3164,15643.3164,0
40958,145.69,15643.3164,15643.3164,0
40962,145.70,15643.3164,15643.3164,0
40967,145.72,15643.3164,15643.3164,0
40974,145.73,15643.3164,15643.3164,0
40977,145.74,15643.3164,15643.3164,0
40984,145.75,15643.3164,15643.3164,0
40985,145.75,15643.3164,15643.3164,0
40988,145.76,15643.3164,15643.3164,0
41006,145.80,15643.3164,15643.3164,0
41036,145.89,15643.3164,15643.3164,0
41037,145.89,15643.3164,15643.3164,0
41042,145.91,15643.3164,15643.3164,0
41046,145.92,15643.3164,15643.3164,0
41052,145.94,15643.3164,15643.3164,0
41053,145.94,15643.3164,15643.3164,0
41061,145.95,15643.3164,15643.3164,0
41080,146.02,15643.3164,15643.3164,0
41082,146.02,15643.3164,15643.3164,0
41083,146.02,15643.3164,15643.3164,0
41093,146.03,15643.3164,15643.3164,0
41096,146.07,15643.3164,15643.3164,0
41099,146.07,15643.3164,15643.3164,0
41107,146.11,15643.3164,15643.3164,0
41113,146.14,15643.3164,15643.3164,0
41117,146.15,15643.3164,15643.3164,0
41126,146.19,15643.3164,15643.3164,0
41147,146.23,15643.3164,15643.3164,0
41169,146.26,15643.3164,15643.3164,0
41180,146.28,15643.3164,15643.3164,0
41181,146.28,15643.3164,15643.3164,0
41182,146.28,15643.3164,15643.3164,0
41183,146.28,15643.3164,15643.3164,0
41185,146.28,15643.3164,15643.3164,0
41186,146.28,15643.3164,15643.3164,0
41193,146.30,15643.3164,15643.3164,0
41202,146.35,15643.3164,15643.3164,0
41205,146.36,15643.3164,15643.3164,0
41215,146.38,15643.3164,15643.3164,0
41217,146.39,15643.3164,15643.3164,0
41227,146.42,15643.3164,15643.3164,0
41236,146.43,15643.3164,15643.3164,0
41238,146.43,15643.3164,15643.3164,0
41241,146.44,15643.3164,15643.3164,0
41243,146.44,15643.3164,15643.3164,0
41244,146.44,15643.3164,15643.3164,0
41245,146.44,15643.3164,15643.3164,0
41255,146.46,15643.3164,15643.3164,0
41257,146.47,15643.3164,15643.3164,0
41258,146.47,15643.3164,15643.3164,0
41268,146.48,15643.3164,15643.3164,0
41269,146.48,15643.3164,15643.3164,0
41275,146.49,15643.3164,15643.3164,0
41276,146.49,15643.3164,15643.3164,0
41281,146.50,15643.3164,15643.3164,0
41282,146.50,15643.3164,15643.3164,0
41283,146.50,15643.3164,15643.3164,0
41288,146.52,15643.3164,15643.3164,0
41299,146.55,15643.3164,15643.3164,0
41301,146.55,15643.3164,15643.3164,0
41309,146.60,15643.3164,15643.3164,0
41322,146.63,15643.3164,15643.3164,0
41336,146.65,15643.3164,15643.3164,0
41346,146.68,15643.3164,15643.3164,0
41357,146.71,15643.3164,15643.3164,0
41362,146.72,15643.3164,15643.3164,0
41366,146.72,15643.3164,15643.3164,0
41368,146.72,15643.3164,15643.3164,0
41372,146.73,15643.3164,15643.3164,0
41373,146.73,15643.3164,15643.3164,0
41378,146.75,15643.3164,15643.3164,0
41390,146.78,15643.3164,15643.3164,0
41392,146.79,15643.3164,15643.3164,0
41408,146.83,15643.3164,15643.3164,0
41413,146.85,15643.3164,15643.3164,0
41415,146.85,15643.3164,15643.3164,0
41419,146.86,15643.3164,15643.3164,0
41426,146.88,15643.3164,15643.3164,0
41440,146.90,15643.3164,15643.3164,0
41447,146.92,15643.3164,15643.3164,0
41451,146.94,15643.3164,15643.3164,0
41452,146.94,15643.3164,15643.3164,0
41454,146.95,15643.3164,15643.3164,0
41459,146.95,15643.3164,15643.3164,0
41462,146.95,15643.3164,15643.3164,0
41468,146.96,15643.3164,15643.3164,0
41470,146.96,15643.3164,15643.3164,0
41479,146.99,15643.3164,15643.3164,0
41501,147.05,15643.3164,15643.3164,0
41530,147.15,15643.3164,15643.3164,0
41542,147.17,15643.3164,15643.3164,0
41543,147.17,15643.3164,15643.3164,0
41546,147.18,15643.3164,15643.3164,0
41556,147.20,15643.3164,15643.3164,0
41563,147.21,15643.3164,15643.3164,0
41567,147.21,15643.3164,15643.3164,0
41569,147.22,15643.3164,15643.3164,0
41589,147.26,15643.3164,15643.3164,0
41590,147.26,15643.3164,15643.3164,0
41594,147.27,15643.3164,15643.3164,0
41600,147.29,15643.3164,15643.3164,0
41614,147.33,15643.3164,15643.3164,0
41619,147.33,15643.3164,15643.3164,0
41620,147.33,15643.3164,15643.3164,0
41632,147.37,15643.3164,15643.3164,0
41635,147.37,15643.3164,15643.3164,0
41639,147.37,15643.3164,15643.3164,0
41645,147.38,15643.3164,15643.3164,0
41653,147.39,15643.3164,15643.3164,0
41654,147.39,15643.3164,15643.3164,0
41655,147.39,15643.3164,15643.3164,0
41659,147.40,15643.3164,15643.3164,0
41662,147.41,15643.3164,15643.3164,0
41667,147.42,15643.3164,15643.3164,0
41672,147.43,15643.3164,15643.3164,0
41674,147.43,15643.3164,15643.3164,0
41683,147.47,15643.3164,15643.3164,0
41687,147.48,15643.3164,15643.3164,0
41706,147.52,15643.3164,15643.3164,0
41710,147.53,15643.3164,15643.3164,0
41714,147.54,15643.3164,15643.3164,0
41720,147.55,15643.3164,15643.3164,0
41724,147.55,15643.3164,15643.3164,0
41732,147.56,15643.3164,15643.3164,0
41743,147.58,15643.3164,15643.3164,0
41744,147.58,15643.3164,15643.3164,0
41745,147.58,15643.3164,15643.3164,0
41757,147.60,15643.3164,15643.3164,0
41761,147.60,15643.3164,15643.3164,0
41770,147.63,15643.3164,15643.3164,0
41773,147.63,15643.3164,15643.3164,0
41774,147.63,15643.3164,15643.3164,0
41775,147.63,15643.3164,15643.3164,0
41777,147.63,15643.3164,15643.3164,0
41785,147.67,15643.3164,15643.3164,0
41788,147.68,15643.3164,15643.3164,0
41791,147.68,15643.3164,15643.3164,0
41796,147.68,15643.3164,15643.3164,0
41805,147.71,15643.3164,15643.3164,0
41810,147.72,15643.3164,15643.3164,0
41817,147.74,15643.3164,15643.3164,0
41820,147.74,15643.3164,15643.3164,0
41822,147.74,15643.3164,15643.3164,0
41830,147.78,15643.3164,15643.3164,0
41831,147.78,15643.3164,15643.3164,0
41840,147.78,15643.3164,15643.3164,0
41848,147.79,15643.3164,15643.3164,0
41858,147.83,15643.3164,15643.3164,0
41883,147.86,15643.3164,15643.3164,0
41886,147.86,15643.3164,15643.3164,0
41887,147.86,15643.3164,15643.3164,0
41888,147.86,15643.3164,15643.3164,0
41902,147.90,15643.3164,15643.3164,0
41903,147.90,15643.3164,15643.3164,0
41907,147.90,15643.3164,15643.3164,0
41911,147.92,15643.3164,15643.3164,0
41915,147.92,15643.3164,15643.3164,0
41919,147.93,15643.3164,15643.3164,0
41925,147.94,15643.3164,15643.3164,0
41934,147.95,15643.3164,15643.3164,0
41935,147.96,15643.3164,15643.3164,0
41941,147.96,15643.3164,15643.3164,0
41942,147.96,15643.3164,15643.3164,0
41943,147.96,15643.3164,15643.3164,0
41944,147.96,15643.3164,15643.3164,0
41950,147.98,15643.3164,15643.3164,0
41952,147.98,15643.3164,15643.3164,0
41953,147.98,15643.3164,15643.3164,0
41956,148.00,15643.3164,15643.3164,0
41969,148.04,15643.3164,15643.3164,0
41977,148.05,15643.3164,15643.3164,0
41983,148.06,15643.3164,15643.3164,0
41985,148.06,15643.3164,15643.3164,0
41987,148.07,15643.3164,15643.3164,0
41989,148.07,15643.3164,15643.3164,0
41994,148.07,15643.3164,15643.3164,0
42008,148.13,15643.3164,15643.3164,0
42011,148.13,15643.3164,15643.3164,0
42023,148.15,15643.3164,15643.3164,0
42029,148.16,15643.3164,15643.3164,0
42036,148.18,15643.3164,15643.3164,0
42039,148.18,15643.3164,15643.3164,0
42043,148.19,15643.3164,15643.3164,0
42051,148.20,15643.3164,15643.3164,0
42052,148.20,15643.3164,15643.3164,0
42056,148.21,15643.3164,15643.3164,0
42058,148.21,15643.3164,15643.3164,0
42059,148.21,15643.3164,15643.3164,0
42061,148.21,15643.3164,15643.3164,0
42074,148.24,15643.3164,15643.3164,0
42081,148.27,15643.3164,15643.3164,0
42095,148.29,15643.3164,15643.3164,0
42097,148.29,15643.3164,15643.3164,0
42110,148.33,15643.3164,15643.3164,0
42123,148.36,15643.3164,15643.3164,0
42132,148.38,15643.3164,15643.3164,0
42137,148.39,15643.3164,15643.3164,0
42141,148.39,15643.3164,15643.3164,0
42142,148.39,15643.3164,15643.3164,0
42146,148.40,15643.3164,15643.3164,0
42162,148.44,15643.3164,15643.3164,0
42183,148.51,15643.3164,15643.3164,0
42184,148.51,15643.3164,15643.3164,0
42190,148.52,15643.3164,15643.3164,0
42196,148.53,15643.3164,15643.3164,0
42197,148.53,15643.3164,15643.3164,0
42213,148.58,15643.3164,15643.3164,0
42221,148.60,15643.3164,15643.3164,0
42222,148.60,15643.3164,15643.3164,0
42226,148.61,15643.3164,15643.3164,0
42245,148.66,15643.3164,15643.3164,0
42260,148.70,15643.3164,15643.3164,0
42275,148.73,15643.3164,15643.3164,0
42277,148.73,15643.3164,15643.3164,0
42283,148.75,15643.3164,15643.3164,0
42296,148.76,15643.3164,15643.3164,0
42308,148.78,15643.3164,15643.3164,0
42320,148.81,15643.3164,15643.3164,0
42321,148.81,15643.3164,15643.3164,0
42334,148.87,15643.3164,15643.3164,0
42338,148.88,15643.3164,15643.3164,0
42353,148.91,15643.3164,15643.3164,0
42354,148.91,15643.3164,15643.3164,0
42356,148.91,15643.3164,15643.3164,0
42359,148.91,15643.3164,15643.3164,0
42362,148.92,15643.3164,15643.3164,0
42363,148.92,15643.3164,15643.3164,0
42373,148.96,15643.3164,15643.3164,0
42377,148.96,15643.3164,15643.3164,0
42378,148.97,15643.3164,15643.3164,0
42381,148.97,15643.3164,15643.3164,0
42386,148.98,15643.3164,15643.3164,0
42393,148.98,15643.3164,15643.3164,0
42395,148.99,15643.3164,15643.3164,0
42400,148.99,15643.3164,15643.3164,0
42405,149.00,15643.3164,15643.3164,0
42416,149.02,15643.3164,15643.3164,0
42418,149.02,15643.3164,15643.3164,0
42419,149.02,15643.3164,15643.3164,0
42420,149.03,15643.3164,15643.3164,0
42424,149.04,15643.3164,15643.3164,0
42426,149.04,15643.3164,15643.3164,0
42430,149.06,15643.3164,15643.3164,0
42431,149.06,15643.3164,15643.3164,0
42446,149.08,15643.3164,15643.3164,1
42448,149.16,15643.3164,15643.3164,0
42453,149.18,15643.3164,15643.3164,0
42455,149.18,15643.3164,15643.3164,0
42457,149.18,15643.3164,15643.3164,0
42469,149.22,15643.3164,15643.3164,0
42477,149.23,15643.3164,15643.3164,0
42480,149.24,15643.3164,15643.3164,0
42488,149.25,15643.3164,15643.3164,0
42490,149.26,15643.3164,15643.3164,0
42498,149.27,15643.3164,15643.3164,0
42499,149.27,15643.3164,15643.3164,0
42507,149.29,15643.3164,15643.3164,0
42509,149.30,15643.3164,15643.3164,0
42511,149.31,15643.3164,15643.3164,0
42519,149.32,15643.3164,15643.3164,0
42521,149.32,15643.3164,15643.3164,0
42523,149.32,15643.3164,15643.3164,0
42531,149.34,15643.3164,15643.3164,0
42541,149.37,15643.3164,15643.3164,0
42544,149.37,15643.3164,15643.3164,0
42547,149.38,15643.3164,15643.3164,0
42548,149.38,15643.3164,15643.3164,0
42550,149.38,15643.3164,15643.3164,0
42551,149.38,15643.3164,15643.3164,0
42553,149.38,15643.3164,15643.3164,0
42556,149.39,15643.3164,15643.3164,0
42557,149.39,15643.3164,15643.3164,0
42563,149.41,15643.3164,15643.3164,0
42569,149.41,15643.3164,15643.3164,0
42572,149.42,15643.3164,15643.3164,0
42583,149.45,15643.3164,15643.3164,0
42586,149.45,15643.3164,15643.3164,0
42589,149.45,15643.3164,15643.3164,0
42592,149.46,15643.3164,15643.3164,0
42608,149.49,15643.3164,15643.3164,0
42611,149.50,15643.3164,15643.3164,0
42612,149.50,15643.3164,15643.3164,0
42627,149.52,15643.3164,15643.3164,0
42631,149.53,15643.3164,15643.3164,0
42636,149.54,15643.3164,15643.3164,0
42639,149.54,15643.3164,15643.3164,0
42640,149.54,15643.3164,15643.3164,0
42645,149.55,15643.3164,15643.3164,0
42650,149.56,15643.3164,15643.3164,0
42651,149.56,15643.3164,15643.3164,0
42655,149.57,15643.3164,15643.3164,0
42658,149.58,15643.3164,15643.3164,0
42661,149.58,15643.3164,15643.3164,0
42670,149.61,15643.3164,15643.3164,0
42678,149.64,15643.3164,15643.3164,0
42681,149.65,15643.3164,15643.3164,0
42686,149.67,15643.3164,15643.3164,0
42690,149.68,15643.3164,15643.3164,0
42692,149.68,15643.3164,15643.3164,0
42701,149.71,15643.3164,15643.3164,0
42707,149.72,15643.3164,15643.3164,0
42719,149.78,15643.3164,15643.3164,0
42721,149.79,15643.3164,15643.3164,0
42725,149.81,15643.3164,15643.3164,0
42730,149.84,15643.3164,15643.3164,0
42733,149.84,15643.3164,15643.3164,0
42735,149.84,15643.3164,15643.3164,0
42738,149.85,15643.3164,15643.3164,0
42743,149.86,15643.3164,15643.3164,0
42744,149.86,15643.3164,15643.3164,0
42747,149.86,15643.3164,15643.3164,0
42749,149.86,15643.3164,15643.3164,0
42754,149.88,15643.3164,15643.3164,0
42758,149.90,15643.3164,15643.3164,0
42759,149.90,15643.3164,15643.3164,0
42760,149.90,15643.3164,15643.3164,0
42761,149.90,15643.3164,15643.3164,0
42774,149.93,15643.3164,15643.3164,0
42780,149.95,15643.3164,15643.3164,0
42784,149.95,15643.3164,15643.3164,0
42785,149.95,15643.3164,15643.3164,0
42796,149.97,15643.3164,15643.3164,0
42805,149.99,15643.3164,15643.3164,0
42806,149.99,15643.3164,15643.3164,0
42808,149.99,15643.3164,15643.3164,0
42809,149.99,15643.3164,15643.3164,0
42815,150.01,15643.3164,15643.3164,0
42820,150.03,15643.3164,15643.3164,0
42822,150.03,15643.3164,15643.3164,0
42843,150.08,15643.3164,15643.3164,0
42844,150.08,15643.3164,15643.3164,0
42849,150.09,15643.3164,15643.3164,0
42851,150.09,15643.3164,15643.3164,0
42852,150.09,15643.3164,15643.3164,0
42853,150.09,15643.3164,15643.3164,0
42854,150.10,15643.3164,15643.3164,0
42856,150.10,15643.3164,15643.3164,0
42858,150.10,15643.3164,15643.3164,0
42871,150.12,15643.3164,15643.3164,0
42882,150.16,15643.3164,15643.3164,0
42884,150.17,15643.3164,15643.3164,0
42897,150.21,15643.3164,15643.3164,0
42899,150.21,15643.3164,15643.3164,0
42903,150.22,15643.3164,15643.3164,0
42908,150.24,15643.3164,15643.3164,0
42909,150.24,15643.3164,15643.3164,0
42913,150.24,15643.3164,15643.3164,0
42916,150.25,15643.3164,15643.3164,0
42924,150.28,15643.3164,15643.3164,0
42926,150.28,15643.3164,15643.3164,0
42933,150.32,15643.3164,15643.3164,0
42935,150.32,15643.3164,15643.3164,0
42949,150.34,15643.3164,15643.3164,0
42950,150.34,15643.3164,15643.3164,0
42952,150.34,15643.3164,15643.3164,0
42953,150.34,15643.3164,15643.3164,0
42962,150.37,15643.3164,15643.3164,0
42971,150.39,15643.3164,15643.3164,0
42980,150.40,15643.3164,15643.3164,0
42984,150.41,15643.3164,15643.3164,0
42991,150.42,15643.3164,15643.3164,0
42998,150.44,15643.3164,15643.3164,0
42999,150.44,15643.3164,15643.3164,0
43004,150.44,15643.3164,15643.3164,0
43008,150.45,15643.3164,15643.3164,0
43011,150.45,15643.3164,15643.3164,0
43016,150.47,15643.3164,15643.3164,0
43024,150.48,15643.3164,15643.3164,0
43028,150.48,15643.3164,15643.3164,0
43029,150.48,15643.3164,15643.3164,0
43037,150.50,15643.3164,15643.3164,0
43048,150.52,15643.3164,15643.3164,0
43061,150.56,15643.3164,15643.3164,0
43069,150.58,15643.3164,15643.3164,0
43078,150.59,15643.3164,15643.3164,0
43079,150.59,15643.3164,15643.3164,0
43081,150.59,15643.3164,15643.3164,0
43082,150.59,15643.3164,15643.3164,0
43083,150.59,15643.3164,15643.3164,0
43084,150.59,15643.3164,15643.3164,0
43089,150.61,15643.3164,15643.3164,0
43090,150.61,15643.3164,15643.3164,0
43093,150.61,15643.3164,15643.3164,0
43101,150.63,15643.3164,15643.3164,0
43106,150.65,15643.3164,15643.3164,0
43119,150.69,15643.3164,15643.3164,0
43128,150.71,15643.3164,15643.3164,0
43132,150.71,15643.3164,15643.3164,0
43133,150.71,15643.3164,15643.3164,0
43134,150.71,15643.3164,15643.3164,0
43139,150.72,15643.3164,15643.3164,0
43140,150.72,15643.3164,15643.3164,0
43141,150.72,15643.3164,15643.3164,0
43143,150.73,15643.3164,15643.3164,0
43145,150.73,15643.3164,15643.3164,0
43146,150.73,15643.3164,15643.3164,0
43147,150.73,15643.3164,15643.3164,0
43149,150.73,15643.3164,15643.3164,0
43154,150.74,15643.3164,15643.3164,0
43157,150.75,15643.3164,15643.3164,0
43169,150.76,15643.3164,15643.3164,0
43175,150.77,15643.3164,15643.3164,0
43179,150.78,15643.3164,15643.3164,0
43186,150.81,15643.3164,15643.3164,0
43188,150.81,15643.3164,15643.3164,0
43190,150.82,15643.3164,15643.3164,0
43202,150.87,15643.3164,15643.3164,0
43203,150.88,15643.3164,15643.3164,0
43210,150.90,15643.3164,15643.3164,0
43220,150.93,15643.3164,15643.3164,0
43223,150.95,15643.3164,15643.3164,0
43228,150.96,15643.3164,15643.3164,0
43229,150.96,15643.3164,15643.3164,0
43230,150.96,15643.3164,15643.3164,0
43232,150.96,15643.3164,15643.3164,0
43239,150.97,15643.3164,15643.3164,0
43245,150.99,15643.3164,15643.3164,0
43248,150.99,15643.3164,15643.3164,0
43254,151.00,15643.3164,15643.3164,0
43255,151.00,15643.3164,15643.3164,0
43258,151.02,15643.3164,15643.3164,0
43260,151.02,15643.3164,15643.3164,0
43262,151.03,15643.3164,15643.3164,0
43267,151.03,15643.3164,15643.3164,0
43269,151.04,15643.3164,15643.3164,0
43278,151.05,15643.3164,15643.3164,0
43284,151.07,15643.3164,15643.3164,0
43292,151.09,15643.3164,15643.3164,0
43305,151.13,15643.3164,15643.3164,0
43310,151.15,15643.3164,15643.3164,0
43315,151.16,15643.3164,15643.3164,0
43321,151.18,15643.3164,15643.3164,0
43324,151.18,15643.3164,15643.3164,0
43336,151.24,15643.3164,15643.3164,0
43349,151.28,15643.3164,15643.3164,0
43357,151.33,15643.3164,15643.3164,0
43369,151.34,15643.3164,15643.3164,0
43383,151.39,15643.3164,15643.3164,0
43387,151.39,15643.3164,15643.3164,0
43396,151.42,15643.3164,15643.3164,0
43398,151.43,15643.3164,15643.3164,0
43399,151.43,15643.3164,15643.3164,0
43406,151.44,15643.3164,15643.3164,0
43411,151.46,15643.3164,15643.3164,0
43423,151.48,15643.3164,15643.3164,0
43425,151.48,15643.3164,15643.3164,0
43426,151.48,15643.3164,15643.3164,0
43445,151.54,15643.3164,15643.3164,0
43449,151.55,15643.3164,15643.3164,0
43455,151.56,15643.3164,15643.3164,0
43459,151.56,15643.3164,15643.3164,0
43462,151.57,15643.3164,15643.3164,0
43466,151.58,15643.3164,15643.3164,0
43472,151.59,15643.3164,15643.3164,0
43475,151.60,15643.3164,15643.3164,0
43476,151.60,15643.3164,15643.3164,0
43479,151.60,15643.3164,15643.3164,0
43480,151.60,15643.3164,15643.3164,0
43483,151.61,15643.3164,15643.3164,0
43487,151.63,15643.3164,15643.3164,0
43490,151.64,15643.3164,15643.3164,0
43493,151.64,15643.3164,15643.3164,0
43497,151.65,15643.3164,15643.3164,0
43500,151.65,15643.3164,15643.3164,0
43502,151.65,15643.3164,15643.3164,0
43511,151.66,15643.3164,15643.3164,0
43515,151.67,15643.3164,15643.3164,0
43522,151.71,15643.3164,15643.3164,0
43526,151.71,15643.3164,15643.3164,0
43532,151.72,15643.3164,15643.3164,0
43534,151.72,15643.3164,15643.3164,0
43537,151.73,15643.3164,15643.3164,0
43547,151.78,15643.3164,15643.3164,0
43552,151.79,15643.3164,15643.3164,0
43558,151.80,15643.3164,15643.3164,0
43572,151.82,15643.3164,15643.3164,0
43584,151.86,15643.3164,15643.3164,0
43605,151.95,15643.3164,15643.3164,0
43613,151.98,15643.3164,15643.3164,0
43614,151.98,15643.3164,15643.3164,0
43628,152.01,15643.3164,15643.3164,0
43655,152.06,15643.3164,15643.3164,0
43661,152.08,15643.3164,15643.3164,0
43670,152.10,15643.3164,15643.3164,0
43677,152.12,15643.3164,15643.3164,0
43679,152.12,15643.3164,15643.3164,0
43685,152.13,15643.3164,15643.3164,0
43687,152.13,15643.3164,15643.3164,0
43692,152.15,15643.3164,15643.3164,0
43697,152.16,15643.3164,15643.3164,0
43698,152.17,15643.3164,15643.3164,0
43700,152.18,15643.3164,15643.3164,0
43721,152.21,15643.3164,15643.3164,0
43723,152.21,15643.3164,15643.3164,0
43728,152.22,15643.3164,15643.3164,0
43730,152.22,15643.3164,15643.3164,0
43732,152.23,15643.3164,15643.3164,0
43733,152.23,15643.3164,15643.3164,0
43739,152.23,15643.3164,15643.3164,0
43740,152.24,15643.3164,15643.3164,0
43743,152.24,15643.3164,15643.3164,0
43751,152.26,15643.3164,15643.3164,0
43765,152.29,15643.3164,15643.3164,0
43772,152.31,15643.3164,15643.3164,0
43774,152.31,15643.3164,15643.3164,0
43776,152.31,15643.3164,15643.3164,0
43777,152.31,15643.3164,15643.3164,0
43788,152.35,15643.3164,15643.3164,0
43802,152.37,15643.3164,15643.3164,0
43817,152.41,15643.3164,15643.3164,0
43822,152.41,15643.3164,15643.3164,0
43823,152.41,15643.3164,15643.3164,0
43837,152.44,15643.3164,15643.3164,0
43843,152.47,15643.3164,15643.3164,0
43844,152.47,15643.3164,15643.3164,0
43851,152.47,15643.3164,15643.3164,0
43857,152.48,15643.3164,15643.3164,0
43871,152.52,15643.3164,15643.3164,0
43880,152.56,15643.3164,15643.3164,0
43883,152.57,15643.3164,15643.3164,0
43891,152.57,15643.3164,15643.3164,0
43892,152.58,15643.3164,15643.3164,0
43910,152.62,15643.3164,15643.3164,0
43925,152.67,15643.3164,15643.3164,0
43930,152.69,15643.3164,15643.3164,0
43933,152.69,15643.3164,15643.3164,0
43936,152.69,15643.3164,15643.3164,0
43946,152.72,15643.3164,15643.3164,0
43954,152.74,15643.3164,15643.3164,0
43963,152.75,15643.3164,15643.3164,0
43973,152.76,15643.3164,15643.3164,0
43974,152.77,15643.3164,15643.3164,0
43975,152.77,15643.3164,15643.3164,0
43977,152.77,15643.3164,15643.3164,0
43978,152.77,15643.3164,15643.3164,0
43983,152.78,15643.3164,15643.3164,0
43984,152.78,15643.3164,15643.3164,0
43986,152.78,15643.3164,15643.3164,0
43990,152.78,15643.3164,15643.3164,0
43991,152.78,15643.3164,15643.3164,0
43993,152.78,15643.3164,15643.3164,0
43995,152.80,15643.3164,15643.3164,0
43997,152.80,15643.3164,15643.3164,0
44008,152.83,15643.3164,15643.3164,0
44014,152.83,15643.3164,15643.3164,0
44020,152.85,15643.3164,15643.3164,0
44028,152.87,15643.3164,15643.3164,0
44029,152.87,15643.3164,15643.3164,0
44035,152.88,15643.3164,15643.3164,0
44036,152.88,15643.3164,15643.3164,0
44039,152.89,15643.3164,15643.3164,0
44042,152.89,15643.3164,15643.3164,0
44051,152.91,15643.3164,15643.3164,0
44058,152.93,15643.3164,15643.3164,0
44065,152.95,15643.3164,15643.3164,0
44072,152.96,15643.3164,15643.3164,0
44073,152.96,15643.3164,15643.3164,0
44078,152.97,15643.3164,15643.3164,0
44082,152.97,15643.3164,15643.3164,0
44083,152.97,15643.3164,15643.3164,0
44084,152.97,15643.3164,15643.3164,0
44090,152.98,15643.3164,15643.3164,0
44095,152.99,15643.3164,15643.3164,0
44098,153.00,15643.3164,15643.3164,0
44100,153.00,15643.3164,15643.3164,0
44102,153.00,15643.3164,15643.3164,0
44104,153.01,15643.3164,15643.3164,0
44105,153.01,15643.3164,15643.3164,0
44113,153.02,15643.3164,15643.3164,0
44116,153.03,15643.3164,15643.3164,0
44117,153.03,15643.3164,15643.3164,0
44125,153.04,15643.3164,15643.3164,0
44132,153.06,15643.3164,15643.3164,0
44133,153.06,15643.3164,15643.3164,0
44134,153.07,15643.3164,15643.3164,0
44136,153.07,15643.3164,15643.3164,0
44146,153.08,15643.3164,15643.3164,0
44150,153.08,15643.3164,15643.3164,0
44153,153.08,15643.3164,15643.3164,0
44160,153.11,15643.3164,15643.3164,0
44162,153.11,15643.3164,15643.3164,0
44166,153.12,15643.3164,15643.3164,0
44168,153.12,15643.3164,15643.3164,0
44182,153.14,15643.3164,15643.3164,0
44183,153.14,15643.3164,15643.3164,0
44184,153.14,15643.3164,15643.3164,0
44187,153.15,15643.3164,15643.3164,0
44199,153.18,15643.3164,15643.3164,0
44205,153.21,15643.3164,15643.3164,0
44213,153.22,15643.3164,15643.3164,0
44226,153.24,15643.3164,15643.3164,0
44228,153.25,15643.3164,15643.3164,0
44238,153.28,15643.3164,15643.3164,0
44241,153.29,15643.3164,15643.3164,0
44242,153.29,15643.3164,15643.3164,0
44253,153.31,15643.3164,15643.3164,0
44263,153.34,15643.3164,15643.3164,0
44265,153.34,15643.3164,15643.3164,0
44269,153.35,15643.3164,15643.3164,0
44270,153.35,15643.3164,15643.3164,0
44273,153.35,15643.3164,15643.3164,0
44279,153.36,15643.3164,15643.3164,0
44284,153.37,15643.3164,15643.3164,0
44291,153.40,15643.3164,15643.3164,0
44297,153.41,15643.3164,15643.3164,0
44302,153.42,15643.3164,15643.3164,0
44309,153.43,15643.3164,15643.3164,0
44318,153.44,15643.3164,15643.3164,0
44321,153.46,15643.3164,15643.3164,0
44325,153.46,15643.3164,15643.3164,0
44332,153.47,15643.3164,15643.3164,0
44340,153.50,15643.3164,15643.3164,0
44341,153.50,15643.3164,15643.3164,0
44344,153.51,15643.3164,15643.3164,0
44345,153.51,15643.3164,15643.3164,0
44351,153.51,15643.3164,15643.3164,0
44353,153.51,15643.3164,15643.3164,0
44354,153.51,15643.3164,15643.3164,0
44355,153.51,15643.3164,15643.3164,0
44356,153.51,15643.3164,15643.3164,0
44359,153.52,15643.3164,15643.3164,0
44363,153.52,15643.3164,15643.3164,0
44366,153.54,15643.3164,15643.3164,0
44367,153.54,15643.3164,15643.3164,0
44368,153.54,15643.3164,15643.3164,0
44382,153.56,15643.3164,15643.3164,0
44384,153.56,15643.3164,15643.3164,0
44386,153.58,15643.3164,15643.3164,0
44387,153.58,15643.3164,15643.3164,0
44389,153.58,15643.3164,15643.3164,0
44393,153.59,15643.3164,15643.3164,0
44397,153.59,15643.3164,15643.3164,0
44402,153.60,15643.3164,15643.3164,0
44407,153.61,15643.3164,15643.3164,0
44409,153.62,15643.3164,15643.3164,0
44413,153.63,15643.3164,15643.3164,0
44414,153.63,15643.3164,15643.3164,0
44417,153.63,15643.3164,15643.3164,0
44421,153.64,15643.3164,15643.3164,0
44429,153.66,15643.3164,15643.3164,0
44431,153.66,15643.3164,15643.3164,0
44443,153.68,15643.3164,15643.3164,0
44445,153.69,15643.3164,15643.3164,0
44448,153.69,15643.3164,15643.3164,0
44449,153.69,15643.3164,15643.3164,0
44450,153.69,15643.3164,15643.3164,0
44463,153.71,15643.3164,15643.3164,0
44468,153.72,15643.3164,15643.3164,0
44470,153.72,15643.3164,15643.3164,0
44482,153.74,15643.3164,15643.3164,0
44485,153.74,15643.3164,15643.3164,0
44492,153.75,15643.3164,15643.3164,0
44497,153.76,15643.3164,15643.3164,0
44501,153.76,15643.3164,15643.3164,0
44502,153.77,15643.3164,15643.3164,0
44505,153.77,15643.3164,15643.3164,0
44507,153.77,15643.3164,15643.3164,0
44509,153.77,15643.3164,15643.3164,0
44513,153.79,15643.3164,15643.3164,0
44514,153.79,15643.3164,15643.3164,0
44521,153.80,15643.3164,15643.3164,0
44526,153.82,15643.3164,15643.3164,0
44540,153.84,15643.3164,15643.3164,0
44545,153.86,15643.3164,15643.3164,0
44548,153.87,15643.3164,15643.3164,0
44549,153.87,15643.3164,15643.3164,0
44554,153.89,15643.3164,15643.3164,0
44560,153.91,15643.3164,15643.3164,0
44562,153.91,15643.3164,15643.3164,0
44564,153.91,15643.3164,15643.3164,0
44568,153.92,15643.3164,15643.3164,0
44575,153.96,15643.3164,15643.3164,0
44577,153.96,15643.3164,15643.3164,0
44579,153.96,15643.3164,15643.3164,0
44581,153.96,15643.3164,15643.3164,0
44586,153.97,15643.3164,15643.3164,0
44590,153.99,15643.3164,15643.3164,0
44592,153.99,15643.3164,15643.3164,0
44603,154.01,15643.3164,15643.3164,0
44605,154.01,15643.3164,15643.3164,0
44623,154.04,15643.3164,15643.3164,0
44626,154.04,15643.3164,15643.3164,0
44628,154.05,15643.3164,15643.3164,0
44630,154.05,15643.3164,15643.3164,0
44634,154.06,15643.3164,15643.3164,0
44637,154.07,15643.3164,15643.3164,0
44653,154.10,15643.3164,15643.3164,0
44659,154.12,15643.3164,15643.3164,0
44662,154.12,15643.3164,15643.3164,0
44666,154.14,15643.3164,15643.3164,0
44677,154.17,15643.3164,15643.3164,0
44679,154.18,15643.3164,15643.3164,0
44681,154.19,15643.3164,15643.3164,0
44684,154.19,15643.3164,15643.3164,0
44695,154.20,15643.3164,15643.3164,0
44698,154.21,15643.3164,15643.3164,0
44702,154.21,15643.3164,15643.3164,0
44709,154.24,15643.3164,15643.3164,0
44710,154.24,15643.3164,15643.3164,0
44714,154.24,15643.3164,15643.3164,0
44725,154.27,15643.3164,15643.3164,0
44731,154.27,15643.3164,15643.3164,0
44733,154.28,15643.3164,15643.3164,0
44737,154.28,15643.3164,15643.3164,0
44740,154.29,15643.3164,15643.3164,0
44746,154.30,15643.3164,15643.3164,0
44747,154.30,15643.3164,15643.3164,0
44752,154.31,15643.3164,15643.3164,0
44768,154.35,15643.3164,15643.3164,0
44770,154.35,15643.3164,15643.3164,0
44771,154.36,15643.3164,15643.3164,0
44774,154.37,15643.3164,15643.3164,0
44776,154.38,15643.3164,15643.3164,0
44778,154.38,15643.3164,15643.3164,0
44793,154.41,15643.3164,15643.3164,0
44810,154.46,15643.3164,15643.3164,0
44812,154.46,15643.3164,15643.3164,0
44814,154.47,15643.3164,15643.3164,0
44822,154.53,15643.3164,15643.3164,0
44829,154.54,15643.3164,15643.3164,0
44832,154.55,15643.3164,15643.3164,0
44836,154.55,15643.3164,15643.3164,0
44838,154.55,15643.3164,15643.3164,0
44840,154.56,15643.3164,15643.3164,0
44847,154.56,15643.3164,15643.3164,0
44854,154.58,15643.3164,15643.3164,0
44856,154.58,15643.3164,15643.3164,0
44858,154.58,15643.3164,15643.3164,0
44865,154.59,15643.3164,15643.3164,0
44872,154.61,15643.3164,15643.3164,0
44874,154.62,15643.3164,15643.3164,0
44875,154.62,15643.3164,15643.3164,0
44876,154.62,15643.3164,15643.3164,0
44886,154.65,15643.3164,15643.3164,0
44893,154.66,15643.3164,15643.3164,0
44894,154.66,15643.3164,15643.3164,0
44899,154.66,15643.3164,15643.3164,0
44907,154.68,15643.3164,15643.3164,0
44911,154.68,15643.3164,15643.3164,0
44914,154.68,15643.3164,15643.3164,0
44926,154.71,15643.3164,15643.3164,0
44928,154.71,15643.3164,15643.3164,0
44933,154.72,15643.3164,15643.3164,0
44938,154.72,15643.3164,15643.3164,0
44940,154.73,15643.3164,15643.3164,0
44942,154.73,15643.3164,15643.3164,0
44943,154.73,15643.3164,15643.3164,0
44945,154.74,15643.3164,15643.3164,0
44946,154.74,15643.3164,15643.3164,0
44952,154.75,15643.3164,15643.3164,0
44958,154.77,15643.3164,15643.3164,0
44961,154.77,15643.3164,15643.3164,0
44969,154.80,15643.3164,15643.3164,0
44970,154.80,15643.3164,15643.3164,0
44979,154.82,15643.3164,15643.3164,0
44982,154.83,15643.3164,15643.3164,0
44995,154.86,15643.3164,15643.3164,0
44997,154.86,15643.3164,15643.3164,0
44999,154.86,15643.3164,15643.3164,0
45004,154.88,15643.3164,15643.3164,0
45009,154.90,15643.3164,15643.3164,0
45013,154.91,15643.3164,15643.3164,0
45015,154.91,15643.3164,15643.3164,0
45018,154.91,15643.3164,15643.3164,0
45034,154.96,15643.3164,15643.3164,0
45039,154.98,15643.3164,15643.3164,0
45040,154.98,15643.3164,15643.3164,0
45041,154.99,15643.3164,15643.3164,0
45043,154.99,15643.3164,15643.3164,0
45045,154.99,15643.3164,15643.3164,0
45048,155.00,15643.3164,15643.3164,0
45049,155.00,15643.3164,15643.3164,0
45070,155.02,15643.3164,15643.3164,0
45075,155.04,15643.3164,15643.3164,0
45085,155.06,15643.3164,15643.3164,0
45087,155.06,15643.3164,15643.3164,0
45088,155.06,15643.3164,15643.3164,0
45089,155.06,15643.3164,15643.3164,0
45092,155.07,15643.3164,15643.3164,0
45096,155.07,15643.3164,15643.3164,0
45110,155.10,15643.3164,15643.3164,0
45111,155.10,15643.3164,15643.3164,0
45113,155.11,15643.3164,15643.3164,0
45116,155.11,15643.3164,15643.3164,0
45128,155.13,15643.3164,15643.3164,0
45137,155.16,15643.3164,15643.3164,0
45140,155.17,15643.3164,15643.3164,0
45146,155.18,15643.3164,15643.3164,0
45147,155.18,15643.3164,15643.3164,0
45151,155.18,15643.3164,15643.3164,0
45157,155.20,15643.3164,15643.3164,0
45159,155.20,15643.3164,15643.3164,0
45160,155.20,15643.3164,15643.3164,0
45161,155.20,15643.3164,15643.3164,0
45166,155.22,15643.3164,15643.3164,0
45177,155.24,15643.3164,15643.3164,0
45189,155.26,15643.3164,15643.3164,0
45193,155.27,15643.3164,15643.3164,0
45197,155.27,15643.3164,15643.3164,0
45202,155.30,15643.3164,15643.3164,0
45210,155.32,15643.3164,15643.3164,0
45211,155.32,15643.3164,15643.3164,0
45215,155.32,15643.3164,15643.3164,0
45216,155.32,15643.3164,15643.3164,0
45236,155.37,15643.3164,15643.3164,0
45238,155.37,15643.3164,15643.3164,0
45245,155.39,15643.3164,15643.3164,0
45264,155.43,15643.3164,15643.3164,0
45268,155.43,15643.3164,15643.3164,0
45273,155.45,15643.3164,15643.3164,0
45283,155.48,15643.3164,15643.3164,0
45284,155.48,15643.3164,15643.3164,0
45289,155.50,15643.3164,15643.3164,0
45297,155.51,15643.3164,15643.3164,0
45300,155.53,15643.3164,15643.3164,0
45301,155.53,15643.3164,15643.3164,0
45306,155.53,15643.3164,15643.3164,0
45309,155.54,15643.3164,15643.3164,0
45318,155.56,15643.3164,15643.3164,0
45321,155.58,15643.3164,15643.3164,0
45322,155.58,15643.3164,15643.3164,0
45339,155.62,15643.3164,15643.3164,0
45340,155.63,15643.3164,15643.3164,0
45341,155.63,15643.3164,15643.3164,0
45346,155.63,15643.3164,15643.3164,0
45348,155.64,15643.3164,15643.3164,0
45356,155.64,15643.3164,15643.3164,0
45363,155.66,15643.3164,15643.3164,0
45365,155.66,15643.3164,15643.3164,0
45368,155.67,15643.3164,15643.3164,0
45370,155.67,15643.3164,15643.3164,0
45371,155.67,15643.3164,15643.3164,0
45372,155.67,15643.3164,15643.3164,0
45374,155.68,15643.3164,15643.3164,0
45376,155.68,15643.3164,15643.3164,0
45378,155.69,15643.3164,15643.3164,0
45379,155.69,15643.3164,15643.3164,0
45381,155.69,15643.3164,15643.3164,0
45384,155.70,15643.3164,15643.3164,0
45386,155.70,15643.3164,15643.3164,0
45391,155.71,15643.3164,15643.3164,0
45393,155.72,15643.3164,15643.3164,0
45394,155.72,15643.3164,15643.3164,0
45404,155.73,15643.3164,15643.3164,0
45405,155.73,15643.3164,15643.3164,0
45411,155.75,15643.3164,15643.3164,0
45412,155.75,15643.3164,15643.3164,0
45429,155.79,15643.3164,15643.3164,0
45436,155.81,15643.3164,15643.3164,0
45443,155.82,15643.3164,15643.3164,0
45444,155.82,15643.3164,15643.3164,0
45447,155.84,15643.3164,15643.3164,1
45450,155.99,15262.6147,15643.3164,0
45451,156.03,15262.6147,15643.3164,0
45461,156.36,15262.6147,15643.3164,0
45464,156.50,15262.6147,15643.3164,0
45479,156.89,15262.6147,15643.3164,0
45480,156.91,15262.6147,15643.3164,0
45484,157.00,15473.6722,15643.3164,0
45500,157.30,15473.6722,15643.3164,0
45502,157.33,15473.6722,15643.3164,0
45503,157.34,15473.6722,15643.3164,0
45509,157.43,15473.6722,15643.3164,0
45512,157.52,15473.6722,15643.3164,0
45513,157.52,15473.6722,15643.3164,0
45519,157.52,15473.6722,15643.3164,0
45525,157.57,15473.6722,15643.3164,0
45526,157.64,15473.6722,15643.3164,0
45532,157.75,15473.6722,15643.3164,0
45536,157.83,15473.6722,15643.3164,0
45548,157.91,15473.6722,15643.3164,0
45553,157.94,15473.6722,15643.3164,0
45561,157.95,15473.6722,15643.3164,0
45562,157.95,15473.6722,15643.3164,0
45565,157.99,15473.6722,15643.3164,0
45577,158.07,15473.6722,15643.3164,0
45590,158.13,15473.6722,15643.3164,0
45592,158.17,15642.4265,15643.3164,0
45599,158.33,15642.4265,15643.3164,0
45601,158.39,15803.3033,15803.3033,0
45604,158.45,15803.3033,15803.3033,0
45617,158.77,15803.3033,15803.3033,0
45625,158.97,15803.3033,15803.3033,0
45641,159.14,15803.3033,15803.3033,0
45664,159.25,15803.3033,15803.3033,0
45683,159.33,15803.3033,15803.3033,0
45698,159.39,15803.3033,15803.3033,0
45702,159.45,15803.3033,15803.3033,0
45705,159.46,15803.3033,15803.3033,0
45711,159.47,15803.3033,15803.3033,0
45723,159.52,15803.3033,15803.3033,0
45762,159.76,15803.3033,15803.3033,0
45765,159.77,15803.3033,15803.3033,0
45770,159.78,15803.3033,15803.3033,0
45773,159.86,15803.3033,15803.3033,0
45785,159.89,15803.3033,15803.3033,0
45802,159.94,15803.3033,15803.3033,0
45813,159.97,15803.3033,15803.3033,0
45815,159.97,15803.3033,15803.3033,0
45827,160.02,15803.3033,15803.3033,0
45832,160.15,15803.3033,15803.3033,0
45834,160.15,15803.3033,15803.3033,0
45846,160.17,15803.3033,15803.3033,0
45847,160.17,15803.3033,15803.3033,0
45855,160.18,15803.3033,15803.3033,0
45885,160.30,15803.3033,15803.3033,0
45887,160.31,15803.3033,15803.3033,0
45917,160.40,15803.3033,15803.3033,0
45927,160.45,15803.3033,15803.3033,0
45947,160.49,15803.3033,15803.3033,0
45954,160.49,15803.3033,15803.3033,0
45959,160.50,15803.3033,15803.3033,0
45984,160.54,15803.3033,15803.3033,0
45998,160.57,15803.3033,15803.3033,0
46000,160.57,15803.3033,15803.3033,0
46028,160.66,15803.3033,15803.3033,0
46029,160.67,15803.3033,15803.3033,0
46041,160.68,15803.3033,15803.3033,0
46042,160.68,15803.3033,15803.3033,0
46055,160.71,15803.3033,15803.3033,0
46070,160.80,15803.3033,15803.3033,0
46090,160.83,15803.3033,15803.3033,0
46093,160.84,15803.3033,15803.3033,0
46095,160.88,15803.3033,15803.3033,0
46100,160.92,15803.3033,15803.3033,0
46107,160.93,15803.3033,15803.3033,0
46108,160.93,15803.3033,15803.3033,0
46114,160.94,15803.3033,15803.3033,0
46116,160.95,15803.3033,15803.3033,0
46141,161.02,15803.3033,15803.3033,0
46142,161.02,15803.3033,15803.3033,0
46145,161.02,15803.3033,15803.3033,0
46148,161.03,15803.3033,15803.3033,0
46151,161.03,15803.3033,15803.3033,0
46153,161.03,15803.3033,15803.3033,0
46167,161.06,15803.3033,15803.3033,0
46191,161.10,15803.3033,15803.3033,0
46201,161.15,15803.3033,15803.3033,0
46210,161.16,15803.3033,15803.3033,0
46216,161.21,15803.3033,15803.3033,0
46239,161.23,15803.3033,15803.3033,0
46254,161.34,15803.3033,15803.3033,0
46255,161.34,15803.3033,15803.3033,0
46260,161.35,15803.3033,15803.3033,0
46289,161.48,15803.3033,15803.3033,0
46291,161.48,15803.3033,15803.3033,0
46307,161.51,15803.3033,15803.3033,0
46309,161.51,15803.3033,15803.3033,0
46320,161.54,15803.3033,15803.3033,0
46325,161.59,15803.3033,15803.3033,0
46327,161.59,15803.3033,15803.3033,0
46333,161.60,15803.3033,15803.3033,0
46355,161.66,15803.3033,15803.3033,0
46359,161.67,15803.3033,15803.3033,0
46365,161.68,15803.3033,15803.3033,0
46367,161.70,15803.3033,15803.3033,0
46385,161.78,15803.3033,15803.3033,0
46389,161.78,15803.3033,15803.3033,0
46395,161.79,15803.3033,15803.3033,0
46399,161.81,15803.3033,15803.3033,0
46402,161.81,15803.3033,15803.3033,0
46406,161.88,15803.3033,15803.3033,0
46410,161.88,15803.3033,15803.3033,0
46420,161.90,15803.3033,15803.3033,0
46422,161.91,15803.3033,15803.3033,0
46425,161.91,15803.3033,15803.3033,0
46426,161.91,15803.3033,15803.3033,0
46439,161.92,15803.3033,15803.3033,0
46461,161.99,15803.3033,15803.3033,0
46464,162.00,15803.3033,15803.3033,0
46471,162.01,15803.3033,15803.3033,0
46474,162.01,15803.3033,15803.3033,0
46509,162.08,15803.3033,15803.3033,0
46530,162.13,15803.3033,15803.3033,0
46543,162.16,15803.3033,15803.3033,0
46548,162.17,15803.3033,15803.3033,0
46571,162.20,15803.3033,15803.3033,0
46582,162.21,15803.3033,15803.3033,0
46591,162.23,15803.3033,15803.3033,0
46592,162.23,15803.3033,15803.3033,0
46595,162.23,15803.3033,15803.3033,0
46598,162.24,15803.3033,15803.3033,0
46601,162.24,15803.3033,15803.3033,0
46604,162.25,15803.3033,15803.3033,0
46605,162.25,15803.3033,15803.3033,0
46612,162.26,15803.3033,15803.3033,0
46617,162.27,15803.3033,15803.3033,0
46638,162.29,15803.3033,15803.3033,0
46639,162.29,15803.3033,15803.3033,0
46644,162.29,15803.3033,15803.3033,0
46649,162.30,15803.3033,15803.3033,0
46653,162.31,15803.3033,15803.3033,0
46659,162.32,15803.3033,15803.3033,0
46674,162.34,15803.3033,15803.3033,0
46695,162.37,15803.3033,15803.3033,0
46737,162.44,15803.3033,15803.3033,0
46747,162.45,15803.3033,15803.3033,0
46749,162.45,15803.3033,15803.3033,0
46761,162.47,15803.3033,15803.3033,0
46785,162.50,15803.3033,15803.3033,0
46786,162.50,15803.3033,15803.3033,0
46791,162.51,15803.3033,15803.3033,0
46826,162.55,15803.3033,15803.3033,0
46828,162.55,15803.3033,15803.3033,0
46831,162.55,15803.3033,15803.3033,0
46889,162.63,15803.3033,15803.3033,0
46892,162.64,15803.3033,15803.3033,0
46899,162.65,15803.3033,15803.3033,0
46904,162.65,15803.3033,15803.3033,0
46907,162.66,15803.3033,15803.3033,0
46911,162.66,15803.3033,15803.3033,0
46916,162.67,15803.3033,15803.3033,0
46920,162.68,15803.3033,15803.3033,0
46931,162.69,15803.3033,15803.3033,0
46949,162.72,15803.3033,15803.3033,0
46951,162.72,15803.3033,15803.3033,0
46960,162.73,15803.3033,15803.3033,0
46961,162.73,15803.3033,15803.3033,0
46967,162.74,15803.3033,15803.3033,0
46970,162.74,15803.3033,15803.3033,0
46996,162.78,15803.3033,15803.3033,0
47001,162.79,15803.3033,15803.3033,0
47020,162.81,15803.3033,15803.3033,0
47023,162.82,15803.3033,15803.3033,0
47029,162.84,15803.3033,15803.3033,0
47034,162.85,15803.3033,15803.3033,0
47037,162.85,15803.3033,15803.3033,0
47052,162.88,15803.3033,15803.3033,0
47057,162.89,15803.3033,15803.3033,0
47075,162.92,15803.3033,15803.3033,0
47080,162.92,15803.3033,15803.3033,0
47084,162.94,15803.3033,15803.3033,0
47094,162.95,15803.3033,15803.3033,0
47111,162.98,15803.3033,15803.3033,0
47136,163.01,15803.3033,15803.3033,0
47140,163.01,15803.3033,15803.3033,0
47157,163.04,15803.3033,15803.3033,0
47159,163.05,15803.3033,15803.3033,0
47173,163.07,15803.3033,15803.3033,0
47189,163.10,15803.3033,15803.3033,0
47200,163.12,15803.3033,15803.3033,0
47202,163.12,15803.3033,15803.3033,0
47205,163.12,15803.3033,15803.3033,0
47209,163.13,15803.3033,15803.3033,0
47251,163.18,15803.3033,15803.3033,0
47256,163.19,15803.3033,15803.3033,0
47264,163.20,15803.3033,15803.3033,0
47278,163.24,15803.3033,15803.3033,0
47279,163.24,15803.3033,15803.3033,0
47284,163.24,15803.3033,15803.3033,0
47289,163.24,15803.3033,15803.3033,0
47293,163.25,15803.3033,15803.3033,0
47294,163.25,15803.3033,15803.3033,0
47308,163.27,15803.3033,15803.3033,0
47318,163.29,15803.3033,15803.3033,0
47322,163.29,15803.3033,15803.3033,0
47333,163.30,15803.3033,15803.3033,0
47342,163.32,15803.3033,15803.3033,0
47345,163.32,15803.3033,15803.3033,0
47347,163.32,15803.3033,15803.3033,0
47355,163.33,15803.3033,15803.3033,0
47356,163.33,15803.3033,15803.3033,0
47358,163.33,15803.3033,15803.3033,0
47359,163.33,15803.3033,15803.3033,0
47376,163.37,15803.3033,15803.3033,0
47388,163.39,15803.3033,15803.3033,0
47399,163.39,15803.3033,15803.3033,0
47409,163.41,15803.3033,15803.3033,0
47411,163.41,15803.3033,15803.3033,0
47412,163.41,15803.3033,15803.3033,0
47421,163.48,15803.3033,15803.3033,0
47440,163.51,15803.3033,15803.3033,0
47444,163.52,15803.3033,15803.3033,0
47450,163.53,15803.3033,15803.3033,0
47459,163.55,15803.3033,15803.3033,0
47477,163.57,15803.3033,15803.3033,0
47494,163.59,15803.3033,15803.3033,0
47504,163.60,15803.3033,15803.3033,0
47513,163.62,15803.3033,15803.3033,0
47515,163.62,15803.3033,15803.3033,0
47516,163.62,15803.3033,15803.3033,0
47520,163.63,15803.3033,15803.3033,0
47528,163.64,15803.3033,15803.3033,0
47536,163.64,15803.3033,15803.3033,0
47548,163.66,15803.3033,15803.3033,0
47552,163.68,15803.3033,15803.3033,0
47583,163.73,15803.3033,15803.3033,0
47589,163.74,15803.3033,15803.3033,0
47590,163.74,15803.3033,15803.3033,0
47600,163.75,15803.3033,15803.3033,0
47607,163.77,15803.3033,15803.3033,0
47613,163.78,15803.3033,15803.3033,0
47616,163.79,15803.3033,15803.3033,0
47628,163.80,15803.3033,15803.3033,0
47642,163.81,15803.3033,15803.3033,0
47661,163.85,15803.3033,15803.3033,0
47668,163.85,15803.3033,15803.3033,0
47676,163.88,15803.3033,15803.3033,0
47679,163.88,15803.3033,15803.3033,0
47682,163.88,15803.3033,15803.3033,0
47719,163.94,15803.3033,15803.3033,0
47720,163.95,15803.3033,15803.3033,0
47727,163.95,15803.3033,15803.3033,0
47735,163.96,15803.3033,15803.3033,0
47742,163.97,15803.3033,15803.3033,0
47743,163.97,15803.3033,15803.3033,0
47780,164.04,15803.3033,15803.3033,0
47789,164.06,15803.3033,15803.3033,0
47803,164.08,15803.3033,15803.3033,0
47820,164.10,15803.3033,15803.3033,0
47823,164.10,15803.3033,15803.3033,0
47845,164.13,15803.3033,15803.3033,0
47846,164.13,15803.3033,15803.3033,0
47856,164.14,15803.3033,15803.3033,0
47858,164.14,15803.3033,15803.3033,0
47870,164.16,15803.3033,15803.3033,0
47875,164.17,15803.3033,15803.3033,0
47882,164.19,15803.3033,15803.3033,0
47906,164.22,15803.3033,15803.3033,0
47914,164.24,15803.3033,15803.3033,0
47917,164.24,15803.3033,15803.3033,0
47922,164.25,15803.3033,15803.3033,0
47943,164.27,15803.3033,15803.3033,0
47945,164.27,15803.3033,15803.3033,0
47946,164.27,15803.3033,15803.3033,0
47949,164.28,15803.3033,15803.3033,0
47979,164.34,15803.3033,15803.3033,0
47987,164.35,15803.3033,15803.3033,0
47993,164.36,15803.3033,15803.3033,0
47994,164.36,15803.3033,15803.3033,0
48006,164.38,15803.3033,15803.3033,0
48008,164.38,15803.3033,15803.3033,0
48023,164.40,15803.3033,15803.3033,0
48046,164.44,15803.3033,15803.3033,0
48059,164.45,15803.3033,15803.3033,0
48081,164.49,15803.3033,15803.3033,0
48085,164.49,15803.3033,15803.3033,0
48096,164.51,15803.3033,15803.3033,0
48106,164.54,15803.3033,15803.3033,0
48113,164.55,15803.3033,15803.3033,0
48116,164.55,15803.3033,15803.3033,0
48121,164.56,15803.3033,15803.3033,0
48128,164.58,15803.3033,15803.3033,0
48135,164.58,15803.3033,15803.3033,0
48139,164.59,15803.3033,15803.3033,0
48143,164.59,15803.3033,15803.3033,0
48145,164.59,15803.3033,15803.3033,0
48155,164.61,15803.3033,15803.3033,0
48172,164.67,15803.3033,15803.3033,0
48179,164.69,15803.3033,15803.3033,0
48193,164.70,15803.3033,15803.3033,0
48198,164.71,15803.3033,15803.3033,0
48199,164.71,15803.3033,15803.3033,0
48201,164.71,15803.3033,15803.3033,0
48214,164.73,15803.3033,15803.3033,0
48217,164.73,15803.3033,15803.3033,0
48228,164.75,15803.3033,15803.3033,0
48268,164.82,15803.3033,15803.3033,0
48277,164.83,15803.3033,15803.3033,0
48280,164.83,15803.3033,15803.3033,0
48291,164.85,15803.3033,15803.3033,0
48298,164.86,15803.3033,15803.3033,0
48327,164.90,15803.3033,15803.3033,0
48328,164.90,15803.3033,15803.3033,0
48329,164.90,15803.3033,15803.3033,0
48346,164.94,15803.3033,15803.3033,0
48351,164.95,15803.3033,15803.3033,0
48366,164.98,15803.3033,15803.3033,0
48386,165.02,15803.3033,15803.3033,0
48388,165.02,15803.3033,15803.3033,0
48397,165.03,15803.3033,15803.3033,0
48404,165.05,15803.3033,15803.3033,0
48409,165.05,15803.3033,15803.3033,0
48413,165.06,15803.3033,15803.3033,0
48438,165.10,15803.3033,15803.3033,0
48445,165.11,15803.3033,15803.3033,0
48453,165.12,15803.3033,15803.3033,0
48460,165.14,15803.3033,15803.3033,0
48464,165.14,15803.3033,15803.3033,0
48470,165.14,15803.3033,15803.3033,0
48472,165.15,15803.3033,15803.3033,0
48474,165.15,15803.3033,15803.3033,0
48495,165.18,15803.3033,15803.3033,0
48504,165.19,15803.3033,15803.3033,0
48511,165.20,15803.3033,15803.3033,0
48527,165.23,15803.3033,15803.3033,0
48531,165.24,15803.3033,15803.3033,0
48536,165.24,15803.3033,15803.3033,0
48547,165.26,15803.3033,15803.3033,0
48549,165.26,15803.3033,15803.3033,0
48551,165.27,15803.3033,15803.3033,0
48562,165.29,15803.3033,15803.3033,0
48564,165.29,15803.3033,15803.3033,0
48572,165.30,15803.3033,15803.3033,0
48578,165.30,15803.3033,15803.3033,0
48598,165.34,15803.3033,15803.3033,0
48600,165.34,15803.3033,15803.3033,0
48601,165.35,15803.3033,15803.3033,0
48602,165.35,15803.3033,15803.3033,1
48612,165.73,15589.4333,15803.3033,0
48635,166.14,15636.2030,15803.3033,0
48637,166.18,15636.2030,15803.3033,0
48653,166.66,15636.2030,15803.3033,0
48730,167.38,15636.2030,15803.3033,0
48732,167.38,15636.2030,15803.3033,0
48752,167.55,15636.2030,15803.3033,0
48765,167.68,15636.2030,15803.3033,0
48779,167.81,15636.2030,15803.3033,0
48799,167.85,15636.2030,15803.3033,0
48805,167.88,15636.2030,15803.3033,0
48815,167.91,15636.2030,15803.3033,0
48863,168.07,15636.2030,15803.3033,0
48865,168.09,15636.2030,15803.3033,0
48869,168.10,15636.2030,15803.3033,0
48871,168.10,15636.2030,15803.3033,0
48887,168.23,15636.2030,15803.3033,0
48891,168.24,15636.2030,15803.3033,0
48895,168.24,15636.2030,15803.3033,0
48898,168.25,15636.2030,15803.3033,0
48900,168.26,15636.2030,15803.3033,0
48916,168.35,15636.2030,15803.3033,0
48931,168.43,15636.2030,15803.3033,0
48940,168.44,15636.2030,15803.3033,0
48946,168.47,15636.2030,15803.3033,0
48952,168.48,15636.2030,15803.3033,0
48955,168.48,15636.2030,15803.3033,0
48957,168.48,15636.2030,15803.3033,0
48961,168.49,15636.2030,15803.3033,0
48962,168.49,15636.2030,15803.3033,0
48970,168.50,15636.2030,15803.3033,0
48983,168.52,15636.2030,15803.3033,0
48989,168.52,15636.2030,15803.3033,0
49006,168.54,15636.2030,15803.3033,0
49020,168.60,15636.2030,15803.3033,0
49024,168.64,15636.2030,15803.3033,0
49031,168.68,15636.2030,15803.3033,0
49035,168.68,15636.2030,15803.3033,0
49038,168.69,15636.2030,15803.3033,0
49047,168.73,15636.2030,15803.3033,0
49050,168.74,15636.2030,15803.3033,0
49063,168.76,15636.2030,15803.3033,0
49077,168.82,15636.2030,15803.3033,0
49101,168.94,15636.2030,15803.3033,0
49106,168.95,15636.2030,15803.3033,0
49113,169.00,15636.2030,15803.3033,0
49122,169.01,15636.2030,15803.3033,0
49131,169.02,15636.2030,15803.3033,0
49134,169.03,15636.2030,15803.3033,0
49144,169.04,15636.2030,15803.3033,0
49158,169.05,15636.2030,15803.3033,0
49164,169.06,15636.2030,15803.3033,0
49169,169.06,15636.2030,15803.3033,0
49170,169.07,15636.2030,15803.3033,0
49171,169.07,15636.2030,15803.3033,0
49187,169.09,15636.2030,15803.3033,0
49193,169.10,15636.2030,15803.3033,0
49205,169.11,15636.2030,15803.3033,0
49210,169.12,15636.2030,15803.3033,0
49213,169.18,15636.2030,15803.3033,0
49214,169.18,15636.2030,15803.3033,0
49227,169.20,15636.2030,15803.3033,0
49247,169.22,15636.2030,15803.3033,0
49248,169.23,15636.2030,15803.3033,0
49249,169.23,15636.2030,15803.3033,0
49252,169.23,15636.2030,15803.3033,0
49275,169.26,15636.2030,15803.3033,0
49282,169.27,15636.2030,15803.3033,0
49283,169.27,15636.2030,15803.3033,0
49295,169.28,15636.2030,15803.3033,0
49305,169.30,15636.2030,15803.3033,0
49313,169.31,15636.2030,15803.3033,0
49340,169.36,15636.2030,15803.3033,0
49343,169.36,15636.2030,15803.3033,0
49369,169.42,15636.2030,15803.3033,0
49370,169.43,15636.2030,15803.3033,0
49390,169.46,15636.2030,15803.3033,0
49392,169.46,15636.2030,15803.3033,0
49398,169.47,15636.2030,15803.3033,0
49400,169.47,15636.2030,15803.3033,0
49402,169.48,15636.2030,15803.3033,0
49425,169.51,15636.2030,15803.3033,0
49427,169.51,15636.2030,15803.3033,0
49437,169.53,15636.2030,15803.3033,0
49438,169.53,15636.2030,15803.3033,0
49441,169.53,15636.2030,15803.3033,0
49448,169.54,15636.2030,15803.3033,0
49458,169.55,15636.2030,15803.3033,0
49461,169.56,15636.2030,15803.3033,0
49466,169.57,15636.2030,15803.3033,0
49477,169.58,15636.2030,15803.3033,0
49484,169.59,15636.2030,15803.3033,0
49485,169.59,15636.2030,15803.3033,0
49505,169.62,15636.2030,15803.3033,0
49515,169.63,15636.2030,15803.3033,0
49532,169.65,15636.2030,15803.3033,0
49536,169.66,15636.2030,15803.3033,0
49547,169.67,15636.2030,15803.3033,0
49548,169.67,15636.2030,15803.3033,0
49557,169.68,15636.2030,15803.3033,0
49558,169.68,15636.2030,15803.3033,0
49562,169.69,15636.2030,15803.3033,0
49589,169.73,15636.2030,15803.3033,0
49599,169.74,15636.2030,15803.3033,0
49614,169.76,15636.2030,15803.3033,0
49621,169.76,15636.2030,15803.3033,0
49623,169.76,15636.2030,15803.3033,0
49627,169.77,15636.2030,15803.3033,0
49629,169.78,15636.2030,15803.3033,0
49636,169.78,15636.2030,15803.3033,0
49637,169.79,15636.2030,15803.3033,0
49649,169.80,15636.2030,15803.3033,0
49650,169.80,15636.2030,15803.3033,0
49655,169.81,15636.2030,15803.3033,0
49662,169.82,15636.2030,15803.3033,0
49668,169.83,15636.2030,15803.3033,0
49676,169.85,15636.2030,15803.3033,0
49683,169.87,15636.2030,15803.3033,0
49686,169.87,15636.2030,15803.3033,0
49700,169.89,15636.2030,15803.3033,0
49705,169.90,15636.2030,15803.3033,0
49708,169.90,15636.2030,15803.3033,0
49717,169.91,15636.2030,15803.3033,0
49730,169.93,15636.2030,15803.3033,0
49734,169.93,15636.2030,15803.3033,0
49735,169.93,15636.2030,15803.3033,0
49758,169.95,15636.2030,15803.3033,0
49765,169.97,15636.2030,15803.3033,0
49774,169.99,15636.2030,15803.3033,0
49779,170.00,15636.2030,15803.3033,0
49797,170.02,15636.2030,15803.3033,0
49800,170.03,15636.2030,15803.3033,0
49806,170.04,15636.2030,15803.3033,0
49807,170.04,15636.2030,15803.3033,0
49821,170.07,15636.2030,15803.3033,0
49838,170.09,15636.2030,15803.3033,0
49846,170.10,15636.2030,15803.3033,0
49879,170.15,15636.2030,15803.3033,0
49918,170.20,15636.2030,15803.3033,0
49925,170.22,15636.2030,15803.3033,0
49928,170.22,15636.2030,15803.3033,0
49929,170.22,15636.2030,15803.3033,0
49964,170.26,15636.2030,15803.3033,0
49972,170.28,15636.2030,15803.3033,0
49975,170.28,15636.2030,15803.3033,0
49976,170.28,15636.2030,15803.3033,0
49979,170.29,15636.2030,15803.3033,0
49984,170.29,15636.2030,15803.3033,0
49989,170.30,15636.2030,15803.3033,0
50001,170.31,15636.2030,15803.3033,0
50013,170.33,15636.2030,15803.3033,0
50029,170.34,15636.2030,15803.3033,0
50039,170.36,15636.2030,15803.3033,0
50082,170.42,15636.2030,15803.3033,0
50084,170.43,15636.2030,15803.3033,0
50085,170.43,15636.2030,15803.3033,0
50092,170.44,15636.2030,15803.3033,0
50095,170.44,15636.2030,15803.3033,0
50111,170.46,15636.2030,15803.3033,0
50129,170.50,15636.2030,15803.3033,0
50135,170.50,15636.2030,15803.3033,0
50148,170.58,15636.2030,15803.3033,0
50150,170.58,15636.2030,15803.3033,0
50152,170.58,15636.2030,15803.3033,0
50171,170.61,15636.2030,15803.3033,0
50173,170.61,15636.2030,15803.3033,0
50177,170.62,15636.2030,15803.3033,0
50197,170.65,15636.2030,15803.3033,0
50202,170.65,15636.2030,15803.3033,0
50221,170.68,15636.2030,15803.3033,0
50227,170.69,15636.2030,15803.3033,0
50228,170.69,15636.2030,15803.3033,0
50229,170.69,15636.2030,15803.3033,0
50236,170.70,15636.2030,15803.3033,0
50265,170.74,15636.2030,15803.3033,0
50270,170.75,15636.2030,15803.3033,0
50294,170.79,15636.2030,15803.3033,0
50296,170.80,15636.2030,15803.3033,0
50305,170.81,15636.2030,15803.3033,0
50306,170.81,15636.2030,15803.3033,0
50311,170.82,15636.2030,15803.3033,0
50333,170.85,15636.2030,15803.3033,0
50351,170.88,15636.2030,15803.3033,0
50369,170.90,15636.2030,15803.3033,0
50371,170.91,15636.2030,15803.3033,0
50374,170.91,15636.2030,15803.3033,0
50377,170.91,15636.2030,15803.3033,0
50380,170.91,15636.2030,15803.3033,0
50389,170.93,15636.2030,15803.3033,0
50394,170.94,15636.2030,15803.3033,0
50397,170.95,15636.2030,15803.3033,0
50399,170.95,15636.2030,15803.3033,0
50400,170.95,15636.2030,15803.3033,0
50416,171.01,15636.2030,15803.3033,0
50417,171.01,15636.2030,15803.3033,0
50419,171.02,15636.2030,15803.3033,0
50423,171.02,15636.2030,15803.3033,0
50425,171.02,15636.2030,15803.3033,0
50435,171.03,15636.2030,15803.3033,0
50437,171.04,15636.2030,15803.3033,0
50442,171.05,15636.2030,15803.3033,0
50450,171.06,15636.2030,15803.3033,0
50458,171.08,15636.2030,15803.3033,0
50466,171.09,15636.2030,15803.3033,0
50469,171.10,15636.2030,15803.3033,0
50473,171.11,15636.2030,15803.3033,0
50483,171.13,15636.2030,15803.3033,0
50484,171.13,15636.2030,15803.3033,0
50500,171.16,15636.2030,15803.3033,0
50523,171.20,15636.2030,15803.3033,0
50529,171.21,15636.2030,15803.3033,0
50536,171.23,15636.2030,15803.3033,0
50540,171.24,15636.2030,15803.3033,0
50550,171.25,15636.2030,15803.3033,0
50558,171.26,15636.2030,15803.3033,0
50581,171.29,15636.2030,15803.3033,0
50587,171.30,15636.2030,15803.3033,0
50612,171.40,15636.2030,15803.3033,0
50637,171.44,15636.2030,15803.3033,0
50643,171.45,15636.2030,15803.3033,0
50650,171.45,15636.2030,15803.3033,0
50680,171.50,15636.2030,15803.3033,0
50688,171.52,15636.2030,15803.3033,0
50702,171.54,15636.2030,15803.3033,0
50715,171.56,15636.2030,15803.3033,0
50730,171.57,15636.2030,15803.3033,0
50733,171.58,15636.2030,15803.3033,0
50739,171.59,15636.2030,15803.3033,0
50742,171.59,15636.2030,15803.3033,0
50760,171.61,15636.2030,15803.3033,0
50761,171.62,15636.2030,15803.3033,0
50779,171.65,15636.2030,15803.3033,0
50782,171.65,15636.2030,15803.3033,0
50789,171.66,15636.2030,15803.3033,0
50797,171.66,15636.2030,15803.3033,0
50805,171.68,15636.2030,15803.3033,0
50812,171.69,15636.2030,15803.3033,0
50813,171.69,15636.2030,15803.3033,0
50816,171.69,15636.2030,15803.3033,0
50824,171.70,15636.2030,15803.3033,0
50825,171.70,15636.2030,15803.3033,0
50834,171.70,15636.2030,15803.3033,0
50837,171.71,15636.2030,15803.3033,0
50857,171.75,15636.2030,15803.3033,0
50865,171.76,15636.2030,15803.3033,0
50880,171.78,15636.2030,15803.3033,0
50903,171.82,15636.2030,15803.3033,0
50926,171.84,15636.2030,15803.3033,0
50929,171.85,15636.2030,15803.3033,0
50935,171.85,15636.2030,15803.3033,0
50941,171.86,15636.2030,15803.3033,0
50942,171.86,15636.2030,15803.3033,0
50960,171.89,15636.2030,15803.3033,0
50984,171.92,15636.2030,15803.3033,0
51007,171.94,15636.2030,15803.3033,0
51009,171.94,15636.2030,15803.3033,0
51010,171.95,15636.2030,15803.3033,0
51030,171.97,15636.2030,15803.3033,0
51041,171.99,15636.2030,15803.3033,0
51044,172.00,15636.2030,15803.3033,0
51053,172.01,15636.2030,15803.3033,0
51066,172.02,15636.2030,15803.3033,0
51072,172.03,15636.2030,15803.3033,0
51094,172.05,15636.2030,15803.3033,0
51095,172.06,15636.2030,15803.3033,0
51097,172.06,15636.2030,15803.3033,0
51099,172.07,15636.2030,15803.3033,0
51118,172.10,15636.2030,15803.3033,0
51127,172.11,15636.2030,15803.3033,0
51151,172.15,15636.2030,15803.3033,0
51155,172.15,15636.2030,15803.3033,0
51156,172.16,15636.2030,15803.3033,0
51157,172.16,15636.2030,15803.3033,0
51166,172.17,15636.2030,15803.3033,0
51184,172.19,15636.2030,15803.3033,0
51188,172.20,15636.2030,15803.3033,0
51211,172.23,15636.2030,15803.3033,0
51216,172.24,15636.2030,15803.3033,0
51225,172.25,15636.2030,15803.3033,0
51227,172.26,15636.2030,15803.3033,0
51228,172.26,15636.2030,15803.3033,0
51229,172.26,15636.2030,15803.3033,0
51241,172.27,15636.2030,15803.3033,0
51258,172.30,15636.2030,15803.3033,0
51261,172.30,15636.2030,15803.3033,0
51271,172.32,15636.2030,15803.3033,0
51280,172.33,15636.2030,15803.3033,0
51288,172.34,15636.2030,15803.3033,0
51289,172.35,15636.2030,15803.3033,0
51290,172.35,15636.2030,15803.3033,0
51295,172.36,15636.2030,15803.3033,0
51331,172.40,15636.2030,15803.3033,0
51335,172.40,15636.2030,15803.3033,0
51348,172.42,15636.2030,15803.3033,0
51352,172.43,15636.2030,15803.3033,0
51370,172.45,15636.2030,15803.3033,0
51377,172.46,15636.2030,15803.3033,0
51380,172.46,15636.2030,15803.3033,0
51386,172.48,15636.2030,15803.3033,0
51391,172.48,15636.2030,15803.3033,0
51400,172.50,15636.2030,15803.3033,0
51415,172.51,15636.2030,15803.3033,0
51416,172.51,15636.2030,15803.3033,0
51427,172.53,15636.2030,15803.3033,0
51436,172.54,15636.2030,15803.3033,0
51437,172.54,15636.2030,15803.3033,0
51452,172.56,15636.2030,15803.3033,0
51459,172.57,15636.2030,15803.3033,0
51460,172.57,15636.2030,15803.3033,0
51491,172.62,15636.2030,15803.3033,0
51501,172.63,15636.2030,15803.3033,0
51505,172.63,15636.2030,15803.3033,0
51518,172.66,15636.2030,15803.3033,0
51524,172.66,15636.2030,15803.3033,0
51530,172.67,15636.2030,15803.3033,0
51531,172.68,15636.2030,15803.3033,0
51533,172.68,15636.2030,15803.3033,0
51534,172.68,15636.2030,15803.3033,0
51537,172.68,15636.2030,15803.3033,0
51545,172.69,15636.2030,15803.3033,0
51548,172.70,15636.2030,15803.3033,0
51552,172.70,15636.2030,15803.3033,0
51562,172.71,15636.2030,15803.3033,0
51572,172.72,15636.2030,15803.3033,0
51583,172.74,15636.2030,15803.3033,0
51590,172.75,15636.2030,15803.3033,0
51601,172.76,15636.2030,15803.3033,0
51614,172.78,15636.2030,15803.3033,0
51631,172.80,15636.2030,15803.3033,0
51636,172.80,15636.2030,15803.3033,1
51642,172.91,15410.7377,15803.3033,0
51645,172.97,15410.7377,15803.3033,0
51652,173.05,15410.7377,15803.3033,0
51653,173.05,15410.7377,15803.3033,0
51661,173.28,15410.7377,15803.3033,0
51665,173.33,15410.7377,15803.3033,0
51669,173.43,15410.7377,15803.3033,0
51671,173.47,15476.9214,15803.3033,0
51680,173.73,15512.0830,15803.3033,0
51681,173.75,15512.0830,15803.3033,0
51686,173.89,15512.0830,15803.3033,0
51697,174.16,15512.0830,15803.3033,0
51701,174.26,15512.0830,15803.3033,0
51703,174.28,15512.0830,15803.3033,0
51710,174.40,15512.0830,15803.3033,0
51711,174.44,15512.0830,15803.3033,0
51716,174.49,15512.0830,15803.3033,0
51717,174.51,15512.0830,15803.3033,0
51719,174.55,15512.0830,15803.3033,0
51725,174.56,15512.0830,15803.3033,0
51747,174.71,15680.5339,15803.3033,0
51748,174.75,15680.5339,15803.3033,0
51751,174.76,15680.5339,15803.3033,0
51758,174.88,15680.5339,15803.3033,0
51763,174.94,15680.5339,15803.3033,0
51767,175.08,15680.5339,15803.3033,0
51772,175.17,15680.5339,15803.3033,0
51778,175.19,15690.7607,15803.3033,0
51782,175.27,15690.7607,15803.3033,0
51787,175.30,15690.7607,15803.3033,0
51793,175.38,15690.7607,15803.3033,0
51796,175.44,15690.7607,15803.3033,0
51803,175.51,15690.7607,15803.3033,0
51813,175.62,15690.7607,15803.3033,0
51842,175.80,15690.7607,15803.3033,0
51851,175.86,15690.7607,15803.3033,0
51860,176.00,15690.7607,15803.3033,0
51889,176.06,15690.7607,15803.3033,0
51891,176.07,15690.7607,15803.3033,0
51908,176.09,15690.7607,15803.3033,0
51939,176.24,15690.7607,15803.3033,0
51957,176.30,15690.7607,15803.3033,0
51977,176.33,15690.7607,15803.3033,0
51983,176.39,15690.7607,15803.3033,0
52006,176.45,15690.7607,15803.3033,0
52007,176.45,15690.7607,15803.3033,0
52024,176.48,15690.7607,15803.3033,0
52032,176.48,15690.7607,15803.3033,0
52035,176.49,15690.7607,15803.3033,0
52041,176.49,15690.7607,15803.3033,0
52046,176.50,15690.7607,15803.3033,0
52054,176.51,15690.7607,15803.3033,0
52060,176.53,15690.7607,15803.3033,0
52063,176.58,15690.7607,15803.3033,0
52079,176.61,15690.7607,15803.3033,0
52098,176.67,15690.7607,15803.3033,0
52103,176.71,15690.7607,15803.3033,0
52108,176.80,15690.7607,15803.3033,0
52112,176.80,15690.7607,15803.3033,0
52123,176.81,15690.7607,15803.3033,0
52125,176.81,15690.7607,15803.3033,0
52132,176.83,15690.7607,15803.3033,0
52147,176.84,15690.7607,15803.3033,0
52154,176.85,15690.7607,15803.3033,0
52180,176.88,15690.7607,15803.3033,0
52184,176.89,15690.7607,15803.3033,0
52194,176.90,15690.7607,15803.3033,0
52202,176.91,15690.7607,15803.3033,0
52209,176.92,15690.7607,15803.3033,0
52215,176.93,15690.7607,15803.3033,0
52221,176.94,15690.7607,15803.3033,0
52226,176.94,15690.7607,15803.3033,0
52278,177.10,15690.7607,15803.3033,0
52280,177.12,15690.7607,15803.3033,0
52313,177.37,15690.7607,15803.3033,0
52319,177.38,15690.7607,15803.3033,0
52321,177.43,15690.7607,15803.3033,0
52324,177.44,15690.7607,15803.3033,0
52354,177.49,15690.7607,15803.3033,0
52374,177.55,15690.7607,15803.3033,0
52401,177.59,15690.7607,15803.3033,0
52418,177.63,15690.7607,15803.3033,0
52430,177.65,15690.7607,15803.3033,0
52431,177.65,15690.7607,15803.3033,0
52435,177.65,15690.7607,15803.3033,0
52446,177.68,15690.7607,15803.3033,0
52452,177.68,15690.7607,15803.3033,0
52453,177.68,15690.7607,15803.3033,0
52457,177.69,15690.7607,15803.3033,0
52479,177.75,15690.7607,15803.3033,0
52480,177.75,15690.7607,15803.3033,0
52497,177.78,15690.7607,15803.3033,0
52500,177.80,15690.7607,15803.3033,0
52508,177.81,15690.7607,15803.3033,0
52513,177.82,15690.7607,15803.3033,0
52515,177.82,15690.7607,15803.3033,0
52518,177.83,15690.7607,15803.3033,0
52527,177.84,15690.7607,15803.3033,0
52529,177.84,15690.7607,15803.3033,0
52554,177.87,15690.7607,15803.3033,0
52568,177.90,15690.7607,15803.3033,0
52569,177.90,15690.7607,15803.3033,0
52572,177.90,15690.7607,15803.3033,0
52580,177.93,15690.7607,15803.3033,0
52610,178.00,15690.7607,15803.3033,0
52615,178.01,15690.7607,15803.3033,0
52639,178.05,15690.7607,15803.3033,0
52656,178.08,15690.7607,15803.3033,0
52677,178.10,15690.7607,15803.3033,0
52688,178.11,15690.7607,15803.3033,0
52689,178.11,15690.7607,15803.3033,0
52713,178.17,15690.7607,15803.3033,0
52721,178.20,15690.7607,15803.3033,0
52744,178.25,15690.7607,15803.3033,0
52753,178.27,15690.7607,15803.3033,0
52782,178.35,15690.7607,15803.3033,0
52799,178.37,15690.7607,15803.3033,0
52801,178.37,15690.7607,15803.3033,0
52802,178.37,15690.7607,15803.3033,0
52821,178.40,15690.7607,15803.3033,0
52823,178.40,15690.7607,15803.3033,0
52834,178.46,15690.7607,15803.3033,0
52842,178.47,15690.7607,15803.3033,0
52850,178.48,15690.7607,15803.3033,0
52851,178.48,15690.7607,15803.3033,0
52856,178.48,15690.7607,15803.3033,0
52859,178.49,15690.7607,15803.3033,0
52863,178.49,15690.7607,15803.3033,0
52889,178.54,15690.7607,15803.3033,0
52892,178.55,15690.7607,15803.3033,0
52894,178.55,15690.7607,15803.3033,0
52897,178.55,15690.7607,15803.3033,0
52942,178.66,15690.7607,15803.3033,0
52953,178.69,15690.7607,15803.3033,0
52976,178.72,15690.7607,15803.3033,0
52984,178.73,15690.7607,15803.3033,0
52989,178.74,15690.7607,15803.3033,0
52990,178.74,15690.7607,15803.3033,0
52999,178.76,15690.7607,15803.3033,0
53040,178.86,15690.7607,15803.3033,0
53051,178.88,15690.7607,15803.3033,0
53057,178.89,15690.7607,15803.3033,0
53058,178.89,15690.7607,15803.3033,0
53060,178.89,15690.7607,15803.3033,0
53077,178.91,15690.7607,15803.3033,0
53078,178.91,15690.7607,15803.3033,0
53079,178.91,15690.7607,15803.3033,0
53089,178.93,15690.7607,15803.3033,0
53096,178.94,15690.7607,15803.3033,0
53105,178.95,15690.7607,15803.3033,0
53111,178.96,15690.7607,15803.3033,0
53122,179.00,15690.7607,15803.3033,0
53184,179.09,15690.7607,15803.3033,0
53197,179.11,15690.7607,15803.3033,0
53201,179.11,15690.7607,15803.3033,0
53233,179.16,15690.7607,15803.3033,0
53260,179.20,15690.7607,15803.3033,0
53266,179.20,15690.7607,15803.3033,0
53267,179.20,15690.7607,15803.3033,0
53299,179.24,15690.7607,15803.3033,0
53305,179.25,15690.7607,15803.3033,0
53315,179.26,15690.7607,15803.3033,0
53346,179.31,15690.7607,15803.3033,0
53355,179.33,15690.7607,15803.3033,0
53385,179.38,15690.7607,15803.3033,0
53390,179.40,15690.7607,15803.3033,0
53398,179.40,15690.7607,15803.3033,0
53406,179.42,15690.7607,15803.3033,0
53424,179.44,15690.7607,15803.3033,0
53425,179.44,15690.7607,15803.3033,0
53430,179.45,15690.7607,15803.3033,0
53431,179.45,15690.7607,15803.3033,0
53453,179.49,15690.7607,15803.3033,0
53460,179.49,15690.7607,15803.3033,0
53472,179.51,15690.7607,15803.3033,0
53476,179.52,15690.7607,15803.3033,0
53478,179.52,15690.7607,15803.3033,0
53480,179.52,15690.7607,15803.3033,0
53503,179.57,15690.7607,15803.3033,0
53524,179.60,15690.7607,15803.3033,0
53534,179.62,15690.7607,15803.3033,0
53537,179.63,15690.7607,15803.3033,0
53547,179.64,15690.7607,15803.3033,0
53586,179.71,15690.7607,15803.3033,0
53603,179.74,15690.7607,15803.3033,0
53639,179.80,15690.7607,15803.3033,0
53682,179.88,15690.7607,15803.3033,0
53692,179.91,15690.7607,15803.3033,0
53710,179.93,15690.7607,15803.3033,0
53711,179.93,15690.7607,15803.3033,0
53723,179.95,15690.7607,15803.3033,0
53731,179.96,15690.7607,15803.3033,0
53733,179.96,15690.7607,15803.3033,0
53736,179.97,15690.7607,15803.3033,0
53737,179.97,15690.7607,15803.3033,0
53760,180.01,15690.7607,15803.3033,0
53765,180.02,15690.7607,15803.3033,0
53808,180.06,15690.7607,15803.3033,0
53814,180.07,15690.7607,15803.3033,0
53816,180.07,15690.7607,15803.3033,0
53820,180.07,15690.7607,15803.3033,0
53822,180.08,15690.7607,15803.3033,0
53823,180.08,15690.7607,15803.3033,0
53826,180.08,15690.7607,15803.3033,0
53829,180.08,15690.7607,15803.3033,0
53831,180.09,15690.7607,15803.3033,0
53843,180.11,15690.7607,15803.3033,0
53844,180.12,15690.7607,15803.3033,0
53845,180.12,15690.7607,15803.3033,0
53852,180.12,15690.7607,15803.3033,0
53894,180.18,15690.7607,15803.3033,0
53900,180.20,15690.7607,15803.3033,0
53909,180.21,15690.7607,15803.3033,0
53917,180.22,15690.7607,15803.3033,0
53921,180.22,15690.7607,15803.3033,0
53928,180.24,15690.7607,15803.3033,0
53933,180.24,15690.7607,15803.3033,0
53936,180.24,15690.7607,15803.3033,0
53941,180.25,15690.7607,15803.3033,0
53974,180.30,15690.7607,15803.3033,0
53982,180.31,15690.7607,15803.3033,0
53989,180.32,15690.7607,15803.3033,0
54000,180.33,15690.7607,15803.3033,0
54005,180.35,15690.7607,15803.3033,0
54018,180.38,15690.7607,15803.3033,0
54022,180.39,15690.7607,15803.3033,0
54028,180.40,15690.7607,15803.3033,0
54037,180.41,15690.7607,15803.3033,0
54046,180.42,15690.7607,15803.3033,0
54052,180.44,15690.7607,15803.3033,0
54053,180.44,15690.7607,15803.3033,0
54064,180.45,15690.7607,15803.3033,0
54067,180.46,15690.7607,15803.3033,0
54073,180.47,15690.7607,15803.3033,0
54084,180.48,15690.7607,15803.3033,0
54096,180.50,15690.7607,15803.3033,0
54130,180.57,15690.7607,15803.3033,0
54132,180.57,15690.7607,15803.3033,0
54163,180.63,15690.7607,15803.3033,0
54164,180.63,15690.7607,15803.3033,0
54167,180.63,15690.7607,15803.3033,0
54180,180.65,15690.7607,15803.3033,0
54200,180.68,15690.7607,15803.3033,0
54208,180.69,15690.7607,15803.3033,0
54216,180.70,15690.7607,15803.3033,0
54226,180.71,15690.7607,15803.3033,0
54249,180.75,15690.7607,15803.3033,0
54255,180.75,15690.7607,15803.3033,0
54281,180.80,15690.7607,15803.3033,0
54304,180.85,15690.7607,15803.3033,0
54309,180.86,15690.7607,15803.3033,0
54310,180.86,15690.7607,15803.3033,0
54314,180.86,15690.7607,15803.3033,0
54320,180.88,15690.7607,15803.3033,0
54325,180.88,15690.7607,15803.3033,0
54343,180.91,15690.7607,15803.3033,0
54368,180.95,15690.7607,15803.3033,0
54381,180.97,15690.7607,15803.3033,0
54455,181.10,15690.7607,15803.3033,0
54487,181.15,15690.7607,15803.3033,0
54488,181.15,15690.7607,15803.3033,0
54493,181.16,15690.7607,15803.3033,0
54501,181.17,15690.7607,15803.3033,0
54506,181.18,15690.7607,15803.3033,0
54519,181.20,15690.7607,15803.3033,0
54545,181.24,15690.7607,15803.3033,0
54550,181.25,15690.7607,15803.3033,0
54552,181.25,15690.7607,15803.3033,0
54561,181.26,15690.7607,15803.3033,0
54565,181.27,15690.7607,15803.3033,0
54575,181.28,15690.7607,15803.3033,0
54601,181.31,15690.7607,15803.3033,0
54606,181.32,15690.7607,15803.3033,0
54611,181.33,15690.7607,15803.3033,0
54615,181.34,15690.7607,15803.3033,0
54626,181.36,15690.7607,15803.3033,0
54637,181.40,15690.7607,15803.3033,0
54644,181.41,15690.7607,15803.3033,0
54654,181.42,15690.7607,15803.3033,0
54662,181.42,15690.7607,15803.3033,0
54663,181.42,15690.7607,15803.3033,0
54674,181.45,15690.7607,15803.3033,0
54677,181.45,15690.7607,15803.3033,0
54678,181.45,15690.7607,15803.3033,0
54706,181.50,15690.7607,15803.3033,0
54725,181.52,15690.7607,15803.3033,0
54729,181.52,15690.7607,15803.3033,0
54730,181.53,15690.7607,15803.3033,0
54749,181.57,15690.7607,15803.3033,0
54751,181.58,15690.7607,15803.3033,0
54753,181.58,15690.7607,15803.3033,0
54761,181.59,15690.7607,15803.3033,0
54779,181.62,15690.7607,15803.3033,1
54780,181.66,15133.3175,15803.3033,0
54781,181.68,15133.3175,15803.3033,0
54783,181.72,15225.7568,15803.3033,0
54784,181.74,15225.7568,15803.3033,0
54785,181.76,15225.7568,15803.3033,0
54786,181.78,15246.8019,15803.3033,0
54792,182.05,15450.1846,15803.3033,0
54802,182.23,15450.1846,15803.3033,0
54804,182.26,15450.2765,15803.3033,0
54808,182.38,15450.2765,15803.3033,0
54812,182.47,15450.2765,15803.3033,0
54832,183.03,15485.5181,15803.3033,0
54845,183.16,15485.5181,15803.3033,0
54856,183.55,15485.5181,15803.3033,0
54857,183.59,15485.5181,15803.3033,0
54858,183.67,15485.5181,15803.3033,0
54859,183.71,15485.5181,15803.3033,0
54865,183.85,15485.5181,15803.3033,0
54871,183.99,15485.5181,15803.3033,0
54878,184.09,15485.5181,15803.3033,0
54881,184.11,15485.5181,15803.3033,0
54885,184.12,15485.5181,15803.3033,0
54886,184.12,15485.5181,15803.3033,0
54902,184.43,15485.5181,15803.3033,0
54904,184.45,15485.5181,15803.3033,0
54906,184.45,15485.5181,15803.3033,0
54907,184.49,15485.5181,15803.3033,0
54913,184.50,15485.5181,15803.3033,0
54914,184.58,15485.5181,15803.3033,0
54923,184.73,15485.5181,15803.3033,0
54928,184.77,15485.5181,15803.3033,0
54949,184.95,15494.7516,15803.3033,0
54982,185.68,15494.7516,15803.3033,0
55080,186.39,15494.7516,15803.3033,0
55129,186.93,15494.7516,15803.3033,0
55146,187.05,15494.7516,15803.3033,0
55195,187.29,15494.7516,15803.3033,0
55352,187.93,15494.7516,15803.3033,0
55471,188.18,15494.7516,15803.3033,0
55479,188.19,15494.7516,15803.3033,0
55574,188.55,15494.7516,15803.3033,0
55575,188.55,15494.7516,15803.3033,0
55628,188.66,15494.7516,15803.3033,0
55709,188.84,15494.7516,15803.3033,0
55734,188.90,15494.7516,15803.3033,0
55764,189.02,15494.7516,15803.3033,0
55845,189.25,15494.7516,15803.3033,0
55901,189.43,15494.7516,15803.3033,0
55942,189.50,15494.7516,15803.3033,0
56020,189.65,15494.7516,15803.3033,0
56045,189.68,15494.7516,15803.3033,0
56050,189.69,15494.7516,15803.3033,0
56052,189.69,15494.7516,15803.3033,0
56074,189.73,15494.7516,15803.3033,0
56076,189.77,15494.7516,15803.3033,0
56091,189.79,15494.7516,15803.3033,0
56137,189.87,15494.7516,15803.3033,0
56150,189.89,15494.7516,15803.3033,0
56163,189.93,15494.7516,15803.3033,0
56172,189.95,15494.7516,15803.3033,0
56279,190.23,15494.7516,15803.3033,0
56282,190.23,15494.7516,15803.3033,0
56297,190.26,15494.7516,15803.3033,0
56463,190.54,15494.7516,15803.3033,0
56527,190.65,15494.7516,15803.3033,0
56546,190.69,15494.7516,15803.3033,0
56578,190.73,15494.7516,15803.3033,0
56593,190.77,15494.7516,15803.3033,0
56665,190.90,15494.7516,15803.3033,0
56796,191.10,15494.7516,15803.3033,0
56830,191.17,15494.7516,15803.3033,0
56960,191.36,15494.7516,15803.3033,0
57018,191.48,15494.7516,15803.3033,0
57061,191.54,15494.7516,15803.3033,0
57081,191.56,15494.7516,15803.3033,0
57229,191.82,15494.7516,15803.3033,0
57248,191.86,15494.7516,15803.3033,0
57347,192.06,15494.7516,15803.3033,0
57349,192.07,15494.7516,15803.3033,0
57372,192.11,15494.7516,15803.3033,0
57390,192.15,15494.7516,15803.3033,0
57426,192.23,15494.7516,15803.3033,0
57429,192.23,15494.7516,15803.3033,0
57432,192.24,15494.7516,15803.3033,0
57440,192.25,15494.7516,15803.3033,0
57464,192.30,15494.7516,15803.3033,0
57480,192.34,15494.7516,15803.3033,0
57545,192.43,15494.7516,15803.3033,0
57557,192.45,15494.7516,15803.3033,0
57632,192.62,15494.7516,15803.3033,0
57721,192.77,15494.7516,15803.3033,0
57730,192.79,15494.7516,15803.3033,0
57871,193.08,15494.7516,15803.3033,0
57931,193.19,15494.7516,15803.3033,0
57950,193.22,15494.7516,15803.3033,1
58058,193.43,15494.7516,15803.3033,0
58092,193.51,15494.7516,15803.3033,0
58146,193.60,15494.7516,15803.3033,0
58227,193.73,15494.7516,15803.3033,0
58298,193.85,15494.7516,15803.3033,0
58345,193.94,15494.7516,15803.3033,0
58435,194.07,15494.7516,15803.3033,0
58463,194.12,15494.7516,15803.3033,0
58496,194.19,15494.7516,15803.3033,0
58577,194.33,15494.7516,15803.3033,0
58666,194.50,15494.7516,15803.3033,0
58722,194.63,15494.7516,15803.3033,0
58725,194.63,15494.7516,15803.3033,0
58731,194.63,15494.7516,15803.3033,0
58754,194.68,15494.7516,15803.3033,0
58834,194.81,15494.7516,15803.3033,0
58835,194.81,15494.7516,15803.3033,0
58915,194.97,15494.7516,15803.3033,0
58964,195.05,15494.7516,15803.3033,0
58998,195.12,15494.7516,15803.3033,0
59007,195.12,15494.7516,15803.3033,0
59096,195.29,15494.7516,15803.3033,0
59247,195.54,15494.7516,15803.3033,0
59338,195.73,15494.7516,15803.3033,0
59412,195.87,15494.7516,15803.3033,0
59423,195.88,15494.7516,15803.3033,0
59581,196.12,15494.7516,15803.3033,0
59788,196.44,15494.7516,15803.3033,0
59798,196.45,15494.7516,15803.3033,0
59850,196.57,15494.7516,15803.3033,0
59851,196.57,15494.7516,15803.3033,0
59863,196.59,15494.7516,15803.3033,0
59962,196.78,15494.7516,15803.3033,0
60012,196.88,15494.7516,15803.3033,0
60041,196.91,15494.7516,15803.3033,0
60054,196.93,15494.7516,15803.3033,0
60298,197.37,15494.7516,15803.3033,0
60386,197.56,15494.7516,15803.3033,0
60409,197.59,15494.7516,15803.3033,0
60416,197.61,15494.7516,15803.3033,0
60447,197.67,15494.7516,15803.3033,0
60483,197.76,15494.7516,15803.3033,0
60505,197.83,15494.7516,15803.3033,0
60514,197.85,15494.7516,15803.3033,0
60555,197.94,15494.7516,15803.3033,0
60585,197.99,15494.7516,15803.3033,0
60750,198.29,15494.7516,15803.3033,0
60792,198.38,15494.7516,15803.3033,0
60908,198.55,15494.7516,15803.3033,0
60951,198.61,15494.7516,15803.3033,1
60955,198.71,14888.7156,15803.3033,0
60959,198.84,14888.7156,15803.3033,0
60965,199.07,14888.7156,15803.3033,0
60966,199.07,14888.7156,15803.3033,0
60967,199.11,15020.8189,15803.3033,0
60970,199.17,15228.8750,15803.3033,0
60971,199.19,15247.1041,15803.3033,0
60972,199.25,15247.1041,15803.3033,0
60984,199.56,15247.1041,15803.3033,0
60990,199.64,15247.1041,15803.3033,0
60992,199.70,15247.1041,15803.3033,0
60994,199.73,15351.9815,15803.3033,0
61041,200.68,15351.9815,15803.3033,0
61052,200.88,15351.9815,15803.3033,0
61056,200.93,15351.9815,15803.3033,0
61068,201.06,15351.9815,15803.3033,0
61071,201.15,15624.9376,15803.3033,0
61081,201.36,15624.9376,15803.3033,0
61090,201.64,15663.4433,15803.3033,0
61092,201.69,15663.4433,15803.3033,0
61094,201.76,15663.4433,15803.3033,0
61128,202.35,15663.6930,15803.3033,0
61136,202.63,15795.1208,15803.3033,0
61137,202.68,15795.1208,15803.3033,0
61159,203.15,15795.1208,15803.3033,0
61186,203.51,15795.1208,15803.3033,0
61191,203.57,15795.1208,15803.3033,0
61193,203.60,15795.1208,15803.3033,0
61202,203.64,15795.1208,15803.3033,0
61217,203.84,15795.1208,15803.3033,0
61253,204.20,15795.1208,15803.3033,0
61275,204.33,15795.1208,15803.3033,0
61303,204.53,15795.1208,15803.3033,0
61326,204.62,15806.5483,15806.5483,0
61335,204.88,15806.5483,15806.5483,0
61339,204.95,15806.5483,15806.5483,0
61343,205.07,15806.5483,15806.5483,0
61344,205.12,15806.5483,15806.5483,0
61347,205.18,15806.5483,15806.5483,0
61352,205.31,15806.5483,15806.5483,0
61355,205.37,15810.1759,15810.1759,0
61360,205.57,15810.1759,15810.1759,0
61363,205.62,15810.1759,15810.1759,0
61368,205.73,15810.1759,15810.1759,0
61371,205.76,15833.1118,15833.1118,0
61373,205.79,15833.1118,15833.1118,0
61387,206.01,15833.1118,15833.1118,0
61394,206.08,15833.1118,15833.1118,0
61398,206.16,15833.1118,15833.1118,0
61405,206.19,15833.1118,15833.1118,0
61412,206.29,15833.1118,15833.1118,0
61413,206.29,15833.1118,15833.1118,0
61417,206.37,15833.2909,15833.2909,0
61423,206.56,15833.2909,15833.2909,0
61425,206.58,15833.2909,15833.2909,0
61435,206.73,15833.2909,15833.2909,0
61443,206.80,15833.2909,15833.2909,0
61444,206.82,15833.2909,15833.2909,0
61447,206.82,15833.2909,15833.2909,0
61449,206.84,15833.2909,15833.2909,0
61453,206.93,15833.2909,15833.2909,0
61457,207.01,15833.2909,15833.2909,0
61459,207.06,15833.2909,15833.2909,0
61461,207.06,15833.2909,15833.2909,0
61464,207.08,15833.2909,15833.2909,0
61482,207.22,15833.2909,15833.2909,0
61483,207.23,15833.2909,15833.2909,0
61486,207.23,15833.2909,15833.2909,0
61487,207.23,15833.2909,15833.2909,0
61489,207.23,15833.2909,15833.2909,0
61505,207.29,15833.2909,15833.2909,0
61506,207.29,15833.2909,15833.2909,0
61507,207.29,15833.2909,15833.2909,0
61512,207.32,15833.2909,15833.2909,0
61515,207.33,15833.2909,15833.2909,0
61521,207.34,15833.2909,15833.2909,0
61528,207.38,15833.2909,15833.2909,0
61540,207.48,15833.2909,15833.2909,0
61543,207.48,15833.2909,15833.2909,0
61547,207.49,15833.2909,15833.2909,0
61549,207.49,15833.2909,15833.2909,0
61551,207.49,15833.2909,15833.2909,0
61556,207.56,15833.2909,15833.2909,0
61558,207.57,15833.2909,15833.2909,0
61563,207.59,15833.2909,15833.2909,0
61578,207.66,15833.2909,15833.2909,0
61595,207.71,15833.2909,15833.2909,0
61602,207.76,15833.2909,15833.2909,0
61613,207.79,15833.2909,15833.2909,0
61619,207.82,15833.2909,15833.2909,0
61621,207.82,15833.2909,15833.2909,0
61625,207.84,15833.2909,15833.2909,0
61626,207.85,15833.2909,15833.2909,0
61632,207.88,15833.2909,15833.2909,0
61634,207.89,15833.2909,15833.2909,0
61635,207.89,15833.2909,15833.2909,0
61639,207.91,15833.2909,15833.2909,0
61640,207.91,15833.2909,15833.2909,0
61642,207.95,15833.2909,15833.2909,0
61647,207.97,15833.2909,15833.2909,0
61666,208.03,15833.2909,15833.2909,0
61668,208.04,15833.2909,15833.2909,0
61678,208.10,15833.2909,15833.2909,0
61679,208.10,15833.2909,15833.2909,0
61681,208.12,15833.2909,15833.2909,0
61688,208.13,15833.2909,15833.2909,0
61689,208.13,15833.2909,15833.2909,0
61693,208.15,15833.2909,15833.2909,0
61695,208.15,15833.2909,15833.2909,0
61705,208.22,15833.2909,15833.2909,0
61710,208.28,15833.2909,15833.2909,0
61719,208.32,15833.2909,15833.2909,0
61722,208.32,15833.2909,15833.2909,0
61723,208.32,15833.2909,15833.2909,0
61737,208.43,15833.2909,15833.2909,0
61738,208.45,15833.2909,15833.2909,0
61739,208.45,15833.2909,15833.2909,0
61740,208.45,15833.2909,15833.2909,0
61742,208.47,15833.2909,15833.2909,0
61745,208.47,15833.2909,15833.2909,0
61759,208.53,15833.2909,15833.2909,0
61765,208.56,15833.2909,15833.2909,0
61767,208.56,15833.2909,15833.2909,0
61772,208.56,15833.2909,15833.2909,0
61774,208.56,15833.2909,15833.2909,0
61781,208.64,15833.2909,15833.2909,0
61783,208.64,15833.2909,15833.2909,0
61785,208.65,15833.2909,15833.2909,0
61795,208.72,15833.2909,15833.2909,0
61800,208.73,15833.2909,15833.2909,0
61801,208.73,15833.2909,15833.2909,0
61809,208.75,15833.2909,15833.2909,0
61810,208.75,15833.2909,15833.2909,0
61814,208.77,15833.2909,15833.2909,0
61817,208.77,15833.2909,15833.2909,0
61822,208.83,15833.2909,15833.2909,0
61835,208.88,15833.2909,15833.2909,0
61844,208.94,15833.2909,15833.2909,0
61845,208.94,15833.2909,15833.2909,0
61851,208.96,15833.2909,15833.2909,0
61866,208.99,15833.2909,15833.2909,0
61872,209.01,15833.2909,15833.2909,0
61873,209.01,15833.2909,15833.2909,0
61874,209.01,15833.2909,15833.2909,0
61894,209.07,15833.2909,15833.2909,0
61898,209.09,15833.2909,15833.2909,0
61902,209.09,15833.2909,15833.2909,0
61906,209.10,15833.2909,15833.2909,0
61910,209.10,15833.2909,15833.2909,0
61915,209.13,15833.2909,15833.2909,0
61921,209.16,15833.2909,15833.2909,0
61923,209.18,15833.2909,15833.2909,0
61925,209.19,15833.2909,15833.2909,0
61926,209.19,15833.2909,15833.2909,0
61932,209.21,15833.2909,15833.2909,0
61938,209.24,15833.2909,15833.2909,0
61945,209.26,15833.2909,15833.2909,0
61948,209.28,15833.2909,15833.2909,0
61949,209.28,15833.2909,15833.2909,0
61954,209.30,15833.2909,15833.2909,0
61955,209.31,15833.2909,15833.2909,0
61956,209.31,15833.2909,15833.2909,0
61957,209.31,15833.2909,15833.2909,0
61972,209.38,15833.2909,15833.2909,0
61974,209.38,15833.2909,15833.2909,0
61983,209.45,15833.2909,15833.2909,0
61986,209.47,15833.2909,15833.2909,0
61988,209.47,15833.2909,15833.2909,0
61989,209.47,15833.2909,15833.2909,0
61992,209.48,15833.2909,15833.2909,0
61994,209.48,15833.2909,15833.2909,0
61995,209.48,15833.2909,15833.2909,0
61998,209.49,15833.2909,15833.2909,0
61999,209.49,15833.2909,15833.2909,0
62001,209.50,15833.2909,15833.2909,0
62004,209.51,15833.2909,15833.2909,0
62007,209.52,15833.2909,15833.2909,0
62011,209.53,15833.2909,15833.2909,0
62025,209.58,15833.2909,15833.2909,0
62031,209.63,15833.2909,15833.2909,0
62034,209.64,15833.2909,15833.2909,0
62035,209.64,15833.2909,15833.2909,0
62039,209.64,15833.2909,15833.2909,0
62042,209.64,15833.2909,15833.2909,0
62055,209.67,15833.2909,15833.2909,0
62063,209.71,15833.2909,15833.2909,0
62065,209.71,15833.2909,15833.2909,0
62067,209.72,15833.2909,15833.2909,0
62070,209.76,15833.2909,15833.2909,0
62073,209.78,15833.2909,15833.2909,0
62075,209.78,15833.2909,15833.2909,0
62086,209.82,15833.2909,15833.2909,0
62095,209.85,15833.2909,15833.2909,0
62101,209.88,15833.2909,15833.2909,0
62102,209.88,15833.2909,15833.2909,0
62103,209.88,15833.2909,15833.2909,0
62108,209.90,15833.2909,15833.2909,0
62111,209.93,15833.2909,15833.2909,0
62116,209.99,15833.2909,15833.2909,0
62119,209.99,15833.2909,15833.2909,0
62123,210.00,15833.2909,15833.2909,0
62129,210.02,15833.2909,15833.2909,0
62131,210.02,15833.2909,15833.2909,0
62135,210.03,15833.2909,15833.2909,0
62136,210.03,15833.2909,15833.2909,0
62138,210.03,15833.2909,15833.2909,0
62139,210.03,15833.2909,15833.2909,0
62141,210.04,15833.2909,15833.2909,0
62143,210.04,15833.2909,15833.2909,0
62150,210.08,15833.2909,15833.2909,0
62155,210.09,15833.2909,15833.2909,0
62159,210.09,15833.2909,15833.2909,0
62161,210.09,15833.2909,15833.2909,0
62163,210.10,15833.2909,15833.2909,0
62165,210.10,15833.2909,15833.2909,0
62172,210.12,15833.2909,15833.2909,0
62175,210.14,15833.2909,15833.2909,0
62178,210.17,15833.2909,15833.2909,0
62187,210.22,15833.2909,15833.2909,0
62191,210.24,15833.2909,15833.2909,0
62193,210.24,15833.2909,15833.2909,0
62196,210.24,15833.2909,15833.2909,0
62200,210.25,15833.2909,15833.2909,0
62206,210.28,15833.2909,15833.2909,0
62207,210.28,15833.2909,15833.2909,0
62211,210.29,15833.2909,15833.2909,0
62218,210.32,15833.2909,15833.2909,0
62221,210.33,15833.2909,15833.2909,0
62222,210.33,15833.2909,15833.2909,0
62225,210.33,15833.2909,15833.2909,0
62226,210.34,15833.2909,15833.2909,0
62230,210.34,15833.2909,15833.2909,0
62232,210.35,15833.2909,15833.2909,0
62237,210.39,15833.2909,15833.2909,0
62241,210.40,15833.2909,15833.2909,0
62247,210.43,15833.2909,15833.2909,0
62253,210.45,15833.2909,15833.2909,0
62255,210.46,15833.2909,15833.2909,0
62259,210.48,15833.2909,15833.2909,0
62260,210.48,15833.2909,15833.2909,0
62261,210.48,15833.2909,15833.2909,0
62264,210.50,15833.2909,15833.2909,0
62273,210.52,15833.2909,15833.2909,0
62276,210.54,15833.2909,15833.2909,0
62287,210.60,15833.2909,15833.2909,0
62288,210.60,15833.2909,15833.2909,0
62298,210.65,15833.2909,15833.2909,0
62304,210.66,15833.2909,15833.2909,0
62305,210.66,15833.2909,15833.2909,0
62307,210.66,15833.2909,15833.2909,0
62317,210.70,15833.2909,15833.2909,0
62318,210.71,15833.2909,15833.2909,0
62319,210.71,15833.2909,15833.2909,0
62323,210.71,15833.2909,15833.2909,0
62325,210.72,15833.2909,15833.2909,0
62328,210.74,15833.2909,15833.2909,0
62332,210.75,15833.2909,15833.2909,0
62333,210.75,15833.2909,15833.2909,0
62336,210.75,15833.2909,15833.2909,0
62341,210.76,15833.2909,15833.2909,0
62342,210.76,15833.2909,15833.2909,0
62349,210.79,15833.2909,15833.2909,0
62351,210.79,15833.2909,15833.2909,0
62366,210.83,15833.2909,15833.2909,0
62368,210.84,15833.2909,15833.2909,0
62369,210.84,15833.2909,15833.2909,0
62374,210.86,15833.2909,15833.2909,0
62376,210.87,15833.2909,15833.2909,0
62382,210.87,15833.2909,15833.2909,0
62385,210.88,15833.2909,15833.2909,0
62391,210.89,15833.2909,15833.2909,0
62394,210.95,15833.2909,15833.2909,0
62399,210.97,15833.2909,15833.2909,0
62400,210.97,15833.2909,15833.2909,0
62402,210.98,15833.2909,15833.2909,0
62403,210.98,15833.2909,15833.2909,0
62404,210.98,15833.2909,15833.2909,0
62407,210.99,15833.2909,15833.2909,0
62409,210.99,15833.2909,15833.2909,0
62421,211.04,15833.2909,15833.2909,0
62423,211.05,15833.2909,15833.2909,0
62428,211.07,15833.2909,15833.2909,0
62430,211.08,15833.2909,15833.2909,0
62432,211.10,15833.2909,15833.2909,0
62441,211.12,15833.2909,15833.2909,0
62448,211.13,15833.2909,15833.2909,0
62457,211.16,15833.2909,15833.2909,0
62460,211.16,15833.2909,15833.2909,0
62461,211.16,15833.2909,15833.2909,0
62466,211.19,15833.2909,15833.2909,0
62478,211.21,15833.2909,15833.2909,0
62479,211.21,15833.2909,15833.2909,0
62484,211.22,15833.2909,15833.2909,0
62486,211.22,15833.2909,15833.2909,0
62488,211.23,15833.2909,15833.2909,0
62489,211.23,15833.2909,15833.2909,0
62493,211.23,15833.2909,15833.2909,0
62497,211.26,15833.2909,15833.2909,0
62500,211.26,15833.2909,15833.2909,0
62503,211.26,15833.2909,15833.2909,0
62505,211.26,15833.2909,15833.2909,0
62507,211.27,15833.2909,15833.2909,0
62508,211.27,15833.2909,15833.2909,0
62510,211.28,15833.2909,15833.2909,0
62512,211.29,15833.2909,15833.2909,0
62516,211.30,15833.2909,15833.2909,0
62524,211.33,15833.2909,15833.2909,0
62528,211.35,15833.2909,15833.2909,0
62530,211.35,15833.2909,15833.2909,0
62533,211.36,15833.2909,15833.2909,0
62543,211.39,15833.2909,15833.2909,0
62553,211.44,15833.2909,15833.2909,0
62554,211.44,15833.2909,15833.2909,0
62556,211.44,15833.2909,15833.2909,0
62557,211.44,15833.2909,15833.2909,0
62561,211.46,15833.2909,15833.2909,0
62563,211.46,15833.2909,15833.2909,0
62568,211.46,15833.2909,15833.2909,0
62571,211.47,15833.2909,15833.2909,0
62574,211.47,15833.2909,15833.2909,0
62575,211.47,15833.2909,15833.2909,0
62586,211.51,15833.2909,15833.2909,0
62588,211.51,15833.2909,15833.2909,0
62592,211.53,15833.2909,15833.2909,0
62595,211.54,15833.2909,15833.2909,0
62603,211.57,15833.2909,15833.2909,0
62609,211.59,15833.2909,15833.2909,0
62617,211.64,15833.2909,15833.2909,0
62623,211.65,15833.2909,15833.2909,0
62625,211.66,15833.2909,15833.2909,0
62633,211.67,15833.2909,15833.2909,0
62634,211.67,15833.2909,15833.2909,0
62635,211.68,15833.2909,15833.2909,0
62643,211.69,15833.2909,15833.2909,0
62644,211.69,15833.2909,15833.2909,0
62646,211.70,15833.2909,15833.2909,0
62649,211.70,15833.2909,15833.2909,0
62660,211.76,15833.2909,15833.2909,0
62666,211.77,15833.2909,15833.2909,0
62668,211.79,15833.2909,15833.2909,0
62670,211.79,15833.2909,15833.2909,0
62675,211.82,15833.2909,15833.2909,0
62682,211.83,15833.2909,15833.2909,0
62686,211.85,15833.2909,15833.2909,0
62687,211.85,15833.2909,15833.2909,0
62688,211.86,15833.2909,15833.2909,0
62690,211.86,15833.2909,15833.2909,0
62693,211.86,15833.2909,15833.2909,0
62708,211.93,15833.2909,15833.2909,0
62713,211.96,15833.2909,15833.2909,0
62716,211.97,15833.2909,15833.2909,0
62723,212.00,15833.2909,15833.2909,0
62737,212.04,15833.2909,15833.2909,0
62750,212.08,15833.2909,15833.2909,0
62753,212.10,15833.2909,15833.2909,0
62755,212.11,15833.2909,15833.2909,0
62758,212.12,15833.2909,15833.2909,0
62762,212.14,15833.2909,15833.2909,0
62763,212.14,15833.2909,15833.2909,0
62764,212.14,15833.2909,15833.2909,0
62774,212.17,15833.2909,15833.2909,0
62775,212.18,15833.2909,15833.2909,0
62778,212.18,15833.2909,15833.2909,0
62779,212.18,15833.2909,15833.2909,0
62782,212.18,15833.2909,15833.2909,0
62783,212.18,15833.2909,15833.2909,0
62789,212.19,15833.2909,15833.2909,0
62790,212.20,15833.2909,15833.2909,0
62798,212.24,15833.2909,15833.2909,0
62800,212.24,15833.2909,15833.2909,0
62808,212.26,15833.2909,15833.2909,0
62816,212.30,15833.2909,15833.2909,0
62818,212.30,15833.2909,15833.2909,0
62829,212.32,15833.2909,15833.2909,0
62830,212.33,15833.2909,15833.2909,0
62838,212.34,15833.2909,15833.2909,0
62840,212.35,15833.2909,15833.2909,0
62855,212.41,15833.2909,15833.2909,0
62860,212.43,15833.2909,15833.2909,0
62871,212.46,15833.2909,15833.2909,0
62879,212.50,15833.2909,15833.2909,0
62886,212.52,15833.2909,15833.2909,0
62887,212.52,15833.2909,15833.2909,0
62888,212.52,15833.2909,15833.2909,0
62890,212.52,15833.2909,15833.2909,0
62891,212.52,15833.2909,15833.2909,0
62895,212.53,15833.2909,15833.2909,0
62903,212.58,15833.2909,15833.2909,0
62904,212.58,15833.2909,15833.2909,0
62906,212.58,15833.2909,15833.2909,0
62908,212.59,15833.2909,15833.2909,0
62916,212.61,15833.2909,15833.2909,0
62920,212.65,15833.2909,15833.2909,0
62921,212.65,15833.2909,15833.2909,0
62924,212.67,15833.2909,15833.2909,0
62927,212.68,15833.2909,15833.2909,0
62928,212.68,15833.2909,15833.2909,0
62931,212.71,15833.2909,15833.2909,0
62937,212.74,15833.2909,15833.2909,0
62939,212.74,15833.2909,15833.2909,0
62941,212.74,15833.2909,15833.2909,0
62945,212.76,15833.2909,15833.2909,0
62947,212.77,15833.2909,15833.2909,0
62949,212.77,15833.2909,15833.2909,0
62953,212.78,15833.2909,15833.2909,0
62955,212.78,15833.2909,15833.2909,0
62968,212.84,15833.2909,15833.2909,0
62972,212.85,15833.2909,15833.2909,0
62977,212.86,15833.2909,15833.2909,0
62981,212.87,15833.2909,15833.2909,0
62988,212.89,15833.2909,15833.2909,0
62994,212.90,15833.2909,15833.2909,0
63004,212.96,15833.2909,15833.2909,0
63007,212.98,15833.2909,15833.2909,0
63008,212.98,15833.2909,15833.2909,0
63013,213.02,15833.2909,15833.2909,0
63020,213.04,15833.2909,15833.2909,0
63022,213.06,15833.2909,15833.2909,0
63024,213.06,15833.2909,15833.2909,0
63026,213.07,15833.2909,15833.2909,0
63030,213.07,15833.2909,15833.2909,0
63035,213.08,15833.2909,15833.2909,0
63041,213.10,15833.2909,15833.2909,0
63048,213.11,15833.2909,15833.2909,0
63049,213.11,15833.2909,15833.2909,0
63050,213.11,15833.2909,15833.2909,0
63064,213.14,15833.2909,15833.2909,0
63065,213.15,15833.2909,15833.2909,0
63069,213.17,15833.2909,15833.2909,0
63082,213.20,15833.2909,15833.2909,0
63088,213.20,15833.2909,15833.2909,0
63094,213.21,15833.2909,15833.2909,0
63100,213.23,15833.2909,15833.2909,0
63105,213.26,15833.2909,15833.2909,0
63107,213.28,15833.2909,15833.2909,0
63118,213.30,15833.2909,15833.2909,0
63119,213.30,15833.2909,15833.2909,0
63120,213.30,15833.2909,15833.2909,0
63121,213.30,15833.2909,15833.2909,0
63131,213.34,15833.2909,15833.2909,0
63135,213.34,15833.2909,15833.2909,0
63138,213.34,15833.2909,15833.2909,0
63140,213.34,15833.2909,15833.2909,0
63142,213.34,15833.2909,15833.2909,0
63143,213.34,15833.2909,15833.2909,0
63147,213.35,15833.2909,15833.2909,0
63149,213.36,15833.2909,15833.2909,0
63154,213.36,15833.2909,15833.2909,0
63156,213.38,15833.2909,15833.2909,0
63161,213.39,15833.2909,15833.2909,0
63162,213.39,15833.2909,15833.2909,0
63167,213.40,15833.2909,15833.2909,0
63174,213.40,15833.2909,15833.2909,0
63178,213.42,15833.2909,15833.2909,0
63179,213.42,15833.2909,15833.2909,0
63186,213.43,15833.2909,15833.2909,0
63187,213.43,15833.2909,15833.2909,0
63196,213.48,15833.2909,15833.2909,0
63197,213.48,15833.2909,15833.2909,0
63198,213.48,15833.2909,15833.2909,0
63209,213.53,15833.2909,15833.2909,0
63220,213.58,15833.2909,15833.2909,0
63222,213.58,15833.2909,15833.2909,0
63224,213.58,15833.2909,15833.2909,0
63227,213.58,15833.2909,15833.2909,0
63228,213.59,15833.2909,15833.2909,0
63240,213.62,15833.2909,15833.2909,0
63252,213.66,15833.2909,15833.2909,0
63254,213.68,15833.2909,15833.2909,0
63260,213.68,15833.2909,15833.2909,0
63262,213.69,15833.2909,15833.2909,0
63263,213.69,15833.2909,15833.2909,0
63269,213.70,15833.2909,15833.2909,0
63273,213.71,15833.2909,15833.2909,0
63275,213.71,15833.2909,15833.2909,0
63276,213.72,15833.2909,15833.2909,0
63282,213.74,15833.2909,15833.2909,0
63283,213.74,15833.2909,15833.2909,0
63288,213.74,15833.2909,15833.2909,0
63299,213.78,15833.2909,15833.2909,0
63302,213.80,15833.2909,15833.2909,0
63303,213.80,15833.2909,15833.2909,0
63310,213.81,15833.2909,15833.2909,0
63311,213.81,15833.2909,15833.2909,0
63319,213.83,15833.2909,15833.2909,0
63320,213.83,15833.2909,15833.2909,0
63332,213.88,15833.2909,15833.2909,0
63350,213.95,15833.2909,15833.2909,0
63360,213.98,15833.2909,15833.2909,0
63362,213.98,15833.2909,15833.2909,0
63366,213.99,15833.2909,15833.2909,0
63370,214.02,15833.2909,15833.2909,0
63378,214.05,15833.2909,15833.2909,0
63382,214.05,15833.2909,15833.2909,0
63392,214.08,15833.2909,15833.2909,0
63393,214.08,15833.2909,15833.2909,0
63403,214.10,15833.2909,15833.2909,0
63404,214.10,15833.2909,15833.2909,0
63405,214.10,15833.2909,15833.2909,0
63407,214.11,15833.2909,15833.2909,0
63409,214.12,15833.2909,15833.2909,0
63418,214.13,15833.2909,15833.2909,0
63420,214.13,15833.2909,15833.2909,0
63421,214.13,15833.2909,15833.2909,0
63423,214.13,15833.2909,15833.2909,0
63425,214.14,15833.2909,15833.2909,0
63432,214.15,15833.2909,15833.2909,0
63435,214.15,15833.2909,15833.2909,0
63440,214.17,15833.2909,15833.2909,0
63442,214.17,15833.2909,15833.2909,0
63443,214.17,15833.2909,15833.2909,0
63445,214.17,15833.2909,15833.2909,0
63447,214.17,15833.2909,15833.2909,0
63449,214.18,15833.2909,15833.2909,0
63453,214.20,15833.2909,15833.2909,0
63456,214.21,15833.2909,15833.2909,0
63458,214.21,15833.2909,15833.2909,0
63467,214.24,15833.2909,15833.2909,0
63474,214.27,15833.2909,15833.2909,0
63475,214.28,15833.2909,15833.2909,0
63477,214.28,15833.2909,15833.2909,0
63479,214.29,15833.2909,15833.2909,0
63483,214.30,15833.2909,15833.2909,0
63486,214.30,15833.2909,15833.2909,0
63495,214.33,15833.2909,15833.2909,0
63505,214.39,15833.2909,15833.2909,0
63514,214.42,15833.2909,15833.2909,0
63519,214.44,15833.2909,15833.2909,0
63533,214.47,15833.2909,15833.2909,0
63539,214.48,15833.2909,15833.2909,0
63540,214.48,15833.2909,15833.2909,0
63542,214.48,15833.2909,15833.2909,0
63545,214.49,15833.2909,15833.2909,0
63548,214.50,15833.2909,15833.2909,0
63550,214.50,15833.2909,15833.2909,0
63551,214.50,15833.2909,15833.2909,0
63553,214.50,15833.2909,15833.2909,0
63556,214.52,15833.2909,15833.2909,0
63557,214.52,15833.2909,15833.2909,0
63563,214.53,15833.2909,15833.2909,0
63565,214.54,15833.2909,15833.2909,0
63571,214.56,15833.2909,15833.2909,0
63574,214.56,15833.2909,15833.2909,0
63578,214.57,15833.2909,15833.2909,0
63579,214.58,15833.2909,15833.2909,0
63580,214.58,15833.2909,15833.2909,0
63581,214.58,15833.2909,15833.2909,0
63583,214.58,15833.2909,15833.2909,0
63586,214.58,15833.2909,15833.2909,0
63590,214.59,15833.2909,15833.2909,0
63596,214.60,15833.2909,15833.2909,0
63598,214.61,15833.2909,15833.2909,0
63601,214.61,15833.2909,15833.2909,0
63604,214.62,15833.2909,15833.2909,0
63605,214.62,15833.2909,15833.2909,0
63606,214.62,15833.2909,15833.2909,0
63614,214.65,15833.2909,15833.2909,0
63615,214.65,15833.2909,15833.2909,0
63618,214.65,15833.2909,15833.2909,0
63620,214.65,15833.2909,15833.2909,0
63625,214.67,15833.2909,15833.2909,0
63628,214.67,15833.2909,15833.2909,0
63631,214.68,15833.2909,15833.2909,0
63632,214.68,15833.2909,15833.2909,0
63638,214.70,15833.2909,15833.2909,0
63640,214.71,15833.2909,15833.2909,0
63641,214.71,15833.2909,15833.2909,0
63649,214.77,15833.2909,15833.2909,0
63655,214.78,15833.2909,15833.2909,0
63657,214.78,15833.2909,15833.2909,0
63659,214.79,15833.2909,15833.2909,0
63662,214.80,15833.2909,15833.2909,0
63666,214.82,15833.2909,15833.2909,0
63670,214.84,15833.2909,15833.2909,0
63675,214.86,15833.2909,15833.2909,0
63678,214.88,15833.2909,15833.2909,0
63679,214.88,15833.2909,15833.2909,0
63683,214.92,15833.2909,15833.2909,0
63712,215.00,15833.2909,15833.2909,0
63714,215.00,15833.2909,15833.2909,0
63717,215.00,15833.2909,15833.2909,0
63718,215.00,15833.2909,15833.2909,0
63721,215.02,15833.2909,15833.2909,0
63722,215.02,15833.2909,15833.2909,0
63727,215.04,15833.2909,15833.2909,0
63728,215.04,15833.2909,15833.2909,0
63730,215.04,15833.2909,15833.2909,0
63740,215.08,15833.2909,15833.2909,0
63741,215.08,15833.2909,15833.2909,0
63742,215.08,15833.2909,15833.2909,0
63746,215.09,15833.2909,15833.2909,0
63747,215.09,15833.2909,15833.2909,0
63758,215.13,15833.2909,15833.2909,0
63760,215.14,15833.2909,15833.2909,0
63764,215.15,15833.2909,15833.2909,0
63765,215.15,15833.2909,15833.2909,0
63766,215.15,15833.2909,15833.2909,0
63772,215.17,15833.2909,15833.2909,0
63775,215.18,15833.2909,15833.2909,0
63778,215.21,15833.2909,15833.2909,0
63789,215.23,15833.2909,15833.2909,0
63795,215.24,15833.2909,15833.2909,0
63796,215.24,15833.2909,15833.2909,0
63804,215.26,15833.2909,15833.2909,0
63805,215.26,15833.2909,15833.2909,0
63806,215.26,15833.2909,15833.2909,0
63807,215.26,15833.2909,15833.2909,0
63809,215.27,15833.2909,15833.2909,0
63813,215.27,15833.2909,15833.2909,0
63817,215.29,15833.2909,15833.2909,0
63821,215.29,15833.2909,15833.2909,0
63825,215.29,15833.2909,15833.2909,0
63827,215.30,15833.2909,15833.2909,0
63830,215.30,15833.2909,15833.2909,0
63831,215.30,15833.2909,15833.2909,0
63835,215.31,15833.2909,15833.2909,0
63836,215.31,15833.2909,15833.2909,0
63838,215.31,15833.2909,15833.2909,0
63842,215.31,15833.2909,15833.2909,0
63843,215.32,15833.2909,15833.2909,0
63844,215.32,15833.2909,15833.2909,0
63845,215.32,15833.2909,15833.2909,0
63853,215.36,15833.2909,15833.2909,0
63856,215.37,15833.2909,15833.2909,0
63858,215.37,15833.2909,15833.2909,0
63859,215.37,15833.2909,15833.2909,0
63862,215.39,15833.2909,15833.2909,0
63885,215.45,15833.2909,15833.2909,0
63886,215.45,15833.2909,15833.2909,0
63890,215.46,15833.2909,15833.2909,0
63898,215.49,15833.2909,15833.2909,0
63904,215.50,15833.2909,15833.2909,0
63919,215.60,15833.2909,15833.2909,0
63920,215.60,15833.2909,15833.2909,0
63923,215.62,15833.2909,15833.2909,0
63927,215.65,15833.2909,15833.2909,0
63933,215.66,15833.2909,15833.2909,0
63937,215.67,15833.2909,15833.2909,0
63940,215.67,15833.2909,15833.2909,0
63947,215.70,15833.2909,15833.2909,0
63949,215.70,15833.2909,15833.2909,0
63969,215.75,15833.2909,15833.2909,0
63978,215.77,15833.2909,15833.2909,0
63995,215.83,15833.2909,15833.2909,0
63997,215.83,15833.2909,15833.2909,0
64002,215.85,15833.2909,15833.2909,0
64003,215.85,15833.2909,15833.2909,0
64006,215.85,15833.2909,15833.2909,0
64008,215.86,15833.2909,15833.2909,0
64013,215.86,15833.2909,15833.2909,0
64020,215.89,15833.2909,15833.2909,0
64029,215.92,15833.2909,15833.2909,0
64034,215.93,15833.2909,15833.2909,0
64038,215.95,15833.2909,15833.2909,0
64047,215.99,15833.2909,15833.2909,0
64053,215.99,15833.2909,15833.2909,0
64055,216.00,15833.2909,15833.2909,0
64058,216.01,15833.2909,15833.2909,0
64066,216.03,15833.2909,15833.2909,0
64076,216.10,15833.2909,15833.2909,0
64077,216.10,15833.2909,15833.2909,0
64080,216.12,15833.2909,15833.2909,0
64091,216.21,15833.2909,15833.2909,0
64092,216.21,15833.2909,15833.2909,0
64099,216.21,15833.2909,15833.2909,0
64101,216.23,15833.2909,15833.2909,0
64102,216.23,15833.2909,15833.2909,0
64104,216.23,15833.2909,15833.2909,0
64105,216.23,15833.2909,15833.2909,0
64107,216.24,15833.2909,15833.2909,0
64108,216.24,15833.2909,15833.2909,0
64109,216.24,15833.2909,15833.2909,0
64125,216.28,15833.2909,15833.2909,0
64127,216.28,15833.2909,15833.2909,0
64145,216.33,15833.2909,15833.2909,0
64149,216.37,15833.2909,15833.2909,0
64151,216.37,15833.2909,15833.2909,0
64153,216.38,15833.2909,15833.2909,0
64156,216.39,15833.2909,15833.2909,0
64158,216.40,15833.2909,15833.2909,0
64177,216.45,15833.2909,15833.2909,0
64181,216.46,15833.2909,15833.2909,0
64183,216.46,15833.2909,15833.2909,0
64185,216.46,15833.2909,15833.2909,0
64193,216.50,15833.2909,15833.2909,0
64195,216.50,15833.2909,15833.2909,0
64198,216.51,15833.2909,15833.2909,0
64202,216.52,15833.2909,15833.2909,0
64205,216.53,15833.2909,15833.2909,0
64213,216.55,15833.2909,15833.2909,0
64214,216.55,15833.2909,15833.2909,0
64222,216.57,15833.2909,15833.2909,0
64224,216.58,15833.2909,15833.2909,0
64229,216.61,15833.2909,15833.2909,0
64231,216.63,15833.2909,15833.2909,0
64232,216.63,15833.2909,15833.2909,0
64235,216.64,15833.2909,15833.2909,0
64238,216.64,15833.2909,15833.2909,0
64241,216.65,15833.2909,15833.2909,0
64250,216.67,15833.2909,15833.2909,0
64251,216.67,15833.2909,15833.2909,0
64256,216.67,15833.2909,15833.2909,0
64259,216.69,15833.2909,15833.2909,0
64260,216.69,15833.2909,15833.2909,0
64262,216.69,15833.2909,15833.2909,0
64267,216.69,15833.2909,15833.2909,0
64268,216.69,15833.2909,15833.2909,0
64272,216.72,15833.2909,15833.2909,0
64273,216.72,15833.2909,15833.2909,0
64279,216.73,15833.2909,15833.2909,0
64281,216.73,15833.2909,15833.2909,0
64298,216.78,15833.2909,15833.2909,0
64303,216.79,15833.2909,15833.2909,0
64306,216.80,15833.2909,15833.2909,0
64312,216.82,15833.2909,15833.2909,0
64318,216.83,15833.2909,15833.2909,0
64325,216.87,15833.2909,15833.2909,0
64326,216.87,15833.2909,15833.2909,0
64329,216.88,15833.2909,15833.2909,0
64338,216.90,15833.2909,15833.2909,0
64351,216.95,15833.2909,15833.2909,0
64352,216.95,15833.2909,15833.2909,0
64363,216.99,15833.2909,15833.2909,0
64370,217.00,15833.2909,15833.2909,0
64371,217.00,15833.2909,15833.2909,0
64372,217.01,15833.2909,15833.2909,0
64389,217.04,15833.2909,15833.2909,0
64393,217.05,15833.2909,15833.2909,0
64396,217.05,15833.2909,15833.2909,0
64399,217.06,15833.2909,15833.2909,0
64407,217.11,15833.2909,15833.2909,0
64415,217.15,15833.2909,15833.2909,0
64418,217.15,15833.2909,15833.2909,1
64420,217.22,15494.7932,15833.2909,0
64422,217.32,15833.2909,15833.2909,0
64425,217.33,15833.2909,15833.2909,0
64443,217.39,15833.2909,15833.2909,0
64445,217.39,15833.2909,15833.2909,0
64447,217.40,15833.2909,15833.2909,0
64448,217.40,15833.2909,15833.2909,0
64461,217.45,15833.2909,15833.2909,0
64464,217.46,15833.2909,15833.2909,0
64472,217.50,15833.2909,15833.2909,0
64473,217.50,15833.2909,15833.2909,0
64475,217.52,15833.2909,15833.2909,0
64476,217.52,15833.2909,15833.2909,0
64483,217.55,15833.2909,15833.2909,0
64492,217.56,15833.2909,15833.2909,0
64514,217.63,15833.2909,15833.2909,0
64518,217.65,15833.2909,15833.2909,0
64527,217.66,15833.2909,15833.2909,0
64528,217.66,15833.2909,15833.2909,0
64535,217.67,15833.2909,15833.2909,0
64536,217.67,15833.2909,15833.2909,0
64539,217.68,15833.2909,15833.2909,0
64554,217.74,15833.2909,15833.2909,0
64555,217.74,15833.2909,15833.2909,0
64561,217.75,15833.2909,15833.2909,0
64568,217.77,15833.2909,15833.2909,0
64569,217.77,15833.2909,15833.2909,0
64579,217.80,15833.2909,15833.2909,0
64583,217.80,15833.2909,15833.2909,0
64585,217.81,15833.2909,15833.2909,0
64587,217.81,15833.2909,15833.2909,0
64594,217.83,15833.2909,15833.2909,0
64595,217.83,15833.2909,15833.2909,0
64611,217.87,15833.2909,15833.2909,0
64612,217.87,15833.2909,15833.2909,0
64619,217.91,15833.2909,15833.2909,0
64621,217.91,15833.2909,15833.2909,0
64622,217.92,15833.2909,15833.2909,0
64623,217.92,15833.2909,15833.2909,0
64626,217.92,15833.2909,15833.2909,0
64627,217.92,15833.2909,15833.2909,0
64632,217.92,15833.2909,15833.2909,0
64636,217.94,15833.2909,15833.2909,0
64637,217.94,15833.2909,15833.2909,0
64640,217.97,15833.2909,15833.2909,0
64647,218.00,15833.2909,15833.2909,0
64652,218.00,15833.2909,15833.2909,0
64658,218.01,15833.2909,15833.2909,0
64666,218.04,15833.2909,15833.2909,0
64674,218.07,15833.2909,15833.2909,0
64676,218.07,15833.2909,15833.2909,0
64681,218.08,15833.2909,15833.2909,0
64685,218.11,15833.2909,15833.2909,0
64687,218.12,15833.2909,15833.2909,0
64704,218.16,15833.2909,15833.2909,0
64706,218.16,15833.2909,15833.2909,0
64708,218.17,15833.2909,15833.2909,0
64713,218.20,15833.2909,15833.2909,0
64721,218.23,15833.2909,15833.2909,0
64723,218.23,15833.2909,15833.2909,0
64727,218.26,15833.2909,15833.2909,0
64740,218.30,15833.2909,15833.2909,0
64741,218.30,15833.2909,15833.2909,0
64750,218.33,15833.2909,15833.2909,0
64754,218.34,15833.2909,15833.2909,0
64760,218.37,15833.2909,15833.2909,0
64767,218.40,15833.2909,15833.2909,0
64773,218.41,15833.2909,15833.2909,0
64787,218.49,15833.2909,15833.2909,0
64798,218.52,15833.2909,15833.2909,0
64803,218.52,15833.2909,15833.2909,0
64804,218.52,15833.2909,15833.2909,0
64810,218.53,15833.2909,15833.2909,0
64812,218.54,15833.2909,15833.2909,0
64814,218.54,15833.2909,15833.2909,0
64816,218.54,15833.2909,15833.2909,0
64818,218.55,15833.2909,15833.2909,0
64822,218.55,15833.2909,15833.2909,0
64833,218.63,15833.2909,15833.2909,0
64836,218.63,15833.2909,15833.2909,0
64837,218.63,15833.2909,15833.2909,0
64839,218.63,15833.2909,15833.2909,0
64844,218.66,15833.2909,15833.2909,0
64848,218.67,15833.2909,15833.2909,0
64850,218.67,15833.2909,15833.2909,0
64854,218.70,15833.2909,15833.2909,0
64863,218.73,15833.2909,15833.2909,0
64864,218.73,15833.2909,15833.2909,0
64874,218.76,15833.2909,15833.2909,0
64877,218.76,15833.2909,15833.2909,0
64887,218.80,15833.2909,15833.2909,0
64891,218.81,15833.2909,15833.2909,0
64892,218.81,15833.2909,15833.2909,0
64895,218.81,15833.2909,15833.2909,0
64902,218.82,15833.2909,15833.2909,0
64909,218.85,15833.2909,15833.2909,0
64913,218.85,15833.2909,15833.2909,0
64919,218.87,15833.2909,15833.2909,0
64925,218.90,15833.2909,15833.2909,0
64929,218.92,15833.2909,15833.2909,0
64930,218.92,15833.2909,15833.2909,0
64932,218.92,15833.2909,15833.2909,0
64934,218.92,15833.2909,15833.2909,0
64946,218.96,15833.2909,15833.2909,0
64948,218.96,15833.2909,15833.2909,0
64949,218.96,15833.2909,15833.2909,0
64962,218.98,15833.2909,15833.2909,0
64963,218.98,15833.2909,15833.2909,0
64975,219.03,15833.2909,15833.2909,0
64982,219.07,15833.2909,15833.2909,0
64983,219.07,15833.2909,15833.2909,0
64987,219.07,15833.2909,15833.2909,0
64990,219.08,15833.2909,15833.2909,0
64993,219.08,15833.2909,15833.2909,0
64996,219.09,15833.2909,15833.2909,0
64997,219.09,15833.2909,15833.2909,0
64998,219.09,15833.2909,15833.2909,0
65005,219.14,15833.2909,15833.2909,0
65013,219.17,15833.2909,15833.2909,0
65017,219.17,15833.2909,15833.2909,0
65023,219.18,15833.2909,15833.2909,0
65028,219.21,15833.2909,15833.2909,0
65035,219.23,15833.2909,15833.2909,0
65040,219.23,15833.2909,15833.2909,0
65059,219.31,15833.2909,15833.2909,0
65060,219.32,15833.2909,15833.2909,0
65077,219.37,15833.2909,15833.2909,0
65087,219.41,15833.2909,15833.2909,0
65094,219.42,15833.2909,15833.2909,0
65109,219.46,15833.2909,15833.2909,0
65118,219.47,15833.2909,15833.2909,0
65124,219.50,15833.2909,15833.2909,0
65126,219.51,15833.2909,15833.2909,0
65131,219.52,15833.2909,15833.2909,0
65133,219.52,15833.2909,15833.2909,0
65135,219.53,15833.2909,15833.2909,0
65146,219.56,15833.2909,15833.2909,0
65151,219.56,15833.2909,15833.2909,0
65152,219.56,15833.2909,15833.2909,0
65154,219.57,15833.2909,15833.2909,0
65157,219.58,15833.2909,15833.2909,0
65162,219.58,15833.2909,15833.2909,0
65163,219.59,15833.2909,15833.2909,0
65168,219.59,15833.2909,15833.2909,0
65171,219.59,15833.2909,15833.2909,0
65177,219.62,15833.2909,15833.2909,0
65182,219.64,15833.2909,15833.2909,0
65184,219.66,15833.2909,15833.2909,0
65188,219.67,15833.2909,15833.2909,0
65190,219.67,15833.2909,15833.2909,0
65191,219.68,15833.2909,15833.2909,0
65202,219.73,15833.2909,15833.2909,0
65207,219.75,15833.2909,15833.2909,0
65209,219.75,15833.2909,15833.2909,0
65211,219.75,15833.2909,15833.2909,0
65218,219.79,15833.2909,15833.2909,0
65219,219.79,15833.2909,15833.2909,0
65226,219.82,15833.2909,15833.2909,0
65242,219.86,15833.2909,15833.2909,0
65247,219.88,15833.2909,15833.2909,0
65249,219.89,15833.2909,15833.2909,0
65250,219.89,15833.2909,15833.2909,0
65252,219.89,15833.2909,15833.2909,0
65254,219.90,15833.2909,15833.2909,0
65256,219.92,15833.2909,15833.2909,0
65267,219.96,15833.2909,15833.2909,0
65274,219.98,15833.2909,15833.2909,0
65281,220.00,15833.2909,15833.2909,0
65287,220.02,15833.2909,15833.2909,0
65290,220.02,15833.2909,15833.2909,0
65294,220.02,15833.2909,15833.2909,0
65299,220.03,15833.2909,15833.2909,0
65300,220.03,15833.2909,15833.2909,0
65305,220.04,15833.2909,15833.2909,0
65312,220.07,15833.2909,15833.2909,0
65327,220.12,15833.2909,15833.2909,0
65330,220.13,15833.2909,15833.2909,0
65337,220.15,15833.2909,15833.2909,0
65338,220.15,15833.2909,15833.2909,0
65341,220.16,15833.2909,15833.2909,0
65344,220.17,15833.2909,15833.2909,0
65346,220.18,15833.2909,15833.2909,0
65365,220.26,15833.2909,15833.2909,0
65367,220.26,15833.2909,15833.2909,0
65368,220.26,15833.2909,15833.2909,0
65382,220.34,15833.2909,15833.2909,0
65389,220.34,15833.2909,15833.2909,0
65395,220.35,15833.2909,15833.2909,0
65399,220.37,15833.2909,15833.2909,0
65400,220.37,15833.2909,15833.2909,0
65407,220.40,15833.2909,15833.2909,0
65408,220.40,15833.2909,15833.2909,0
65414,220.41,15833.2909,15833.2909,0
65415,220.41,15833.2909,15833.2909,0
65416,220.41,15833.2909,15833.2909,0
65425,220.44,15833.2909,15833.2909,0
65429,220.47,15833.2909,15833.2909,0
65437,220.49,15833.2909,15833.2909,0
65456,220.60,15833.2909,15833.2909,0
65457,220.60,15833.2909,15833.2909,0
65470,220.66,15833.2909,15833.2909,0
65481,220.68,15833.2909,15833.2909,0
65486,220.68,15833.2909,15833.2909,0
65487,220.68,15833.2909,15833.2909,0
65489,220.68,15833.2909,15833.2909,0
65490,220.68,15833.2909,15833.2909,0
65494,220.69,15833.2909,15833.2909,0
65509,220.72,15833.2909,15833.2909,0
65516,220.74,15833.2909,15833.2909,0
65529,220.77,15833.2909,15833.2909,0
65534,220.81,15833.2909,15833.2909,0
65554,220.89,15833.2909,15833.2909,0
65559,220.92,15833.2909,15833.2909,0
65562,220.92,15833.2909,15833.2909,0
65564,220.92,15833.2909,15833.2909,0
65565,220.92,15833.2909,15833.2909,0
65567,220.92,15833.2909,15833.2909,0
65570,220.94,15833.2909,15833.2909,0
65574,220.95,15833.2909,15833.2909,0
65586,221.01,15833.2909,15833.2909,0
65587,221.01,15833.2909,15833.2909,0
65591,221.02,15833.2909,15833.2909,0
65592,221.02,15833.2909,15833.2909,0
65598,221.06,15833.2909,15833.2909,0
65602,221.08,15833.2909,15833.2909,0
65603,221.08,15833.2909,15833.2909,0
65604,221.08,15833.2909,15833.2909,0
65606,221.08,15833.2909,15833.2909,0
65622,221.12,15833.2909,15833.2909,0
65623,221.13,15833.2909,15833.2909,0
65628,221.14,15833.2909,15833.2909,0
65630,221.14,15833.2909,15833.2909,0
65631,221.14,15833.2909,15833.2909,0
65633,221.15,15833.2909,15833.2909,0
65640,221.17,15833.2909,15833.2909,0
65650,221.20,15833.2909,15833.2909,0
65654,221.21,15833.2909,15833.2909,0
65658,221.21,15833.2909,15833.2909,0
65666,221.23,15833.2909,15833.2909,0
65668,221.24,15833.2909,15833.2909,0
65680,221.26,15833.2909,15833.2909,0
65687,221.29,15833.2909,15833.2909,0
65689,221.29,15833.2909,15833.2909,0
65690,221.29,15833.2909,15833.2909,0
65695,221.32,15833.2909,15833.2909,0
65720,221.43,15833.2909,15833.2909,0
65721,221.43,15833.2909,15833.2909,0
65725,221.45,15833.2909,15833.2909,0
65726,221.45,15833.2909,15833.2909,0
65728,221.45,15833.2909,15833.2909,0
65729,221.45,15833.2909,15833.2909,0
65732,221.46,15833.2909,15833.2909,0
65739,221.48,15833.2909,15833.2909,0
65740,221.49,15833.2909,15833.2909,0
65746,221.51,15833.2909,15833.2909,0
65748,221.52,15833.2909,15833.2909,0
65752,221.52,15833.2909,15833.2909,0
65760,221.53,15833.2909,15833.2909,0
65762,221.54,15833.2909,15833.2909,0
65774,221.58,15833.2909,15833.2909,0
65784,221.61,15833.2909,15833.2909,0
65787,221.63,15833.2909,15833.2909,0
65790,221.64,15833.2909,15833.2909,0
65794,221.66,15833.2909,15833.2909,0
65795,221.67,15833.2909,15833.2909,0
65796,221.67,15833.2909,15833.2909,0
65797,221.67,15833.2909,15833.2909,0
65815,221.70,15833.2909,15833.2909,0
65818,221.72,15833.2909,15833.2909,0
65822,221.72,15833.2909,15833.2909,0
65824,221.73,15833.2909,15833.2909,0
65831,221.76,15833.2909,15833.2909,0
65833,221.77,15833.2909,15833.2909,0
65837,221.78,15833.2909,15833.2909,0
65847,221.84,15833.2909,15833.2909,0
65849,221.84,15833.2909,15833.2909,0
65858,221.89,15833.2909,15833.2909,0
65875,221.94,15833.2909,15833.2909,0
65876,221.94,15833.2909,15833.2909,0
65877,221.94,15833.2909,15833.2909,0
65886,221.97,15833.2909,15833.2909,0
65887,221.97,15833.2909,15833.2909,0
65888,221.97,15833.2909,15833.2909,0
65889,221.97,15833.2909,15833.2909,0
65896,221.99,15833.2909,15833.2909,0
65899,222.00,15833.2909,15833.2909,0
65900,222.00,15833.2909,15833.2909,0
65901,222.00,15833.2909,15833.2909,0
65903,222.01,15833.2909,15833.2909,0
65908,222.03,15833.2909,15833.2909,0
65917,222.08,15833.2909,15833.2909,0
65918,222.08,15833.2909,15833.2909,0
65919,222.08,15833.2909,15833.2909,0
65930,222.11,15833.2909,15833.2909,0
65934,222.13,15833.2909,15833.2909,0
65935,222.13,15833.2909,15833.2909,0
65945,222.19,15833.2909,15833.2909,0
65946,222.19,15833.2909,15833.2909,0
65948,222.19,15833.2909,15833.2909,0
65962,222.24,15833.2909,15833.2909,0
65975,222.27,15833.2909,15833.2909,0
65976,222.28,15833.2909,15833.2909,0
65994,222.33,15833.2909,15833.2909,0
65995,222.33,15833.2909,15833.2909,0
65996,222.33,15833.2909,15833.2909,0
65997,222.34,15833.2909,15833.2909,0
66001,222.35,15833.2909,15833.2909,0
66005,222.37,15833.2909,15833.2909,0
66007,222.37,15833.2909,15833.2909,0
66010,222.39,15833.2909,15833.2909,0
66011,222.39,15833.2909,15833.2909,0
66021,222.43,15833.2909,15833.2909,0
66030,222.47,15833.2909,15833.2909,0
66038,222.51,15833.2909,15833.2909,0
66046,222.53,15833.2909,15833.2909,0
66051,222.55,15833.2909,15833.2909,0
66056,222.57,15833.2909,15833.2909,0
66057,222.57,15833.2909,15833.2909,0
66060,222.57,15833.2909,15833.2909,0
66065,222.58,15833.2909,15833.2909,0
66067,222.58,15833.2909,15833.2909,0
66070,222.59,15833.2909,15833.2909,0
66081,222.63,15833.2909,15833.2909,0
66088,222.64,15833.2909,15833.2909,0
66091,222.65,15833.2909,15833.2909,0
66094,222.65,15833.2909,15833.2909,0
66098,222.67,15833.2909,15833.2909,0
66099,222.67,15833.2909,15833.2909,0
66101,222.67,15833.2909,15833.2909,0
66112,222.71,15833.2909,15833.2909,0
66118,222.72,15833.2909,15833.2909,0
66125,222.74,15833.2909,15833.2909,0
66126,222.74,15833.2909,15833.2909,0
66135,222.80,15833.2909,15833.2909,0
66138,222.81,15833.2909,15833.2909,0
66139,222.81,15833.2909,15833.2909,0
66144,222.82,15833.2909,15833.2909,0
66146,222.82,15833.2909,15833.2909,0
66149,222.84,15833.2909,15833.2909,0
66150,222.84,15833.2909,15833.2909,0
66152,222.84,15833.2909,15833.2909,0
66167,222.89,15833.2909,15833.2909,0
66170,222.91,15833.2909,15833.2909,0
66172,222.91,15833.2909,15833.2909,0
66177,222.93,15833.2909,15833.2909,0
66179,222.93,15833.2909,15833.2909,0
66181,222.94,15833.2909,15833.2909,0
66182,222.94,15833.2909,15833.2909,0
66190,222.97,15833.2909,15833.2909,0
66196,222.98,15833.2909,15833.2909,0
66199,222.99,15833.2909,15833.2909,0
66201,223.00,15833.2909,15833.2909,0
66203,223.01,15833.2909,15833.2909,0
66204,223.01,15833.2909,15833.2909,0
66205,223.01,15833.2909,15833.2909,0
66230,223.08,15833.2909,15833.2909,0
66232,223.08,15833.2909,15833.2909,0
66237,223.09,15833.2909,15833.2909,0
66243,223.10,15833.2909,15833.2909,0
66246,223.12,15833.2909,15833.2909,0
66252,223.14,15833.2909,15833.2909,0
66257,223.16,15833.2909,15833.2909,0
66258,223.16,15833.2909,15833.2909,0
66260,223.16,15833.2909,15833.2909,0
66261,223.16,15833.2909,15833.2909,0
66264,223.16,15833.2909,15833.2909,0
66266,223.17,15833.2909,15833.2909,0
66268,223.17,15833.2909,15833.2909,0
66272,223.17,15833.2909,15833.2909,0
66274,223.17,15833.2909,15833.2909,0
66278,223.18,15833.2909,15833.2909,0
66282,223.21,15833.2909,15833.2909,0
66284,223.22,15833.2909,15833.2909,0
66286,223.23,15833.2909,15833.2909,0
66294,223.25,15833.2909,15833.2909,0
66295,223.25,15833.2909,15833.2909,0
66303,223.27,15833.2909,15833.2909,0
66306,223.28,15833.2909,15833.2909,0
66314,223.29,15833.2909,15833.2909,0
66315,223.29,15833.2909,15833.2909,0
66318,223.30,15833.2909,15833.2909,0
66327,223.32,15833.2909,15833.2909,0
66328,223.32,15833.2909,15833.2909,0
66329,223.32,15833.2909,15833.2909,0
66337,223.37,15833.2909,15833.2909,0
66340,223.37,15833.2909,15833.2909,0
66345,223.38,15833.2909,15833.2909,0
66346,223.38,15833.2909,15833.2909,0
66349,223.40,15833.2909,15833.2909,0
66352,223.41,15833.2909,15833.2909,0
66360,223.44,15833.2909,15833.2909,0
66361,223.44,15833.2909,15833.2909,0
66365,223.45,15833.2909,15833.2909,0
66367,223.45,15833.2909,15833.2909,0
66376,223.46,15833.2909,15833.2909,0
66380,223.48,15833.2909,15833.2909,0
66391,223.54,15833.2909,15833.2909,0
66398,223.55,15833.2909,15833.2909,0
66408,223.61,15833.2909,15833.2909,0
66409,223.61,15833.2909,15833.2909,0
66412,223.62,15833.2909,15833.2909,0
66416,223.64,15833.2909,15833.2909,0
66419,223.66,15833.2909,15833.2909,0
66425,223.68,15833.2909,15833.2909,0
66426,223.68,15833.2909,15833.2909,0
66427,223.68,15833.2909,15833.2909,0
66436,223.69,15833.2909,15833.2909,0
66442,223.71,15833.2909,15833.2909,0
66447,223.71,15833.2909,15833.2909,0
66449,223.73,15833.2909,15833.2909,0
66451,223.73,15833.2909,15833.2909,0
66454,223.73,15833.2909,15833.2909,0
66457,223.74,15833.2909,15833.2909,0
66459,223.74,15833.2909,15833.2909,0
66460,223.74,15833.2909,15833.2909,0
66462,223.74,15833.2909,15833.2909,0
66467,223.75,15833.2909,15833.2909,0
66468,223.75,15833.2909,15833.2909,0
66487,223.86,15833.2909,15833.2909,0
66490,223.87,15833.2909,15833.2909,0
66496,223.89,15833.2909,15833.2909,0
66506,223.91,15833.2909,15833.2909,0
66507,223.92,15833.2909,15833.2909,0
66508,223.92,15833.2909,15833.2909,0
66510,223.93,15833.2909,15833.2909,0
66512,223.93,15833.2909,15833.2909,0
66513,223.93,15833.2909,15833.2909,0
66515,223.94,15833.2909,15833.2909,0
66516,223.94,15833.2909,15833.2909,0
66517,223.94,15833.2909,15833.2909,0
66518,223.94,15833.2909,15833.2909,0
66519,223.94,15833.2909,15833.2909,0
66527,223.99,15833.2909,15833.2909,0
66528,223.99,15833.2909,15833.2909,0
66533,224.01,15833.2909,15833.2909,0
66534,224.01,15833.2909,15833.2909,0
66536,224.01,15833.2909,15833.2909,0
66549,224.05,15833.2909,15833.2909,0
66551,224.05,15833.2909,15833.2909,0
66552,224.06,15833.2909,15833.2909,0
66554,224.06,15833.2909,15833.2909,0
66555,224.06,15833.2909,15833.2909,0
66564,224.07,15833.2909,15833.2909,0
66565,224.07,15833.2909,15833.2909,0
66567,224.08,15833.2909,15833.2909,0
66572,224.12,15833.2909,15833.2909,0
66573,224.12,15833.2909,15833.2909,0
66577,224.12,15833.2909,15833.2909,0
66581,224.13,15833.2909,15833.2909,0
66591,224.16,15833.2909,15833.2909,0
66596,224.17,15833.2909,15833.2909,0
66601,224.21,15833.2909,15833.2909,0
66604,224.22,15833.2909,15833.2909,0
66607,224.22,15833.2909,15833.2909,0
66608,224.22,15833.2909,15833.2909,0
66609,224.22,15833.2909,15833.2909,0
66615,224.25,15833.2909,15833.2909,0
66619,224.25,15833.2909,15833.2909,0
66624,224.27,15833.2909,15833.2909,0
66635,224.33,15833.2909,15833.2909,0
66637,224.33,15833.2909,15833.2909,0
66649,224.39,15833.2909,15833.2909,0
66652,224.39,15833.2909,15833.2909,0
66663,224.40,15833.2909,15833.2909,0
66668,224.42,15833.2909,15833.2909,0
66671,224.42,15833.2909,15833.2909,0
66674,224.43,15833.2909,15833.2909,0
66675,224.43,15833.2909,15833.2909,0
66683,224.45,15833.2909,15833.2909,0
66687,224.47,15833.2909,15833.2909,0
66688,224.47,15833.2909,15833.2909,0
66692,224.47,15833.2909,15833.2909,0
66695,224.49,15833.2909,15833.2909,0
66704,224.53,15833.2909,15833.2909,0
66712,224.55,15833.2909,15833.2909,0
66719,224.59,15833.2909,15833.2909,0
66722,224.59,15833.2909,15833.2909,0
66723,224.59,15833.2909,15833.2909,0
66724,224.59,15833.2909,15833.2909,0
66726,224.62,15833.2909,15833.2909,0
66728,224.62,15833.2909,15833.2909,0
66731,224.62,15833.2909,15833.2909,0
66732,224.62,15833.2909,15833.2909,0
66735,224.64,15833.2909,15833.2909,0
66744,224.65,15833.2909,15833.2909,0
66761,224.74,15833.2909,15833.2909,0
66764,224.74,15833.2909,15833.2909,0
66766,224.75,15833.2909,15833.2909,0
66773,224.78,15833.2909,15833.2909,0
66782,224.79,15833.2909,15833.2909,0
66785,224.80,15833.2909,15833.2909,0
66787,224.80,15833.2909,15833.2909,0
66791,224.80,15833.2909,15833.2909,0
66797,224.83,15833.2909,15833.2909,0
66805,224.86,15833.2909,15833.2909,0
66811,224.88,15833.2909,15833.2909,0
66812,224.88,15833.2909,15833.2909,0
66823,224.89,15833.2909,15833.2909,0
66824,224.89,15833.2909,15833.2909,0
66825,224.89,15833.2909,15833.2909,0
66828,224.91,15833.2909,15833.2909,0
66834,224.91,15833.2909,15833.2909,0
66837,224.91,15833.2909,15833.2909,0
66840,224.92,15833.2909,15833.2909,0
66845,224.92,15833.2909,15833.2909,0
66852,224.93,15833.2909,15833.2909,0
66853,224.93,15833.2909,15833.2909,0
66855,224.93,15833.2909,15833.2909,0
66861,224.96,15833.2909,15833.2909,0
66862,224.96,15833.2909,15833.2909,0
66865,224.96,15833.2909,15833.2909,0
66880,225.03,15833.2909,15833.2909,0
66881,225.03,15833.2909,15833.2909,0
66882,225.03,15833.2909,15833.2909,0
66884,225.03,15833.2909,15833.2909,0
66887,225.05,15833.2909,15833.2909,0
66889,225.06,15833.2909,15833.2909,0
66897,225.06,15833.2909,15833.2909,0
66908,225.10,15833.2909,15833.2909,0
66909,225.10,15833.2909,15833.2909,0
66911,225.12,15833.2909,15833.2909,0
66917,225.13,15833.2909,15833.2909,0
66918,225.13,15833.2909,15833.2909,0
66919,225.14,15833.2909,15833.2909,0
66920,225.15,15833.2909,15833.2909,0
66927,225.17,15833.2909,15833.2909,0
66931,225.18,15833.2909,15833.2909,0
66937,225.21,15833.2909,15833.2909,0
66944,225.23,15833.2909,15833.2909,0
66947,225.23,15833.2909,15833.2909,0
66953,225.24,15833.2909,15833.2909,0
66963,225.26,15833.2909,15833.2909,0
66966,225.26,15833.2909,15833.2909,0
66968,225.27,15833.2909,15833.2909,0
66970,225.27,15833.2909,15833.2909,0
66971,225.27,15833.2909,15833.2909,0
66986,225.32,15833.2909,15833.2909,0
66996,225.36,15833.2909,15833.2909,0
66997,225.36,15833.2909,15833.2909,0
66998,225.36,15833.2909,15833.2909,0
67007,225.40,15833.2909,15833.2909,0
67008,225.40,15833.2909,15833.2909,0
67013,225.41,15833.2909,15833.2909,0
67015,225.42,15833.2909,15833.2909,0
67017,225.43,15833.2909,15833.2909,0
67023,225.46,15833.2909,15833.2909,0
67035,225.50,15833.2909,15833.2909,0
67043,225.52,15833.2909,15833.2909,0
67044,225.52,15833.2909,15833.2909,0
67048,225.56,15833.2909,15833.2909,0
67050,225.57,15833.2909,15833.2909,0
67053,225.57,15833.2909,15833.2909,0
67059,225.59,15833.2909,15833.2909,0
67061,225.59,15833.2909,15833.2909,0
67062,225.59,15833.2909,15833.2909,0
67073,225.62,15833.2909,15833.2909,0
67080,225.64,15833.2909,15833.2909,0
67083,225.64,15833.2909,15833.2909,0
67092,225.67,15833.2909,15833.2909,0
67093,225.67,15833.2909,15833.2909,0
67108,225.69,15833.2909,15833.2909,0
67112,225.71,15833.2909,15833.2909,0
67116,225.71,15833.2909,15833.2909,0
67119,225.71,15833.2909,15833.2909,0
67126,225.72,15833.2909,15833.2909,0
67128,225.74,15833.2909,15833.2909,0
67129,225.74,15833.2909,15833.2909,0
67130,225.74,15833.2909,15833.2909,0
67134,225.75,15833.2909,15833.2909,0
67138,225.75,15833.2909,15833.2909,0
67140,225.76,15833.2909,15833.2909,0
67157,225.84,15833.2909,15833.2909,0
67158,225.84,15833.2909,15833.2909,0
67176,225.92,15833.2909,15833.2909,0
67178,225.92,15833.2909,15833.2909,0
67185,225.93,15833.2909,15833.2909,0
67191,225.94,15833.2909,15833.2909,0
67201,225.98,15833.2909,15833.2909,0
67211,226.01,15833.2909,15833.2909,0
67213,226.01,15833.2909,15833.2909,0
67230,226.06,15833.2909,15833.2909,0
67232,226.07,15833.2909,15833.2909,0
67253,226.12,15833.2909,15833.2909,0
67255,226.12,15833.2909,15833.2909,0
67256,226.12,15833.2909,15833.2909,0
67260,226.13,15833.2909,15833.2909,0
67269,226.16,15833.2909,15833.2909,0
67281,226.19,15833.2909,15833.2909,0
67283,226.19,15833.2909,15833.2909,0
67291,226.21,15833.2909,15833.2909,0
67293,226.21,15833.2909,15833.2909,0
67297,226.23,15833.2909,15833.2909,0
67301,226.23,15833.2909,15833.2909,0
67308,226.26,15833.2909,15833.2909,0
67311,226.26,15833.2909,15833.2909,0
67312,226.26,15833.2909,15833.2909,0
67315,226.28,15833.2909,15833.2909,0
67317,226.28,15833.2909,15833.2909,0
67323,226.29,15833.2909,15833.2909,0
67325,226.29,15833.2909,15833.2909,0
67332,226.30,15833.2909,15833.2909,0
67337,226.33,15833.2909,15833.2909,0
67346,226.37,15833.2909,15833.2909,0
67351,226.38,15833.2909,15833.2909,0
67353,226.38,15833.2909,15833.2909,0
67356,226.39,15833.2909,15833.2909,0
67361,226.39,15833.2909,15833.2909,0
67366,226.41,15833.2909,15833.2909,0
67371,226.41,15833.2909,15833.2909,0
67372,226.42,15833.2909,15833.2909,0
67373,226.42,15833.2909,15833.2909,0
67375,226.42,15833.2909,15833.2909,0
67383,226.44,15833.2909,15833.2909,0
67394,226.49,15833.2909,15833.2909,0
67403,226.51,15833.2909,15833.2909,0
67413,226.54,15833.2909,15833.2909,0
67421,226.55,15833.2909,15833.2909,0
67423,226.55,15833.2909,15833.2909,1
67424,226.69,15374.6401,15833.2909,0
67425,226.71,15518.3987,15833.2909,0
67427,226.77,15518.9752,15833.2909,0
67429,226.79,15518.9752,15833.2909,0
67430,226.83,15575.1634,15833.2909,0
67434,226.94,15575.1634,15833.2909,0
67436,226.98,15575.1634,15833.2909,0
67463,227.29,15575.1634,15833.2909,0
67468,227.35,15576.2419,15833.2909,0
67469,227.37,15576.2419,15833.2909,0
67470,227.39,15576.2419,15833.2909,0
67471,227.44,15576.2419,15833.2909,0
67473,227.47,15576.2419,15833.2909,0
67474,227.49,15576.2419,15833.2909,0
67476,227.57,15591.0725,15833.2909,0
67478,227.68,15591.0725,15833.2909,0
67482,227.75,15591.0725,15833.2909,0
67494,227.90,15591.0725,15833.2909,0
67500,227.96,15591.0725,15833.2909,0
67506,228.00,15591.0725,15833.2909,0
67507,228.00,15591.0725,15833.2909,0
67509,228.09,15591.0725,15833.2909,0
67510,228.17,15591.0725,15833.2909,0
67514,228.24,15591.0725,15833.2909,0
67521,228.26,15591.0725,15833.2909,0
67527,228.31,15591.0725,15833.2909,0
67532,228.35,15591.0725,15833.2909,0
67545,228.44,15591.0725,15833.2909,0
67548,228.44,15591.0725,15833.2909,0
67552,228.48,15591.0725,15833.2909,0
67556,228.48,15591.0725,15833.2909,0
67557,228.48,15591.0725,15833.2909,0
67558,228.49,15591.0725,15833.2909,0
67561,228.50,15591.0725,15833.2909,0
67563,228.50,15591.0725,15833.2909,0
67564,228.50,15591.0725,15833.2909,0
67567,228.51,15591.0725,15833.2909,0
67572,228.59,15591.0725,15833.2909,0
67575,228.60,15591.0725,15833.2909,0
67579,228.64,15591.0725,15833.2909,0
67582,228.65,15591.0725,15833.2909,0
67585,228.72,15591.0725,15833.2909,0
67587,228.72,15591.0725,15833.2909,0
67590,228.72,15591.0725,15833.2909,0
67592,228.73,15591.0725,15833.2909,0
67596,228.76,15591.0725,15833.2909,0
67602,228.79,15591.0725,15833.2909,0
67607,228.80,15591.0725,15833.2909,0
67609,228.82,15591.0725,15833.2909,0
67613,228.84,15591.0725,15833.2909,0
67614,228.84,15591.0725,15833.2909,0
67617,228.84,15591.0725,15833.2909,0
67619,228.92,15591.0725,15833.2909,0
67623,228.93,15591.0725,15833.2909,0
67628,228.95,15591.0725,15833.2909,0
67629,228.95,15591.0725,15833.2909,0
67633,228.95,15591.0725,15833.2909,0
67644,229.04,15591.0725,15833.2909,0
67645,229.04,15591.0725,15833.2909,0
67650,229.06,15591.0725,15833.2909,0
67653,229.07,15591.0725,15833.2909,0
67654,229.07,15591.0725,15833.2909,0
67656,229.07,15591.0725,15833.2909,0
67662,229.14,15591.0725,15833.2909,0
67670,229.19,15591.0725,15833.2909,0
67671,229.21,15591.0725,15833.2909,0
67672,229.21,15591.0725,15833.2909,0
67673,229.21,15591.0725,15833.2909,0
67682,229.29,15591.0725,15833.2909,0
67683,229.29,15591.0725,15833.2909,0
67688,229.31,15591.0725,15833.2909,0
67690,229.32,15591.0725,15833.2909,0
67699,229.40,15591.0725,15833.2909,0
67704,229.45,15591.0725,15833.2909,0
67708,229.47,15591.0725,15833.2909,0
67711,229.47,15591.0725,15833.2909,0
67718,229.49,15591.0725,15833.2909,0
67719,229.49,15591.0725,15833.2909,0
67724,229.49,15591.0725,15833.2909,0
67726,229.50,15591.0725,15833.2909,0
67727,229.50,15591.0725,15833.2909,0
67730,229.51,15591.0725,15833.2909,0
67741,229.65,15591.0725,15833.2909,0
67744,229.67,15591.0725,15833.2909,0
67747,229.69,15591.0725,15833.2909,0
67748,229.69,15591.0725,15833.2909,0
67749,229.71,15591.0725,15833.2909,0
67756,229.72,15591.0725,15833.2909,0
67757,229.76,15591.0725,15833.2909,0
67758,229.78,15591.0725,15833.2909,0
67761,229.78,15591.0725,15833.2909,0
67765,229.79,15591.0725,15833.2909,0
67766,229.79,15591.0725,15833.2909,0
67776,229.83,15591.0725,15833.2909,0
67780,229.85,15591.0725,15833.2909,0
67782,229.85,15591.0725,15833.2909,0
67786,229.93,15591.7086,15833.2909,0
67790,230.02,15591.7086,15833.2909,0
67792,230.08,15591.7086,15833.2909,0
67797,230.18,15591.7086,15833.2909,0
67799,230.21,15591.7086,15833.2909,0
67802,230.23,15591.7086,15833.2909,0
67803,230.26,15591.7086,15833.2909,0
67813,230.31,15591.7086,15833.2909,0
67815,230.35,15591.7086,15833.2909,0
67822,230.42,15591.7086,15833.2909,0
67823,230.42,15591.7086,15833.2909,0
67829,230.46,15591.7086,15833.2909,0
67833,230.48,15591.7086,15833.2909,0
67835,230.48,15591.7086,15833.2909,0
67855,230.71,15591.7086,15833.2909,0
67860,230.78,15591.7086,15833.2909,0
67864,230.80,15591.7086,15833.2909,0
67865,230.80,15591.7086,15833.2909,0
67869,230.82,15591.7086,15833.2909,0
67870,230.82,15591.7086,15833.2909,0
67888,230.92,15591.7086,15833.2909,0
67892,230.93,15591.7086,15833.2909,0
67898,230.95,15591.7086,15833.2909,0
67901,231.01,15591.7086,15833.2909,0
67902,231.01,15591.7086,15833.2909,0
67906,231.02,15591.7086,15833.2909,0
67908,231.03,15591.7086,15833.2909,0
67909,231.03,15591.7086,15833.2909,0
67910,231.03,15591.7086,15833.2909,0
67913,231.04,15591.7086,15833.2909,0
67917,231.11,15591.7086,15833.2909,0
67919,231.13,15591.7086,15833.2909,0
67921,231.14,15591.7086,15833.2909,0
67923,231.15,15591.7086,15833.2909,0
67924,231.15,15591.7086,15833.2909,0
67927,231.15,15591.7086,15833.2909,0
67931,231.16,15591.7086,15833.2909,0
67933,231.16,15591.7086,15833.2909,0
67947,231.18,15591.7086,15833.2909,0
67949,231.18,15591.7086,15833.2909,0
67951,231.22,15591.7086,15833.2909,0
67954,231.26,15591.7086,15833.2909,0
67957,231.26,15591.7086,15833.2909,0
67959,231.28,15591.7086,15833.2909,0
67965,231.31,15591.7086,15833.2909,0
67969,231.38,15591.7086,15833.2909,0
67974,231.41,15591.7086,15833.2909,0
67976,231.42,15591.7086,15833.2909,0
67978,231.44,15591.7086,15833.2909,0
67979,231.44,15591.7086,15833.2909,0
67982,231.44,15591.7086,15833.2909,0
67983,231.44,15591.7086,15833.2909,0
67989,231.45,15591.7086,15833.2909,0
67990,231.45,15591.7086,15833.2909,0
67994,231.49,15591.7086,15833.2909,0
67996,231.50,15591.7086,15833.2909,0
67999,231.50,15591.7086,15833.2909,0
68000,231.51,15591.7086,15833.2909,0
68002,231.53,15591.7086,15833.2909,0
68006,231.55,15591.7086,15833.2909,0
68007,231.55,15591.7086,15833.2909,0
68008,231.56,15591.7086,15833.2909,0
68012,231.57,15591.7086,15833.2909,0
68013,231.57,15591.7086,15833.2909,0
68021,231.59,15591.7086,15833.2909,0
68025,231.60,15591.7086,15833.2909,0
68027,231.60,15591.7086,15833.2909,0
68029,231.60,15591.7086,15833.2909,0
68030,231.60,15591.7086,15833.2909,0
68031,231.62,15591.7086,15833.2909,0
68032,231.62,15591.7086,15833.2909,0
68035,231.66,15591.7086,15833.2909,0
68042,231.67,15591.7086,15833.2909,0
68048,231.68,15591.7086,15833.2909,0
68051,231.69,15591.7086,15833.2909,0
68053,231.70,15591.7086,15833.2909,0
68056,231.70,15591.7086,15833.2909,0
68057,231.70,15591.7086,15833.2909,0
68062,231.71,15591.7086,15833.2909,0
68065,231.73,15591.7086,15833.2909,0
68072,231.83,15591.7086,15833.2909,0
68075,231.84,15591.7086,15833.2909,0
68077,231.85,15591.7086,15833.2909,0
68083,231.93,15591.7086,15833.2909,0
68085,231.93,15591.7086,15833.2909,0
68087,231.93,15591.7086,15833.2909,0
68088,231.93,15591.7086,15833.2909,0
68095,231.96,15591.7086,15833.2909,0
68100,231.97,15591.7086,15833.2909,0
68101,231.97,15591.7086,15833.2909,0
68103,231.98,15591.7086,15833.2909,0
68105,231.99,15591.7086,15833.2909,0
68106,231.99,15591.7086,15833.2909,0
68116,232.05,15591.7086,15833.2909,0
68119,232.05,15591.7086,15833.2909,0
68124,232.08,15594.4337,15833.2909,0
68125,232.11,15594.4337,15833.2909,0
68129,232.21,15594.4337,15833.2909,0
68136,232.31,15594.4337,15833.2909,0
68138,232.32,15594.4337,15833.2909,0
68150,232.42,15594.4337,15833.2909,0
68151,232.42,15594.4337,15833.2909,0
68153,232.44,15594.4337,15833.2909,0
68158,232.48,15594.4337,15833.2909,0
68164,232.54,15594.4337,15833.2909,0
68171,232.57,15594.4337,15833.2909,0
68175,232.58,15594.4337,15833.2909,0
68189,232.63,15594.4337,15833.2909,0
68195,232.68,15594.4337,15833.2909,0
68197,232.69,15594.4337,15833.2909,0
68211,232.95,15594.4337,15833.2909,0
68212,232.95,15594.4337,15833.2909,0
68214,233.00,15594.4337,15833.2909,0
68218,233.07,15594.4337,15833.2909,0
68221,233.10,15594.4337,15833.2909,0
68223,233.10,15594.4337,15833.2909,0
68226,233.11,15594.4337,15833.2909,0
68234,233.14,15594.4337,15833.2909,0
68241,233.22,15594.4337,15833.2909,0
68246,233.25,15594.4337,15833.2909,0
68248,233.25,15594.4337,15833.2909,0
68252,233.27,15594.4337,15833.2909,0
68260,233.29,15594.4337,15833.2909,0
68265,233.29,15594.4337,15833.2909,0
68269,233.31,15594.4337,15833.2909,0
68277,233.36,15594.4337,15833.2909,0
68278,233.37,15594.4337,15833.2909,0
68281,233.42,15594.4337,15833.2909,0
68283,233.42,15594.4337,15833.2909,0
68289,233.47,15594.4337,15833.2909,0
68295,233.50,15594.4337,15833.2909,0
68299,233.51,15594.4337,15833.2909,0
68301,233.52,15594.4337,15833.2909,0
68304,233.52,15594.4337,15833.2909,0
68305,233.52,15594.4337,15833.2909,0
68306,233.52,15594.4337,15833.2909,0
68310,233.56,15594.4337,15833.2909,0
68311,233.60,15594.4337,15833.2909,0
68316,233.61,15594.4337,15833.2909,0
68327,233.74,15594.4337,15833.2909,0
68331,233.75,15594.4337,15833.2909,0
68333,233.75,15594.4337,15833.2909,0
68335,233.75,15594.4337,15833.2909,0
68351,233.88,15594.4337,15833.2909,0
68355,233.91,15594.4337,15833.2909,0
68367,234.00,15595.0705,15833.2909,0
68374,234.18,15595.0705,15833.2909,0
68375,234.25,15595.0705,15833.2909,0
68377,234.29,15595.0705,15833.2909,0
68379,234.30,15595.0705,15833.2909,0
68381,234.32,15595.0705,15833.2909,0
68385,234.40,15595.0705,15833.2909,0
68387,234.45,15595.0705,15833.2909,0
68388,234.45,15595.0705,15833.2909,0
68389,234.49,15595.0705,15833.2909,0
68390,234.51,15595.0705,15833.2909,0
68393,234.55,15595.0705,15833.2909,0
68398,234.57,15595.0705,15833.2909,0
68404,234.60,15595.0705,15833.2909,0
68407,234.60,15595.0705,15833.2909,0
68408,234.60,15595.0705,15833.2909,0
68423,234.70,15595.0705,15833.2909,0
68427,234.75,15595.0705,15833.2909,0
68428,234.77,15595.0705,15833.2909,0
68431,234.88,15595.0705,15833.2909,0
68434,234.94,15595.3365,15833.2909,0
68442,235.06,15595.3365,15833.2909,0
68445,235.10,15595.3365,15833.2909,0
68447,235.16,15595.3365,15833.2909,0
68448,235.20,15595.5560,15833.2909,0
68452,235.25,15595.5560,15833.2909,0
68468,235.44,15595.5560,15833.2909,0
68469,235.46,15595.5560,15833.2909,0
68475,235.48,15595.5560,15833.2909,0
68476,235.50,15595.5560,15833.2909,0
68478,235.53,15595.5560,15833.2909,0
68481,235.53,15595.5560,15833.2909,0
68483,235.57,15595.5560,15833.2909,0
68484,235.61,15595.5560,15833.2909,0
68485,235.63,15595.5560,15833.2909,0
68491,235.66,15595.5560,15833.2909,0
68493,235.66,15595.5560,15833.2909,0
68495,235.66,15595.5560,15833.2909,0
68496,235.67,15595.5560,15833.2909,0
68500,235.69,15595.5560,15833.2909,0
68504,235.70,15595.5560,15833.2909,0
68513,235.87,15595.5560,15833.2909,0
68515,235.87,15595.5560,15833.2909,0
68516,235.87,15595.5560,15833.2909,0
68517,235.88,15595.5560,15833.2909,0
68520,235.95,15595.5560,15833.2909,0
68528,235.97,15595.5560,15833.2909,0
68531,236.01,15595.5560,15833.2909,0
68532,236.05,15595.5560,15833.2909,0
68534,236.07,15595.5560,15833.2909,0
68535,236.07,15595.5560,15833.2909,0
68537,236.07,15595.5560,15833.2909,0
68543,236.11,15595.5560,15833.2909,0
68546,236.12,15595.5560,15833.2909,0
68547,236.13,15595.5560,15833.2909,0
68552,236.16,15595.5560,15833.2909,0
68553,236.16,15595.5560,15833.2909,0
68555,236.16,15595.5560,15833.2909,0
68557,236.17,15595.5560,15833.2909,0
68560,236.19,15595.5560,15833.2909,0
68562,236.23,15595.5560,15833.2909,0
68574,236.37,15595.5560,15833.2909,0
68577,236.39,15595.5560,15833.2909,0
68578,236.39,15595.5560,15833.2909,0
68586,236.40,15595.5560,15833.2909,0
68590,236.42,15595.5560,15833.2909,0
68592,236.43,15595.5560,15833.2909,0
68596,236.44,15595.5560,15833.2909,0
68598,236.46,15595.5560,15833.2909,0
68600,236.51,15595.5560,15833.2909,0
68605,236.51,15595.5560,15833.2909,0
68613,236.54,15595.5560,15833.2909,0
68617,236.56,15595.5560,15833.2909,0
68618,236.58,15595.5560,15833.2909,0
68619,236.59,15595.5560,15833.2909,0
68620,236.59,15595.5560,15833.2909,0
68623,236.60,15595.5560,15833.2909,0
68629,236.62,15595.5560,15833.2909,0
68631,236.63,15595.5560,15833.2909,0
68636,236.64,15595.5560,15833.2909,0
68640,236.66,15595.5560,15833.2909,0
68643,236.74,15595.5560,15833.2909,0
68648,236.77,15595.5560,15833.2909,0
68653,236.80,15595.5560,15833.2909,0
68657,236.81,15595.5560,15833.2909,0
68658,236.81,15595.5560,15833.2909,0
68660,236.81,15595.5560,15833.2909,0
68669,236.83,15595.5560,15833.2909,0
68673,236.85,15595.5560,15833.2909,0
68676,236.86,15595.5560,15833.2909,0
68679,236.87,15595.5560,15833.2909,0
68683,236.88,15595.5560,15833.2909,0
68690,236.91,15595.5560,15833.2909,0
68691,236.91,15595.5560,15833.2909,0
68697,236.92,15595.5560,15833.2909,0
68699,236.93,15595.5560,15833.2909,0
68705,236.94,15595.5560,15833.2909,0
68711,236.95,15595.5560,15833.2909,0
68715,237.02,15595.5560,15833.2909,0
68725,237.06,15595.5560,15833.2909,0
68732,237.08,15595.5560,15833.2909,0
68734,237.09,15595.5560,15833.2909,0
68737,237.09,15595.5560,15833.2909,0
68743,237.12,15595.5560,15833.2909,0
68746,237.16,15595.5560,15833.2909,0
68749,237.17,15595.5560,15833.2909,0
68756,237.23,15595.5560,15833.2909,0
68760,237.23,15595.5560,15833.2909,0
68761,237.23,15595.5560,15833.2909,0
68765,237.24,15595.5560,15833.2909,0
68768,237.25,15595.5560,15833.2909,0
68770,237.26,15595.5560,15833.2909,0
68778,237.30,15595.5560,15833.2909,0
68797,237.45,15595.5560,15833.2909,0
68799,237.45,15595.5560,15833.2909,0
68803,237.47,15595.5560,15833.2909,0
68804,237.47,15595.5560,15833.2909,0
68811,237.48,15595.5560,15833.2909,0
68817,237.54,15595.5560,15833.2909,0
68821,237.54,15595.5560,15833.2909,0
68828,237.56,15595.5560,15833.2909,0
68830,237.57,15595.5560,15833.2909,0
68835,237.58,15595.5560,15833.2909,0
68837,237.59,15595.5560,15833.2909,0
68839,237.63,15595.5560,15833.2909,0
68840,237.63,15595.5560,15833.2909,0
68844,237.64,15595.5560,15833.2909,0
68851,237.68,15595.5560,15833.2909,0
68855,237.70,15595.5560,15833.2909,0
68861,237.74,15595.5560,15833.2909,0
68865,237.76,15595.5560,15833.2909,0
68866,237.77,15595.5560,15833.2909,0
68869,237.79,15595.5560,15833.2909,0
68870,237.79,15595.5560,15833.2909,0
68872,237.82,15595.5560,15833.2909,0
68873,237.86,15595.5560,15833.2909,0
68877,237.87,15595.5560,15833.2909,0
68879,237.89,15595.5560,15833.2909,0
68880,237.93,15595.5560,15833.2909,0
68881,237.93,15595.5560,15833.2909,0
68885,237.96,15595.5560,15833.2909,0
68889,237.98,15595.5560,15833.2909,0
68894,237.99,15595.5560,15833.2909,0
68895,237.99,15595.5560,15833.2909,0
68897,238.01,15595.5560,15833.2909,0
68898,238.01,15595.5560,15833.2909,0
68899,238.01,15595.5560,15833.2909,0
68901,238.01,15595.5560,15833.2909,0
68904,238.02,15595.5560,15833.2909,0
68905,238.02,15595.5560,15833.2909,0
68907,238.02,15595.5560,15833.2909,0
68911,238.03,15595.5560,15833.2909,0
68925,238.09,15595.5560,15833.2909,0
68932,238.11,15595.5560,15833.2909,0
68933,238.11,15595.5560,15833.2909,0
68936,238.11,15595.5560,15833.2909,0
68940,238.11,15595.5560,15833.2909,0
68953,238.16,15595.5560,15833.2909,0
68960,238.20,15595.5560,15833.2909,0
68967,238.25,15595.5560,15833.2909,0
68971,238.26,15595.5560,15833.2909,0
68972,238.26,15595.5560,15833.2909,0
68977,238.26,15595.5560,15833.2909,0
68979,238.28,15595.5560,15833.2909,0
68980,238.28,15595.5560,15833.2909,0
68981,238.28,15595.5560,15833.2909,0
68994,238.31,15595.5560,15833.2909,0
68996,238.31,15595.5560,15833.2909,0
68999,238.32,15595.5560,15833.2909,0
69003,238.32,15595.5560,15833.2909,0
69005,238.33,15595.5560,15833.2909,0
69008,238.34,15595.5560,15833.2909,0
69011,238.36,15595.5560,15833.2909,0
69022,238.41,15595.5560,15833.2909,0
69024,238.41,15595.5560,15833.2909,0
69027,238.43,15595.5560,15833.2909,0
69030,238.43,15595.5560,15833.2909,0
69031,238.43,15595.5560,15833.2909,0
69033,238.45,15595.5560,15833.2909,0
69036,238.46,15595.5560,15833.2909,0
69038,238.46,15595.5560,15833.2909,0
69039,238.47,15595.5560,15833.2909,0
69040,238.47,15595.5560,15833.2909,0
69053,238.53,15595.5560,15833.2909,0
69061,238.56,15595.5560,15833.2909,0
69065,238.56,15595.5560,15833.2909,0
69067,238.56,15595.5560,15833.2909,0
69069,238.56,15595.5560,15833.2909,0
69075,238.57,15595.5560,15833.2909,0
69076,238.57,15595.5560,15833.2909,0
69077,238.57,15595.5560,15833.2909,0
69078,238.57,15595.5560,15833.2909,0
69079,238.57,15595.5560,15833.2909,0
69081,238.58,15595.5560,15833.2909,0
69089,238.62,15595.5560,15833.2909,0
69093,238.63,15595.5560,15833.2909,0
69095,238.66,15595.5560,15833.2909,0
69098,238.68,15595.5560,15833.2909,0
69106,238.73,15595.5560,15833.2909,0
69107,238.73,15595.5560,15833.2909,0
69109,238.74,15595.5560,15833.2909,0
69110,238.74,15595.5560,15833.2909,0
69111,238.75,15595.5560,15833.2909,0
69117,238.75,15595.5560,15833.2909,0
69120,238.75,15595.5560,15833.2909,0
69125,238.78,15595.5560,15833.2909,0
69129,238.80,15595.5560,15833.2909,0
69132,238.85,15595.5560,15833.2909,0
69133,238.87,15595.5560,15833.2909,0
69136,238.87,15595.5560,15833.2909,0
69137,238.87,15595.5560,15833.2909,0
69138,238.87,15595.5560,15833.2909,0
69140,238.87,15595.5560,15833.2909,0
69143,238.88,15595.5560,15833.2909,0
69145,238.89,15595.5560,15833.2909,0
69147,238.89,15595.5560,15833.2909,0
69150,238.90,15595.5560,15833.2909,0
69151,238.91,15595.5560,15833.2909,0
69156,238.93,15595.5560,15833.2909,0
69163,238.95,15595.5560,15833.2909,0
69165,238.95,15595.5560,15833.2909,0
69166,238.95,15595.5560,15833.2909,0
69168,238.97,15595.5560,15833.2909,0
69169,238.97,15595.5560,15833.2909,0
69170,238.97,15595.5560,15833.2909,0
69171,238.97,15595.5560,15833.2909,0
69172,238.97,15595.5560,15833.2909,0
69174,238.99,15595.5560,15833.2909,0
69177,239.01,15595.5560,15833.2909,0
69186,239.03,15595.5560,15833.2909,0
69189,239.05,15595.5560,15833.2909,0
69204,239.11,15595.5560,15833.2909,0
69207,239.12,15595.5560,15833.2909,0
69209,239.12,15595.5560,15833.2909,0
69218,239.15,15595.5560,15833.2909,0
69219,239.15,15595.5560,15833.2909,0
69222,239.16,15595.5560,15833.2909,0
69235,239.20,15595.5560,15833.2909,0
69254,239.25,15595.5560,15833.2909,0
69256,239.25,15595.5560,15833.2909,0
69260,239.25,15595.5560,15833.2909,0
69261,239.26,15595.5560,15833.2909,0
69265,239.27,15595.5560,15833.2909,0
69270,239.29,15595.5560,15833.2909,0
69272,239.30,15595.5560,15833.2909,0
69278,239.31,15595.5560,15833.2909,0
69281,239.32,15595.5560,15833.2909,0
69282,239.32,15595.5560,15833.2909,0
69286,239.32,15595.5560,15833.2909,0
69288,239.33,15595.5560,15833.2909,0
69291,239.33,15595.5560,15833.2909,0
69296,239.34,15595.5560,15833.2909,0
69297,239.34,15595.5560,15833.2909,0
69308,239.38,15595.5560,15833.2909,0
69311,239.41,15595.5560,15833.2909,0
69314,239.42,15595.5560,15833.2909,0
69318,239.43,15595.5560,15833.2909,0
69320,239.43,15595.5560,15833.2909,0
69321,239.43,15595.5560,15833.2909,0
69325,239.43,15595.5560,15833.2909,0
69328,239.44,15595.5560,15833.2909,0
69329,239.44,15595.5560,15833.2909,0
69331,239.45,15595.5560,15833.2909,0
69335,239.47,15595.5560,15833.2909,0
69339,239.48,15595.5560,15833.2909,0
69345,239.53,15595.5560,15833.2909,0
69350,239.54,15595.5560,15833.2909,0
69353,239.55,15595.5560,15833.2909,0
69358,239.59,15595.5560,15833.2909,0
69363,239.61,15595.5560,15833.2909,0
69368,239.62,15595.5560,15833.2909,0
69375,239.67,15595.5560,15833.2909,0
69380,239.68,15595.5560,15833.2909,0
69385,239.69,15595.5560,15833.2909,0
69390,239.71,15595.5560,15833.2909,0
69391,239.71,15595.5560,15833.2909,0
69395,239.73,15595.5560,15833.2909,0
69397,239.75,15595.5560,15833.2909,0
69398,239.75,15595.5560,15833.2909,0
69401,239.75,15595.5560,15833.2909,0
69404,239.79,15595.5560,15833.2909,0
69407,239.80,15595.5560,15833.2909,0
69410,239.82,15595.5560,15833.2909,0
69418,239.85,15595.5560,15833.2909,0
69420,239.86,15595.5560,15833.2909,0
69426,239.86,15595.5560,15833.2909,0
69427,239.87,15595.5560,15833.2909,0
69432,239.91,15595.5560,15833.2909,0
69435,239.92,15595.5560,15833.2909,0
69439,239.93,15595.5560,15833.2909,0
69442,239.94,15595.5560,15833.2909,0
69444,239.95,15595.5560,15833.2909,0
69447,239.95,15595.5560,15833.2909,0
69452,239.97,15595.5560,15833.2909,0
69456,239.97,15595.5560,15833.2909,0
69459,239.98,15595.5560,15833.2909,0
69463,240.00,15595.5560,15833.2909,0
69465,240.01,15595.5560,15833.2909,0
69470,240.02,15595.5560,15833.2909,0
69474,240.04,15595.5560,15833.2909,0
69478,240.04,15595.5560,15833.2909,0
69490,240.10,15595.5560,15833.2909,0
69497,240.15,15595.5560,15833.2909,0
69498,240.15,15595.5560,15833.2909,0
69500,240.15,15595.5560,15833.2909,0
69501,240.15,15595.5560,15833.2909,0
69511,240.19,15595.5560,15833.2909,0
69515,240.21,15595.5560,15833.2909,0
69517,240.21,15595.5560,15833.2909,0
69520,240.21,15595.5560,15833.2909,0
69521,240.21,15595.5560,15833.2909,0
69522,240.21,15595.5560,15833.2909,0
69523,240.21,15595.5560,15833.2909,0
69525,240.22,15595.5560,15833.2909,0
69530,240.24,15595.5560,15833.2909,0
69531,240.24,15595.5560,15833.2909,0
69538,240.27,15595.5560,15833.2909,0
69540,240.27,15595.5560,15833.2909,0
69557,240.36,15595.5560,15833.2909,0
69563,240.38,15595.5560,15833.2909,0
69565,240.38,15595.5560,15833.2909,0
69568,240.40,15595.5560,15833.2909,0
69569,240.40,15595.5560,15833.2909,0
69570,240.40,15595.5560,15833.2909,0
69572,240.40,15595.5560,15833.2909,0
69573,240.40,15595.5560,15833.2909,0
69575,240.41,15595.5560,15833.2909,0
69579,240.43,15595.5560,15833.2909,0
69581,240.43,15595.5560,15833.2909,0
69582,240.43,15595.5560,15833.2909,0
69588,240.47,15595.5560,15833.2909,0
69589,240.47,15595.5560,15833.2909,0
69590,240.47,15595.5560,15833.2909,0
69591,240.47,15595.5560,15833.2909,0
69592,240.47,15595.5560,15833.2909,0
69595,240.49,15595.5560,15833.2909,0
69610,240.52,15595.5560,15833.2909,0
69613,240.52,15595.5560,15833.2909,0
69618,240.56,15595.5560,15833.2909,0
69619,240.56,15595.5560,15833.2909,0
69628,240.59,15595.5560,15833.2909,0
69639,240.62,15595.5560,15833.2909,0
69643,240.63,15595.5560,15833.2909,0
69644,240.63,15595.5560,15833.2909,0
69645,240.63,15595.5560,15833.2909,0
69649,240.65,15595.5560,15833.2909,0
69654,240.66,15595.5560,15833.2909,0
69655,240.66,15595.5560,15833.2909,0
69657,240.66,15595.5560,15833.2909,0
69660,240.66,15595.5560,15833.2909,0
69661,240.67,15595.5560,15833.2909,0
69664,240.67,15595.5560,15833.2909,0
69668,240.70,15595.5560,15833.2909,0
69672,240.70,15595.5560,15833.2909,0
69673,240.70,15595.5560,15833.2909,0
69675,240.73,15595.5560,15833.2909,0
69677,240.73,15595.5560,15833.2909,0
69686,240.81,15595.5560,15833.2909,0
69687,240.81,15595.5560,15833.2909,0
69690,240.83,15595.5560,15833.2909,0
69698,240.86,15595.5560,15833.2909,0
69709,240.92,15595.5560,15833.2909,0
69716,240.96,15595.5560,15833.2909,0
69723,240.99,15595.5560,15833.2909,0
69727,241.01,15595.5560,15833.2909,0
69728,241.01,15595.5560,15833.2909,0
69731,241.02,15595.5560,15833.2909,0
69735,241.05,15595.5560,15833.2909,0
69744,241.09,15595.5560,15833.2909,0
69745,241.09,15595.5560,15833.2909,0
69751,241.11,15595.5560,15833.2909,0
69758,241.14,15595.5560,15833.2909,0
69764,241.14,15595.5560,15833.2909,0
69770,241.15,15595.5560,15833.2909,0
69771,241.16,15595.5560,15833.2909,0
69772,241.16,15595.5560,15833.2909,0
69777,241.16,15595.5560,15833.2909,0
69780,241.17,15595.5560,15833.2909,0
69784,241.18,15595.5560,15833.2909,0
69785,241.19,15595.5560,15833.2909,0
69787,241.19,15595.5560,15833.2909,0
69791,241.21,15595.5560,15833.2909,0
69792,241.21,15595.5560,15833.2909,0
69796,241.22,15595.5560,15833.2909,0
69797,241.22,15595.5560,15833.2909,0
69798,241.22,15595.5560,15833.2909,0
69801,241.22,15595.5560,15833.2909,0
69802,241.23,15595.5560,15833.2909,0
69810,241.28,15595.5560,15833.2909,0
69813,241.30,15595.5560,15833.2909,0
69814,241.30,15595.5560,15833.2909,0
69815,241.30,15595.5560,15833.2909,0
69826,241.34,15595.5560,15833.2909,0
69830,241.34,15595.5560,15833.2909,0
69834,241.35,15595.5560,15833.2909,0
69836,241.35,15595.5560,15833.2909,0
69840,241.36,15595.5560,15833.2909,0
69841,241.36,15595.5560,15833.2909,0
69842,241.36,15595.5560,15833.2909,0
69844,241.37,15595.5560,15833.2909,0
69851,241.39,15595.5560,15833.2909,0
69856,241.42,15595.5560,15833.2909,0
69862,241.43,15595.5560,15833.2909,0
69869,241.47,15595.5560,15833.2909,0
69870,241.48,15595.5560,15833.2909,0
69871,241.48,15595.5560,15833.2909,0
69874,241.48,15595.5560,15833.2909,0
69876,241.49,15595.5560,15833.2909,0
69882,241.52,15595.5560,15833.2909,0
69886,241.53,15595.5560,15833.2909,0
69897,241.55,15595.5560,15833.2909,0
69898,241.56,15595.5560,15833.2909,0
69900,241.56,15595.5560,15833.2909,0
69903,241.58,15595.5560,15833.2909,0
69904,241.58,15595.5560,15833.2909,0
69907,241.60,15595.5560,15833.2909,0
69909,241.60,15595.5560,15833.2909,0
69920,241.62,15595.5560,15833.2909,0
69921,241.62,15595.5560,15833.2909,0
69922,241.62,15595.5560,15833.2909,0
69923,241.62,15595.5560,15833.2909,0
69925,241.62,15595.5560,15833.2909,0
69927,241.63,15595.5560,15833.2909,0
69931,241.63,15595.5560,15833.2909,0
69932,241.64,15595.5560,15833.2909,0
69937,241.65,15595.5560,15833.2909,0
69942,241.66,15595.5560,15833.2909,0
69943,241.66,15595.5560,15833.2909,0
69945,241.66,15595.5560,15833.2909,0
69950,241.68,15595.5560,15833.2909,0
69951,241.68,15595.5560,15833.2909,0
69952,241.68,15595.5560,15833.2909,0
69957,241.69,15595.5560,15833.2909,0
69962,241.70,15595.5560,15833.2909,0
69973,241.76,15595.5560,15833.2909,0
69977,241.76,15595.5560,15833.2909,0
69979,241.78,15595.5560,15833.2909,0
69980,241.78,15595.5560,15833.2909,0
69982,241.78,15595.5560,15833.2909,0
69983,241.79,15595.5560,15833.2909,0
69988,241.80,15595.5560,15833.2909,0
69998,241.82,15595.5560,15833.2909,0
70001,241.83,15595.5560,15833.2909,0
70003,241.83,15595.5560,15833.2909,0
70005,241.84,15595.5560,15833.2909,0
70007,241.85,15595.5560,15833.2909,0
70008,241.85,15595.5560,15833.2909,0
70009,241.85,15595.5560,15833.2909,0
70012,241.86,15595.5560,15833.2909,0
70013,241.86,15595.5560,15833.2909,0
70015,241.86,15595.5560,15833.2909,0
70024,241.88,15595.5560,15833.2909,0
70031,241.90,15595.5560,15833.2909,0
70036,241.92,15595.5560,15833.2909,0
70040,241.92,15595.5560,15833.2909,0
70044,241.94,15595.5560,15833.2909,0
70045,241.95,15595.5560,15833.2909,0
70047,241.95,15595.5560,15833.2909,0
70053,241.98,15595.5560,15833.2909,0
70054,241.98,15595.5560,15833.2909,0
70055,241.98,15595.5560,15833.2909,0
70057,241.99,15595.5560,15833.2909,0
70058,241.99,15595.5560,15833.2909,0
70062,241.99,15595.5560,15833.2909,0
70063,242.00,15595.5560,15833.2909,0
70064,242.00,15595.5560,15833.2909,0
70074,242.04,15595.5560,15833.2909,0
70078,242.05,15595.5560,15833.2909,0
70083,242.06,15595.5560,15833.2909,0
70087,242.07,15595.5560,15833.2909,0
70088,242.08,15595.5560,15833.2909,0
70102,242.16,15595.5560,15833.2909,0
70106,242.17,15595.5560,15833.2909,0
70108,242.17,15595.5560,15833.2909,0
70110,242.18,15595.5560,15833.2909,0
70117,242.19,15595.5560,15833.2909,0
70118,242.19,15595.5560,15833.2909,0
70119,242.19,15595.5560,15833.2909,0
70120,242.19,15595.5560,15833.2909,0
70124,242.21,15595.5560,15833.2909,0
70133,242.25,15595.5560,15833.2909,0
70135,242.26,15595.5560,15833.2909,0
70136,242.26,15595.5560,15833.2909,0
70138,242.27,15595.5560,15833.2909,0
70140,242.28,15595.5560,15833.2909,0
70144,242.28,15595.5560,15833.2909,0
70151,242.30,15595.5560,15833.2909,0
70159,242.34,15595.5560,15833.2909,0
70167,242.36,15595.5560,15833.2909,0
70168,242.36,15595.5560,15833.2909,0
70170,242.37,15595.5560,15833.2909,0
70178,242.42,15595.5560,15833.2909,0
70186,242.46,15595.5560,15833.2909,0
70190,242.46,15595.5560,15833.2909,0
70193,242.48,15595.5560,15833.2909,0
70196,242.48,15595.5560,15833.2909,0
70204,242.53,15595.5560,15833.2909,0
70208,242.55,15595.5560,15833.2909,0
70217,242.58,15595.5560,15833.2909,0
70220,242.59,15595.5560,15833.2909,0
70221,242.59,15595.5560,15833.2909,0
70225,242.61,15595.5560,15833.2909,0
70226,242.62,15595.5560,15833.2909,0
70235,242.67,15595.5560,15833.2909,0
70238,242.67,15595.5560,15833.2909,0
70239,242.67,15595.5560,15833.2909,0
70241,242.69,15595.5560,15833.2909,0
70248,242.72,15595.5560,15833.2909,0
70251,242.74,15595.5560,15833.2909,0
70252,242.74,15595.5560,15833.2909,0
70253,242.74,15595.5560,15833.2909,0
70257,242.75,15595.5560,15833.2909,0
70259,242.76,15595.5560,15833.2909,0
70261,242.76,15595.5560,15833.2909,0
70263,242.76,15595.5560,15833.2909,0
70267,242.76,15595.5560,15833.2909,0
70268,242.77,15595.5560,15833.2909,0
70271,242.77,15595.5560,15833.2909,0
70272,242.77,15595.5560,15833.2909,0
70273,242.77,15595.5560,15833.2909,0
70274,242.77,15595.5560,15833.2909,0
70277,242.78,15595.5560,15833.2909,0
70282,242.80,15595.5560,15833.2909,0
70283,242.80,15595.5560,15833.2909,0
70286,242.80,15595.5560,15833.2909,0
70290,242.85,15595.5560,15833.2909,0
70293,242.85,15595.5560,15833.2909,0
70294,242.85,15595.5560,15833.2909,0
70296,242.86,15595.5560,15833.2909,0
70299,242.86,15595.5560,15833.2909,0
70300,242.86,15595.5560,15833.2909,0
70304,242.89,15595.5560,15833.2909,0
70308,242.89,15595.5560,15833.2909,0
70313,242.90,15595.5560,15833.2909,0
70316,242.90,15595.5560,15833.2909,0
70319,242.91,15595.5560,15833.2909,0
70324,242.93,15595.5560,15833.2909,0
70329,242.94,15595.5560,15833.2909,0
70335,242.94,15595.5560,15833.2909,0
70340,242.96,15595.5560,15833.2909,0
70353,242.99,15595.5560,15833.2909,0
70358,243.01,15595.5560,15833.2909,0
70373,243.07,15595.5560,15833.2909,0
70385,243.11,15595.5560,15833.2909,0
70388,243.11,15595.5560,15833.2909,0
70391,243.12,15595.5560,15833.2909,0
70393,243.12,15595.5560,15833.2909,0
70399,243.16,15595.5560,15833.2909,0
70403,243.19,15595.5560,15833.2909,0
70404,243.19,15595.5560,15833.2909,0
70406,243.19,15595.5560,15833.2909,0
70419,243.22,15595.5560,15833.2909,0
70421,243.22,15595.5560,15833.2909,0
70429,243.28,15595.5560,15833.2909,0
70431,243.29,15595.5560,15833.2909,0
70432,243.29,15595.5560,15833.2909,0
70433,243.29,15595.5560,15833.2909,0
70436,243.30,15595.5560,15833.2909,0
70438,243.31,15595.5560,15833.2909,0
70446,243.32,15595.5560,15833.2909,0
70447,243.32,15595.5560,15833.2909,0
70449,243.33,15595.5560,15833.2909,0
70454,243.34,15595.5560,15833.2909,0
70456,243.35,15595.5560,15833.2909,0
70457,243.35,15595.5560,15833.2909,0
70458,243.35,15595.5560,15833.2909,0
70459,243.35,15595.5560,15833.2909,0
70464,243.37,15595.5560,15833.2909,0
70465,243.37,15595.5560,15833.2909,0
70472,243.39,15595.5560,15833.2909,0
70475,243.39,15595.5560,15833.2909,0
70477,243.39,15595.5560,15833.2909,0
70484,243.41,15595.5560,15833.2909,0
70489,243.41,15595.5560,15833.2909,0
70491,243.43,15595.5560,15833.2909,0
70499,243.46,15595.5560,15833.2909,0
70506,243.50,15595.5560,15833.2909,0
70507,243.50,15595.5560,15833.2909,0
70508,243.51,15595.5560,15833.2909,0
70521,243.53,15595.5560,15833.2909,0
70523,243.57,15595.5560,15833.2909,0
70525,243.57,15595.5560,15833.2909,0
70533,243.63,15595.5560,15833.2909,0
70544,243.66,15595.5560,15833.2909,0
70554,243.70,15595.5560,15833.2909,0
70561,243.73,15595.5560,15833.2909,0
70563,243.73,15595.5560,15833.2909,0
70565,243.73,15595.5560,15833.2909,0
70568,243.76,15595.5560,15833.2909,0
70574,243.78,15595.5560,15833.2909,0
70580,243.81,15595.5560,15833.2909,0
70581,243.81,15595.5560,15833.2909,0
70587,243.84,15595.5560,15833.2909,0
70590,243.85,15595.5560,15833.2909,0
70591,243.85,15595.5560,15833.2909,0
70596,243.90,15595.5560,15833.2909,0
70598,243.90,15595.5560,15833.2909,0
70602,243.92,15595.5560,15833.2909,0
70604,243.94,15595.5560,15833.2909,0
70606,243.96,15595.5560,15833.2909,0
70608,243.96,15595.5560,15833.2909,0
70613,243.98,15595.5560,15833.2909,0
70614,243.98,15595.5560,15833.2909,0
70620,244.01,15595.5560,15833.2909,0
70622,244.01,15595.5560,15833.2909,0
70626,244.02,15595.5560,15833.2909,0
70628,244.02,15595.5560,15833.2909,0
70640,244.08,15595.5560,15833.2909,0
70644,244.08,15595.5560,15833.2909,0
70652,244.10,15595.5560,15833.2909,0
70655,244.11,15595.5560,15833.2909,0
70660,244.11,15595.5560,15833.2909,0
70662,244.13,15595.5560,15833.2909,0
70665,244.14,15595.5560,15833.2909,0
70671,244.15,15595.5560,15833.2909,0
70673,244.15,15595.5560,15833.2909,0
70674,244.15,15595.5560,15833.2909,0
70681,244.19,15595.5560,15833.2909,0
70684,244.19,15595.5560,15833.2909,0
70689,244.21,15595.5560,15833.2909,0
70692,244.23,15595.5560,15833.2909,0
70694,244.23,15595.5560,15833.2909,0
70698,244.24,15595.5560,15833.2909,0
70699,244.24,15595.5560,15833.2909,0
70701,244.24,15595.5560,15833.2909,0
70702,244.24,15595.5560,15833.2909,0
70704,244.24,15595.5560,15833.2909,0
70714,244.25,15595.5560,15833.2909,0
70722,244.30,15595.5560,15833.2909,0
70734,244.34,15595.5560,15833.2909,0
70736,244.34,15595.5560,15833.2909,0
70741,244.37,15595.5560,15833.2909,0
70743,244.38,15595.5560,15833.2909,0
70750,244.40,15595.5560,15833.2909,0
70753,244.40,15595.5560,15833.2909,0
70759,244.43,15595.5560,15833.2909,0
70762,244.43,15595.5560,15833.2909,0
70763,244.43,15595.5560,15833.2909,0
70764,244.43,15595.5560,15833.2909,0
70767,244.44,15595.5560,15833.2909,0
70770,244.47,15595.5560,15833.2909,0
70772,244.47,15595.5560,15833.2909,0
70774,244.47,15595.5560,15833.2909,0
70775,244.48,15595.5560,15833.2909,0
70779,244.52,15595.5560,15833.2909,0
70789,244.56,15595.5560,15833.2909,0
70791,244.58,15595.5560,15833.2909,0
70792,244.58,15595.5560,15833.2909,0
70793,244.58,15595.5560,15833.2909,0
70796,244.60,15595.5560,15833.2909,0
70798,244.61,15595.5560,15833.2909,0
70799,244.61,15595.5560,15833.2909,0
70802,244.62,15595.5560,15833.2909,0
70812,244.67,15595.5560,15833.2909,0
70816,244.68,15595.5560,15833.2909,0
70823,244.72,15595.5560,15833.2909,0
70828,244.73,15595.5560,15833.2909,0
70835,244.75,15595.5560,15833.2909,0
70839,244.76,15595.5560,15833.2909,0
70842,244.77,15595.5560,15833.2909,0
70843,244.78,15595.5560,15833.2909,0
70846,244.80,15595.5560,15833.2909,0
70856,244.84,15595.5560,15833.2909,0
70859,244.86,15595.5560,15833.2909,0
70862,244.88,15595.5560,15833.2909,0
70865,244.88,15595.5560,15833.2909,0
70872,244.90,15595.5560,15833.2909,0
70875,244.91,15595.5560,15833.2909,0
70878,244.92,15595.5560,15833.2909,0
70880,244.92,15595.5560,15833.2909,0
70881,244.92,15595.5560,15833.2909,0
70884,244.94,15595.5560,15833.2909,0
70887,244.94,15595.5560,15833.2909,0
70891,244.95,15595.5560,15833.2909,0
70897,244.98,15595.5560,15833.2909,0
70899,244.98,15595.5560,15833.2909,0
70903,244.99,15595.5560,15833.2909,0
70905,244.99,15595.5560,15833.2909,0
70911,245.01,15595.5560,15833.2909,0
70914,245.02,15595.5560,15833.2909,0
70915,245.02,15595.5560,15833.2909,0
70923,245.06,15595.5560,15833.2909,0
70932,245.11,15595.5560,15833.2909,0
70933,245.11,15595.5560,15833.2909,0
70941,245.12,15595.5560,15833.2909,0
70950,245.17,15595.5560,15833.2909,0
70955,245.21,15595.5560,15833.2909,0
70959,245.22,15595.5560,15833.2909,0
70961,245.22,15595.5560,15833.2909,0
70962,245.23,15595.5560,15833.2909,0
70966,245.24,15595.5560,15833.2909,0
70967,245.25,15595.5560,15833.2909,0
70972,245.26,15595.5560,15833.2909,0
70974,245.27,15595.5560,15833.2909,0
70992,245.35,15595.5560,15833.2909,0
70993,245.35,15595.5560,15833.2909,0
71002,245.38,15595.5560,15833.2909,0
71008,245.40,15595.5560,15833.2909,0
71015,245.45,15595.5560,15833.2909,0
71020,245.46,15595.5560,15833.2909,0
71021,245.46,15595.5560,15833.2909,0
71026,245.47,15595.5560,15833.2909,0
71028,245.47,15595.5560,15833.2909,0
71030,245.47,15595.5560,15833.2909,0
71039,245.48,15595.5560,15833.2909,0
71049,245.50,15595.5560,15833.2909,0
71050,245.50,15595.5560,15833.2909,0
71051,245.50,15595.5560,15833.2909,0
71052,245.51,15595.5560,15833.2909,0
71053,245.51,15595.5560,15833.2909,0
71058,245.55,15595.5560,15833.2909,0
71059,245.55,15595.5560,15833.2909,0
71062,245.55,15595.5560,15833.2909,0
71065,245.56,15595.5560,15833.2909,0
71066,245.56,15595.5560,15833.2909,0
71075,245.60,15595.5560,15833.2909,0
71076,245.60,15595.5560,15833.2909,0
71078,245.60,15595.5560,15833.2909,0
71081,245.60,15595.5560,15833.2909,0
71088,245.64,15595.5560,15833.2909,0
71098,245.70,15595.5560,15833.2909,0
71100,245.71,15595.5560,15833.2909,0
71104,245.72,15595.5560,15833.2909,0
71110,245.74,15595.5560,15833.2909,0
71115,245.78,15595.5560,15833.2909,0
71118,245.80,15595.5560,15833.2909,0
71121,245.80,15595.5560,15833.2909,0
71127,245.83,15595.5560,15833.2909,0
71129,245.83,15595.5560,15833.2909,0
71134,245.86,15595.5560,15833.2909,0
71135,245.86,15595.5560,15833.2909,0
71137,245.87,15595.5560,15833.2909,0
71143,245.91,15595.5560,15833.2909,0
71146,245.92,15595.5560,15833.2909,0
71149,245.93,15595.5560,15833.2909,0
71154,245.96,15595.5560,15833.2909,0
71156,245.97,15595.5560,15833.2909,0
71157,245.97,15595.5560,15833.2909,0
71158,245.97,15595.5560,15833.2909,0
71161,245.97,15595.5560,15833.2909,0
71162,245.98,15595.5560,15833.2909,0
71164,245.98,15595.5560,15833.2909,0
71166,245.98,15595.5560,15833.2909,0
71167,245.98,15595.5560,15833.2909,0
71168,245.98,15595.5560,15833.2909,0
71170,245.99,15595.5560,15833.2909,0
71186,246.05,15595.5560,15833.2909,0
71188,246.06,15595.5560,15833.2909,0
71193,246.08,15595.5560,15833.2909,0
71194,246.09,15595.5560,15833.2909,0
71196,246.10,15595.5560,15833.2909,0
71198,246.10,15595.5560,15833.2909,0
71200,246.10,15595.5560,15833.2909,0
71208,246.13,15595.5560,15833.2909,0
71210,246.14,15595.5560,15833.2909,0
71214,246.16,15595.5560,15833.2909,0
71224,246.19,15595.5560,15833.2909,0
71226,246.19,15595.5560,15833.2909,0
71231,246.21,15595.5560,15833.2909,0
71234,246.23,15595.5560,15833.2909,0
71237,246.24,15595.5560,15833.2909,0
71241,246.25,15595.5560,15833.2909,0
71247,246.27,15595.5560,15833.2909,0
71250,246.27,15595.5560,15833.2909,0
71254,246.28,15595.5560,15833.2909,0
71270,246.33,15595.5560,15833.2909,0
71272,246.34,15595.5560,15833.2909,0
71275,246.35,15595.5560,15833.2909,0
71277,246.37,15595.5560,15833.2909,0
71284,246.40,15595.5560,15833.2909,0
71285,246.40,15595.5560,15833.2909,0
71287,246.40,15595.5560,15833.2909,0
71293,246.42,15595.5560,15833.2909,0
71295,246.42,15595.5560,15833.2909,0
71299,246.44,15595.5560,15833.2909,0
71300,246.44,15595.5560,15833.2909,0
71301,246.45,15595.5560,15833.2909,0
71302,246.45,15595.5560,15833.2909,0
71303,246.45,15595.5560,15833.2909,0
71308,246.45,15595.5560,15833.2909,0
71316,246.49,15595.5560,15833.2909,0
71317,246.49,15595.5560,15833.2909,0
71321,246.51,15595.5560,15833.2909,0
71326,246.52,15595.5560,15833.2909,0
71327,246.52,15595.5560,15833.2909,0
71329,246.53,15595.5560,15833.2909,0
71330,246.53,15595.5560,15833.2909,0
71336,246.54,15595.5560,15833.2909,0
71338,246.54,15595.5560,15833.2909,0
71339,246.54,15595.5560,15833.2909,0
71340,246.54,15595.5560,15833.2909,0
71341,246.54,15595.5560,15833.2909,0
71343,246.55,15595.5560,15833.2909,0
71352,246.58,15595.5560,15833.2909,0
71353,246.58,15595.5560,15833.2909,0
71354,246.59,15595.5560,15833.2909,0
71356,246.59,15595.5560,15833.2909,0
71362,246.61,15595.5560,15833.2909,0
71363,246.62,15595.5560,15833.2909,0
71370,246.62,15595.5560,15833.2909,0
71372,246.63,15595.5560,15833.2909,0
71378,246.67,15595.5560,15833.2909,0
71379,246.67,15595.5560,15833.2909,0
71382,246.67,15595.5560,15833.2909,0
71384,246.67,15595.5560,15833.2909,0
71388,246.70,15595.5560,15833.2909,0
71392,246.70,15595.5560,15833.2909,0
71394,246.71,15595.5560,15833.2909,0
71395,246.71,15595.5560,15833.2909,0
71408,246.76,15595.5560,15833.2909,0
71413,246.79,15595.5560,15833.2909,0
71415,246.79,15595.5560,15833.2909,0
71426,246.82,15595.5560,15833.2909,0
71427,246.82,15595.5560,15833.2909,0
71430,246.82,15595.5560,15833.2909,0
71432,246.84,15595.5560,15833.2909,0
71433,246.84,15595.5560,15833.2909,0
71434,246.84,15595.5560,15833.2909,0
71437,246.85,15595.5560,15833.2909,0
71438,246.85,15595.5560,15833.2909,0
71439,246.85,15595.5560,15833.2909,0
71441,246.86,15595.5560,15833.2909,0
71444,246.86,15595.5560,15833.2909,0
71449,246.88,15595.5560,15833.2909,1
71450,246.97,15305.8484,15833.2909,0
71457,247.10,15305.8484,15833.2909,0
71459,247.16,15305.8484,15833.2909,0
71462,247.19,15364.3517,15833.2909,0
71467,247.34,15364.3517,15833.2909,0
71469,247.41,15364.3517,15833.2909,0
71476,247.45,15364.3517,15833.2909,0
71478,247.49,15477.6957,15833.2909,0
71479,247.57,15477.6957,15833.2909,0
71481,247.59,15477.6957,15833.2909,0
71482,247.62,15477.6957,15833.2909,0
71483,247.62,15477.6957,15833.2909,0
71485,247.65,15477.6957,15833.2909,0
71489,247.71,15591.9449,15833.2909,0
71495,247.81,15591.9449,15833.2909,0
71501,247.99,15591.9449,15833.2909,0
71508,248.19,15591.9449,15833.2909,0
71519,248.25,15591.9449,15833.2909,0
71531,248.34,15612.4351,15833.2909,0
71532,248.36,15612.4351,15833.2909,0
71536,248.47,15612.4351,15833.2909,0
71543,248.52,15612.4351,15833.2909,0
71544,248.53,15612.4351,15833.2909,0
71546,248.62,15612.4351,15833.2909,0
71550,248.63,15612.4351,15833.2909,0
71552,248.65,15612.4351,15833.2909,0
71560,248.71,15612.4351,15833.2909,0
71562,248.74,15612.4351,15833.2909,0
71567,248.75,15612.4351,15833.2909,0
71572,248.80,15612.4351,15833.2909,0
71574,248.80,15612.4351,15833.2909,0
71576,248.84,15612.4351,15833.2909,0
71583,248.87,15612.4351,15833.2909,0
71592,248.99,15612.4351,15833.2909,0
71604,249.02,15612.4351,15833.2909,0
71611,249.04,15612.4351,15833.2909,0
71613,249.05,15612.4351,15833.2909,0
71615,249.06,15612.4351,15833.2909,0
71629,249.11,15612.4351,15833.2909,0
71631,249.11,15612.4351,15833.2909,0
71639,249.20,15612.4351,15833.2909,0
71641,249.20,15612.4351,15833.2909,0
71642,249.21,15612.4351,15833.2909,0
71645,249.22,15612.4351,15833.2909,0
71648,249.22,15612.4351,15833.2909,0
71651,249.23,15612.4351,15833.2909,0
71654,249.25,15612.4351,15833.2909,0
71655,249.25,15612.4351,15833.2909,0
71656,249.25,15612.4351,15833.2909,0
71657,249.25,15612.4351,15833.2909,0
71666,249.26,15612.4351,15833.2909,0
71667,249.28,15612.4351,15833.2909,0
71669,249.28,15612.4351,15833.2909,0
71670,249.33,15612.4351,15833.2909,0
71671,249.33,15612.4351,15833.2909,0
71672,249.33,15612.4351,15833.2909,0
71674,249.34,15612.4351,15833.2909,0
71675,249.34,15612.4351,15833.2909,0
71681,249.40,15612.4351,15833.2909,0
71686,249.41,15612.4351,15833.2909,0
71692,249.43,15612.4351,15833.2909,0
71694,249.43,15612.4351,15833.2909,0
71697,249.45,15612.4351,15833.2909,0
71699,249.45,15612.4351,15833.2909,0
71708,249.49,15612.4351,15833.2909,0
71712,249.50,15612.4351,15833.2909,0
71716,249.51,15612.4351,15833.2909,0
71717,249.51,15612.4351,15833.2909,0
71725,249.54,15612.4351,15833.2909,0
71728,249.54,15612.4351,15833.2909,0
71731,249.55,15612.4351,15833.2909,0
71740,249.57,15612.4351,15833.2909,0
71743,249.58,15612.4351,15833.2909,0
71746,249.60,15612.4351,15833.2909,0
71747,249.60,15612.4351,15833.2909,0
71748,249.60,15612.4351,15833.2909,0
71752,249.65,15612.4351,15833.2909,0
71760,249.69,15612.4351,15833.2909,0
71761,249.69,15612.4351,15833.2909,0
71763,249.70,15612.4351,15833.2909,0
71764,249.70,15612.4351,15833.2909,0
71765,249.70,15612.4351,15833.2909,0
71766,249.71,15612.4351,15833.2909,0
71779,249.77,15612.4351,15833.2909,0
71786,249.80,15612.4351,15833.2909,0
71795,249.86,15612.4351,15833.2909,0
71803,249.88,15612.4351,15833.2909,0
71808,249.91,15612.4351,15833.2909,0
71810,249.92,15612.4351,15833.2909,0
71815,249.94,15612.4351,15833.2909,0
71818,249.95,15612.4351,15833.2909,0
71822,250.02,15612.4351,15833.2909,0
71826,250.03,15612.4351,15833.2909,0
71827,250.03,15612.4351,15833.2909,0
71830,250.04,15612.4351,15833.2909,0
71832,250.06,15612.4351,15833.2909,0
71834,250.07,15612.4351,15833.2909,0
71836,250.07,15612.4351,15833.2909,0
71839,250.08,15612.4351,15833.2909,0
71843,250.11,15612.4351,15833.2909,0
71847,250.14,15612.4351,15833.2909,0
71853,250.15,15612.4351,15833.2909,0
71860,250.19,15612.4351,15833.2909,0
71862,250.20,15612.4351,15833.2909,0
71867,250.22,15612.4351,15833.2909,0
71869,250.22,15612.4351,15833.2909,0
71874,250.25,15612.4351,15833.2909,0
71876,250.25,15612.4351,15833.2909,0
71881,250.27,15612.4351,15833.2909,0
71883,250.28,15612.4351,15833.2909,0
71887,250.30,15612.4351,15833.2909,0
71895,250.33,15612.4351,15833.2909,0
71897,250.34,15612.4351,15833.2909,0
71901,250.36,15612.4351,15833.2909,0
71902,250.36,15612.4351,15833.2909,0
71905,250.38,15612.4351,15833.2909,0
71906,250.39,15612.4351,15833.2909,0
71907,250.39,15612.4351,15833.2909,0
71913,250.45,15612.4351,15833.2909,0
71914,250.45,15612.4351,15833.2909,0
71920,250.46,15612.4351,15833.2909,0
71922,250.46,15612.4351,15833.2909,0
71926,250.48,15612.4351,15833.2909,0
71928,250.50,15612.4351,15833.2909,0
71935,250.51,15612.4351,15833.2909,0
71944,250.57,15612.4351,15833.2909,0
71945,250.57,15612.4351,15833.2909,0
71947,250.57,15612.4351,15833.2909,0
71948,250.57,15612.4351,15833.2909,0
71951,250.58,15612.4351,15833.2909,0
71952,250.58,15612.4351,15833.2909,0
71953,250.58,15612.4351,15833.2909,0
71954,250.59,15612.4351,15833.2909,0
71962,250.62,15612.4351,15833.2909,0
71970,250.64,15612.4351,15833.2909,0
71973,250.65,15612.4351,15833.2909,0
71976,250.66,15612.4351,15833.2909,0
71977,250.66,15612.4351,15833.2909,0
71985,250.69,15612.4351,15833.2909,0
71994,250.72,15612.4351,15833.2909,0
72000,250.73,15612.4351,15833.2909,0
72008,250.76,15612.4351,15833.2909,0
72011,250.78,15612.4351,15833.2909,0
72018,250.80,15612.4351,15833.2909,0
72023,250.84,15612.4351,15833.2909,0
72039,250.88,15612.4351,15833.2909,0
72040,250.89,15612.4351,15833.2909,0
72042,250.89,15612.4351,15833.2909,0
72053,250.92,15612.4351,15833.2909,0
72055,250.92,15612.4351,15833.2909,0
72057,250.94,15612.4351,15833.2909,0
72073,251.01,15612.4351,15833.2909,0
72077,251.03,15612.4351,15833.2909,0
72080,251.05,15612.4351,15833.2909,0
72081,251.05,15612.4351,15833.2909,0
72085,251.08,15612.4351,15833.2909,0
72093,251.14,15612.4351,15833.2909,0
72094,251.15,15612.4351,15833.2909,0
72095,251.15,15612.4351,15833.2909,0
72101,251.17,15612.4351,15833.2909,0
72103,251.17,15612.4351,15833.2909,0
72107,251.19,15612.4351,15833.2909,0
72114,251.22,15612.4351,15833.2909,0
72120,251.25,15612.4351,15833.2909,0
72123,251.26,15612.4351,15833.2909,0
72127,251.27,15612.4351,15833.2909,0
72132,251.28,15612.4351,15833.2909,0
72133,251.29,15612.4351,15833.2909,0
72139,251.32,15612.4351,15833.2909,0
72143,251.32,15612.4351,15833.2909,0
72144,251.32,15612.4351,15833.2909,0
72145,251.32,15612.4351,15833.2909,0
72147,251.35,15612.4351,15833.2909,0
72152,251.37,15612.4351,15833.2909,0
72162,251.42,15612.4351,15833.2909,0
72164,251.43,15612.4351,15833.2909,0
72166,251.43,15612.4351,15833.2909,0
72169,251.44,15612.4351,15833.2909,0
72174,251.45,15612.4351,15833.2909,0
72176,251.46,15612.4351,15833.2909,0
72177,251.46,15612.4351,15833.2909,0
72189,251.51,15612.4351,15833.2909,0
72190,251.51,15612.4351,15833.2909,0
72193,251.53,15612.4351,15833.2909,0
72196,251.54,15612.4351,15833.2909,0
72197,251.55,15612.4351,15833.2909,0
72203,251.58,15612.4351,15833.2909,0
72208,251.61,15612.4351,15833.2909,0
72210,251.62,15612.4351,15833.2909,0
72213,251.63,15612.4351,15833.2909,0
72214,251.63,15612.4351,15833.2909,0
72216,251.66,15612.4351,15833.2909,0
72217,251.66,15612.4351,15833.2909,0
72224,251.67,15612.4351,15833.2909,0
72229,251.69,15612.4351,15833.2909,0
72237,251.72,15612.4351,15833.2909,0
72249,251.75,15612.4351,15833.2909,0
72251,251.75,15612.4351,15833.2909,0
72252,251.76,15612.4351,15833.2909,0
72257,251.79,15612.4351,15833.2909,0
72259,251.79,15612.4351,15833.2909,0
72262,251.80,15612.4351,15833.2909,0
72267,251.80,15612.4351,15833.2909,0
72268,251.80,15612.4351,15833.2909,0
72271,251.83,15612.4351,15833.2909,0
72272,251.83,15612.4351,15833.2909,0
72274,251.84,15612.4351,15833.2909,0
72278,251.88,15612.4351,15833.2909,0
72279,251.89,15612.4351,15833.2909,0
72281,251.89,15612.4351,15833.2909,0
72289,251.95,15612.4351,15833.2909,0
72297,251.99,15612.4351,15833.2909,0
72299,251.99,15612.4351,15833.2909,0
72305,252.01,15612.4351,15833.2909,0
72308,252.02,15612.4351,15833.2909,0
72310,252.02,15612.4351,15833.2909,0
72311,252.02,15612.4351,15833.2909,0
72315,252.03,15612.4351,15833.2909,0
72316,252.03,15612.4351,15833.2909,0
72317,252.03,15612.4351,15833.2909,0
72321,252.05,15612.4351,15833.2909,0
72322,252.05,15612.4351,15833.2909,0
72323,252.09,15612.4351,15833.2909,0
72328,252.10,15612.4351,15833.2909,0
72329,252.10,15612.4351,15833.2909,0
72335,252.15,15612.4351,15833.2909,0
72339,252.17,15612.4351,15833.2909,0
72341,252.18,15612.4351,15833.2909,0
72344,252.18,15612.4351,15833.2909,0
72350,252.20,15612.4351,15833.2909,0
72352,252.21,15612.4351,15833.2909,0
72353,252.21,15612.4351,15833.2909,0
72361,252.27,15612.4351,15833.2909,0
72363,252.29,15612.4351,15833.2909,0
72374,252.34,15612.4351,15833.2909,0
72376,252.36,15612.4351,15833.2909,0
72377,252.36,15612.4351,15833.2909,0
72384,252.39,15612.4351,15833.2909,0
72385,252.39,15612.4351,15833.2909,0
72386,252.39,15612.4351,15833.2909,0
72390,252.41,15612.4351,15833.2909,0
72396,252.42,15612.4351,15833.2909,0
72398,252.43,15612.4351,15833.2909,0
72403,252.45,15612.4351,15833.2909,0
72406,252.45,15612.4351,15833.2909,0
72410,252.48,15612.4351,15833.2909,0
72412,252.48,15612.4351,15833.2909,0
72413,252.48,15612.4351,15833.2909,0
72423,252.56,15612.4351,15833.2909,0
72427,252.58,15612.4351,15833.2909,0
72432,252.59,15612.4351,15833.2909,0
72436,252.59,15612.4351,15833.2909,0
72439,252.60,15612.4351,15833.2909,0
72442,252.60,15612.4351,15833.2909,0
72456,252.66,15612.4351,15833.2909,0
72457,252.67,15612.4351,15833.2909,0
72461,252.68,15612.4351,15833.2909,0
72464,252.70,15612.4351,15833.2909,0
72467,252.72,15612.4351,15833.2909,0
72480,252.82,15612.4351,15833.2909,0
72484,252.84,15612.4351,15833.2909,0
72485,252.84,15612.4351,15833.2909,0
72490,252.85,15612.4351,15833.2909,0
72493,252.85,15612.4351,15833.2909,0
72497,252.86,15612.4351,15833.2909,0
72499,252.89,15612.4351,15833.2909,0
72501,252.89,15612.4351,15833.2909,0
72505,252.91,15612.4351,15833.2909,0
72506,252.91,15612.4351,15833.2909,0
72507,252.92,15612.4351,15833.2909,0
72510,252.92,15612.4351,15833.2909,0
72511,252.92,15612.4351,15833.2909,0
72516,252.95,15612.4351,15833.2909,0
72522,252.96,15612.4351,15833.2909,0
72532,253.01,15612.4351,15833.2909,0
72535,253.03,15612.4351,15833.2909,0
72537,253.03,15612.4351,15833.2909,0
72540,253.04,15612.4351,15833.2909,0
72541,253.04,15612.4351,15833.2909,0
72542,253.04,15612.4351,15833.2909,0
72543,253.05,15612.4351,15833.2909,0
72544,253.06,15612.4351,15833.2909,0
72561,253.11,15612.4351,15833.2909,0
72570,253.22,15612.4351,15833.2909,0
72572,253.22,15612.4351,15833.2909,0
72573,253.22,15612.4351,15833.2909,0
72575,253.23,15612.4351,15833.2909,0
72578,253.24,15612.4351,15833.2909,0
72579,253.24,15612.4351,15833.2909,0
72583,253.25,15612.4351,15833.2909,0
72585,253.26,15612.4351,15833.2909,0
72588,253.27,15612.4351,15833.2909,0
72591,253.28,15612.4351,15833.2909,0
72596,253.35,15612.4351,15833.2909,0
72599,253.36,15612.4351,15833.2909,0
72600,253.36,15612.4351,15833.2909,0
72605,253.38,15612.4351,15833.2909,0
72611,253.41,15612.4351,15833.2909,0
72617,253.42,15612.4351,15833.2909,0
72618,253.42,15612.4351,15833.2909,0
72621,253.43,15612.4351,15833.2909,0
72626,253.45,15612.4351,15833.2909,0
72636,253.49,15612.4351,15833.2909,0
72640,253.50,15612.4351,15833.2909,0
72641,253.50,15612.4351,15833.2909,0
72643,253.51,15612.4351,15833.2909,0
72646,253.51,15612.4351,15833.2909,0
72649,253.51,15612.4351,15833.2909,0
72657,253.53,15612.4351,15833.2909,0
72660,253.56,15612.4351,15833.2909,0
72663,253.59,15612.4351,15833.2909,0
72667,253.60,15612.4351,15833.2909,0
72670,253.62,15612.4351,15833.2909,0
72671,253.63,15612.4351,15833.2909,0
72674,253.65,15612.4351,15833.2909,0
72678,253.66,15612.4351,15833.2909,0
72683,253.69,15612.4351,15833.2909,0
72686,253.72,15612.4351,15833.2909,0
72688,253.72,15612.4351,15833.2909,0
72694,253.75,15612.4351,15833.2909,0
72696,253.75,15612.4351,15833.2909,0
72698,253.76,15612.4351,15833.2909,0
72704,253.79,15612.4351,15833.2909,0
72706,253.79,15612.4351,15833.2909,0
72708,253.79,15612.4351,15833.2909,0
72712,253.80,15612.4351,15833.2909,0
72717,253.82,15612.4351,15833.2909,0
72718,253.82,15612.4351,15833.2909,0
72720,253.82,15612.4351,15833.2909,0
72721,253.82,15612.4351,15833.2909,0
72728,253.85,15612.4351,15833.2909,0
72729,253.85,15612.4351,15833.2909,0
72732,253.85,15612.4351,15833.2909,0
72736,253.87,15612.4351,15833.2909,0
72741,253.89,15612.4351,15833.2909,0
72745,253.91,15612.4351,15833.2909,0
72748,253.93,15612.4351,15833.2909,0
72753,253.94,15612.4351,15833.2909,0
72756,253.95,15612.4351,15833.2909,0
72758,253.95,15612.4351,15833.2909,0
72762,253.97,15612.4351,15833.2909,0
72763,253.97,15612.4351,15833.2909,0
72765,253.97,15612.4351,15833.2909,0
72779,254.06,15612.4351,15833.2909,0
72781,254.06,15612.4351,15833.2909,0
72783,254.08,15612.4351,15833.2909,0
72792,254.11,15612.4351,15833.2909,0
72795,254.11,15612.4351,15833.2909,0
72796,254.11,15612.4351,15833.2909,0
72799,254.13,15612.4351,15833.2909,0
72805,254.14,15612.4351,15833.2909,0
72806,254.14,15612.4351,15833.2909,0
72816,254.21,15612.4351,15833.2909,0
72821,254.23,15612.4351,15833.2909,0
72823,254.24,15612.4351,15833.2909,0
72827,254.25,15612.4351,15833.2909,0
72832,254.26,15612.4351,15833.2909,0
72837,254.26,15612.4351,15833.2909,0
72848,254.31,15612.4351,15833.2909,0
72852,254.34,15612.4351,15833.2909,0
72855,254.36,15612.4351,15833.2909,0
72862,254.38,15612.4351,15833.2909,0
72866,254.40,15612.4351,15833.2909,0
72877,254.42,15612.4351,15833.2909,0
72879,254.42,15612.4351,15833.2909,0
72889,254.46,15612.4351,15833.2909,0
72890,254.46,15612.4351,15833.2909,0
72892,254.48,15612.4351,15833.2909,0
72898,254.52,15612.4351,15833.2909,0
72900,254.52,15612.4351,15833.2909,0
72901,254.52,15612.4351,15833.2909,0
72906,254.56,15612.4351,15833.2909,0
72914,254.59,15612.4351,15833.2909,0
72915,254.59,15612.4351,15833.2909,0
72917,254.60,15612.4351,15833.2909,0
72920,254.64,15612.4351,15833.2909,0
72935,254.68,15612.4351,15833.2909,0
72936,254.68,15612.4351,15833.2909,0
72947,254.71,15612.4351,15833.2909,0
72948,254.71,15612.4351,15833.2909,0
72951,254.71,15612.4351,15833.2909,0
72961,254.75,15612.4351,15833.2909,0
72964,254.75,15612.4351,15833.2909,0
72965,254.75,15612.4351,15833.2909,0
72967,254.75,15612.4351,15833.2909,0
72968,254.75,15612.4351,15833.2909,0
72972,254.75,15612.4351,15833.2909,0
72974,254.75,15612.4351,15833.2909,0
72979,254.77,15612.4351,15833.2909,0
72984,254.79,15612.4351,15833.2909,0
72987,254.79,15612.4351,15833.2909,0
72990,254.81,15612.4351,15833.2909,0
73007,254.87,15612.4351,15833.2909,0
73011,254.87,15612.4351,15833.2909,0
73012,254.88,15612.4351,15833.2909,0
73016,254.89,15612.4351,15833.2909,0
73025,254.94,15612.4351,15833.2909,0
73031,254.96,15612.4351,15833.2909,0
73032,254.96,15612.4351,15833.2909,0
73035,254.97,15612.4351,15833.2909,0
73038,254.97,15612.4351,15833.2909,0
73040,254.99,15612.4351,15833.2909,0
73041,254.99,15612.4351,15833.2909,0
73042,254.99,15612.4351,15833.2909,0
73043,254.99,15612.4351,15833.2909,0
73046,255.02,15612.4351,15833.2909,0
73047,255.02,15612.4351,15833.2909,0
73051,255.03,15612.4351,15833.2909,0
73053,255.04,15612.4351,15833.2909,0
73055,255.05,15612.4351,15833.2909,0
73059,255.06,15612.4351,15833.2909,0
73083,255.13,15612.4351,15833.2909,0
73084,255.13,15612.4351,15833.2909,0
73087,255.13,15612.4351,15833.2909,0
73093,255.17,15612.4351,15833.2909,0
73095,255.17,15612.4351,15833.2909,0
73100,255.18,15612.4351,15833.2909,0
73101,255.18,15612.4351,15833.2909,0
73105,255.18,15612.4351,15833.2909,0
73108,255.19,15612.4351,15833.2909,0
73110,255.19,15612.4351,15833.2909,0
73114,255.22,15612.4351,15833.2909,0
73119,255.24,15612.4351,15833.2909,0
73124,255.26,15612.4351,15833.2909,0
73126,255.26,15612.4351,15833.2909,0
73133,255.29,15612.4351,15833.2909,0
73142,255.32,15612.4351,15833.2909,0
73149,255.34,15612.4351,15833.2909,0
73151,255.34,15612.4351,15833.2909,0
73153,255.34,15612.4351,15833.2909,0
73154,255.35,15612.4351,15833.2909,0
73157,255.35,15612.4351,15833.2909,0
73162,255.37,15612.4351,15833.2909,0
73171,255.38,15612.4351,15833.2909,0
73176,255.42,15612.4351,15833.2909,0
73178,255.42,15612.4351,15833.2909,0
73182,255.44,15612.4351,15833.2909,0
73189,255.45,15612.4351,15833.2909,0
73191,255.45,15612.4351,15833.2909,0
73198,255.50,15612.4351,15833.2909,0
73201,255.50,15612.4351,15833.2909,0
73205,255.51,15612.4351,15833.2909,0
73209,255.52,15612.4351,15833.2909,0
73212,255.52,15612.4351,15833.2909,0
73215,255.52,15612.4351,15833.2909,0
73222,255.58,15612.4351,15833.2909,0
73227,255.59,15612.4351,15833.2909,0
73235,255.62,15612.4351,15833.2909,0
73236,255.62,15612.4351,15833.2909,0
73240,255.64,15612.4351,15833.2909,0
73242,255.64,15612.4351,15833.2909,0
73243,255.64,15612.4351,15833.2909,0
73246,255.65,15612.4351,15833.2909,0
73252,255.68,15612.4351,15833.2909,0
73268,255.75,15612.4351,15833.2909,0
73270,255.76,15612.4351,15833.2909,0
73271,255.76,15612.4351,15833.2909,0
73283,255.82,15612.4351,15833.2909,0
73286,255.82,15612.4351,15833.2909,0
73289,255.84,15612.4351,15833.2909,0
73292,255.85,15612.4351,15833.2909,0
73293,255.85,15612.4351,15833.2909,0
73301,255.86,15612.4351,15833.2909,0
73303,255.86,15612.4351,15833.2909,0
73309,255.87,15612.4351,15833.2909,0
73315,255.90,15612.4351,15833.2909,0
73320,255.92,15612.4351,15833.2909,0
73321,255.92,15612.4351,15833.2909,0
73323,255.92,15612.4351,15833.2909,0
73324,255.92,15612.4351,15833.2909,0
73334,255.97,15612.4351,15833.2909,0
73343,256.01,15612.4351,15833.2909,0
73348,256.02,15612.4351,15833.2909,0
73352,256.03,15612.4351,15833.2909,0
73358,256.03,15612.4351,15833.2909,0
73359,256.03,15612.4351,15833.2909,0
73360,256.03,15612.4351,15833.2909,0
73361,256.03,15612.4351,15833.2909,0
73364,256.04,15612.4351,15833.2909,0
73369,256.04,15612.4351,15833.2909,0
73373,256.05,15612.4351,15833.2909,0
73379,256.06,15612.4351,15833.2909,0
73381,256.08,15612.4351,15833.2909,0
73384,256.10,15612.4351,15833.2909,0
73385,256.11,15612.4351,15833.2909,0
73387,256.12,15612.4351,15833.2909,0
73389,256.13,15612.4351,15833.2909,0
73393,256.13,15612.4351,15833.2909,0
73398,256.16,15612.4351,15833.2909,0
73400,256.17,15612.4351,15833.2909,0
73401,256.17,15612.4351,15833.2909,0
73410,256.20,15612.4351,15833.2909,0
73415,256.22,15612.4351,15833.2909,0
73416,256.22,15612.4351,15833.2909,0
73417,256.22,15612.4351,15833.2909,0
73418,256.22,15612.4351,15833.2909,0
73435,256.28,15612.4351,15833.2909,0
73445,256.31,15612.4351,15833.2909,0
73453,256.31,15612.4351,15833.2909,0
73454,256.31,15612.4351,15833.2909,0
73455,256.32,15612.4351,15833.2909,0
73471,256.36,15612.4351,15833.2909,0
73475,256.38,15612.4351,15833.2909,0
73481,256.41,15612.4351,15833.2909,0
73482,256.41,15612.4351,15833.2909,0
73485,256.41,15612.4351,15833.2909,0
73490,256.43,15612.4351,15833.2909,0
73494,256.44,15612.4351,15833.2909,0
73498,256.46,15612.4351,15833.2909,0
73503,256.48,15612.4351,15833.2909,0
73509,256.50,15612.4351,15833.2909,0
73513,256.51,15612.4351,15833.2909,0
73514,256.51,15612.4351,15833.2909,0
73515,256.51,15612.4351,15833.2909,0
73520,256.53,15612.4351,15833.2909,0
73521,256.53,15612.4351,15833.2909,0
73522,256.53,15612.4351,15833.2909,0
73523,256.54,15612.4351,15833.2909,0
73525,256.54,15612.4351,15833.2909,0
73528,256.54,15612.4351,15833.2909,0
73533,256.57,15612.4351,15833.2909,0
73535,256.57,15612.4351,15833.2909,0
73540,256.57,15612.4351,15833.2909,0
73542,256.58,15612.4351,15833.2909,0
73552,256.63,15612.4351,15833.2909,0
73554,256.63,15612.4351,15833.2909,0
73564,256.68,15612.4351,15833.2909,0
73566,256.70,15612.4351,15833.2909,0
73569,256.70,15612.4351,15833.2909,0
73573,256.72,15612.4351,15833.2909,0
73576,256.72,15612.4351,15833.2909,0
73577,256.72,15612.4351,15833.2909,0
73579,256.72,15612.4351,15833.2909,0
73580,256.72,15612.4351,15833.2909,0
73586,256.77,15612.4351,15833.2909,0
73588,256.78,15612.4351,15833.2909,0
73592,256.80,15612.4351,15833.2909,0
73596,256.81,15612.4351,15833.2909,0
73598,256.82,15612.4351,15833.2909,0
73605,256.87,15612.4351,15833.2909,0
73607,256.87,15612.4351,15833.2909,0
73610,256.88,15612.4351,15833.2909,0
73614,256.89,15612.4351,15833.2909,0
73615,256.89,15612.4351,15833.2909,0
73619,256.91,15612.4351,15833.2909,0
73621,256.93,15612.4351,15833.2909,0
73636,256.96,15612.4351,15833.2909,0
73637,256.96,15612.4351,15833.2909,0
73641,256.97,15612.4351,15833.2909,0
73642,256.97,15612.4351,15833.2909,0
73645,256.97,15612.4351,15833.2909,0
73647,256.98,15612.4351,15833.2909,0
73651,256.98,15612.4351,15833.2909,0
73657,256.99,15612.4351,15833.2909,0
73658,256.99,15612.4351,15833.2909,0
73659,256.99,15612.4351,15833.2909,0
73666,257.03,15612.4351,15833.2909,0
73669,257.04,15612.4351,15833.2909,0
73676,257.06,15612.4351,15833.2909,0
73679,257.07,15612.4351,15833.2909,0
73685,257.09,15612.4351,15833.2909,0
73689,257.10,15612.4351,15833.2909,0
73692,257.12,15612.4351,15833.2909,0
73695,257.12,15612.4351,15833.2909,0
73697,257.13,15612.4351,15833.2909,0
73700,257.13,15612.4351,15833.2909,0
73704,257.14,15612.4351,15833.2909,0
73705,257.14,15612.4351,15833.2909,0
73706,257.14,15612.4351,15833.2909,0
73711,257.17,15612.4351,15833.2909,0
73714,257.19,15612.4351,15833.2909,0
73715,257.19,15612.4351,15833.2909,0
73721,257.23,15612.4351,15833.2909,0
73723,257.25,15612.4351,15833.2909,0
73724,257.25,15612.4351,15833.2909,0
73731,257.26,15612.4351,15833.2909,0
73732,257.26,15612.4351,15833.2909,0
73733,257.26,15612.4351,15833.2909,0
73734,257.27,15612.4351,15833.2909,0
73742,257.27,15612.4351,15833.2909,0
73743,257.27,15612.4351,15833.2909,0
73745,257.29,15612.4351,15833.2909,0
73749,257.30,15612.4351,15833.2909,0
73750,257.30,15612.4351,15833.2909,0
73756,257.30,15612.4351,15833.2909,0
73758,257.31,15612.4351,15833.2909,0
73766,257.32,15612.4351,15833.2909,0
73767,257.32,15612.4351,15833.2909,0
73770,257.32,15612.4351,15833.2909,0
73774,257.34,15612.4351,15833.2909,0
73775,257.34,15612.4351,15833.2909,0
73776,257.34,15612.4351,15833.2909,0
73785,257.39,15612.4351,15833.2909,0
73791,257.41,15612.4351,15833.2909,0
73795,257.41,15612.4351,15833.2909,0
73799,257.42,15612.4351,15833.2909,0
73809,257.48,15612.4351,15833.2909,0
73810,257.48,15612.4351,15833.2909,0
73814,257.48,15612.4351,15833.2909,0
73823,257.53,15612.4351,15833.2909,0
73829,257.56,15612.4351,15833.2909,0
73833,257.57,15612.4351,15833.2909,0
73834,257.57,15612.4351,15833.2909,0
73838,257.58,15612.4351,15833.2909,0
73839,257.58,15612.4351,15833.2909,0
73843,257.60,15612.4351,15833.2909,0
73848,257.63,15612.4351,15833.2909,0
73856,257.66,15612.4351,15833.2909,0
73864,257.69,15612.4351,15833.2909,0
73868,257.69,15612.4351,15833.2909,0
73871,257.70,15612.4351,15833.2909,0
73877,257.73,15612.4351,15833.2909,0
73883,257.76,15612.4351,15833.2909,0
73886,257.77,15612.4351,15833.2909,0
73889,257.77,15612.4351,15833.2909,0
73895,257.79,15612.4351,15833.2909,0
73898,257.80,15612.4351,15833.2909,0
73899,257.81,15612.4351,15833.2909,0
73901,257.81,15612.4351,15833.2909,0
73906,257.83,15612.4351,15833.2909,0
73916,257.86,15612.4351,15833.2909,0
73918,257.86,15612.4351,15833.2909,0
73923,257.87,15612.4351,15833.2909,0
73924,257.87,15612.4351,15833.2909,0
73928,257.88,15612.4351,15833.2909,0
73931,257.88,15612.4351,15833.2909,0
73935,257.89,15612.4351,15833.2909,0
73936,257.89,15612.4351,15833.2909,0
73939,257.91,15612.4351,15833.2909,0
73948,257.93,15612.4351,15833.2909,0
73953,257.95,15612.4351,15833.2909,0
73954,257.95,15612.4351,15833.2909,0
73958,257.95,15612.4351,15833.2909,0
73962,257.97,15612.4351,15833.2909,0
73963,257.97,15612.4351,15833.2909,0
73964,257.97,15612.4351,15833.2909,0
73968,257.98,15612.4351,15833.2909,0
73969,257.99,15612.4351,15833.2909,0
73972,257.99,15612.4351,15833.2909,0
73973,257.99,15612.4351,15833.2909,0
73974,258.00,15612.4351,15833.2909,0
73978,258.01,15612.4351,15833.2909,0
73982,258.02,15612.4351,15833.2909,0
73983,258.02,15612.4351,15833.2909,0
73985,258.02,15612.4351,15833.2909,0
73994,258.05,15612.4351,15833.2909,0
73997,258.05,15612.4351,15833.2909,0
73998,258.05,15612.4351,15833.2909,0
73999,258.05,15612.4351,15833.2909,0
74002,258.07,15612.4351,15833.2909,0
74005,258.07,15612.4351,15833.2909,0
74009,258.08,15612.4351,15833.2909,0
74010,258.08,15612.4351,15833.2909,0
74012,258.08,15612.4351,15833.2909,0
74013,258.08,15612.4351,15833.2909,0
74018,258.09,15612.4351,15833.2909,0
74020,258.09,15612.4351,15833.2909,0
74025,258.11,15612.4351,15833.2909,0
74028,258.11,15612.4351,15833.2909,0
74030,258.12,15612.4351,15833.2909,0
74033,258.12,15612.4351,15833.2909,0
74039,258.13,15612.4351,15833.2909,0
74040,258.14,15612.4351,15833.2909,0
74043,258.15,15612.4351,15833.2909,0
74046,258.18,15612.4351,15833.2909,0
74048,258.18,15612.4351,15833.2909,0
74049,258.18,15612.4351,15833.2909,0
74057,258.20,15612.4351,15833.2909,0
74058,258.20,15612.4351,15833.2909,0
74066,258.23,15612.4351,15833.2909,0
74067,258.23,15612.4351,15833.2909,0
74069,258.24,15612.4351,15833.2909,0
74075,258.26,15612.4351,15833.2909,0
74078,258.28,15612.4351,15833.2909,0
74086,258.32,15612.4351,15833.2909,0
74087,258.32,15612.4351,15833.2909,0
74090,258.33,15612.4351,15833.2909,0
74100,258.37,15612.4351,15833.2909,0
74106,258.40,15612.4351,15833.2909,0
74109,258.41,15612.4351,15833.2909,0
74110,258.41,15612.4351,15833.2909,0
74111,258.42,15612.4351,15833.2909,0
74116,258.43,15612.4351,15833.2909,0
74122,258.45,15612.4351,15833.2909,0
74124,258.45,15612.4351,15833.2909,0
74125,258.45,15612.4351,15833.2909,0
74128,258.45,15612.4351,15833.2909,0
74129,258.45,15612.4351,15833.2909,0
74134,258.47,15612.4351,15833.2909,0
74135,258.47,15612.4351,15833.2909,0
74151,258.55,15612.4351,15833.2909,0
74164,258.60,15612.4351,15833.2909,0
74167,258.60,15612.4351,15833.2909,0
74168,258.60,15612.4351,15833.2909,0
74172,258.62,15612.4351,15833.2909,0
74180,258.63,15612.4351,15833.2909,0
74183,258.64,15612.4351,15833.2909,0
74184,258.64,15612.4351,15833.2909,0
74186,258.64,15612.4351,15833.2909,0
74190,258.67,15612.4351,15833.2909,0
74192,258.67,15612.4351,15833.2909,0
74197,258.68,15612.4351,15833.2909,0
74199,258.69,15612.4351,15833.2909,0
74203,258.69,15612.4351,15833.2909,0
74204,258.69,15612.4351,15833.2909,0
74206,258.69,15612.4351,15833.2909,0
74214,258.74,15612.4351,15833.2909,0
74217,258.75,15612.4351,15833.2909,0
74218,258.75,15612.4351,15833.2909,0
74219,258.75,15612.4351,15833.2909,0
74221,258.75,15612.4351,15833.2909,0
74226,258.76,15612.4351,15833.2909,0
74228,258.77,15612.4351,15833.2909,0
74235,258.80,15612.4351,15833.2909,0
74236,258.80,15612.4351,15833.2909,0
74240,258.81,15612.4351,15833.2909,0
74241,258.81,15612.4351,15833.2909,0
74243,258.83,15612.4351,15833.2909,0
74245,258.83,15612.4351,15833.2909,0
74250,258.85,15612.4351,15833.2909,0
74251,258.85,15612.4351,15833.2909,0
74254,258.86,15612.4351,15833.2909,0
74255,258.86,15612.4351,15833.2909,0
74260,258.88,15612.4351,15833.2909,0
74264,258.89,15612.4351,15833.2909,0
74265,258.89,15612.4351,15833.2909,0
74269,258.89,15612.4351,15833.2909,0
74275,258.91,15612.4351,15833.2909,0
74276,258.91,15612.4351,15833.2909,0
74278,258.91,15612.4351,15833.2909,0
74284,258.94,15612.4351,15833.2909,0
74287,258.94,15612.4351,15833.2909,0
74288,258.94,15612.4351,15833.2909,0
74289,258.94,15612.4351,15833.2909,0
74291,258.96,15612.4351,15833.2909,0
74298,258.97,15612.4351,15833.2909,0
74299,258.97,15612.4351,15833.2909,0
74300,258.97,15612.4351,15833.2909,0
74301,258.97,15612.4351,15833.2909,0
74303,258.99,15612.4351,15833.2909,0
74304,258.99,15612.4351,15833.2909,0
74305,258.99,15612.4351,15833.2909,0
74309,259.01,15612.4351,15833.2909,0
74310,259.01,15612.4351,15833.2909,0
74316,259.01,15612.4351,15833.2909,0
74326,259.06,15612.4351,15833.2909,0
74328,259.06,15612.4351,15833.2909,0
74331,259.06,15612.4351,15833.2909,0
74332,259.06,15612.4351,15833.2909,0
74334,259.07,15612.4351,15833.2909,0
74335,259.07,15612.4351,15833.2909,0
74349,259.15,15612.4351,15833.2909,0
74354,259.16,15612.4351,15833.2909,0
74355,259.16,15612.4351,15833.2909,0
74356,259.16,15612.4351,15833.2909,0
74357,259.16,15612.4351,15833.2909,0
74362,259.20,15612.4351,15833.2909,0
74371,259.22,15612.4351,15833.2909,0
74374,259.23,15612.4351,15833.2909,0
74375,259.23,15612.4351,15833.2909,0
74387,259.28,15612.4351,15833.2909,0
74388,259.29,15612.4351,15833.2909,0
74397,259.32,15612.4351,15833.2909,0
74401,259.33,15612.4351,15833.2909,0
74403,259.34,15612.4351,15833.2909,0
74407,259.36,15612.4351,15833.2909,0
74413,259.38,15612.4351,15833.2909,0
74414,259.38,15612.4351,15833.2909,0
74420,259.40,15612.4351,15833.2909,0
74422,259.40,15612.4351,15833.2909,0
74433,259.45,15612.4351,15833.2909,0
74450,259.53,15612.4351,15833.2909,0
74459,259.57,15612.4351,15833.2909,0
74460,259.57,15612.4351,15833.2909,0
74465,259.59,15612.4351,15833.2909,0
74469,259.61,15612.4351,15833.2909,0
74470,259.61,15612.4351,15833.2909,0
74472,259.62,15612.4351,15833.2909,0
74475,259.63,15612.4351,15833.2909,0
74481,259.66,15612.4351,15833.2909,0
74486,259.67,15612.4351,15833.2909,0
74488,259.68,15612.4351,15833.2909,0
74491,259.69,15612.4351,15833.2909,0
74496,259.70,15612.4351,15833.2909,0
74502,259.72,15612.4351,15833.2909,0
74504,259.73,15612.4351,15833.2909,0
74508,259.75,15612.4351,15833.2909,0
74515,259.76,15612.4351,15833.2909,0
74517,259.76,15612.4351,15833.2909,0
74524,259.77,15612.4351,15833.2909,0
74532,259.79,15612.4351,15833.2909,1
74533,259.89,14914.8508,15833.2909,0
74534,259.95,14914.8508,15833.2909,0
74535,259.97,15029.2241,15833.2909,0
74539,260.03,15066.1360,15833.2909,0
74549,260.20,15136.7146,15833.2909,0
74553,260.35,15136.7146,15833.2909,0
74561,260.43,15136.7146,15833.2909,0
74572,260.55,15136.8487,15833.2909,0
74574,260.57,15142.2000,15833.2909,0
74577,260.69,15155.7427,15833.2909,0
74579,260.71,15155.7427,15833.2909,0
74585,260.82,15155.7427,15833.2909,0
74590,260.88,15155.7427,15833.2909,0
74591,260.89,15155.7427,15833.2909,0
74599,260.96,15155.7427,15833.2909,0
74612,261.13,15155.7427,15833.2909,0
74613,261.14,15155.7427,15833.2909,0
74620,261.19,15155.7427,15833.2909,0
74626,261.29,15155.7427,15833.2909,0
74630,261.29,15155.7427,15833.2909,0
74633,261.30,15155.7427,15833.2909,0
74639,261.34,15155.7427,15833.2909,0
74654,261.45,15155.7427,15833.2909,0
74656,261.47,15155.7427,15833.2909,0
74657,261.47,15155.7427,15833.2909,0
74659,261.50,15155.7427,15833.2909,0
74661,261.59,15155.7427,15833.2909,0
74662,261.60,15155.7427,15833.2909,0
74668,261.65,15155.7427,15833.2909,0
74676,261.68,15155.7427,15833.2909,0
74680,261.70,15155.7427,15833.2909,0
74681,261.70,15155.7427,15833.2909,0
74683,261.72,15155.7427,15833.2909,0
74688,261.73,15155.7427,15833.2909,0
74693,261.76,15155.7427,15833.2909,0
74694,261.76,15155.7427,15833.2909,0
74698,261.77,15155.7427,15833.2909,0
74703,261.79,15155.7427,15833.2909,0
74705,261.80,15155.7427,15833.2909,0
74714,261.84,15155.7427,15833.2909,0
74719,261.90,15155.7427,15833.2909,0
74730,261.97,15155.7427,15833.2909,0
74739,261.99,15155.7427,15833.2909,0
74743,262.02,15155.7427,15833.2909,0
74753,262.03,15155.7427,15833.2909,0
74768,262.10,15155.7427,15833.2909,0
74769,262.10,15155.7427,15833.2909,0
74776,262.16,15156.7587,15833.2909,0
74795,262.44,15156.7587,15833.2909,0
74812,262.73,15156.7587,15833.2909,0
74813,262.75,15156.7587,15833.2909,0
74820,262.84,15156.7587,15833.2909,0
74821,262.86,15156.7587,15833.2909,0
74822,262.91,15156.7587,15833.2909,0
74832,262.94,15156.7587,15833.2909,0
74842,263.05,15156.7587,15833.2909,0
74843,263.05,15156.7587,15833.2909,0
74850,263.08,15156.7587,15833.2909,0
74851,263.08,15156.7587,15833.2909,0
74854,263.13,15156.7587,15833.2909,0
74856,263.17,15156.7587,15833.2909,0
74858,263.19,15156.7587,15833.2909,0
74862,263.19,15156.7587,15833.2909,0
74863,263.19,15156.7587,15833.2909,0
74868,263.21,15156.7587,15833.2909,0
74875,263.30,15156.7587,15833.2909,0
74893,263.41,15156.7587,15833.2909,0
74900,263.43,15156.7587,15833.2909,0
74903,263.44,15156.7587,15833.2909,0
74904,263.47,15156.7587,15833.2909,0
74916,263.54,15156.7587,15833.2909,0
74917,263.54,15156.7587,15833.2909,0
74926,263.58,15156.7587,15833.2909,0
74928,263.59,15156.7587,15833.2909,0
74929,263.59,15156.7587,15833.2909,0
74943,263.65,15156.7587,15833.2909,0
74950,263.68,15156.7587,15833.2909,0
74957,263.71,15156.7587,15833.2909,0
74965,263.74,15156.7587,15833.2909,0
74966,263.74,15156.7587,15833.2909,0
74976,263.78,15156.7587,15833.2909,0
74985,263.81,15156.7587,15833.2909,0
74986,263.81,15156.7587,15833.2909,0
74989,263.81,15156.7587,15833.2909,0
74990,263.81,15156.7587,15833.2909,0
74992,263.82,15156.7587,15833.2909,0
74998,263.83,15156.7587,15833.2909,0
75001,263.84,15156.7587,15833.2909,0
75006,263.88,15156.7587,15833.2909,0
75011,263.88,15156.7587,15833.2909,0
75012,263.88,15156.7587,15833.2909,0
75025,263.92,15156.7587,15833.2909,0
75037,263.97,15156.7587,15833.2909,0
75038,263.97,15156.7587,15833.2909,0
75039,263.98,15156.7587,15833.2909,0
75040,263.98,15156.7587,15833.2909,0
75045,264.04,15156.7587,15833.2909,0
75055,264.12,15156.7587,15833.2909,0
75064,264.14,15156.7587,15833.2909,0
75069,264.17,15156.7587,15833.2909,0
75077,264.19,15156.7587,15833.2909,0
75085,264.27,15156.7587,15833.2909,0
75087,264.33,15156.7587,15833.2909,0
75090,264.37,15156.7587,15833.2909,0
75093,264.41,15156.7587,15833.2909,0
75108,264.45,15156.7587,15833.2909,0
75111,264.47,15156.7587,15833.2909,0
75120,264.49,15156.7587,15833.2909,0
75128,264.51,15156.7587,15833.2909,0
75137,264.57,15156.7587,15833.2909,0
75153,264.66,15156.7587,15833.2909,0
75155,264.66,15156.7587,15833.2909,0
75158,264.67,15156.7587,15833.2909,0
75173,264.75,15156.7587,15833.2909,0
75188,264.81,15156.7587,15833.2909,0
75198,264.83,15156.7587,15833.2909,0
75202,264.91,15156.7587,15833.2909,0
75213,264.94,15156.7587,15833.2909,0
75229,265.02,15156.7587,15833.2909,0
75231,265.02,15156.7587,15833.2909,0
75241,265.05,15156.7587,15833.2909,0
75243,265.05,15156.7587,15833.2909,0
75245,265.05,15156.7587,15833.2909,0
75250,265.06,15156.7587,15833.2909,0
75251,265.06,15156.7587,15833.2909,0
75258,265.09,15156.7587,15833.2909,0
75259,265.09,15156.7587,15833.2909,0
75293,265.26,15156.7587,15833.2909,0
75298,265.27,15156.7587,15833.2909,0
75302,265.27,15156.7587,15833.2909,0
75311,265.30,15156.7587,15833.2909,0
75312,265.30,15156.7587,15833.2909,0
75317,265.31,15156.7587,15833.2909,0
75325,265.33,15156.7587,15833.2909,0
75326,265.33,15156.7587,15833.2909,0
75334,265.38,15156.7587,15833.2909,0
75340,265.39,15156.7587,15833.2909,0
75349,265.42,15156.7587,15833.2909,0
75351,265.50,15156.7587,15833.2909,0
75356,265.51,15156.7587,15833.2909,0
75361,265.53,15156.7587,15833.2909,0
75374,265.59,15156.7587,15833.2909,0
75376,265.60,15156.7587,15833.2909,0
75383,265.62,15156.7587,15833.2909,0
75391,265.64,15156.7587,15833.2909,0
75394,265.64,15156.7587,15833.2909,0
75403,265.67,15156.7587,15833.2909,0
75408,265.68,15156.7587,15833.2909,0
75410,265.68,15156.7587,15833.2909,0
75416,265.72,15156.7587,15833.2909,0
75428,265.82,15156.7587,15833.2909,0
75436,265.85,15156.7587,15833.2909,0
75447,265.90,15156.7587,15833.2909,0
75450,265.90,15156.7587,15833.2909,0
75451,265.90,15156.7587,15833.2909,0
75456,265.97,15156.7587,15833.2909,0
75476,266.05,15156.7587,15833.2909,0
75480,266.06,15156.7587,15833.2909,0
75482,266.07,15156.7587,15833.2909,0
75483,266.07,15156.7587,15833.2909,0
75487,266.08,15156.7587,15833.2909,0
75488,266.08,15156.7587,15833.2909,0
75500,266.21,15156.7587,15833.2909,0
75503,266.21,15156.7587,15833.2909,0
75504,266.22,15156.7587,15833.2909,0
75505,266.22,15156.7587,15833.2909,0
75506,266.22,15156.7587,15833.2909,0
75507,266.22,15156.7587,15833.2909,0
75509,266.22,15156.7587,15833.2909,0
75510,266.23,15156.7587,15833.2909,0
75514,266.32,15156.7587,15833.2909,0
75519,266.36,15156.7587,15833.2909,0
75520,266.36,15156.7587,15833.2909,0
75521,266.36,15156.7587,15833.2909,0
75524,266.38,15156.7587,15833.2909,0
75526,266.38,15156.7587,15833.2909,0
75528,266.38,15156.7587,15833.2909,0
75531,266.39,15156.7587,15833.2909,0
75535,266.40,15156.7587,15833.2909,0
75545,266.46,15156.7587,15833.2909,0
75546,266.46,15156.7587,15833.2909,0
75548,266.47,15156.7587,15833.2909,0
75560,266.52,15156.7587,15833.2909,0
75563,266.52,15156.7587,15833.2909,0
75582,266.56,15156.7587,15833.2909,0
75586,266.59,15156.7587,15833.2909,0
75587,266.59,15156.7587,15833.2909,0
75588,266.59,15156.7587,15833.2909,0
75593,266.61,15156.7587,15833.2909,0
75605,266.71,15156.7587,15833.2909,0
75613,266.74,15156.7587,15833.2909,0
75617,266.75,15156.7587,15833.2909,0
75620,266.81,15156.7587,15833.2909,0
75622,266.81,15156.7587,15833.2909,0
75627,266.82,15156.7587,15833.2909,0
75633,266.85,15156.7587,15833.2909,0
75640,266.89,15156.7587,15833.2909,0
75643,266.89,15156.7587,15833.2909,0
75662,266.98,15156.7587,15833.2909,0
75670,267.00,15156.7587,15833.2909,0
75702,267.16,15156.7587,15833.2909,0
75707,267.16,15156.7587,15833.2909,0
75708,267.17,15156.7587,15833.2909,0
75710,267.17,15156.7587,15833.2909,0
75712,267.18,15156.7587,15833.2909,0
75717,267.22,15156.7587,15833.2909,0
75722,267.24,15156.7587,15833.2909,0
75726,267.24,15156.7587,15833.2909,0
75729,267.26,15156.7587,15833.2909,0
75733,267.27,15156.7587,15833.2909,0
75740,267.31,15156.7587,15833.2909,0
75746,267.34,15156.7587,15833.2909,0
75755,267.36,15156.7587,15833.2909,0
75758,267.37,15156.7587,15833.2909,0
75759,267.37,15156.7587,15833.2909,0
75764,267.41,15156.7587,15833.2909,0
75765,267.42,15156.7587,15833.2909,0
75766,267.42,15156.7587,15833.2909,0
75767,267.42,15156.7587,15833.2909,0
75770,267.42,15156.7587,15833.2909,0
75771,267.42,15156.7587,15833.2909,0
75775,267.43,15156.7587,15833.2909,0
75777,267.44,15156.7587,15833.2909,0
75779,267.44,15156.7587,15833.2909,0
75790,267.49,15156.7587,15833.2909,0
75794,267.52,15156.7587,15833.2909,0
75804,267.55,15156.7587,15833.2909,0
75806,267.57,15156.7587,15833.2909,0
75814,267.58,15156.7587,15833.2909,0
75816,267.58,15156.7587,15833.2909,0
75821,267.60,15156.7587,15833.2909,0
75822,267.60,15156.7587,15833.2909,0
75825,267.60,15156.7587,15833.2909,0
75835,267.64,15156.7587,15833.2909,0
75839,267.66,15156.7587,15833.2909,0
75851,267.71,15156.7587,15833.2909,0
75859,267.71,15156.7587,15833.2909,0
75884,267.81,15156.7587,15833.2909,0
75893,267.85,15156.7587,15833.2909,0
75899,267.88,15156.7587,15833.2909,0
75910,267.95,15156.7587,15833.2909,0
75930,268.04,15156.7587,15833.2909,0
75940,268.05,15156.7587,15833.2909,0
75942,268.05,15156.7587,15833.2909,0
75950,268.09,15156.7587,15833.2909,0
75967,268.13,15156.7587,15833.2909,0
75969,268.14,15156.7587,15833.2909,0
75980,268.17,15156.7587,15833.2909,0
75981,268.17,15156.7587,15833.2909,0
75983,268.17,15156.7587,15833.2909,0
75988,268.19,15156.7587,15833.2909,0
75990,268.19,15156.7587,15833.2909,0
75998,268.22,15156.7587,15833.2909,0
76000,268.23,15156.7587,15833.2909,0
76007,268.26,15156.7587,15833.2909,0
76008,268.26,15156.7587,15833.2909,0
76010,268.27,15156.7587,15833.2909,0
76011,268.27,15156.7587,15833.2909,0
76021,268.33,15156.7587,15833.2909,0
76029,268.35,15156.7587,15833.2909,0
76030,268.35,15156.7587,15833.2909,0
76046,268.42,15156.7587,15833.2909,0
76054,268.45,15156.7587,15833.2909,0
76055,268.45,15156.7587,15833.2909,0
76061,268.46,15156.7587,15833.2909,0
76064,268.48,15156.7587,15833.2909,0
76075,268.54,15156.7587,15833.2909,0
76076,268.54,15156.7587,15833.2909,0
76078,268.54,15156.7587,15833.2909,0
76082,268.56,15156.7587,15833.2909,0
76084,268.56,15156.7587,15833.2909,0
76086,268.57,15156.7587,15833.2909,0
76087,268.57,15156.7587,15833.2909,0
76091,268.58,15156.7587,15833.2909,0
76096,268.61,15156.7587,15833.2909,0
76099,268.61,15156.7587,15833.2909,0
76110,268.66,15156.7587,15833.2909,0
76114,268.69,15156.7587,15833.2909,0
76115,268.69,15156.7587,15833.2909,0
76116,268.69,15156.7587,15833.2909,0
76131,268.73,15156.7587,15833.2909,0
76140,268.74,15156.7587,15833.2909,0
76146,268.84,15156.7587,15833.2909,0
76150,268.86,15156.7587,15833.2909,0
76152,268.87,15156.7587,15833.2909,0
76162,268.89,15156.7587,15833.2909,0
76166,268.91,15156.7587,15833.2909,0
76167,268.91,15156.7587,15833.2909,0
76172,268.91,15156.7587,15833.2909,0
76174,268.91,15156.7587,15833.2909,0
76178,268.93,15156.7587,15833.2909,0
76181,268.93,15156.7587,15833.2909,0
76182,268.93,15156.7587,15833.2909,0
76187,268.95,15156.7587,15833.2909,0
76191,268.96,15156.7587,15833.2909,0
76192,268.96,15156.7587,15833.2909,0
76193,268.96,15156.7587,15833.2909,0
76196,268.97,15156.7587,15833.2909,0
76206,269.01,15156.7587,15833.2909,0
76209,269.01,15156.7587,15833.2909,0
76211,269.03,15156.7587,15833.2909,0
76212,269.03,15156.7587,15833.2909,0
76216,269.05,15156.7587,15833.2909,0
76217,269.05,15156.7587,15833.2909,0
76221,269.07,15156.7587,15833.2909,0
76222,269.07,15156.7587,15833.2909,0
76226,269.08,15156.7587,15833.2909,0
76229,269.08,15156.7587,15833.2909,0
76233,269.09,15156.7587,15833.2909,0
76237,269.10,15156.7587,15833.2909,0
76244,269.13,15156.7587,15833.2909,0
76264,269.20,15156.7587,15833.2909,0
76266,269.22,15156.7587,15833.2909,0
76274,269.24,15156.7587,15833.2909,0
76278,269.25,15156.7587,15833.2909,0
76283,269.26,15156.7587,15833.2909,0
76286,269.28,15156.7587,15833.2909,0
76301,269.33,15156.7587,15833.2909,0
76309,269.36,15156.7587,15833.2909,0
76312,269.37,15156.7587,15833.2909,0
76322,269.42,15156.7587,15833.2909,0
76330,269.44,15156.7587,15833.2909,0
76334,269.44,15156.7587,15833.2909,0
76337,269.45,15156.7587,15833.2909,0
76345,269.46,15156.7587,15833.2909,0
76346,269.46,15156.7587,15833.2909,0
76350,269.47,15156.7587,15833.2909,0
76351,269.47,15156.7587,15833.2909,0
76358,269.51,15156.7587,15833.2909,0
76359,269.51,15156.7587,15833.2909,0
76362,269.52,15156.7587,15833.2909,0
76372,269.55,15156.7587,15833.2909,0
76374,269.55,15156.7587,15833.2909,0
76376,269.55,15156.7587,15833.2909,0
76386,269.59,15156.7587,15833.2909,0
76387,269.60,15156.7587,15833.2909,0
76388,269.60,15156.7587,15833.2909,0
76390,269.60,15156.7587,15833.2909,0
76391,269.60,15156.7587,15833.2909,0
76392,269.61,15156.7587,15833.2909,0
76394,269.62,15156.7587,15833.2909,0
76396,269.62,15156.7587,15833.2909,0
76397,269.62,15156.7587,15833.2909,0
76418,269.69,15156.7587,15833.2909,0
76419,269.69,15156.7587,15833.2909,0
76420,269.69,15156.7587,15833.2909,0
76432,269.72,15156.7587,15833.2909,0
76434,269.73,15156.7587,15833.2909,0
76437,269.73,15156.7587,15833.2909,0
76438,269.73,15156.7587,15833.2909,0
76440,269.73,15156.7587,15833.2909,0
76453,269.76,15156.7587,15833.2909,0
76454,269.76,15156.7587,15833.2909,0
76456,269.76,15156.7587,15833.2909,0
76458,269.77,15156.7587,15833.2909,0
76467,269.78,15156.7587,15833.2909,0
76468,269.78,15156.7587,15833.2909,0
76470,269.78,15156.7587,15833.2909,0
76475,269.79,15156.7587,15833.2909,0
76483,269.83,15156.7587,15833.2909,0
76494,269.88,15156.7587,15833.2909,0
76507,269.92,15156.7587,15833.2909,0
76520,269.94,15156.7587,15833.2909,0
76521,269.95,15156.7587,15833.2909,0
76526,269.97,15156.7587,15833.2909,0
76527,269.99,15156.7587,15833.2909,0
76528,270.00,15156.7587,15833.2909,0
76536,270.02,15156.7587,15833.2909,0
76545,270.04,15156.7587,15833.2909,0
76553,270.05,15156.7587,15833.2909,0
76557,270.07,15156.7587,15833.2909,0
76559,270.07,15156.7587,15833.2909,0
76560,270.07,15156.7587,15833.2909,0
76571,270.12,15156.7587,15833.2909,0
76573,270.13,15156.7587,15833.2909,0
76576,270.14,15156.7587,15833.2909,0
76578,270.14,15156.7587,15833.2909,0
76583,270.16,15156.7587,15833.2909,0
76600,270.25,15156.7587,15833.2909,0
76608,270.29,15156.7587,15833.2909,0
76620,270.31,15156.7587,15833.2909,0
76621,270.31,15156.7587,15833.2909,0
76640,270.36,15156.7587,15833.2909,0
76649,270.38,15156.7587,15833.2909,0
76653,270.40,15156.7587,15833.2909,0
76655,270.40,15156.7587,15833.2909,0
76668,270.44,15156.7587,15833.2909,0
76680,270.47,15156.7587,15833.2909,0
76686,270.47,15156.7587,15833.2909,0
76690,270.50,15156.7587,15833.2909,0
76691,270.50,15156.7587,15833.2909,0
76698,270.53,15156.7587,15833.2909,0
76699,270.53,15156.7587,15833.2909,0
76705,270.57,15156.7587,15833.2909,0
76710,270.57,15156.7587,15833.2909,0
76715,270.58,15156.7587,15833.2909,0
76718,270.59,15156.7587,15833.2909,0
76723,270.60,15156.7587,15833.2909,0
76724,270.60,15156.7587,15833.2909,0
76727,270.62,15156.7587,15833.2909,0
76735,270.63,15156.7587,15833.2909,0
76740,270.65,15156.7587,15833.2909,0
76742,270.65,15156.7587,15833.2909,0
76755,270.68,15156.7587,15833.2909,0
76759,270.70,15156.7587,15833.2909,0
76780,270.75,15156.7587,15833.2909,0
76783,270.78,15156.7587,15833.2909,0
76785,270.78,15156.7587,15833.2909,0
76786,270.79,15156.7587,15833.2909,0
76794,270.81,15156.7587,15833.2909,0
76796,270.81,15156.7587,15833.2909,0
76801,270.84,15156.7587,15833.2909,0
76806,270.87,15156.7587,15833.2909,0
76812,270.89,15156.7587,15833.2909,0
76814,270.90,15156.7587,15833.2909,0
76822,270.91,15156.7587,15833.2909,0
76824,270.92,15156.7587,15833.2909,0
76825,270.92,15156.7587,15833.2909,0
76837,270.96,15156.7587,15833.2909,0
76839,270.99,15156.7587,15833.2909,0
76843,271.01,15156.7587,15833.2909,0
76853,271.05,15156.7587,15833.2909,0
76855,271.06,15156.7587,15833.2909,0
76860,271.08,15156.7587,15833.2909,0
76861,271.08,15156.7587,15833.2909,0
76866,271.10,15156.7587,15833.2909,0
76868,271.10,15156.7587,15833.2909,0
76877,271.13,15156.7587,15833.2909,0
76889,271.15,15156.7587,15833.2909,0
76892,271.16,15156.7587,15833.2909,0
76897,271.17,15156.7587,15833.2909,0
76906,271.20,15156.7587,15833.2909,0
76925,271.32,15156.7587,15833.2909,0
76931,271.34,15156.7587,15833.2909,0
76934,271.35,15156.7587,15833.2909,0
76943,271.37,15156.7587,15833.2909,0
76958,271.42,15156.7587,15833.2909,0
76970,271.47,15156.7587,15833.2909,0
76972,271.47,15156.7587,15833.2909,0
76975,271.49,15156.7587,15833.2909,0
76996,271.58,15156.7587,15833.2909,0
76999,271.58,15156.7587,15833.2909,0
77007,271.61,15156.7587,15833.2909,0
77011,271.62,15156.7587,15833.2909,0
77013,271.62,15156.7587,15833.2909,0
77019,271.63,15156.7587,15833.2909,0
77021,271.64,15156.7587,15833.2909,0
77023,271.64,15156.7587,15833.2909,0
77027,271.67,15156.7587,15833.2909,0
77029,271.69,15156.7587,15833.2909,0
77030,271.69,15156.7587,15833.2909,0
77032,271.71,15156.7587,15833.2909,0
77033,271.71,15156.7587,15833.2909,0
77034,271.71,15156.7587,15833.2909,0
77054,271.79,15156.7587,15833.2909,0
77055,271.79,15156.7587,15833.2909,0
77058,271.80,15156.7587,15833.2909,0
77061,271.80,15156.7587,15833.2909,0
77063,271.81,15156.7587,15833.2909,0
77064,271.81,15156.7587,15833.2909,0
77072,271.86,15156.7587,15833.2909,0
77074,271.86,15156.7587,15833.2909,0
77079,271.87,15156.7587,15833.2909,0
77085,271.93,15156.7587,15833.2909,0
77088,271.94,15156.7587,15833.2909,0
77097,271.95,15156.7587,15833.2909,0
77100,271.97,15156.7587,15833.2909,0
77110,272.00,15156.7587,15833.2909,0
77117,272.04,15156.7587,15833.2909,0
77119,272.05,15156.7587,15833.2909,0
77124,272.07,15156.7587,15833.2909,0
77141,272.13,15156.7587,15833.2909,0
77153,272.19,15156.7587,15833.2909,0
77159,272.21,15156.7587,15833.2909,0
77163,272.21,15156.7587,15833.2909,0
77176,272.27,15156.7587,15833.2909,0
77181,272.28,15156.7587,15833.2909,0
77192,272.31,15156.7587,15833.2909,0
77199,272.35,15156.7587,15833.2909,0
77201,272.36,15156.7587,15833.2909,0
77203,272.36,15156.7587,15833.2909,0
77220,272.46,15156.7587,15833.2909,0
77226,272.47,15156.7587,15833.2909,0
77230,272.51,15156.7587,15833.2909,0
77232,272.52,15156.7587,15833.2909,0
77255,272.58,15156.7587,15833.2909,0
77259,272.59,15156.7587,15833.2909,0
77268,272.62,15156.7587,15833.2909,0
77270,272.62,15156.7587,15833.2909,0
77271,272.62,15156.7587,15833.2909,0
77275,272.63,15156.7587,15833.2909,0
77286,272.66,15156.7587,15833.2909,0
77294,272.67,15156.7587,15833.2909,0
77307,272.70,15156.7587,15833.2909,0
77316,272.74,15156.7587,15833.2909,0
77319,272.74,15156.7587,15833.2909,0
77326,272.76,15156.7587,15833.2909,0
77335,272.80,15156.7587,15833.2909,0
77344,272.81,15156.7587,15833.2909,0
77348,272.83,15156.7587,15833.2909,0
77368,272.88,15156.7587,15833.2909,0
77374,272.92,15156.7587,15833.2909,0
77380,272.95,15156.7587,15833.2909,0
77391,273.01,15156.7587,15833.2909,0
77401,273.04,15156.7587,15833.2909,0
77402,273.04,15156.7587,15833.2909,0
77404,273.05,15156.7587,15833.2909,0
77407,273.05,15156.7587,15833.2909,0
77413,273.06,15156.7587,15833.2909,0
77417,273.08,15156.7587,15833.2909,0
77425,273.11,15156.7587,15833.2909,0
77428,273.11,15156.7587,15833.2909,0
77435,273.13,15156.7587,15833.2909,0
77445,273.14,15156.7587,15833.2909,0
77450,273.16,15156.7587,15833.2909,0
77451,273.16,15156.7587,15833.2909,0
77456,273.17,15156.7587,15833.2909,0
77457,273.17,15156.7587,15833.2909,0
77461,273.17,15156.7587,15833.2909,0
77473,273.24,15156.7587,15833.2909,0
77474,273.24,15156.7587,15833.2909,0
77477,273.26,15156.7587,15833.2909,0
77479,273.26,15156.7587,15833.2909,0
77481,273.26,15156.7587,15833.2909,0
77489,273.27,15156.7587,15833.2909,0
77495,273.29,15156.7587,15833.2909,0
77497,273.31,15156.7587,15833.2909,0
77498,273.31,15156.7587,15833.2909,0
77502,273.34,15156.7587,15833.2909,0
77507,273.36,15156.7587,15833.2909,0
77509,273.37,15156.7587,15833.2909,0
77520,273.43,15156.7587,15833.2909,0
77548,273.55,15156.7587,15833.2909,0
77554,273.57,15156.7587,15833.2909,0
77560,273.59,15156.7587,15833.2909,0
77566,273.61,15156.7587,15833.2909,0
77567,273.61,15156.7587,15833.2909,0
77572,273.62,15156.7587,15833.2909,0
77595,273.70,15156.7587,15833.2909,0
77597,273.71,15156.7587,15833.2909,0
77604,273.73,15156.7587,15833.2909,0
77611,273.75,15156.7587,15833.2909,0
77616,273.78,15156.7587,15833.2909,0
77620,273.79,15156.7587,15833.2909,0
77625,273.80,15156.7587,15833.2909,0
77627,273.80,15156.7587,15833.2909,0
77632,273.83,15156.7587,15833.2909,0
77633,273.84,15156.7587,15833.2909,0
77635,273.86,15156.7587,15833.2909,0
77636,273.86,15156.7587,15833.2909,0
77642,273.89,15156.7587,15833.2909,0
77644,273.89,15156.7587,15833.2909,0
77645,273.89,15156.7587,15833.2909,0
77646,273.89,15156.7587,15833.2909,0
77651,273.90,15156.7587,15833.2909,0
77664,273.93,15156.7587,15833.2909,0
77673,273.96,15156.7587,15833.2909,0
77675,273.96,15156.7587,15833.2909,0
77678,273.97,15156.7587,15833.2909,0
77688,274.03,15156.7587,15833.2909,0
77689,274.03,15156.7587,15833.2909,0
77696,274.06,15156.7587,15833.2909,0
77714,274.13,15156.7587,15833.2909,0
77715,274.13,15156.7587,15833.2909,0
77728,274.21,15156.7587,15833.2909,0
77733,274.23,15156.7587,15833.2909,0
77736,274.23,15156.7587,15833.2909,0
77737,274.23,15156.7587,15833.2909,0
77741,274.24,15156.7587,15833.2909,0
77752,274.27,15156.7587,15833.2909,0
77756,274.29,15156.7587,15833.2909,0
77760,274.31,15156.7587,15833.2909,0
77766,274.33,15156.7587,15833.2909,0
77768,274.33,15156.7587,15833.2909,0
77772,274.34,15156.7587,15833.2909,0
77773,274.34,15156.7587,15833.2909,0
77777,274.36,15156.7587,15833.2909,1
77779,274.45,14691.1399,15833.2909,0
77781,274.51,14691.1399,15833.2909,0
77785,274.54,14801.7424,15833.2909,0
77788,274.69,14801.7424,15833.2909,0
77792,274.79,14801.7424,15833.2909,0
77796,274.83,14801.7424,15833.2909,0
77798,274.88,14801.7424,15833.2909,0
77799,274.94,14801.7424,15833.2909,0
77800,274.96,14801.7424,15833.2909,0
77801,274.98,14826.9227,15833.2909,0
77805,275.12,14826.9227,15833.2909,0
77809,275.22,15035.0943,15833.2909,0
77812,275.33,15035.0943,15833.2909,0
77823,275.55,15035.0943,15833.2909,0
77833,275.65,15035.0943,15833.2909,0
77837,275.69,15035.0943,15833.2909,0
77852,275.82,15035.0943,15833.2909,0
77866,275.93,15035.0943,15833.2909,0
77868,275.93,15035.0943,15833.2909,0
77871,276.04,15080.4815,15833.2909,0
77874,276.15,15080.4815,15833.2909,0
77876,276.20,15080.4815,15833.2909,0
77880,276.32,15080.4815,15833.2909,0
77881,276.33,15080.4815,15833.2909,0
77884,276.41,15080.4815,15833.2909,0
77887,276.45,15147.6789,15833.2909,0
77888,276.47,15178.1764,15833.2909,0
77893,276.58,15178.1764,15833.2909,0
77948,277.20,15178.1764,15833.2909,0
77962,277.34,15178.1764,15833.2909,0
78013,277.63,15178.1764,15833.2909,0
78029,277.72,15178.1764,15833.2909,0
78040,277.78,15178.1764,15833.2909,0
78051,277.80,15178.1764,15833.2909,0
78074,277.95,15181.8066,15833.2909,0
78150,278.81,15181.8066,15833.2909,0
78156,278.84,15181.8066,15833.2909,0
78222,279.15,15181.8066,15833.2909,0
78225,279.16,15181.8066,15833.2909,0
78250,279.34,15181.8066,15833.2909,0
78274,279.47,15181.8066,15833.2909,0
78285,279.50,15181.8066,15833.2909,0
78312,279.62,15181.8066,15833.2909,0
78342,279.77,15181.8066,15833.2909,0
78349,279.82,15181.8066,15833.2909,0
78351,279.83,15181.8066,15833.2909,0
78379,280.01,15181.8066,15833.2909,0
78388,280.15,15181.8066,15833.2909,0
78414,280.24,15181.8066,15833.2909,0
78461,280.48,15186.6765,15833.2909,0
78462,280.50,15186.6765,15833.2909,0
78464,280.60,15282.8767,15833.2909,0
78466,280.71,15282.8767,15833.2909,0
78467,280.71,15282.8767,15833.2909,0
78494,281.15,15282.8767,15833.2909,0
78527,281.52,15282.8767,15833.2909,0
78557,281.70,15282.8767,15833.2909,0
78568,281.80,15282.8767,15833.2909,0
78574,281.81,15282.8767,15833.2909,0
78649,282.29,15282.8767,15833.2909,0
78678,282.39,15282.8767,15833.2909,0
78681,282.45,15282.8767,15833.2909,0
78690,282.48,15282.8767,15833.2909,0
78710,282.57,15282.8767,15833.2909,0
78720,282.59,15282.8767,15833.2909,0
78765,282.80,15282.8767,15833.2909,0
78828,283.00,15282.8767,15833.2909,0
78846,283.07,15282.8767,15833.2909,0
78856,283.11,15282.8767,15833.2909,0
78862,283.17,15282.8767,15833.2909,0
78931,283.40,15282.8767,15833.2909,0
78952,283.47,15282.8767,15833.2909,0
78962,283.52,15282.8767,15833.2909,0
79005,283.67,15282.8767,15833.2909,0
79015,283.77,15282.8767,15833.2909,0
79036,283.84,15282.8767,15833.2909,0
79045,283.87,15282.8767,15833.2909,0
79068,283.92,15282.8767,15833.2909,0
79071,283.92,15282.8767,15833.2909,0
79111,284.06,15282.8767,15833.2909,0
79132,284.12,15282.8767,15833.2909,0
79146,284.15,15282.8767,15833.2909,0
79237,284.49,15282.8767,15833.2909,0
79290,284.65,15282.8767,15833.2909,0
79316,284.74,15282.8767,15833.2909,0
79346,284.88,15282.8767,15833.2909,0
79362,284.91,15282.8767,15833.2909,0
79407,285.06,15282.8767,15833.2909,0
79408,285.06,15282.8767,15833.2909,0
79438,285.19,15282.8767,15833.2909,0
79457,285.26,15282.8767,15833.2909,0
79460,285.26,15282.8767,15833.2909,0
79468,285.28,15282.8767,15833.2909,0
79480,285.35,15282.8767,15833.2909,0
79511,285.50,15282.8767,15833.2909,0
79517,285.53,15282.8767,15833.2909,0
79519,285.54,15282.8767,15833.2909,0
79546,285.65,15282.8767,15833.2909,0
79565,285.68,15282.8767,15833.2909,0
79579,285.73,15282.8767,15833.2909,0
79583,285.74,15282.8767,15833.2909,0
79586,285.75,15282.8767,15833.2909,0
79608,285.81,15282.8767,15833.2909,0
79628,285.89,15282.8767,15833.2909,0
79647,285.95,15282.8767,15833.2909,0
79663,286.02,15282.8767,15833.2909,0
79690,286.09,15282.8767,15833.2909,0
79703,286.11,15282.8767,15833.2909,0
79704,286.11,15282.8767,15833.2909,0
79716,286.14,15282.8767,15833.2909,0
79727,286.22,15282.8767,15833.2909,0
79739,286.27,15282.8767,15833.2909,0
79761,286.32,15282.8767,15833.2909,0
79771,286.37,15282.8767,15833.2909,0
79806,286.50,15282.8767,15833.2909,0
79829,286.62,15282.8767,15833.2909,0
79833,286.65,15282.8767,15833.2909,0
79859,286.69,15282.8767,15833.2909,0
79867,286.72,15282.8767,15833.2909,0
79887,286.81,15282.8767,15833.2909,0
79904,286.88,15282.8767,15833.2909,0
79913,286.91,15282.8767,15833.2909,0
79934,286.97,15282.8767,15833.2909,0
79938,286.97,15282.8767,15833.2909,0
79942,286.99,15282.8767,15833.2909,0
79968,287.07,15282.8767,15833.2909,0
79977,287.09,15282.8767,15833.2909,0
80006,287.16,15282.8767,15833.2909,0
80024,287.23,15282.8767,15833.2909,0
80036,287.26,15282.8767,15833.2909,0
80042,287.27,15282.8767,15833.2909,0
80050,287.31,15282.8767,15833.2909,0
80058,287.34,15282.8767,15833.2909,0
80063,287.36,15282.8767,15833.2909,0
80068,287.38,15282.8767,15833.2909,0
80095,287.48,15282.8767,15833.2909,0
80145,287.61,15282.8767,15833.2909,0
80155,287.64,15282.8767,15833.2909,0
80164,287.67,15282.8767,15833.2909,0
80174,287.70,15282.8767,15833.2909,0
80182,287.73,15282.8767,15833.2909,0
80225,287.86,15282.8767,15833.2909,0
80250,287.92,15282.8767,15833.2909,0
80282,287.98,15282.8767,15833.2909,0
80288,288.02,15282.8767,15833.2909,0
80310,288.11,15282.8767,15833.2909,0
80316,288.12,15282.8767,15833.2909,0
80319,288.13,15282.8767,15833.2909,0
80367,288.27,15282.8767,15833.2909,0
80370,288.28,15282.8767,15833.2909,0
80398,288.36,15282.8767,15833.2909,0
80405,288.39,15282.8767,15833.2909,0
80448,288.53,15282.8767,15833.2909,0
80483,288.65,15282.8767,15833.2909,0
80505,288.70,15282.8767,15833.2909,0
80507,288.70,15282.8767,15833.2909,0
80551,288.82,15282.8767,15833.2909,0
80553,288.83,15282.8767,15833.2909,0
80562,288.87,15282.8767,15833.2909,0
80569,288.88,15282.8767,15833.2909,0
80598,288.98,15282.8767,15833.2909,0
80620,289.10,15282.8767,15833.2909,0
80623,289.12,15282.8767,15833.2909,0
80639,289.16,15282.8767,15833.2909,0
80651,289.20,15282.8767,15833.2909,0
80674,289.24,15282.8767,15833.2909,0
80679,289.24,15282.8767,15833.2909,0
80709,289.36,15282.8767,15833.2909,0
80719,289.38,15282.8767,15833.2909,0
80720,289.38,15282.8767,15833.2909,0
80721,289.38,15282.8767,15833.2909,0
80746,289.45,15282.8767,15833.2909,0
80749,289.46,15282.8767,15833.2909,0
80759,289.48,15282.8767,15833.2909,0
80761,289.48,15282.8767,15833.2909,0
80785,289.56,15282.8767,15833.2909,0
80799,289.59,15282.8767,15833.2909,0
80800,289.59,15282.8767,15833.2909,0
80802,289.60,15282.8767,15833.2909,0
80819,289.65,15282.8767,15833.2909,0
80820,289.65,15282.8767,15833.2909,0
80821,289.65,15282.8767,15833.2909,0
80824,289.65,15282.8767,15833.2909,0
80830,289.66,15282.8767,15833.2909,0
80837,289.69,15282.8767,15833.2909,0
80845,289.73,15282.8767,15833.2909,0
80849,289.74,15282.8767,15833.2909,0
80859,289.75,15282.8767,15833.2909,0
80887,289.83,15282.8767,15833.2909,0
80893,289.85,15282.8767,15833.2909,0
80944,290.04,15282.8767,15833.2909,0
80961,290.11,15282.8767,15833.2909,0
81003,290.28,15282.8767,15833.2909,0
81011,290.32,15282.8767,15833.2909,0
81012,290.32,15282.8767,15833.2909,0
81018,290.33,15282.8767,15833.2909,0
81028,290.35,15282.8767,15833.2909,0
81040,290.42,15282.8767,15833.2909,0
81058,290.47,15282.8767,15833.2909,0
81072,290.52,15282.8767,15833.2909,0
81092,290.56,15282.8767,15833.2909,0
81152,290.78,15282.8767,15833.2909,0
81199,290.94,15282.8767,15833.2909,0
81218,290.98,15282.8767,15833.2909,0
81223,291.01,15282.8767,15833.2909,0
81233,291.03,15282.8767,15833.2909,0
81239,291.05,15282.8767,15833.2909,0
81252,291.10,15282.8767,15833.2909,0
81261,291.11,15282.8767,15833.2909,0
81301,291.20,15282.8767,15833.2909,0
81336,291.28,15282.8767,15833.2909,0
81353,291.38,15282.8767,15833.2909,0
81360,291.41,15282.8767,15833.2909,0
81372,291.44,15282.8767,15833.2909,0
81400,291.56,15282.8767,15833.2909,0
81408,291.58,15282.8767,15833.2909,0
81460,291.73,15282.8767,15833.2909,0
81465,291.74,15282.8767,15833.2909,1
81466,291.77,14550.6082,15833.2909,0
81467,291.79,14550.6082,15833.2909,0
81468,291.81,14550.6082,15833.2909,0
81470,291.85,14605.8672,15833.2909,0
81471,291.87,14605.8672,15833.2909,0
81472,291.91,14605.8672,15833.2909,0
81475,291.96,14605.8672,15833.2909,0
81478,292.04,14697.3834,15833.2909,0
81479,292.09,14697.3834,15833.2909,0
81481,292.15,14697.3834,15833.2909,0
81482,292.17,14842.7052,15833.2909,0
81485,292.31,14974.5850,15833.2909,0
81487,292.43,14983.0680,15833.2909,0
81494,292.55,14983.0680,15833.2909,0
81495,292.57,14983.0680,15833.2909,0
81496,292.62,14983.0680,15833.2909,0
81497,292.70,15051.2255,15833.2909,0
81500,292.83,15051.2255,15833.2909,0
81501,292.85,15051.2255,15833.2909,0
81507,292.94,15051.2255,15833.2909,0
81510,292.96,15051.2255,15833.2909,0
81515,293.06,15051.2255,15833.2909,0
81516,293.08,15051.2255,15833.2909,0
81517,293.10,15051.2255,15833.2909,0
81518,293.12,15074.3361,15833.2909,0
81519,293.18,15074.3361,15833.2909,0
81521,293.24,15074.3361,15833.2909,0
81524,293.31,15074.6002,15833.2909,0
81527,293.40,15247.6448,15833.2909,0
81529,293.42,15247.6448,15833.2909,0
81535,293.54,15247.6448,15833.2909,0
81539,293.64,15247.6448,15833.2909,0
81543,293.68,15247.6448,15833.2909,0
81544,293.75,15247.6448,15833.2909,0
81545,293.75,15247.6448,15833.2909,0
81549,293.85,15247.6448,15833.2909,0
81550,293.85,15247.6448,15833.2909,0
81551,293.94,15247.6448,15833.2909,0
81553,293.94,15247.6448,15833.2909,0
81557,293.95,15247.6448,15833.2909,0
81560,293.99,15247.6448,15833.2909,0
81561,294.01,15247.6448,15833.2909,0
81564,294.01,15247.6448,15833.2909,0
81565,294.03,15247.6448,15833.2909,0
81567,294.04,15247.6448,15833.2909,0
81573,294.05,15247.6448,15833.2909,0
81574,294.06,15247.6448,15833.2909,0
81579,294.07,15247.6448,15833.2909,0
81592,294.16,15247.6448,15833.2909,0
81594,294.18,15249.2700,15833.2909,0
81599,294.36,15298.7569,15833.2909,0
81638,294.93,15298.7569,15833.2909,0
81639,294.93,15298.7569,15833.2909,0
81640,294.95,15298.7569,15833.2909,0
81642,294.95,15298.7569,15833.2909,0
81648,294.98,15298.7569,15833.2909,0
81669,295.06,15298.7569,15833.2909,0
81670,295.08,15298.7569,15833.2909,0
81673,295.10,15298.7569,15833.2909,0
81682,295.17,15298.7569,15833.2909,0
81692,295.20,15298.7569,15833.2909,0
81695,295.23,15298.7569,15833.2909,0
81697,295.24,15298.7569,15833.2909,0
81701,295.27,15298.7569,15833.2909,0
81711,295.35,15304.0689,15833.2909,0
81725,295.64,15304.0689,15833.2909,0
81729,295.68,15304.0689,15833.2909,0
81741,295.79,15304.0689,15833.2909,0
81748,295.90,15497.2203,15833.2909,0
81755,296.19,15497.2203,15833.2909,0
81761,296.24,15497.2203,15833.2909,0
81782,296.45,15497.2203,15833.2909,0
81790,296.46,15497.2203,15833.2909,0
81804,296.57,15580.1583,15833.2909,0
81806,296.63,15580.1583,15833.2909,0
81811,296.80,15598.3186,15833.2909,0
81822,296.94,15598.3186,15833.2909,0
81830,297.06,15598.3186,15833.2909,0
81831,297.06,15598.3186,15833.2909,0
81835,297.08,15598.3186,15833.2909,0
81840,297.18,15598.3186,15833.2909,0
81842,297.20,15598.3186,15833.2909,0
81844,297.20,15598.3186,15833.2909,0
81848,297.25,15598.3186,15833.2909,0
81849,297.34,15598.3186,15833.2909,0
81861,297.48,15598.3186,15833.2909,0
81888,297.65,15598.3186,15833.2909,0
81906,297.74,15598.3186,15833.2909,0
81907,297.80,15599.6024,15833.2909,0
81909,297.88,15599.6024,15833.2909,0
81910,297.90,15599.6024,15833.2909,0
81912,297.97,15599.6024,15833.2909,0
81916,298.04,15599.6024,15833.2909,0
81917,298.06,15599.6024,15833.2909,0
81918,298.07,15599.6024,15833.2909,0
81925,298.21,15604.7672,15833.2909,0
81926,298.24,15788.9859,15833.2909,0
81930,298.30,15788.9859,15833.2909,0
81931,298.39,15788.9859,15833.2909,0
81936,298.48,15788.9859,15833.2909,0
81940,298.62,15788.9859,15833.2909,0
81941,298.62,15788.9859,15833.2909,0
81944,298.70,15796.9893,15833.2909,0
81945,298.74,15796.9893,15833.2909,0
81950,298.87,15796.9893,15833.2909,0
81951,298.91,15796.9893,15833.2909,0
81953,298.96,15847.9635,15847.9635,0
81954,298.99,15871.0243,15871.0243,0
81961,299.28,15871.0243,15871.0243,0
81962,299.31,15871.0243,15871.0243,0
81967,299.39,15871.0243,15871.0243,0
81977,299.51,15871.0243,15871.0243,0
81983,299.61,15871.0243,15871.0243,0
81984,299.63,15871.0243,15871.0243,0
81985,299.64,15871.0243,15871.0243,0
82005,299.85,15871.0243,15871.0243,0
82006,299.85,15871.0243,15871.0243,0
82016,299.92,15871.0243,15871.0243,0
82023,299.97,15874.2207,15874.2207,0
82037,300.27,15874.5379,15874.5379,0
82072,300.92,15877.2049,15877.2049,0
82073,300.94,15877.2049,15877.2049,0
82078,301.07,15877.2049,15877.2049,0
82083,301.19,15877.2049,15877.2049,0
82089,301.23,15877.2049,15877.2049,0
82093,301.34,15877.2049,15877.2049,0
82099,301.40,15877.2049,15877.2049,0
82102,301.41,15877.2049,15877.2049,0
82114,301.55,15877.2049,15877.2049,0
82123,301.59,15877.2049,15877.2049,0
82130,301.61,15877.2049,15877.2049,0
82131,301.61,15877.2049,15877.2049,0
82140,301.72,15877.2049,15877.2049,0
82141,301.75,15877.2049,15877.2049,0
82142,301.75,15877.2049,15877.2049,0
82147,301.78,15877.2049,15877.2049,0
82151,301.81,15877.2049,15877.2049,0
82153,301.83,15877.2049,15877.2049,0
82158,301.87,15877.2049,15877.2049,0
82160,301.87,15877.2049,15877.2049,0
82162,301.88,15877.2049,15877.2049,0
82172,301.99,15877.2049,15877.2049,0
82179,302.06,15877.2049,15877.2049,0
82180,302.06,15877.2049,15877.2049,0
82188,302.08,15877.2049,15877.2049,0
82190,302.09,15877.2049,15877.2049,0
82205,302.20,15877.2049,15877.2049,0
82210,302.21,15877.2049,15877.2049,0
82222,302.30,15877.2049,15877.2049,0
82229,302.44,15877.2049,15877.2049,0
82234,302.51,15877.2049,15877.2049,0
82235,302.51,15877.2049,15877.2049,0
82237,302.51,15877.2049,15877.2049,0
82238,302.51,15877.2049,15877.2049,0
82246,302.54,15877.2049,15877.2049,0
82249,302.56,15877.2049,15877.2049,0
82258,302.58,15877.2049,15877.2049,0
82262,302.59,15877.2049,15877.2049,0
82286,302.64,15877.2049,15877.2049,0
82297,302.72,15877.2049,15877.2049,0
82304,302.74,15877.2049,15877.2049,0
82309,302.79,15877.2049,15877.2049,0
82327,302.85,15877.2049,15877.2049,0
82335,302.89,15877.2049,15877.2049,0
82340,302.90,15877.2049,15877.2049,0
82343,302.91,15877.2049,15877.2049,0
82349,302.96,15877.2049,15877.2049,0
82355,303.01,15877.2049,15877.2049,0
82359,303.01,15877.2049,15877.2049,0
82362,303.03,15877.2049,15877.2049,0
82363,303.03,15877.2049,15877.2049,0
82364,303.03,15877.2049,15877.2049,0
82379,303.08,15877.2049,15877.2049,0
82380,303.08,15877.2049,15877.2049,0
82383,303.09,15877.2049,15877.2049,0
82390,303.10,15877.2049,15877.2049,0
82393,303.10,15877.2049,15877.2049,0
82394,303.10,15877.2049,15877.2049,0
82404,303.13,15877.2049,15877.2049,0
82411,303.19,15877.2049,15877.2049,0
82412,303.19,15877.2049,15877.2049,0
82416,303.21,15877.2049,15877.2049,0
82434,303.28,15877.2049,15877.2049,0
82437,303.30,15877.2049,15877.2049,0
82440,303.30,15877.2049,15877.2049,0
82450,303.32,15877.2049,15877.2049,0
82459,303.34,15877.2049,15877.2049,0
82461,303.35,15877.2049,15877.2049,0
82473,303.39,15877.2049,15877.2049,0
82490,303.46,15877.2049,15877.2049,0
82498,303.49,15877.2049,15877.2049,0
82501,303.51,15877.2049,15877.2049,0
82502,303.51,15877.2049,15877.2049,0
82508,303.53,15877.2049,15877.2049,0
82521,303.58,15877.2049,15877.2049,0
82534,303.65,15877.2049,15877.2049,0
82545,303.67,15877.2049,15877.2049,0
82547,303.68,15877.2049,15877.2049,0
82551,303.69,15877.2049,15877.2049,0
82552,303.69,15877.2049,15877.2049,0
82553,303.70,15877.2049,15877.2049,0
82556,303.70,15877.2049,15877.2049,0
82573,303.73,15877.2049,15877.2049,0
82578,303.73,15877.2049,15877.2049,0
82579,303.73,15877.2049,15877.2049,0
82583,303.74,15877.2049,15877.2049,0
82593,303.83,15877.2049,15877.2049,0
82594,303.83,15877.2049,15877.2049,0
82597,303.90,15877.2049,15877.2049,0
82600,303.91,15877.2049,15877.2049,0
82608,303.92,15877.2049,15877.2049,0
82610,303.92,15877.2049,15877.2049,0
82622,303.94,15877.2049,15877.2049,0
82624,303.94,15877.2049,15877.2049,0
82627,303.94,15877.2049,15877.2049,0
82630,303.96,15877.2049,15877.2049,0
82631,303.96,15877.2049,15877.2049,0
82632,303.96,15877.2049,15877.2049,0
82635,303.97,15877.2049,15877.2049,0
82641,303.99,15877.2049,15877.2049,0
82643,303.99,15877.2049,15877.2049,0
82646,304.00,15877.2049,15877.2049,0
82652,304.03,15877.2049,15877.2049,0
82653,304.03,15877.2049,15877.2049,0
82661,304.05,15877.2049,15877.2049,0
82665,304.07,15877.2049,15877.2049,0
82671,304.07,15877.2049,15877.2049,0
82676,304.09,15877.2049,15877.2049,0
82691,304.13,15877.2049,15877.2049,0
82692,304.13,15877.2049,15877.2049,0
82698,304.21,15877.2049,15877.2049,0
82700,304.21,15877.2049,15877.2049,0
82705,304.23,15877.2049,15877.2049,0
82716,304.28,15877.2049,15877.2049,0
82717,304.28,15877.2049,15877.2049,0
82723,304.31,15877.2049,15877.2049,0
82731,304.33,15877.2049,15877.2049,0
82736,304.33,15877.2049,15877.2049,0
82740,304.33,15877.2049,15877.2049,0
82742,304.33,15877.2049,15877.2049,0
82756,304.38,15877.2049,15877.2049,0
82773,304.43,15877.2049,15877.2049,0
82775,304.43,15877.2049,15877.2049,0
82786,304.51,15877.2049,15877.2049,0
82788,304.51,15877.2049,15877.2049,0
82790,304.52,15877.2049,15877.2049,0
82791,304.52,15877.2049,15877.2049,0
82798,304.55,15877.2049,15877.2049,0
82802,304.58,15877.2049,15877.2049,0
82806,304.59,15877.2049,15877.2049,0
82808,304.61,15877.2049,15877.2049,0
82810,304.61,15877.2049,15877.2049,0
82812,304.61,15877.2049,15877.2049,0
82816,304.73,15877.2049,15877.2049,0
82832,305.27,15877.2049,15877.2049,0
82838,305.36,15886.9134,15886.9134,0
82842,305.55,15886.9134,15886.9134,0
82846,305.73,15886.9134,15886.9134,0
82847,305.78,15886.9134,15886.9134,0
82852,305.94,15886.9134,15886.9134,0
82856,306.00,15886.9134,15886.9134,0
82869,306.26,15886.9134,15886.9134,0
82877,306.36,15886.9134,15886.9134,0
82881,306.38,15886.9134,15886.9134,0
82884,306.39,15886.9134,15886.9134,0
82886,306.39,15886.9134,15886.9134,0
82888,306.40,15886.9134,15886.9134,0
82895,306.41,15886.9134,15886.9134,0
82896,306.43,15886.9134,15886.9134,0
82897,306.43,15886.9134,15886.9134,0
82900,306.44,15886.9134,15886.9134,0
82923,306.54,15886.9134,15886.9134,0
82936,306.65,15886.9134,15886.9134,0
82941,306.67,15886.9134,15886.9134,0
82942,306.67,15886.9134,15886.9134,0
82970,306.76,15886.9134,15886.9134,0
82978,306.81,15886.9134,15886.9134,0
82987,306.89,15886.9134,15886.9134,0
82992,306.89,15886.9134,15886.9134,0
82993,306.90,15886.9134,15886.9134,0
83011,307.03,15886.9134,15886.9134,0
83018,307.13,15886.9134,15886.9134,0
83022,307.14,15886.9134,15886.9134,0
83023,307.14,15886.9134,15886.9134,0
83025,307.17,15886.9134,15886.9134,0
83031,307.21,15886.9134,15886.9134,0
83034,307.23,15886.9134,15886.9134,0
83035,307.23,15886.9134,15886.9134,0
83042,307.29,15886.9134,15886.9134,0
83050,307.35,15886.9134,15886.9134,0
83061,307.39,15886.9134,15886.9134,0
83064,307.41,15886.9134,15886.9134,0
83073,307.46,15886.9134,15886.9134,0
83074,307.46,15886.9134,15886.9134,0
83099,307.59,15886.9134,15886.9134,0
83108,307.62,15886.9134,15886.9134,0
83113,307.69,15886.9134,15886.9134,0
83119,307.71,15886.9134,15886.9134,0
83120,307.71,15886.9134,15886.9134,0
83133,307.77,15886.9134,15886.9134,0
83134,307.77,15886.9134,15886.9134,0
83140,307.83,15886.9134,15886.9134,0
83159,307.94,15886.9134,15886.9134,0
83168,308.02,15886.9134,15886.9134,0
83174,308.04,15886.9134,15886.9134,0
83186,308.09,15886.9134,15886.9134,0
83187,308.09,15886.9134,15886.9134,0
83188,308.11,15887.3736,15887.3736,0
83190,308.13,15887.3736,15887.3736,0
83191,308.19,15887.3736,15887.3736,0
83192,308.19,15887.3736,15887.3736,0
83193,308.23,15887.3736,15887.3736,0
83208,308.54,15887.3736,15887.3736,0
83220,308.73,15887.3736,15887.3736,0
83249,309.02,15887.3736,15887.3736,0
83251,309.03,15887.3736,15887.3736,0
83254,309.03,15887.3736,15887.3736,0
83256,309.06,15887.3736,15887.3736,0
83281,309.23,15887.3736,15887.3736,0
83288,309.26,15887.3736,15887.3736,0
83295,309.28,15887.3736,15887.3736,0
83310,309.39,15887.3736,15887.3736,0
83320,309.44,15887.3736,15887.3736,0
83324,309.44,15887.3736,15887.3736,0
83340,309.50,15887.3736,15887.3736,0
83356,309.57,15887.3736,15887.3736,0
83359,309.64,15887.3736,15887.3736,0
83367,309.68,15887.3736,15887.3736,0
83368,309.68,15887.3736,15887.3736,0
83377,309.74,15887.3736,15887.3736,0
83386,309.79,15887.3736,15887.3736,0
83394,309.81,15887.3736,15887.3736,0
83400,309.83,15887.3736,15887.3736,0
83401,309.84,15887.3736,15887.3736,0
83403,309.84,15887.3736,15887.3736,0
83405,309.85,15887.3736,15887.3736,0
83412,309.90,15887.3736,15887.3736,0
83422,309.99,15887.3736,15887.3736,0
83448,310.09,15887.3736,15887.3736,0
83453,310.12,15887.3736,15887.3736,0
83476,310.24,15887.3736,15887.3736,0
83479,310.24,15887.3736,15887.3736,0
83492,310.29,15887.3736,15887.3736,0
83493,310.29,15887.3736,15887.3736,0
83495,310.29,15887.3736,15887.3736,0
83497,310.29,15887.3736,15887.3736,0
83499,310.29,15887.3736,15887.3736,0
83502,310.29,15887.3736,15887.3736,0
83520,310.36,15887.3736,15887.3736,0
83533,310.42,15887.3736,15887.3736,0
83548,310.47,15887.3736,15887.3736,0
83573,310.56,15887.3736,15887.3736,0
83577,310.56,15887.3736,15887.3736,0
83587,310.62,15887.3736,15887.3736,0
83588,310.63,15887.3736,15887.3736,0
83589,310.71,15887.3736,15887.3736,0
83591,310.71,15887.3736,15887.3736,0
83595,310.72,15887.3736,15887.3736,0
83610,310.79,15887.3736,15887.3736,0
83614,310.79,15887.3736,15887.3736,0
83616,310.79,15887.3736,15887.3736,0
83617,310.79,15887.3736,15887.3736,0
83622,310.80,15887.3736,15887.3736,0
83642,310.92,15887.3736,15887.3736,0
83649,310.94,15887.3736,15887.3736,0
83659,311.01,15887.3736,15887.3736,0
83663,311.03,15887.3736,15887.3736,0
83667,311.03,15887.3736,15887.3736,0
83670,311.05,15887.3736,15887.3736,0
83679,311.08,15887.3736,15887.3736,0
83683,311.10,15887.3736,15887.3736,0
83706,311.20,15887.3736,15887.3736,0
83709,311.20,15887.3736,15887.3736,0
83713,311.25,15887.3736,15887.3736,0
83722,311.29,15887.3736,15887.3736,0
83732,311.31,15887.3736,15887.3736,0
83742,311.34,15887.3736,15887.3736,0
83748,311.36,15887.3736,15887.3736,0
83754,311.46,15888.1754,15888.1754,0
83761,311.57,15888.1754,15888.1754,0
83765,311.66,15888.1754,15888.1754,0
83769,311.77,15888.1754,15888.1754,0
83775,311.92,15888.1754,15888.1754,0
83782,312.00,15888.1754,15888.1754,0
83783,312.00,15888.1754,15888.1754,0
83791,312.10,15888.1754,15888.1754,0
83794,312.12,15888.1754,15888.1754,0
83807,312.23,15888.1754,15888.1754,0
83824,312.33,15888.1754,15888.1754,0
83828,312.37,15888.1754,15888.1754,0
83833,312.42,15888.1754,15888.1754,0
83851,312.64,15888.1754,15888.1754,0
83871,312.70,15888.1754,15888.1754,0
83889,312.79,15888.1754,15888.1754,0
83898,312.83,15888.1754,15888.1754,0
83899,312.83,15888.1754,15888.1754,0
83902,312.84,15888.1754,15888.1754,0
83911,312.84,15888.1754,15888.1754,0
83915,312.86,15888.1754,15888.1754,0
83916,312.86,15888.1754,15888.1754,0
83917,312.86,15888.1754,15888.1754,0
83919,312.86,15888.1754,15888.1754,0
83924,312.94,15888.1754,15888.1754,0
83933,312.95,15888.1754,15888.1754,0
83960,313.18,15888.1754,15888.1754,0
83961,313.18,15888.1754,15888.1754,0
83971,313.22,15888.1754,15888.1754,0
83983,313.26,15888.1754,15888.1754,0
83986,313.26,15888.1754,15888.1754,0
83987,313.34,15888.1754,15888.1754,0
83992,313.40,15888.1754,15888.1754,0
83994,313.42,15888.1754,15888.1754,0
84004,313.46,15888.1754,15888.1754,0
84005,313.46,15888.1754,15888.1754,0
84009,313.47,15888.1754,15888.1754,0
84014,313.49,15888.1754,15888.1754,0
84016,313.49,15888.1754,15888.1754,0
84024,313.51,15888.1754,15888.1754,0
84045,313.55,15888.1754,15888.1754,0
84051,313.57,15888.1754,15888.1754,0
84062,313.61,15888.1754,15888.1754,0
84063,313.61,15888.1754,15888.1754,0
84065,313.65,15888.1754,15888.1754,0
84066,313.65,15888.1754,15888.1754,0
84079,313.68,15888.1754,15888.1754,0
84097,313.72,15888.1754,15888.1754,0
84118,313.85,15888.1754,15888.1754,0
84135,313.91,15888.1754,15888.1754,0
84155,313.97,15888.1754,15888.1754,0
84167,314.00,15888.1754,15888.1754,0
84169,314.02,15888.1754,15888.1754,0
84180,314.05,15888.1754,15888.1754,0
84210,314.22,15888.1754,15888.1754,0
84214,314.24,15888.1754,15888.1754,0
84242,314.33,15888.1754,15888.1754,0
84247,314.36,15888.1754,15888.1754,0
84266,314.40,15888.1754,15888.1754,0
84267,314.41,15888.1754,15888.1754,0
84278,314.47,15888.1754,15888.1754,0
84281,314.48,15888.1754,15888.1754,0
84295,314.52,15888.1754,15888.1754,0
84305,314.54,15888.1754,15888.1754,0
84310,314.55,15888.1754,15888.1754,0
84334,314.64,15888.1754,15888.1754,0
84357,314.73,15888.1754,15888.1754,0
84358,314.74,15888.1754,15888.1754,0
84379,314.84,15888.1754,15888.1754,0
84383,314.88,15888.1754,15888.1754,0
84393,314.90,15888.1754,15888.1754,0
84416,315.05,15888.1754,15888.1754,0
84419,315.06,15888.1754,15888.1754,0
84420,315.06,15888.1754,15888.1754,0
84427,315.08,15888.1754,15888.1754,0
84440,315.12,15888.1754,15888.1754,0
84449,315.15,15888.1754,15888.1754,0
84457,315.18,15888.1754,15888.1754,0
84467,315.19,15888.1754,15888.1754,0
84469,315.21,15888.1754,15888.1754,0
84470,315.22,15888.1754,15888.1754,0
84474,315.23,15888.1754,15888.1754,0
84475,315.23,15888.1754,15888.1754,0
84494,315.31,15888.1754,15888.1754,0
84498,315.32,15888.1754,15888.1754,0
84506,315.36,15888.1754,15888.1754,0
84507,315.36,15888.1754,15888.1754,0
84510,315.37,15888.1754,15888.1754,0
84518,315.42,15888.1754,15888.1754,0
84521,315.42,15888.1754,15888.1754,0
84524,315.43,15888.1754,15888.1754,0
84525,315.43,15888.1754,15888.1754,0
84527,315.44,15888.1754,15888.1754,0
84529,315.46,15888.1754,15888.1754,0
84545,315.60,15888.1754,15888.1754,0
84552,315.62,15888.1754,15888.1754,0
84561,315.64,15888.1754,15888.1754,0
84578,315.70,15888.1754,15888.1754,0
84604,315.82,15888.1754,15888.1754,0
84611,315.83,15888.1754,15888.1754,0
84617,315.85,15888.1754,15888.1754,0
84627,315.87,15888.1754,15888.1754,0
84634,315.89,15888.1754,15888.1754,0
84643,315.95,15888.1754,15888.1754,0
84652,316.01,15888.1754,15888.1754,0
84657,316.04,15888.1754,15888.1754,0
84689,316.18,15888.1754,15888.1754,0
84691,316.18,15888.1754,15888.1754,0
84693,316.18,15888.1754,15888.1754,0
84720,316.27,15888.1754,15888.1754,0
84725,316.28,15888.1754,15888.1754,0
84728,316.30,15888.1754,15888.1754,0
84735,316.33,15888.1754,15888.1754,0
84743,316.34,15888.1754,15888.1754,0
84750,316.37,15888.1754,15888.1754,0
84753,316.38,15888.1754,15888.1754,0
84754,316.38,15888.1754,15888.1754,0
84756,316.38,15888.1754,15888.1754,0
84760,316.39,15888.1754,15888.1754,0
84765,316.44,15888.1754,15888.1754,0
84779,316.54,15888.1754,15888.1754,0
84780,316.54,15888.1754,15888.1754,0
84787,316.55,15888.1754,15888.1754,0
84792,316.58,15888.1754,15888.1754,0
84796,316.58,15888.1754,15888.1754,0
84826,316.70,15888.1754,15888.1754,0
84843,316.76,15888.1754,15888.1754,0
84873,316.82,15888.1754,15888.1754,0
84874,316.82,15888.1754,15888.1754,0
84877,316.83,15888.1754,15888.1754,0
84881,316.85,15888.1754,15888.1754,0
84883,316.85,15888.1754,15888.1754,0
84884,316.85,15888.1754,15888.1754,0
84886,316.87,15888.1754,15888.1754,0
84887,316.87,15888.1754,15888.1754,0
84892,316.88,15888.1754,15888.1754,0
84899,316.89,15888.1754,15888.1754,0
84900,316.89,15888.1754,15888.1754,0
84902,316.89,15888.1754,15888.1754,0
84920,316.97,15888.1754,15888.1754,0
84947,317.06,15888.1754,15888.1754,0
84959,317.18,15888.1754,15888.1754,0
84960,317.18,15888.1754,15888.1754,0
84962,317.19,15888.1754,15888.1754,0
84967,317.20,15888.1754,15888.1754,0
84971,317.24,15888.1754,15888.1754,0
84981,317.28,15888.1754,15888.1754,0
84988,317.31,15888.1754,15888.1754,0
84990,317.31,15888.1754,15888.1754,0
84995,317.32,15888.1754,15888.1754,0
85004,317.39,15888.1754,15888.1754,0
85010,317.40,15888.1754,15888.1754,0
85012,317.41,15888.1754,15888.1754,0
85013,317.41,15888.1754,15888.1754,0
85020,317.42,15888.1754,15888.1754,0
85033,317.47,15888.1754,15888.1754,0
85051,317.54,15888.1754,15888.1754,0
85064,317.56,15888.1754,15888.1754,0
85067,317.60,15888.1754,15888.1754,0
85073,317.62,15888.1754,15888.1754,0
85088,317.68,15888.1754,15888.1754,0
85091,317.68,15888.1754,15888.1754,0
85098,317.71,15888.1754,15888.1754,0
85099,317.71,15888.1754,15888.1754,0
85109,317.80,15888.1754,15888.1754,0
85112,317.81,15888.1754,15888.1754,0
85113,317.81,15888.1754,15888.1754,0
85117,317.82,15888.1754,15888.1754,0
85121,317.83,15888.1754,15888.1754,0
85123,317.83,15888.1754,15888.1754,0
85126,317.85,15888.1754,15888.1754,0
85133,317.87,15888.1754,15888.1754,0
85135,317.88,15888.1754,15888.1754,0
85141,317.90,15888.1754,15888.1754,0
85142,317.90,15888.1754,15888.1754,0
85146,317.91,15888.1754,15888.1754,0
85149,317.95,15888.4650,15888.4650,0
85157,318.09,15888.4650,15888.4650,0
85164,318.19,15888.4650,15888.4650,0
85165,318.22,15888.4650,15888.4650,0
85171,318.32,15888.4650,15888.4650,0
85172,318.36,15888.4650,15888.4650,0
85177,318.42,15888.4650,15888.4650,0
85181,318.50,15888.4650,15888.4650,0
85195,318.61,15888.4650,15888.4650,0
85199,318.70,15888.4650,15888.4650,0
85203,318.72,15888.4650,15888.4650,0
85206,318.74,15888.4650,15888.4650,0
85208,318.76,15888.4650,15888.4650,0
85209,318.76,15888.4650,15888.4650,0
85210,318.77,15888.4650,15888.4650,0
85212,318.81,15888.4650,15888.4650,0
85214,318.81,15888.4650,15888.4650,0
85219,318.84,15888.4650,15888.4650,0
85221,318.85,15888.4650,15888.4650,0
85223,318.85,15888.4650,15888.4650,0
85229,318.87,15888.4650,15888.4650,0
85234,318.89,15888.4650,15888.4650,0
85246,318.97,15888.4650,15888.4650,0
85251,318.99,15888.4650,15888.4650,0
85255,318.99,15888.4650,15888.4650,0
85260,319.00,15888.4650,15888.4650,0
85271,319.16,15888.4650,15888.4650,0
85280,319.18,15888.4650,15888.4650,0
85281,319.19,15888.4650,15888.4650,0
85283,319.19,15888.4650,15888.4650,0
85290,319.21,15888.4650,15888.4650,0
85303,319.25,15888.4650,15888.4650,0
85308,319.26,15888.4650,15888.4650,0
85312,319.27,15888.4650,15888.4650,0
85314,319.27,15888.4650,15888.4650,0
85315,319.27,15888.4650,15888.4650,0
85320,319.29,15888.4650,15888.4650,0
85330,319.32,15888.4650,15888.4650,0
85333,319.33,15888.4650,15888.4650,0
85341,319.37,15888.4650,15888.4650,0
85344,319.37,15888.4650,15888.4650,0
85355,319.40,15888.4650,15888.4650,0
85370,319.48,15888.4650,15888.4650,0
85377,319.52,15888.4650,15888.4650,0
85383,319.53,15888.4650,15888.4650,0
85387,319.54,15888.4650,15888.4650,0
85390,319.55,15888.4650,15888.4650,0
85397,319.56,15888.4650,15888.4650,0
85398,319.57,15888.4650,15888.4650,0
85403,319.57,15888.4650,15888.4650,0
85411,319.62,15888.4650,15888.4650,0
85416,319.64,15888.4650,15888.4650,0
85417,319.64,15888.4650,15888.4650,0
85423,319.70,15888.4650,15888.4650,0
85424,319.71,15888.4650,15888.4650,0
85441,319.80,15888.4650,15888.4650,0
85444,319.84,15888.4650,15888.4650,0
85447,319.85,15888.4650,15888.4650,0
85452,319.87,15888.4650,15888.4650,0
85460,319.90,15888.4650,15888.4650,0
85462,319.90,15888.4650,15888.4650,0
85464,319.92,15888.4650,15888.4650,0
85467,319.96,15888.4650,15888.4650,0
85470,319.97,15888.4650,15888.4650,0
85473,319.97,15888.4650,15888.4650,0
85478,319.97,15888.4650,15888.4650,0
85484,320.01,15888.4650,15888.4650,0
85486,320.02,15888.4650,15888.4650,0
85489,320.03,15888.4650,15888.4650,0
85492,320.04,15888.4650,15888.4650,0
85494,320.05,15888.4650,15888.4650,0
85497,320.09,15888.4650,15888.4650,0
85498,320.10,15888.4650,15888.4650,0
85503,320.11,15888.4650,15888.4650,0
85507,320.14,15888.4650,15888.4650,0
85514,320.22,15888.4650,15888.4650,0
85515,320.23,15888.4650,15888.4650,0
85519,320.27,15888.4650,15888.4650,0
85525,320.32,15888.4650,15888.4650,0
85528,320.32,15888.4650,15888.4650,0
85529,320.32,15888.4650,15888.4650,0
85530,320.32,15888.4650,15888.4650,0
85531,320.33,15888.4650,15888.4650,0
85536,320.35,15888.4650,15888.4650,0
85546,320.38,15888.4650,15888.4650,0
85556,320.45,15888.4650,15888.4650,0
85558,320.45,15888.4650,15888.4650,0
85559,320.45,15888.4650,15888.4650,0
85569,320.49,15888.4650,15888.4650,0
85580,320.57,15888.4650,15888.4650,0
85582,320.57,15888.4650,15888.4650,0
85587,320.59,15888.4650,15888.4650,0
85591,320.61,15888.4650,15888.4650,0
85602,320.63,15888.4650,15888.4650,0
85603,320.63,15888.4650,15888.4650,0
85614,320.69,15888.4650,15888.4650,0
85616,320.69,15888.4650,15888.4650,0
85629,320.75,15888.4650,15888.4650,0
85631,320.75,15888.4650,15888.4650,0
85635,320.87,15888.4650,15888.4650,0
85653,320.94,15888.4650,15888.4650,0
85654,320.94,15888.4650,15888.4650,0
85657,320.94,15888.4650,15888.4650,0
85660,320.94,15888.4650,15888.4650,0
85662,320.95,15888.4650,15888.4650,0
85666,320.96,15888.4650,15888.4650,0
85667,320.96,15888.4650,15888.4650,0
85669,320.96,15888.4650,15888.4650,0
85672,320.96,15888.4650,15888.4650,0
85673,320.97,15888.4650,15888.4650,0
85676,320.99,15888.4650,15888.4650,0
85680,321.00,15888.4650,15888.4650,0
85682,321.01,15888.4650,15888.4650,0
85691,321.10,15888.4650,15888.4650,0
85692,321.11,15888.4650,15888.4650,0
85693,321.11,15888.4650,15888.4650,0
85696,321.13,15888.4650,15888.4650,0
85704,321.16,15888.4650,15888.4650,0
85708,321.18,15888.4650,15888.4650,0
85709,321.19,15888.4650,15888.4650,0
85711,321.19,15888.4650,15888.4650,0
85721,321.22,15888.4650,15888.4650,0
85726,321.26,15888.4650,15888.4650,0
85728,321.26,15888.4650,15888.4650,0
85739,321.37,15888.4650,15888.4650,0
85740,321.38,15888.4650,15888.4650,0
85741,321.38,15888.4650,15888.4650,0
85744,321.40,15888.4650,15888.4650,0
85750,321.41,15888.4650,15888.4650,0
85752,321.42,15888.4650,15888.4650,0
85761,321.46,15888.4650,15888.4650,0
85762,321.46,15888.4650,15888.4650,0
85765,321.46,15888.4650,15888.4650,0
85766,321.47,15888.4650,15888.4650,0
85775,321.51,15888.4650,15888.4650,0
85781,321.53,15888.4650,15888.4650,0
85788,321.55,15888.4650,15888.4650,0
85811,321.60,15888.4650,15888.4650,0
85812,321.60,15888.4650,15888.4650,0
85813,321.61,15888.4650,15888.4650,0
85817,321.62,15888.4650,15888.4650,0
85819,321.62,15888.4650,15888.4650,0
85821,321.65,15888.4650,15888.4650,0
85823,321.67,15888.4650,15888.4650,0
85824,321.67,15888.4650,15888.4650,0
85832,321.70,15888.4650,15888.4650,0
85838,321.77,15888.4650,15888.4650,0
85841,321.78,15888.4650,15888.4650,0
85847,321.80,15888.4650,15888.4650,0
85848,321.81,15888.4650,15888.4650,0
85853,321.83,15888.4650,15888.4650,0
85860,321.85,15888.4650,15888.4650,0
85879,321.94,15888.4650,15888.4650,0
85883,321.94,15888.4650,15888.4650,0
85884,321.94,15888.4650,15888.4650,0
85887,321.94,15888.4650,15888.4650,0
85891,321.97,15888.4650,15888.4650,0
85896,321.99,15888.4650,15888.4650,0
85903,322.00,15888.4650,15888.4650,0
85905,322.00,15888.4650,15888.4650,0
85914,322.04,15888.4650,15888.4650,0
85918,322.05,15888.4650,15888.4650,0
85919,322.05,15888.4650,15888.4650,0
85926,322.08,15888.4650,15888.4650,0
85927,322.08,15888.4650,15888.4650,0
85931,322.09,15888.4650,15888.4650,0
85936,322.10,15888.4650,15888.4650,0
85937,322.10,15888.4650,15888.4650,0
85943,322.12,15888.4650,15888.4650,0
85944,322.12,15888.4650,15888.4650,0
85952,322.20,15888.4650,15888.4650,0
85953,322.20,15888.4650,15888.4650,0
85954,322.20,15888.4650,15888.4650,0
85955,322.20,15888.4650,15888.4650,0
85962,322.23,15888.4650,15888.4650,0
85963,322.23,15888.4650,15888.4650,0
85965,322.23,15888.4650,15888.4650,0
85967,322.24,15888.4650,15888.4650,0
85971,322.26,15888.4650,15888.4650,0
85972,322.26,15888.4650,15888.4650,0
85975,322.26,15888.4650,15888.4650,0
85976,322.27,15888.4650,15888.4650,0
85977,322.27,15888.4650,15888.4650,0
85979,322.28,15888.4650,15888.4650,0
85983,322.29,15888.4650,15888.4650,0
85985,322.29,15888.4650,15888.4650,0
85986,322.29,15888.4650,15888.4650,0
85987,322.29,15888.4650,15888.4650,0
85990,322.31,15888.4650,15888.4650,0
85992,322.35,15888.4650,15888.4650,0
86005,322.40,15888.4650,15888.4650,0
86016,322.50,15888.4650,15888.4650,0
86018,322.51,15888.4650,15888.4650,0
86024,322.54,15888.4650,15888.4650,0
86025,322.54,15888.4650,15888.4650,0
86026,322.54,15888.4650,15888.4650,0
86027,322.54,15888.4650,15888.4650,0
86028,322.54,15888.4650,15888.4650,0
86029,322.54,15888.4650,15888.4650,0
86032,322.57,15888.4650,15888.4650,0
86035,322.64,15888.4650,15888.4650,0
86036,322.64,15888.4650,15888.4650,0
86041,322.66,15888.4650,15888.4650,0
86044,322.66,15888.4650,15888.4650,0
86045,322.67,15888.4650,15888.4650,0
86046,322.67,15888.4650,15888.4650,0
86047,322.67,15888.4650,15888.4650,0
86048,322.67,15888.4650,15888.4650,0
86049,322.67,15888.4650,15888.4650,0
86053,322.69,15888.4650,15888.4650,0
86055,322.69,15888.4650,15888.4650,0
86056,322.69,15888.4650,15888.4650,0
86057,322.69,15888.4650,15888.4650,0
86069,322.74,15888.4650,15888.4650,0
86085,322.78,15888.4650,15888.4650,0
86089,322.79,15888.4650,15888.4650,0
86092,322.79,15888.4650,15888.4650,0
86093,322.79,15888.4650,15888.4650,0
86109,322.82,15888.4650,15888.4650,0
86117,322.89,15888.4650,15888.4650,0
86124,322.91,15888.4650,15888.4650,0
86129,322.93,15888.4650,15888.4650,0
86131,322.94,15888.4650,15888.4650,0
86139,322.97,15888.4650,15888.4650,0
86142,322.97,15888.4650,15888.4650,0
86148,323.03,15888.4650,15888.4650,0
86151,323.06,15888.4650,15888.4650,0
86166,323.12,15888.4650,15888.4650,0
86170,323.15,15888.4650,15888.4650,0
86176,323.15,15888.4650,15888.4650,0
86181,323.18,15888.4650,15888.4650,0
86183,323.18,15888.4650,15888.4650,0
86190,323.18,15888.4650,15888.4650,0
86199,323.21,15888.4650,15888.4650,0
86203,323.23,15888.4650,15888.4650,0
86207,323.24,15888.4650,15888.4650,0
86226,323.30,15888.4650,15888.4650,0
86227,323.30,15888.4650,15888.4650,0
86231,323.32,15888.4650,15888.4650,0
86234,323.32,15888.4650,15888.4650,0
86244,323.37,15888.4650,15888.4650,0
86246,323.37,15888.4650,15888.4650,0
86254,323.43,15888.4650,15888.4650,0
86269,323.48,15888.4650,15888.4650,0
86281,323.54,15888.4650,15888.4650,0
86282,323.55,15888.4650,15888.4650,0
86287,323.55,15888.4650,15888.4650,0
86297,323.57,15888.4650,15888.4650,0
86301,323.63,15888.4650,15888.4650,0
86304,323.63,15888.4650,15888.4650,0
86305,323.63,15888.4650,15888.4650,0
86308,323.64,15888.4650,15888.4650,0
86309,323.64,15888.4650,15888.4650,0
86312,323.65,15888.4650,15888.4650,0
86317,323.67,15888.4650,15888.4650,0
86332,323.77,15888.4650,15888.4650,0
86333,323.77,15888.4650,15888.4650,0
86344,323.80,15888.4650,15888.4650,0
86345,323.81,15888.4650,15888.4650,0
86352,323.83,15888.4650,15888.4650,0
86353,323.83,15888.4650,15888.4650,0
86354,323.83,15888.4650,15888.4650,0
86355,323.83,15888.4650,15888.4650,0
86369,323.90,15888.4650,15888.4650,0
86386,324.01,15888.4650,15888.4650,0
86396,324.02,15888.4650,15888.4650,0
86405,324.06,15888.4650,15888.4650,0
86408,324.06,15888.4650,15888.4650,0
86414,324.10,15888.4650,15888.4650,0
86417,324.10,15888.4650,15888.4650,0
86423,324.11,15888.4650,15888.4650,0
86424,324.12,15888.4650,15888.4650,0
86429,324.14,15888.4650,15888.4650,0
86440,324.16,15888.4650,15888.4650,0
86441,324.16,15888.4650,15888.4650,0
86442,324.16,15888.4650,15888.4650,0
86445,324.19,15888.4650,15888.4650,0
86449,324.19,15888.4650,15888.4650,0
86453,324.20,15888.4650,15888.4650,0
86460,324.22,15888.4650,15888.4650,0
86467,324.24,15888.4650,15888.4650,0
86468,324.24,15888.4650,15888.4650,0
86473,324.28,15888.4650,15888.4650,0
86475,324.30,15888.4650,15888.4650,0
86477,324.30,15888.4650,15888.4650,0
86480,324.31,15888.4650,15888.4650,0
86489,324.34,15888.4650,15888.4650,0
86490,324.34,15888.4650,15888.4650,0
86491,324.34,15888.4650,15888.4650,0
86492,324.34,15888.4650,15888.4650,0
86493,324.35,15888.4650,15888.4650,0
86496,324.37,15888.4650,15888.4650,0
86498,324.37,15888.4650,15888.4650,0
86509,324.40,15888.4650,15888.4650,0
86518,324.44,15888.4650,15888.4650,0
86519,324.44,15888.4650,15888.4650,0
86525,324.49,15888.4650,15888.4650,0
86526,324.49,15888.4650,15888.4650,0
86529,324.49,15888.4650,15888.4650,0
86534,324.50,15888.4650,15888.4650,0
86541,324.52,15888.4650,15888.4650,0
86544,324.54,15888.4650,15888.4650,0
86548,324.55,15888.4650,15888.4650,0
86555,324.58,15888.4650,15888.4650,0
86558,324.59,15888.4650,15888.4650,0
86559,324.59,15888.4650,15888.4650,0
86561,324.59,15888.4650,15888.4650,0
86562,324.60,15888.4650,15888.4650,0
86563,324.60,15888.4650,15888.4650,0
86565,324.61,15888.4650,15888.4650,0
86568,324.62,15888.4650,15888.4650,0
86569,324.62,15888.4650,15888.4650,0
86570,324.62,15888.4650,15888.4650,0
86571,324.62,15888.4650,15888.4650,0
86584,324.69,15888.4650,15888.4650,0
86585,324.69,15888.4650,15888.4650,0
86590,324.71,15888.4650,15888.4650,0
86592,324.71,15888.4650,15888.4650,0
86594,324.71,15888.4650,15888.4650,0
86596,324.72,15888.4650,15888.4650,0
86601,324.73,15888.4650,15888.4650,0
86613,324.79,15888.4650,15888.4650,0
86618,324.79,15888.4650,15888.4650,0
86624,324.81,15888.4650,15888.4650,0
86628,324.82,15888.4650,15888.4650,0
86630,324.82,15888.4650,15888.4650,0
86634,324.82,15888.4650,15888.4650,0
86639,324.84,15888.4650,15888.4650,0
86645,324.88,15888.4650,15888.4650,0
86646,324.88,15888.4650,15888.4650,0
86647,324.88,15888.4650,15888.4650,0
86651,324.92,15888.4650,15888.4650,0
86663,324.96,15888.4650,15888.4650,0
86669,324.99,15888.4650,15888.4650,0
86674,325.01,15888.4650,15888.4650,0
86676,325.01,15888.4650,15888.4650,0
86678,325.02,15888.4650,15888.4650,0
86679,325.02,15888.4650,15888.4650,0
86690,325.04,15888.4650,15888.4650,0
86692,325.05,15888.4650,15888.4650,0
86697,325.06,15888.4650,15888.4650,0
86707,325.08,15888.4650,15888.4650,0
86708,325.09,15888.4650,15888.4650,0
86710,325.09,15888.4650,15888.4650,0
86711,325.09,15888.4650,15888.4650,0
86714,325.10,15888.4650,15888.4650,0
86721,325.13,15888.4650,15888.4650,0
86723,325.14,15888.4650,15888.4650,0
86734,325.19,15888.4650,15888.4650,0
86741,325.20,15888.4650,15888.4650,0
86742,325.20,15888.4650,15888.4650,0
86759,325.26,15888.4650,15888.4650,0
86763,325.27,15888.4650,15888.4650,0
86771,325.29,15888.4650,15888.4650,0
86774,325.30,15888.4650,15888.4650,0
86785,325.35,15888.4650,15888.4650,0
86788,325.36,15888.4650,15888.4650,0
86793,325.37,15888.4650,15888.4650,0
86794,325.37,15888.4650,15888.4650,0
86800,325.37,15888.4650,15888.4650,0
86803,325.38,15888.4650,15888.4650,0
86805,325.38,15888.4650,15888.4650,0
86808,325.40,15888.4650,15888.4650,0
86811,325.41,15888.4650,15888.4650,0
86814,325.42,15888.4650,15888.4650,0
86815,325.42,15888.4650,15888.4650,0
86816,325.42,15888.4650,15888.4650,0
86818,325.43,15888.4650,15888.4650,0
86826,325.46,15888.4650,15888.4650,0
86828,325.46,15888.4650,15888.4650,0
86829,325.46,15888.4650,15888.4650,0
86834,325.49,15888.4650,15888.4650,0
86841,325.50,15888.4650,15888.4650,0
86849,325.53,15888.4650,15888.4650,0
86857,325.56,15888.4650,15888.4650,0
86858,325.56,15888.4650,15888.4650,0
86863,325.57,15888.4650,15888.4650,0
86868,325.59,15888.4650,15888.4650,0
86872,325.60,15888.4650,15888.4650,0
86873,325.60,15888.4650,15888.4650,0
86875,325.60,15888.4650,15888.4650,0
86876,325.61,15888.4650,15888.4650,0
86877,325.61,15888.4650,15888.4650,0
86880,325.64,15888.4650,15888.4650,0
86888,325.69,15888.4650,15888.4650,0
86889,325.69,15888.4650,15888.4650,0
86892,325.70,15888.4650,15888.4650,0
86898,325.71,15888.4650,15888.4650,0
86900,325.71,15888.4650,15888.4650,0
86906,325.74,15888.4650,15888.4650,0
86907,325.74,15888.4650,15888.4650,0
86909,325.75,15888.4650,15888.4650,0
86911,325.76,15888.4650,15888.4650,0
86919,325.78,15888.4650,15888.4650,0
86926,325.79,15888.4650,15888.4650,0
86932,325.81,15888.4650,15888.4650,0
86935,325.82,15888.4650,15888.4650,0
86944,325.86,15888.4650,15888.4650,0
86945,325.87,15888.4650,15888.4650,0
86948,325.87,15888.4650,15888.4650,0
86954,325.88,15888.4650,15888.4650,0
86956,325.88,15888.4650,15888.4650,0
86959,325.89,15888.4650,15888.4650,0
86963,325.98,15888.4650,15888.4650,0
86970,326.01,15888.4650,15888.4650,0
86974,326.03,15888.4650,15888.4650,0
86977,326.05,15888.4650,15888.4650,0
86981,326.07,15888.4650,15888.4650,0
86984,326.08,15888.4650,15888.4650,0
86986,326.08,15888.4650,15888.4650,0
86988,326.09,15888.4650,15888.4650,0
86989,326.09,15888.4650,15888.4650,0
86991,326.11,15888.4650,15888.4650,0
86994,326.12,15888.4650,15888.4650,0
86999,326.13,15888.4650,15888.4650,0
87003,326.14,15888.4650,15888.4650,0
87009,326.16,15888.4650,15888.4650,0
87014,326.17,15888.4650,15888.4650,0
87015,326.17,15888.4650,15888.4650,0
87024,326.20,15888.4650,15888.4650,0
87025,326.20,15888.4650,15888.4650,0
87026,326.20,15888.4650,15888.4650,0
87032,326.22,15888.4650,15888.4650,0
87036,326.22,15888.4650,15888.4650,0
87046,326.24,15888.4650,15888.4650,0
87049,326.27,15888.4650,15888.4650,0
87054,326.29,15888.4650,15888.4650,0
87059,326.32,15888.4650,15888.4650,0
87063,326.33,15888.4650,15888.4650,0
87064,326.33,15888.4650,15888.4650,0
87073,326.38,15888.4650,15888.4650,0
87075,326.38,15888.4650,15888.4650,0
87076,326.38,15888.4650,15888.4650,0
87084,326.40,15888.4650,15888.4650,0
87085,326.40,15888.4650,15888.4650,0
87087,326.40,15888.4650,15888.4650,0
87089,326.40,15888.4650,15888.4650,0
87093,326.41,15888.4650,15888.4650,0
87096,326.41,15888.4650,15888.4650,0
87097,326.41,15888.4650,15888.4650,0
87100,326.43,15888.4650,15888.4650,0
87106,326.46,15888.4650,15888.4650,0
87108,326.46,15888.4650,15888.4650,0
87111,326.47,15888.4650,15888.4650,0
87115,326.51,15888.4650,15888.4650,0
87118,326.52,15888.4650,15888.4650,0
87121,326.53,15888.4650,15888.4650,0
87122,326.53,15888.4650,15888.4650,0
87123,326.53,15888.4650,15888.4650,0
87134,326.57,15888.4650,15888.4650,0
87135,326.57,15888.4650,15888.4650,0
87137,326.58,15888.4650,15888.4650,0
87144,326.59,15888.4650,15888.4650,0
87146,326.60,15888.4650,15888.4650,0
87148,326.61,15888.4650,15888.4650,0
87187,326.75,15888.4650,15888.4650,0
87193,326.75,15888.4650,15888.4650,0
87201,326.79,15888.4650,15888.4650,0
87205,326.79,15888.4650,15888.4650,0
87213,326.81,15888.4650,15888.4650,0
87226,326.88,15888.4650,15888.4650,0
87232,326.89,15888.4650,15888.4650,0
87234,326.90,15888.4650,15888.4650,0
87235,326.90,15888.4650,15888.4650,0
87237,326.90,15888.4650,15888.4650,0
87252,326.99,15888.4650,15888.4650,0
87255,327.00,15888.4650,15888.4650,0
87265,327.03,15888.4650,15888.4650,0
87277,327.07,15888.4650,15888.4650,0
87278,327.07,15888.4650,15888.4650,0
87280,327.07,15888.4650,15888.4650,0
87281,327.07,15888.4650,15888.4650,0
87282,327.07,15888.4650,15888.4650,0
87288,327.08,15888.4650,15888.4650,0
87292,327.10,15888.4650,15888.4650,0
87302,327.13,15888.4650,15888.4650,0
87305,327.14,15888.4650,15888.4650,0
87307,327.14,15888.4650,15888.4650,0
87309,327.14,15888.4650,15888.4650,0
87326,327.21,15888.4650,15888.4650,0
87337,327.25,15888.4650,15888.4650,0
87340,327.25,15888.4650,15888.4650,0
87348,327.28,15888.4650,15888.4650,0
87354,327.30,15888.4650,15888.4650,0
87361,327.34,15888.4650,15888.4650,0
87362,327.34,15888.4650,15888.4650,0
87369,327.39,15888.4650,15888.4650,0
87375,327.41,15888.4650,15888.4650,0
87376,327.41,15888.4650,15888.4650,0
87380,327.41,15888.4650,15888.4650,0
87387,327.43,15888.4650,15888.4650,0
87390,327.45,15888.4650,15888.4650,0
87402,327.48,15888.4650,15888.4650,0
87405,327.48,15888.4650,15888.4650,0
87408,327.49,15888.4650,15888.4650,0
87418,327.54,15888.4650,15888.4650,0
87419,327.54,15888.4650,15888.4650,0
87426,327.58,15888.4650,15888.4650,0
87429,327.58,15888.4650,15888.4650,0
87432,327.60,15888.4650,15888.4650,0
87444,327.64,15888.4650,15888.4650,0
87447,327.64,15888.4650,15888.4650,0
87448,327.64,15888.4650,15888.4650,0
87450,327.64,15888.4650,15888.4650,0
87452,327.66,15888.4650,15888.4650,0
87459,327.66,15888.4650,15888.4650,0
87467,327.69,15888.4650,15888.4650,0
87468,327.69,15888.4650,15888.4650,0
87470,327.69,15888.4650,15888.4650,0
87479,327.70,15888.4650,15888.4650,0
87484,327.70,15888.4650,15888.4650,0
87493,327.73,15888.4650,15888.4650,0
87496,327.75,15888.4650,15888.4650,0
87505,327.78,15888.4650,15888.4650,0
87513,327.80,15888.4650,15888.4650,0
87514,327.81,15888.4650,15888.4650,0
87516,327.81,15888.4650,15888.4650,0
87517,327.81,15888.4650,15888.4650,0
87522,327.84,15888.4650,15888.4650,0
87527,327.85,15888.4650,15888.4650,0
87536,327.91,15888.4650,15888.4650,0
87537,327.91,15888.4650,15888.4650,0
87538,327.91,15888.4650,15888.4650,0
87541,327.93,15888.4650,15888.4650,0
87548,327.96,15888.4650,15888.4650,0
87549,327.96,15888.4650,15888.4650,0
87558,327.98,15888.4650,15888.4650,0
87559,327.98,15888.4650,15888.4650,0
87564,328.00,15888.4650,15888.4650,0
87566,328.01,15888.4650,15888.4650,0
87575,328.04,15888.4650,15888.4650,0
87576,328.04,15888.4650,15888.4650,0
87580,328.04,15888.4650,15888.4650,0
87583,328.05,15888.4650,15888.4650,0
87596,328.09,15888.4650,15888.4650,0
87602,328.10,15888.4650,15888.4650,0
87604,328.10,15888.4650,15888.4650,0
87605,328.10,15888.4650,15888.4650,0
87614,328.12,15888.4650,15888.4650,0
87623,328.15,15888.4650,15888.4650,0
87624,328.15,15888.4650,15888.4650,0
87630,328.16,15888.4650,15888.4650,0
87635,328.17,15888.4650,15888.4650,0
87649,328.21,15888.4650,15888.4650,0
87661,328.22,15888.4650,15888.4650,0
87663,328.23,15888.4650,15888.4650,0
87665,328.23,15888.4650,15888.4650,0
87673,328.26,15888.4650,15888.4650,0
87678,328.28,15888.4650,15888.4650,0
87683,328.30,15888.4650,15888.4650,0
87684,328.30,15888.4650,15888.4650,0
87688,328.30,15888.4650,15888.4650,0
87693,328.32,15888.4650,15888.4650,0
87697,328.33,15888.4650,15888.4650,0
87708,328.37,15888.4650,15888.4650,0
87709,328.37,15888.4650,15888.4650,0
87714,328.38,15888.4650,15888.4650,0
87722,328.41,15888.4650,15888.4650,0
87734,328.43,15888.4650,15888.4650,0
87736,328.44,15888.4650,15888.4650,0
87744,328.46,15888.4650,15888.4650,0
87746,328.46,15888.4650,15888.4650,0
87753,328.47,15888.4650,15888.4650,0
87759,328.48,15888.4650,15888.4650,0
87763,328.49,15888.4650,15888.4650,0
87766,328.51,15888.4650,15888.4650,0
87775,328.53,15888.4650,15888.4650,0
87791,328.58,15888.4650,15888.4650,0
87795,328.60,15888.4650,15888.4650,0
87801,328.62,15888.4650,15888.4650,0
87808,328.64,15888.4650,15888.4650,0
87813,328.65,15888.4650,15888.4650,0
87818,328.67,15888.4650,15888.4650,0
87820,328.67,15888.4650,15888.4650,0
87821,328.68,15888.4650,15888.4650,0
87823,328.70,15888.4650,15888.4650,0
87827,328.70,15888.4650,15888.4650,0
87830,328.72,15888.4650,15888.4650,0
87840,328.76,15888.4650,15888.4650,0
87841,328.76,15888.4650,15888.4650,0
87846,328.77,15888.4650,15888.4650,0
87848,328.78,15888.4650,15888.4650,0
87866,328.84,15888.4650,15888.4650,0
87871,328.87,15888.4650,15888.4650,0
87872,328.87,15888.4650,15888.4650,0
87892,328.92,15888.4650,15888.4650,0
87894,328.93,15888.4650,15888.4650,0
87895,328.93,15888.4650,15888.4650,0
87896,328.93,15888.4650,15888.4650,0
87904,328.96,15888.4650,15888.4650,0
87905,328.96,15888.4650,15888.4650,0
87907,328.97,15888.4650,15888.4650,0
87910,328.98,15888.4650,15888.4650,0
87913,328.99,15888.4650,15888.4650,0
87916,329.00,15888.4650,15888.4650,0
87922,329.03,15888.4650,15888.4650,0
87931,329.05,15888.4650,15888.4650,0
87937,329.06,15888.4650,15888.4650,0
87938,329.06,15888.4650,15888.4650,0
87941,329.06,15888.4650,15888.4650,0
87944,329.07,15888.4650,15888.4650,0
87950,329.08,15888.4650,15888.4650,0
87952,329.09,15888.4650,15888.4650,0
87960,329.11,15888.4650,15888.4650,0
87970,329.13,15888.4650,15888.4650,0
87974,329.14,15888.4650,15888.4650,0
87981,329.17,15888.4650,15888.4650,0
87986,329.18,15888.4650,15888.4650,0
87987,329.18,15888.4650,15888.4650,0
87992,329.20,15888.4650,15888.4650,0
87993,329.20,15888.4650,15888.4650,0
87998,329.21,15888.4650,15888.4650,0
88002,329.22,15888.4650,15888.4650,0
88006,329.23,15888.4650,15888.4650,0
88017,329.28,15888.4650,15888.4650,0
88019,329.29,15888.4650,15888.4650,0
88025,329.31,15888.4650,15888.4650,0
88026,329.31,15888.4650,15888.4650,0
88030,329.32,15888.4650,15888.4650,0
88031,329.33,15888.4650,15888.4650,0
88032,329.33,15888.4650,15888.4650,0
88037,329.34,15888.4650,15888.4650,0
88049,329.36,15888.4650,15888.4650,0
88050,329.36,15888.4650,15888.4650,0
88051,329.36,15888.4650,15888.4650,0
88061,329.40,15888.4650,15888.4650,0
88064,329.41,15888.4650,15888.4650,0
88067,329.41,15888.4650,15888.4650,0
88069,329.41,15888.4650,15888.4650,0
88090,329.50,15888.4650,15888.4650,0
88097,329.52,15888.4650,15888.4650,0
88100,329.54,15888.4650,15888.4650,0
88102,329.54,15888.4650,15888.4650,0
88104,329.54,15888.4650,15888.4650,0
88109,329.58,15888.4650,15888.4650,0
88118,329.60,15888.4650,15888.4650,0
88128,329.62,15888.4650,15888.4650,0
88131,329.63,15888.4650,15888.4650,0
88132,329.63,15888.4650,15888.4650,0
88141,329.66,15888.4650,15888.4650,0
88147,329.70,15888.4650,15888.4650,0
88150,329.71,15888.4650,15888.4650,1
88152,329.82,15888.4650,15888.4650,0
88158,329.86,15888.4650,15888.4650,0
88159,329.86,15888.4650,15888.4650,0
88163,329.87,15888.4650,15888.4650,0
88166,329.89,15888.4650,15888.4650,0
88169,329.89,15888.4650,15888.4650,0
88170,329.89,15888.4650,15888.4650,0
88173,329.91,15888.4650,15888.4650,0
88177,329.91,15888.4650,15888.4650,0
88179,329.91,15888.4650,15888.4650,0
88181,329.93,15888.4650,15888.4650,0
88195,329.99,15888.4650,15888.4650,0
88196,329.99,15888.4650,15888.4650,0
88199,330.01,15888.4650,15888.4650,0
88206,330.02,15888.4650,15888.4650,0
88207,330.03,15888.4650,15888.4650,0
88211,330.04,15888.4650,15888.4650,0
88217,330.07,15888.4650,15888.4650,0
88223,330.09,15888.4650,15888.4650,0
88231,330.10,15888.4650,15888.4650,0
88233,330.10,15888.4650,15888.4650,0
88244,330.17,15888.4650,15888.4650,0
88247,330.17,15888.4650,15888.4650,0
88249,330.17,15888.4650,15888.4650,0
88252,330.18,15888.4650,15888.4650,0
88258,330.21,15888.4650,15888.4650,0
88259,330.21,15888.4650,15888.4650,0
88267,330.26,15888.4650,15888.4650,0
88271,330.28,15888.4650,15888.4650,0
88272,330.28,15888.4650,15888.4650,0
88275,330.28,15888.4650,15888.4650,0
88278,330.29,15888.4650,15888.4650,0
88280,330.29,15888.4650,15888.4650,0
88283,330.29,15888.4650,15888.4650,0
88286,330.31,15888.4650,15888.4650,0
88290,330.33,15888.4650,15888.4650,0
88296,330.34,15888.4650,15888.4650,0
88297,330.34,15888.4650,15888.4650,0
88301,330.36,15888.4650,15888.4650,0
88303,330.36,15888.4650,15888.4650,0
88309,330.39,15888.4650,15888.4650,0
88312,330.39,15888.4650,15888.4650,0
88313,330.39,15888.4650,15888.4650,0
88314,330.39,15888.4650,15888.4650,0
88321,330.42,15888.4650,15888.4650,0
88323,330.42,15888.4650,15888.4650,0
88324,330.42,15888.4650,15888.4650,0
88325,330.43,15888.4650,15888.4650,0
88328,330.44,15888.4650,15888.4650,0
88329,330.44,15888.4650,15888.4650,0
88342,330.50,15888.4650,15888.4650,0
88344,330.50,15888.4650,15888.4650,0
88346,330.51,15888.4650,15888.4650,0
88355,330.54,15888.4650,15888.4650,0
88364,330.59,15888.4650,15888.4650,0
88367,330.60,15888.4650,15888.4650,0
88372,330.62,15888.4650,15888.4650,0
88376,330.64,15888.4650,15888.4650,0
88384,330.66,15888.4650,15888.4650,0
88385,330.66,15888.4650,15888.4650,0
88391,330.68,15888.4650,15888.4650,0
88393,330.69,15888.4650,15888.4650,0
88398,330.72,15888.4650,15888.4650,0
88400,330.72,15888.4650,15888.4650,0
88406,330.74,15888.4650,15888.4650,0
88411,330.74,15888.4650,15888.4650,0
88420,330.77,15888.4650,15888.4650,0
88421,330.77,15888.4650,15888.4650,0
88424,330.78,15888.4650,15888.4650,0
88427,330.79,15888.4650,15888.4650,0
88430,330.80,15888.4650,15888.4650,0
88431,330.80,15888.4650,15888.4650,0
88432,330.80,15888.4650,15888.4650,0
88433,330.80,15888.4650,15888.4650,0
88441,330.84,15888.4650,15888.4650,0
88442,330.84,15888.4650,15888.4650,0
88446,330.84,15888.4650,15888.4650,0
88458,330.90,15888.4650,15888.4650,0
88469,330.93,15888.4650,15888.4650,0
88472,330.94,15888.4650,15888.4650,0
88486,330.97,15888.4650,15888.4650,0
88487,330.97,15888.4650,15888.4650,0
88492,331.00,15888.4650,15888.4650,0
88493,331.00,15888.4650,15888.4650,0
88495,331.01,15888.4650,15888.4650,0
88496,331.01,15888.4650,15888.4650,0
88498,331.01,15888.4650,15888.4650,0
88501,331.01,15888.4650,15888.4650,0
88505,331.02,15888.4650,15888.4650,0
88510,331.04,15888.4650,15888.4650,0
88512,331.04,15888.4650,15888.4650,0
88517,331.07,15888.4650,15888.4650,0
88519,331.08,15888.4650,15888.4650,0
88522,331.09,15888.4650,15888.4650,0
88526,331.09,15888.4650,15888.4650,0
88529,331.10,15888.4650,15888.4650,0
88530,331.10,15888.4650,15888.4650,0
88540,331.11,15888.4650,15888.4650,0
88544,331.12,15888.4650,15888.4650,0
88563,331.21,15888.4650,15888.4650,0
88577,331.26,15888.4650,15888.4650,0
88579,331.27,15888.4650,15888.4650,0
88583,331.28,15888.4650,15888.4650,0
88584,331.28,15888.4650,15888.4650,0
88597,331.34,15888.4650,15888.4650,0
88600,331.34,15888.4650,15888.4650,0
88613,331.38,15888.4650,15888.4650,0
88615,331.40,15888.4650,15888.4650,0
88617,331.40,15888.4650,15888.4650,0
88626,331.45,15888.4650,15888.4650,0
88629,331.48,15888.4650,15888.4650,0
88632,331.49,15888.4650,15888.4650,0
88634,331.50,15888.4650,15888.4650,0
88638,331.51,15888.4650,15888.4650,0
88643,331.53,15888.4650,15888.4650,0
88648,331.55,15888.4650,15888.4650,0
88652,331.57,15888.4650,15888.4650,0
88671,331.65,15888.4650,15888.4650,0
88677,331.69,15888.4650,15888.4650,0
88679,331.70,15888.4650,15888.4650,0
88681,331.70,15888.4650,15888.4650,0
88686,331.71,15888.4650,15888.4650,0
88687,331.71,15888.4650,15888.4650,0
88690,331.72,15888.4650,15888.4650,0
88695,331.74,15888.4650,15888.4650,0
88696,331.74,15888.4650,15888.4650,0
88697,331.74,15888.4650,15888.4650,0
88699,331.74,15888.4650,15888.4650,0
88703,331.76,15888.4650,15888.4650,0
88721,331.85,15888.4650,15888.4650,0
88724,331.87,15888.4650,15888.4650,0
88731,331.91,15888.4650,15888.4650,0
88747,331.98,15888.4650,15888.4650,0
88748,331.98,15888.4650,15888.4650,0
88765,332.03,15888.4650,15888.4650,0
88767,332.03,15888.4650,15888.4650,0
88768,332.03,15888.4650,15888.4650,0
88771,332.03,15888.4650,15888.4650,0
88779,332.08,15888.4650,15888.4650,0
88780,332.08,15888.4650,15888.4650,0
88785,332.09,15888.4650,15888.4650,0
88792,332.12,15888.4650,15888.4650,0
88793,332.12,15888.4650,15888.4650,0
88797,332.13,15888.4650,15888.4650,0
88800,332.14,15888.4650,15888.4650,0
88805,332.15,15888.4650,15888.4650,0
88808,332.17,15888.4650,15888.4650,0
88819,332.20,15888.4650,15888.4650,0
88821,332.21,15888.4650,15888.4650,0
88824,332.23,15888.4650,15888.4650,0
88833,332.25,15888.4650,15888.4650,0
88844,332.27,15888.4650,15888.4650,0
88845,332.27,15888.4650,15888.4650,0
88856,332.28,15888.4650,15888.4650,0
88863,332.31,15888.4650,15888.4650,0
88871,332.35,15888.4650,15888.4650,0
88886,332.40,15888.4650,15888.4650,0
88900,332.46,15888.4650,15888.4650,0
88905,332.49,15888.4650,15888.4650,0
88914,332.50,15888.4650,15888.4650,0
88917,332.52,15888.4650,15888.4650,0
88920,332.53,15888.4650,15888.4650,0
88929,332.56,15888.4650,15888.4650,0
88931,332.56,15888.4650,15888.4650,0
88941,332.61,15888.4650,15888.4650,0
88944,332.63,15888.4650,15888.4650,0
88952,332.65,15888.4650,15888.4650,0
88956,332.67,15888.4650,15888.4650,0
88966,332.68,15888.4650,15888.4650,0
88986,332.74,15888.4650,15888.4650,0
88991,332.76,15888.4650,15888.4650,0
88992,332.76,15888.4650,15888.4650,0
88999,332.79,15888.4650,15888.4650,0
89000,332.79,15888.4650,15888.4650,0
89002,332.79,15888.4650,15888.4650,0
89005,332.80,15888.4650,15888.4650,0
89012,332.84,15888.4650,15888.4650,0
89016,332.86,15888.4650,15888.4650,0
89025,332.88,15888.4650,15888.4650,0
89027,332.88,15888.4650,15888.4650,0
89036,332.91,15888.4650,15888.4650,0
89039,332.93,15888.4650,15888.4650,0
89052,332.99,15888.4650,15888.4650,0
89053,332.99,15888.4650,15888.4650,0
89054,332.99,15888.4650,15888.4650,0
89059,333.00,15888.4650,15888.4650,0
89079,333.11,15888.4650,15888.4650,0
89083,333.12,15888.4650,15888.4650,0
89089,333.12,15888.4650,15888.4650,0
89096,333.13,15888.4650,15888.4650,0
89102,333.14,15888.4650,15888.4650,0
89106,333.15,15888.4650,15888.4650,0
89107,333.15,15888.4650,15888.4650,0
89109,333.16,15888.4650,15888.4650,0
89112,333.17,15888.4650,15888.4650,0
89115,333.17,15888.4650,15888.4650,0
89119,333.20,15888.4650,15888.4650,0
89129,333.23,15888.4650,15888.4650,0
89130,333.23,15888.4650,15888.4650,0
89135,333.26,15888.4650,15888.4650,0
89137,333.27,15888.4650,15888.4650,0
89139,333.28,15888.4650,15888.4650,0
89146,333.29,15888.4650,15888.4650,0
89151,333.32,15888.4650,15888.4650,0
89157,333.33,15888.4650,15888.4650,0
89163,333.36,15888.4650,15888.4650,0
89168,333.36,15888.4650,15888.4650,0
89174,333.39,15888.4650,15888.4650,0
89175,333.40,15888.4650,15888.4650,0
89177,333.41,15888.4650,15888.4650,0
89178,333.41,15888.4650,15888.4650,0
89180,333.41,15888.4650,15888.4650,0
89184,333.42,15888.4650,15888.4650,0
89188,333.43,15888.4650,15888.4650,0
89195,333.44,15888.4650,15888.4650,0
89197,333.44,15888.4650,15888.4650,0
89201,333.45,15888.4650,15888.4650,0
89202,333.45,15888.4650,15888.4650,0
89203,333.45,15888.4650,15888.4650,0
89209,333.45,15888.4650,15888.4650,0
89212,333.45,15888.4650,15888.4650,0
89221,333.47,15888.4650,15888.4650,0
89223,333.49,15888.4650,15888.4650,0
89236,333.55,15888.4650,15888.4650,0
89237,333.55,15888.4650,15888.4650,0
89245,333.58,15888.4650,15888.4650,0
89246,333.58,15888.4650,15888.4650,0
89250,333.59,15888.4650,15888.4650,0
89256,333.60,15888.4650,15888.4650,0
89269,333.65,15888.4650,15888.4650,0
89279,333.71,15888.4650,15888.4650,0
89280,333.71,15888.4650,15888.4650,0
89283,333.71,15888.4650,15888.4650,0
89289,333.73,15888.4650,15888.4650,0
89291,333.74,15888.4650,15888.4650,0
89294,333.75,15888.4650,15888.4650,0
89297,333.75,15888.4650,15888.4650,0
89302,333.76,15888.4650,15888.4650,0
89309,333.78,15888.4650,15888.4650,0
89313,333.80,15888.4650,15888.4650,0
89328,333.85,15888.4650,15888.4650,0
89330,333.85,15888.4650,15888.4650,0
89340,333.86,15888.4650,15888.4650,0
89358,333.91,15888.4650,15888.4650,0
89359,333.91,15888.4650,15888.4650,0
89360,333.91,15888.4650,15888.4650,0
89362,333.91,15888.4650,15888.4650,0
89365,333.92,15888.4650,15888.4650,0
89366,333.92,15888.4650,15888.4650,0
89368,333.92,15888.4650,15888.4650,0
89373,333.95,15888.4650,15888.4650,0
89385,333.96,15888.4650,15888.4650,0
89386,333.96,15888.4650,15888.4650,0
89387,333.96,15888.4650,15888.4650,0
89388,333.96,15888.4650,15888.4650,0
89390,333.97,15888.4650,15888.4650,0
89400,333.99,15888.4650,15888.4650,0
89401,333.99,15888.4650,15888.4650,0
89403,334.00,15888.4650,15888.4650,0
89414,334.02,15888.4650,15888.4650,0
89422,334.05,15888.4650,15888.4650,0
89428,334.08,15888.4650,15888.4650,0
89437,334.10,15888.4650,15888.4650,0
89440,334.11,15888.4650,15888.4650,0
89442,334.11,15888.4650,15888.4650,0
89443,334.11,15888.4650,15888.4650,0
89445,334.11,15888.4650,15888.4650,0
89456,334.15,15888.4650,15888.4650,0
89472,334.20,15888.4650,15888.4650,0
89480,334.25,15888.4650,15888.4650,0
89485,334.26,15888.4650,15888.4650,0
89486,334.26,15888.4650,15888.4650,0
89488,334.26,15888.4650,15888.4650,0
89492,334.27,15888.4650,15888.4650,0
89495,334.28,15888.4650,15888.4650,0
89500,334.28,15888.4650,15888.4650,0
89511,334.30,15888.4650,15888.4650,0
89514,334.32,15888.4650,15888.4650,0
89517,334.32,15888.4650,15888.4650,0
89518,334.33,15888.4650,15888.4650,0
89539,334.38,15888.4650,15888.4650,0
89542,334.39,15888.4650,15888.4650,0
89550,334.43,15888.4650,15888.4650,0
89551,334.43,15888.4650,15888.4650,0
89553,334.44,15888.4650,15888.4650,0
89556,334.45,15888.4650,15888.4650,0
89557,334.45,15888.4650,15888.4650,0
89559,334.45,15888.4650,15888.4650,0
89562,334.48,15888.4650,15888.4650,0
89565,334.48,15888.4650,15888.4650,0
89566,334.48,15888.4650,15888.4650,0
89567,334.48,15888.4650,15888.4650,0
89569,334.49,15888.4650,15888.4650,0
89572,334.51,15888.4650,15888.4650,0
89575,334.52,15888.4650,15888.4650,0
89576,334.52,15888.4650,15888.4650,0
89585,334.56,15888.4650,15888.4650,0
89600,334.59,15888.4650,15888.4650,0
89602,334.60,15888.4650,15888.4650,0
89605,334.63,15888.4650,15888.4650,0
89607,334.63,15888.4650,15888.4650,0
89610,334.64,15888.4650,15888.4650,0
89611,334.64,15888.4650,15888.4650,0
89612,334.65,15888.4650,15888.4650,0
89619,334.71,15888.4650,15888.4650,0
89620,334.71,15888.4650,15888.4650,0
89623,334.72,15888.4650,15888.4650,0
89628,334.73,15888.4650,15888.4650,0
89631,334.73,15888.4650,15888.4650,0
89633,334.74,15888.4650,15888.4650,0
89640,334.79,15888.4650,15888.4650,0
89649,334.80,15888.4650,15888.4650,0
89656,334.85,15888.4650,15888.4650,0
89662,334.85,15888.4650,15888.4650,0
89663,334.85,15888.4650,15888.4650,0
89666,334.86,15888.4650,15888.4650,0
89671,334.89,15888.4650,15888.4650,0
89676,334.91,15888.4650,15888.4650,0
89682,334.92,15888.4650,15888.4650,0
89684,334.92,15888.4650,15888.4650,0
89697,334.95,15888.4650,15888.4650,0
89700,334.98,15888.4650,15888.4650,0
89704,334.99,15888.4650,15888.4650,0
89705,334.99,15888.4650,15888.4650,0
89706,335.00,15888.4650,15888.4650,0
89713,335.01,15888.4650,15888.4650,0
89728,335.07,15888.4650,15888.4650,0
89730,335.07,15888.4650,15888.4650,0
89734,335.08,15888.4650,15888.4650,0
89739,335.08,15888.4650,15888.4650,0
89742,335.12,15888.4650,15888.4650,0
89745,335.12,15888.4650,15888.4650,0
89750,335.14,15888.4650,15888.4650,0
89754,335.16,15888.4650,15888.4650,0
89764,335.19,15888.4650,15888.4650,0
89776,335.24,15888.4650,15888.4650,0
89777,335.24,15888.4650,15888.4650,0
89780,335.25,15888.4650,15888.4650,0
89787,335.28,15888.4650,15888.4650,0
89790,335.28,15888.4650,15888.4650,0
89792,335.29,15888.4650,15888.4650,0
89795,335.30,15888.4650,15888.4650,0
89797,335.31,15888.4650,15888.4650,0
89809,335.34,15888.4650,15888.4650,0
89810,335.34,15888.4650,15888.4650,0
89814,335.34,15888.4650,15888.4650,0
89816,335.34,15888.4650,15888.4650,0
89818,335.34,15888.4650,15888.4650,0
89820,335.35,15888.4650,15888.4650,0
89827,335.38,15888.4650,15888.4650,0
89829,335.38,15888.4650,15888.4650,0
89836,335.40,15888.4650,15888.4650,0
89838,335.41,15888.4650,15888.4650,0
89841,335.43,15888.4650,15888.4650,0
89852,335.48,15888.4650,15888.4650,0
89853,335.49,15888.4650,15888.4650,0
89854,335.49,15888.4650,15888.4650,0
89855,335.49,15888.4650,15888.4650,0
89856,335.49,15888.4650,15888.4650,0
89859,335.50,15888.4650,15888.4650,0
89860,335.50,15888.4650,15888.4650,0
89863,335.51,15888.4650,15888.4650,0
89869,335.54,15888.4650,15888.4650,0
89871,335.54,15888.4650,15888.4650,0
89875,335.55,15888.4650,15888.4650,0
89881,335.57,15888.4650,15888.4650,0
89886,335.58,15888.4650,15888.4650,0
89896,335.61,15888.4650,15888.4650,0
89900,335.64,15888.4650,15888.4650,0
89906,335.65,15888.4650,15888.4650,0
89907,335.66,15888.4650,15888.4650,0
89909,335.66,15888.4650,15888.4650,0
89914,335.69,15888.4650,15888.4650,0
89915,335.69,15888.4650,15888.4650,0
89920,335.71,15888.4650,15888.4650,0
89921,335.71,15888.4650,15888.4650,0
89923,335.72,15888.4650,15888.4650,0
89929,335.72,15888.4650,15888.4650,0
89930,335.73,15888.4650,15888.4650,0
89937,335.75,15888.4650,15888.4650,0
89940,335.75,15888.4650,15888.4650,0
89946,335.79,15888.4650,15888.4650,0
89950,335.79,15888.4650,15888.4650,0
89952,335.79,15888.4650,15888.4650,0
89954,335.79,15888.4650,15888.4650,0
89957,335.80,15888.4650,15888.4650,0
89969,335.85,15888.4650,15888.4650,0
89971,335.85,15888.4650,15888.4650,0
89979,335.90,15888.4650,15888.4650,0
89986,335.92,15888.4650,15888.4650,0
89990,335.93,15888.4650,15888.4650,0
89998,335.96,15888.4650,15888.4650,0
90010,336.01,15888.4650,15888.4650,0
90012,336.02,15888.4650,15888.4650,0
90014,336.03,15888.4650,15888.4650,0
90019,336.03,15888.4650,15888.4650,0
90020,336.03,15888.4650,15888.4650,0
90022,336.05,15888.4650,15888.4650,0
90024,336.05,15888.4650,15888.4650,0
90026,336.07,15888.4650,15888.4650,0
90028,336.07,15888.4650,15888.4650,0
90045,336.15,15888.4650,15888.4650,0
90046,336.15,15888.4650,15888.4650,0
90047,336.15,15888.4650,15888.4650,0
90050,336.15,15888.4650,15888.4650,0
90054,336.16,15888.4650,15888.4650,0
90057,336.17,15888.4650,15888.4650,0
90059,336.18,15888.4650,15888.4650,0
90060,336.18,15888.4650,15888.4650,0
90075,336.24,15888.4650,15888.4650,0
90076,336.24,15888.4650,15888.4650,0
90079,336.25,15888.4650,15888.4650,0
90088,336.27,15888.4650,15888.4650,0
90089,336.27,15888.4650,15888.4650,0
90090,336.27,15888.4650,15888.4650,0
90092,336.28,15888.4650,15888.4650,0
90096,336.30,15888.4650,15888.4650,0
90097,336.30,15888.4650,15888.4650,0
90098,336.30,15888.4650,15888.4650,0
90102,336.31,15888.4650,15888.4650,0
90107,336.35,15888.4650,15888.4650,0
90114,336.38,15888.4650,15888.4650,0
90115,336.39,15888.4650,15888.4650,0
90119,336.40,15888.4650,15888.4650,0
90120,336.40,15888.4650,15888.4650,0
90121,336.40,15888.4650,15888.4650,0
90123,336.40,15888.4650,15888.4650,0
90125,336.43,15888.4650,15888.4650,0
90129,336.43,15888.4650,15888.4650,0
90131,336.43,15888.4650,15888.4650,0
90134,336.45,15888.4650,15888.4650,0
90149,336.50,15888.4650,15888.4650,0
90156,336.51,15888.4650,15888.4650,0
90164,336.53,15888.4650,15888.4650,0
90167,336.53,15888.4650,15888.4650,0
90169,336.53,15888.4650,15888.4650,0
90171,336.54,15888.4650,15888.4650,0
90176,336.58,15888.4650,15888.4650,0
90177,336.59,15888.4650,15888.4650,0
90179,336.60,15888.4650,15888.4650,0
90180,336.60,15888.4650,15888.4650,0
90184,336.60,15888.4650,15888.4650,0
90201,336.68,15888.4650,15888.4650,0
90203,336.68,15888.4650,15888.4650,0
90205,336.68,15888.4650,15888.4650,0
90208,336.69,15888.4650,15888.4650,0
90212,336.69,15888.4650,15888.4650,0
90216,336.72,15888.4650,15888.4650,0
90218,336.73,15888.4650,15888.4650,0
90231,336.77,15888.4650,15888.4650,0
90235,336.79,15888.4650,15888.4650,0
90244,336.81,15888.4650,15888.4650,0
90255,336.86,15888.4650,15888.4650,0
90258,336.87,15888.4650,15888.4650,0
90279,336.94,15888.4650,15888.4650,0
90281,336.95,15888.4650,15888.4650,0
90283,336.95,15888.4650,15888.4650,0
90292,336.99,15888.4650,15888.4650,0
90305,337.08,15888.4650,15888.4650,0
90307,337.08,15888.4650,15888.4650,0
90318,337.13,15888.4650,15888.4650,0
90319,337.13,15888.4650,15888.4650,0
90320,337.13,15888.4650,15888.4650,0
90328,337.18,15888.4650,15888.4650,0
90330,337.19,15888.4650,15888.4650,0
90332,337.20,15888.4650,15888.4650,0
90333,337.20,15888.4650,15888.4650,0
90334,337.20,15888.4650,15888.4650,0
90338,337.22,15888.4650,15888.4650,0
90348,337.25,15888.4650,15888.4650,0
90349,337.25,15888.4650,15888.4650,0
90351,337.25,15888.4650,15888.4650,0
90354,337.26,15888.4650,15888.4650,0
90357,337.26,15888.4650,15888.4650,0
90361,337.30,15888.4650,15888.4650,0
90362,337.30,15888.4650,15888.4650,0
90367,337.34,15888.4650,15888.4650,0
90370,337.35,15888.4650,15888.4650,0
90372,337.36,15888.4650,15888.4650,0
90377,337.38,15888.4650,15888.4650,0
90382,337.39,15888.4650,15888.4650,0
90385,337.40,15888.4650,15888.4650,0
90386,337.40,15888.4650,15888.4650,0
90392,337.40,15888.4650,15888.4650,0
90402,337.43,15888.4650,15888.4650,0
90416,337.48,15888.4650,15888.4650,0
90417,337.48,15888.4650,15888.4650,0
90418,337.49,15888.4650,15888.4650,0
90421,337.49,15888.4650,15888.4650,0
90423,337.49,15888.4650,15888.4650,0
90430,337.51,15888.4650,15888.4650,0
90431,337.51,15888.4650,15888.4650,0
90432,337.51,15888.4650,15888.4650,0
90437,337.52,15888.4650,15888.4650,0
90438,337.52,15888.4650,15888.4650,0
90439,337.52,15888.4650,15888.4650,0
90445,337.54,15888.4650,15888.4650,0
90449,337.56,15888.4650,15888.4650,0
90452,337.57,15888.4650,15888.4650,0
90457,337.58,15888.4650,15888.4650,0
90461,337.59,15888.4650,15888.4650,0
90464,337.60,15888.4650,15888.4650,0
90470,337.63,15888.4650,15888.4650,0
90473,337.63,15888.4650,15888.4650,0
90475,337.63,15888.4650,15888.4650,0
90477,337.63,15888.4650,15888.4650,0
90485,337.67,15888.4650,15888.4650,0
90489,337.67,15888.4650,15888.4650,0
90491,337.68,15888.4650,15888.4650,0
90497,337.69,15888.4650,15888.4650,0
90510,337.76,15888.4650,15888.4650,0
90523,337.82,15888.4650,15888.4650,0
90526,337.82,15888.4650,15888.4650,0
90534,337.86,15888.4650,15888.4650,0
90538,337.87,15888.4650,15888.4650,0
90545,337.89,15888.4650,15888.4650,0
90546,337.90,15888.4650,15888.4650,0
90549,337.90,15888.4650,15888.4650,0
90553,337.91,15888.4650,15888.4650,0
90558,337.92,15888.4650,15888.4650,0
90563,337.94,15888.4650,15888.4650,0
90566,337.94,15888.4650,15888.4650,0
90573,337.99,15888.4650,15888.4650,0
90574,337.99,15888.4650,15888.4650,0
90575,337.99,15888.4650,15888.4650,0
90576,337.99,15888.4650,15888.4650,0
90577,337.99,15888.4650,15888.4650,0
90579,338.00,15888.4650,15888.4650,0
90581,338.00,15888.4650,15888.4650,0
90585,338.03,15888.4650,15888.4650,0
90587,338.03,15888.4650,15888.4650,0
90589,338.04,15888.4650,15888.4650,0
90597,338.08,15888.4650,15888.4650,0
90601,338.10,15888.4650,15888.4650,0
90606,338.12,15888.4650,15888.4650,0
90614,338.13,15888.4650,15888.4650,0
90625,338.19,15888.4650,15888.4650,0
90626,338.19,15888.4650,15888.4650,0
90636,338.25,15888.4650,15888.4650,0
90637,338.25,15888.4650,15888.4650,0
90641,338.27,15888.4650,15888.4650,0
90642,338.27,15888.4650,15888.4650,0
90650,338.28,15888.4650,15888.4650,0
90653,338.28,15888.4650,15888.4650,0
90655,338.30,15888.4650,15888.4650,0
90660,338.31,15888.4650,15888.4650,0
90664,338.32,15888.4650,15888.4650,0
90665,338.32,15888.4650,15888.4650,0
90666,338.32,15888.4650,15888.4650,0
90671,338.35,15888.4650,15888.4650,0
90673,338.36,15888.4650,15888.4650,0
90679,338.37,15888.4650,15888.4650,0
90682,338.38,15888.4650,15888.4650,0
90686,338.40,15888.4650,15888.4650,0
90688,338.40,15888.4650,15888.4650,0
90691,338.42,15888.4650,15888.4650,0
90695,338.45,15888.4650,15888.4650,0
90714,338.52,15888.4650,15888.4650,0
90726,338.54,15888.4650,15888.4650,0
90730,338.56,15888.4650,15888.4650,0
90745,338.63,15888.4650,15888.4650,0
90747,338.64,15888.4650,15888.4650,0
90751,338.64,15888.4650,15888.4650,0
90752,338.65,15888.4650,15888.4650,0
90753,338.65,15888.4650,15888.4650,0
90757,338.65,15888.4650,15888.4650,0
90785,338.73,15888.4650,15888.4650,0
90786,338.73,15888.4650,15888.4650,0
90794,338.75,15888.4650,15888.4650,0
90799,338.78,15888.4650,15888.4650,0
90807,338.79,15888.4650,15888.4650,0
90810,338.79,15888.4650,15888.4650,0
90813,338.80,15888.4650,15888.4650,0
90814,338.81,15888.4650,15888.4650,0
90815,338.81,15888.4650,15888.4650,0
90816,338.81,15888.4650,15888.4650,0
90832,338.88,15888.4650,15888.4650,0
90838,338.91,15888.4650,15888.4650,0
90842,338.94,15888.4650,15888.4650,0
90850,338.98,15888.4650,15888.4650,0
90851,338.98,15888.4650,15888.4650,0
90852,338.99,15888.4650,15888.4650,0
90864,339.01,15888.4650,15888.4650,0
90867,339.04,15888.4650,15888.4650,0
90870,339.04,15888.4650,15888.4650,0
90871,339.04,15888.4650,15888.4650,0
90872,339.04,15888.4650,15888.4650,0
90874,339.04,15888.4650,15888.4650,0
90878,339.05,15888.4650,15888.4650,0
90880,339.06,15888.4650,15888.4650,0
90885,339.07,15888.4650,15888.4650,0
90888,339.07,15888.4650,15888.4650,0
90890,339.08,15888.4650,15888.4650,0
90894,339.10,15888.4650,15888.4650,0
90897,339.10,15888.4650,15888.4650,0
90901,339.10,15888.4650,15888.4650,0
90902,339.10,15888.4650,15888.4650,0
90904,339.10,15888.4650,15888.4650,0
90912,339.15,15888.4650,15888.4650,0
90913,339.15,15888.4650,15888.4650,0
90918,339.17,15888.4650,15888.4650,0
90919,339.17,15888.4650,15888.4650,0
90921,339.18,15888.4650,15888.4650,0
90928,339.19,15888.4650,15888.4650,0
90931,339.20,15888.4650,15888.4650,0
90938,339.23,15888.4650,15888.4650,0
90940,339.24,15888.4650,15888.4650,0
90941,339.24,15888.4650,15888.4650,0
90946,339.26,15888.4650,15888.4650,0
90947,339.27,15888.4650,15888.4650,0
90950,339.27,15888.4650,15888.4650,0
90957,339.29,15888.4650,15888.4650,0
90959,339.29,15888.4650,15888.4650,0
90960,339.30,15888.4650,15888.4650,0
90968,339.34,15888.4650,15888.4650,0
90969,339.34,15888.4650,15888.4650,0
90977,339.38,15888.4650,15888.4650,0
90986,339.41,15888.4650,15888.4650,0
90989,339.41,15888.4650,15888.4650,0
90991,339.42,15888.4650,15888.4650,0
90996,339.42,15888.4650,15888.4650,0
90997,339.42,15888.4650,15888.4650,0
91004,339.44,15888.4650,15888.4650,0
91011,339.46,15888.4650,15888.4650,0
91015,339.47,15888.4650,15888.4650,0
91020,339.49,15888.4650,15888.4650,0
91023,339.49,15888.4650,15888.4650,0
91027,339.51,15888.4650,15888.4650,0
91032,339.52,15888.4650,15888.4650,0
91044,339.55,15888.4650,15888.4650,0
91045,339.55,15888.4650,15888.4650,0
91048,339.56,15888.4650,15888.4650,0
91050,339.56,15888.4650,15888.4650,0
91051,339.56,15888.4650,15888.4650,0
91052,339.56,15888.4650,15888.4650,0
91054,339.56,15888.4650,15888.4650,0
91055,339.56,15888.4650,15888.4650,0
91056,339.57,15888.4650,15888.4650,0
91062,339.60,15888.4650,15888.4650,0
91064,339.61,15888.4650,15888.4650,0
91068,339.63,15888.4650,15888.4650,0
91071,339.63,15888.4650,15888.4650,0
91074,339.65,15888.4650,15888.4650,0
91076,339.65,15888.4650,15888.4650,0
91082,339.67,15888.4650,15888.4650,0
91083,339.68,15888.4650,15888.4650,0
91086,339.69,15888.4650,15888.4650,0
91088,339.69,15888.4650,15888.4650,0
91095,339.73,15888.4650,15888.4650,0
91104,339.77,15888.4650,15888.4650,0
91116,339.82,15888.4650,15888.4650,0
91117,339.82,15888.4650,15888.4650,0
91118,339.82,15888.4650,15888.4650,0
91122,339.83,15888.4650,15888.4650,0
91123,339.83,15888.4650,15888.4650,0
91128,339.83,15888.4650,15888.4650,0
91135,339.89,15888.4650,15888.4650,0
91140,339.89,15888.4650,15888.4650,0
91153,339.95,15888.4650,15888.4650,1
91154,340.01,15685.6854,15888.4650,0
91156,340.03,15685.6854,15888.4650,0
91157,340.07,15685.6854,15888.4650,0
91158,340.13,15685.6854,15888.4650,0
91166,340.37,15685.6854,15888.4650,0
91169,340.42,15796.3826,15888.4650,0
91170,340.44,15796.3826,15888.4650,0
91171,340.47,15855.9999,15888.4650,0
91177,340.63,15855.9999,15888.4650,0
91180,340.69,15855.9999,15888.4650,0
91184,340.81,15855.9999,15888.4650,0
91188,340.87,15855.9999,15888.4650,0
91190,340.93,15855.9999,15888.4650,0
91191,340.94,15855.9999,15888.4650,0
91194,341.00,15855.9999,15888.4650,0
91202,341.13,15855.9999,15888.4650,0
91204,341.19,15855.9999,15888.4650,0
91205,341.20,15855.9999,15888.4650,0
91209,341.27,15855.9999,15888.4650,0
91211,341.28,15855.9999,15888.4650,0
91212,341.28,15855.9999,15888.4650,0
91214,341.29,15855.9999,15888.4650,0
91226,341.36,15855.9999,15888.4650,0
91231,341.41,15855.9999,15888.4650,0
91235,341.42,15855.9999,15888.4650,0
91241,341.48,15855.9999,15888.4650,0
91242,341.48,15855.9999,15888.4650,0
91243,341.48,15855.9999,15888.4650,0
91246,341.49,15855.9999,15888.4650,0
91256,341.57,15855.9999,15888.4650,0
91261,341.62,15855.9999,15888.4650,0
91262,341.62,15855.9999,15888.4650,0
91267,341.64,15855.9999,15888.4650,0
91276,341.69,15855.9999,15888.4650,0
91285,341.77,15855.9999,15888.4650,0
91286,341.77,15855.9999,15888.4650,0
91287,341.77,15855.9999,15888.4650,0
91291,341.81,15855.9999,15888.4650,0
91293,341.81,15855.9999,15888.4650,0
91296,341.84,15855.9999,15888.4650,0
91297,341.84,15855.9999,15888.4650,0
91298,341.84,15855.9999,15888.4650,0
91302,341.87,15855.9999,15888.4650,0
91303,341.87,15855.9999,15888.4650,0
91314,341.93,15855.9999,15888.4650,0
91330,342.07,15855.9999,15888.4650,0
91331,342.07,15855.9999,15888.4650,0
91333,342.08,15855.9999,15888.4650,0
91344,342.15,15855.9999,15888.4650,0
91347,342.16,15855.9999,15888.4650,0
91354,342.17,15855.9999,15888.4650,0
91355,342.17,15855.9999,15888.4650,0
91359,342.24,15855.9999,15888.4650,0
91362,342.24,15855.9999,15888.4650,0
91371,342.26,15855.9999,15888.4650,0
91377,342.28,15855.9999,15888.4650,0
91378,342.28,15855.9999,15888.4650,0
91388,342.31,15855.9999,15888.4650,0
91392,342.32,15855.9999,15888.4650,0
91395,342.34,15855.9999,15888.4650,0
91399,342.35,15855.9999,15888.4650,0
91402,342.35,15855.9999,15888.4650,0
91403,342.35,15855.9999,15888.4650,0
91412,342.38,15855.9999,15888.4650,0
91413,342.38,15855.9999,15888.4650,0
91414,342.39,15855.9999,15888.4650,0
91418,342.40,15855.9999,15888.4650,0
91422,342.43,15855.9999,15888.4650,0
91425,342.45,15855.9999,15888.4650,0
91427,342.46,15855.9999,15888.4650,0
91428,342.52,15855.9999,15888.4650,0
91430,342.52,15855.9999,15888.4650,0
91438,342.54,15855.9999,15888.4650,0
91441,342.55,15855.9999,15888.4650,0
91448,342.62,15855.9999,15888.4650,0
91449,342.62,15855.9999,15888.4650,0
91451,342.67,15855.9999,15888.4650,0
91454,342.71,15855.9999,15888.4650,0
91460,342.74,15855.9999,15888.4650,0
91464,342.75,15855.9999,15888.4650,0
91472,342.81,15855.9999,15888.4650,0
91478,342.88,15855.9999,15888.4650,0
91480,342.89,15855.9999,15888.4650,0
91486,342.91,15855.9999,15888.4650,0
91488,342.95,15855.9999,15888.4650,0
91492,342.97,15855.9999,15888.4650,0
91502,342.98,15855.9999,15888.4650,0
91506,342.99,15855.9999,15888.4650,0
91509,343.00,15855.9999,15888.4650,0
91512,343.00,15855.9999,15888.4650,0
91523,343.06,15855.9999,15888.4650,0
91527,343.06,15855.9999,15888.4650,0
91529,343.06,15855.9999,15888.4650,0
91537,343.16,15855.9999,15888.4650,0
91544,343.20,15855.9999,15888.4650,0
91548,343.24,15855.9999,15888.4650,0
91549,343.24,15855.9999,15888.4650,0
91551,343.28,15855.9999,15888.4650,0
91554,343.28,15855.9999,15888.4650,0
91557,343.29,15855.9999,15888.4650,0
91558,343.29,15855.9999,15888.4650,0
91565,343.32,15855.9999,15888.4650,0
91575,343.42,15855.9999,15888.4650,0
91577,343.42,15855.9999,15888.4650,0
91578,343.42,15855.9999,15888.4650,0
91584,343.47,15855.9999,15888.4650,0
91585,343.47,15855.9999,15888.4650,0
91586,343.48,15855.9999,15888.4650,0
91590,343.51,15855.9999,15888.4650,0
91597,343.54,15855.9999,15888.4650,0
91598,343.54,15855.9999,15888.4650,0
91603,343.56,15855.9999,15888.4650,0
91604,343.56,15855.9999,15888.4650,0
91611,343.57,15855.9999,15888.4650,0
91619,343.59,15855.9999,15888.4650,0
91623,343.59,15855.9999,15888.4650,0
91624,343.59,15855.9999,15888.4650,0
91628,343.64,15855.9999,15888.4650,0
91630,343.64,15855.9999,15888.4650,0
91636,343.65,15855.9999,15888.4650,0
91638,343.65,15855.9999,15888.4650,0
91639,343.65,15855.9999,15888.4650,0
91643,343.66,15855.9999,15888.4650,0
91644,343.66,15855.9999,15888.4650,0
91645,343.66,15855.9999,15888.4650,0
91646,343.66,15855.9999,15888.4650,0
91648,343.66,15855.9999,15888.4650,0
91649,343.66,15855.9999,15888.4650,0
91651,343.66,15855.9999,15888.4650,0
91653,343.66,15855.9999,15888.4650,0
91666,343.71,15855.9999,15888.4650,0
91667,343.71,15855.9999,15888.4650,0
91674,343.72,15855.9999,15888.4650,0
91678,343.76,15855.9999,15888.4650,0
91694,343.81,15855.9999,15888.4650,0
91698,343.82,15855.9999,15888.4650,0
91704,343.83,15855.9999,15888.4650,0
91706,343.84,15855.9999,15888.4650,0
91709,343.86,15855.9999,15888.4650,0
91711,343.87,15855.9999,15888.4650,0
91712,343.88,15855.9999,15888.4650,0
91713,343.88,15855.9999,15888.4650,0
91719,343.89,15855.9999,15888.4650,0
91724,343.89,15855.9999,15888.4650,0
91729,343.90,15855.9999,15888.4650,0
91735,343.91,15855.9999,15888.4650,0
91737,343.94,15855.9999,15888.4650,0
91747,343.99,15855.9999,15888.4650,0
91748,343.99,15855.9999,15888.4650,0
91749,343.99,15855.9999,15888.4650,0
91751,344.01,15855.9999,15888.4650,0
91753,344.02,15855.9999,15888.4650,0
91755,344.03,15855.9999,15888.4650,0
91756,344.03,15855.9999,15888.4650,0
91759,344.07,15855.9999,15888.4650,0
91763,344.08,15855.9999,15888.4650,0
91772,344.09,15855.9999,15888.4650,0
91778,344.12,15855.9999,15888.4650,0
91779,344.12,15855.9999,15888.4650,0
91786,344.14,15855.9999,15888.4650,0
91789,344.15,15855.9999,15888.4650,0
91802,344.17,15855.9999,15888.4650,0
91808,344.18,15855.9999,15888.4650,0
91810,344.18,15855.9999,15888.4650,0
91811,344.18,15855.9999,15888.4650,0
91812,344.18,15855.9999,15888.4650,0
91815,344.18,15855.9999,15888.4650,0
91817,344.19,15855.9999,15888.4650,0
91822,344.20,15855.9999,15888.4650,0
91823,344.20,15855.9999,15888.4650,0
91824,344.20,15855.9999,15888.4650,0
91829,344.24,15855.9999,15888.4650,0
91836,344.28,15855.9999,15888.4650,0
91838,344.28,15855.9999,15888.4650,0
91841,344.28,15855.9999,15888.4650,0
91842,344.29,15855.9999,15888.4650,0
91843,344.29,15855.9999,15888.4650,0
91844,344.29,15855.9999,15888.4650,0
91855,344.33,15855.9999,15888.4650,0
91857,344.33,15855.9999,15888.4650,0
91861,344.34,15855.9999,15888.4650,0
91870,344.36,15855.9999,15888.4650,0
91871,344.36,15855.9999,15888.4650,0
91884,344.42,15855.9999,15888.4650,0
91890,344.45,15855.9999,15888.4650,0
91902,344.51,15855.9999,15888.4650,0
91905,344.51,15855.9999,15888.4650,0
91906,344.52,15855.9999,15888.4650,0
91907,344.52,15855.9999,15888.4650,0
91911,344.57,15855.9999,15888.4650,0
91914,344.57,15855.9999,15888.4650,0
91917,344.58,15855.9999,15888.4650,0
91920,344.59,15855.9999,15888.4650,0
91924,344.61,15855.9999,15888.4650,0
91926,344.62,15855.9999,15888.4650,0
91927,344.62,15855.9999,15888.4650,0
91933,344.65,15855.9999,15888.4650,0
91937,344.65,15855.9999,15888.4650,0
91945,344.69,15855.9999,15888.4650,0
91948,344.70,15855.9999,15888.4650,0
91949,344.70,15855.9999,15888.4650,0
91952,344.71,15855.9999,15888.4650,0
91953,344.71,15855.9999,15888.4650,0
91954,344.71,15855.9999,15888.4650,0
91965,344.75,15855.9999,15888.4650,0
91967,344.75,15855.9999,15888.4650,0
91974,344.78,15855.9999,15888.4650,0
91975,344.79,15855.9999,15888.4650,0
91976,344.79,15855.9999,15888.4650,0
91978,344.81,15855.9999,15888.4650,0
91982,344.81,15855.9999,15888.4650,0
91989,344.83,15855.9999,15888.4650,0
91991,344.83,15855.9999,15888.4650,0
91999,344.86,15855.9999,15888.4650,0
92004,344.89,15855.9999,15888.4650,0
92010,344.91,15855.9999,15888.4650,0
92012,344.91,15855.9999,15888.4650,0
92015,344.91,15855.9999,15888.4650,0
92018,344.92,15855.9999,15888.4650,0
92021,344.93,15855.9999,15888.4650,0
92024,344.93,15855.9999,15888.4650,0
92025,344.93,15855.9999,15888.4650,0
92027,344.97,15855.9999,15888.4650,0
92032,344.97,15855.9999,15888.4650,0
92033,344.97,15855.9999,15888.4650,0
92035,344.97,15855.9999,15888.4650,0
92038,344.99,15855.9999,15888.4650,0
92040,344.99,15855.9999,15888.4650,0
92044,345.01,15855.9999,15888.4650,0
92045,345.01,15855.9999,15888.4650,0
92047,345.01,15855.9999,15888.4650,0
92052,345.03,15855.9999,15888.4650,0
92056,345.05,15855.9999,15888.4650,0
92058,345.07,15855.9999,15888.4650,0
92061,345.08,15855.9999,15888.4650,0
92064,345.09,15855.9999,15888.4650,0
92066,345.09,15855.9999,15888.4650,0
92067,345.09,15855.9999,15888.4650,0
92070,345.11,15855.9999,15888.4650,0
92075,345.13,15855.9999,15888.4650,0
92080,345.15,15855.9999,15888.4650,0
92086,345.17,15855.9999,15888.4650,0
92087,345.17,15855.9999,15888.4650,0
92088,345.17,15855.9999,15888.4650,0
92089,345.17,15855.9999,15888.4650,0
92090,345.17,15855.9999,15888.4650,0
92096,345.18,15855.9999,15888.4650,0
92101,345.20,15855.9999,15888.4650,0
92102,345.20,15855.9999,15888.4650,0
92107,345.22,15855.9999,15888.4650,0
92108,345.23,15855.9999,15888.4650,0
92112,345.25,15855.9999,15888.4650,0
92117,345.26,15855.9999,15888.4650,0
92122,345.29,15855.9999,15888.4650,0
92124,345.29,15855.9999,15888.4650,0
92125,345.29,15855.9999,15888.4650,0
92126,345.29,15855.9999,15888.4650,0
92130,345.31,15855.9999,15888.4650,0
92131,345.31,15855.9999,15888.4650,0
92141,345.37,15855.9999,15888.4650,0
92143,345.37,15855.9999,15888.4650,0
92146,345.37,15855.9999,15888.4650,0
92147,345.38,15855.9999,15888.4650,0
92149,345.38,15855.9999,15888.4650,0
92152,345.40,15855.9999,15888.4650,0
92156,345.42,15855.9999,15888.4650,0
92157,345.45,15855.9999,15888.4650,0
92163,345.48,15855.9999,15888.4650,0
92172,345.53,15855.9999,15888.4650,0
92174,345.54,15855.9999,15888.4650,0
92176,345.54,15855.9999,15888.4650,0
92185,345.60,15855.9999,15888.4650,0
92194,345.64,15855.9999,15888.4650,0
92196,345.65,15855.9999,15888.4650,0
92197,345.65,15855.9999,15888.4650,0
92202,345.67,15855.9999,15888.4650,0
92206,345.67,15855.9999,15888.4650,0
92207,345.67,15855.9999,15888.4650,0
92214,345.69,15855.9999,15888.4650,0
92215,345.69,15855.9999,15888.4650,0
92217,345.69,15855.9999,15888.4650,0
92219,345.69,15855.9999,15888.4650,0
92223,345.72,15855.9999,15888.4650,0
92233,345.77,15855.9999,15888.4650,0
92235,345.77,15855.9999,15888.4650,0
92242,345.79,15855.9999,15888.4650,0
92245,345.79,15855.9999,15888.4650,0
92258,345.85,15855.9999,15888.4650,0
92262,345.86,15855.9999,15888.4650,0
92264,345.86,15855.9999,15888.4650,0
92266,345.86,15855.9999,15888.4650,0
92267,345.86,15855.9999,15888.4650,0
92268,345.87,15855.9999,15888.4650,0
92281,345.90,15855.9999,15888.4650,0
92284,345.90,15855.9999,15888.4650,0
92288,345.92,15855.9999,15888.4650,0
92291,345.92,15855.9999,15888.4650,0
92311,345.99,15855.9999,15888.4650,0
92313,345.99,15855.9999,15888.4650,0
92314,345.99,15855.9999,15888.4650,0
92317,346.00,15855.9999,15888.4650,0
92323,346.01,15855.9999,15888.4650,0
92325,346.03,15855.9999,15888.4650,0
92326,346.03,15855.9999,15888.4650,0
92330,346.05,15855.9999,15888.4650,0
92338,346.11,15855.9999,15888.4650,0
92340,346.12,15855.9999,15888.4650,0
92344,346.14,15855.9999,15888.4650,0
92345,346.14,15855.9999,15888.4650,0
92346,346.14,15855.9999,15888.4650,0
92349,346.16,15855.9999,15888.4650,0
92350,346.16,15855.9999,15888.4650,0
92351,346.16,15855.9999,15888.4650,0
92356,346.21,15855.9999,15888.4650,0
92363,346.25,15855.9999,15888.4650,0
92364,346.25,15855.9999,15888.4650,0
92366,346.25,15855.9999,15888.4650,0
92370,346.27,15855.9999,15888.4650,0
92371,346.27,15855.9999,15888.4650,0
92377,346.28,15855.9999,15888.4650,0
92383,346.33,15855.9999,15888.4650,0
92388,346.34,15855.9999,15888.4650,0
92389,346.34,15855.9999,15888.4650,0
92390,346.34,15855.9999,15888.4650,0
92391,346.35,15855.9999,15888.4650,0
92394,346.35,15855.9999,15888.4650,0
92399,346.37,15855.9999,15888.4650,0
92406,346.39,15855.9999,15888.4650,0
92413,346.41,15855.9999,15888.4650,0
92417,346.41,15855.9999,15888.4650,0
92418,346.42,15855.9999,15888.4650,0
92421,346.45,15855.9999,15888.4650,0
92427,346.49,15855.9999,15888.4650,0
92437,346.54,15855.9999,15888.4650,0
92438,346.54,15855.9999,15888.4650,0
92443,346.55,15855.9999,15888.4650,0
92448,346.58,15855.9999,15888.4650,0
92455,346.62,15855.9999,15888.4650,0
92459,346.64,15855.9999,15888.4650,0
92461,346.64,15855.9999,15888.4650,0
92469,346.66,15855.9999,15888.4650,0
92471,346.66,15855.9999,15888.4650,0
92473,346.67,15855.9999,15888.4650,0
92477,346.68,15855.9999,15888.4650,0
92478,346.69,15855.9999,15888.4650,0
92484,346.69,15855.9999,15888.4650,0
92488,346.69,15855.9999,15888.4650,0
92495,346.72,15855.9999,15888.4650,0
92497,346.72,15855.9999,15888.4650,0
92502,346.76,15855.9999,15888.4650,0
92508,346.80,15855.9999,15888.4650,0
92510,346.80,15855.9999,15888.4650,0
92512,346.80,15855.9999,15888.4650,0
92514,346.80,15855.9999,15888.4650,0
92520,346.81,15855.9999,15888.4650,0
92521,346.81,15855.9999,15888.4650,0
92525,346.83,15855.9999,15888.4650,0
92532,346.88,15855.9999,15888.4650,0
92536,346.91,15855.9999,15888.4650,0
92540,346.91,15855.9999,15888.4650,0
92542,346.93,15855.9999,15888.4650,0
92543,346.93,15855.9999,15888.4650,0
92545,346.93,15855.9999,15888.4650,0
92559,346.97,15855.9999,15888.4650,0
92568,346.98,15855.9999,15888.4650,0
92580,347.08,15855.9999,15888.4650,0
92582,347.09,15855.9999,15888.4650,0
92588,347.09,15855.9999,15888.4650,0
92591,347.09,15855.9999,15888.4650,0
92594,347.11,15855.9999,15888.4650,0
92595,347.11,15855.9999,15888.4650,0
92600,347.12,15855.9999,15888.4650,0
92604,347.14,15855.9999,15888.4650,0
92605,347.14,15855.9999,15888.4650,0
92609,347.15,15855.9999,15888.4650,0
92610,347.15,15855.9999,15888.4650,0
92617,347.18,15855.9999,15888.4650,0
92624,347.22,15855.9999,15888.4650,0
92625,347.22,15855.9999,15888.4650,0
92628,347.22,15855.9999,15888.4650,0
92629,347.22,15855.9999,15888.4650,0
92632,347.23,15855.9999,15888.4650,0
92641,347.24,15855.9999,15888.4650,0
92646,347.25,15855.9999,15888.4650,0
92651,347.26,15855.9999,15888.4650,0
92655,347.27,15855.9999,15888.4650,0
92658,347.29,15855.9999,15888.4650,0
92661,347.30,15855.9999,15888.4650,0
92662,347.31,15855.9999,15888.4650,0
92666,347.32,15855.9999,15888.4650,0
92674,347.34,15855.9999,15888.4650,0
92682,347.36,15855.9999,15888.4650,0
92685,347.38,15855.9999,15888.4650,0
92705,347.45,15855.9999,15888.4650,0
92711,347.46,15855.9999,15888.4650,0
92712,347.46,15855.9999,15888.4650,0
92713,347.46,15855.9999,15888.4650,0
92717,347.47,15855.9999,15888.4650,0
92719,347.47,15855.9999,15888.4650,0
92721,347.47,15855.9999,15888.4650,0
92729,347.50,15855.9999,15888.4650,0
92736,347.52,15855.9999,15888.4650,0
92745,347.56,15855.9999,15888.4650,0
92750,347.58,15855.9999,15888.4650,0
92759,347.60,15855.9999,15888.4650,0
92765,347.63,15855.9999,15888.4650,0
92768,347.63,15855.9999,15888.4650,0
92769,347.63,15855.9999,15888.4650,0
92782,347.67,15855.9999,15888.4650,0
92785,347.67,15855.9999,15888.4650,0
92786,347.67,15855.9999,15888.4650,0
92792,347.70,15855.9999,15888.4650,0
92793,347.70,15855.9999,15888.4650,0
92799,347.73,15855.9999,15888.4650,0
92803,347.76,15855.9999,15888.4650,0
92808,347.78,15855.9999,15888.4650,0
92812,347.79,15855.9999,15888.4650,0
92813,347.79,15855.9999,15888.4650,0
92817,347.82,15855.9999,15888.4650,0
92820,347.82,15855.9999,15888.4650,0
92821,347.82,15855.9999,15888.4650,0
92825,347.83,15855.9999,15888.4650,0
92828,347.84,15855.9999,15888.4650,0
92832,347.85,15855.9999,15888.4650,0
92834,347.85,15855.9999,15888.4650,0
92835,347.85,15855.9999,15888.4650,0
92837,347.87,15855.9999,15888.4650,0
92843,347.88,15855.9999,15888.4650,0
92845,347.88,15855.9999,15888.4650,0
92850,347.90,15855.9999,15888.4650,0
92851,347.90,15855.9999,15888.4650,0
92857,347.91,15855.9999,15888.4650,0
92875,348.00,15855.9999,15888.4650,0
92876,348.00,15855.9999,15888.4650,0
92880,348.00,15855.9999,15888.4650,0
92883,348.00,15855.9999,15888.4650,0
92884,348.00,15855.9999,15888.4650,0
92890,348.01,15855.9999,15888.4650,0
92891,348.01,15855.9999,15888.4650,0
92898,348.04,15855.9999,15888.4650,0
92908,348.07,15855.9999,15888.4650,0
92909,348.07,15855.9999,15888.4650,0
92916,348.10,15855.9999,15888.4650,0
92917,348.10,15855.9999,15888.4650,0
92919,348.10,15855.9999,15888.4650,0
92923,348.12,15855.9999,15888.4650,0
92924,348.12,15855.9999,15888.4650,0
92925,348.12,15855.9999,15888.4650,0
92926,348.12,15855.9999,15888.4650,0
92934,348.13,15855.9999,15888.4650,0
92938,348.14,15855.9999,15888.4650,0
92942,348.16,15855.9999,15888.4650,0
92955,348.20,15855.9999,15888.4650,0
92959,348.23,15855.9999,15888.4650,0
92965,348.25,15855.9999,15888.4650,0
92968,348.25,15855.9999,15888.4650,0
92969,348.25,15855.9999,15888.4650,0
92970,348.25,15855.9999,15888.4650,0
92975,348.27,15855.9999,15888.4650,0
92976,348.27,15855.9999,15888.4650,0
92983,348.28,15855.9999,15888.4650,0
92984,348.28,15855.9999,15888.4650,0
92985,348.28,15855.9999,15888.4650,0
92987,348.29,15855.9999,15888.4650,0
92995,348.31,15855.9999,15888.4650,0
92998,348.32,15855.9999,15888.4650,0
93004,348.34,15855.9999,15888.4650,0
93011,348.38,15855.9999,15888.4650,0
93017,348.41,15855.9999,15888.4650,0
93018,348.41,15855.9999,15888.4650,0
93021,348.42,15855.9999,15888.4650,0
93030,348.45,15855.9999,15888.4650,0
93033,348.46,15855.9999,15888.4650,0
93043,348.49,15855.9999,15888.4650,0
93045,348.49,15855.9999,15888.4650,0
93053,348.50,15855.9999,15888.4650,0
93060,348.52,15855.9999,15888.4650,0
93071,348.56,15855.9999,15888.4650,0
93074,348.58,15855.9999,15888.4650,0
93078,348.58,15855.9999,15888.4650,0
93086,348.59,15855.9999,15888.4650,0
93090,348.60,15855.9999,15888.4650,0
93093,348.60,15855.9999,15888.4650,0
93097,348.60,15855.9999,15888.4650,0
93100,348.62,15855.9999,15888.4650,0
93101,348.62,15855.9999,15888.4650,0
93103,348.62,15855.9999,15888.4650,0
93109,348.64,15855.9999,15888.4650,0
93111,348.64,15855.9999,15888.4650,0
93132,348.69,15855.9999,15888.4650,0
93143,348.73,15855.9999,15888.4650,0
93145,348.73,15855.9999,15888.4650,0
93146,348.73,15855.9999,15888.4650,0
93148,348.74,15855.9999,15888.4650,0
93156,348.76,15855.9999,15888.4650,0
93159,348.78,15855.9999,15888.4650,0
93162,348.79,15855.9999,15888.4650,0
93164,348.80,15855.9999,15888.4650,0
93167,348.82,15855.9999,15888.4650,0
93170,348.83,15855.9999,15888.4650,0
93179,348.87,15855.9999,15888.4650,0
93180,348.87,15855.9999,15888.4650,0
93181,348.87,15855.9999,15888.4650,0
93182,348.87,15855.9999,15888.4650,0
93187,348.89,15855.9999,15888.4650,0
93193,348.91,15855.9999,15888.4650,0
93196,348.92,15855.9999,15888.4650,0
93197,348.93,15855.9999,15888.4650,0
93203,348.95,15855.9999,15888.4650,0
93218,349.06,15855.9999,15888.4650,0
93226,349.09,15855.9999,15888.4650,0
93234,349.16,15855.9999,15888.4650,0
93244,349.23,15855.9999,15888.4650,0
93248,349.23,15855.9999,15888.4650,0
93250,349.23,15855.9999,15888.4650,0
93256,349.24,15855.9999,15888.4650,0
93259,349.25,15855.9999,15888.4650,0
93261,349.25,15855.9999,15888.4650,0
93270,349.31,15855.9999,15888.4650,0
93272,349.31,15855.9999,15888.4650,0
93274,349.31,15855.9999,15888.4650,0
93276,349.32,15855.9999,15888.4650,0
93280,349.34,15855.9999,15888.4650,0
93285,349.36,15855.9999,15888.4650,0
93292,349.38,15855.9999,15888.4650,0
93300,349.43,15855.9999,15888.4650,0
93304,349.45,15855.9999,15888.4650,0
93306,349.46,15855.9999,15888.4650,0
93308,349.46,15855.9999,15888.4650,0
93309,349.46,15855.9999,15888.4650,0
93311,349.47,15855.9999,15888.4650,0
93313,349.48,15855.9999,15888.4650,0
93316,349.49,15855.9999,15888.4650,0
93319,349.50,15855.9999,15888.4650,0
93322,349.50,15855.9999,15888.4650,0
93333,349.54,15855.9999,15888.4650,0
93335,349.54,15855.9999,15888.4650,0
93344,349.58,15855.9999,15888.4650,0
93350,349.61,15855.9999,15888.4650,0
93354,349.61,15855.9999,15888.4650,0
93355,349.62,15855.9999,15888.4650,0
93358,349.64,15855.9999,15888.4650,0
93363,349.68,15855.9999,15888.4650,0
93368,349.70,15855.9999,15888.4650,0
93370,349.71,15855.9999,15888.4650,0
93376,349.74,15855.9999,15888.4650,0
93378,349.74,15855.9999,15888.4650,0
93389,349.75,15855.9999,15888.4650,0
93395,349.76,15855.9999,15888.4650,0
93399,349.79,15855.9999,15888.4650,0
93401,349.81,15855.9999,15888.4650,0
93402,349.81,15855.9999,15888.4650,0
93411,349.82,15855.9999,15888.4650,0
93426,349.88,15855.9999,15888.4650,0
93440,349.91,15855.9999,15888.4650,0
93441,349.91,15855.9999,15888.4650,0
93442,349.91,15855.9999,15888.4650,0
93447,349.93,15855.9999,15888.4650,0
93451,349.93,15855.9999,15888.4650,0
93459,349.96,15855.9999,15888.4650,0
93462,349.96,15855.9999,15888.4650,0
93468,349.98,15855.9999,15888.4650,0
93471,350.00,15855.9999,15888.4650,0
93479,350.03,15855.9999,15888.4650,0
93486,350.06,15855.9999,15888.4650,0
93489,350.06,15855.9999,15888.4650,0
93490,350.07,15855.9999,15888.4650,0
93497,350.09,15855.9999,15888.4650,0
93499,350.10,15855.9999,15888.4650,0
93500,350.10,15855.9999,15888.4650,0
93504,350.11,15855.9999,15888.4650,0
93505,350.11,15855.9999,15888.4650,0
93509,350.14,15855.9999,15888.4650,0
93513,350.15,15855.9999,15888.4650,0
93516,350.16,15855.9999,15888.4650,0
93518,350.16,15855.9999,15888.4650,0
93519,350.16,15855.9999,15888.4650,0
93522,350.17,15855.9999,15888.4650,0
93528,350.20,15855.9999,15888.4650,0
93535,350.23,15855.9999,15888.4650,0
93539,350.24,15855.9999,15888.4650,0
93543,350.25,15855.9999,15888.4650,0
93546,350.26,15855.9999,15888.4650,0
93548,350.26,15855.9999,15888.4650,0
93549,350.26,15855.9999,15888.4650,0
93551,350.26,15855.9999,15888.4650,0
93556,350.27,15855.9999,15888.4650,0
93558,350.27,15855.9999,15888.4650,0
93560,350.27,15855.9999,15888.4650,0
93568,350.29,15855.9999,15888.4650,0
93569,350.29,15855.9999,15888.4650,0
93572,350.29,15855.9999,15888.4650,0
93578,350.31,15855.9999,15888.4650,0
93586,350.34,15855.9999,15888.4650,0
93587,350.34,15855.9999,15888.4650,0
93589,350.34,15855.9999,15888.4650,0
93592,350.34,15855.9999,15888.4650,0
93593,350.34,15855.9999,15888.4650,0
93594,350.34,15855.9999,15888.4650,0
93598,350.36,15855.9999,15888.4650,0
93613,350.44,15855.9999,15888.4650,0
93615,350.45,15855.9999,15888.4650,0
93623,350.46,15855.9999,15888.4650,0
93625,350.47,15855.9999,15888.4650,0
93627,350.48,15855.9999,15888.4650,0
93634,350.50,15855.9999,15888.4650,0
93637,350.51,15855.9999,15888.4650,0
93643,350.53,15855.9999,15888.4650,0
93649,350.54,15855.9999,15888.4650,0
93651,350.54,15855.9999,15888.4650,0
93654,350.54,15855.9999,15888.4650,0
93655,350.54,15855.9999,15888.4650,0
93657,350.55,15855.9999,15888.4650,0
93663,350.57,15855.9999,15888.4650,0
93667,350.57,15855.9999,15888.4650,0
93674,350.60,15855.9999,15888.4650,0
93677,350.61,15855.9999,15888.4650,0
93678,350.61,15855.9999,15888.4650,0
93687,350.63,15855.9999,15888.4650,0
93690,350.64,15855.9999,15888.4650,0
93692,350.64,15855.9999,15888.4650,0
93693,350.64,15855.9999,15888.4650,0
93694,350.64,15855.9999,15888.4650,0
93706,350.70,15855.9999,15888.4650,0
93709,350.71,15855.9999,15888.4650,0
93719,350.74,15855.9999,15888.4650,0
93721,350.75,15855.9999,15888.4650,0
93726,350.77,15855.9999,15888.4650,0
93734,350.79,15855.9999,15888.4650,0
93737,350.80,15855.9999,15888.4650,0
93740,350.81,15855.9999,15888.4650,0
93741,350.81,15855.9999,15888.4650,0
93742,350.81,15855.9999,15888.4650,0
93746,350.85,15855.9999,15888.4650,0
93749,350.85,15855.9999,15888.4650,0
93754,350.86,15855.9999,15888.4650,0
93755,350.86,15855.9999,15888.4650,0
93756,350.87,15855.9999,15888.4650,0
93764,350.88,15855.9999,15888.4650,0
93767,350.91,15855.9999,15888.4650,0
93772,350.91,15855.9999,15888.4650,0
93775,350.93,15855.9999,15888.4650,0
93776,350.93,15855.9999,15888.4650,0
93779,350.94,15855.9999,15888.4650,0
93782,350.95,15855.9999,15888.4650,0
93789,350.97,15855.9999,15888.4650,0
93793,350.98,15855.9999,15888.4650,0
93798,351.01,15855.9999,15888.4650,0
93800,351.02,15855.9999,15888.4650,0
93802,351.02,15855.9999,15888.4650,0
93806,351.03,15855.9999,15888.4650,0
93808,351.03,15855.9999,15888.4650,0
93812,351.03,15855.9999,15888.4650,0
93813,351.03,15855.9999,15888.4650,0
93815,351.03,15855.9999,15888.4650,0
93818,351.03,15855.9999,15888.4650,0
93820,351.04,15855.9999,15888.4650,0
93822,351.06,15855.9999,15888.4650,0
93824,351.06,15855.9999,15888.4650,0
93835,351.09,15855.9999,15888.4650,0
93837,351.09,15855.9999,15888.4650,0
93838,351.10,15855.9999,15888.4650,0
93842,351.10,15855.9999,15888.4650,0
93844,351.11,15855.9999,15888.4650,0
93851,351.12,15855.9999,15888.4650,0
93852,351.12,15855.9999,15888.4650,0
93858,351.16,15855.9999,15888.4650,0
93880,351.22,15855.9999,15888.4650,0
93881,351.22,15855.9999,15888.4650,0
93889,351.26,15855.9999,15888.4650,0
93899,351.27,15855.9999,15888.4650,0
93909,351.31,15855.9999,15888.4650,0
93911,351.31,15855.9999,15888.4650,0
93913,351.31,15855.9999,15888.4650,0
93915,351.31,15855.9999,15888.4650,0
93916,351.31,15855.9999,15888.4650,0
93922,351.34,15855.9999,15888.4650,0
93931,351.36,15855.9999,15888.4650,0
93934,351.37,15855.9999,15888.4650,0
93939,351.40,15855.9999,15888.4650,0
93941,351.40,15855.9999,15888.4650,0
93943,351.41,15855.9999,15888.4650,0
93945,351.42,15855.9999,15888.4650,0
93952,351.43,15855.9999,15888.4650,0
93953,351.44,15855.9999,15888.4650,0
93958,351.44,15855.9999,15888.4650,0
93965,351.48,15855.9999,15888.4650,0
93968,351.48,15855.9999,15888.4650,0
93969,351.48,15855.9999,15888.4650,0
93971,351.48,15855.9999,15888.4650,0
93973,351.48,15855.9999,15888.4650,0
93974,351.48,15855.9999,15888.4650,0
93975,351.48,15855.9999,15888.4650,0
93988,351.51,15855.9999,15888.4650,0
93993,351.52,15855.9999,15888.4650,0
93998,351.54,15855.9999,15888.4650,0
93999,351.54,15855.9999,15888.4650,0
94005,351.57,15855.9999,15888.4650,0
94007,351.58,15855.9999,15888.4650,0
94008,351.62,15855.9999,15888.4650,0
94009,351.62,15855.9999,15888.4650,0
94015,351.63,15855.9999,15888.4650,0
94023,351.65,15855.9999,15888.4650,0
94026,351.67,15855.9999,15888.4650,0
94027,351.67,15855.9999,15888.4650,0
94039,351.75,15855.9999,15888.4650,0
94040,351.76,15855.9999,15888.4650,0
94045,351.80,15855.9999,15888.4650,0
94047,351.80,15855.9999,15888.4650,0
94048,351.80,15855.9999,15888.4650,0
94054,351.82,15855.9999,15888.4650,0
94066,351.85,15855.9999,15888.4650,0
94067,351.85,15855.9999,15888.4650,0
94070,351.87,15855.9999,15888.4650,0
94073,351.88,15855.9999,15888.4650,0
94076,351.88,15855.9999,15888.4650,0
94079,351.88,15855.9999,15888.4650,0
94081,351.90,15855.9999,15888.4650,0
94082,351.91,15855.9999,15888.4650,0
94083,351.91,15855.9999,15888.4650,0
94089,351.93,15855.9999,15888.4650,0
94095,351.96,15855.9999,15888.4650,0
94097,351.96,15855.9999,15888.4650,0
94100,351.99,15855.9999,15888.4650,0
94103,351.99,15855.9999,15888.4650,0
94104,352.00,15855.9999,15888.4650,0
94105,352.00,15855.9999,15888.4650,0
94110,352.01,15855.9999,15888.4650,0
94114,352.02,15855.9999,15888.4650,0
94115,352.02,15855.9999,15888.4650,0
94119,352.03,15855.9999,15888.4650,0
94120,352.03,15855.9999,15888.4650,0
94124,352.05,15855.9999,15888.4650,0
94134,352.13,15855.9999,15888.4650,0
94140,352.16,15855.9999,15888.4650,0
94141,352.16,15855.9999,15888.4650,0
94144,352.16,15855.9999,15888.4650,0
94146,352.16,15855.9999,15888.4650,0
94148,352.17,15855.9999,15888.4650,0
94151,352.18,15855.9999,15888.4650,0
94152,352.18,15855.9999,15888.4650,0
94159,352.22,15855.9999,15888.4650,0
94171,352.27,15855.9999,15888.4650,0
94172,352.27,15855.9999,15888.4650,1
94173,352.32,15394.0332,15888.4650,0
94174,352.37,15544.3346,15888.4650,0
94175,352.39,15597.6727,15888.4650,0
94200,352.93,15599.2529,15888.4650,0
94206,353.14,15599.2529,15888.4650,0
94214,353.40,15599.2529,15888.4650,0
94222,353.57,15599.2529,15888.4650,0
94227,353.64,15599.2529,15888.4650,0
94240,353.88,15599.2529,15888.4650,0
94261,354.17,15599.2529,15888.4650,0
94267,354.24,15599.2529,15888.4650,0
94275,354.26,15599.2529,15888.4650,0
94277,354.30,15599.2529,15888.4650,0
94288,354.47,15599.2529,15888.4650,0
94289,354.49,15599.2529,15888.4650,0
94293,354.55,15599.2529,15888.4650,0
94297,354.63,15599.2529,15888.4650,0
94299,354.63,15599.2529,15888.4650,0
94307,354.69,15599.2529,15888.4650,0
94308,354.69,15599.2529,15888.4650,0
94311,354.72,15599.2529,15888.4650,0
94324,354.88,15599.2529,15888.4650,0
94333,355.00,15599.2529,15888.4650,0
94339,355.01,15599.2529,15888.4650,0
94402,355.43,15599.2529,15888.4650,0
94415,355.54,15599.2529,15888.4650,0
94425,355.59,15599.2529,15888.4650,0
94431,355.60,15599.2529,15888.4650,0
94438,355.62,15599.2529,15888.4650,0
94456,355.76,15599.2529,15888.4650,0
94463,355.80,15599.2529,15888.4650,0
94477,355.82,15599.2529,15888.4650,0
94479,355.84,15599.2529,15888.4650,0
94485,355.84,15599.2529,15888.4650,0
94493,355.91,15599.2529,15888.4650,0
94502,355.92,15599.2529,15888.4650,0
94528,356.04,15599.2529,15888.4650,0
94536,356.04,15599.2529,15888.4650,0
94538,356.04,15599.2529,15888.4650,0
94557,356.12,15599.2529,15888.4650,0
94565,356.15,15599.2529,15888.4650,0
94579,356.16,15599.2529,15888.4650,0
94582,356.16,15599.2529,15888.4650,0
94585,356.17,15599.2529,15888.4650,0
94594,356.22,15599.2529,15888.4650,0
94595,356.22,15599.2529,15888.4650,0
94596,356.22,15599.2529,15888.4650,0
94599,356.22,15599.2529,15888.4650,0
94626,356.24,15599.2529,15888.4650,0
94631,356.24,15599.2529,15888.4650,0
94633,356.25,15599.2529,15888.4650,0
94634,356.25,15599.2529,15888.4650,0
94640,356.25,15599.2529,15888.4650,0
94649,356.26,15599.2529,15888.4650,0
94654,356.26,15599.2529,15888.4650,0
94655,356.27,15599.2529,15888.4650,0
94665,356.27,15599.2529,15888.4650,0
94669,356.28,15599.2529,15888.4650,0
94671,356.28,15599.2529,15888.4650,0
94673,356.32,15599.2529,15888.4650,0
94678,356.32,15599.2529,15888.4650,0
94697,356.40,15599.2529,15888.4650,0
94711,356.41,15599.2529,15888.4650,0
94714,356.42,15599.2529,15888.4650,0
94721,356.43,15599.2529,15888.4650,0
94722,356.43,15599.2529,15888.4650,0
94762,356.51,15599.2529,15888.4650,0
94763,356.52,15599.2529,15888.4650,0
94767,356.54,15599.2529,15888.4650,0
94782,356.58,15599.2529,15888.4650,0
94789,356.59,15599.2529,15888.4650,0
94790,356.59,15599.2529,15888.4650,0
94797,356.64,15599.2529,15888.4650,0
94798,356.64,15599.2529,15888.4650,0
94816,356.70,15599.2529,15888.4650,0
94823,356.75,15599.2529,15888.4650,0
94826,356.75,15599.2529,15888.4650,0
94835,356.85,15599.2529,15888.4650,0
94843,356.90,15599.2529,15888.4650,0
94855,356.98,15599.2529,15888.4650,0
94861,356.99,15599.2529,15888.4650,0
94887,357.04,15599.2529,15888.4650,0
94900,357.09,15599.2529,15888.4650,0
94902,357.09,15599.2529,15888.4650,0
94903,357.09,15599.2529,15888.4650,0
94914,357.10,15599.2529,15888.4650,0
94940,357.22,15599.2529,15888.4650,0
94943,357.22,15599.2529,15888.4650,0
94947,357.23,15599.2529,15888.4650,0
94951,357.23,15599.2529,15888.4650,0
94967,357.26,15599.2529,15888.4650,0
94973,357.28,15620.9241,15888.4650,0
94974,357.32,15620.9241,15888.4650,0
94975,357.36,15620.9241,15888.4650,0
94976,357.46,15732.3588,15888.4650,0
94978,357.53,15732.3588,15888.4650,0
94979,357.59,15732.3588,15888.4650,0
94980,357.61,15732.3588,15888.4650,0
94982,357.67,15732.3588,15888.4650,0
94988,357.84,15732.3588,15888.4650,0
94990,357.88,15732.3588,15888.4650,0
95005,358.32,15732.3588,15888.4650,0
95014,358.49,15732.3588,15888.4650,0
95025,358.54,15732.3588,15888.4650,0
95034,358.66,15732.3588,15888.4650,0
95056,358.89,15732.3588,15888.4650,0
95058,358.92,15732.3588,15888.4650,0
95059,358.93,15732.3588,15888.4650,0
95064,359.00,15732.3588,15888.4650,0
95068,359.10,15732.3588,15888.4650,0
95070,359.11,15732.3588,15888.4650,0
95096,359.38,15732.3588,15888.4650,0
95097,359.38,15732.3588,15888.4650,0
95117,359.48,15732.3588,15888.4650,0
95137,359.65,15732.3588,15888.4650,0
95159,359.85,15732.3588,15888.4650,0
95163,359.99,15732.3588,15888.4650,0
95185,360.18,15732.3588,15888.4650,0
95194,360.20,15732.3588,15888.4650,0
95203,360.20,15732.3588,15888.4650,0
95207,360.21,15732.3588,15888.4650,0
95216,360.30,15732.3588,15888.4650,0
95217,360.30,15732.3588,15888.4650,0
95218,360.30,15732.3588,15888.4650,0
95219,360.31,15732.3588,15888.4650,0
95242,360.38,15732.3588,15888.4650,0
95252,360.45,15732.3588,15888.4650,0
95272,360.49,15732.3588,15888.4650,0
95304,360.69,15732.3588,15888.4650,0
95326,360.73,15732.3588,15888.4650,0
95333,360.74,15732.3588,15888.4650,0
95340,360.80,15732.3588,15888.4650,0
95342,360.80,15732.3588,15888.4650,0
95347,360.81,15732.3588,15888.4650,0
95351,360.82,15732.3588,15888.4650,0
95357,360.82,15732.3588,15888.4650,0
95360,360.82,15732.3588,15888.4650,0
95365,360.83,15732.3588,15888.4650,0
95371,360.83,15732.3588,15888.4650,0
95374,360.87,15732.3588,15888.4650,0
95390,360.98,15732.3588,15888.4650,0
95400,360.99,15732.3588,15888.4650,0
95401,360.99,15732.3588,15888.4650,0
95427,361.13,15732.3588,15888.4650,0
95457,361.23,15732.3588,15888.4650,0
95461,361.23,15732.3588,15888.4650,0
95463,361.24,15732.3588,15888.4650,0
95464,361.24,15732.3588,15888.4650,0
95471,361.28,15732.3588,15888.4650,0
95476,361.29,15732.3588,15888.4650,0
95481,361.29,15732.3588,15888.4650,0
95483,361.29,15732.3588,15888.4650,0
95496,361.34,15732.3588,15888.4650,0
95502,361.35,15732.3588,15888.4650,0
95508,361.36,15732.3588,15888.4650,0
95518,361.38,15732.3588,15888.4650,0
95525,361.39,15732.3588,15888.4650,0
95532,361.40,15732.3588,15888.4650,0
95539,361.42,15732.3588,15888.4650,0
95548,361.43,15732.3588,15888.4650,0
95550,361.44,15732.3588,15888.4650,0
95556,361.45,15732.3588,15888.4650,0
95559,361.46,15732.3588,15888.4650,0
95578,361.52,15732.3588,15888.4650,0
95590,361.54,15732.3588,15888.4650,0
95600,361.59,15732.3588,15888.4650,0
95602,361.59,15732.3588,15888.4650,0
95612,361.60,15732.3588,15888.4650,0
95622,361.62,15732.3588,15888.4650,0
95635,361.67,15732.3588,15888.4650,0
95638,361.67,15732.3588,15888.4650,0
95639,361.67,15732.3588,15888.4650,0
95643,361.68,15732.3588,15888.4650,0
95647,361.69,15732.3588,15888.4650,0
95652,361.70,15732.3588,15888.4650,0
95656,361.70,15732.3588,15888.4650,0
95681,361.73,15732.3588,15888.4650,0
95683,361.73,15732.3588,15888.4650,0
95684,361.73,15732.3588,15888.4650,0
95695,361.75,15732.3588,15888.4650,0
95706,361.75,15732.3588,15888.4650,0
95707,361.76,15732.3588,15888.4650,0
95722,361.81,15732.3588,15888.4650,0
95724,361.81,15732.3588,15888.4650,0
95751,361.88,15732.3588,15888.4650,0
95768,361.92,15732.3588,15888.4650,0
95783,361.94,15732.3588,15888.4650,0
95789,361.95,15732.3588,15888.4650,0
95805,361.99,15732.3588,15888.4650,0
95807,361.99,15732.3588,15888.4650,0
95816,362.04,15732.3588,15888.4650,0
95828,362.06,15732.3588,15888.4650,0
95834,362.10,15732.3588,15888.4650,0
95839,362.11,15732.3588,15888.4650,0
95846,362.11,15732.3588,15888.4650,0
95852,362.13,15732.3588,15888.4650,0
95853,362.13,15732.3588,15888.4650,0
95860,362.14,15732.3588,15888.4650,0
95862,362.15,15732.3588,15888.4650,0
95881,362.19,15732.3588,15888.4650,0
95882,362.21,15732.3588,15888.4650,0
95885,362.22,15732.3588,15888.4650,0
95888,362.23,15732.3588,15888.4650,0
95900,362.24,15732.3588,15888.4650,0
95902,362.24,15732.3588,15888.4650,0
95922,362.27,15732.3588,15888.4650,0
95925,362.27,15732.3588,15888.4650,0
95931,362.28,15732.3588,15888.4650,0
95932,362.28,15732.3588,15888.4650,0
95936,362.28,15732.3588,15888.4650,0
95944,362.30,15732.3588,15888.4650,0
95966,362.37,15732.3588,15888.4650,0
95972,362.38,15732.3588,15888.4650,0
95975,362.38,15732.3588,15888.4650,0
95980,362.39,15732.3588,15888.4650,0
95988,362.44,15732.3588,15888.4650,0
95990,362.44,15732.3588,15888.4650,0
96001,362.45,15732.3588,15888.4650,0
96006,362.47,15732.3588,15888.4650,0
96008,362.47,15732.3588,15888.4650,0
96026,362.54,15732.3588,15888.4650,0
96047,362.56,15732.3588,15888.4650,0
96053,362.56,15732.3588,15888.4650,0
96075,362.60,15732.3588,15888.4650,0
96084,362.61,15732.3588,15888.4650,0
96093,362.66,15732.3588,15888.4650,0
96095,362.66,15732.3588,15888.4650,0
96117,362.68,15732.3588,15888.4650,0
96124,362.69,15732.3588,15888.4650,0
96154,362.73,15732.3588,15888.4650,0
96157,362.73,15732.3588,15888.4650,0
96176,362.76,15732.3588,15888.4650,0
96179,362.76,15732.3588,15888.4650,0
96181,362.77,15732.3588,15888.4650,0
96197,362.79,15732.3588,15888.4650,0
96211,362.81,15732.3588,15888.4650,0
96226,362.84,15732.3588,15888.4650,0
96256,362.88,15732.3588,15888.4650,0
96257,362.89,15732.3588,15888.4650,0
96270,362.90,15732.3588,15888.4650,0
96273,362.94,15732.3588,15888.4650,0
96275,362.94,15732.3588,15888.4650,0
96279,362.95,15732.3588,15888.4650,0
96295,363.02,15732.3588,15888.4650,0
96298,363.03,15732.3588,15888.4650,0
96300,363.03,15732.3588,15888.4650,0
96303,363.04,15732.3588,15888.4650,0
96313,363.06,15732.3588,15888.4650,0
96316,363.07,15732.3588,15888.4650,0
96332,363.08,15732.3588,15888.4650,0
96334,363.08,15732.3588,15888.4650,0
96339,363.09,15732.3588,15888.4650,0
96344,363.09,15732.3588,15888.4650,0
96353,363.11,15732.3588,15888.4650,0
96355,363.11,15732.3588,15888.4650,0
96361,363.12,15732.3588,15888.4650,0
96365,363.12,15732.3588,15888.4650,0
96374,363.13,15732.3588,15888.4650,0
96392,363.19,15732.3588,15888.4650,0
96394,363.19,15732.3588,15888.4650,0
96397,363.19,15732.3588,15888.4650,0
96427,363.24,15732.3588,15888.4650,0
96451,363.27,15732.3588,15888.4650,0
96456,363.28,15732.3588,15888.4650,0
96464,363.29,15732.3588,15888.4650,0
96483,363.32,15732.3588,15888.4650,0
96495,363.33,15732.3588,15888.4650,0
96498,363.34,15732.3588,15888.4650,0
96503,363.36,15732.3588,15888.4650,0
96506,363.36,15732.3588,15888.4650,0
96509,363.36,15732.3588,15888.4650,0
96516,363.37,15732.3588,15888.4650,0
96522,363.39,15732.3588,15888.4650,0
96529,363.40,15732.3588,15888.4650,0
96540,363.41,15732.3588,15888.4650,0
96577,363.47,15732.3588,15888.4650,0
96598,363.51,15732.3588,15888.4650,0
96599,363.51,15732.3588,15888.4650,0
96617,363.54,15732.3588,15888.4650,0
96629,363.57,15732.3588,15888.4650,0
96655,363.61,15732.3588,15888.4650,0
96657,363.61,15732.3588,15888.4650,0
96662,363.62,15732.3588,15888.4650,0
96663,363.62,15732.3588,15888.4650,0
96664,363.62,15732.3588,15888.4650,0
96678,363.63,15732.3588,15888.4650,0
96679,363.63,15732.3588,15888.4650,0
96707,363.71,15732.3588,15888.4650,0
96714,363.72,15732.3588,15888.4650,0
96735,363.75,15732.3588,15888.4650,0
96738,363.75,15732.3588,15888.4650,0
96744,363.76,15732.3588,15888.4650,0
96761,363.79,15732.3588,15888.4650,0
96763,363.79,15732.3588,15888.4650,0
96767,363.79,15732.3588,15888.4650,0
96784,363.84,15732.3588,15888.4650,0
96810,363.89,15732.3588,15888.4650,0
96811,363.89,15732.3588,15888.4650,0
96815,363.89,15732.3588,15888.4650,0
96848,363.94,15732.3588,15888.4650,0
96856,363.96,15732.3588,15888.4650,0
96858,363.97,15732.3588,15888.4650,0
96882,364.00,15732.3588,15888.4650,0
96885,364.00,15732.3588,15888.4650,0
96892,364.01,15732.3588,15888.4650,0
96901,364.05,15732.3588,15888.4650,0
96903,364.05,15732.3588,15888.4650,0
96931,364.10,15732.3588,15888.4650,0
96938,364.11,15732.3588,15888.4650,0
96943,364.12,15732.3588,15888.4650,0
96945,364.12,15732.3588,15888.4650,0
96952,364.13,15732.3588,15888.4650,0
96960,364.14,15732.3588,15888.4650,0
96968,364.15,15732.3588,15888.4650,0
96969,364.15,15732.3588,15888.4650,0
96981,364.17,15732.3588,15888.4650,0
96984,364.25,15732.3588,15888.4650,0
97000,364.27,15732.3588,15888.4650,0
97037,364.32,15732.3588,15888.4650,0
97043,364.33,15732.3588,15888.4650,0
97067,364.40,15732.3588,15888.4650,0
97082,364.43,15732.3588,15888.4650,0
97093,364.44,15732.3588,15888.4650,0
97095,364.44,15732.3588,15888.4650,0
97098,364.45,15732.3588,15888.4650,0
97115,364.49,15732.3588,15888.4650,0
97137,364.53,15732.3588,15888.4650,0
97169,364.57,15732.3588,15888.4650,0
97185,364.60,15732.3588,15888.4650,0
97186,364.60,15732.3588,15888.4650,0
97189,364.60,15732.3588,15888.4650,0
97217,364.68,15732.3588,15888.4650,0
97232,364.69,15732.3588,15888.4650,0
97242,364.71,15732.3588,15888.4650,0
97246,364.71,15732.3588,15888.4650,0
97261,364.75,15732.3588,15888.4650,0
97265,364.75,15732.3588,15888.4650,0
97269,364.76,15732.3588,15888.4650,0
97270,364.76,15732.3588,15888.4650,0
97274,364.77,15732.3588,15888.4650,0
97276,364.77,15732.3588,15888.4650,0
97278,364.77,15732.3588,15888.4650,0
97281,364.77,15732.3588,15888.4650,0
97286,364.78,15732.3588,15888.4650,0
97287,364.78,15732.3588,15888.4650,0
97292,364.78,15732.3588,15888.4650,0
97302,364.80,15732.3588,15888.4650,0
97321,364.83,15732.3588,15888.4650,0
97332,364.85,15732.3588,15888.4650,0
97335,364.85,15732.3588,15888.4650,0
97337,364.85,15732.3588,15888.4650,0
97352,364.89,15732.3588,15888.4650,0
97375,364.91,15732.3588,15888.4650,0
97376,364.91,15732.3588,15888.4650,0
97377,364.91,15732.3588,15888.4650,0
97378,364.91,15732.3588,15888.4650,0
97381,364.91,15732.3588,15888.4650,0
97382,364.91,15732.3588,15888.4650,0
97386,364.92,15732.3588,15888.4650,0
97397,364.94,15732.3588,15888.4650,0
97429,364.98,15732.3588,15888.4650,0
97436,364.99,15732.3588,15888.4650,0
97444,365.01,15732.3588,15888.4650,0
97447,365.01,15732.3588,15888.4650,0
97453,365.01,15732.3588,15888.4650,0
97463,365.02,15732.3588,15888.4650,0
97475,365.05,15732.3588,15888.4650,0
97485,365.06,15732.3588,15888.4650,0
97488,365.06,15732.3588,15888.4650,0
97499,365.08,15732.3588,15888.4650,0
97518,365.11,15732.3588,15888.4650,0
97524,365.11,15732.3588,15888.4650,0
97535,365.13,15732.3588,15888.4650,0
97542,365.14,15732.3588,15888.4650,0
97544,365.14,15732.3588,15888.4650,0
97558,365.16,15732.3588,15888.4650,0
97570,365.19,15732.3588,15888.4650,0
97571,365.19,15732.3588,15888.4650,0
97578,365.20,15732.3588,15888.4650,0
97604,365.24,15732.3588,15888.4650,0
97605,365.24,15732.3588,15888.4650,0
97614,365.25,15732.3588,15888.4650,0
97620,365.26,15732.3588,15888.4650,0
97631,365.28,15732.3588,15888.4650,0
97641,365.29,15732.3588,15888.4650,0
97644,365.29,15732.3588,15888.4650,0
97665,365.34,15732.3588,15888.4650,0
97670,365.35,15732.3588,15888.4650,0
97692,365.39,15732.3588,15888.4650,0
97709,365.41,15732.3588,15888.4650,0
97714,365.42,15732.3588,15888.4650,0
97722,365.42,15732.3588,15888.4650,0
97724,365.42,15732.3588,15888.4650,0
97728,365.43,15732.3588,15888.4650,0
97746,365.44,15732.3588,15888.4650,0
97748,365.44,15732.3588,15888.4650,0
97755,365.47,15732.3588,15888.4650,0
97773,365.49,15732.3588,15888.4650,0
97776,365.50,15732.3588,15888.4650,0
97788,365.51,15732.3588,15888.4650,0
97794,365.53,15732.3588,15888.4650,0
97801,365.54,15732.3588,15888.4650,0
97808,365.55,15732.3588,15888.4650,0
97811,365.55,15732.3588,15888.4650,0
97813,365.55,15732.3588,15888.4650,0
97814,365.55,15732.3588,15888.4650,0
97835,365.59,15732.3588,15888.4650,0
97839,365.60,15732.3588,15888.4650,0
97841,365.60,15732.3588,15888.4650,0
97852,365.62,15732.3588,15888.4650,0
97859,365.62,15732.3588,15888.4650,0
97865,365.63,15732.3588,15888.4650,0
97868,365.63,15732.3588,15888.4650,0
97878,365.65,15732.3588,15888.4650,0
97882,365.65,15732.3588,15888.4650,0
97897,365.68,15732.3588,15888.4650,0
97908,365.70,15732.3588,15888.4650,0
97909,365.70,15732.3588,15888.4650,0
97915,365.70,15732.3588,15888.4650,0
97945,365.76,15732.3588,15888.4650,0
97954,365.77,15732.3588,15888.4650,0
97965,365.78,15732.3588,15888.4650,0
97977,365.79,15732.3588,15888.4650,1
97978,365.85,15180.8286,15888.4650,0
97979,365.93,15180.8286,15888.4650,0
97980,365.98,15180.8286,15888.4650,0
97981,366.04,15180.8286,15888.4650,0
97982,366.08,15180.8286,15888.4650,0
97983,366.13,15180.8286,15888.4650,0
97984,366.20,15180.8286,15888.4650,0
97985,366.22,15180.8286,15888.4650,0
97987,366.28,15180.8286,15888.4650,0
97988,366.32,15180.8286,15888.4650,0
97989,366.41,15180.8286,15888.4650,0
97991,366.46,15180.8286,15888.4650,0
97992,366.50,15188.5920,15888.4650,0
97994,366.58,15188.5920,15888.4650,0
97995,366.59,15188.5920,15888.4650,0
97996,366.65,15188.5920,15888.4650,0
97999,366.76,15188.5920,15888.4650,0
98001,366.89,15188.5920,15888.4650,0
98002,366.92,15188.5920,15888.4650,0
98003,366.92,15188.5920,15888.4650,0
98004,367.01,15188.5920,15888.4650,0
98006,367.06,15208.3318,15888.4650,0
98007,367.08,15208.3318,15888.4650,0
98008,367.11,15417.6576,15888.4650,0
98011,367.22,15424.8735,15888.4650,0
98012,367.32,15424.8735,15888.4650,0
98014,367.38,15424.8735,15888.4650,0
98017,367.47,15424.8735,15888.4650,0
98018,367.52,15424.9533,15888.4650,0
98020,367.60,15460.7488,15888.4650,0
98021,367.71,15460.7488,15888.4650,0
98033,368.00,15460.7488,15888.4650,0
98035,368.05,15538.6345,15888.4650,0
98037,368.17,15538.6345,15888.4650,0
98048,368.34,15538.6345,15888.4650,0
98052,368.35,15538.6345,15888.4650,0
98058,368.48,15539.4831,15888.4650,0
98060,368.55,15539.4831,15888.4650,0
98061,368.57,15539.4831,15888.4650,0
98066,368.73,15539.4831,15888.4650,0
98074,368.86,15539.4831,15888.4650,0
98077,368.93,15539.4831,15888.4650,0
98089,369.10,15539.4831,15888.4650,0
98093,369.19,15539.4831,15888.4650,0
98102,369.28,15539.4831,15888.4650,0
98105,369.31,15539.4831,15888.4650,0
98133,369.59,15539.4831,15888.4650,0
98139,369.62,15539.4831,15888.4650,0
98159,369.68,15539.4831,15888.4650,0
98174,369.80,15539.4831,15888.4650,0
98187,369.89,15539.4831,15888.4650,0
98195,369.90,15539.4831,15888.4650,0
98206,369.92,15539.4831,15888.4650,0
98209,369.93,15539.4831,15888.4650,0
98230,370.07,15539.4831,15888.4650,0
98237,370.08,15539.4831,15888.4650,0
98243,370.09,15539.4831,15888.4650,0
98245,370.09,15539.4831,15888.4650,0
98253,370.10,15539.4831,15888.4650,0
98265,370.17,15539.4831,15888.4650,0
98271,370.20,15539.4831,15888.4650,0
98273,370.25,15539.4831,15888.4650,0
98278,370.29,15539.4831,15888.4650,0
98291,370.31,15539.4831,15888.4650,0
98299,370.35,15550.4409,15888.4650,0
98305,370.53,15550.4409,15888.4650,0
98306,370.55,15550.4409,15888.4650,0
98308,370.62,15550.4409,15888.4650,0
98310,370.64,15550.4409,15888.4650,0
98311,370.66,15610.7360,15888.4650,0
98312,370.69,15610.7360,15888.4650,0
98317,370.84,15785.0320,15888.4650,0
98319,370.93,15786.4897,15888.4650,0
98323,371.06,15786.4897,15888.4650,0
98327,371.16,15786.4897,15888.4650,0
98328,371.16,15786.4897,15888.4650,0
98336,371.38,15786.4897,15888.4650,0
98339,371.44,15844.9472,15888.4650,0
98341,371.53,15844.9472,15888.4650,0
98348,371.76,15844.9472,15888.4650,0
98354,371.90,15844.9472,15888.4650,0
98362,372.13,15844.9472,15888.4650,0
98364,372.13,15844.9472,15888.4650,0
98365,372.23,15844.9472,15888.4650,0
98366,372.23,15844.9472,15888.4650,0
98381,372.34,15844.9472,15888.4650,0
98385,372.36,15844.9472,15888.4650,0
98387,372.40,15844.9472,15888.4650,0
98397,372.51,15844.9472,15888.4650,0
98400,372.51,15844.9472,15888.4650,0
98402,372.53,15844.9472,15888.4650,0
98408,372.61,15844.9472,15888.4650,0
98414,372.62,15844.9472,15888.4650,0
98417,372.66,15844.9472,15888.4650,0
98418,372.66,15844.9472,15888.4650,0
98420,372.72,15844.9472,15888.4650,0
98424,372.75,15844.9472,15888.4650,0
98433,372.83,15856.5708,15888.4650,0
98437,372.95,15856.5708,15888.4650,0
98441,373.11,15856.5708,15888.4650,0
98448,373.26,15856.5708,15888.4650,0
98450,373.28,15856.5708,15888.4650,0
98451,373.28,15856.5708,15888.4650,0
98453,373.32,15856.5708,15888.4650,0
98460,373.51,15856.5708,15888.4650,0
98477,373.74,15856.5708,15888.4650,0
98481,373.89,15856.5708,15888.4650,0
98483,373.93,15856.5708,15888.4650,0
98484,373.95,15856.5708,15888.4650,0
98488,373.95,15856.5708,15888.4650,0
98491,373.98,15856.5708,15888.4650,0
98497,374.03,15856.5708,15888.4650,0
98498,374.03,15856.5708,15888.4650,0
98499,374.03,15856.5708,15888.4650,0
98501,374.07,15856.5708,15888.4650,0
98502,374.07,15856.5708,15888.4650,0
98504,374.07,15856.5708,15888.4650,0
98505,374.07,15856.5708,15888.4650,0
98510,374.15,15856.5708,15888.4650,0
98514,374.16,15856.5708,15888.4650,0
98523,374.24,15856.5708,15888.4650,0
98527,374.28,15856.5708,15888.4650,0
98535,374.39,15856.5708,15888.4650,0
98536,374.41,15856.5708,15888.4650,0
98542,374.49,15856.5708,15888.4650,0
98547,374.54,15856.5708,15888.4650,0
98550,374.66,15856.5708,15888.4650,0
98553,374.74,15856.5708,15888.4650,0
98570,374.89,15856.5708,15888.4650,0
98576,374.97,15856.5708,15888.4650,0
98577,374.97,15856.5708,15888.4650,0
98584,374.98,15856.5708,15888.4650,0
98587,375.02,15856.5708,15888.4650,0
98594,375.08,15856.5708,15888.4650,0
98595,375.08,15856.5708,15888.4650,0
98608,375.14,15856.5708,15888.4650,0
98624,375.21,15856.5708,15888.4650,0
98635,375.29,15856.5708,15888.4650,0
98637,375.29,15856.5708,15888.4650,0
98641,375.33,15856.5708,15888.4650,0
98651,375.44,15856.5708,15888.4650,0
98662,375.59,15856.5708,15888.4650,0
98681,375.87,15856.5708,15888.4650,0
98683,375.87,15856.5708,15888.4650,0
98692,375.99,15856.5708,15888.4650,0
98698,376.04,15856.5708,15888.4650,0
98700,376.06,15856.5708,15888.4650,0
98703,376.09,15856.5708,15888.4650,0
98706,376.10,15856.5708,15888.4650,0
98710,376.14,15856.5708,15888.4650,0
98713,376.20,15856.5708,15888.4650,0
98721,376.32,15856.5708,15888.4650,0
98723,376.33,15856.5708,15888.4650,0
98727,376.37,15856.5708,15888.4650,0
98734,376.42,15856.5708,15888.4650,0
98739,376.44,15856.5708,15888.4650,0
98749,376.49,15856.5708,15888.4650,0
98753,376.50,15856.5708,15888.4650,0
98764,376.58,15856.5708,15888.4650,0
98784,376.75,15856.5708,15888.4650,0
98787,376.75,15856.5708,15888.4650,0
98788,376.76,15856.5708,15888.4650,0
98814,376.96,15856.5708,15888.4650,0
98815,376.96,15856.5708,15888.4650,0
98828,377.07,15856.5708,15888.4650,0
98836,377.11,15856.5708,15888.4650,0
98845,377.17,15856.5708,15888.4650,0
98855,377.25,15856.5708,15888.4650,0
98863,377.28,15856.5708,15888.4650,0
98870,377.28,15856.5708,15888.4650,0
98878,377.34,15856.5708,15888.4650,0
98886,377.41,15856.5708,15888.4650,0
98901,377.54,15856.5708,15888.4650,0
98910,377.59,15856.5708,15888.4650,0
98917,377.63,15856.5708,15888.4650,0
98932,377.74,15856.5708,15888.4650,0
98942,377.81,15856.5708,15888.4650,0
98948,377.92,15856.5708,15888.4650,0
98953,377.92,15856.5708,15888.4650,0
98954,377.92,15856.5708,15888.4650,0
98956,377.95,15856.5708,15888.4650,0
98973,378.00,15856.5708,15888.4650,0
98974,378.00,15856.5708,15888.4650,0
98975,378.00,15856.5708,15888.4650,0
98980,378.02,15856.5708,15888.4650,0
98989,378.03,15856.5708,15888.4650,0
98992,378.03,15856.5708,15888.4650,0
98999,378.10,15856.5708,15888.4650,0
99003,378.10,15856.5708,15888.4650,0
99007,378.13,15856.5708,15888.4650,0
99009,378.15,15856.5708,15888.4650,0
99023,378.21,15856.5708,15888.4650,0
99033,378.32,15856.5708,15888.4650,0
99034,378.32,15856.5708,15888.4650,0
99037,378.32,15856.5708,15888.4650,0
99043,378.41,15856.5708,15888.4650,0
99045,378.41,15856.5708,15888.4650,0
99050,378.43,15856.5708,15888.4650,0
99052,378.48,15863.8355,15888.4650,0
99053,378.50,15863.8355,15888.4650,0
99059,378.69,15863.8355,15888.4650,0
99060,378.73,15863.8355,15888.4650,0
99062,378.84,15863.8355,15888.4650,0
99069,378.99,15863.8355,15888.4650,0
99074,379.09,15863.8355,15888.4650,0
99079,379.15,15863.8355,15888.4650,0
99083,379.30,15863.8355,15888.4650,0
99091,379.37,15863.8355,15888.4650,0
99092,379.37,15863.8355,15888.4650,0
99094,379.38,15863.8355,15888.4650,0
99095,379.38,15863.8355,15888.4650,0
99096,379.50,15863.8355,15888.4650,0
99097,379.56,15863.8355,15888.4650,0
99102,379.62,15863.8355,15888.4650,0
99103,379.65,15863.8355,15888.4650,0
99105,379.72,15863.8355,15888.4650,0
99108,379.81,15863.8355,15888.4650,0
99111,379.84,15863.8355,15888.4650,0
99113,379.85,15863.8355,15888.4650,0
99115,379.90,15863.8355,15888.4650,0
99124,379.93,15863.8355,15888.4650,0
99127,379.97,15863.8355,15888.4650,0
99140,380.08,15863.8355,15888.4650,0
99143,380.08,15863.8355,15888.4650,0
99144,380.08,15863.8355,15888.4650,0
99145,380.08,15863.8355,15888.4650,0
99146,380.11,15864.6499,15888.4650,0
99148,380.15,15864.6499,15888.4650,0
99152,380.20,15864.6499,15888.4650,0
99155,380.30,15864.6499,15888.4650,0
99169,380.67,15864.6499,15888.4650,0
99187,380.93,15864.6499,15888.4650,0
99196,381.11,15867.1425,15888.4650,0
99197,381.16,15867.1425,15888.4650,0
99198,381.18,15867.1425,15888.4650,0
99202,381.32,15867.1425,15888.4650,0
99204,381.35,15867.1425,15888.4650,0
99207,381.43,15867.1425,15888.4650,0
99211,381.54,15867.1425,15888.4650,0
99214,381.58,15867.1425,15888.4650,0
99220,381.66,15867.1425,15888.4650,0
99231,381.79,15867.1425,15888.4650,0
99232,381.83,15867.1425,15888.4650,0
99238,381.90,15867.1425,15888.4650,0
99239,381.90,15867.1425,15888.4650,0
99242,382.00,15867.1425,15888.4650,0
99244,382.00,15867.1425,15888.4650,0
99251,382.14,15867.1425,15888.4650,0
99252,382.14,15867.1425,15888.4650,0
99254,382.14,15867.1425,15888.4650,0
99258,382.17,15867.1425,15888.4650,0
99264,382.19,15867.1425,15888.4650,0
99265,382.21,15867.1425,15888.4650,0
99268,382.30,15867.1425,15888.4650,0
99269,382.30,15867.1425,15888.4650,0
99270,382.30,15867.1425,15888.4650,0
99272,382.32,15867.1425,15888.4650,0
99278,382.34,15867.1425,15888.4650,0
99279,382.34,15867.1425,15888.4650,0
99281,382.36,15867.1425,15888.4650,0
99282,382.37,15867.1425,15888.4650,0
99291,382.45,15867.1425,15888.4650,0
99295,382.47,15867.1425,15888.4650,0
99308,382.54,15867.1425,15888.4650,0
99310,382.54,15867.1425,15888.4650,0
99314,382.55,15867.1425,15888.4650,0
99318,382.56,15867.1425,15888.4650,0
99324,382.59,15867.1425,15888.4650,0
99325,382.59,15867.1425,15888.4650,0
99329,382.63,15867.1425,15888.4650,0
99331,382.63,15867.1425,15888.4650,0
99335,382.64,15867.1425,15888.4650,0
99337,382.64,15867.1425,15888.4650,0
99339,382.67,15867.1425,15888.4650,0
99343,382.73,15867.1425,15888.4650,0
99347,382.74,15867.1425,15888.4650,0
99348,382.75,15867.1425,15888.4650,0
99349,382.76,15867.1425,15888.4650,0
99353,382.76,15867.1425,15888.4650,0
99355,382.80,15867.1425,15888.4650,0
99356,382.82,15867.1425,15888.4650,0
99358,382.84,15867.1425,15888.4650,0
99359,382.84,15867.1425,15888.4650,0
99360,382.84,15867.1425,15888.4650,0
99363,382.85,15867.1425,15888.4650,0
99374,382.89,15867.1425,15888.4650,0
99375,382.89,15867.1425,15888.4650,0
99377,382.90,15867.1425,15888.4650,0
99380,382.94,15867.1425,15888.4650,0
99382,382.96,15867.1425,15888.4650,0
99386,382.97,15867.1425,15888.4650,0
99388,382.97,15867.1425,15888.4650,0
99390,382.98,15867.1425,15888.4650,0
99392,382.98,15867.1425,15888.4650,0
99395,382.98,15867.1425,15888.4650,0
99404,383.07,15867.1425,15888.4650,0
99405,383.07,15867.1425,15888.4650,0
99408,383.08,15867.1425,15888.4650,0
99413,383.15,15867.1425,15888.4650,0
99418,383.22,15876.1424,15888.4650,0
99421,383.32,15876.1424,15888.4650,0
99422,383.34,15876.1424,15888.4650,0
99428,383.59,15876.1424,15888.4650,0
99432,383.68,15876.1424,15888.4650,0
99435,383.76,15876.1424,15888.4650,0
99442,383.94,15876.1424,15888.4650,0
99448,383.98,15876.1424,15888.4650,0
99449,384.00,15876.1424,15888.4650,0
99451,384.04,15876.1424,15888.4650,0
99452,384.07,15876.1424,15888.4650,0
99459,384.14,15876.1424,15888.4650,0
99462,384.19,15876.1424,15888.4650,0
99463,384.21,15876.1424,15888.4650,0
99464,384.22,15876.1424,15888.4650,0
99471,384.40,15876.1424,15888.4650,0
99475,384.40,15876.1424,15888.4650,0
99477,384.44,15876.1424,15888.4650,0
99481,384.49,15876.1424,15888.4650,0
99489,384.57,15876.1424,15888.4650,0
99490,384.64,15876.1424,15888.4650,0
99492,384.68,15876.1424,15888.4650,0
99495,384.68,15876.1424,15888.4650,0
99501,384.76,15876.1424,15888.4650,0
99514,384.92,15876.1424,15888.4650,0
99516,384.92,15876.1424,15888.4650,0
99517,384.92,15876.1424,15888.4650,0
99518,384.96,15876.2363,15888.4650,0
99524,385.09,15876.2363,15888.4650,0
99525,385.13,15876.2363,15888.4650,0
99528,385.14,15876.2363,15888.4650,0
99535,385.28,15876.2363,15888.4650,0
99537,385.34,15876.2363,15888.4650,0
99542,385.48,15876.2363,15888.4650,0
99546,385.55,15876.2363,15888.4650,0
99560,385.78,15876.2363,15888.4650,0
99562,385.79,15876.2363,15888.4650,0
99563,385.81,15876.2363,15888.4650,0
99565,385.86,15876.2363,15888.4650,0
99580,386.06,15876.2363,15888.4650,0
99581,386.06,15876.2363,15888.4650,0
99584,386.07,15876.2363,15888.4650,0
99586,386.14,15876.2363,15888.4650,0
99587,386.14,15876.2363,15888.4650,0
99588,386.14,15876.2363,15888.4650,0
99600,386.29,15876.2363,15888.4650,0
99603,386.29,15876.2363,15888.4650,0
99613,386.40,15876.2363,15888.4650,0
99614,386.40,15876.2363,15888.4650,0
99616,386.43,15876.2363,15888.4650,0
99620,386.52,15876.2363,15888.4650,0
99621,386.55,15876.2363,15888.4650,0
99624,386.56,15876.2363,15888.4650,0
99625,386.58,15876.2363,15888.4650,0
99633,386.60,15876.2363,15888.4650,0
99644,386.63,15876.2363,15888.4650,0
99647,386.63,15876.2363,15888.4650,0
99654,386.70,15876.2363,15888.4650,0
99656,386.71,15876.2363,15888.4650,0
99662,386.72,15876.2363,15888.4650,0
99663,386.74,15876.2363,15888.4650,0
99671,386.75,15876.2363,15888.4650,0
99672,386.78,15876.2363,15888.4650,0
99673,386.78,15876.2363,15888.4650,0
99678,386.87,15876.2363,15888.4650,0
99690,386.90,15876.2363,15888.4650,0
99691,386.92,15876.2363,15888.4650,0
99695,386.93,15876.2363,15888.4650,0
99697,386.93,15876.2363,15888.4650,0
99698,386.93,15876.2363,15888.4650,0
99699,386.93,15876.2363,15888.4650,0
99705,386.94,15876.2363,15888.4650,0
99709,386.96,15876.2363,15888.4650,0
99715,386.97,15876.2363,15888.4650,0
99717,386.98,15876.2363,15888.4650,0
99718,386.98,15876.2363,15888.4650,0
99722,386.98,15876.2363,15888.4650,0
99724,386.98,15876.2363,15888.4650,0
99725,386.98,15876.2363,15888.4650,0
99731,387.01,15876.2363,15888.4650,0
99735,387.07,15876.2363,15888.4650,0
99736,387.07,15876.2363,15888.4650,0
99742,387.12,15876.2363,15888.4650,0
99746,387.21,15876.2363,15888.4650,0
99748,387.24,15876.2363,15888.4650,0
99752,387.26,15876.2363,15888.4650,0
99753,387.26,15876.2363,15888.4650,0
99756,387.26,15876.2363,15888.4650,0
99765,387.28,15876.2363,15888.4650,0
99768,387.30,15876.2363,15888.4650,0
99775,387.35,15876.2363,15888.4650,0
99776,387.37,15876.2363,15888.4650,0
99792,387.39,15876.2363,15888.4650,0
99802,387.41,15876.2363,15888.4650,0
99809,387.43,15876.2363,15888.4650,0
99813,387.43,15876.2363,15888.4650,0
99818,387.45,15876.2363,15888.4650,0
99823,387.47,15876.2363,15888.4650,0
99826,387.49,15876.2363,15888.4650,0
99828,387.55,15876.2363,15888.4650,0
99830,387.56,15876.2363,15888.4650,0
99833,387.57,15876.2363,15888.4650,0
99834,387.57,15876.2363,15888.4650,0
99836,387.57,15876.2363,15888.4650,0
99841,387.60,15876.2363,15888.4650,0
99842,387.60,15876.2363,15888.4650,0
99854,387.62,15876.2363,15888.4650,0
99860,387.69,15876.2363,15888.4650,0
99861,387.69,15876.2363,15888.4650,0
99862,387.69,15876.2363,15888.4650,0
99865,387.72,15876.2363,15888.4650,0
99866,387.72,15876.2363,15888.4650,0
99873,387.73,15876.2363,15888.4650,0
99879,387.74,15876.2363,15888.4650,0
99880,387.74,15876.2363,15888.4650,0
99884,387.81,15876.2363,15888.4650,0
99888,387.82,15876.2363,15888.4650,0
99892,387.82,15876.2363,15888.4650,0
99895,387.84,15876.2363,15888.4650,0
99896,387.87,15876.2363,15888.4650,0
99899,387.87,15876.2363,15888.4650,0
99901,387.96,15876.2363,15888.4650,0
99910,388.00,15876.2363,15888.4650,0
99911,388.00,15876.2363,15888.4650,0
99912,388.00,15876.2363,15888.4650,0
99916,388.03,15876.2363,15888.4650,0
99921,388.03,15876.2363,15888.4650,0
99922,388.03,15876.2363,15888.4650,0
99925,388.04,15876.2363,15888.4650,0
99929,388.06,15876.2363,15888.4650,0
99932,388.08,15876.2363,15888.4650,0
99937,388.08,15876.2363,15888.4650,0
99940,388.09,15876.2363,15888.4650,0
99948,388.14,15876.2363,15888.4650,0
99951,388.16,15876.2363,15888.4650,0
99954,388.18,15876.2363,15888.4650,0
99957,388.20,15876.2363,15888.4650,0
99961,388.23,15876.2363,15888.4650,0
99962,388.23,15876.2363,15888.4650,0
99963,388.23,15876.2363,15888.4650,0
99964,388.23,15876.2363,15888.4650,0
99969,388.24,15876.2363,15888.4650,0
99973,388.25,15876.2363,15888.4650,0
99975,388.25,15876.2363,15888.4650,0
99978,388.25,15876.2363,15888.4650,0
99979,388.25,15876.2363,15888.4650,0
99980,388.26,15876.2363,15888.4650,0
99987,388.27,15876.2363,15888.4650,0
99994,388.31,15876.2363,15888.4650,0
100002,388.33,15876.2363,15888.4650,0
100005,388.34,15876.2363,15888.4650,0
100006,388.34,15876.2363,15888.4650,0
100010,388.35,15876.2363,15888.4650,0
100011,388.39,15876.2363,15888.4650,0
100014,388.39,15876.2363,15888.4650,0
100017,388.42,15876.2363,15888.4650,0
100019,388.43,15876.2363,15888.4650,0
100026,388.44,15876.2363,15888.4650,0
100027,388.44,15876.2363,15888.4650,0
100030,388.48,15876.2363,15888.4650,0
100032,388.48,15876.2363,15888.4650,0
100033,388.48,15876.2363,15888.4650,0
100034,388.48,15876.2363,15888.4650,0
100043,388.51,15876.2363,15888.4650,0
100048,388.52,15876.2363,15888.4650,0
100050,388.52,15876.2363,15888.4650,0
100051,388.61,15876.2363,15888.4650,0
100055,388.62,15876.2363,15888.4650,0
100057,388.62,15876.2363,15888.4650,0
100058,388.62,15876.2363,15888.4650,0
100067,388.64,15876.2363,15888.4650,0
100073,388.66,15876.2363,15888.4650,0
100078,388.68,15876.2363,15888.4650,0
100080,388.77,15876.2363,15888.4650,0
100088,388.81,15876.2363,15888.4650,0
100089,388.81,15876.2363,15888.4650,0
100093,388.82,15876.2363,15888.4650,0
100099,388.83,15876.2363,15888.4650,0
100100,388.83,15876.2363,15888.4650,0
100102,388.85,15876.2363,15888.4650,0
100108,388.85,15876.2363,15888.4650,0
100123,388.87,15876.2363,15888.4650,0
100136,388.94,15876.2363,15888.4650,0
100138,388.94,15876.2363,15888.4650,0
100142,388.95,15876.2363,15888.4650,0
100147,388.98,15876.2363,15888.4650,0
100154,389.02,15876.2363,15888.4650,0
100159,389.02,15876.2363,15888.4650,0
100168,389.05,15876.2363,15888.4650,0
100174,389.08,15876.2363,15888.4650,0
100175,389.08,15876.2363,15888.4650,0
100176,389.13,15876.2363,15888.4650,0
100180,389.14,15876.2363,15888.4650,0
100191,389.17,15876.2363,15888.4650,0
100192,389.17,15876.2363,15888.4650,0
100193,389.17,15876.2363,15888.4650,0
100198,389.18,15876.2363,15888.4650,0
100207,389.20,15876.2363,15888.4650,0
100210,389.22,15876.2363,15888.4650,0
100212,389.22,15876.2363,15888.4650,0
100216,389.23,15876.2363,15888.4650,0
100229,389.27,15876.2363,15888.4650,0
100230,389.29,15876.2363,15888.4650,0
100231,389.29,15876.2363,15888.4650,0
100238,389.31,15876.2363,15888.4650,0
100245,389.34,15876.2363,15888.4650,0
100251,389.39,15876.2363,15888.4650,0
100255,389.41,15876.2363,15888.4650,0
100256,389.41,15876.2363,15888.4650,0
100273,389.46,15876.2363,15888.4650,0
100275,389.47,15876.2363,15888.4650,0
100282,389.49,15876.2363,15888.4650,0
100283,389.49,15876.2363,15888.4650,0
100287,389.49,15876.2363,15888.4650,0
100288,389.49,15876.2363,15888.4650,0
100290,389.49,15876.2363,15888.4650,0
100297,389.50,15876.2363,15888.4650,0
100306,389.51,15876.2363,15888.4650,0
100315,389.55,15876.2363,15888.4650,0
100323,389.57,15876.2363,15888.4650,0
100331,389.59,15876.2363,15888.4650,0
100337,389.71,15876.2363,15888.4650,0
100341,389.75,15876.2363,15888.4650,0
100345,389.76,15876.2363,15888.4650,0
100347,389.76,15876.2363,15888.4650,0
100348,389.76,15876.2363,15888.4650,0
100350,389.76,15876.2363,15888.4650,0
100351,389.76,15876.2363,15888.4650,0
100354,389.77,15876.2363,15888.4650,0
100356,389.78,15876.2363,15888.4650,0
100370,389.81,15876.2363,15888.4650,0
100374,389.84,15876.2363,15888.4650,0
100376,389.85,15876.2363,15888.4650,0
100377,389.85,15876.2363,15888.4650,0
100378,389.85,15876.2363,15888.4650,0
100380,389.86,15876.2363,15888.4650,0
100393,389.89,15876.2363,15888.4650,0
100397,389.89,15876.2363,15888.4650,0
100406,389.92,15876.2363,15888.4650,0
100413,389.94,15876.2363,15888.4650,0
100416,389.94,15876.2363,15888.4650,0
100422,389.96,15876.2363,15888.4650,0
100424,389.96,15876.2363,15888.4650,0
100436,390.01,15876.2363,15888.4650,0
100438,390.02,15876.2363,15888.4650,0
100447,390.04,15876.2363,15888.4650,0
100452,390.07,15876.2363,15888.4650,0
100467,390.13,15876.2363,15888.4650,0
100473,390.15,15876.2363,15888.4650,0
100475,390.15,15876.2363,15888.4650,0
100477,390.15,15876.2363,15888.4650,0
100479,390.17,15876.2363,15888.4650,0
100481,390.17,15876.2363,15888.4650,0
100483,390.17,15876.2363,15888.4650,0
100484,390.17,15876.2363,15888.4650,0
100486,390.18,15876.2363,15888.4650,0
100487,390.19,15876.2363,15888.4650,0
100493,390.21,15876.2363,15888.4650,0
100494,390.21,15876.2363,15888.4650,0
100502,390.22,15876.2363,15888.4650,0
100503,390.22,15876.2363,15888.4650,0
100508,390.31,15876.2363,15888.4650,0
100509,390.31,15876.2363,15888.4650,0
100520,390.31,15876.2363,15888.4650,0
100522,390.32,15876.2363,15888.4650,0
100523,390.32,15876.2363,15888.4650,0
100526,390.32,15876.2363,15888.4650,0
100531,390.33,15876.2363,15888.4650,0
100536,390.34,15876.2363,15888.4650,0
100539,390.34,15876.2363,15888.4650,0
100540,390.34,15876.2363,15888.4650,0
100552,390.38,15876.2363,15888.4650,0
100559,390.41,15876.2363,15888.4650,0
100561,390.41,15876.2363,15888.4650,0
100571,390.46,15876.2363,15888.4650,0
100580,390.49,15876.2363,15888.4650,0
100584,390.50,15876.2363,15888.4650,0
100590,390.52,15876.2363,15888.4650,0
100591,390.52,15876.2363,15888.4650,0
100596,390.53,15876.2363,15888.4650,0
100603,390.55,15876.2363,15888.4650,0
100607,390.56,15876.2363,15888.4650,0
100612,390.56,15876.2363,15888.4650,0
100614,390.56,15876.2363,15888.4650,0
100618,390.57,15876.2363,15888.4650,0
100623,390.60,15876.2363,15888.4650,0
100625,390.66,15876.2363,15888.4650,0
100631,390.67,15876.2363,15888.4650,0
100634,390.67,15876.2363,15888.4650,0
100643,390.71,15876.2363,15888.4650,0
100644,390.71,15876.2363,15888.4650,0
100645,390.71,15876.2363,15888.4650,0
100649,390.73,15876.2363,15888.4650,0
100655,390.76,15876.2363,15888.4650,0
100660,390.78,15876.2363,15888.4650,0
100662,390.78,15876.2363,15888.4650,0
100663,390.78,15876.2363,15888.4650,0
100671,390.85,15876.2363,15888.4650,0
100681,390.89,15876.2363,15888.4650,0
100684,390.90,15876.2363,15888.4650,0
100685,390.90,15876.2363,15888.4650,0
100689,390.92,15876.2363,15888.4650,0
100691,390.93,15876.2363,15888.4650,0
100692,390.93,15876.2363,15888.4650,0
100695,390.93,15876.2363,15888.4650,0
100710,391.00,15876.2363,15888.4650,0
100714,391.00,15876.2363,15888.4650,0
100723,391.05,15876.2363,15888.4650,0
100730,391.05,15876.2363,15888.4650,0
100731,391.06,15876.2363,15888.4650,0
100733,391.06,15876.2363,15888.4650,0
100745,391.09,15876.2363,15888.4650,0
100746,391.09,15876.2363,15888.4650,0
100753,391.11,15876.2363,15888.4650,0
100755,391.11,15876.2363,15888.4650,0
100757,391.12,15876.2363,15888.4650,0
100758,391.12,15876.2363,15888.4650,0
100761,391.12,15876.2363,15888.4650,0
100764,391.15,15876.2363,15888.4650,0
100766,391.18,15876.2363,15888.4650,0
100779,391.20,15876.2363,15888.4650,0
100781,391.20,15876.2363,15888.4650,0
100784,391.20,15876.2363,15888.4650,0
100786,391.24,15876.2363,15888.4650,0
100789,391.25,15876.2363,15888.4650,0
100790,391.25,15876.2363,15888.4650,0
100794,391.26,15876.2363,15888.4650,0
100798,391.28,15876.2363,15888.4650,0
100800,391.28,15876.2363,15888.4650,0
100805,391.29,15876.2363,15888.4650,0
100807,391.30,15876.2363,15888.4650,0
100810,391.30,15876.2363,15888.4650,0
100816,391.30,15876.2363,15888.4650,0
100817,391.31,15876.2363,15888.4650,0
100819,391.32,15876.2363,15888.4650,0
100822,391.32,15876.2363,15888.4650,0
100824,391.33,15876.2363,15888.4650,0
100830,391.34,15876.2363,15888.4650,0
100832,391.35,15876.2363,15888.4650,0
100835,391.37,15876.2363,15888.4650,0
100836,391.37,15876.2363,15888.4650,0
100840,391.38,15876.2363,15888.4650,0
100846,391.43,15876.2363,15888.4650,0
100851,391.44,15876.2363,15888.4650,0
100859,391.46,15876.2363,15888.4650,0
100860,391.46,15876.2363,15888.4650,0
100862,391.47,15876.2363,15888.4650,0
100865,391.47,15876.2363,15888.4650,0
100868,391.47,15876.2363,15888.4650,0
100871,391.48,15876.2363,15888.4650,0
100873,391.48,15876.2363,15888.4650,0
100877,391.49,15876.2363,15888.4650,0
100883,391.53,15876.2363,15888.4650,0
100887,391.55,15876.2363,15888.4650,0
100896,391.57,15876.2363,15888.4650,0
100897,391.57,15876.2363,15888.4650,0
100898,391.57,15876.2363,15888.4650,0
100901,391.58,15876.2363,15888.4650,0
100915,391.68,15876.2363,15888.4650,0
100920,391.69,15876.2363,15888.4650,0
100923,391.69,15876.2363,15888.4650,0
100924,391.69,15876.2363,15888.4650,0
100927,391.69,15876.2363,15888.4650,0
100935,391.70,15876.2363,15888.4650,0
100941,391.72,15876.2363,15888.4650,0
100950,391.78,15876.2363,15888.4650,0
100951,391.80,15876.2363,15888.4650,0
100954,391.81,15876.2363,15888.4650,0
100959,391.83,15876.2363,15888.4650,0
100964,391.85,15876.2363,15888.4650,0
100968,391.85,15876.2363,15888.4650,0
100969,391.85,15876.2363,15888.4650,0
100970,391.85,15876.2363,15888.4650,0
100975,391.86,15876.2363,15888.4650,0
100979,391.86,15876.2363,15888.4650,0
100980,391.87,15876.2363,15888.4650,0
100983,391.87,15876.2363,15888.4650,0
100986,391.89,15876.2363,15888.4650,0
100990,391.90,15876.2363,15888.4650,0
100991,391.90,15876.2363,15888.4650,0
100997,391.91,15876.2363,15888.4650,0
101000,391.93,15876.2363,15888.4650,0
101002,391.93,15876.2363,15888.4650,0
101007,391.94,15876.2363,15888.4650,0
101010,391.94,15876.2363,15888.4650,0
101013,391.96,15876.2363,15888.4650,0
101019,391.97,15876.2363,15888.4650,0
101022,391.97,15876.2363,15888.4650,0
101034,392.02,15876.2363,15888.4650,0
101041,392.04,15876.2363,15888.4650,0
101045,392.05,15876.2363,15888.4650,0
101049,392.05,15876.2363,15888.4650,0
101052,392.06,15876.2363,15888.4650,0
101053,392.06,15876.2363,15888.4650,0
101054,392.06,15876.2363,15888.4650,0
101055,392.06,15876.2363,15888.4650,0
101058,392.06,15876.2363,15888.4650,0
101065,392.09,15876.2363,15888.4650,0
101067,392.09,15876.2363,15888.4650,0
101072,392.11,15876.2363,15888.4650,0
101073,392.11,15876.2363,15888.4650,0
101074,392.11,15876.2363,15888.4650,0
101076,392.11,15876.2363,15888.4650,0
101078,392.11,15876.2363,15888.4650,0
101081,392.12,15876.2363,15888.4650,0
101082,392.12,15876.2363,15888.4650,0
101085,392.13,15876.2363,15888.4650,0
101092,392.15,15876.2363,15888.4650,0
101102,392.16,15876.2363,15888.4650,0
101103,392.16,15876.2363,15888.4650,0
101112,392.19,15876.2363,15888.4650,0
101118,392.20,15876.2363,15888.4650,0
101119,392.20,15876.2363,15888.4650,0
101120,392.21,15876.2363,15888.4650,0
101128,392.23,15876.2363,15888.4650,0
101134,392.26,15876.2363,15888.4650,0
101136,392.27,15876.2363,15888.4650,0
101146,392.30,15876.2363,15888.4650,0
101148,392.30,15876.2363,15888.4650,0
101150,392.30,15876.2363,15888.4650,0
101157,392.32,15876.2363,15888.4650,0
101162,392.34,15876.2363,15888.4650,0
101179,392.38,15876.2363,15888.4650,0
101183,392.40,15876.2363,15888.4650,0
101186,392.41,15876.2363,15888.4650,0
101196,392.47,15876.2363,15888.4650,0
101197,392.47,15876.2363,15888.4650,0
101207,392.49,15876.2363,15888.4650,0
101210,392.49,15876.2363,15888.4650,0
101215,392.52,15876.2363,15888.4650,0
101216,392.52,15876.2363,15888.4650,0
101217,392.52,15876.2363,15888.4650,0
101220,392.52,15876.2363,15888.4650,0
101228,392.53,15876.2363,15888.4650,0
101230,392.54,15876.2363,15888.4650,0
101231,392.54,15876.2363,15888.4650,0
101233,392.55,15876.2363,15888.4650,0
101236,392.60,15876.2363,15888.4650,0
101239,392.60,15876.2363,15888.4650,0
101241,392.60,15876.2363,15888.4650,0
101254,392.64,15876.2363,15888.4650,0
101257,392.65,15876.2363,15888.4650,0
101258,392.65,15876.2363,15888.4650,0
101259,392.66,15876.2363,15888.4650,0
101266,392.70,15876.2363,15888.4650,0
101269,392.71,15876.2363,15888.4650,0
101270,392.71,15876.2363,15888.4650,0
101279,392.73,15876.2363,15888.4650,0
101284,392.74,15876.2363,15888.4650,0
101286,392.74,15876.2363,15888.4650,0
101287,392.74,15876.2363,15888.4650,0
101290,392.75,15876.2363,15888.4650,0
101291,392.75,15876.2363,15888.4650,0
101295,392.76,15876.2363,15888.4650,0
101306,392.78,15876.2363,15888.4650,0
101325,392.81,15876.2363,15888.4650,0
101326,392.81,15876.2363,15888.4650,0
101330,392.83,15876.2363,15888.4650,0
101331,392.83,15876.2363,15888.4650,0
101334,392.84,15876.2363,15888.4650,0
101335,392.84,15876.2363,15888.4650,0
101340,392.85,15876.2363,15888.4650,0
101343,392.86,15876.2363,15888.4650,0
101348,392.87,15876.2363,15888.4650,0
101350,392.87,15876.2363,15888.4650,0
101352,392.88,15876.2363,15888.4650,0
101360,392.91,15876.2363,15888.4650,0
101369,392.95,15876.2363,15888.4650,0
101371,392.95,15876.2363,15888.4650,0
101372,392.95,15876.2363,15888.4650,0
101374,392.95,15876.2363,15888.4650,0
101382,392.97,15876.2363,15888.4650,0
101387,392.98,15876.2363,15888.4650,0
101390,392.98,15876.2363,15888.4650,0
101391,392.98,15876.2363,15888.4650,0
101403,393.04,15876.2363,15888.4650,0
101405,393.04,15876.2363,15888.4650,0
101419,393.07,15876.2363,15888.4650,0
101421,393.07,15876.2363,15888.4650,0
101426,393.08,15876.2363,15888.4650,0
101432,393.09,15876.2363,15888.4650,0
101436,393.10,15876.2363,15888.4650,0
101437,393.10,15876.2363,15888.4650,0
101438,393.10,15876.2363,15888.4650,0
101443,393.11,15876.2363,15888.4650,0
101445,393.12,15876.2363,15888.4650,0
101448,393.12,15876.2363,15888.4650,0
101450,393.12,15876.2363,15888.4650,0
101454,393.12,15876.2363,15888.4650,0
101457,393.13,15876.2363,15888.4650,0
101463,393.15,15876.2363,15888.4650,0
101468,393.16,15876.2363,15888.4650,0
101470,393.16,15876.2363,15888.4650,0
101474,393.17,15876.2363,15888.4650,0
101483,393.18,15876.2363,15888.4650,0
101489,393.20,15876.2363,15888.4650,0
101491,393.23,15876.2363,15888.4650,0
101495,393.24,15876.2363,15888.4650,0
101504,393.27,15876.2363,15888.4650,0
101506,393.29,15876.2363,15888.4650,0
101507,393.29,15876.2363,15888.4650,0
101520,393.32,15876.2363,15888.4650,0
101521,393.32,15876.2363,15888.4650,0
101523,393.32,15876.2363,15888.4650,0
101529,393.32,15876.2363,15888.4650,0
101530,393.32,15876.2363,15888.4650,0
101535,393.33,15876.2363,15888.4650,0
101536,393.33,15876.2363,15888.4650,0
101543,393.35,15876.2363,15888.4650,0
101544,393.35,15876.2363,15888.4650,0
101548,393.36,15876.2363,15888.4650,0
101550,393.36,15876.2363,15888.4650,0
101555,393.39,15876.2363,15888.4650,0
101559,393.40,15876.2363,15888.4650,0
101560,393.40,15876.2363,15888.4650,0
101569,393.42,15876.2363,15888.4650,0
101570,393.42,15876.2363,15888.4650,0
101571,393.42,15876.2363,15888.4650,0
101574,393.43,15876.2363,15888.4650,0
101578,393.43,15876.2363,15888.4650,0
101582,393.45,15876.2363,15888.4650,0
101593,393.48,15876.2363,15888.4650,0
101599,393.51,15876.2363,15888.4650,0
101604,393.53,15876.2363,15888.4650,0
101606,393.53,15876.2363,15888.4650,0
101609,393.55,15876.2363,15888.4650,0
101610,393.55,15876.2363,15888.4650,0
101616,393.57,15878.2562,15888.4650,0
101622,393.66,15878.2562,15888.4650,0
101625,393.76,15878.2562,15888.4650,0
101626,393.79,15878.2562,15888.4650,0
101630,393.86,15878.2562,15888.4650,0
101632,393.96,15878.2562,15888.4650,0
101647,394.22,15878.2562,15888.4650,0
101653,394.28,15878.2562,15888.4650,0
101661,394.36,15878.2562,15888.4650,0
101669,394.44,15878.2562,15888.4650,0
101672,394.53,15878.2562,15888.4650,0
101673,394.53,15878.2562,15888.4650,0
101675,394.59,15878.2562,15888.4650,0
101676,394.60,15878.2562,15888.4650,0
101680,394.69,15878.2562,15888.4650,0
101684,394.77,15878.2562,15888.4650,0
101693,394.83,15878.2562,15888.4650,0
101695,394.84,15878.2562,15888.4650,0
101701,394.90,15878.2562,15888.4650,0
101702,394.90,15878.2562,15888.4650,0
101703,394.90,15878.2562,15888.4650,0
101708,394.94,15878.2562,15888.4650,0
101715,395.02,15878.2562,15888.4650,0
101716,395.02,15878.2562,15888.4650,0
101721,395.10,15878.2562,15888.4650,0
101729,395.15,15878.2562,15888.4650,0
101730,395.15,15878.2562,15888.4650,0
101732,395.15,15878.2562,15888.4650,0
101735,395.19,15878.2562,15888.4650,0
101742,395.36,15878.2562,15888.4650,0
101747,395.39,15878.2562,15888.4650,0
101755,395.47,15878.2562,15888.4650,0
101756,395.47,15878.2562,15888.4650,0
101757,395.47,15878.2562,15888.4650,0
101769,395.55,15878.2562,15888.4650,0
101772,395.57,15878.2562,15888.4650,0
101776,395.63,15878.2562,15888.4650,0
101778,395.65,15878.2562,15888.4650,0
101786,395.72,15878.2562,15888.4650,0
101787,395.72,15878.2562,15888.4650,0
101788,395.72,15878.2562,15888.4650,0
101801,395.81,15878.2562,15888.4650,0
101802,395.84,15878.2562,15888.4650,0
101806,395.89,15878.2562,15888.4650,0
101809,395.91,15878.2562,15888.4650,0
101810,395.91,15878.2562,15888.4650,0
101844,396.18,15878.2562,15888.4650,0
101851,396.22,15878.2562,15888.4650,0
101855,396.23,15878.2562,15888.4650,0
101860,396.25,15878.2562,15888.4650,0
101867,396.39,15878.2562,15888.4650,0
101869,396.39,15878.2562,15888.4650,0
101870,396.39,15878.2562,15888.4650,0
101876,396.40,15878.2562,15888.4650,0
101879,396.40,15878.2562,15888.4650,0
101898,396.46,15878.2562,15888.4650,0
101900,396.47,15878.2562,15888.4650,0
101901,396.47,15878.2562,15888.4650,0
101904,396.49,15878.2562,15888.4650,0
101910,396.51,15878.2562,15888.4650,0
101916,396.54,15878.2562,15888.4650,0
101930,396.65,15878.2562,15888.4650,0
101941,396.72,15878.2562,15888.4650,0
101951,396.77,15878.2562,15888.4650,0
101952,396.77,15878.2562,15888.4650,0
101957,396.81,15878.2562,15888.4650,0
101968,396.87,15878.2562,15888.4650,0
101975,396.91,15878.2562,15888.4650,0
101976,396.91,15878.2562,15888.4650,0
101981,396.95,15878.2562,15888.4650,0
101982,396.95,15878.2562,15888.4650,0
101985,396.95,15878.2562,15888.4650,0
101986,396.95,15878.2562,15888.4650,0
101993,396.96,15878.2562,15888.4650,0
102001,396.99,15878.2562,15888.4650,0
102004,397.03,15878.2562,15888.4650,0
102006,397.06,15879.6131,15888.4650,0
102007,397.14,15879.6131,15888.4650,0
102008,397.17,15879.6131,15888.4650,0
102021,397.47,15879.6131,15888.4650,0
102027,397.58,15879.6131,15888.4650,0
102029,397.69,15879.6131,15888.4650,0
102031,397.71,15879.6131,15888.4650,0
102050,397.99,15879.6131,15888.4650,0
102054,398.02,15879.6131,15888.4650,0
102057,398.11,15879.6131,15888.4650,0
102064,398.22,15879.6131,15888.4650,0
102065,398.28,15879.6131,15888.4650,0
102070,398.40,15879.6131,15888.4650,0
102073,398.46,15879.6131,15888.4650,0
102085,398.62,15879.6131,15888.4650,0
102093,398.69,15879.6131,15888.4650,0
102100,398.74,15879.6131,15888.4650,0
102106,398.85,15879.6131,15888.4650,0
102121,399.01,15879.6131,15888.4650,0
102124,399.01,15879.6131,15888.4650,0
102128,399.01,15879.6131,15888.4650,0
102135,399.06,15879.6131,15888.4650,0
102137,399.08,15879.6131,15888.4650,0
102138,399.08,15879.6131,15888.4650,0
102147,399.28,15879.6131,15888.4650,0
102152,399.33,15879.6131,15888.4650,0
102155,399.39,15879.6131,15888.4650,0
102156,399.39,15879.6131,15888.4650,0
102168,399.52,15879.6131,15888.4650,0
102187,399.72,15879.6131,15888.4650,0
102188,399.72,15879.6131,15888.4650,0
102191,399.72,15879.6131,15888.4650,0
102195,399.72,15879.6131,15888.4650,0
102196,399.75,15879.6131,15888.4650,0
102206,399.77,15879.6131,15888.4650,0
102212,399.80,15879.6131,15888.4650,0
102215,399.82,15879.6131,15888.4650,0
102219,399.84,15879.6131,15888.4650,0
102223,399.89,15879.6131,15888.4650,0
102243,400.02,15879.6131,15888.4650,0
102246,400.03,15879.6131,15888.4650,0
102256,400.10,15879.6131,15888.4650,0
102259,400.12,15879.6131,15888.4650,0
102265,400.13,15879.6131,15888.4650,0
102266,400.13,15879.6131,15888.4650,0
102267,400.13,15879.6131,15888.4650,0
102272,400.17,15879.6131,15888.4650,0
102275,400.19,15879.6131,15888.4650,0
102276,400.24,15879.6131,15888.4650,0
102281,400.27,15879.6131,15888.4650,0
102282,400.27,15879.6131,15888.4650,0
102283,400.27,15879.6131,15888.4650,0
102292,400.30,15879.6131,15888.4650,0
102295,400.30,15879.6131,15888.4650,0
102304,400.36,15879.6131,15888.4650,0
102307,400.38,15879.6131,15888.4650,0
102332,400.62,15879.6131,15888.4650,0
102335,400.64,15879.6131,15888.4650,0
102343,400.66,15879.6131,15888.4650,0
102345,400.66,15879.6131,15888.4650,0
102361,400.78,15879.6131,15888.4650,0
102364,400.78,15879.6131,15888.4650,0
102365,400.79,15879.6131,15888.4650,0
102370,400.84,15879.6131,15888.4650,0
102383,400.93,15879.6131,15888.4650,0
102386,400.93,15879.6131,15888.4650,0
102396,401.02,15879.6131,15888.4650,0
102420,401.17,15879.6131,15888.4650,0
102423,401.17,15879.6131,15888.4650,0
102425,401.17,15879.6131,15888.4650,0
102426,401.19,15879.6131,15888.4650,0
102427,401.20,15879.6131,15888.4650,0
102431,401.24,15879.6131,15888.4650,0
102434,401.26,15879.6131,15888.4650,0
102438,401.26,15879.6131,15888.4650,0
102443,401.28,15879.6131,15888.4650,0
102444,401.28,15879.6131,15888.4650,0
102455,401.35,15879.6131,15888.4650,0
102460,401.38,15879.6131,15888.4650,0
102467,401.43,15879.6131,15888.4650,0
102470,401.43,15879.6131,15888.4650,0
102474,401.48,15879.6131,15888.4650,0
102483,401.59,15879.6131,15888.4650,0
102485,401.60,15879.6131,15888.4650,0
102488,401.60,15879.6131,15888.4650,0
102491,401.60,15879.6131,15888.4650,0
102496,401.67,15879.6131,15888.4650,0
102500,401.69,15879.6131,15888.4650,0
102507,401.76,15879.6131,15888.4650,0
102510,401.78,15879.6131,15888.4650,0
102513,401.80,15879.6131,15888.4650,0
102522,401.88,15879.6131,15888.4650,0
102523,401.88,15879.6131,15888.4650,0
102530,401.92,15879.6131,15888.4650,0
102531,401.92,15879.6131,15888.4650,0
102542,402.00,15879.6131,15888.4650,0
102550,402.03,15879.6131,15888.4650,0
102552,402.03,15879.6131,15888.4650,0
102576,402.25,15879.6131,15888.4650,0
102585,402.30,15879.6131,15888.4650,0
102588,402.30,15879.6131,15888.4650,0
102598,402.36,15879.6131,15888.4650,0
102599,402.37,15879.6131,15888.4650,0
102602,402.39,15879.6131,15888.4650,0
102605,402.40,15879.6131,15888.4650,0
102606,402.40,15879.6131,15888.4650,0
102612,402.42,15879.6131,15888.4650,0
102617,402.43,15879.6131,15888.4650,0
102627,402.45,15879.6131,15888.4650,0
102630,402.46,15879.6131,15888.4650,0
102634,402.50,15879.6131,15888.4650,0
102643,402.58,15879.6131,15888.4650,0
102645,402.58,15879.6131,15888.4650,0
102648,402.60,15879.6131,15888.4650,0
102651,402.62,15879.6131,15888.4650,0
102654,402.64,15879.6131,15888.4650,0
102657,402.66,15879.6131,15888.4650,0
102660,402.66,15879.6131,15888.4650,0
102662,402.68,15879.6131,15888.4650,0
102665,402.70,15879.6131,15888.4650,0
102675,402.73,15879.6131,15888.4650,0
102678,402.75,15879.6131,15888.4650,0
102688,402.78,15879.6131,15888.4650,0
102694,402.86,15879.6131,15888.4650,0
102697,402.86,15879.6131,15888.4650,0
102703,402.88,15879.6131,15888.4650,0
102712,402.90,15879.6131,15888.4650,0
102715,402.92,15879.6131,15888.4650,0
102721,402.98,15879.6131,15888.4650,0
102742,403.11,15879.6131,15888.4650,0
102751,403.13,15879.6131,15888.4650,0
102757,403.18,15879.6131,15888.4650,0
102758,403.18,15879.6131,15888.4650,0
102760,403.20,15879.6131,15888.4650,0
102761,403.20,15879.6131,15888.4650,0
102766,403.21,15879.6131,15888.4650,0
102768,403.21,15879.6131,15888.4650,0
102776,403.24,15879.6131,15888.4650,0
102783,403.28,15879.6131,15888.4650,0
102788,403.30,15879.6131,15888.4650,0
102805,403.47,15879.6131,15888.4650,0
102810,403.51,15879.6131,15888.4650,0
102814,403.57,15879.6131,15888.4650,0
102822,403.66,15879.6131,15888.4650,0
102824,403.68,15879.6131,15888.4650,0
102835,403.73,15879.6131,15888.4650,0
102836,403.73,15879.6131,15888.4650,0
102839,403.73,15879.6131,15888.4650,0
102849,403.78,15879.6131,15888.4650,0
102851,403.79,15879.6131,15888.4650,0
102857,403.83,15879.6131,15888.4650,0
102865,403.86,15879.6131,15888.4650,0
102868,403.88,15879.6131,15888.4650,0
102882,403.93,15879.6131,15888.4650,0
102891,404.08,15879.6131,15888.4650,0
102899,404.14,15879.6131,15888.4650,0
102902,404.14,15879.6131,15888.4650,0
102903,404.15,15879.6131,15888.4650,0
102909,404.17,15879.6131,15888.4650,0
102915,404.17,15879.6131,15888.4650,0
102919,404.19,15879.6131,15888.4650,0
102922,404.21,15879.6131,15888.4650,0
102924,404.24,15879.6131,15888.4650,0
102929,404.28,15879.6131,15888.4650,0
102931,404.28,15879.6131,15888.4650,0
102932,404.28,15879.6131,15888.4650,0
102944,404.42,15879.6131,15888.4650,0
102948,404.45,15879.6131,15888.4650,0
102955,404.50,15879.6131,15888.4650,0
102974,404.62,15879.6131,15888.4650,0
102977,404.65,15879.6131,15888.4650,0
102984,404.71,15879.6131,15888.4650,0
102994,404.83,15879.6131,15888.4650,0
102997,404.86,15879.6131,15888.4650,0
103002,404.91,15879.6131,15888.4650,0
103003,404.91,15879.6131,15888.4650,0
103012,404.98,15879.6131,15888.4650,0
103016,405.00,15879.6131,15888.4650,0
103019,405.01,15879.6131,15888.4650,0
103021,405.01,15879.6131,15888.4650,0
103024,405.03,15879.6131,15888.4650,0
103044,405.23,15879.6131,15888.4650,0
103057,405.33,15879.6131,15888.4650,0
103059,405.33,15879.6131,15888.4650,0
103061,405.34,15879.6131,15888.4650,0
103068,405.38,15879.6131,15888.4650,0
103069,405.38,15879.6131,15888.4650,0
103075,405.38,15879.6131,15888.4650,0
103086,405.48,15879.6131,15888.4650,0
103090,405.52,15879.6131,15888.4650,0
103098,405.58,15879.6131,15888.4650,0
103100,405.60,15879.6131,15888.4650,0
103113,405.68,15879.6131,15888.4650,0
103117,405.68,15879.6131,15888.4650,0
103119,405.68,15879.6131,15888.4650,0
103124,405.72,15879.6131,15888.4650,0
103126,405.73,15879.6131,15888.4650,0
103127,405.73,15879.6131,15888.4650,0
103128,405.73,15879.6131,15888.4650,0
103130,405.73,15879.6131,15888.4650,0
103137,405.76,15879.6131,15888.4650,0
103138,405.76,15879.6131,15888.4650,0
103149,405.82,15879.6131,15888.4650,0
103151,405.84,15879.6131,15888.4650,0
103181,406.09,15879.6131,15888.4650,0
103189,406.15,15879.6131,15888.4650,0
103190,406.15,15879.6131,15888.4650,0
103195,406.19,15879.6131,15888.4650,0
103201,406.29,15879.6131,15888.4650,0
103206,406.31,15879.6131,15888.4650,0
103207,406.31,15879.6131,15888.4650,0
103220,406.38,15879.6131,15888.4650,0
103230,406.43,15879.6131,15888.4650,0
103231,406.43,15879.6131,15888.4650,0
103242,406.56,15879.6131,15888.4650,0
103246,406.59,15879.6131,15888.4650,0
103266,406.67,15879.6131,15888.4650,0
103290,406.82,15879.6131,15888.4650,0
103300,406.92,15879.6131,15888.4650,0
103304,406.92,15879.6131,15888.4650,0
103307,406.94,15879.6131,15888.4650,0
103314,407.00,15879.6131,15888.4650,0
103321,407.06,15879.6131,15888.4650,0
103324,407.07,15879.6131,15888.4650,0
103329,407.11,15879.6131,15888.4650,0
103335,407.12,15879.6131,15888.4650,0
103336,407.12,15879.6131,15888.4650,0
103338,407.12,15879.6131,15888.4650,0
103339,407.12,15879.6131,15888.4650,0
103349,407.17,15879.6131,15888.4650,0
103367,407.28,15879.6131,15888.4650,0
103368,407.28,15879.6131,15888.4650,0
103372,407.30,15879.6131,15888.4650,0
103394,407.42,15879.6131,15888.4650,0
103399,407.44,15879.6131,15888.4650,0
103408,407.50,15879.6131,15888.4650,0
103409,407.50,15879.6131,15888.4650,0
103413,407.52,15879.6131,15888.4650,0
103415,407.54,15879.6131,15888.4650,0
103426,407.58,15879.6131,15888.4650,0
103429,407.60,15879.6131,15888.4650,0
103435,407.61,15879.6131,15888.4650,0
103436,407.61,15879.6131,15888.4650,0
103438,407.61,15879.6131,15888.4650,0
103440,407.61,15879.6131,15888.4650,0
103448,407.65,15879.6131,15888.4650,0
103449,407.65,15879.6131,15888.4650,0
103455,407.68,15879.6131,15888.4650,0
103458,407.68,15879.6131,15888.4650,0
103464,407.70,15879.6131,15888.4650,0
103473,407.76,15879.6131,15888.4650,0
103477,407.77,15879.6131,15888.4650,0
103481,407.77,15879.6131,15888.4650,0
103484,407.77,15879.6131,15888.4650,0
103511,407.94,15879.6131,15888.4650,0
103513,407.96,15879.6131,15888.4650,0
103525,407.99,15879.6131,15888.4650,0
103526,407.99,15879.6131,15888.4650,0
103527,407.99,15879.6131,15888.4650,0
103530,408.01,15879.6131,15888.4650,0
103533,408.04,15879.6131,15888.4650,0
103534,408.04,15879.6131,15888.4650,0
103540,408.07,15879.6131,15888.4650,0
103549,408.11,15879.6131,15888.4650,0
103551,408.11,15879.6131,15888.4650,0
103569,408.22,15879.6131,15888.4650,0
103572,408.26,15879.6131,15888.4650,0
103575,408.28,15879.6131,15888.4650,0
103576,408.28,15879.6131,15888.4650,0
103577,408.28,15879.6131,15888.4650,0
103579,408.28,15879.6131,15888.4650,0
103581,408.28,15879.6131,15888.4650,0
103589,408.34,15879.6131,15888.4650,0
103598,408.39,15879.6131,15888.4650,0
103608,408.48,15879.6131,15888.4650,0
103614,408.52,15879.6131,15888.4650,0
103623,408.58,15879.6131,15888.4650,0
103624,408.59,15879.6131,15888.4650,0
103630,408.62,15879.6131,15888.4650,0
103633,408.64,15879.6131,15888.4650,0
103645,408.72,15879.6131,15888.4650,0
103649,408.76,15879.6131,15888.4650,0
103654,408.77,15879.6131,15888.4650,0
103655,408.77,15879.6131,15888.4650,0
103657,408.77,15879.6131,15888.4650,0
103665,408.81,15879.6131,15888.4650,0
103670,408.86,15879.6131,15888.4650,0
103673,408.89,15879.6131,15888.4650,0
103678,408.93,15879.6131,15888.4650,0
103689,409.00,15879.6131,15888.4650,0
103710,409.10,15879.6131,15888.4650,0
103715,409.12,15879.6131,15888.4650,0
103718,409.13,15879.6131,15888.4650,0
103719,409.13,15879.6131,15888.4650,0
103727,409.15,15879.6131,15888.4650,0
103728,409.15,15879.6131,15888.4650,0
103739,409.21,15879.6131,15888.4650,0
103745,409.23,15879.6131,15888.4650,0
103759,409.32,15879.6131,15888.4650,0
103760,409.32,15879.6131,15888.4650,0
103761,409.32,15879.6131,15888.4650,0
103762,409.32,15879.6131,15888.4650,0
103773,409.46,15879.6131,15888.4650,0
103778,409.49,15879.6131,15888.4650,0
103780,409.50,15879.6131,15888.4650,0
103782,409.50,15879.6131,15888.4650,0
103794,409.64,15879.6131,15888.4650,0
103809,409.74,15879.6131,15888.4650,0
103810,409.74,15879.6131,15888.4650,0
103823,409.81,15879.6131,15888.4650,0
103824,409.81,15879.6131,15888.4650,0
103831,409.84,15879.6131,15888.4650,0
103855,409.99,15879.6131,15888.4650,0
103856,409.99,15879.6131,15888.4650,0
103859,410.00,15879.6131,15888.4650,0
103865,410.04,15879.6131,15888.4650,0
103867,410.04,15879.6131,15888.4650,0
103871,410.06,15879.6131,15888.4650,0
103875,410.08,15879.6131,15888.4650,0
103878,410.10,15879.6131,15888.4650,0
103879,410.11,15879.6131,15888.4650,0
103882,410.13,15879.6131,15888.4650,0
103900,410.27,15879.6131,15888.4650,0
103903,410.27,15879.6131,15888.4650,0
103905,410.27,15879.6131,15888.4650,0
103907,410.27,15879.6131,15888.4650,0
103921,410.35,15879.6131,15888.4650,0
103922,410.36,15879.6131,15888.4650,0
103923,410.36,15879.6131,15888.4650,0
103931,410.46,15879.6131,15888.4650,0
103935,410.50,15879.6131,15888.4650,0
103938,410.52,15879.6131,15888.4650,0
103943,410.53,15879.6131,15888.4650,0
103946,410.55,15879.6131,15888.4650,0
103953,410.64,15879.6131,15888.4650,0
103963,410.70,15879.6131,15888.4650,0
103966,410.72,15879.6131,15888.4650,0
103968,410.72,15879.6131,15888.4650,0
103974,410.75,15879.6131,15888.4650,0
104001,410.88,15879.6131,15888.4650,0
104005,410.90,15879.6131,15888.4650,0
104007,410.90,15879.6131,15888.4650,0
104008,410.90,15879.6131,15888.4650,0
104036,411.05,15879.6131,15888.4650,0
104042,411.05,15879.6131,15888.4650,0
104043,411.05,15879.6131,15888.4650,0
104044,411.05,15879.6131,15888.4650,0
104053,411.15,15879.6131,15888.4650,0
104054,411.15,15879.6131,15888.4650,0
104057,411.15,15879.6131,15888.4650,0
104061,411.17,15879.6131,15888.4650,0
104062,411.17,15879.6131,15888.4650,0
104070,411.23,15879.6131,15888.4650,0
104073,411.23,15879.6131,15888.4650,0
104082,411.29,15879.6131,15888.4650,0
104083,411.29,15879.6131,15888.4650,0
104089,411.37,15879.6131,15888.4650,0
104095,411.39,15879.6131,15888.4650,0
104104,411.43,15879.6131,15888.4650,0
104116,411.48,15879.6131,15888.4650,0
104119,411.52,15879.6131,15888.4650,0
104123,411.54,15879.6131,15888.4650,0
104132,411.57,15879.6131,15888.4650,0
104136,411.57,15879.6131,15888.4650,0
104139,411.59,15879.6131,15888.4650,0
104144,411.60,15879.6131,15888.4650,0
104146,411.62,15879.6131,15888.4650,0
104153,411.64,15879.6131,15888.4650,0
104158,411.68,15879.6131,15888.4650,0
104159,411.69,15879.6131,15888.4650,0
104164,411.69,15879.6131,15888.4650,0
104169,411.71,15879.6131,15888.4650,0
104187,411.80,15879.6131,15888.4650,0
104190,411.80,15879.6131,15888.4650,0
104200,411.88,15879.6131,15888.4650,0
104201,411.88,15879.6131,15888.4650,0
104210,411.94,15879.6131,15888.4650,0
104212,411.96,15879.6131,15888.4650,0
104213,411.96,15879.6131,15888.4650,0
104214,411.96,15879.6131,15888.4650,0
104227,412.02,15879.6131,15888.4650,0
104229,412.03,15879.6131,15888.4650,0
104238,412.09,15879.6131,15888.4650,0
104243,412.13,15879.6131,15888.4650,0
104245,412.14,15879.6131,15888.4650,0
104251,412.14,15879.6131,15888.4650,0
104255,412.17,15879.6131,15888.4650,0
104258,412.17,15879.6131,15888.4650,0
104260,412.17,15879.6131,15888.4650,0
104276,412.32,15879.6131,15888.4650,0
104277,412.32,15879.6131,15888.4650,0
104280,412.36,15879.6131,15888.4650,0
104285,412.40,15879.6131,15888.4650,0
104287,412.40,15879.6131,15888.4650,0
104297,412.45,15879.6131,15888.4650,0
104314,412.51,15879.6131,15888.4650,0
104333,412.63,15879.6131,15888.4650,0
104342,412.66,15879.6131,15888.4650,0
104343,412.66,15879.6131,15888.4650,0
104345,412.66,15879.6131,15888.4650,0
104347,412.66,15879.6131,15888.4650,0
104362,412.72,15879.6131,15888.4650,0
104363,412.72,15879.6131,15888.4650,0
104369,412.73,15879.6131,15888.4650,0
104371,412.75,15879.6131,15888.4650,0
104375,412.76,15879.6131,15888.4650,0
104377,412.76,15879.6131,15888.4650,0
104385,412.78,15879.6131,15888.4650,0
104388,412.82,15879.6131,15888.4650,0
104394,412.84,15879.6131,15888.4650,0
104397,412.86,15879.6131,15888.4650,0
104399,412.86,15879.6131,15888.4650,0
104405,412.87,15879.6131,15888.4650,0
104413,412.92,15879.6131,15888.4650,0
104415,412.93,15879.6131,15888.4650,0
104419,412.98,15879.6131,15888.4650,0
104427,413.02,15879.6131,15888.4650,0
104433,413.03,15879.6131,15888.4650,0
104438,413.07,15879.6131,15888.4650,0
104442,413.10,15879.6131,15888.4650,0
104454,413.18,15879.6131,15888.4650,0
104456,413.18,15879.6131,15888.4650,0
104465,413.21,15879.6131,15888.4650,0
104473,413.25,15879.6131,15888.4650,0
104477,413.27,15879.6131,15888.4650,0
104478,413.27,15879.6131,15888.4650,0
104481,413.31,15879.6131,15888.4650,0
104483,413.31,15879.6131,15888.4650,0
104484,413.31,15879.6131,15888.4650,0
104487,413.34,15879.6131,15888.4650,0
104489,413.34,15879.6131,15888.4650,0
104490,413.34,15879.6131,15888.4650,0
104497,413.39,15879.6131,15888.4650,0
104501,413.39,15879.6131,15888.4650,0
104519,413.56,15879.6131,15888.4650,0
104523,413.60,15879.6131,15888.4650,0
104530,413.65,15879.6131,15888.4650,0
104534,413.67,15879.6131,15888.4650,0
104536,413.67,15879.6131,15888.4650,0
104537,413.68,15879.6131,15888.4650,0
104545,413.69,15879.6131,15888.4650,0
104547,413.69,15879.6131,15888.4650,0
104554,413.73,15879.6131,15888.4650,0
104573,413.83,15879.6131,15888.4650,0
104580,413.87,15879.6131,15888.4650,0
104582,413.88,15879.6131,15888.4650,0
104583,413.88,15879.6131,15888.4650,0
104597,413.91,15879.6131,15888.4650,0
104599,413.91,15879.6131,15888.4650,0
104606,413.94,15879.6131,15888.4650,0
104611,413.94,15879.6131,15888.4650,0
104617,413.94,15879.6131,15888.4650,0
104618,413.95,15879.6131,15888.4650,0
104621,413.95,15879.6131,15888.4650,0
104629,414.05,15879.6131,15888.4650,0
104634,414.07,15879.6131,15888.4650,0
104635,414.07,15879.6131,15888.4650,0
104641,414.11,15879.6131,15888.4650,0
104661,414.23,15879.6131,15888.4650,0
104669,414.30,15879.6131,15888.4650,0
104674,414.34,15879.6131,15888.4650,0
104680,414.38,15879.6131,15888.4650,0
104692,414.45,15879.6131,15888.4650,0
104695,414.45,15879.6131,15888.4650,0
104696,414.46,15879.6131,15888.4650,0
104701,414.46,15879.6131,15888.4650,0
104715,414.58,15879.6131,15888.4650,0
104719,414.60,15879.6131,15888.4650,0
104729,414.64,15879.6131,15888.4650,0
104735,414.70,15879.6131,15888.4650,0
104741,414.76,15879.6131,15888.4650,0
104747,414.77,15879.6131,15888.4650,0
104755,414.81,15879.6131,15888.4650,0
104756,414.81,15879.6131,15888.4650,0
104757,414.81,15879.6131,15888.4650,0
104760,414.81,15879.6131,15888.4650,0
104773,414.86,15879.6131,15888.4650,0
104784,414.96,15879.6131,15888.4650,0
104785,414.96,15879.6131,15888.4650,0
104790,415.01,15879.6131,15888.4650,0
104799,415.06,15879.6131,15888.4650,0
104803,415.09,15879.6131,15888.4650,0
104811,415.12,15879.6131,15888.4650,0
104813,415.12,15879.6131,15888.4650,0
104816,415.12,15879.6131,15888.4650,0
104818,415.14,15879.6131,15888.4650,0
104821,415.14,15879.6131,15888.4650,0
104830,415.20,15879.6131,15888.4650,0
104835,415.23,15879.6131,15888.4650,0
104847,415.34,15879.6131,15888.4650,0
104852,415.38,15879.6131,15888.4650,0
104855,415.38,15879.6131,15888.4650,0
104860,415.41,15879.6131,15888.4650,0
104861,415.41,15879.6131,15888.4650,0
104865,415.46,15879.6131,15888.4650,0
104874,415.54,15879.6131,15888.4650,0
104878,415.55,15879.6131,15888.4650,0
104885,415.57,15879.6131,15888.4650,0
104892,415.59,15879.6131,15888.4650,0
104896,415.61,15879.6131,15888.4650,0
104897,415.62,15879.6131,15888.4650,0
104906,415.70,15879.6131,15888.4650,0
104908,415.71,15879.6131,15888.4650,0
104917,415.81,15879.6131,15888.4650,0
104930,415.96,15879.6131,15888.4650,0
104936,415.99,15879.6131,15888.4650,0
104944,416.06,15879.6131,15888.4650,0
104948,416.10,15879.6131,15888.4650,0
104952,416.12,15879.6131,15888.4650,0
104955,416.14,15879.6131,15888.4650,0
104959,416.14,15879.6131,15888.4650,0
104963,416.15,15879.6131,15888.4650,0
104967,416.19,15879.6131,15888.4650,0
104968,416.19,15879.6131,15888.4650,0
104969,416.19,15879.6131,15888.4650,0
104970,416.19,15879.6131,15888.4650,0
104974,416.21,15879.6131,15888.4650,0
104975,416.21,15879.6131,15888.4650,0
104978,416.23,15879.6131,15888.4650,0
104980,416.25,15879.6131,15888.4650,0
104981,416.25,15879.6131,15888.4650,0
104985,416.27,15879.6131,15888.4650,0
104988,416.29,15879.6131,15888.4650,0
105007,416.37,15879.6131,15888.4650,1
105008,416.44,15046.1425,15888.4650,0
105009,416.48,15046.1425,15888.4650,0
105010,416.55,15046.1425,15888.4650,0
105011,416.64,15046.1425,15888.4650,0
105012,416.66,15198.2829,15888.4650,0
105013,416.73,15236.7131,15888.4650,0
105018,416.95,15236.7131,15888.4650,0
105022,417.01,15236.7131,15888.4650,0
105023,417.04,15236.7131,15888.4650,0
105024,417.12,15236.7131,15888.4650,0
105025,417.17,15236.7131,15888.4650,0
105026,417.17,15236.7131,15888.4650,0
105028,417.17,15236.7131,15888.4650,0
105029,417.17,15236.7131,15888.4650,0
105030,417.17,15236.7131,15888.4650,0
105031,417.17,15236.7131,15888.4650,0
105032,417.21,15236.7131,15888.4650,0
105033,417.23,15236.7131,15888.4650,0
105034,417.25,15236.7131,15888.4650,0
105037,417.25,15236.7131,15888.4650,0
105038,417.31,15236.7131,15888.4650,0
105039,417.33,15236.7131,15888.4650,0
105041,417.37,15236.7131,15888.4650,0
105042,417.41,15236.7131,15888.4650,0
105051,417.50,15236.7131,15888.4650,0
105052,417.58,15236.7131,15888.4650,0
105055,417.62,15236.7131,15888.4650,0
105057,417.67,15236.7131,15888.4650,0
105060,417.83,15306.2094,15888.4650,0
105061,417.87,15320.2515,15888.4650,0
105062,417.91,15320.2515,15888.4650,0
105063,417.91,15320.2515,15888.4650,0
105065,417.95,15320.2515,15888.4650,0
105067,417.95,15320.2515,15888.4650,0
105069,417.98,15405.2169,15888.4650,0
105070,418.05,15405.2169,15888.4650,0
105071,418.15,15405.2169,15888.4650,0
105072,418.18,15405.2169,15888.4650,0
105074,418.32,15423.2478,15888.4650,0
105075,418.34,15423.2478,15888.4650,0
105076,418.35,15423.2478,15888.4650,0
105077,418.42,15423.2478,15888.4650,0
105078,418.46,15423.2478,15888.4650,0
105082,418.61,15423.2478,15888.4650,0
105086,418.70,15423.2478,15888.4650,0
105089,418.70,15423.2478,15888.4650,0
105091,418.71,15423.2478,15888.4650,0
105093,418.71,15423.2478,15888.4650,0
105097,418.75,15423.2478,15888.4650,0
105102,418.81,15423.2478,15888.4650,0
105103,418.81,15423.2478,15888.4650,0
105105,418.81,15423.2478,15888.4650,0
105109,418.81,15423.2478,15888.4650,0
105110,418.81,15423.2478,15888.4650,0
105112,418.81,15423.2478,15888.4650,0
105115,418.84,15423.2478,15888.4650,0
105117,418.93,15423.2478,15888.4650,0
105119,418.99,15423.2478,15888.4650,0
105120,418.99,15423.2478,15888.4650,0
105125,419.03,15423.2478,15888.4650,0
105129,419.09,15423.2478,15888.4650,0
105131,419.09,15423.2478,15888.4650,0
105132,419.14,15423.2478,15888.4650,0
105135,419.17,15423.2478,15888.4650,0
105136,419.17,15423.2478,15888.4650,0
105140,419.22,15423.2478,15888.4650,0
105141,419.22,15423.2478,15888.4650,0
105146,419.25,15423.2478,15888.4650,0
105149,419.35,15423.2478,15888.4650,0
105152,419.37,15423.2478,15888.4650,0
105155,419.37,15423.2478,15888.4650,0
105157,419.38,15423.2478,15888.4650,0
105160,419.41,15423.2478,15888.4650,0
105163,419.51,15501.4030,15888.4650,0
105164,419.59,15599.1421,15888.4650,0
105167,419.66,15796.8543,15888.4650,0
105169,419.73,15796.8543,15888.4650,0
105171,419.81,15796.8543,15888.4650,0
105174,419.90,15796.8543,15888.4650,0
105175,419.94,15799.4274,15888.4650,0
105178,420.03,15799.4274,15888.4650,0
105179,420.05,15862.7372,15888.4650,0
105180,420.09,15862.7372,15888.4650,0
105183,420.16,15862.7372,15888.4650,0
105185,420.19,15862.7372,15888.4650,0
105188,420.25,15862.7372,15888.4650,0
105189,420.28,15862.7372,15888.4650,0
105193,420.43,15862.7372,15888.4650,0
105196,420.51,15862.7372,15888.4650,0
105198,420.51,15862.7372,15888.4650,0
105199,420.51,15862.7372,15888.4650,0
105202,420.51,15862.7372,15888.4650,0
105205,420.52,15862.7372,15888.4650,0
105207,420.57,15862.7372,15888.4650,0
105216,420.62,15862.7372,15888.4650,0
105217,420.62,15862.7372,15888.4650,0
105218,420.62,15862.7372,15888.4650,0
105222,420.63,15862.7372,15888.4650,0
105223,420.63,15862.7372,15888.4650,0
105227,420.64,15862.7372,15888.4650,0
105230,420.66,15862.7372,15888.4650,0
105231,420.68,15862.7372,15888.4650,0
105232,420.68,15862.7372,15888.4650,0
105233,420.70,15862.7372,15888.4650,0
105236,420.71,15862.7372,15888.4650,0
105237,420.71,15862.7372,15888.4650,0
105240,420.73,15862.7372,15888.4650,0
105244,420.78,15862.7372,15888.4650,0
105250,420.82,15862.7372,15888.4650,0
105253,420.83,15862.7372,15888.4650,0
105260,420.96,15863.2104,15888.4650,0
105264,421.11,15863.2104,15888.4650,0
105266,421.15,15863.2104,15888.4650,0
105267,421.17,15863.2104,15888.4650,0
105268,421.23,15863.2104,15888.4650,0
105269,421.23,15863.2104,15888.4650,0
105270,421.26,15863.2104,15888.4650,0
105275,421.35,15863.2104,15888.4650,0
105276,421.37,15863.2104,15888.4650,0
105280,421.39,15863.2104,15888.4650,0
105283,421.39,15863.2104,15888.4650,0
105284,421.41,15863.2104,15888.4650,0
105285,421.49,15863.2104,15888.4650,0
105289,421.52,15863.2104,15888.4650,0
105291,421.53,15863.2104,15888.4650,0
105292,421.53,15863.2104,15888.4650,0
105293,421.53,15863.2104,15888.4650,0
105294,421.53,15863.2104,15888.4650,0
105297,421.54,15863.2104,15888.4650,0
105299,421.56,15863.2104,15888.4650,0
105304,421.65,15863.2104,15888.4650,0
105305,421.65,15863.2104,15888.4650,0
105306,421.65,15863.2104,15888.4650,0
105307,421.71,15863.2104,15888.4650,0
105308,421.71,15863.2104,15888.4650,0
105309,421.71,15863.2104,15888.4650,0
105311,421.71,15863.2104,15888.4650,0
105314,421.72,15863.2104,15888.4650,0
105315,421.72,15863.2104,15888.4650,0
105317,421.72,15863.2104,15888.4650,0
105319,421.74,15863.2104,15888.4650,0
105321,421.75,15863.2104,15888.4650,0
105322,421.75,15863.2104,15888.4650,0
105324,421.75,15863.2104,15888.4650,0
105325,421.75,15863.2104,15888.4650,0
105328,421.75,15863.2104,15888.4650,0
105329,421.75,15863.2104,15888.4650,0
105331,421.75,15863.2104,15888.4650,0
105332,421.75,15863.2104,15888.4650,0
105333,421.76,15863.2104,15888.4650,0
105334,421.76,15863.2104,15888.4650,0
105337,421.78,15863.2104,15888.4650,0
105339,421.78,15863.2104,15888.4650,0
105342,421.79,15863.2104,15888.4650,0
105345,421.79,15863.2104,15888.4650,0
105347,421.80,15863.2104,15888.4650,0
105350,421.81,15863.2104,15888.4650,0
105352,421.81,15863.2104,15888.4650,0
105353,421.89,15863.2104,15888.4650,0
105367,421.92,15863.2104,15888.4650,0
105371,421.94,15863.2104,15888.4650,0
105372,421.95,15863.2104,15888.4650,0
105376,421.97,15863.2104,15888.4650,0
105381,422.03,15863.2104,15888.4650,0
105382,422.03,15863.2104,15888.4650,0
105384,422.03,15863.2104,15888.4650,0
105386,422.04,15863.2104,15888.4650,0
105387,422.04,15863.2104,15888.4650,0
105388,422.04,15863.2104,15888.4650,0
105392,422.05,15863.2104,15888.4650,0
105394,422.07,15863.2104,15888.4650,0
105395,422.07,15863.2104,15888.4650,0
105396,422.07,15863.2104,15888.4650,0
105401,422.10,15863.2104,15888.4650,0
105404,422.11,15863.2104,15888.4650,0
105407,422.13,15863.2104,15888.4650,0
105408,422.13,15863.2104,15888.4650,0
105409,422.15,15863.2104,15888.4650,0
105410,422.15,15863.2104,15888.4650,0
105412,422.16,15863.2104,15888.4650,0
105416,422.16,15863.2104,15888.4650,0
105417,422.16,15863.2104,15888.4650,0
105418,422.25,15863.2104,15888.4650,0
105419,422.26,15863.2104,15888.4650,0
105422,422.26,15863.2104,15888.4650,0
105424,422.26,15863.2104,15888.4650,0
105427,422.26,15863.2104,15888.4650,0
105429,422.26,15863.2104,15888.4650,0
105433,422.28,15863.2104,15888.4650,0
105434,422.28,15863.2104,15888.4650,0
105435,422.28,15863.2104,15888.4650,0
105444,422.31,15863.2104,15888.4650,0
105445,422.31,15863.2104,15888.4650,0
105447,422.32,15863.2104,15888.4650,0
105448,422.32,15863.2104,15888.4650,0
105454,422.34,15863.2104,15888.4650,0
105459,422.36,15863.2104,15888.4650,0
105462,422.37,15863.2104,15888.4650,0
105463,422.37,15863.2104,15888.4650,0
105468,422.39,15863.2104,15888.4650,0
105470,422.39,15863.2104,15888.4650,0
105472,422.40,15863.2104,15888.4650,0
105476,422.42,15863.2104,15888.4650,0
105480,422.45,15863.2104,15888.4650,0
105481,422.45,15863.2104,15888.4650,0
105487,422.47,15863.2104,15888.4650,0
105497,422.50,15863.2104,15888.4650,0
105499,422.50,15863.2104,15888.4650,0
105502,422.51,15863.2104,15888.4650,0
105505,422.51,15863.2104,15888.4650,0
105506,422.51,15863.2104,15888.4650,0
105511,422.53,15863.2104,15888.4650,0
105512,422.53,15863.2104,15888.4650,0
105513,422.53,15863.2104,15888.4650,0
105514,422.53,15863.2104,15888.4650,0
105519,422.54,15863.2104,15888.4650,0
105521,422.54,15863.2104,15888.4650,0
105526,422.55,15863.2104,15888.4650,0
105528,422.56,15863.2104,15888.4650,0
105531,422.56,15863.2104,15888.4650,0
105532,422.58,15863.2104,15888.4650,0
105534,422.58,15863.2104,15888.4650,0
105542,422.62,15863.2104,15888.4650,0
105547,422.63,15863.2104,15888.4650,0
105550,422.63,15863.2104,15888.4650,0
105552,422.64,15863.2104,15888.4650,0
105555,422.66,15863.2104,15888.4650,0
105565,422.70,15863.2104,15888.4650,0
105567,422.70,15863.2104,15888.4650,0
105568,422.70,15863.2104,15888.4650,0
105569,422.73,15863.2104,15888.4650,0
105570,422.73,15863.2104,15888.4650,0
105576,422.76,15863.2104,15888.4650,0
105577,422.77,15863.2104,15888.4650,0
105580,422.79,15863.2104,15888.4650,0
105581,422.79,15863.2104,15888.4650,0
105582,422.79,15863.2104,15888.4650,0
105589,422.81,15863.2104,15888.4650,0
105591,422.82,15863.2104,15888.4650,0
105595,422.82,15863.2104,15888.4650,0
105596,422.82,15863.2104,15888.4650,0
105598,422.82,15863.2104,15888.4650,0
105604,422.84,15863.2104,15888.4650,0
105605,422.84,15863.2104,15888.4650,0
105607,422.84,15863.2104,15888.4650,0
105612,422.87,15863.2104,15888.4650,0
105621,422.92,15863.2104,15888.4650,0
105623,422.92,15863.2104,15888.4650,0
105624,422.92,15863.2104,15888.4650,0
105627,422.93,15863.2104,15888.4650,0
105628,422.93,15863.2104,15888.4650,0
105631,422.93,15863.2104,15888.4650,0
105637,422.97,15863.2104,15888.4650,0
105640,422.98,15863.2104,15888.4650,0
105642,422.99,15863.2104,15888.4650,0
105647,423.00,15863.2104,15888.4650,0
105657,423.01,15863.2104,15888.4650,0
105661,423.02,15863.2104,15888.4650,0
105663,423.02,15863.2104,15888.4650,0
105664,423.03,15863.2104,15888.4650,0
105668,423.04,15863.2104,15888.4650,0
105669,423.04,15863.2104,15888.4650,0
105672,423.04,15863.2104,15888.4650,0
105674,423.05,15863.2104,15888.4650,0
105679,423.05,15863.2104,15888.4650,0
105681,423.06,15863.2104,15888.4650,0
105685,423.07,15863.2104,15888.4650,0
105687,423.07,15863.2104,15888.4650,0
105688,423.07,15863.2104,15888.4650,0
105690,423.07,15863.2104,15888.4650,0
105691,423.07,15863.2104,15888.4650,0
105693,423.13,15881.8709,15888.4650,0
105694,423.19,15881.8709,15888.4650,0
105695,423.28,15885.8281,15888.4650,0
105697,423.34,15885.8281,15888.4650,0
105698,423.35,15885.8281,15888.4650,0
105701,423.42,15885.8281,15888.4650,0
105702,423.44,15885.8281,15888.4650,0
105707,423.57,15885.8281,15888.4650,0
105711,423.62,15885.8281,15888.4650,0
105714,423.74,15885.8281,15888.4650,0
105718,423.75,15885.8281,15888.4650,0
105720,423.80,15885.8281,15888.4650,0
105725,423.81,15885.8281,15888.4650,0
105732,423.83,15885.8281,15888.4650,0
105734,423.87,15885.8281,15888.4650,0
105736,423.88,15885.8281,15888.4650,0
105738,423.91,15885.8281,15888.4650,0
105739,423.93,15885.8281,15888.4650,0
105742,423.97,15885.8281,15888.4650,0
105751,424.00,15885.8281,15888.4650,0
105755,424.01,15885.8281,15888.4650,0
105763,424.06,15885.8281,15888.4650,0
105764,424.06,15885.8281,15888.4650,0
105769,424.07,15885.8281,15888.4650,0
105770,424.09,15885.8281,15888.4650,0
105771,424.09,15885.8281,15888.4650,0
105774,424.10,15885.8281,15888.4650,0
105779,424.12,15885.8281,15888.4650,0
105780,424.12,15885.8281,15888.4650,0
105781,424.13,15885.8281,15888.4650,0
105782,424.13,15885.8281,15888.4650,0
105783,424.13,15885.8281,15888.4650,0
105785,424.13,15885.8281,15888.4650,0
105786,424.13,15885.8281,15888.4650,0
105787,424.13,15885.8281,15888.4650,0
105791,424.14,15885.8281,15888.4650,0
105792,424.14,15885.8281,15888.4650,0
105795,424.14,15885.8281,15888.4650,0
105799,424.15,15885.8281,15888.4650,0
105800,424.15,15885.8281,15888.4650,0
105801,424.17,15885.8281,15888.4650,0
105803,424.19,15885.8281,15888.4650,0
105812,424.22,15885.8281,15888.4650,0
105813,424.22,15885.8281,15888.4650,0
105815,424.22,15885.8281,15888.4650,0
105818,424.23,15885.8281,15888.4650,0
105820,424.24,15885.8281,15888.4650,0
105822,424.24,15885.8281,15888.4650,0
105826,424.30,15885.8281,15888.4650,0
105832,424.31,15885.8281,15888.4650,0
105834,424.31,15885.8281,15888.4650,0
105837,424.40,15885.8281,15888.4650,0
105839,424.40,15885.8281,15888.4650,0
105840,424.41,15885.8281,15888.4650,0
105841,424.44,15885.8281,15888.4650,0
105843,424.45,15885.8281,15888.4650,0
105844,424.45,15885.8281,15888.4650,0
105846,424.45,15885.8281,15888.4650,0
105849,424.46,15885.8281,15888.4650,0
105851,424.47,15885.8281,15888.4650,0
105854,424.49,15888.5832,15888.5832,0
105866,424.73,15888.5832,15888.5832,0
105869,424.80,15888.5832,15888.5832,0
105872,424.85,15888.5832,15888.5832,0
105873,424.85,15888.5832,15888.5832,0
105875,424.88,15888.5832,15888.5832,0
105876,424.88,15888.5832,15888.5832,0
105877,424.88,15888.5832,15888.5832,0
105878,424.90,15888.5832,15888.5832,0
105879,424.98,15888.5832,15888.5832,0
105886,425.08,15888.5832,15888.5832,0
105887,425.10,15888.5832,15888.5832,0
105893,425.14,15888.5832,15888.5832,0
105894,425.14,15888.5832,15888.5832,0
105898,425.19,15888.5832,15888.5832,0
105901,425.20,15888.5832,15888.5832,0
105902,425.22,15888.5832,15888.5832,0
105904,425.22,15888.5832,15888.5832,0
105906,425.26,15888.5832,15888.5832,0
105909,425.31,15888.5832,15888.5832,0
105913,425.37,15888.5832,15888.5832,0
105914,425.37,15888.5832,15888.5832,0
105915,425.37,15888.5832,15888.5832,0
105916,425.37,15888.5832,15888.5832,0
105917,425.38,15888.5832,15888.5832,0
105918,425.38,15888.5832,15888.5832,0
105919,425.38,15888.5832,15888.5832,0
105920,425.44,15888.5832,15888.5832,0
105925,425.49,15888.5832,15888.5832,0
105928,425.56,15888.5832,15888.5832,0
105929,425.58,15888.5832,15888.5832,0
105931,425.59,15888.5832,15888.5832,0
105933,425.59,15888.5832,15888.5832,0
105935,425.61,15888.5832,15888.5832,0
105936,425.62,15888.5832,15888.5832,0
105938,425.63,15888.5832,15888.5832,0
105942,425.63,15888.5832,15888.5832,0
105946,425.64,15888.5832,15888.5832,0
105949,425.65,15888.5832,15888.5832,0
105951,425.67,15888.5832,15888.5832,0
105952,425.67,15888.5832,15888.5832,0
105953,425.75,15888.5832,15888.5832,0
105954,425.79,15888.5832,15888.5832,0
105956,425.79,15888.5832,15888.5832,0
105959,425.82,15888.5832,15888.5832,0
105960,425.84,15888.5832,15888.5832,0
105962,425.84,15888.5832,15888.5832,0
105963,425.85,15888.5832,15888.5832,0
105965,425.85,15888.5832,15888.5832,0
105967,425.86,15888.5832,15888.5832,0
105970,425.87,15888.5832,15888.5832,0
105973,425.88,15888.5832,15888.5832,0
105974,425.88,15888.5832,15888.5832,0
105978,425.94,15888.5832,15888.5832,0
105979,425.94,15888.5832,15888.5832,0
105983,425.96,15888.5832,15888.5832,0
105984,425.96,15888.5832,15888.5832,0
105986,425.97,15888.5832,15888.5832,0
105987,425.97,15888.5832,15888.5832,0
105990,425.98,15888.5832,15888.5832,0
105991,425.98,15888.5832,15888.5832,0
105992,425.98,15888.5832,15888.5832,0
105994,425.99,15888.5832,15888.5832,0
106003,426.02,15888.5832,15888.5832,0
106005,426.02,15888.5832,15888.5832,0
106007,426.05,15888.5832,15888.5832,0
106011,426.06,15888.5832,15888.5832,0
106014,426.07,15888.5832,15888.5832,0
106018,426.09,15888.5832,15888.5832,0
106020,426.19,15888.5832,15888.5832,0
106024,426.21,15888.5832,15888.5832,0
106034,426.26,15888.5832,15888.5832,0
106035,426.28,15888.5832,15888.5832,0
106036,426.29,15888.5832,15888.5832,0
106037,426.29,15888.5832,15888.5832,0
106038,426.29,15888.5832,15888.5832,0
106039,426.29,15888.5832,15888.5832,0
106049,426.32,15888.5832,15888.5832,0
106050,426.36,15888.5832,15888.5832,0
106051,426.36,15888.5832,15888.5832,0
106055,426.37,15888.5832,15888.5832,0
106062,426.39,15888.5832,15888.5832,0
106063,426.40,15888.5832,15888.5832,0
106065,426.40,15888.5832,15888.5832,0
106066,426.41,15888.5832,15888.5832,0
106072,426.44,15888.5832,15888.5832,0
106074,426.46,15888.5832,15888.5832,0
106076,426.46,15888.5832,15888.5832,0
106077,426.46,15888.5832,15888.5832,0
106080,426.46,15888.5832,15888.5832,0
106083,426.47,15888.5832,15888.5832,0
106085,426.47,15888.5832,15888.5832,0
106086,426.47,15888.5832,15888.5832,0
106087,426.47,15888.5832,15888.5832,0
106096,426.48,15888.5832,15888.5832,0
106102,426.49,15888.5832,15888.5832,0
106103,426.49,15888.5832,15888.5832,0
106105,426.52,15888.5832,15888.5832,0
106106,426.54,15888.5832,15888.5832,0
106109,426.54,15888.5832,15888.5832,0
106114,426.55,15888.5832,15888.5832,0
106115,426.55,15888.5832,15888.5832,0
106117,426.56,15888.5832,15888.5832,0
106120,426.57,15888.5832,15888.5832,0
106121,426.57,15888.5832,15888.5832,0
106123,426.57,15888.5832,15888.5832,0
106124,426.57,15888.5832,15888.5832,0
106125,426.57,15888.5832,15888.5832,0
106129,426.59,15888.5832,15888.5832,0
106133,426.60,15888.5832,15888.5832,0
106134,426.60,15888.5832,15888.5832,0
106137,426.65,15888.5832,15888.5832,0
106138,426.66,15888.5832,15888.5832,0
106139,426.66,15888.5832,15888.5832,0
106143,426.66,15888.5832,15888.5832,0
106144,426.66,15888.5832,15888.5832,0
106145,426.66,15888.5832,15888.5832,0
106152,426.68,15888.5832,15888.5832,0
106156,426.69,15888.5832,15888.5832,0
106159,426.70,15888.5832,15888.5832,0
106161,426.70,15888.5832,15888.5832,0
106162,426.70,15888.5832,15888.5832,0
106166,426.70,15888.5832,15888.5832,0
106170,426.72,15888.5832,15888.5832,0
106172,426.72,15888.5832,15888.5832,0
106174,426.73,15888.5832,15888.5832,0
106176,426.74,15888.5832,15888.5832,0
106180,426.75,15888.5832,15888.5832,0
106184,426.76,15888.5832,15888.5832,0
106189,426.77,15888.5832,15888.5832,0
106190,426.77,15888.5832,15888.5832,0
106192,426.77,15888.5832,15888.5832,0
106194,426.78,15888.5832,15888.5832,0
106202,426.82,15888.5832,15888.5832,0
106204,426.82,15888.5832,15888.5832,0
106210,426.83,15888.5832,15888.5832,0
106211,426.83,15888.5832,15888.5832,0
106212,426.83,15888.5832,15888.5832,0
106213,426.83,15888.5832,15888.5832,0
106214,426.84,15888.5832,15888.5832,0
106215,426.84,15888.5832,15888.5832,0
106218,426.85,15888.5832,15888.5832,0
106223,426.86,15888.5832,15888.5832,0
106224,426.88,15888.5832,15888.5832,0
106227,426.88,15888.5832,15888.5832,0
106229,426.90,15888.5832,15888.5832,0
106232,426.91,15888.5832,15888.5832,0
106234,426.91,15888.5832,15888.5832,0
106235,426.91,15888.5832,15888.5832,0
106238,426.92,15888.5832,15888.5832,0
106245,426.93,15888.5832,15888.5832,0
106246,426.93,15888.5832,15888.5832,0
106247,426.93,15888.5832,15888.5832,0
106249,426.93,15888.5832,15888.5832,0
106255,426.96,15888.5832,15888.5832,0
106257,426.98,15888.5832,15888.5832,0
106258,426.98,15888.5832,15888.5832,0
106263,426.99,15888.5832,15888.5832,0
106265,426.99,15888.5832,15888.5832,0
106266,426.99,15888.5832,15888.5832,0
106267,427.00,15888.5832,15888.5832,0
106271,427.01,15888.5832,15888.5832,0
106273,427.02,15888.5832,15888.5832,0
106274,427.02,15888.5832,15888.5832,0
106280,427.05,15888.5832,15888.5832,0
106281,427.05,15888.5832,15888.5832,0
106287,427.07,15888.5832,15888.5832,0
106288,427.08,15888.5832,15888.5832,0
106296,427.09,15888.5832,15888.5832,0
106302,427.10,15888.5832,15888.5832,0
106305,427.10,15888.5832,15888.5832,0
106308,427.12,15888.5832,15888.5832,0
106314,427.14,15888.5832,15888.5832,0
106316,427.15,15888.5832,15888.5832,0
106317,427.15,15888.5832,15888.5832,0
106319,427.15,15888.5832,15888.5832,0
106320,427.15,15888.5832,15888.5832,0
106323,427.17,15888.5832,15888.5832,0
106324,427.17,15888.5832,15888.5832,0
106326,427.17,15888.5832,15888.5832,0
106329,427.18,15888.5832,15888.5832,0
106340,427.22,15888.5832,15888.5832,0
106344,427.24,15888.5832,15888.5832,0
106345,427.25,15888.5832,15888.5832,0
106348,427.27,15888.5832,15888.5832,0
106349,427.27,15888.5832,15888.5832,0
106350,427.27,15888.5832,15888.5832,0
106357,427.29,15888.5832,15888.5832,0
106359,427.29,15888.5832,15888.5832,0
106360,427.31,15888.5832,15888.5832,0
106363,427.32,15888.5832,15888.5832,0
106366,427.34,15888.5832,15888.5832,0
106368,427.34,15888.5832,15888.5832,0
106370,427.34,15888.5832,15888.5832,0
106372,427.34,15888.5832,15888.5832,0
106375,427.35,15888.5832,15888.5832,0
106379,427.37,15888.5832,15888.5832,0
106381,427.38,15888.5832,15888.5832,0
106382,427.38,15888.5832,15888.5832,0
106388,427.42,15888.5832,15888.5832,0
106389,427.42,15888.5832,15888.5832,0
106396,427.44,15888.5832,15888.5832,0
106398,427.44,15888.5832,15888.5832,0
106402,427.46,15888.5832,15888.5832,0
106403,427.46,15888.5832,15888.5832,0
106405,427.46,15888.5832,15888.5832,0
106407,427.46,15888.5832,15888.5832,0
106408,427.46,15888.5832,15888.5832,0
106409,427.46,15888.5832,15888.5832,0
106412,427.48,15888.5832,15888.5832,0
106414,427.48,15888.5832,15888.5832,0
106419,427.52,15888.5832,15888.5832,0
106422,427.53,15888.5832,15888.5832,0
106426,427.53,15888.5832,15888.5832,0
106431,427.54,15888.5832,15888.5832,0
106432,427.55,15888.5832,15888.5832,0
106437,427.56,15888.5832,15888.5832,0
106438,427.56,15888.5832,15888.5832,0
106441,427.57,15888.5832,15888.5832,0
106445,427.58,15888.5832,15888.5832,0
106446,427.58,15888.5832,15888.5832,0
106447,427.58,15888.5832,15888.5832,0
106449,427.59,15888.5832,15888.5832,0
106454,427.60,15888.5832,15888.5832,0
106456,427.60,15888.5832,15888.5832,0
106462,427.62,15888.5832,15888.5832,0
106463,427.62,15888.5832,15888.5832,0
106466,427.62,15888.5832,15888.5832,0
106467,427.62,15888.5832,15888.5832,0
106468,427.62,15888.5832,15888.5832,0
106470,427.64,15888.5832,15888.5832,0
106473,427.64,15888.5832,15888.5832,0
106480,427.67,15888.5832,15888.5832,0
106489,427.71,15888.5832,15888.5832,0
106490,427.71,15888.5832,15888.5832,0
106493,427.73,15888.5832,15888.5832,0
106494,427.73,15888.5832,15888.5832,0
106495,427.73,15888.5832,15888.5832,0
106500,427.74,15888.5832,15888.5832,0
106504,427.75,15888.5832,15888.5832,0
106505,427.75,15888.5832,15888.5832,0
106507,427.75,15888.5832,15888.5832,0
106510,427.76,15888.5832,15888.5832,0
106514,427.78,15888.5832,15888.5832,0
106521,427.80,15888.5832,15888.5832,0
106524,427.81,15888.5832,15888.5832,0
106528,427.83,15888.5832,15888.5832,0
106530,427.85,15888.5832,15888.5832,0
106532,427.85,15888.5832,15888.5832,0
106533,427.85,15888.5832,15888.5832,0
106535,427.86,15888.5832,15888.5832,0
106540,427.86,15888.5832,15888.5832,0
106541,427.87,15888.5832,15888.5832,0
106545,427.88,15888.5832,15888.5832,0
106546,427.88,15888.5832,15888.5832,0
106548,427.88,15888.5832,15888.5832,0
106550,427.88,15888.5832,15888.5832,0
106556,427.92,15888.5832,15888.5832,0
106560,427.92,15888.5832,15888.5832,0
106563,427.93,15888.5832,15888.5832,0
106567,427.95,15888.5832,15888.5832,0
106570,427.95,15888.5832,15888.5832,0
106571,427.96,15888.5832,15888.5832,0
106573,427.96,15888.5832,15888.5832,0
106574,428.00,15888.5832,15888.5832,0
106579,428.02,15888.5832,15888.5832,0
106580,428.03,15888.5832,15888.5832,0
106581,428.03,15888.5832,15888.5832,0
106587,428.05,15888.5832,15888.5832,0
106588,428.05,15888.5832,15888.5832,0
106589,428.06,15888.5832,15888.5832,0
106593,428.06,15888.5832,15888.5832,0
106594,428.06,15888.5832,15888.5832,0
106595,428.06,15888.5832,15888.5832,0
106596,428.06,15888.5832,15888.5832,0
106597,428.06,15888.5832,15888.5832,0
106598,428.07,15888.5832,15888.5832,0
106599,428.07,15888.5832,15888.5832,0
106601,428.07,15888.5832,15888.5832,0
106602,428.07,15888.5832,15888.5832,0
106604,428.07,15888.5832,15888.5832,0
106607,428.07,15888.5832,15888.5832,0
106608,428.07,15888.5832,15888.5832,0
106610,428.09,15888.5832,15888.5832,0
106611,428.09,15888.5832,15888.5832,0
106613,428.09,15888.5832,15888.5832,0
106617,428.10,15888.5832,15888.5832,0
106620,428.11,15888.5832,15888.5832,0
106622,428.11,15888.5832,15888.5832,0
106632,428.15,15888.5832,15888.5832,0
106635,428.16,15888.5832,15888.5832,0
106638,428.18,15888.5832,15888.5832,0
106641,428.19,15888.5832,15888.5832,0
106643,428.19,15888.5832,15888.5832,0
106648,428.20,15888.5832,15888.5832,0
106649,428.20,15888.5832,15888.5832,0
106653,428.21,15888.5832,15888.5832,0
106654,428.21,15888.5832,15888.5832,0
106657,428.22,15888.5832,15888.5832,0
106658,428.22,15888.5832,15888.5832,0
106661,428.23,15888.5832,15888.5832,0
106664,428.24,15888.5832,15888.5832,0
106667,428.26,15898.5301,15898.5301,0
106668,428.29,15898.5301,15898.5301,0
106670,428.41,15898.5301,15898.5301,0
106671,428.44,15898.5301,15898.5301,0
106672,428.49,15898.5301,15898.5301,0
106674,428.51,15898.5301,15898.5301,0
106677,428.55,15898.5301,15898.5301,0
106678,428.55,15898.5301,15898.5301,0
106679,428.61,15921.8938,15921.8938,0
106705,428.98,15921.8938,15921.8938,0
106728,429.11,15921.8938,15921.8938,0
106733,429.13,15921.8938,15921.8938,0
106739,429.16,15921.8938,15921.8938,0
106741,429.20,15921.8938,15921.8938,0
106745,429.25,15921.8938,15921.8938,0
106754,429.27,15921.8938,15921.8938,0
106756,429.28,15921.8938,15921.8938,0
106771,429.38,15921.8938,15921.8938,0
106790,429.42,15921.8938,15921.8938,0
106792,429.45,15921.8938,15921.8938,0
106800,429.49,15921.8938,15921.8938,0
106809,429.54,15921.8938,15921.8938,0
106810,429.54,15921.8938,15921.8938,0
106813,429.54,15921.8938,15921.8938,0
106815,429.55,15921.8938,15921.8938,0
106827,429.60,15921.8938,15921.8938,0
106830,429.61,15921.8938,15921.8938,0
106847,429.64,15921.8938,15921.8938,0
106848,429.64,15921.8938,15921.8938,0
106849,429.67,15921.8938,15921.8938,0
106855,429.68,15921.8938,15921.8938,0
106856,429.68,15921.8938,15921.8938,0
106861,429.69,15921.8938,15921.8938,0
106862,429.69,15921.8938,15921.8938,0
106881,429.82,15921.8938,15921.8938,0
106884,429.83,15921.8938,15921.8938,0
106889,429.84,15921.8938,15921.8938,0
106898,429.88,15921.8938,15921.8938,0
106905,429.89,15921.8938,15921.8938,0
106918,429.94,15921.8938,15921.8938,0
106919,429.99,15921.8938,15921.8938,0
106925,430.01,15921.8938,15921.8938,0
106927,430.02,15921.8938,15921.8938,0
106930,430.02,15921.8938,15921.8938,0
106934,430.05,15921.8938,15921.8938,0
106937,430.05,15921.8938,15921.8938,0
106943,430.05,15921.8938,15921.8938,0
106950,430.09,15921.8938,15921.8938,0
106957,430.10,15921.8938,15921.8938,0
106958,430.12,15921.8938,15921.8938,0
106962,430.12,15921.8938,15921.8938,0
106967,430.12,15921.8938,15921.8938,0
106968,430.13,15921.8938,15921.8938,0
106976,430.16,15921.8938,15921.8938,0
106984,430.17,15921.8938,15921.8938,0
106986,430.24,15921.8938,15921.8938,0
106998,430.28,15921.8938,15921.8938,0
107000,430.28,15921.8938,15921.8938,0
107013,430.32,15921.8938,15921.8938,0
107029,430.36,15921.8938,15921.8938,0
107031,430.39,15921.8938,15921.8938,0
107037,430.42,15921.8938,15921.8938,0
107040,430.43,15921.8938,15921.8938,0
107047,430.46,15921.8938,15921.8938,0
107052,430.48,15921.8938,15921.8938,0
107064,430.50,15921.8938,15921.8938,0
107067,430.50,15921.8938,15921.8938,0
107073,430.52,15921.8938,15921.8938,0
107074,430.52,15921.8938,15921.8938,0
107086,430.56,15921.8938,15921.8938,0
107087,430.56,15921.8938,15921.8938,0
107100,430.61,15921.8938,15921.8938,0
107133,430.67,15921.8938,15921.8938,0
107148,430.75,15921.8938,15921.8938,0
107151,430.83,15921.8938,15921.8938,0
107159,430.84,15921.8938,15921.8938,0
107166,430.86,15921.8938,15921.8938,0
107172,430.87,15921.8938,15921.8938,0
107173,430.88,15921.8938,15921.8938,0
107174,430.88,15921.8938,15921.8938,0
107182,430.89,15921.8938,15921.8938,0
107186,430.90,15921.8938,15921.8938,0
107210,430.98,15921.8938,15921.8938,0
107216,431.01,15921.8938,15921.8938,0
107221,431.02,15921.8938,15921.8938,0
107222,431.03,15921.8938,15921.8938,0
107223,431.11,15921.8938,15921.8938,0
107224,431.17,15921.8938,15921.8938,0
107234,431.21,15921.8938,15921.8938,0
107238,431.21,15921.8938,15921.8938,0
107242,431.22,15921.8938,15921.8938,0
107252,431.25,15921.8938,15921.8938,0
107260,431.35,15921.8938,15921.8938,0
107262,431.35,15921.8938,15921.8938,0
107265,431.36,15921.8938,15921.8938,0
107267,431.36,15921.8938,15921.8938,0
107277,431.39,15921.8938,15921.8938,0
107280,431.39,15921.8938,15921.8938,0
107282,431.39,15921.8938,15921.8938,0
107283,431.39,15921.8938,15921.8938,0
107289,431.42,15921.8938,15921.8938,0
107295,431.45,15921.8938,15921.8938,0
107301,431.46,15921.8938,15921.8938,0
107302,431.46,15921.8938,15921.8938,0
107305,431.47,15921.8938,15921.8938,0
107309,431.48,15921.8938,15921.8938,0
107310,431.48,15921.8938,15921.8938,0
107314,431.50,15921.8938,15921.8938,0
107333,431.54,15921.8938,15921.8938,0
107341,431.56,15921.8938,15921.8938,0
107345,431.59,15921.8938,15921.8938,0
107349,431.59,15921.8938,15921.8938,0
107352,431.61,15921.8938,15921.8938,0
107353,431.61,15921.8938,15921.8938,0
107357,431.62,15921.8938,15921.8938,0
107381,431.68,15921.8938,15921.8938,0
107383,431.68,15921.8938,15921.8938,0
107384,431.68,15921.8938,15921.8938,0
107385,431.68,15921.8938,15921.8938,0
107387,431.68,15921.8938,15921.8938,0
107389,431.69,15921.8938,15921.8938,0
107399,431.71,15921.8938,15921.8938,0
107400,431.71,15921.8938,15921.8938,0
107401,431.71,15921.8938,15921.8938,0
107406,431.73,15921.8938,15921.8938,0
107414,431.76,15921.8938,15921.8938,0
107418,431.78,15921.8938,15921.8938,0
107419,431.79,15921.8938,15921.8938,0
107425,431.82,15921.8938,15921.8938,0
107427,431.83,15921.8938,15921.8938,0
107428,431.83,15921.8938,15921.8938,0
107433,431.85,15921.8938,15921.8938,0
107434,431.85,15921.8938,15921.8938,0
107435,431.85,15921.8938,15921.8938,0
107443,431.87,15921.8938,15921.8938,0
107446,431.88,15921.8938,15921.8938,0
107458,431.91,15921.8938,15921.8938,0
107465,431.93,15921.8938,15921.8938,0
107470,431.94,15921.8938,15921.8938,0
107476,431.95,15921.8938,15921.8938,0
107477,431.95,15921.8938,15921.8938,0
107480,431.96,15921.8938,15921.8938,0
107481,431.96,15921.8938,15921.8938,0
107483,432.00,15921.8938,15921.8938,0
107485,432.01,15921.8938,15921.8938,0
107486,432.01,15921.8938,15921.8938,0
107489,432.02,15921.8938,15921.8938,0
107510,432.07,15921.8938,15921.8938,0
107525,432.14,15921.8938,15921.8938,0
107528,432.14,15921.8938,15921.8938,0
107537,432.19,15921.8938,15921.8938,0
107540,432.20,15921.8938,15921.8938,0
107546,432.23,15921.8938,15921.8938,0
107550,432.25,15921.8938,15921.8938,0
107553,432.27,15921.8938,15921.8938,0
107561,432.28,15921.8938,15921.8938,0
107569,432.32,15921.8938,15921.8938,0
107580,432.35,15921.8938,15921.8938,0
107582,432.35,15921.8938,15921.8938,0
107594,432.40,15921.8938,15921.8938,0
107597,432.42,15921.8938,15921.8938,0
107600,432.43,15921.8938,15921.8938,0
107603,432.44,15921.8938,15921.8938,0
107604,432.44,15921.8938,15921.8938,0
107609,432.45,15921.8938,15921.8938,0
107611,432.46,15921.8938,15921.8938,0
107619,432.47,15921.8938,15921.8938,0
107622,432.47,15921.8938,15921.8938,0
107625,432.47,15921.8938,15921.8938,0
107630,432.49,15921.8938,15921.8938,0
107637,432.53,15921.8938,15921.8938,0
107639,432.53,15921.8938,15921.8938,0
107647,432.55,15921.8938,15921.8938,0
107648,432.56,15921.8938,15921.8938,0
107650,432.56,15921.8938,15921.8938,0
107652,432.57,15921.8938,15921.8938,0
107667,432.62,15921.8938,15921.8938,0
107674,432.63,15921.8938,15921.8938,0
107676,432.63,15921.8938,15921.8938,0
107679,432.64,15921.8938,15921.8938,0
107685,432.68,15921.8938,15921.8938,0
107686,432.68,15921.8938,15921.8938,0
107694,432.71,15921.8938,15921.8938,0
107696,432.71,15921.8938,15921.8938,0
107701,432.73,15921.8938,15921.8938,0
107704,432.75,15921.8938,15921.8938,0
107705,432.75,15921.8938,15921.8938,0
107706,432.75,15921.8938,15921.8938,0
107708,432.76,15921.8938,15921.8938,0
107710,432.76,15921.8938,15921.8938,0
107713,432.76,15921.8938,15921.8938,0
107721,432.77,15921.8938,15921.8938,0
107725,432.78,15921.8938,15921.8938,0
107726,432.78,15921.8938,15921.8938,0
107727,432.78,15921.8938,15921.8938,0
107730,432.79,15921.8938,15921.8938,0
107733,432.80,15921.8938,15921.8938,0
107739,432.82,15921.8938,15921.8938,0
107748,432.84,15921.8938,15921.8938,0
107749,432.86,15921.8938,15921.8938,0
107754,432.86,15921.8938,15921.8938,0
107755,432.87,15921.8938,15921.8938,0
107757,432.87,15921.8938,15921.8938,0
107761,432.89,15921.8938,15921.8938,0
107766,432.91,15921.8938,15921.8938,0
107768,432.92,15921.8938,15921.8938,0
107769,432.92,15921.8938,15921.8938,0
107781,432.96,15921.8938,15921.8938,0
107782,432.96,15921.8938,15921.8938,0
107789,432.97,15921.8938,15921.8938,0
107795,432.98,15921.8938,15921.8938,0
107797,432.98,15921.8938,15921.8938,0
107814,433.01,15921.8938,15921.8938,0
107820,433.03,15921.8938,15921.8938,0
107836,433.07,15921.8938,15921.8938,0
107838,433.08,15921.8938,15921.8938,0
107839,433.08,15921.8938,15921.8938,0
107841,433.08,15921.8938,15921.8938,0
107855,433.12,15921.8938,15921.8938,0
107864,433.15,15921.8938,15921.8938,0
107868,433.16,15921.8938,15921.8938,0
107870,433.16,15921.8938,15921.8938,0
107871,433.16,15921.8938,15921.8938,0
107873,433.16,15921.8938,15921.8938,0
107875,433.16,15921.8938,15921.8938,0
107881,433.19,15921.8938,15921.8938,0
107887,433.19,15921.8938,15921.8938,0
107889,433.21,15921.8938,15921.8938,0
107890,433.21,15921.8938,15921.8938,0
107900,433.24,15921.8938,15921.8938,0
107922,433.32,15921.8938,15921.8938,0
107934,433.36,15921.8938,15921.8938,0
107936,433.37,15921.8938,15921.8938,0
107951,433.39,15921.8938,15921.8938,0
107952,433.40,15921.8938,15921.8938,0
107953,433.40,15921.8938,15921.8938,0
107961,433.41,15921.8938,15921.8938,0
107962,433.41,15921.8938,15921.8938,0
107963,433.42,15921.8938,15921.8938,0
107965,433.42,15921.8938,15921.8938,0
107973,433.43,15921.8938,15921.8938,0
107979,433.45,15921.8938,15921.8938,0
107982,433.45,15921.8938,15921.8938,0
107987,433.46,15921.8938,15921.8938,0
107996,433.48,15921.8938,15921.8938,0
107999,433.48,15921.8938,15921.8938,0
108003,433.49,15921.8938,15921.8938,0
108005,433.49,15921.8938,15921.8938,0
108010,433.49,15921.8938,15921.8938,0
108012,433.49,15921.8938,15921.8938,0
108014,433.50,15921.8938,15921.8938,0
108019,433.51,15921.8938,15921.8938,0
108024,433.54,15921.8938,15921.8938,0
108026,433.55,15921.8938,15921.8938,0
108042,433.57,15921.8938,15921.8938,0
108046,433.58,15921.8938,15921.8938,0
108055,433.62,15921.8938,15921.8938,0
108060,433.64,15921.8938,15921.8938,0
108073,433.68,15921.8938,15921.8938,0
108080,433.69,15921.8938,15921.8938,0
108095,433.73,15921.8938,15921.8938,0
108103,433.77,15921.8938,15921.8938,0
108106,433.78,15921.8938,15921.8938,0
108107,433.78,15921.8938,15921.8938,0
108112,433.79,15921.8938,15921.8938,0
108113,433.79,15921.8938,15921.8938,0
108123,433.82,15921.8938,15921.8938,0
108133,433.87,15921.8938,15921.8938,0
108137,433.88,15921.8938,15921.8938,0
108144,433.89,15921.8938,15921.8938,0
108147,433.92,15921.8938,15921.8938,0
108150,433.93,15921.8938,15921.8938,0
108154,433.94,15921.8938,15921.8938,0
108160,433.96,15921.8938,15921.8938,0
108161,433.96,15921.8938,15921.8938,0
108170,433.97,15921.8938,15921.8938,0
108171,433.97,15921.8938,15921.8938,0
108177,433.98,15921.8938,15921.8938,0
108180,433.98,15921.8938,15921.8938,0
108189,434.03,15921.8938,15921.8938,0
108197,434.04,15921.8938,15921.8938,0
108199,434.04,15921.8938,15921.8938,0
108207,434.07,15921.8938,15921.8938,0
108215,434.08,15921.8938,15921.8938,0
108230,434.14,15921.8938,15921.8938,0
108237,434.17,15921.8938,15921.8938,0
108247,434.18,15921.8938,15921.8938,0
108255,434.21,15921.8938,15921.8938,0
108256,434.22,15921.8938,15921.8938,0
108266,434.26,15921.8938,15921.8938,0
108267,434.26,15921.8938,15921.8938,0
108284,434.29,15921.8938,15921.8938,0
108287,434.29,15921.8938,15921.8938,0
108289,434.29,15921.8938,15921.8938,0
108291,434.30,15921.8938,15921.8938,0
108292,434.30,15921.8938,15921.8938,0
108298,434.31,15921.8938,15921.8938,0
108304,434.32,15921.8938,15921.8938,0
108310,434.34,15921.8938,15921.8938,0
108315,434.34,15921.8938,15921.8938,0
108324,434.38,15921.8938,15921.8938,0
108346,434.42,15921.8938,15921.8938,0
108349,434.42,15921.8938,15921.8938,0
108351,434.43,15921.8938,15921.8938,0
108354,434.43,15921.8938,15921.8938,0
108357,434.43,15921.8938,15921.8938,0
108362,434.44,15921.8938,15921.8938,0
108381,434.49,15921.8938,15921.8938,0
108389,434.51,15921.8938,15921.8938,0
108390,434.51,15921.8938,15921.8938,0
108394,434.51,15921.8938,15921.8938,0
108401,434.53,15921.8938,15921.8938,0
108411,434.58,15921.8938,15921.8938,0
108415,434.58,15921.8938,15921.8938,0
108436,434.61,15921.8938,15921.8938,0
108445,434.64,15921.8938,15921.8938,0
108449,434.65,15921.8938,15921.8938,0
108454,434.65,15921.8938,15921.8938,0
108466,434.69,15921.8938,15921.8938,0
108472,434.71,15921.8938,15921.8938,0
108474,434.71,15921.8938,15921.8938,0
108484,434.74,15921.8938,15921.8938,0
108486,434.74,15921.8938,15921.8938,0
108493,434.76,15921.8938,15921.8938,0
108494,434.76,15921.8938,15921.8938,0
108502,434.78,15921.8938,15921.8938,0
108505,434.79,15921.8938,15921.8938,0
108507,434.80,15921.8938,15921.8938,0
108511,434.80,15921.8938,15921.8938,0
108512,434.80,15921.8938,15921.8938,0
108516,434.82,15921.8938,15921.8938,0
108524,434.82,15921.8938,15921.8938,0
108528,434.84,15921.8938,15921.8938,0
108541,434.86,15921.8938,15921.8938,0
108544,434.86,15921.8938,15921.8938,0
108559,434.88,15921.8938,15921.8938,0
108566,434.91,15921.8938,15921.8938,0
108570,434.93,15921.8938,15921.8938,0
108575,434.93,15921.8938,15921.8938,0
108590,434.97,15921.8938,15921.8938,0
108591,434.97,15921.8938,15921.8938,0
108593,434.97,15921.8938,15921.8938,0
108596,434.98,15921.8938,15921.8938,0
108601,434.98,15921.8938,15921.8938,0
108612,435.01,15921.8938,15921.8938,0
108614,435.02,15921.8938,15921.8938,0
108618,435.03,15921.8938,15921.8938,0
108620,435.03,15921.8938,15921.8938,0
108624,435.04,15921.8938,15921.8938,0
108625,435.04,15921.8938,15921.8938,0
108628,435.05,15921.8938,15921.8938,0
108631,435.06,15921.8938,15921.8938,0
108634,435.06,15921.8938,15921.8938,0
108646,435.09,15921.8938,15921.8938,0
108656,435.12,15921.8938,15921.8938,0
108657,435.12,15921.8938,15921.8938,0
108663,435.14,15921.8938,15921.8938,0
108664,435.14,15921.8938,15921.8938,0
108667,435.15,15921.8938,15921.8938,0
108668,435.16,15921.8938,15921.8938,0
108673,435.16,15921.8938,15921.8938,0
108677,435.17,15921.8938,15921.8938,0
108683,435.18,15921.8938,15921.8938,0
108692,435.21,15921.8938,15921.8938,0
108694,435.22,15921.8938,15921.8938,0
108700,435.24,15921.8938,15921.8938,0
108702,435.27,15921.8938,15921.8938,0
108710,435.28,15921.8938,15921.8938,0
108724,435.31,15921.8938,15921.8938,0
108726,435.32,15921.8938,15921.8938,0
108738,435.37,15921.8938,15921.8938,0
108747,435.38,15921.8938,15921.8938,0
108750,435.38,15921.8938,15921.8938,0
108752,435.39,15921.8938,15921.8938,0
108760,435.43,15921.8938,15921.8938,0
108772,435.46,15921.8938,15921.8938,0
108776,435.48,15921.8938,15921.8938,0
108785,435.55,15921.8938,15921.8938,0
108791,435.57,15921.8938,15921.8938,0
108795,435.59,15921.8938,15921.8938,0
108799,435.59,15921.8938,15921.8938,0
108804,435.61,15921.8938,15921.8938,0
108807,435.62,15921.8938,15921.8938,0
108810,435.62,15921.8938,15921.8938,0
108816,435.63,15921.8938,15921.8938,0
108827,435.66,15921.8938,15921.8938,0
108829,435.66,15921.8938,15921.8938,0
108830,435.66,15921.8938,15921.8938,0
108834,435.68,15921.8938,15921.8938,0
108842,435.71,15921.8938,15921.8938,0
108844,435.72,15921.8938,15921.8938,0
108857,435.78,15921.8938,15921.8938,0
108879,435.85,15921.8938,15921.8938,0
108897,435.91,15921.8938,15921.8938,0
108898,435.91,15921.8938,15921.8938,0
108917,435.94,15921.8938,15921.8938,0
108937,436.00,15921.8938,15921.8938,0
108953,436.08,15921.8938,15921.8938,0
108962,436.10,15921.8938,15921.8938,0
108966,436.12,15921.8938,15921.8938,0
108972,436.13,15921.8938,15921.8938,0
108975,436.14,15921.8938,15921.8938,0
108978,436.15,15921.8938,15921.8938,0
108979,436.15,15921.8938,15921.8938,0
108987,436.16,15921.8938,15921.8938,0
108994,436.18,15921.8938,15921.8938,0
108996,436.18,15921.8938,15921.8938,0
108998,436.19,15921.8938,15921.8938,0
109003,436.20,15921.8938,15921.8938,0
109004,436.20,15921.8938,15921.8938,0
109005,436.20,15921.8938,15921.8938,0
109015,436.24,15921.8938,15921.8938,0
109019,436.25,15921.8938,15921.8938,0
109025,436.27,15921.8938,15921.8938,0
109033,436.29,15921.8938,15921.8938,0
109040,436.29,15921.8938,15921.8938,0
109044,436.30,15921.8938,15921.8938,0
109046,436.30,15921.8938,15921.8938,0
109052,436.33,15921.8938,15921.8938,0
109063,436.35,15921.8938,15921.8938,0
109064,436.35,15921.8938,15921.8938,0
109067,436.36,15921.8938,15921.8938,0
109079,436.39,15921.8938,15921.8938,0
109082,436.40,15921.8938,15921.8938,0
109083,436.40,15921.8938,15921.8938,0
109092,436.42,15921.8938,15921.8938,0
109096,436.43,15921.8938,15921.8938,0
109099,436.44,15921.8938,15921.8938,0
109105,436.45,15921.8938,15921.8938,0
109106,436.45,15921.8938,15921.8938,0
109108,436.45,15921.8938,15921.8938,0
109115,436.47,15921.8938,15921.8938,0
109126,436.49,15921.8938,15921.8938,0
109130,436.49,15921.8938,15921.8938,0
109133,436.50,15921.8938,15921.8938,0
109135,436.51,15921.8938,15921.8938,0
109138,436.51,15921.8938,15921.8938,0
109139,436.51,15921.8938,15921.8938,0
109141,436.52,15921.8938,15921.8938,0
109149,436.53,15921.8938,15921.8938,0
109152,436.54,15921.8938,15921.8938,0
109159,436.55,15921.8938,15921.8938,0
109160,436.55,15921.8938,15921.8938,0
109163,436.56,15921.8938,15921.8938,0
109164,436.56,15921.8938,15921.8938,0
109174,436.59,15921.8938,15921.8938,0
109175,436.59,15921.8938,15921.8938,0
109179,436.60,15921.8938,15921.8938,0
109187,436.65,15921.8938,15921.8938,0
109191,436.67,15921.8938,15921.8938,0
109196,436.70,15921.8938,15921.8938,0
109202,436.72,15921.8938,15921.8938,0
109206,436.72,15921.8938,15921.8938,0
109208,436.73,15921.8938,15921.8938,0
109210,436.73,15921.8938,15921.8938,0
109214,436.73,15921.8938,15921.8938,0
109229,436.74,15921.8938,15921.8938,0
109242,436.77,15921.8938,15921.8938,0
109252,436.80,15921.8938,15921.8938,0
109253,436.80,15921.8938,15921.8938,0
109257,436.82,15921.8938,15921.8938,0
109266,436.86,15921.8938,15921.8938,0
109271,436.87,15921.8938,15921.8938,0
109275,436.88,15921.8938,15921.8938,0
109277,436.88,15921.8938,15921.8938,0
109289,436.90,15921.8938,15921.8938,0
109291,436.90,15921.8938,15921.8938,0
109292,436.90,15921.8938,15921.8938,0
109306,436.94,15921.8938,15921.8938,0
109307,436.94,15921.8938,15921.8938,0
109308,436.95,15921.8938,15921.8938,0
109310,436.95,15921.8938,15921.8938,0
109329,437.01,15921.8938,15921.8938,0
109359,437.08,15921.8938,15921.8938,0
109365,437.10,15921.8938,15921.8938,0
109377,437.14,15921.8938,15921.8938,0
109379,437.14,15921.8938,15921.8938,0
109386,437.16,15921.8938,15921.8938,0
109395,437.18,15921.8938,15921.8938,0
109398,437.18,15921.8938,15921.8938,0
109401,437.19,15921.8938,15921.8938,0
109402,437.19,15921.8938,15921.8938,0
109409,437.21,15921.8938,15921.8938,0
109421,437.24,15921.8938,15921.8938,0
109424,437.24,15921.8938,15921.8938,0
109427,437.24,15921.8938,15921.8938,0
109428,437.24,15921.8938,15921.8938,0
109430,437.24,15921.8938,15921.8938,0
109432,437.25,15921.8938,15921.8938,0
109443,437.28,15921.8938,15921.8938,0
109446,437.28,15921.8938,15921.8938,0
109447,437.28,15921.8938,15921.8938,0
109452,437.29,15921.8938,15921.8938,0
109456,437.30,15921.8938,15921.8938,0
109457,437.30,15921.8938,15921.8938,0
109462,437.31,15921.8938,15921.8938,0
109464,437.32,15921.8938,15921.8938,0
109471,437.33,15921.8938,15921.8938,0
109479,437.35,15921.8938,15921.8938,0
109488,437.37,15921.8938,15921.8938,0
109492,437.39,15921.8938,15921.8938,0
109496,437.40,15921.8938,15921.8938,0
109501,437.42,15921.8938,15921.8938,0
109511,437.43,15921.8938,15921.8938,0
109526,437.49,15921.8938,15921.8938,0
109527,437.49,15921.8938,15921.8938,0
109537,437.53,15921.8938,15921.8938,0
109545,437.54,15921.8938,15921.8938,0
109551,437.55,15921.8938,15921.8938,0
109557,437.56,15921.8938,15921.8938,0
109562,437.58,15921.8938,15921.8938,0
109564,437.58,15921.8938,15921.8938,0
109570,437.59,15921.8938,15921.8938,0
109576,437.61,15921.8938,15921.8938,0
109580,437.62,15921.8938,15921.8938,0
109583,437.62,15921.8938,15921.8938,0
109589,437.64,15921.8938,15921.8938,0
109594,437.67,15921.8938,15921.8938,0
109595,437.68,15921.8938,15921.8938,0
109598,437.69,15921.8938,15921.8938,0
109600,437.69,15921.8938,15921.8938,0
109605,437.71,15921.8938,15921.8938,0
109606,437.71,15921.8938,15921.8938,0
109607,437.71,15921.8938,15921.8938,0
109611,437.72,15921.8938,15921.8938,0
109612,437.72,15921.8938,15921.8938,0
109616,437.73,15921.8938,15921.8938,0
109618,437.73,15921.8938,15921.8938,0
109620,437.74,15921.8938,15921.8938,0
109627,437.77,15921.8938,15921.8938,0
109631,437.77,15921.8938,15921.8938,0
109633,437.79,15921.8938,15921.8938,0
109634,437.79,15921.8938,15921.8938,0
109640,437.79,15921.8938,15921.8938,0
109643,437.80,15921.8938,15921.8938,0
109656,437.85,15921.8938,15921.8938,0
109658,437.86,15921.8938,15921.8938,0
109662,437.87,15921.8938,15921.8938,0
109670,437.90,15921.8938,15921.8938,0
109672,437.91,15921.8938,15921.8938,0
109676,437.94,15921.8938,15921.8938,0
109680,437.95,15921.8938,15921.8938,1
109681,438.00,15822.5413,15921.8938,0
109683,438.06,15822.5413,15921.8938,0
109685,438.09,15822.5413,15921.8938,0
109687,438.11,15822.5413,15921.8938,0
109690,438.17,15822.5413,15921.8938,0
109691,438.22,15822.5413,15921.8938,0
109692,438.25,15822.5413,15921.8938,0
109693,438.25,15822.5413,15921.8938,0
109694,438.29,15871.9217,15921.8938,0
109695,438.32,15871.9217,15921.8938,0
109696,438.34,15871.9217,15921.8938,0
109697,438.36,15871.9217,15921.8938,0
109699,438.45,15871.9217,15921.8938,0
109703,438.50,15871.9217,15921.8938,0
109708,438.55,15871.9217,15921.8938,0
109710,438.55,15871.9217,15921.8938,0
109713,438.67,15871.9217,15921.8938,0
109714,438.67,15871.9217,15921.8938,0
109715,438.69,15871.9217,15921.8938,0
109717,438.69,15871.9217,15921.8938,0
109718,438.69,15871.9217,15921.8938,0
109720,438.75,15871.9217,15921.8938,0
109721,438.75,15871.9217,15921.8938,0
109723,438.75,15871.9217,15921.8938,0
109724,438.77,15871.9217,15921.8938,0
109725,438.77,15871.9217,15921.8938,0
109728,438.80,15922.8424,15922.8424,0
109736,438.89,15922.8424,15922.8424,0
109739,438.97,15941.2286,15941.2286,0
109741,439.00,15941.2286,15941.2286,0
109743,439.03,15941.2286,15941.2286,0
109747,439.22,15941.2286,15941.2286,0
109754,439.24,15941.2286,15941.2286,0
109756,439.32,15941.2286,15941.2286,0
109760,439.45,15941.2286,15941.2286,0
109764,439.47,15941.2286,15941.2286,0
109771,439.55,15941.2286,15941.2286,0
109776,439.58,15941.2286,15941.2286,0
109778,439.67,15941.2286,15941.2286,0
109779,439.73,15941.2286,15941.2286,0
109784,439.74,15941.2286,15941.2286,0
109788,439.76,15941.2286,15941.2286,0
109791,439.76,15941.2286,15941.2286,0
109796,439.79,15941.2286,15941.2286,0
109814,439.86,15941.2286,15941.2286,0
109817,439.86,15941.2286,15941.2286,0
109822,439.87,15941.2286,15941.2286,0
109830,439.89,15941.2286,15941.2286,0
109837,439.98,15941.2286,15941.2286,0
109839,439.98,15941.2286,15941.2286,0
109857,440.05,15941.2286,15941.2286,0
109858,440.07,15941.2286,15941.2286,0
109859,440.07,15941.2286,15941.2286,0
109864,440.11,15941.2286,15941.2286,0
109866,440.11,15941.2286,15941.2286,0
109882,440.19,15941.2286,15941.2286,0
109883,440.21,15941.2286,15941.2286,0
109910,440.31,15941.2286,15941.2286,0
109913,440.32,15941.2286,15941.2286,0
109918,440.32,15941.2286,15941.2286,0
109919,440.32,15941.2286,15941.2286,0
109921,440.32,15941.2286,15941.2286,0
109930,440.39,15941.2286,15941.2286,0
109933,440.41,15941.2286,15941.2286,0
109938,440.42,15941.2286,15941.2286,0
109941,440.42,15941.2286,15941.2286,0
109946,440.43,15941.2286,15941.2286,0
109947,440.43,15941.2286,15941.2286,0
109950,440.44,15941.2286,15941.2286,0
109952,440.44,15941.2286,15941.2286,0
109954,440.44,15941.2286,15941.2286,0
109961,440.47,15941.2286,15941.2286,0
109979,440.52,15941.2286,15941.2286,0
109998,440.58,15941.2286,15941.2286,0
110000,440.59,15941.2286,15941.2286,0
110001,440.59,15941.2286,15941.2286,0
110003,440.59,15941.2286,15941.2286,0
110004,440.59,15941.2286,15941.2286,0
110013,440.64,15941.2286,15941.2286,0
110014,440.64,15941.2286,15941.2286,0
110036,440.71,15941.2286,15941.2286,0
110037,440.71,15941.2286,15941.2286,0
110040,440.71,15941.2286,15941.2286,0
110043,440.72,15941.2286,15941.2286,0
110044,440.72,15941.2286,15941.2286,0
110046,440.72,15941.2286,15941.2286,0
110048,440.73,15941.2286,15941.2286,0
110053,440.74,15941.2286,15941.2286,0
110056,440.75,15941.2286,15941.2286,0
110059,440.78,15941.2286,15941.2286,0
110061,440.78,15941.2286,15941.2286,0
110062,440.80,15941.2286,15941.2286,0
110070,440.82,15941.2286,15941.2286,0
110076,440.86,15941.2286,15941.2286,0
110086,440.90,15941.2286,15941.2286,0
110088,440.90,15941.2286,15941.2286,0
110092,440.91,15941.2286,15941.2286,0
110096,440.93,15941.2286,15941.2286,0
110100,440.95,15941.2286,15941.2286,0
110105,440.98,15941.2286,15941.2286,0
110107,440.98,15941.2286,15941.2286,0
110108,440.98,15941.2286,15941.2286,0
110109,440.98,15941.2286,15941.2286,0
110117,441.00,15941.2286,15941.2286,0
110121,441.01,15941.2286,15941.2286,0
110123,441.02,15941.2286,15941.2286,0
110124,441.02,15941.2286,15941.2286,0
110125,441.02,15941.2286,15941.2286,0
110133,441.04,15941.2286,15941.2286,0
110138,441.05,15941.2286,15941.2286,0
110140,441.05,15941.2286,15941.2286,0
110143,441.06,15941.2286,15941.2286,0
110145,441.06,15941.2286,15941.2286,0
110151,441.07,15941.2286,15941.2286,0
110154,441.08,15941.2286,15941.2286,0
110158,441.09,15941.2286,15941.2286,0
110160,441.09,15941.2286,15941.2286,0
110161,441.09,15941.2286,15941.2286,0
110179,441.16,15941.2286,15941.2286,0
110180,441.16,15941.2286,15941.2286,0
110186,441.17,15941.2286,15941.2286,0
110192,441.19,15941.2286,15941.2286,0
110200,441.21,15941.2286,15941.2286,0
110205,441.21,15941.2286,15941.2286,0
110208,441.23,15941.2286,15941.2286,0
110209,441.23,15941.2286,15941.2286,0
110210,441.23,15941.2286,15941.2286,0
110211,441.23,15941.2286,15941.2286,0
110216,441.24,15941.2286,15941.2286,0
110222,441.26,15941.2286,15941.2286,0
110227,441.27,15941.2286,15941.2286,0
110236,441.29,15941.2286,15941.2286,0
110237,441.29,15941.2286,15941.2286,0
110245,441.33,15941.2286,15941.2286,0
110263,441.39,15941.2286,15941.2286,0
110264,441.39,15941.2286,15941.2286,0
110266,441.40,15941.2286,15941.2286,0
110268,441.41,15941.2286,15941.2286,0
110271,441.41,15941.2286,15941.2286,0
110276,441.43,15941.2286,15941.2286,0
110284,441.43,15941.2286,15941.2286,0
110287,441.44,15941.2286,15941.2286,0
110289,441.46,15941.2286,15941.2286,0
110299,441.49,15941.2286,15941.2286,0
110309,441.51,15941.2286,15941.2286,0
110313,441.52,15941.2286,15941.2286,0
110314,441.52,15941.2286,15941.2286,0
110322,441.56,15941.2286,15941.2286,0
110323,441.56,15941.2286,15941.2286,0
110335,441.60,15941.2286,15941.2286,0
110337,441.61,15941.2286,15941.2286,0
110340,441.62,15941.2286,15941.2286,0
110347,441.63,15941.2286,15941.2286,0
110348,441.63,15941.2286,15941.2286,0
110349,441.63,15941.2286,15941.2286,0
110350,441.63,15941.2286,15941.2286,0
110351,441.63,15941.2286,15941.2286,0
110352,441.63,15941.2286,15941.2286,0
110354,441.63,15941.2286,15941.2286,0
110356,441.65,15941.2286,15941.2286,0
110360,441.67,15941.2286,15941.2286,0
110364,441.68,15941.2286,15941.2286,0
110366,441.68,15941.2286,15941.2286,0
110370,441.69,15941.2286,15941.2286,0
110372,441.70,15941.2286,15941.2286,0
110380,441.72,15941.2286,15941.2286,0
110391,441.77,15941.2286,15941.2286,0
110399,441.80,15941.2286,15941.2286,0
110402,441.80,15941.2286,15941.2286,0
110416,441.85,15941.2286,15941.2286,0
110419,441.86,15941.2286,15941.2286,0
110425,441.88,15941.2286,15941.2286,0
110440,441.93,15941.2286,15941.2286,0
110442,441.93,15941.2286,15941.2286,0
110443,441.93,15941.2286,15941.2286,0
110448,441.94,15941.2286,15941.2286,0
110450,441.94,15941.2286,15941.2286,0
110452,441.94,15941.2286,15941.2286,0
110459,441.96,15941.2286,15941.2286,0
110464,441.98,15941.2286,15941.2286,0
110468,441.98,15941.2286,15941.2286,0
110473,441.99,15941.2286,15941.2286,0
110481,442.01,15941.2286,15941.2286,0
110483,442.01,15941.2286,15941.2286,0
110487,442.03,15941.2286,15941.2286,0
110502,442.08,15941.2286,15941.2286,0
110503,442.09,15941.2286,15941.2286,0
110508,442.09,15941.2286,15941.2286,0
110521,442.14,15941.2286,15941.2286,0
110529,442.17,15941.2286,15941.2286,0
110533,442.17,15941.2286,15941.2286,0
110538,442.18,15941.2286,15941.2286,0
110549,442.24,15941.2286,15941.2286,0
110570,442.32,15941.2286,15941.2286,0
110577,442.36,15941.2286,15941.2286,0
110584,442.39,15941.2286,15941.2286,0
110586,442.39,15941.2286,15941.2286,0
110588,442.39,15941.2286,15941.2286,0
110596,442.40,15941.2286,15941.2286,0
110599,442.41,15941.2286,15941.2286,0
110607,442.43,15941.2286,15941.2286,0
110608,442.43,15941.2286,15941.2286,0
110614,442.48,15941.2286,15941.2286,0
110621,442.49,15941.2286,15941.2286,0
110624,442.49,15941.2286,15941.2286,0
110626,442.49,15941.2286,15941.2286,0
110637,442.54,15941.2286,15941.2286,0
110640,442.54,15941.2286,15941.2286,0
110643,442.55,15941.2286,15941.2286,0
110644,442.56,15941.2286,15941.2286,0
110645,442.56,15941.2286,15941.2286,0
110649,442.58,15941.2286,15941.2286,0
110653,442.59,15941.2286,15941.2286,0
110659,442.61,15941.2286,15941.2286,0
110665,442.63,15941.2286,15941.2286,0
110666,442.63,15941.2286,15941.2286,0
110667,442.63,15941.2286,15941.2286,0
110668,442.63,15941.2286,15941.2286,0
110689,442.70,15941.2286,15941.2286,0
110703,442.75,15941.2286,15941.2286,0
110706,442.77,15941.2286,15941.2286,0
110712,442.79,15941.2286,15941.2286,0
110717,442.81,15941.2286,15941.2286,0
110722,442.82,15941.2286,15941.2286,0
110726,442.85,15941.2286,15941.2286,0
110733,442.86,15941.2286,15941.2286,0
110738,442.88,15941.2286,15941.2286,0
110743,442.90,15941.2286,15941.2286,0
110748,442.91,15941.2286,15941.2286,0
110749,442.91,15941.2286,15941.2286,0
110753,442.92,15941.2286,15941.2286,0
110759,442.95,15941.2286,15941.2286,0
110761,442.95,15941.2286,15941.2286,0
110772,442.98,15941.2286,15941.2286,0
110774,442.98,15941.2286,15941.2286,0
110775,442.98,15941.2286,15941.2286,0
110776,442.98,15941.2286,15941.2286,0
110779,442.98,15941.2286,15941.2286,0
110780,442.98,15941.2286,15941.2286,0
110783,442.98,15941.2286,15941.2286,0
110793,443.01,15941.2286,15941.2286,0
110799,443.02,15941.2286,15941.2286,0
110800,443.02,15941.2286,15941.2286,0
110801,443.02,15941.2286,15941.2286,0
110802,443.02,15941.2286,15941.2286,0
110804,443.02,15941.2286,15941.2286,0
110822,443.08,15941.2286,15941.2286,0
110823,443.09,15941.2286,15941.2286,0
110826,443.09,15941.2286,15941.2286,0
110832,443.11,15941.2286,15941.2286,0
110834,443.11,15941.2286,15941.2286,0
110838,443.12,15941.2286,15941.2286,0
110842,443.13,15941.2286,15941.2286,0
110849,443.14,15941.2286,15941.2286,0
110853,443.16,15941.2286,15941.2286,0
110856,443.17,15941.2286,15941.2286,0
110857,443.17,15941.2286,15941.2286,0
110867,443.19,15941.2286,15941.2286,0
110869,443.19,15941.2286,15941.2286,0
110877,443.22,15941.2286,15941.2286,0
110878,443.22,15941.2286,15941.2286,0
110883,443.23,15941.2286,15941.2286,0
110888,443.24,15941.2286,15941.2286,0
110892,443.25,15941.2286,15941.2286,0
110900,443.25,15941.2286,15941.2286,0
110902,443.26,15941.2286,15941.2286,0
110907,443.27,15941.2286,15941.2286,0
110910,443.27,15941.2286,15941.2286,0
110913,443.28,15941.2286,15941.2286,0
110919,443.30,15941.2286,15941.2286,0
110921,443.30,15941.2286,15941.2286,0
110924,443.31,15941.2286,15941.2286,0
110925,443.31,15941.2286,15941.2286,0
110927,443.32,15941.2286,15941.2286,0
110931,443.33,15941.2286,15941.2286,0
110936,443.35,15941.2286,15941.2286,0
110940,443.36,15941.2286,15941.2286,0
110941,443.36,15941.2286,15941.2286,0
110945,443.37,15941.2286,15941.2286,0
110951,443.38,15941.2286,15941.2286,0
110953,443.39,15941.2286,15941.2286,0
110959,443.40,15941.2286,15941.2286,0
110963,443.43,15941.2286,15941.2286,0
110964,443.43,15941.2286,15941.2286,0
110967,443.44,15941.2286,15941.2286,0
110974,443.46,15941.2286,15941.2286,0
110980,443.48,15941.2286,15941.2286,0
110983,443.50,15941.2286,15941.2286,0
110988,443.51,15941.2286,15941.2286,0
110997,443.54,15941.2286,15941.2286,0
110998,443.54,15941.2286,15941.2286,0
111004,443.57,15941.2286,15941.2286,0
111005,443.57,15941.2286,15941.2286,0
111006,443.59,15941.2286,15941.2286,0
111007,443.59,15941.2286,15941.2286,0
111011,443.61,15941.2286,15941.2286,0
111016,443.62,15941.2286,15941.2286,0
111022,443.64,15941.2286,15941.2286,0
111025,443.65,15941.2286,15941.2286,0
111027,443.65,15941.2286,15941.2286,0
111030,443.66,15941.2286,15941.2286,0
111034,443.66,15941.2286,15941.2286,0
111039,443.69,15941.2286,15941.2286,0
111040,443.69,15941.2286,15941.2286,0
111045,443.69,15941.2286,15941.2286,0
111052,443.72,15941.2286,15941.2286,0
111053,443.72,15941.2286,15941.2286,0
111060,443.73,15941.2286,15941.2286,0
111061,443.73,15941.2286,15941.2286,0
111062,443.73,15941.2286,15941.2286,0
111065,443.74,15941.2286,15941.2286,0
111069,443.74,15941.2286,15941.2286,0
111070,443.74,15941.2286,15941.2286,0
111071,443.74,15941.2286,15941.2286,0
111075,443.75,15941.2286,15941.2286,0
111078,443.76,15941.2286,15941.2286,0
111084,443.84,15941.2286,15941.2286,0
111085,443.84,15941.2286,15941.2286,0
111100,443.89,15941.2286,15941.2286,0
111101,443.89,15941.2286,15941.2286,0
111102,443.89,15941.2286,15941.2286,0
111108,443.94,15941.2286,15941.2286,0
111109,443.94,15941.2286,15941.2286,0
111117,443.96,15941.2286,15941.2286,0
111118,443.96,15941.2286,15941.2286,0
111119,443.96,15941.2286,15941.2286,0
111123,443.98,15941.2286,15941.2286,0
111129,444.03,15941.2286,15941.2286,0
111130,444.03,15941.2286,15941.2286,0
111135,444.05,15941.2286,15941.2286,0
111140,444.05,15941.2286,15941.2286,0
111147,444.07,15941.2286,15941.2286,0
111148,444.07,15941.2286,15941.2286,0
111151,444.08,15941.2286,15941.2286,0
111154,444.09,15941.2286,15941.2286,0
111155,444.09,15941.2286,15941.2286,0
111156,444.09,15941.2286,15941.2286,0
111157,444.09,15941.2286,15941.2286,0
111161,444.10,15941.2286,15941.2286,0
111163,444.11,15941.2286,15941.2286,0
111170,444.13,15941.2286,15941.2286,0
111174,444.13,15941.2286,15941.2286,0
111180,444.14,15941.2286,15941.2286,0
111181,444.14,15941.2286,15941.2286,0
111192,444.17,15941.2286,15941.2286,0
111202,444.20,15941.2286,15941.2286,0
111204,444.21,15941.2286,15941.2286,0
111211,444.22,15941.2286,15941.2286,0
111212,444.22,15941.2286,15941.2286,0
111213,444.23,15941.2286,15941.2286,0
111222,444.24,15941.2286,15941.2286,0
111226,444.25,15941.2286,15941.2286,0
111229,444.26,15941.2286,15941.2286,0
111230,444.26,15941.2286,15941.2286,0
111232,444.26,15941.2286,15941.2286,0
111234,444.27,15941.2286,15941.2286,0
111238,444.28,15941.2286,15941.2286,0
111245,444.31,15941.2286,15941.2286,0
111246,444.31,15941.2286,15941.2286,0
111249,444.33,15941.2286,15941.2286,0
111254,444.34,15941.2286,15941.2286,0
111257,444.34,15941.2286,15941.2286,0
111259,444.35,15941.2286,15941.2286,0
111272,444.37,15941.2286,15941.2286,0
111274,444.38,15941.2286,15941.2286,0
111277,444.38,15941.2286,15941.2286,0
111281,444.39,15941.2286,15941.2286,0
111286,444.40,15941.2286,15941.2286,0
111293,444.42,15941.2286,15941.2286,0
111294,444.42,15941.2286,15941.2286,0
111296,444.43,15941.2286,15941.2286,0
111299,444.44,15941.2286,15941.2286,0
111306,444.47,15941.2286,15941.2286,0
111311,444.49,15941.2286,15941.2286,0
111317,444.52,15941.2286,15941.2286,0
111321,444.53,15941.2286,15941.2286,0
111323,444.53,15941.2286,15941.2286,0
111325,444.54,15941.2286,15941.2286,0
111327,444.54,15941.2286,15941.2286,0
111329,444.54,15941.2286,15941.2286,0
111337,444.55,15941.2286,15941.2286,0
111346,444.57,15941.2286,15941.2286,0
111347,444.57,15941.2286,15941.2286,0
111348,444.57,15941.2286,15941.2286,0
111354,444.59,15941.2286,15941.2286,0
111371,444.64,15941.2286,15941.2286,0
111381,444.67,15941.2286,15941.2286,0
111387,444.70,15941.2286,15941.2286,0
111393,444.72,15941.2286,15941.2286,0
111401,444.76,15941.2286,15941.2286,0
111404,444.77,15941.2286,15941.2286,0
111407,444.79,15941.2286,15941.2286,0
111410,444.79,15941.2286,15941.2286,0
111411,444.79,15941.2286,15941.2286,0
111413,444.79,15941.2286,15941.2286,0
111428,444.83,15941.2286,15941.2286,0
111430,444.84,15941.2286,15941.2286,0
111432,444.84,15941.2286,15941.2286,0
111439,444.85,15941.2286,15941.2286,0
111444,444.86,15941.2286,15941.2286,0
111451,444.87,15941.2286,15941.2286,0
111460,444.88,15941.2286,15941.2286,0
111467,444.89,15941.2286,15941.2286,0
111468,444.89,15941.2286,15941.2286,0
111471,444.89,15941.2286,15941.2286,0
111473,444.90,15941.2286,15941.2286,0
111475,444.91,15941.2286,15941.2286,0
111479,444.91,15941.2286,15941.2286,0
111480,444.91,15941.2286,15941.2286,0
111482,444.92,15941.2286,15941.2286,0
111494,444.94,15941.2286,15941.2286,0
111503,444.98,15941.2286,15941.2286,0
111513,445.00,15941.2286,15941.2286,0
111516,445.00,15941.2286,15941.2286,0
111521,445.03,15941.2286,15941.2286,0
111524,445.03,15941.2286,15941.2286,0
111527,445.03,15941.2286,15941.2286,0
111530,445.05,15941.2286,15941.2286,0
111537,445.08,15941.2286,15941.2286,0
111538,445.08,15941.2286,15941.2286,0
111539,445.08,15941.2286,15941.2286,0
111540,445.08,15941.2286,15941.2286,0
111541,445.08,15941.2286,15941.2286,0
111549,445.10,15941.2286,15941.2286,0
111550,445.10,15941.2286,15941.2286,0
111552,445.11,15941.2286,15941.2286,0
111554,445.12,15941.2286,15941.2286,0
111557,445.14,15941.2286,15941.2286,0
111563,445.15,15941.2286,15941.2286,0
111565,445.15,15941.2286,15941.2286,0
111577,445.17,15941.2286,15941.2286,0
111579,445.17,15941.2286,15941.2286,0
111583,445.19,15941.2286,15941.2286,0
111585,445.20,15941.2286,15941.2286,0
111590,445.20,15941.2286,15941.2286,0
111593,445.21,15941.2286,15941.2286,0
111595,445.21,15941.2286,15941.2286,0
111601,445.23,15941.2286,15941.2286,0
111608,445.25,15941.2286,15941.2286,0
111609,445.25,15941.2286,15941.2286,0
111612,445.26,15941.2286,15941.2286,0
111613,445.26,15941.2286,15941.2286,0
111617,445.27,15941.2286,15941.2286,0
111622,445.28,15941.2286,15941.2286,0
111623,445.28,15941.2286,15941.2286,0
111626,445.28,15941.2286,15941.2286,0
111630,445.29,15941.2286,15941.2286,0
111632,445.29,15941.2286,15941.2286,0
111638,445.31,15941.2286,15941.2286,0
111645,445.35,15941.2286,15941.2286,0
111646,445.35,15941.2286,15941.2286,0
111653,445.36,15941.2286,15941.2286,0
111657,445.37,15941.2286,15941.2286,0
111659,445.37,15941.2286,15941.2286,0
111662,445.38,15941.2286,15941.2286,0
111665,445.39,15941.2286,15941.2286,0
111678,445.42,15941.2286,15941.2286,0
111680,445.43,15941.2286,15941.2286,0
111681,445.43,15941.2286,15941.2286,0
111689,445.45,15941.2286,15941.2286,0
111691,445.46,15941.2286,15941.2286,0
111692,445.46,15941.2286,15941.2286,0
111699,445.47,15941.2286,15941.2286,0
111700,445.47,15941.2286,15941.2286,0
111702,445.48,15941.2286,15941.2286,0
111707,445.48,15941.2286,15941.2286,0
111710,445.49,15941.2286,15941.2286,0
111714,445.51,15941.2286,15941.2286,0
111715,445.51,15941.2286,15941.2286,0
111723,445.54,15941.2286,15941.2286,0
111726,445.54,15941.2286,15941.2286,0
111729,445.55,15941.2286,15941.2286,0
111730,445.55,15941.2286,15941.2286,0
111731,445.56,15941.2286,15941.2286,0
111735,445.56,15941.2286,15941.2286,0
111736,445.56,15941.2286,15941.2286,0
111737,445.56,15941.2286,15941.2286,0
111738,445.56,15941.2286,15941.2286,0
111739,445.56,15941.2286,15941.2286,0
111745,445.58,15941.2286,15941.2286,0
111757,445.62,15941.2286,15941.2286,0
111762,445.65,15941.2286,15941.2286,0
111768,445.66,15941.2286,15941.2286,0
111778,445.68,15941.2286,15941.2286,0
111784,445.70,15941.2286,15941.2286,0
111790,445.72,15941.2286,15941.2286,0
111791,445.72,15941.2286,15941.2286,0
111803,445.79,15941.2286,15941.2286,0
111810,445.80,15941.2286,15941.2286,0
111812,445.80,15941.2286,15941.2286,0
111815,445.81,15941.2286,15941.2286,0
111818,445.82,15941.2286,15941.2286,0
111823,445.84,15941.2286,15941.2286,0
111829,445.85,15941.2286,15941.2286,0
111832,445.86,15941.2286,15941.2286,0
111833,445.86,15941.2286,15941.2286,0
111843,445.90,15941.2286,15941.2286,0
111855,445.96,15941.2286,15941.2286,0
111856,445.96,15941.2286,15941.2286,0
111861,445.98,15941.2286,15941.2286,0
111864,446.00,15941.2286,15941.2286,0
111868,446.02,15941.2286,15941.2286,0
111869,446.02,15941.2286,15941.2286,0
111873,446.03,15941.2286,15941.2286,0
111877,446.03,15941.2286,15941.2286,0
111878,446.03,15941.2286,15941.2286,0
111887,446.07,15941.2286,15941.2286,0
111893,446.08,15941.2286,15941.2286,0
111905,446.13,15941.2286,15941.2286,0
111908,446.14,15941.2286,15941.2286,0
111913,446.15,15941.2286,15941.2286,0
111917,446.16,15941.2286,15941.2286,0
111926,446.17,15941.2286,15941.2286,0
111929,446.18,15941.2286,15941.2286,0
111930,446.18,15941.2286,15941.2286,0
111931,446.18,15941.2286,15941.2286,0
111933,446.19,15941.2286,15941.2286,0
111939,446.21,15941.2286,15941.2286,0
111941,446.21,15941.2286,15941.2286,0
111949,446.23,15941.2286,15941.2286,0
111952,446.23,15941.2286,15941.2286,0
111955,446.24,15941.2286,15941.2286,0
111957,446.24,15941.2286,15941.2286,0
111961,446.24,15941.2286,15941.2286,0
111964,446.25,15941.2286,15941.2286,0
111967,446.27,15941.2286,15941.2286,0
111975,446.29,15941.2286,15941.2286,0
111976,446.29,15941.2286,15941.2286,0
111982,446.30,15941.2286,15941.2286,0
111985,446.31,15941.2286,15941.2286,0
111987,446.31,15941.2286,15941.2286,0
111988,446.31,15941.2286,15941.2286,0
111990,446.32,15941.2286,15941.2286,0
111991,446.32,15941.2286,15941.2286,0
111993,446.33,15941.2286,15941.2286,0
111995,446.33,15941.2286,15941.2286,0
111998,446.34,15941.2286,15941.2286,0
111999,446.34,15941.2286,15941.2286,0
112002,446.35,15941.2286,15941.2286,0
112010,446.37,15941.2286,15941.2286,0
112014,446.40,15941.2286,15941.2286,0
112026,446.43,15941.2286,15941.2286,0
112038,446.46,15941.2286,15941.2286,0
112052,446.49,15941.2286,15941.2286,0
112053,446.50,15941.2286,15941.2286,0
112069,446.54,15941.2286,15941.2286,0
112075,446.55,15941.2286,15941.2286,0
112076,446.55,15941.2286,15941.2286,0
112080,446.56,15941.2286,15941.2286,0
112083,446.57,15941.2286,15941.2286,0
112084,446.57,15941.2286,15941.2286,0
112091,446.60,15941.2286,15941.2286,0
112102,446.62,15941.2286,15941.2286,0
112105,446.62,15941.2286,15941.2286,0
112108,446.63,15941.2286,15941.2286,0
112112,446.64,15941.2286,15941.2286,0
112113,446.64,15941.2286,15941.2286,0
112116,446.64,15941.2286,15941.2286,0
112125,446.67,15941.2286,15941.2286,0
112128,446.68,15941.2286,15941.2286,0
112134,446.69,15941.2286,15941.2286,0
112138,446.70,15941.2286,15941.2286,0
112139,446.70,15941.2286,15941.2286,0
112141,446.70,15941.2286,15941.2286,0
112145,446.71,15941.2286,15941.2286,0
112146,446.71,15941.2286,15941.2286,0
112147,446.71,15941.2286,15941.2286,0
112153,446.73,15941.2286,15941.2286,0
112157,446.73,15941.2286,15941.2286,0
112158,446.73,15941.2286,15941.2286,0
112159,446.73,15941.2286,15941.2286,0
112161,446.73,15941.2286,15941.2286,0
112163,446.73,15941.2286,15941.2286,0
112171,446.76,15941.2286,15941.2286,0
112172,446.76,15941.2286,15941.2286,0
112177,446.77,15941.2286,15941.2286,0
112180,446.78,15941.2286,15941.2286,0
112184,446.79,15941.2286,15941.2286,0
112185,446.80,15941.2286,15941.2286,0
112189,446.82,15941.2286,15941.2286,0
112192,446.82,15941.2286,15941.2286,0
112193,446.82,15941.2286,15941.2286,0
112205,446.86,15941.2286,15941.2286,0
112208,446.87,15941.2286,15941.2286,0
112209,446.87,15941.2286,15941.2286,0
112210,446.87,15941.2286,15941.2286,0
112228,446.91,15941.2286,15941.2286,0
112240,446.95,15941.2286,15941.2286,0
112242,446.95,15941.2286,15941.2286,0
112245,446.95,15941.2286,15941.2286,0
112253,446.96,15941.2286,15941.2286,0
112256,446.96,15941.2286,15941.2286,0
112259,446.98,15941.2286,15941.2286,0
112269,447.01,15941.2286,15941.2286,0
112270,447.01,15941.2286,15941.2286,0
112271,447.01,15941.2286,15941.2286,0
112273,447.01,15941.2286,15941.2286,0
112274,447.01,15941.2286,15941.2286,0
112282,447.04,15941.2286,15941.2286,0
112283,447.04,15941.2286,15941.2286,0
112286,447.05,15941.2286,15941.2286,0
112291,447.08,15941.2286,15941.2286,0
112296,447.10,15941.2286,15941.2286,0
112301,447.11,15941.2286,15941.2286,0
112302,447.11,15941.2286,15941.2286,0
112313,447.15,15941.2286,15941.2286,0
112316,447.15,15941.2286,15941.2286,0
112318,447.16,15941.2286,15941.2286,0
112322,447.17,15941.2286,15941.2286,0
112324,447.17,15941.2286,15941.2286,0
112325,447.17,15941.2286,15941.2286,0
112326,447.17,15941.2286,15941.2286,0
112332,447.19,15941.2286,15941.2286,0
112334,447.19,15941.2286,15941.2286,0
112341,447.22,15941.2286,15941.2286,0
112344,447.23,15941.2286,15941.2286,0
112346,447.23,15941.2286,15941.2286,0
112350,447.25,15941.2286,15941.2286,0
112353,447.27,15941.2286,15941.2286,0
112364,447.31,15941.2286,15941.2286,0
112369,447.33,15941.2286,15941.2286,0
112378,447.36,15941.2286,15941.2286,0
112382,447.37,15941.2286,15941.2286,0
112389,447.39,15941.2286,15941.2286,0
112404,447.44,15941.2286,15941.2286,0
112406,447.45,15941.2286,15941.2286,0
112409,447.46,15941.2286,15941.2286,0
112413,447.46,15941.2286,15941.2286,0
112414,447.46,15941.2286,15941.2286,0
112430,447.51,15941.2286,15941.2286,0
112433,447.53,15941.2286,15941.2286,0
112434,447.53,15941.2286,15941.2286,0
112436,447.53,15941.2286,15941.2286,0
112437,447.53,15941.2286,15941.2286,0
112439,447.55,15941.2286,15941.2286,0
112440,447.55,15941.2286,15941.2286,0
112441,447.55,15941.2286,15941.2286,0
112444,447.55,15941.2286,15941.2286,0
112445,447.55,15941.2286,15941.2286,0
112452,447.58,15941.2286,15941.2286,0
112453,447.58,15941.2286,15941.2286,0
112455,447.58,15941.2286,15941.2286,0
112468,447.62,15941.2286,15941.2286,0
112472,447.63,15941.2286,15941.2286,0
112481,447.64,15941.2286,15941.2286,0
112484,447.65,15941.2286,15941.2286,0
112486,447.65,15941.2286,15941.2286,0
112487,447.65,15941.2286,15941.2286,0
112490,447.66,15941.2286,15941.2286,0
112491,447.66,15941.2286,15941.2286,0
112495,447.67,15941.2286,15941.2286,0
112502,447.68,15941.2286,15941.2286,0
112512,447.72,15941.2286,15941.2286,0
112517,447.74,15941.2286,15941.2286,0
112518,447.74,15941.2286,15941.2286,0
112523,447.75,15941.2286,15941.2286,0
112525,447.75,15941.2286,15941.2286,0
112528,447.76,15941.2286,15941.2286,0
112529,447.76,15941.2286,15941.2286,0
112536,447.79,15941.2286,15941.2286,0
112537,447.79,15941.2286,15941.2286,0
112538,447.79,15941.2286,15941.2286,0
112543,447.81,15941.2286,15941.2286,0
112556,447.86,15941.2286,15941.2286,0
112563,447.88,15941.2286,15941.2286,0
112571,447.90,15941.2286,15941.2286,0
112575,447.91,15941.2286,15941.2286,0
112580,447.93,15941.2286,15941.2286,0
112587,447.99,15941.2286,15941.2286,0
112590,447.99,15941.2286,15941.2286,0
112594,448.01,15941.2286,15941.2286,0
112600,448.03,15941.2286,15941.2286,0
112601,448.03,15941.2286,15941.2286,0
112602,448.03,15941.2286,15941.2286,0
112610,448.06,15941.2286,15941.2286,0
112612,448.08,15941.2286,15941.2286,0
112613,448.08,15941.2286,15941.2286,0
112616,448.10,15941.2286,15941.2286,0
112618,448.10,15941.2286,15941.2286,0
112620,448.10,15941.2286,15941.2286,0
112624,448.10,15941.2286,15941.2286,0
112643,448.15,15941.2286,15941.2286,0
112646,448.16,15941.2286,15941.2286,0
112649,448.16,15941.2286,15941.2286,0
112652,448.17,15941.2286,15941.2286,0
112654,448.17,15941.2286,15941.2286,0
112657,448.19,15941.2286,15941.2286,0
112659,448.19,15941.2286,15941.2286,0
112662,448.20,15941.2286,15941.2286,0
112666,448.22,15941.2286,15941.2286,0
112669,448.22,15941.2286,15941.2286,0
112674,448.24,15941.2286,15941.2286,0
112686,448.28,15941.2286,15941.2286,0
112691,448.30,15941.2286,15941.2286,0
112692,448.30,15941.2286,15941.2286,0
112695,448.30,15941.2286,15941.2286,0
112697,448.32,15941.2286,15941.2286,0
112703,448.33,15941.2286,15941.2286,0
112704,448.33,15941.2286,15941.2286,0
112725,448.40,15941.2286,15941.2286,0
112731,448.43,15941.2286,15941.2286,0
112736,448.43,15941.2286,15941.2286,0
112737,448.43,15941.2286,15941.2286,0
112740,448.44,15941.2286,15941.2286,1
112742,448.59,15842.0264,15941.2286,0
112743,448.62,15941.2286,15941.2286,0
112750,448.66,15941.2286,15941.2286,0
112754,448.67,15941.2286,15941.2286,0
112759,448.69,15941.2286,15941.2286,0
112767,448.72,15941.2286,15941.2286,0
112768,448.72,15941.2286,15941.2286,0
112769,448.72,15941.2286,15941.2286,0
112770,448.72,15941.2286,15941.2286,0
112772,448.72,15941.2286,15941.2286,0
112777,448.74,15941.2286,15941.2286,0
112780,448.75,15941.2286,15941.2286,0
112790,448.79,15941.2286,15941.2286,0
112791,448.79,15941.2286,15941.2286,0
112793,448.80,15941.2286,15941.2286,0
112799,448.81,15941.2286,15941.2286,0
112800,448.81,15941.2286,15941.2286,0
112802,448.82,15941.2286,15941.2286,0
112805,448.83,15941.2286,15941.2286,0
112806,448.83,15941.2286,15941.2286,0
112812,448.84,15941.2286,15941.2286,0
112813,448.84,15941.2286,15941.2286,0
112818,448.87,15941.2286,15941.2286,0
112819,448.87,15941.2286,15941.2286,0
112821,448.87,15941.2286,15941.2286,0
112846,448.94,15941.2286,15941.2286,0
112849,448.94,15941.2286,15941.2286,0
112850,448.94,15941.2286,15941.2286,0
112857,448.95,15941.2286,15941.2286,0
112874,449.02,15941.2286,15941.2286,0
112876,449.02,15941.2286,15941.2286,0
112887,449.07,15941.2286,15941.2286,0
112896,449.11,15941.2286,15941.2286,0
112905,449.16,15941.2286,15941.2286,0
112913,449.21,15941.2286,15941.2286,0
112930,449.26,15941.2286,15941.2286,0
112931,449.26,15941.2286,15941.2286,0
112933,449.26,15941.2286,15941.2286,0
112934,449.26,15941.2286,15941.2286,0
112937,449.26,15941.2286,15941.2286,0
112941,449.28,15941.2286,15941.2286,0
112947,449.28,15941.2286,15941.2286,0
112949,449.29,15941.2286,15941.2286,0
112950,449.29,15941.2286,15941.2286,0
112958,449.31,15941.2286,15941.2286,0
112959,449.31,15941.2286,15941.2286,0
112966,449.32,15941.2286,15941.2286,0
112968,449.33,15941.2286,15941.2286,0
112969,449.33,15941.2286,15941.2286,0
112970,449.33,15941.2286,15941.2286,0
112984,449.39,15941.2286,15941.2286,0
112988,449.40,15941.2286,15941.2286,0
112989,449.40,15941.2286,15941.2286,0
112990,449.40,15941.2286,15941.2286,0
112992,449.40,15941.2286,15941.2286,0
112993,449.40,15941.2286,15941.2286,0
112995,449.41,15941.2286,15941.2286,0
112998,449.41,15941.2286,15941.2286,0
113000,449.41,15941.2286,15941.2286,0
113004,449.41,15941.2286,15941.2286,0
113005,449.41,15941.2286,15941.2286,0
113012,449.44,15941.2286,15941.2286,0
113014,449.44,15941.2286,15941.2286,0
113015,449.44,15941.2286,15941.2286,0
113024,449.49,15941.2286,15941.2286,0
113025,449.49,15941.2286,15941.2286,0
113027,449.49,15941.2286,15941.2286,0
113033,449.49,15941.2286,15941.2286,0
113034,449.49,15941.2286,15941.2286,0
113036,449.50,15941.2286,15941.2286,0
113037,449.50,15941.2286,15941.2286,0
113038,449.50,15941.2286,15941.2286,0
113044,449.51,15941.2286,15941.2286,0
113051,449.54,15941.2286,15941.2286,0
113053,449.54,15941.2286,15941.2286,0
113059,449.55,15941.2286,15941.2286,0
113062,449.56,15941.2286,15941.2286,0
113064,449.56,15941.2286,15941.2286,0
113066,449.58,15941.2286,15941.2286,0
113071,449.61,15941.2286,15941.2286,0
113073,449.61,15941.2286,15941.2286,0
113078,449.63,15941.2286,15941.2286,0
113082,449.64,15941.2286,15941.2286,0
113084,449.65,15941.2286,15941.2286,0
113086,449.65,15941.2286,15941.2286,0
113087,449.65,15941.2286,15941.2286,0
113089,449.65,15941.2286,15941.2286,0
113099,449.68,15941.2286,15941.2286,0
113100,449.68,15941.2286,15941.2286,0
113107,449.71,15941.2286,15941.2286,0
113110,449.71,15941.2286,15941.2286,0
113113,449.72,15941.2286,15941.2286,0
113114,449.72,15941.2286,15941.2286,0
113124,449.75,15941.2286,15941.2286,0
113136,449.81,15941.2286,15941.2286,0
113149,449.85,15941.2286,15941.2286,0
113157,449.89,15941.2286,15941.2286,0
113158,449.89,15941.2286,15941.2286,0
113160,449.89,15941.2286,15941.2286,0
113172,449.93,15941.2286,15941.2286,0
113174,449.93,15941.2286,15941.2286,0
113175,449.93,15941.2286,15941.2286,0
113181,449.96,15941.2286,15941.2286,0
113183,449.97,15941.2286,15941.2286,0
113185,449.98,15941.2286,15941.2286,0
113198,450.03,15941.2286,15941.2286,0
113203,450.05,15941.2286,15941.2286,0
113205,450.05,15941.2286,15941.2286,0
113206,450.05,15941.2286,15941.2286,0
113208,450.06,15941.2286,15941.2286,0
113213,450.07,15941.2286,15941.2286,0
113215,450.07,15941.2286,15941.2286,0
113219,450.08,15941.2286,15941.2286,0
113231,450.12,15941.2286,15941.2286,0
113234,450.13,15941.2286,15941.2286,0
113235,450.13,15941.2286,15941.2286,0
113240,450.14,15941.2286,15941.2286,0
113246,450.16,15941.2286,15941.2286,0
113252,450.18,15941.2286,15941.2286,0
113260,450.20,15941.2286,15941.2286,0
113263,450.21,15941.2286,15941.2286,0
113265,450.21,15941.2286,15941.2286,0
113269,450.22,15941.2286,15941.2286,0
113277,450.24,15941.2286,15941.2286,0
113279,450.24,15941.2286,15941.2286,0
113280,450.24,15941.2286,15941.2286,0
113287,450.25,15941.2286,15941.2286,0
113290,450.26,15941.2286,15941.2286,0
113295,450.28,15941.2286,15941.2286,0
113296,450.28,15941.2286,15941.2286,0
113298,450.28,15941.2286,15941.2286,0
113301,450.29,15941.2286,15941.2286,0
113303,450.30,15941.2286,15941.2286,0
113305,450.30,15941.2286,15941.2286,0
113315,450.34,15941.2286,15941.2286,0
113319,450.34,15941.2286,15941.2286,0
113321,450.35,15941.2286,15941.2286,0
113324,450.36,15941.2286,15941.2286,0
113329,450.38,15941.2286,15941.2286,0
113340,450.42,15941.2286,15941.2286,0
113346,450.43,15941.2286,15941.2286,0
113350,450.44,15941.2286,15941.2286,0
113352,450.45,15941.2286,15941.2286,0
113356,450.47,15941.2286,15941.2286,0
113359,450.47,15941.2286,15941.2286,0
113360,450.47,15941.2286,15941.2286,0
113362,450.49,15941.2286,15941.2286,0
113366,450.50,15941.2286,15941.2286,0
113371,450.52,15941.2286,15941.2286,0
113375,450.53,15941.2286,15941.2286,0
113376,450.53,15941.2286,15941.2286,0
113378,450.53,15941.2286,15941.2286,0
113387,450.55,15941.2286,15941.2286,0
113391,450.56,15941.2286,15941.2286,0
113396,450.58,15941.2286,15941.2286,0
113408,450.61,15941.2286,15941.2286,0
113409,450.61,15941.2286,15941.2286,0
113410,450.61,15941.2286,15941.2286,0
113411,450.61,15941.2286,15941.2286,0
113412,450.61,15941.2286,15941.2286,0
113418,450.65,15941.2286,15941.2286,0
113426,450.67,15941.2286,15941.2286,0
113435,450.70,15941.2286,15941.2286,0
113436,450.70,15941.2286,15941.2286,0
113437,450.70,15941.2286,15941.2286,0
113439,450.70,15941.2286,15941.2286,0
113442,450.72,15941.2286,15941.2286,0
113443,450.72,15941.2286,15941.2286,0
113444,450.72,15941.2286,15941.2286,0
113453,450.73,15941.2286,15941.2286,0
113462,450.76,15941.2286,15941.2286,0
113466,450.76,15941.2286,15941.2286,0
113467,450.76,15941.2286,15941.2286,0
113469,450.76,15941.2286,15941.2286,0
113474,450.78,15941.2286,15941.2286,0
113475,450.78,15941.2286,15941.2286,0
113485,450.82,15941.2286,15941.2286,0
113486,450.82,15941.2286,15941.2286,0
113497,450.85,15941.2286,15941.2286,0
113509,450.87,15941.2286,15941.2286,0
113511,450.87,15941.2286,15941.2286,0
113517,450.89,15941.2286,15941.2286,0
113521,450.91,15941.2286,15941.2286,0
113527,450.92,15941.2286,15941.2286,0
113539,450.95,15941.2286,15941.2286,0
113540,450.95,15941.2286,15941.2286,0
113542,450.95,15941.2286,15941.2286,0
113547,450.96,15941.2286,15941.2286,0
113554,450.99,15941.2286,15941.2286,0
113566,451.04,15941.2286,15941.2286,0
113576,451.08,15941.2286,15941.2286,0
113581,451.08,15941.2286,15941.2286,0
113582,451.08,15941.2286,15941.2286,0
113583,451.08,15941.2286,15941.2286,0
113587,451.09,15941.2286,15941.2286,0
113594,451.11,15941.2286,15941.2286,0
113596,451.11,15941.2286,15941.2286,0
113601,451.14,15941.2286,15941.2286,0
113604,451.14,15941.2286,15941.2286,0
113616,451.18,15941.2286,15941.2286,0
113619,451.18,15941.2286,15941.2286,0
113626,451.20,15941.2286,15941.2286,0
113633,451.23,15941.2286,15941.2286,0
113638,451.26,15941.2286,15941.2286,0
113646,451.28,15941.2286,15941.2286,0
113657,451.31,15941.2286,15941.2286,0
113669,451.37,15941.2286,15941.2286,0
113674,451.38,15941.2286,15941.2286,0
113683,451.39,15941.2286,15941.2286,0
113685,451.40,15941.2286,15941.2286,0
113686,451.40,15941.2286,15941.2286,0
113687,451.40,15941.2286,15941.2286,0
113691,451.40,15941.2286,15941.2286,0
113694,451.41,15941.2286,15941.2286,0
113696,451.41,15941.2286,15941.2286,0
113711,451.47,15941.2286,15941.2286,0
113714,451.48,15941.2286,15941.2286,0
113715,451.48,15941.2286,15941.2286,0
113719,451.49,15941.2286,15941.2286,0
113720,451.49,15941.2286,15941.2286,0
113722,451.49,15941.2286,15941.2286,0
113723,451.49,15941.2286,15941.2286,0
113724,451.49,15941.2286,15941.2286,0
113727,451.50,15941.2286,15941.2286,0
113728,451.50,15941.2286,15941.2286,0
113730,451.50,15941.2286,15941.2286,0
113743,451.56,15941.2286,15941.2286,0
113750,451.58,15941.2286,15941.2286,0
113754,451.59,15941.2286,15941.2286,0
113755,451.59,15941.2286,15941.2286,0
113757,451.59,15941.2286,15941.2286,0
113761,451.61,15941.2286,15941.2286,0
113765,451.62,15941.2286,15941.2286,0
113766,451.62,15941.2286,15941.2286,0
113771,451.63,15941.2286,15941.2286,0
113782,451.66,15941.2286,15941.2286,0
113786,451.67,15941.2286,15941.2286,0
113793,451.70,15941.2286,15941.2286,0
113799,451.71,15941.2286,15941.2286,0
113802,451.71,15941.2286,15941.2286,0
113803,451.71,15941.2286,15941.2286,0
113807,451.72,15941.2286,15941.2286,0
113815,451.75,15941.2286,15941.2286,0
113816,451.75,15941.2286,15941.2286,0
113817,451.75,15941.2286,15941.2286,0
113818,451.75,15941.2286,15941.2286,0
113830,451.79,15941.2286,15941.2286,0
113832,451.79,15941.2286,15941.2286,0
113833,451.79,15941.2286,15941.2286,0
113837,451.80,15941.2286,15941.2286,0
113845,451.82,15941.2286,15941.2286,0
113852,451.84,15941.2286,15941.2286,0
113856,451.85,15941.2286,15941.2286,0
113861,451.85,15941.2286,15941.2286,0
113863,451.86,15941.2286,15941.2286,0
113869,451.88,15941.2286,15941.2286,0
113871,451.89,15941.2286,15941.2286,0
113875,451.91,15941.2286,15941.2286,0
113878,451.92,15941.2286,15941.2286,0
113881,451.93,15941.2286,15941.2286,0
113888,451.94,15941.2286,15941.2286,0
113894,451.95,15941.2286,15941.2286,0
113898,451.97,15941.2286,15941.2286,0
113899,451.97,15941.2286,15941.2286,0
113901,451.98,15941.2286,15941.2286,0
113910,452.01,15941.2286,15941.2286,0
113916,452.01,15941.2286,15941.2286,0
113918,452.03,15941.2286,15941.2286,0
113919,452.03,15941.2286,15941.2286,0
113931,452.05,15941.2286,15941.2286,0
113933,452.05,15941.2286,15941.2286,0
113936,452.06,15941.2286,15941.2286,0
113938,452.06,15941.2286,15941.2286,0
113951,452.12,15941.2286,15941.2286,0
113960,452.17,15941.2286,15941.2286,0
113967,452.18,15941.2286,15941.2286,0
113968,452.18,15941.2286,15941.2286,0
113971,452.18,15941.2286,15941.2286,0
113973,452.18,15941.2286,15941.2286,0
113974,452.18,15941.2286,15941.2286,0
113977,452.19,15941.2286,15941.2286,0
113978,452.19,15941.2286,15941.2286,0
113981,452.20,15941.2286,15941.2286,0
113983,452.21,15941.2286,15941.2286,0
113987,452.21,15941.2286,15941.2286,0
113988,452.21,15941.2286,15941.2286,0
113990,452.21,15941.2286,15941.2286,0
113993,452.22,15941.2286,15941.2286,0
113999,452.22,15941.2286,15941.2286,0
114004,452.23,15941.2286,15941.2286,0
114005,452.23,15941.2286,15941.2286,0
114010,452.24,15941.2286,15941.2286,0
114011,452.24,15941.2286,15941.2286,0
114012,452.24,15941.2286,15941.2286,0
114018,452.27,15941.2286,15941.2286,0
114019,452.27,15941.2286,15941.2286,0
114020,452.27,15941.2286,15941.2286,0
114022,452.27,15941.2286,15941.2286,0
114026,452.29,15941.2286,15941.2286,0
114029,452.30,15941.2286,15941.2286,0
114034,452.31,15941.2286,15941.2286,0
114043,452.34,15941.2286,15941.2286,0
114044,452.34,15941.2286,15941.2286,0
114049,452.37,15941.2286,15941.2286,0
114054,452.39,15941.2286,15941.2286,0
114058,452.40,15941.2286,15941.2286,0
114059,452.40,15941.2286,15941.2286,0
114070,452.45,15941.2286,15941.2286,0
114073,452.45,15941.2286,15941.2286,0
114074,452.45,15941.2286,15941.2286,0
114082,452.46,15941.2286,15941.2286,0
114093,452.51,15941.2286,15941.2286,0
114094,452.51,15941.2286,15941.2286,0
114105,452.55,15941.2286,15941.2286,0
114113,452.56,15941.2286,15941.2286,0
114114,452.56,15941.2286,15941.2286,0
114119,452.58,15941.2286,15941.2286,0
114120,452.58,15941.2286,15941.2286,0
114124,452.58,15941.2286,15941.2286,0
114127,452.58,15941.2286,15941.2286,0
114135,452.61,15941.2286,15941.2286,0
114136,452.61,15941.2286,15941.2286,0
114137,452.61,15941.2286,15941.2286,0
114143,452.65,15941.2286,15941.2286,0
114145,452.65,15941.2286,15941.2286,0
114147,452.65,15941.2286,15941.2286,0
114152,452.66,15941.2286,15941.2286,0
114167,452.71,15941.2286,15941.2286,0
114169,452.72,15941.2286,15941.2286,0
114176,452.77,15941.2286,15941.2286,0
114181,452.77,15941.2286,15941.2286,0
114183,452.77,15941.2286,15941.2286,0
114186,452.78,15941.2286,15941.2286,0
114187,452.78,15941.2286,15941.2286,0
114198,452.83,15941.2286,15941.2286,0
114200,452.83,15941.2286,15941.2286,0
114202,452.84,15941.2286,15941.2286,0
114215,452.87,15941.2286,15941.2286,0
114220,452.88,15941.2286,15941.2286,0
114221,452.88,15941.2286,15941.2286,0
114225,452.89,15941.2286,15941.2286,0
114232,452.91,15941.2286,15941.2286,0
114238,452.92,15941.2286,15941.2286,0
114240,452.93,15941.2286,15941.2286,0
114245,452.94,15941.2286,15941.2286,0
114250,452.97,15941.2286,15941.2286,0
114251,452.97,15941.2286,15941.2286,0
114257,452.99,15941.2286,15941.2286,0
114261,453.01,15941.2286,15941.2286,0
114269,453.03,15941.2286,15941.2286,0
114270,453.03,15941.2286,15941.2286,0
114272,453.05,15941.2286,15941.2286,0
114273,453.05,15941.2286,15941.2286,0
114274,453.05,15941.2286,15941.2286,0
114282,453.07,15941.2286,15941.2286,0
114292,453.09,15941.2286,15941.2286,0
114294,453.09,15941.2286,15941.2286,0
114303,453.14,15941.2286,15941.2286,0
114309,453.15,15941.2286,15941.2286,0
114311,453.15,15941.2286,15941.2286,0
114313,453.15,15941.2286,15941.2286,0
114314,453.15,15941.2286,15941.2286,0
114319,453.16,15941.2286,15941.2286,0
114330,453.21,15941.2286,15941.2286,0
114331,453.21,15941.2286,15941.2286,0
114332,453.21,15941.2286,15941.2286,0
114333,453.21,15941.2286,15941.2286,0
114340,453.23,15941.2286,15941.2286,0
114343,453.23,15941.2286,15941.2286,0
114345,453.24,15941.2286,15941.2286,0
114349,453.25,15941.2286,15941.2286,0
114350,453.25,15941.2286,15941.2286,0
114354,453.26,15941.2286,15941.2286,0
114355,453.26,15941.2286,15941.2286,0
114356,453.26,15941.2286,15941.2286,0
114358,453.26,15941.2286,15941.2286,0
114385,453.35,15941.2286,15941.2286,0
114387,453.35,15941.2286,15941.2286,0
114388,453.35,15941.2286,15941.2286,0
114390,453.36,15941.2286,15941.2286,0
114395,453.36,15941.2286,15941.2286,0
114397,453.37,15941.2286,15941.2286,0
114400,453.38,15941.2286,15941.2286,0
114402,453.40,15941.2286,15941.2286,0
114403,453.40,15941.2286,15941.2286,0
114421,453.47,15941.2286,15941.2286,0
114422,453.47,15941.2286,15941.2286,0
114428,453.48,15941.2286,15941.2286,0
114432,453.50,15941.2286,15941.2286,0
114437,453.50,15941.2286,15941.2286,0
114444,453.51,15941.2286,15941.2286,0
114446,453.51,15941.2286,15941.2286,0
114450,453.52,15941.2286,15941.2286,0
114452,453.53,15941.2286,15941.2286,0
114455,453.54,15941.2286,15941.2286,0
114456,453.54,15941.2286,15941.2286,0
114457,453.54,15941.2286,15941.2286,0
114458,453.54,15941.2286,15941.2286,0
114462,453.55,15941.2286,15941.2286,0
114468,453.57,15941.2286,15941.2286,0
114473,453.58,15941.2286,15941.2286,0
114477,453.58,15941.2286,15941.2286,0
114482,453.59,15941.2286,15941.2286,0
114483,453.59,15941.2286,15941.2286,0
114485,453.59,15941.2286,15941.2286,0
114493,453.61,15941.2286,15941.2286,0
114497,453.62,15941.2286,15941.2286,0
114501,453.62,15941.2286,15941.2286,0
114502,453.62,15941.2286,15941.2286,0
114512,453.66,15941.2286,15941.2286,0
114514,453.67,15941.2286,15941.2286,0
114515,453.67,15941.2286,15941.2286,0
114520,453.68,15941.2286,15941.2286,0
114522,453.69,15941.2286,15941.2286,0
114528,453.69,15941.2286,15941.2286,0
114529,453.69,15941.2286,15941.2286,0
114533,453.69,15941.2286,15941.2286,0
114540,453.72,15941.2286,15941.2286,0
114543,453.73,15941.2286,15941.2286,0
114554,453.76,15941.2286,15941.2286,0
114559,453.77,15941.2286,15941.2286,0
114560,453.77,15941.2286,15941.2286,0
114562,453.77,15941.2286,15941.2286,0
114564,453.78,15941.2286,15941.2286,0
114570,453.79,15941.2286,15941.2286,0
114578,453.82,15941.2286,15941.2286,0
114582,453.83,15941.2286,15941.2286,0
114588,453.85,15941.2286,15941.2286,0
114593,453.87,15941.2286,15941.2286,0
114596,453.88,15941.2286,15941.2286,0
114598,453.89,15941.2286,15941.2286,0
114599,453.89,15941.2286,15941.2286,0
114600,453.89,15941.2286,15941.2286,0
114606,453.91,15941.2286,15941.2286,0
114618,453.94,15941.2286,15941.2286,0
114620,453.94,15941.2286,15941.2286,0
114628,453.98,15941.2286,15941.2286,0
114629,453.98,15941.2286,15941.2286,0
114630,453.98,15941.2286,15941.2286,0
114638,454.01,15941.2286,15941.2286,0
114640,454.01,15941.2286,15941.2286,0
114642,454.01,15941.2286,15941.2286,0
114643,454.01,15941.2286,15941.2286,0
114648,454.04,15941.2286,15941.2286,0
114649,454.04,15941.2286,15941.2286,0
114653,454.05,15941.2286,15941.2286,0
114655,454.05,15941.2286,15941.2286,0
114657,454.05,15941.2286,15941.2286,0
114659,454.06,15941.2286,15941.2286,0
114661,454.08,15941.2286,15941.2286,0
114667,454.10,15941.2286,15941.2286,0
114671,454.11,15941.2286,15941.2286,0
114672,454.11,15941.2286,15941.2286,0
114674,454.12,15941.2286,15941.2286,0
114678,454.13,15941.2286,15941.2286,0
114679,454.13,15941.2286,15941.2286,0
114685,454.16,15941.2286,15941.2286,0
114692,454.17,15941.2286,15941.2286,0
114699,454.19,15941.2286,15941.2286,0
114702,454.20,15941.2286,15941.2286,0
114703,454.20,15941.2286,15941.2286,0
114704,454.20,15941.2286,15941.2286,0
114705,454.20,15941.2286,15941.2286,0
114709,454.21,15941.2286,15941.2286,0
114712,454.22,15941.2286,15941.2286,0
114726,454.25,15941.2286,15941.2286,0
114729,454.26,15941.2286,15941.2286,0
114735,454.26,15941.2286,15941.2286,0
114739,454.27,15941.2286,15941.2286,0
114742,454.27,15941.2286,15941.2286,0
114751,454.29,15941.2286,15941.2286,0
114752,454.29,15941.2286,15941.2286,0
114758,454.31,15941.2286,15941.2286,0
114759,454.31,15941.2286,15941.2286,0
114765,454.33,15941.2286,15941.2286,0
114768,454.33,15941.2286,15941.2286,0
114780,454.38,15941.2286,15941.2286,0
114783,454.38,15941.2286,15941.2286,0
114791,454.41,15941.2286,15941.2286,0
114803,454.46,15941.2286,15941.2286,0
114807,454.47,15941.2286,15941.2286,0
114809,454.48,15941.2286,15941.2286,0
114810,454.48,15941.2286,15941.2286,0
114812,454.48,15941.2286,15941.2286,0
114813,454.48,15941.2286,15941.2286,0
114815,454.48,15941.2286,15941.2286,0
114816,454.48,15941.2286,15941.2286,0
114826,454.52,15941.2286,15941.2286,0
114827,454.52,15941.2286,15941.2286,0
114828,454.52,15941.2286,15941.2286,0
114831,454.52,15941.2286,15941.2286,0
114843,454.56,15941.2286,15941.2286,0
114844,454.56,15941.2286,15941.2286,0
114850,454.58,15941.2286,15941.2286,0
114852,454.58,15941.2286,15941.2286,0
114857,454.60,15941.2286,15941.2286,0
114861,454.62,15941.2286,15941.2286,0
114862,454.62,15941.2286,15941.2286,0
114870,454.64,15941.2286,15941.2286,0
114876,454.65,15941.2286,15941.2286,0
114878,454.66,15941.2286,15941.2286,0
114879,454.66,15941.2286,15941.2286,0
114880,454.66,15941.2286,15941.2286,0
114883,454.67,15941.2286,15941.2286,0
114885,454.67,15941.2286,15941.2286,0
114886,454.67,15941.2286,15941.2286,0
114891,454.69,15941.2286,15941.2286,0
114897,454.71,15941.2286,15941.2286,0
114901,454.72,15941.2286,15941.2286,0
114918,454.77,15941.2286,15941.2286,0
114920,454.78,15941.2286,15941.2286,0
114922,454.78,15941.2286,15941.2286,0
114927,454.79,15941.2286,15941.2286,0
114928,454.79,15941.2286,15941.2286,0
114932,454.80,15941.2286,15941.2286,0
114934,454.80,15941.2286,15941.2286,0
114935,454.80,15941.2286,15941.2286,0
114937,454.81,15941.2286,15941.2286,0
114939,454.81,15941.2286,15941.2286,0
114941,454.81,15941.2286,15941.2286,0
114957,454.91,15941.2286,15941.2286,0
114959,454.91,15941.2286,15941.2286,0
114961,454.92,15941.2286,15941.2286,0
114965,454.93,15941.2286,15941.2286,0
114967,454.93,15941.2286,15941.2286,0
114980,454.99,15941.2286,15941.2286,0
114985,455.01,15941.2286,15941.2286,0
114986,455.01,15941.2286,15941.2286,0
114988,455.02,15941.2286,15941.2286,0
114989,455.02,15941.2286,15941.2286,0
114990,455.02,15941.2286,15941.2286,0
114991,455.02,15941.2286,15941.2286,0
115001,455.05,15941.2286,15941.2286,0
115004,455.05,15941.2286,15941.2286,0
115005,455.05,15941.2286,15941.2286,0
115006,455.05,15941.2286,15941.2286,0
115010,455.06,15941.2286,15941.2286,0
115026,455.12,15941.2286,15941.2286,0
115027,455.13,15941.2286,15941.2286,0
115034,455.14,15941.2286,15941.2286,0
115036,455.15,15941.2286,15941.2286,0
115044,455.19,15941.2286,15941.2286,0
115046,455.20,15941.2286,15941.2286,0
115047,455.20,15941.2286,15941.2286,0
115049,455.20,15941.2286,15941.2286,0
115052,455.21,15941.2286,15941.2286,0
115055,455.22,15941.2286,15941.2286,0
115058,455.22,15941.2286,15941.2286,0
115075,455.25,15941.2286,15941.2286,0
115076,455.25,15941.2286,15941.2286,0
115077,455.25,15941.2286,15941.2286,0
115079,455.25,15941.2286,15941.2286,0
115082,455.26,15941.2286,15941.2286,0
115086,455.27,15941.2286,15941.2286,0
115087,455.27,15941.2286,15941.2286,0
115088,455.27,15941.2286,15941.2286,0
115091,455.28,15941.2286,15941.2286,0
115092,455.29,15941.2286,15941.2286,0
115099,455.31,15941.2286,15941.2286,0
115100,455.31,15941.2286,15941.2286,0
115101,455.31,15941.2286,15941.2286,0
115103,455.32,15941.2286,15941.2286,0
115118,455.38,15941.2286,15941.2286,0
115121,455.39,15941.2286,15941.2286,0
115122,455.39,15941.2286,15941.2286,0
115130,455.42,15941.2286,15941.2286,0
115133,455.43,15941.2286,15941.2286,0
115134,455.43,15941.2286,15941.2286,0
115135,455.43,15941.2286,15941.2286,0
115138,455.44,15941.2286,15941.2286,0
115143,455.47,15941.2286,15941.2286,0
115146,455.47,15941.2286,15941.2286,0
115151,455.49,15941.2286,15941.2286,0
115152,455.49,15941.2286,15941.2286,0
115161,455.52,15941.2286,15941.2286,0
115162,455.52,15941.2286,15941.2286,0
115164,455.53,15941.2286,15941.2286,0
115169,455.55,15941.2286,15941.2286,0
115175,455.57,15941.2286,15941.2286,0
115176,455.57,15941.2286,15941.2286,0
115183,455.58,15941.2286,15941.2286,0
115184,455.58,15941.2286,15941.2286,0
115189,455.59,15941.2286,15941.2286,0
115192,455.60,15941.2286,15941.2286,0
115194,455.60,15941.2286,15941.2286,0
115199,455.62,15941.2286,15941.2286,0
115208,455.66,15941.2286,15941.2286,0
115214,455.70,15941.2286,15941.2286,0
115216,455.71,15941.2286,15941.2286,0
115229,455.75,15941.2286,15941.2286,0
115233,455.76,15941.2286,15941.2286,0
115236,455.76,15941.2286,15941.2286,0
115238,455.77,15941.2286,15941.2286,0
115242,455.77,15941.2286,15941.2286,0
115244,455.78,15941.2286,15941.2286,0
115255,455.81,15941.2286,15941.2286,0
115257,455.81,15941.2286,15941.2286,0
115258,455.81,15941.2286,15941.2286,0
115259,455.81,15941.2286,15941.2286,0
115265,455.82,15941.2286,15941.2286,0
115266,455.82,15941.2286,15941.2286,0
115281,455.89,15941.2286,15941.2286,0
115282,455.89,15941.2286,15941.2286,0
115285,455.90,15941.2286,15941.2286,0
115287,455.91,15941.2286,15941.2286,0
115289,455.91,15941.2286,15941.2286,0
115290,455.91,15941.2286,15941.2286,0
115294,455.91,15941.2286,15941.2286,0
115296,455.91,15941.2286,15941.2286,0
115298,455.92,15941.2286,15941.2286,0
115303,455.93,15941.2286,15941.2286,0
115315,455.96,15941.2286,15941.2286,0
115317,455.96,15941.2286,15941.2286,0
115328,456.00,15941.2286,15941.2286,0
115331,456.01,15941.2286,15941.2286,0
115336,456.01,15941.2286,15941.2286,0
115337,456.01,15941.2286,15941.2286,0
115351,456.07,15941.2286,15941.2286,0
115357,456.08,15941.2286,15941.2286,0
115365,456.11,15941.2286,15941.2286,0
115372,456.14,15941.2286,15941.2286,0
115373,456.14,15941.2286,15941.2286,0
115377,456.16,15941.2286,15941.2286,0
115382,456.18,15941.2286,15941.2286,0
115383,456.18,15941.2286,15941.2286,0
115396,456.23,15941.2286,15941.2286,0
115400,456.24,15941.2286,15941.2286,0
115403,456.24,15941.2286,15941.2286,0
115405,456.25,15941.2286,15941.2286,0
115406,456.25,15941.2286,15941.2286,0
115410,456.26,15941.2286,15941.2286,0
115411,456.26,15941.2286,15941.2286,0
115412,456.26,15941.2286,15941.2286,0
115424,456.28,15941.2286,15941.2286,0
115427,456.30,15941.2286,15941.2286,0
115429,456.30,15941.2286,15941.2286,0
115433,456.30,15941.2286,15941.2286,0
115434,456.30,15941.2286,15941.2286,0
115441,456.31,15941.2286,15941.2286,0
115448,456.33,15941.2286,15941.2286,0
115449,456.33,15941.2286,15941.2286,0
115452,456.34,15941.2286,15941.2286,0
115453,456.34,15941.2286,15941.2286,0
115456,456.35,15941.2286,15941.2286,0
115461,456.36,15941.2286,15941.2286,0
115467,456.37,15941.2286,15941.2286,0
115468,456.37,15941.2286,15941.2286,0
115473,456.40,15941.2286,15941.2286,0
115479,456.42,15941.2286,15941.2286,0
115487,456.43,15941.2286,15941.2286,0
115489,456.43,15941.2286,15941.2286,0
115501,456.47,15941.2286,15941.2286,0
115505,456.47,15941.2286,15941.2286,0
115514,456.51,15941.2286,15941.2286,0
115521,456.53,15941.2286,15941.2286,0
115524,456.54,15941.2286,15941.2286,0
115525,456.54,15941.2286,15941.2286,0
115526,456.54,15941.2286,15941.2286,0
115530,456.55,15941.2286,15941.2286,0
115534,456.55,15941.2286,15941.2286,0
115535,456.55,15941.2286,15941.2286,0
115537,456.56,15941.2286,15941.2286,0
115540,456.56,15941.2286,15941.2286,0
115541,456.56,15941.2286,15941.2286,0
115550,456.59,15941.2286,15941.2286,0
115554,456.59,15941.2286,15941.2286,0
115559,456.60,15941.2286,15941.2286,0
115560,456.60,15941.2286,15941.2286,0
115564,456.61,15941.2286,15941.2286,0
115576,456.66,15941.2286,15941.2286,0
115577,456.66,15941.2286,15941.2286,0
115579,456.66,15941.2286,15941.2286,0
115595,456.75,15941.2286,15941.2286,0
115596,456.75,15941.2286,15941.2286,0
115599,456.76,15941.2286,15941.2286,0
115600,456.76,15941.2286,15941.2286,0
115601,456.76,15941.2286,15941.2286,0
115606,456.77,15941.2286,15941.2286,0
115615,456.81,15941.2286,15941.2286,0
115622,456.82,15941.2286,15941.2286,0
115629,456.83,15941.2286,15941.2286,0
115631,456.83,15941.2286,15941.2286,0
115636,456.84,15941.2286,15941.2286,0
115652,456.88,15941.2286,15941.2286,0
115658,456.91,15941.2286,15941.2286,0
115659,456.91,15941.2286,15941.2286,0
115673,456.96,15941.2286,15941.2286,0
115674,456.96,15941.2286,15941.2286,0
115684,457.00,15941.2286,15941.2286,0
115692,457.02,15941.2286,15941.2286,0
115703,457.05,15941.2286,15941.2286,0
115707,457.06,15941.2286,15941.2286,0
115710,457.07,15941.2286,15941.2286,0
115711,457.07,15941.2286,15941.2286,0
115715,457.07,15941.2286,15941.2286,0
115718,457.07,15941.2286,15941.2286,0
115720,457.09,15941.2286,15941.2286,0
115721,457.09,15941.2286,15941.2286,0
115730,457.14,15941.2286,15941.2286,0
115732,457.14,15941.2286,15941.2286,0
115733,457.14,15941.2286,15941.2286,0
115737,457.16,15941.2286,15941.2286,0
115740,457.16,15941.2286,15941.2286,0
115741,457.16,15941.2286,15941.2286,0
115744,457.18,15941.2286,15941.2286,1
115745,457.25,15763.0679,15941.2286,0
115746,457.33,15763.0679,15941.2286,0
115747,457.33,15763.0679,15941.2286,0
115748,457.35,15763.0679,15941.2286,0
115750,457.43,15825.7438,15941.2286,0
115751,457.48,15825.7438,15941.2286,0
115752,457.52,15825.7438,15941.2286,0
115759,457.74,15825.7438,15941.2286,0
115761,457.75,15825.7438,15941.2286,0
115764,457.78,15825.7438,15941.2286,0
115765,457.79,15825.7438,15941.2286,0
115766,457.79,15825.7438,15941.2286,0
115768,457.83,15857.9804,15941.2286,0
115773,457.98,15857.9804,15941.2286,0
115774,458.00,15863.9494,15941.2286,0
115776,458.07,15908.2549,15941.2286,0
115778,458.12,15908.2549,15941.2286,0
115779,458.21,15938.0618,15941.2286,0
115781,458.23,15950.8468,15950.8468,0
115785,458.33,15950.8468,15950.8468,0
115794,458.52,15950.8468,15950.8468,0
115796,458.55,15950.8468,15950.8468,0
115798,458.55,15950.8468,15950.8468,0
115799,458.55,15950.8468,15950.8468,0
115803,458.58,15950.8468,15950.8468,0
115804,458.58,15950.8468,15950.8468,0
115805,458.58,15950.8468,15950.8468,0
115811,458.66,15950.8468,15950.8468,0
115816,458.67,15950.8468,15950.8468,0
115817,458.76,15950.8468,15950.8468,0
115818,458.76,15950.8468,15950.8468,0
115819,458.76,15950.8468,15950.8468,0
115820,458.76,15950.8468,15950.8468,0
115822,458.80,15950.8468,15950.8468,0
115823,458.80,15950.8468,15950.8468,0
115824,458.80,15950.8468,15950.8468,0
115834,458.83,15950.8468,15950.8468,0
115837,458.84,15950.8468,15950.8468,0
115839,458.84,15950.8468,15950.8468,0
115846,458.86,15950.8468,15950.8468,0
115849,458.87,15950.8468,15950.8468,0
115852,458.87,15950.8468,15950.8468,0
115857,458.91,15950.8468,15950.8468,0
115858,458.91,15950.8468,15950.8468,0
115863,458.91,15950.8468,15950.8468,0
115864,458.91,15950.8468,15950.8468,0
115865,458.91,15950.8468,15950.8468,0
115871,458.92,15950.8468,15950.8468,0
115874,458.95,15950.8468,15950.8468,0
115881,458.97,15950.8468,15950.8468,0
115882,458.97,15950.8468,15950.8468,0
115883,458.97,15950.8468,15950.8468,0
115887,458.99,15950.8468,15950.8468,0
115891,459.01,15950.8468,15950.8468,0
115899,459.02,15950.8468,15950.8468,0
115907,459.04,15950.8468,15950.8468,0
115910,459.06,15950.8468,15950.8468,0
115915,459.07,15950.8468,15950.8468,0
115919,459.07,15950.8468,15950.8468,0
115924,459.09,15950.8468,15950.8468,0
115925,459.09,15950.8468,15950.8468,0
115928,459.12,15950.8468,15950.8468,0
115929,459.12,15950.8468,15950.8468,0
115930,459.12,15950.8468,15950.8468,0
115939,459.14,15950.8468,15950.8468,0
115942,459.15,15950.8468,15950.8468,0
115943,459.15,15950.8468,15950.8468,0
115950,459.17,15950.8468,15950.8468,0
115951,459.17,15950.8468,15950.8468,0
115959,459.19,15950.8468,15950.8468,0
115960,459.20,15950.8468,15950.8468,0
115961,459.20,15950.8468,15950.8468,0
115968,459.23,15950.8468,15950.8468,0
115969,459.23,15950.8468,15950.8468,0
115972,459.24,15950.8468,15950.8468,0
115977,459.27,15950.8468,15950.8468,0
115980,459.27,15950.8468,15950.8468,0
115983,459.29,15950.8468,15950.8468,0
115984,459.29,15950.8468,15950.8468,0
115986,459.29,15950.8468,15950.8468,0
115991,459.29,15950.8468,15950.8468,0
115996,459.30,15950.8468,15950.8468,0
115999,459.31,15950.8468,15950.8468,0
116001,459.32,15950.8468,15950.8468,0
116002,459.32,15950.8468,15950.8468,0
116003,459.32,15950.8468,15950.8468,0
116005,459.32,15950.8468,15950.8468,0
116006,459.32,15950.8468,15950.8468,0
116008,459.37,15961.0731,15961.0731,0
116013,459.47,15961.0731,15961.0731,0
116015,459.52,15961.0731,15961.0731,0
116019,459.54,15961.0731,15961.0731,0
116023,459.60,15961.0731,15961.0731,0
116028,459.65,15961.0731,15961.0731,0
116032,459.71,15961.0731,15961.0731,0
116035,459.76,15961.0731,15961.0731,0
116040,459.78,15961.0731,15961.0731,0
116056,459.91,15961.0731,15961.0731,0
116060,459.94,15961.0731,15961.0731,0
116061,459.94,15961.0731,15961.0731,0
116063,459.95,15961.0731,15961.0731,0
116066,459.95,15961.0731,15961.0731,0
116067,459.97,15961.0731,15961.0731,0
116068,459.97,15961.0731,15961.0731,0
116070,459.97,15961.0731,15961.0731,0
116072,460.01,15961.0731,15961.0731,0
116076,460.03,15961.0731,15961.0731,0
116081,460.15,15961.0731,15961.0731,0
116085,460.16,15961.0731,15961.0731,0
116089,460.17,15961.0731,15961.0731,0
116091,460.17,15961.0731,15961.0731,0
116104,460.22,15961.0731,15961.0731,0
116107,460.22,15961.0731,15961.0731,0
116111,460.24,15961.0731,15961.0731,0
116126,460.26,15961.0731,15961.0731,0
116130,460.27,15961.0731,15961.0731,0
116135,460.28,15961.0731,15961.0731,0
116137,460.29,15961.0731,15961.0731,0
116149,460.33,15961.0731,15961.0731,0
116158,460.36,15961.0731,15961.0731,0
116167,460.41,15961.0731,15961.0731,0
116170,460.42,15961.0731,15961.0731,0
116173,460.42,15961.0731,15961.0731,0
116178,460.43,15961.0731,15961.0731,0
116182,460.43,15961.0731,15961.0731,0
116183,460.43,15961.0731,15961.0731,0
116186,460.43,15961.0731,15961.0731,0
116192,460.46,15961.0731,15961.0731,0
116200,460.51,15961.0731,15961.0731,0
116209,460.55,15961.0731,15961.0731,0
116215,460.56,15961.0731,15961.0731,0
116222,460.57,15961.0731,15961.0731,0
116227,460.58,15961.0731,15961.0731,0
116229,460.60,15961.0731,15961.0731,0
116231,460.61,15961.0731,15961.0731,0
116249,460.68,15961.0731,15961.0731,0
116251,460.69,15961.0731,15961.0731,0
116252,460.69,15961.0731,15961.0731,0
116258,460.71,15961.0731,15961.0731,0
116259,460.79,15961.0731,15961.0731,0
116261,460.82,15961.0731,15961.0731,0
116265,460.84,15961.0731,15961.0731,0
116266,460.84,15961.0731,15961.0731,0
116270,460.85,15961.0731,15961.0731,0
116272,460.86,15961.0731,15961.0731,0
116273,460.86,15961.0731,15961.0731,0
116285,460.92,15961.0731,15961.0731,0
116289,460.92,15961.0731,15961.0731,0
116293,460.93,15961.0731,15961.0731,0
116299,460.96,15961.0731,15961.0731,0
116300,460.96,15961.0731,15961.0731,0
116303,460.97,15961.0731,15961.0731,0
116306,460.97,15961.0731,15961.0731,0
116307,461.00,15961.0731,15961.0731,0
116310,461.01,15961.0731,15961.0731,0
116315,461.02,15961.0731,15961.0731,0
116317,461.02,15961.0731,15961.0731,0
116324,461.05,15961.0731,15961.0731,0
116327,461.06,15961.0731,15961.0731,0
116330,461.07,15961.0731,15961.0731,0
116333,461.08,15961.0731,15961.0731,0
116344,461.11,15961.0731,15961.0731,0
116348,461.14,15961.0731,15961.0731,0
116349,461.14,15961.0731,15961.0731,0
116357,461.17,15961.0731,15961.0731,0
116358,461.17,15961.0731,15961.0731,0
116359,461.17,15961.0731,15961.0731,0
116368,461.20,15961.0731,15961.0731,0
116370,461.21,15961.0731,15961.0731,0
116378,461.24,15961.0731,15961.0731,0
116380,461.24,15961.0731,15961.0731,0
116386,461.26,15961.0731,15961.0731,0
116390,461.27,15961.0731,15961.0731,0
116392,461.27,15961.0731,15961.0731,0
116398,461.30,15961.0731,15961.0731,0
116404,461.31,15961.0731,15961.0731,0
116406,461.32,15961.0731,15961.0731,0
116408,461.32,15961.0731,15961.0731,0
116418,461.36,15961.0731,15961.0731,0
116422,461.37,15961.0731,15961.0731,0
116432,461.38,15961.0731,15961.0731,0
116444,461.44,15961.0731,15961.0731,0
116445,461.44,15961.0731,15961.0731,0
116446,461.44,15961.0731,15961.0731,0
116450,461.46,15961.0731,15961.0731,0
116452,461.46,15961.0731,15961.0731,0
116460,461.47,15961.0731,15961.0731,0
116461,461.54,15961.0731,15961.0731,0
116463,461.56,15961.0731,15961.0731,0
116467,461.56,15961.0731,15961.0731,0
116469,461.60,15961.0731,15961.0731,0
116476,461.63,15961.0731,15961.0731,0
116478,461.63,15961.0731,15961.0731,0
116481,461.64,15961.0731,15961.0731,0
116482,461.66,15961.0731,15961.0731,0
116485,461.67,15961.0731,15961.0731,0
116487,461.67,15961.0731,15961.0731,0
116492,461.70,15961.0731,15961.0731,0
116495,461.71,15961.0731,15961.0731,0
116501,461.73,15961.0731,15961.0731,0
116503,461.73,15961.0731,15961.0731,0
116506,461.73,15961.0731,15961.0731,0
116508,461.79,15961.0731,15961.0731,0
116514,461.81,15961.0731,15961.0731,0
116518,461.84,15961.0731,15961.0731,0
116519,461.86,15961.0731,15961.0731,0
116521,461.86,15961.0731,15961.0731,0
116526,461.94,15961.0731,15961.0731,0
116534,461.98,15961.0731,15961.0731,0
116541,462.01,15961.0731,15961.0731,0
116549,462.03,15961.0731,15961.0731,0
116550,462.03,15961.0731,15961.0731,0
116552,462.04,15961.0731,15961.0731,0
116554,462.04,15961.0731,15961.0731,0
116560,462.06,15961.0731,15961.0731,0
116561,462.06,15961.0731,15961.0731,0
116563,462.06,15961.0731,15961.0731,0
116572,462.11,15961.0731,15961.0731,0
116577,462.12,15961.0731,15961.0731,0
116578,462.12,15961.0731,15961.0731,0
116580,462.12,15961.0731,15961.0731,0
116583,462.14,15961.0731,15961.0731,0
116584,462.14,15961.0731,15961.0731,0
116589,462.16,15961.0731,15961.0731,0
116593,462.17,15961.0731,15961.0731,0
116594,462.17,15961.0731,15961.0731,0
116597,462.17,15961.0731,15961.0731,0
116607,462.21,15961.0731,15961.0731,0
116609,462.21,15961.0731,15961.0731,0
116610,462.21,15961.0731,15961.0731,0
116616,462.23,15961.0731,15961.0731,0
116620,462.24,15961.0731,15961.0731,0
116626,462.27,15961.0731,15961.0731,0
116629,462.27,15961.0731,15961.0731,0
116634,462.29,15961.0731,15961.0731,0
116635,462.29,15961.0731,15961.0731,0
116637,462.29,15961.0731,15961.0731,0
116641,462.29,15961.0731,15961.0731,0
116654,462.34,15961.0731,15961.0731,0
116660,462.36,15961.0731,15961.0731,0
116661,462.36,15961.0731,15961.0731,0
116667,462.38,15961.0731,15961.0731,0
116669,462.38,15961.0731,15961.0731,0
116672,462.39,15961.0731,15961.0731,0
116673,462.39,15961.0731,15961.0731,0
116675,462.39,15961.0731,15961.0731,0
116679,462.40,15961.0731,15961.0731,0
116681,462.41,15961.0731,15961.0731,0
116691,462.42,15961.0731,15961.0731,0
116696,462.43,15961.0731,15961.0731,0
116702,462.45,15961.0731,15961.0731,0
116703,462.46,15961.0731,15961.0731,0
116706,462.46,15961.0731,15961.0731,0
116707,462.46,15961.0731,15961.0731,0
116708,462.46,15961.0731,15961.0731,0
116709,462.46,15961.0731,15961.0731,0
116710,462.46,15961.0731,15961.0731,0
116712,462.46,15961.0731,15961.0731,0
116713,462.46,15961.0731,15961.0731,0
116719,462.50,15961.0731,15961.0731,0
116723,462.51,15961.0731,15961.0731,0
116724,462.51,15961.0731,15961.0731,0
116726,462.51,15961.0731,15961.0731,0
116728,462.52,15961.0731,15961.0731,0
116729,462.52,15961.0731,15961.0731,0
116730,462.52,15961.0731,15961.0731,0
116731,462.52,15961.0731,15961.0731,0
116732,462.52,15961.0731,15961.0731,0
116742,462.57,15961.0731,15961.0731,0
116744,462.57,15961.0731,15961.0731,0
116747,462.57,15961.0731,15961.0731,0
116759,462.62,15961.0731,15961.0731,0
116762,462.63,15961.0731,15961.0731,0
116764,462.63,15961.0731,15961.0731,0
116766,462.63,15961.0731,15961.0731,0
116767,462.63,15961.0731,15961.0731,0
116772,462.64,15961.0731,15961.0731,0
116777,462.67,15961.0731,15961.0731,0
116783,462.69,15961.0731,15961.0731,0
116785,462.70,15961.0731,15961.0731,0
116788,462.71,15961.0731,15961.0731,0
116794,462.75,15961.0731,15961.0731,0
116797,462.76,15961.0731,15961.0731,0
116799,462.77,15961.0731,15961.0731,0
116803,462.79,15961.0731,15961.0731,0
116804,462.84,15961.0731,15961.0731,0
116810,462.85,15961.0731,15961.0731,0
116811,462.85,15961.0731,15961.0731,0
116816,462.87,15961.0731,15961.0731,0
116820,462.92,15961.0731,15961.0731,0
116821,462.92,15961.0731,15961.0731,0
116824,462.93,15961.0731,15961.0731,0
116826,462.93,15961.0731,15961.0731,0
116830,462.94,15961.0731,15961.0731,0
116832,462.96,15961.0731,15961.0731,0
116833,462.96,15961.0731,15961.0731,0
116837,462.97,15961.0731,15961.0731,0
116840,462.98,15961.0731,15961.0731,0
116847,463.02,15961.0731,15961.0731,0
116849,463.02,15961.0731,15961.0731,0
116850,463.02,15961.0731,15961.0731,0
116854,463.02,15961.0731,15961.0731,0
116855,463.02,15961.0731,15961.0731,0
116858,463.03,15961.0731,15961.0731,0
116869,463.08,15961.0731,15961.0731,0
116872,463.09,15961.0731,15961.0731,0
116873,463.09,15961.0731,15961.0731,0
116878,463.10,15961.0731,15961.0731,0
116882,463.11,15961.0731,15961.0731,0
116886,463.12,15961.0731,15961.0731,0
116894,463.15,15961.0731,15961.0731,0
116904,463.21,15961.0731,15961.0731,0
116925,463.26,15961.0731,15961.0731,0
116929,463.26,15961.0731,15961.0731,0
116933,463.27,15961.0731,15961.0731,0
116935,463.27,15961.0731,15961.0731,0
116936,463.27,15961.0731,15961.0731,0
116940,463.28,15961.0731,15961.0731,0
116941,463.28,15961.0731,15961.0731,0
116942,463.28,15961.0731,15961.0731,0
116943,463.28,15961.0731,15961.0731,0
116945,463.28,15961.0731,15961.0731,0
116946,463.28,15961.0731,15961.0731,0
116949,463.29,15961.0731,15961.0731,0
116950,463.29,15961.0731,15961.0731,0
116952,463.30,15961.0731,15961.0731,0
116955,463.30,15961.0731,15961.0731,0
116958,463.31,15961.0731,15961.0731,0
116960,463.31,15961.0731,15961.0731,0
116961,463.31,15961.0731,15961.0731,0
116962,463.31,15961.0731,15961.0731,0
116965,463.32,15961.0731,15961.0731,0
116971,463.33,15961.0731,15961.0731,0
116978,463.34,15961.0731,15961.0731,0
116979,463.34,15961.0731,15961.0731,0
116986,463.38,15961.0731,15961.0731,0
116994,463.40,15961.0731,15961.0731,0
116995,463.40,15961.0731,15961.0731,0
116997,463.41,15961.0731,15961.0731,0
117001,463.42,15961.0731,15961.0731,0
117005,463.43,15961.0731,15961.0731,0
117007,463.44,15961.0731,15961.0731,0
117008,463.44,15961.0731,15961.0731,0
117012,463.46,15961.0731,15961.0731,0
117029,463.52,15961.0731,15961.0731,0
117031,463.53,15961.0731,15961.0731,0
117032,463.53,15961.0731,15961.0731,0
117036,463.54,15961.0731,15961.0731,0
117037,463.54,15961.0731,15961.0731,0
117044,463.57,15961.0731,15961.0731,0
117047,463.58,15961.0731,15961.0731,0
117048,463.58,15961.0731,15961.0731,0
117055,463.59,15961.0731,15961.0731,0
117058,463.60,15961.0731,15961.0731,0
117060,463.60,15961.0731,15961.0731,0
117066,463.61,15961.0731,15961.0731,0
117068,463.61,15961.0731,15961.0731,0
117069,463.62,15961.0731,15961.0731,0
117074,463.63,15961.0731,15961.0731,0
117084,463.66,15961.0731,15961.0731,0
117086,463.67,15961.0731,15961.0731,0
117089,463.68,15961.0731,15961.0731,0
117092,463.68,15961.0731,15961.0731,0
117094,463.68,15961.0731,15961.0731,0
117095,463.69,15961.0731,15961.0731,0
117096,463.69,15961.0731,15961.0731,0
117100,463.70,15961.0731,15961.0731,0
117101,463.70,15961.0731,15961.0731,0
117104,463.71,15961.0731,15961.0731,0
117107,463.71,15961.0731,15961.0731,0
117113,463.73,15961.0731,15961.0731,0
117114,463.74,15961.0731,15961.0731,0
117117,463.74,15961.0731,15961.0731,0
117123,463.76,15961.0731,15961.0731,0
117124,463.76,15961.0731,15961.0731,0
117125,463.76,15961.0731,15961.0731,0
117126,463.76,15961.0731,15961.0731,0
117145,463.85,15961.0731,15961.0731,0
117148,463.86,15961.0731,15961.0731,0
117149,463.86,15961.0731,15961.0731,0
117152,463.86,15961.0731,15961.0731,0
117153,463.86,15961.0731,15961.0731,0
117157,463.88,15961.0731,15961.0731,0
117158,463.88,15961.0731,15961.0731,0
117160,463.89,15961.0731,15961.0731,0
117161,463.89,15961.0731,15961.0731,0
117168,463.91,15961.0731,15961.0731,0
117169,463.91,15961.0731,15961.0731,0
117170,463.91,15961.0731,15961.0731,0
117179,463.94,15961.0731,15961.0731,0
117185,463.96,15961.0731,15961.0731,0
117188,463.98,15961.0731,15961.0731,0
117189,463.98,15961.0731,15961.0731,0
117199,464.03,15961.0731,15961.0731,0
117200,464.03,15961.0731,15961.0731,0
117209,464.05,15961.0731,15961.0731,0
117216,464.07,15961.0731,15961.0731,0
117217,464.07,15961.0731,15961.0731,0
117219,464.08,15961.0731,15961.0731,0
117222,464.09,15961.0731,15961.0731,0
117224,464.09,15961.0731,15961.0731,0
117245,464.17,15961.0731,15961.0731,0
117248,464.17,15961.0731,15961.0731,0
117256,464.18,15961.0731,15961.0731,0
117263,464.20,15961.0731,15961.0731,0
117266,464.20,15961.0731,15961.0731,0
117268,464.20,15961.0731,15961.0731,0
117272,464.23,15961.0731,15961.0731,0
117282,464.25,15961.0731,15961.0731,0
117285,464.25,15961.0731,15961.0731,0
117295,464.27,15961.0731,15961.0731,0
117297,464.27,15961.0731,15961.0731,0
117307,464.29,15961.0731,15961.0731,0
117308,464.29,15961.0731,15961.0731,0
117311,464.31,15961.0731,15961.0731,0
117314,464.32,15961.0731,15961.0731,0
117319,464.33,15961.0731,15961.0731,0
117320,464.33,15961.0731,15961.0731,0
117325,464.34,15961.0731,15961.0731,0
117326,464.34,15961.0731,15961.0731,0
117327,464.35,15961.0731,15961.0731,0
117331,464.36,15961.0731,15961.0731,0
117333,464.36,15961.0731,15961.0731,0
117334,464.36,15961.0731,15961.0731,0
117337,464.38,15961.0731,15961.0731,0
117340,464.38,15961.0731,15961.0731,0
117341,464.38,15961.0731,15961.0731,0
117344,464.38,15961.0731,15961.0731,0
117348,464.40,15961.0731,15961.0731,0
117353,464.42,15961.0731,15961.0731,0
117355,464.43,15961.0731,15961.0731,0
117356,464.43,15961.0731,15961.0731,0
117358,464.44,15961.0731,15961.0731,0
117362,464.45,15961.0731,15961.0731,0
117369,464.47,15961.0731,15961.0731,0
117378,464.53,15961.0731,15961.0731,0
117380,464.53,15961.0731,15961.0731,0
117387,464.56,15961.0731,15961.0731,0
117389,464.56,15961.0731,15961.0731,0
117390,464.57,15961.0731,15961.0731,0
117391,464.57,15961.0731,15961.0731,0
117392,464.57,15961.0731,15961.0731,0
117393,464.57,15961.0731,15961.0731,0
117397,464.57,15961.0731,15961.0731,0
117398,464.57,15961.0731,15961.0731,0
117403,464.67,15961.0731,15961.0731,0
117405,464.68,15961.0731,15961.0731,0
117408,464.69,15961.0731,15961.0731,0
117409,464.69,15961.0731,15961.0731,0
117413,464.69,15961.0731,15961.0731,0
117415,464.69,15961.0731,15961.0731,0
117417,464.71,15961.0731,15961.0731,0
117424,464.72,15961.0731,15961.0731,0
117428,464.73,15961.0731,15961.0731,0
117429,464.73,15961.0731,15961.0731,0
117433,464.75,15961.0731,15961.0731,0
117434,464.75,15961.0731,15961.0731,0
117439,464.76,15961.0731,15961.0731,0
117440,464.76,15961.0731,15961.0731,0
117442,464.76,15961.0731,15961.0731,0
117447,464.78,15961.0731,15961.0731,0
117449,464.79,15961.0731,15961.0731,0
117461,464.88,15961.0731,15961.0731,0
117462,464.88,15961.0731,15961.0731,0
117463,464.88,15961.0731,15961.0731,0
117465,464.89,15961.0731,15961.0731,0
117469,464.91,15961.0731,15961.0731,0
117474,464.92,15961.0731,15961.0731,0
117475,464.92,15961.0731,15961.0731,0
117481,464.94,15961.0731,15961.0731,0
117484,464.95,15961.0731,15961.0731,0
117500,465.01,15961.0731,15961.0731,0
117503,465.03,15961.0731,15961.0731,0
117505,465.04,15961.0731,15961.0731,0
117508,465.05,15961.0731,15961.0731,0
117513,465.05,15961.0731,15961.0731,0
117514,465.06,15961.0731,15961.0731,0
117516,465.06,15961.0731,15961.0731,0
117522,465.09,15961.0731,15961.0731,0
117526,465.09,15961.0731,15961.0731,0
117529,465.10,15961.0731,15961.0731,0
117539,465.13,15961.0731,15961.0731,0
117544,465.14,15961.0731,15961.0731,0
117545,465.14,15961.0731,15961.0731,0
117547,465.14,15961.0731,15961.0731,0
117549,465.15,15961.0731,15961.0731,0
117552,465.15,15961.0731,15961.0731,0
117554,465.15,15961.0731,15961.0731,0
117569,465.20,15961.0731,15961.0731,0
117572,465.22,15961.0731,15961.0731,0
117574,465.22,15961.0731,15961.0731,0
117576,465.23,15961.0731,15961.0731,0
117582,465.24,15961.0731,15961.0731,0
117589,465.27,15961.0731,15961.0731,0
117590,465.27,15961.0731,15961.0731,0
117593,465.27,15961.0731,15961.0731,0
117594,465.28,15961.0731,15961.0731,0
117602,465.29,15961.0731,15961.0731,0
117606,465.29,15961.0731,15961.0731,0
117613,465.31,15961.0731,15961.0731,0
117620,465.33,15961.0731,15961.0731,0
117621,465.33,15961.0731,15961.0731,0
117622,465.33,15961.0731,15961.0731,0
117625,465.35,15961.0731,15961.0731,0
117628,465.35,15961.0731,15961.0731,0
117631,465.36,15961.0731,15961.0731,0
117638,465.38,15961.0731,15961.0731,0
117640,465.38,15961.0731,15961.0731,0
117641,465.38,15961.0731,15961.0731,0
117647,465.40,15961.0731,15961.0731,0
117648,465.40,15961.0731,15961.0731,0
117649,465.40,15961.0731,15961.0731,0
117651,465.41,15961.0731,15961.0731,0
117659,465.44,15961.0731,15961.0731,0
117665,465.45,15961.0731,15961.0731,0
117670,465.46,15961.0731,15961.0731,0
117671,465.46,15961.0731,15961.0731,0
117682,465.49,15961.0731,15961.0731,0
117688,465.52,15961.0731,15961.0731,0
117694,465.54,15961.0731,15961.0731,0
117698,465.55,15961.0731,15961.0731,0
117700,465.55,15961.0731,15961.0731,0
117705,465.56,15961.0731,15961.0731,0
117708,465.57,15961.0731,15961.0731,0
117712,465.57,15961.0731,15961.0731,0
117714,465.57,15961.0731,15961.0731,0
117715,465.57,15961.0731,15961.0731,0
117716,465.57,15961.0731,15961.0731,0
117719,465.58,15961.0731,15961.0731,0
117721,465.59,15961.0731,15961.0731,0
117724,465.59,15961.0731,15961.0731,0
117733,465.61,15961.0731,15961.0731,0
117749,465.66,15961.0731,15961.0731,0
117751,465.68,15961.0731,15961.0731,0
117752,465.68,15961.0731,15961.0731,0
117753,465.68,15961.0731,15961.0731,0
117756,465.69,15961.0731,15961.0731,0
117766,465.74,15961.0731,15961.0731,0
117768,465.75,15961.0731,15961.0731,0
117771,465.77,15961.0731,15961.0731,0
117778,465.78,15961.0731,15961.0731,0
117779,465.78,15961.0731,15961.0731,0
117785,465.79,15961.0731,15961.0731,0
117791,465.82,15961.0731,15961.0731,0
117796,465.83,15961.0731,15961.0731,0
117797,465.83,15961.0731,15961.0731,0
117802,465.84,15961.0731,15961.0731,0
117806,465.87,15961.0731,15961.0731,0
117807,465.87,15961.0731,15961.0731,0
117813,465.90,15961.0731,15961.0731,0
117819,465.91,15961.0731,15961.0731,0
117830,465.93,15961.0731,15961.0731,0
117831,465.93,15961.0731,15961.0731,0
117846,465.97,15961.0731,15961.0731,0
117847,465.97,15961.0731,15961.0731,0
117855,466.00,15961.0731,15961.0731,0
117856,466.00,15961.0731,15961.0731,0
117862,466.03,15961.0731,15961.0731,0
117864,466.04,15961.0731,15961.0731,0
117869,466.05,15961.0731,15961.0731,0
117870,466.05,15961.0731,15961.0731,0
117871,466.05,15961.0731,15961.0731,0
117872,466.05,15961.0731,15961.0731,0
117873,466.05,15961.0731,15961.0731,0
117885,466.10,15961.0731,15961.0731,0
117886,466.10,15961.0731,15961.0731,0
117888,466.10,15961.0731,15961.0731,0
117889,466.10,15961.0731,15961.0731,0
117891,466.11,15961.0731,15961.0731,0
117906,466.19,15961.0731,15961.0731,0
117907,466.19,15961.0731,15961.0731,0
117908,466.19,15961.0731,15961.0731,0
117922,466.23,15961.0731,15961.0731,0
117925,466.25,15961.0731,15961.0731,0
117926,466.25,15961.0731,15961.0731,0
117927,466.25,15961.0731,15961.0731,0
117928,466.25,15961.0731,15961.0731,0
117935,466.27,15961.0731,15961.0731,0
117936,466.27,15961.0731,15961.0731,0
117937,466.27,15961.0731,15961.0731,0
117938,466.27,15961.0731,15961.0731,0
117940,466.29,15961.0731,15961.0731,0
117941,466.29,15961.0731,15961.0731,0
117946,466.30,15961.0731,15961.0731,0
117947,466.30,15961.0731,15961.0731,0
117953,466.32,15961.0731,15961.0731,0
117958,466.34,15961.0731,15961.0731,0
117959,466.34,15961.0731,15961.0731,0
117964,466.36,15961.0731,15961.0731,0
117966,466.37,15961.0731,15961.0731,0
117967,466.37,15961.0731,15961.0731,0
117971,466.37,15961.0731,15961.0731,0
117978,466.40,15961.0731,15961.0731,0
117979,466.40,15961.0731,15961.0731,0
117982,466.41,15961.0731,15961.0731,0
117983,466.41,15961.0731,15961.0731,0
117984,466.41,15961.0731,15961.0731,0
117987,466.42,15961.0731,15961.0731,0
117995,466.45,15961.0731,15961.0731,0
117996,466.45,15961.0731,15961.0731,0
118003,466.47,15961.0731,15961.0731,0
118004,466.47,15961.0731,15961.0731,0
118006,466.47,15961.0731,15961.0731,0
118008,466.48,15961.0731,15961.0731,0
118020,466.52,15961.0731,15961.0731,0
118021,466.52,15961.0731,15961.0731,0
118024,466.52,15961.0731,15961.0731,0
118025,466.52,15961.0731,15961.0731,0
118028,466.52,15961.0731,15961.0731,0
118030,466.53,15961.0731,15961.0731,0
118032,466.54,15961.0731,15961.0731,0
118033,466.54,15961.0731,15961.0731,0
118035,466.54,15961.0731,15961.0731,0
118041,466.58,15961.0731,15961.0731,0
118043,466.58,15961.0731,15961.0731,0
118044,466.58,15961.0731,15961.0731,0
118048,466.59,15961.0731,15961.0731,0
118052,466.62,15961.0731,15961.0731,0
118055,466.63,15961.0731,15961.0731,0
118058,466.64,15961.0731,15961.0731,0
118064,466.66,15961.0731,15961.0731,0
118067,466.68,15961.0731,15961.0731,0
118068,466.68,15961.0731,15961.0731,0
118069,466.68,15961.0731,15961.0731,0
118072,466.68,15961.0731,15961.0731,0
118073,466.68,15961.0731,15961.0731,0
118080,466.70,15961.0731,15961.0731,0
118081,466.70,15961.0731,15961.0731,0
118083,466.70,15961.0731,15961.0731,0
118087,466.71,15961.0731,15961.0731,0
118091,466.73,15961.0731,15961.0731,0
118092,466.73,15961.0731,15961.0731,0
118093,466.73,15961.0731,15961.0731,0
118097,466.76,15961.0731,15961.0731,0
118098,466.76,15961.0731,15961.0731,0
118099,466.76,15961.0731,15961.0731,0
118105,466.78,15961.0731,15961.0731,0
118111,466.79,15961.0731,15961.0731,0
118115,466.80,15961.0731,15961.0731,0
118119,466.81,15961.0731,15961.0731,0
118120,466.81,15961.0731,15961.0731,0
118124,466.82,15961.0731,15961.0731,0
118126,466.83,15961.0731,15961.0731,0
118138,466.87,15961.0731,15961.0731,0
118142,466.89,15961.0731,15961.0731,0
118143,466.89,15961.0731,15961.0731,0
118147,466.91,15961.0731,15961.0731,0
118150,466.93,15961.0731,15961.0731,0
118152,466.94,15961.0731,15961.0731,0
118153,466.94,15961.0731,15961.0731,0
118157,466.94,15961.0731,15961.0731,0
118162,466.96,15961.0731,15961.0731,0
118163,466.96,15961.0731,15961.0731,0
118167,466.96,15961.0731,15961.0731,0
118170,466.99,15961.0731,15961.0731,0
118174,467.00,15961.0731,15961.0731,0
118176,467.00,15961.0731,15961.0731,0
118178,467.01,15961.0731,15961.0731,0
118182,467.01,15961.0731,15961.0731,0
118185,467.01,15961.0731,15961.0731,0
118187,467.02,15961.0731,15961.0731,0
118188,467.02,15961.0731,15961.0731,0
118189,467.02,15961.0731,15961.0731,0
118190,467.02,15961.0731,15961.0731,0
118194,467.03,15961.0731,15961.0731,0
118195,467.03,15961.0731,15961.0731,0
118200,467.06,15961.0731,15961.0731,0
118201,467.06,15961.0731,15961.0731,0
118203,467.06,15961.0731,15961.0731,0
118205,467.06,15961.0731,15961.0731,0
118208,467.08,15961.0731,15961.0731,0
118209,467.08,15961.0731,15961.0731,0
118210,467.08,15961.0731,15961.0731,0
118215,467.10,15961.0731,15961.0731,0
118216,467.10,15961.0731,15961.0731,0
118220,467.12,15961.0731,15961.0731,0
118222,467.12,15961.0731,15961.0731,0
118223,467.12,15961.0731,15961.0731,0
118227,467.13,15961.0731,15961.0731,0
118230,467.14,15961.0731,15961.0731,0
118235,467.15,15961.0731,15961.0731,0
118237,467.15,15961.0731,15961.0731,0
118244,467.18,15961.0731,15961.0731,0
118252,467.21,15961.0731,15961.0731,0
118259,467.23,15961.0731,15961.0731,0
118262,467.25,15961.0731,15961.0731,0
118266,467.27,15961.0731,15961.0731,0
118273,467.30,15961.0731,15961.0731,0
118277,467.31,15961.0731,15961.0731,0
118296,467.40,15961.0731,15961.0731,0
118306,467.44,15961.0731,15961.0731,0
118307,467.44,15961.0731,15961.0731,0
118310,467.44,15961.0731,15961.0731,0
118321,467.47,15961.0731,15961.0731,0
118329,467.49,15961.0731,15961.0731,0
118330,467.49,15961.0731,15961.0731,0
118331,467.49,15961.0731,15961.0731,0
118335,467.51,15961.0731,15961.0731,0
118341,467.56,15961.0731,15961.0731,0
118345,467.59,15961.0731,15961.0731,0
118350,467.60,15961.0731,15961.0731,0
118352,467.60,15961.0731,15961.0731,0
118357,467.63,15961.0731,15961.0731,0
118358,467.63,15961.0731,15961.0731,0
118361,467.64,15961.0731,15961.0731,0
118368,467.66,15961.0731,15961.0731,0
118376,467.68,15961.0731,15961.0731,0
118378,467.68,15961.0731,15961.0731,0
118383,467.70,15961.0731,15961.0731,0
118386,467.71,15961.0731,15961.0731,0
118387,467.71,15961.0731,15961.0731,0
118390,467.72,15961.0731,15961.0731,0
118391,467.72,15961.0731,15961.0731,0
118393,467.72,15961.0731,15961.0731,0
118395,467.72,15961.0731,15961.0731,0
118406,467.77,15961.0731,15961.0731,0
118407,467.77,15961.0731,15961.0731,0
118412,467.79,15961.0731,15961.0731,0
118418,467.82,15961.0731,15961.0731,0
118420,467.83,15961.0731,15961.0731,0
118421,467.83,15961.0731,15961.0731,0
118424,467.83,15961.0731,15961.0731,0
118426,467.84,15961.0731,15961.0731,0
118432,467.84,15961.0731,15961.0731,0
118434,467.84,15961.0731,15961.0731,0
118446,467.89,15961.0731,15961.0731,0
118448,467.89,15961.0731,15961.0731,0
118449,467.89,15961.0731,15961.0731,0
118454,467.92,15961.0731,15961.0731,0
118455,467.92,15961.0731,15961.0731,0
118456,467.92,15961.0731,15961.0731,0
118460,467.93,15961.0731,15961.0731,0
118461,467.94,15961.0731,15961.0731,0
118465,467.96,15961.0731,15961.0731,0
118473,467.99,15961.0731,15961.0731,0
118479,468.00,15961.0731,15961.0731,0
118484,468.02,15961.0731,15961.0731,0
118485,468.02,15961.0731,15961.0731,0
118490,468.04,15961.0731,15961.0731,0
118491,468.04,15961.0731,15961.0731,0
118500,468.08,15961.0731,15961.0731,0
118501,468.08,15961.0731,15961.0731,0
118510,468.10,15961.0731,15961.0731,0
118513,468.11,15961.0731,15961.0731,0
118531,468.17,15961.0731,15961.0731,0
118532,468.17,15961.0731,15961.0731,0
118534,468.17,15961.0731,15961.0731,0
118543,468.21,15961.0731,15961.0731,0
118544,468.21,15961.0731,15961.0731,0
118545,468.21,15961.0731,15961.0731,0
118548,468.21,15961.0731,15961.0731,0
118549,468.21,15961.0731,15961.0731,0
118555,468.22,15961.0731,15961.0731,0
118557,468.23,15961.0731,15961.0731,0
118564,468.24,15961.0731,15961.0731,0
118565,468.24,15961.0731,15961.0731,0
118568,468.24,15961.0731,15961.0731,0
118570,468.25,15961.0731,15961.0731,0
118576,468.27,15961.0731,15961.0731,0
118584,468.30,15961.0731,15961.0731,0
118587,468.30,15961.0731,15961.0731,0
118588,468.30,15961.0731,15961.0731,0
118590,468.30,15961.0731,15961.0731,0
118591,468.30,15961.0731,15961.0731,0
118594,468.31,15961.0731,15961.0731,0
118596,468.32,15961.0731,15961.0731,0
118600,468.33,15961.0731,15961.0731,0
118605,468.35,15961.0731,15961.0731,0
118608,468.36,15961.0731,15961.0731,0
118615,468.37,15961.0731,15961.0731,0
118616,468.37,15961.0731,15961.0731,0
118618,468.37,15961.0731,15961.0731,0
118622,468.38,15961.0731,15961.0731,0
118628,468.40,15961.0731,15961.0731,0
118629,468.40,15961.0731,15961.0731,0
118632,468.40,15961.0731,15961.0731,0
118634,468.40,15961.0731,15961.0731,0
118639,468.43,15961.0731,15961.0731,0
118642,468.43,15961.0731,15961.0731,0
118643,468.43,15961.0731,15961.0731,0
118647,468.45,15961.0731,15961.0731,0
118648,468.45,15961.0731,15961.0731,0
118649,468.45,15961.0731,15961.0731,0
118656,468.47,15961.0731,15961.0731,0
118660,468.47,15961.0731,15961.0731,0
118666,468.48,15961.0731,15961.0731,0
118667,468.49,15961.0731,15961.0731,0
118670,468.50,15961.0731,15961.0731,0
118678,468.53,15961.0731,15961.0731,0
118685,468.54,15961.0731,15961.0731,0
118693,468.56,15961.0731,15961.0731,0
118694,468.56,15961.0731,15961.0731,0
118696,468.56,15961.0731,15961.0731,0
118697,468.61,15961.0731,15961.0731,0
118702,468.62,15961.0731,15961.0731,0
118703,468.62,15961.0731,15961.0731,0
118704,468.62,15961.0731,15961.0731,0
118706,468.62,15961.0731,15961.0731,0
118709,468.64,15961.0731,15961.0731,0
118711,468.65,15961.0731,15961.0731,0
118718,468.66,15961.0731,15961.0731,0
118722,468.68,15961.0731,15961.0731,0
118727,468.69,15961.0731,15961.0731,0
118729,468.69,15961.0731,15961.0731,0
118730,468.69,15961.0731,15961.0731,0
118737,468.71,15961.0731,15961.0731,0
118742,468.73,15961.0731,15961.0731,0
118743,468.73,15961.0731,15961.0731,0
118745,468.73,15961.0731,15961.0731,0
118751,468.75,15961.0731,15961.0731,0
118753,468.75,15961.0731,15961.0731,0
118756,468.76,15961.0731,15961.0731,0
118763,468.79,15961.0731,15961.0731,0
118772,468.84,15961.0731,15961.0731,0
118774,468.84,15961.0731,15961.0731,0
118777,468.85,15961.0731,15961.0731,0
118779,468.86,15961.0731,15961.0731,0
118782,468.88,15961.0731,15961.0731,0
118786,468.88,15961.0731,15961.0731,0
118792,468.91,15961.0731,15961.0731,0
118793,468.91,15961.0731,15961.0731,0
118803,468.93,15961.0731,15961.0731,0
118805,468.94,15961.0731,15961.0731,0
118809,468.94,15961.0731,15961.0731,0
118810,468.94,15961.0731,15961.0731,0
118816,468.95,15961.0731,15961.0731,0
118818,468.96,15961.0731,15961.0731,0
118823,468.99,15961.0731,15961.0731,0
118827,469.00,15961.0731,15961.0731,0
118829,469.01,15961.0731,15961.0731,0
118830,469.01,15961.0731,15961.0731,0
118834,469.03,15961.0731,15961.0731,0
118842,469.06,15961.0731,15961.0731,0
118843,469.06,15961.0731,15961.0731,0
118848,469.08,15961.0731,15961.0731,0
118851,469.09,15961.0731,15961.0731,0
118853,469.10,15961.0731,15961.0731,0
118855,469.10,15961.0731,15961.0731,0
118859,469.11,15961.0731,15961.0731,0
118860,469.11,15961.0731,15961.0731,0
118861,469.11,15961.0731,15961.0731,0
118863,469.11,15961.0731,15961.0731,0
118864,469.11,15961.0731,15961.0731,0
118865,469.11,15961.0731,15961.0731,0
118866,469.11,15961.0731,15961.0731,0
118869,469.11,15961.0731,15961.0731,0
118871,469.11,15961.0731,15961.0731,0
118874,469.11,15961.0731,15961.0731,0
118879,469.13,15961.0731,15961.0731,0
118880,469.13,15961.0731,15961.0731,0
118881,469.13,15961.0731,15961.0731,0
118882,469.13,15961.0731,15961.0731,0
118891,469.18,15961.0731,15961.0731,0
118894,469.18,15961.0731,15961.0731,0
118901,469.22,15961.0731,15961.0731,0
118905,469.22,15961.0731,15961.0731,0
118910,469.24,15961.0731,15961.0731,0
118911,469.24,15961.0731,15961.0731,0
118913,469.24,15961.0731,15961.0731,0
118914,469.24,15961.0731,15961.0731,0
118921,469.26,15961.0731,15961.0731,0
118927,469.29,15961.0731,15961.0731,0
118931,469.30,15961.0731,15961.0731,0
118933,469.31,15961.0731,15961.0731,0
118934,469.31,15961.0731,15961.0731,0
118935,469.31,15961.0731,15961.0731,0
118938,469.31,15961.0731,15961.0731,0
118942,469.32,15961.0731,15961.0731,0
118943,469.32,15961.0731,15961.0731,0
118945,469.32,15961.0731,15961.0731,0
118946,469.32,15961.0731,15961.0731,0
118951,469.33,15961.0731,15961.0731,0
118952,469.33,15961.0731,15961.0731,0
118953,469.33,15961.0731,15961.0731,0
118955,469.34,15961.0731,15961.0731,0
118960,469.35,15961.0731,15961.0731,0
118963,469.36,15961.0731,15961.0731,0
118966,469.37,15961.0731,15961.0731,0
118968,469.38,15961.0731,15961.0731,0
118979,469.43,15961.0731,15961.0731,0
118981,469.43,15961.0731,15961.0731,0
118983,469.43,15961.0731,15961.0731,0
118991,469.45,15961.0731,15961.0731,0
118996,469.46,15961.0731,15961.0731,0
119001,469.48,15961.0731,15961.0731,0
119002,469.48,15961.0731,15961.0731,0
119007,469.48,15961.0731,15961.0731,0
119008,469.48,15961.0731,15961.0731,0
119009,469.48,15961.0731,15961.0731,1
119010,469.59,16082.1557,16082.1557,0
119014,469.73,16082.1557,16082.1557,0
119017,469.77,16082.1557,16082.1557,0
119018,469.77,16082.1557,16082.1557,0
119020,469.78,16082.1557,16082.1557,0
119021,469.83,16082.1557,16082.1557,0
119025,469.94,16082.1557,16082.1557,0
119026,469.97,16082.1557,16082.1557,0
119028,470.06,16082.1557,16082.1557,0
119029,470.11,16082.1557,16082.1557,0
119031,470.14,16082.1557,16082.1557,0
119033,470.15,16082.1557,16082.1557,0
119035,470.15,16082.1557,16082.1557,0
119036,470.15,16082.1557,16082.1557,0
119037,470.19,16082.1557,16082.1557,0
119041,470.24,16082.1557,16082.1557,0
119054,470.30,16082.1557,16082.1557,0
119063,470.38,16082.1557,16082.1557,0
119066,470.39,16082.1557,16082.1557,0
119068,470.39,16082.1557,16082.1557,0
119071,470.39,16082.1557,16082.1557,0
119075,470.40,16082.1557,16082.1557,0
119078,470.41,16082.1557,16082.1557,0
119080,470.43,16082.1557,16082.1557,0
119083,470.43,16082.1557,16082.1557,0
119085,470.46,16082.1557,16082.1557,0
119089,470.47,16082.1557,16082.1557,0
119094,470.49,16082.1557,16082.1557,0
119099,470.50,16082.1557,16082.1557,0
119101,470.53,16082.1557,16082.1557,0
119102,470.53,16082.1557,16082.1557,0
119104,470.57,16082.1557,16082.1557,0
119111,470.61,16082.1557,16082.1557,0
119121,470.64,16082.1557,16082.1557,0
119122,470.64,16082.1557,16082.1557,0
119123,470.64,16082.1557,16082.1557,0
119124,470.64,16082.1557,16082.1557,0
119131,470.65,16082.1557,16082.1557,0
119132,470.65,16082.1557,16082.1557,0
119133,470.66,16082.1557,16082.1557,0
119134,470.68,16082.1557,16082.1557,0
119137,470.68,16082.1557,16082.1557,0
119139,470.69,16082.1557,16082.1557,0
119141,470.71,16082.1557,16082.1557,0
119142,470.71,16082.1557,16082.1557,0
119143,470.71,16082.1557,16082.1557,0
119147,470.71,16082.1557,16082.1557,0
119150,470.72,16082.1557,16082.1557,0
119158,470.73,16082.1557,16082.1557,0
119161,470.75,16082.1557,16082.1557,0
119167,470.76,16082.1557,16082.1557,0
119169,470.77,16082.1557,16082.1557,0
119172,470.78,16082.1557,16082.1557,0
119180,470.81,16082.1557,16082.1557,0
119181,470.81,16082.1557,16082.1557,0
119183,470.81,16082.1557,16082.1557,0
119186,470.81,16082.1557,16082.1557,0
119191,470.82,16082.1557,16082.1557,0
119195,470.83,16082.1557,16082.1557,0
119196,470.83,16082.1557,16082.1557,0
119199,470.84,16082.1557,16082.1557,0
119207,470.87,16082.1557,16082.1557,0
119214,470.90,16082.1557,16082.1557,0
119218,470.91,16082.1557,16082.1557,0
119223,470.94,16082.1557,16082.1557,0
119226,470.95,16082.1557,16082.1557,0
119233,470.97,16082.1557,16082.1557,0
119235,470.97,16082.1557,16082.1557,0
119237,470.97,16082.1557,16082.1557,0
119240,470.97,16082.1557,16082.1557,0
119261,471.05,16082.1557,16082.1557,0
119262,471.05,16082.1557,16082.1557,0
119265,471.06,16082.1557,16082.1557,0
119266,471.06,16082.1557,16082.1557,0
119268,471.06,16082.1557,16082.1557,0
119277,471.10,16082.1557,16082.1557,0
119286,471.12,16082.1557,16082.1557,0
119287,471.12,16082.1557,16082.1557,0
119291,471.13,16082.1557,16082.1557,0
119302,471.19,16082.1557,16082.1557,0
119311,471.20,16082.1557,16082.1557,0
119314,471.21,16082.1557,16082.1557,0
119315,471.21,16082.1557,16082.1557,0
119317,471.21,16082.1557,16082.1557,0
119318,471.21,16082.1557,16082.1557,0
119319,471.21,16082.1557,16082.1557,0
119320,471.21,16082.1557,16082.1557,0
119323,471.22,16082.1557,16082.1557,0
119330,471.24,16082.1557,16082.1557,0
119332,471.24,16082.1557,16082.1557,0
119335,471.27,16082.1557,16082.1557,0
119337,471.28,16082.1557,16082.1557,0
119343,471.31,16082.1557,16082.1557,0
119345,471.32,16082.1557,16082.1557,0
119349,471.33,16082.1557,16082.1557,0
119354,471.35,16082.1557,16082.1557,0
119356,471.37,16082.1557,16082.1557,0
119359,471.37,16082.1557,16082.1557,0
119368,471.39,16082.1557,16082.1557,0
119374,471.40,16082.1557,16082.1557,0
119376,471.40,16082.1557,16082.1557,0
119383,471.41,16082.1557,16082.1557,0
119387,471.42,16082.1557,16082.1557,0
119388,471.42,16082.1557,16082.1557,0
119389,471.42,16082.1557,16082.1557,0
119392,471.42,16082.1557,16082.1557,0
119394,471.43,16082.1557,16082.1557,0
119396,471.43,16082.1557,16082.1557,0
119398,471.43,16082.1557,16082.1557,0
119399,471.43,16082.1557,16082.1557,0
119400,471.43,16082.1557,16082.1557,0
119404,471.45,16082.1557,16082.1557,0
119409,471.45,16082.1557,16082.1557,0
119413,471.46,16082.1557,16082.1557,0
119415,471.46,16082.1557,16082.1557,0
119418,471.46,16082.1557,16082.1557,0
119428,471.49,16082.1557,16082.1557,0
119429,471.49,16082.1557,16082.1557,0
119431,471.50,16082.1557,16082.1557,0
119436,471.51,16082.1557,16082.1557,0
119443,471.52,16082.1557,16082.1557,0
119444,471.52,16082.1557,16082.1557,0
119448,471.53,16082.1557,16082.1557,0
119453,471.55,16082.1557,16082.1557,0
119454,471.56,16082.1557,16082.1557,0
119456,471.56,16082.1557,16082.1557,0
119461,471.58,16082.1557,16082.1557,0
119463,471.66,16082.1557,16082.1557,0
119464,471.66,16082.1557,16082.1557,0
119466,471.66,16082.1557,16082.1557,0
119467,471.66,16082.1557,16082.1557,0
119469,471.66,16082.1557,16082.1557,0
119484,471.70,16082.1557,16082.1557,0
119485,471.70,16082.1557,16082.1557,0
119486,471.70,16082.1557,16082.1557,0
119492,471.71,16082.1557,16082.1557,0
119521,471.79,16082.1557,16082.1557,0
119527,471.80,16082.1557,16082.1557,0
119530,471.81,16082.1557,16082.1557,0
119532,471.81,16082.1557,16082.1557,0
119537,471.85,16082.1557,16082.1557,0
119541,471.86,16082.1557,16082.1557,0
119548,471.90,16082.1557,16082.1557,0
119552,471.91,16082.1557,16082.1557,0
119556,471.92,16082.1557,16082.1557,0
119558,471.94,16082.1557,16082.1557,0
119560,471.95,16082.1557,16082.1557,0
119569,471.99,16082.1557,16082.1557,0
119575,472.02,16082.1557,16082.1557,0
119580,472.03,16082.1557,16082.1557,0
119583,472.03,16082.1557,16082.1557,0
119587,472.04,16082.1557,16082.1557,0
119591,472.06,16082.1557,16082.1557,0
119599,472.08,16082.1557,16082.1557,0
119600,472.08,16082.1557,16082.1557,0
119603,472.09,16082.1557,16082.1557,0
119610,472.13,16082.1557,16082.1557,0
119615,472.14,16082.1557,16082.1557,0
119620,472.16,16082.1557,16082.1557,0
119623,472.17,16082.1557,16082.1557,0
119624,472.17,16082.1557,16082.1557,0
119625,472.17,16082.1557,16082.1557,0
119633,472.19,16082.1557,16082.1557,0
119639,472.22,16082.1557,16082.1557,0
119641,472.25,16082.1557,16082.1557,0
119644,472.26,16082.1557,16082.1557,0
119646,472.28,16082.1557,16082.1557,0
119647,472.28,16082.1557,16082.1557,0
119648,472.28,16082.1557,16082.1557,0
119653,472.29,16082.1557,16082.1557,0
119656,472.30,16082.1557,16082.1557,0
119658,472.31,16082.1557,16082.1557,0
119662,472.32,16082.1557,16082.1557,0
119663,472.32,16082.1557,16082.1557,0
119665,472.32,16082.1557,16082.1557,0
119668,472.34,16082.1557,16082.1557,0
119671,472.34,16082.1557,16082.1557,0
119682,472.37,16082.1557,16082.1557,0
119693,472.44,16082.1557,16082.1557,0
119694,472.44,16082.1557,16082.1557,0
119696,472.45,16082.1557,16082.1557,0
119702,472.47,16082.1557,16082.1557,0
119705,472.47,16082.1557,16082.1557,0
119707,472.48,16082.1557,16082.1557,0
119716,472.51,16082.1557,16082.1557,0
119718,472.52,16082.1557,16082.1557,0
119720,472.53,16082.1557,16082.1557,0
119727,472.54,16082.1557,16082.1557,0
119731,472.56,16082.1557,16082.1557,0
119739,472.60,16082.1557,16082.1557,0
119742,472.60,16082.1557,16082.1557,0
119748,472.64,16082.1557,16082.1557,0
119754,472.66,16082.1557,16082.1557,0
119757,472.66,16082.1557,16082.1557,0
119759,472.66,16082.1557,16082.1557,0
119761,472.69,16082.1557,16082.1557,0
119762,472.69,16082.1557,16082.1557,0
119776,472.77,16082.1557,16082.1557,0
119777,472.77,16082.1557,16082.1557,0
119778,472.77,16082.1557,16082.1557,0
119781,472.79,16082.1557,16082.1557,0
119783,472.80,16082.1557,16082.1557,0
119784,472.80,16082.1557,16082.1557,0
119788,472.82,16082.1557,16082.1557,0
119789,472.82,16082.1557,16082.1557,0
119791,472.84,16082.1557,16082.1557,0
119794,472.86,16082.1557,16082.1557,0
119798,472.87,16082.1557,16082.1557,0
119799,472.87,16082.1557,16082.1557,0
119802,472.88,16082.1557,16082.1557,0
119803,472.89,16082.1557,16082.1557,0
119804,472.89,16082.1557,16082.1557,0
119805,472.89,16082.1557,16082.1557,0
119813,472.94,16082.1557,16082.1557,0
119820,472.97,16082.1557,16082.1557,0
119824,473.01,16082.1557,16082.1557,0
119829,473.02,16082.1557,16082.1557,0
119836,473.06,16082.1557,16082.1557,0
119837,473.06,16082.1557,16082.1557,0
119838,473.06,16082.1557,16082.1557,0
119843,473.11,16082.1557,16082.1557,0
119844,473.12,16082.1557,16082.1557,0
119850,473.17,16082.1557,16082.1557,0
119852,473.17,16082.1557,16082.1557,0
119856,473.17,16082.1557,16082.1557,0
119858,473.18,16082.1557,16082.1557,0
119866,473.24,16082.1557,16082.1557,0
119869,473.27,16082.1557,16082.1557,0
119871,473.27,16082.1557,16082.1557,0
119876,473.30,16082.1557,16082.1557,0
119878,473.30,16082.1557,16082.1557,0
119879,473.30,16082.1557,16082.1557,0
119881,473.31,16082.1557,16082.1557,0
119888,473.33,16082.1557,16082.1557,0
119889,473.33,16082.1557,16082.1557,0
119891,473.34,16082.1557,16082.1557,0
119893,473.34,16082.1557,16082.1557,0
119902,473.40,16082.1557,16082.1557,0
119904,473.40,16082.1557,16082.1557,0
119905,473.40,16082.1557,16082.1557,0
119908,473.41,16082.1557,16082.1557,0
119909,473.41,16082.1557,16082.1557,0
119913,473.42,16082.1557,16082.1557,0
119914,473.42,16082.1557,16082.1557,0
119924,473.45,16082.1557,16082.1557,0
119929,473.47,16082.1557,16082.1557,0
119932,473.47,16082.1557,16082.1557,0
119933,473.50,16082.1557,16082.1557,0
119938,473.52,16082.1557,16082.1557,0
119948,473.56,16082.1557,16082.1557,0
119950,473.62,16082.1557,16082.1557,0
119955,473.65,16082.1557,16082.1557,0
119957,473.66,16082.1557,16082.1557,0
119960,473.67,16082.1557,16082.1557,0
119961,473.67,16082.1557,16082.1557,0
119965,473.71,16082.1557,16082.1557,0
119967,473.72,16082.1557,16082.1557,0
119974,473.74,16082.1557,16082.1557,0
119975,473.74,16082.1557,16082.1557,0
119979,473.75,16082.1557,16082.1557,0
119981,473.77,16082.1557,16082.1557,0
119985,473.77,16082.1557,16082.1557,0
119986,473.77,16082.1557,16082.1557,0
119988,473.78,16082.1557,16082.1557,0
119990,473.78,16082.1557,16082.1557,0
119996,473.81,16082.1557,16082.1557,0
120003,473.82,16082.1557,16082.1557,0
120005,473.83,16082.1557,16082.1557,0
120016,473.90,16082.1557,16082.1557,0
120017,473.90,16082.1557,16082.1557,0
120020,473.90,16082.1557,16082.1557,0
120022,473.90,16082.1557,16082.1557,0
120027,473.93,16082.1557,16082.1557,0
120030,473.95,16082.1557,16082.1557,0
120037,473.96,16082.1557,16082.1557,0
120044,473.99,16082.1557,16082.1557,0
120045,473.99,16082.1557,16082.1557,0
120047,474.01,16082.1557,16082.1557,0
120052,474.03,16082.1557,16082.1557,0
120058,474.07,16082.1557,16082.1557,0
120059,474.07,16082.1557,16082.1557,0
120060,474.08,16082.1557,16082.1557,0
120061,474.08,16082.1557,16082.1557,0
120067,474.10,16082.1557,16082.1557,0
120079,474.13,16082.1557,16082.1557,0
120082,474.14,16082.1557,16082.1557,0
120083,474.14,16082.1557,16082.1557,0
120085,474.14,16082.1557,16082.1557,0
120094,474.17,16082.1557,16082.1557,0
120109,474.20,16082.1557,16082.1557,0
120111,474.20,16082.1557,16082.1557,0
120114,474.21,16082.1557,16082.1557,0
120115,474.21,16082.1557,16082.1557,0
120121,474.23,16082.1557,16082.1557,0
120122,474.23,16082.1557,16082.1557,0
120131,474.26,16082.1557,16082.1557,0
120134,474.26,16082.1557,16082.1557,0
120136,474.26,16082.1557,16082.1557,0
120138,474.26,16082.1557,16082.1557,0
120143,474.28,16082.1557,16082.1557,0
120144,474.28,16082.1557,16082.1557,0
120145,474.28,16082.1557,16082.1557,0
120147,474.28,16082.1557,16082.1557,0
120152,474.31,16082.1557,16082.1557,0
120153,474.31,16082.1557,16082.1557,0
120154,474.31,16082.1557,16082.1557,0
120159,474.32,16082.1557,16082.1557,0
120169,474.35,16082.1557,16082.1557,0
120170,474.35,16082.1557,16082.1557,0
120178,474.40,16082.1557,16082.1557,0
120182,474.42,16082.1557,16082.1557,0
120185,474.43,16082.1557,16082.1557,0
120192,474.46,16082.1557,16082.1557,0
120195,474.46,16082.1557,16082.1557,0
120202,474.47,16082.1557,16082.1557,0
120209,474.49,16082.1557,16082.1557,0
120213,474.50,16082.1557,16082.1557,0
120214,474.50,16082.1557,16082.1557,0
120215,474.50,16082.1557,16082.1557,0
120216,474.50,16082.1557,16082.1557,0
120219,474.51,16082.1557,16082.1557,0
120222,474.51,16082.1557,16082.1557,0
120224,474.51,16082.1557,16082.1557,0
120229,474.52,16082.1557,16082.1557,0
120230,474.52,16082.1557,16082.1557,0
120234,474.53,16082.1557,16082.1557,0
120236,474.53,16082.1557,16082.1557,0
120238,474.55,16082.1557,16082.1557,0
120240,474.55,16082.1557,16082.1557,0
120244,474.56,16082.1557,16082.1557,0
120247,474.56,16082.1557,16082.1557,0
120256,474.59,16082.1557,16082.1557,0
120258,474.59,16082.1557,16082.1557,0
120259,474.59,16082.1557,16082.1557,0
120263,474.61,16082.1557,16082.1557,0
120266,474.62,16082.1557,16082.1557,0
120268,474.62,16082.1557,16082.1557,0
120269,474.62,16082.1557,16082.1557,0
120270,474.62,16082.1557,16082.1557,0
120275,474.64,16082.1557,16082.1557,0
120276,474.64,16082.1557,16082.1557,0
120278,474.65,16082.1557,16082.1557,0
120279,474.65,16082.1557,16082.1557,0
120281,474.66,16082.1557,16082.1557,0
120283,474.66,16082.1557,16082.1557,0
120286,474.66,16082.1557,16082.1557,0
120288,474.66,16082.1557,16082.1557,0
120295,474.67,16082.1557,16082.1557,0
120296,474.67,16082.1557,16082.1557,0
120298,474.68,16082.1557,16082.1557,0
120308,474.73,16082.1557,16082.1557,0
120318,474.77,16082.1557,16082.1557,0
120332,474.81,16082.1557,16082.1557,0
120337,474.83,16082.1557,16082.1557,0
120338,474.83,16082.1557,16082.1557,0
120339,474.83,16082.1557,16082.1557,0
120343,474.85,16082.1557,16082.1557,0
120346,474.87,16082.1557,16082.1557,0
120364,474.94,16082.1557,16082.1557,0
120368,474.94,16082.1557,16082.1557,0
120370,474.95,16082.1557,16082.1557,0
120378,474.97,16082.1557,16082.1557,0
120380,474.97,16082.1557,16082.1557,0
120382,474.98,16082.1557,16082.1557,0
120383,474.98,16082.1557,16082.1557,0
120391,475.01,16082.1557,16082.1557,0
120394,475.02,16082.1557,16082.1557,0
120395,475.02,16082.1557,16082.1557,0
120397,475.02,16082.1557,16082.1557,0
120399,475.03,16082.1557,16082.1557,0
120401,475.03,16082.1557,16082.1557,0
120402,475.04,16082.1557,16082.1557,0
120403,475.04,16082.1557,16082.1557,0
120405,475.05,16082.1557,16082.1557,0
120410,475.06,16082.1557,16082.1557,0
120413,475.07,16082.1557,16082.1557,0
120415,475.08,16082.1557,16082.1557,0
120418,475.09,16082.1557,16082.1557,0
120426,475.12,16082.1557,16082.1557,0
120434,475.14,16082.1557,16082.1557,0
120438,475.15,16082.1557,16082.1557,0
120440,475.15,16082.1557,16082.1557,0
120443,475.16,16082.1557,16082.1557,0
120449,475.17,16082.1557,16082.1557,0
120454,475.17,16082.1557,16082.1557,0
120455,475.18,16082.1557,16082.1557,0
120458,475.18,16082.1557,16082.1557,0
120460,475.18,16082.1557,16082.1557,0
120461,475.18,16082.1557,16082.1557,0
120468,475.21,16082.1557,16082.1557,0
120479,475.25,16082.1557,16082.1557,0
120484,475.26,16082.1557,16082.1557,0
120488,475.26,16082.1557,16082.1557,0
120493,475.27,16082.1557,16082.1557,0
120503,475.32,16082.1557,16082.1557,0
120514,475.36,16082.1557,16082.1557,0
120526,475.41,16082.1557,16082.1557,0
120528,475.43,16082.1557,16082.1557,0
120530,475.43,16082.1557,16082.1557,0
120536,475.44,16082.1557,16082.1557,0
120543,475.48,16082.1557,16082.1557,0
120545,475.49,16082.1557,16082.1557,0
120553,475.51,16082.1557,16082.1557,0
120563,475.55,16082.1557,16082.1557,0
120565,475.55,16082.1557,16082.1557,0
120566,475.56,16082.1557,16082.1557,0
120573,475.58,16082.1557,16082.1557,0
120576,475.59,16082.1557,16082.1557,0
120578,475.59,16082.1557,16082.1557,0
120580,475.59,16082.1557,16082.1557,0
120584,475.61,16082.1557,16082.1557,0
120590,475.62,16082.1557,16082.1557,0
120601,475.66,16082.1557,16082.1557,0
120606,475.67,16082.1557,16082.1557,0
120610,475.68,16082.1557,16082.1557,0
120617,475.70,16082.1557,16082.1557,0
120626,475.74,16082.1557,16082.1557,0
120627,475.74,16082.1557,16082.1557,0
120633,475.77,16082.1557,16082.1557,0
120635,475.77,16082.1557,16082.1557,0
120637,475.78,16082.1557,16082.1557,0
120640,475.78,16082.1557,16082.1557,0
120645,475.81,16082.1557,16082.1557,0
120655,475.85,16082.1557,16082.1557,0
120656,475.85,16082.1557,16082.1557,0
120669,475.89,16082.1557,16082.1557,0
120670,475.89,16082.1557,16082.1557,0
120672,475.89,16082.1557,16082.1557,0
120673,475.90,16082.1557,16082.1557,0
120691,475.93,16082.1557,16082.1557,0
120692,475.93,16082.1557,16082.1557,0
120693,475.93,16082.1557,16082.1557,0
120707,475.98,16082.1557,16082.1557,0
120708,475.98,16082.1557,16082.1557,0
120709,475.98,16082.1557,16082.1557,0
120711,475.99,16082.1557,16082.1557,0
120718,476.01,16082.1557,16082.1557,0
120726,476.03,16082.1557,16082.1557,0
120728,476.03,16082.1557,16082.1557,0
120732,476.04,16082.1557,16082.1557,0
120736,476.05,16082.1557,16082.1557,0
120740,476.06,16082.1557,16082.1557,0
120745,476.07,16082.1557,16082.1557,0
120749,476.08,16082.1557,16082.1557,0
120754,476.09,16082.1557,16082.1557,0
120755,476.10,16082.1557,16082.1557,0
120758,476.10,16082.1557,16082.1557,0
120765,476.11,16082.1557,16082.1557,0
120779,476.16,16082.1557,16082.1557,0
120783,476.18,16082.1557,16082.1557,0
120787,476.19,16082.1557,16082.1557,0
120789,476.19,16082.1557,16082.1557,0
120790,476.19,16082.1557,16082.1557,0
120793,476.20,16082.1557,16082.1557,0
120800,476.21,16082.1557,16082.1557,0
120807,476.23,16082.1557,16082.1557,0
120808,476.23,16082.1557,16082.1557,0
120819,476.29,16082.1557,16082.1557,0
120828,476.32,16082.1557,16082.1557,0
120837,476.34,16082.1557,16082.1557,0
120838,476.34,16082.1557,16082.1557,0
120839,476.34,16082.1557,16082.1557,0
120843,476.35,16082.1557,16082.1557,0
120844,476.36,16082.1557,16082.1557,0
120846,476.36,16082.1557,16082.1557,0
120847,476.36,16082.1557,16082.1557,0
120855,476.37,16082.1557,16082.1557,0
120858,476.37,16082.1557,16082.1557,0
120860,476.38,16082.1557,16082.1557,0
120862,476.38,16082.1557,16082.1557,0
120867,476.41,16082.1557,16082.1557,0
120869,476.41,16082.1557,16082.1557,0
120870,476.41,16082.1557,16082.1557,0
120873,476.42,16082.1557,16082.1557,0
120875,476.43,16082.1557,16082.1557,0
120879,476.45,16082.1557,16082.1557,0
120880,476.45,16082.1557,16082.1557,0
120890,476.49,16082.1557,16082.1557,0
120892,476.50,16082.1557,16082.1557,0
120896,476.52,16082.1557,16082.1557,0
120899,476.52,16082.1557,16082.1557,0
120904,476.53,16082.1557,16082.1557,0
120905,476.54,16082.1557,16082.1557,0
120908,476.54,16082.1557,16082.1557,0
120909,476.54,16082.1557,16082.1557,0
120917,476.56,16082.1557,16082.1557,0
120928,476.61,16082.1557,16082.1557,0
120937,476.62,16082.1557,16082.1557,0
120938,476.62,16082.1557,16082.1557,0
120940,476.62,16082.1557,16082.1557,0
120943,476.63,16082.1557,16082.1557,0
120944,476.63,16082.1557,16082.1557,0
120946,476.65,16082.1557,16082.1557,0
120959,476.69,16082.1557,16082.1557,0
120962,476.69,16082.1557,16082.1557,0
120972,476.72,16082.1557,16082.1557,0
120973,476.72,16082.1557,16082.1557,0
120977,476.72,16082.1557,16082.1557,0
120979,476.72,16082.1557,16082.1557,0
120981,476.72,16082.1557,16082.1557,0
120992,476.77,16082.1557,16082.1557,0
120993,476.77,16082.1557,16082.1557,0
121010,476.82,16082.1557,16082.1557,0
121011,476.82,16082.1557,16082.1557,0
121015,476.82,16082.1557,16082.1557,0
121018,476.83,16082.1557,16082.1557,0
121019,476.83,16082.1557,16082.1557,0
121028,476.87,16082.1557,16082.1557,0
121033,476.90,16082.1557,16082.1557,0
121034,476.90,16082.1557,16082.1557,0
121035,476.90,16082.1557,16082.1557,0
121038,476.90,16082.1557,16082.1557,0
121050,476.93,16082.1557,16082.1557,0
121054,476.95,16082.1557,16082.1557,0
121056,476.96,16082.1557,16082.1557,0
121057,476.96,16082.1557,16082.1557,0
121066,476.98,16082.1557,16082.1557,0
121073,477.00,16082.1557,16082.1557,0
121074,477.00,16082.1557,16082.1557,0
121082,477.02,16082.1557,16082.1557,0
121083,477.02,16082.1557,16082.1557,0
121090,477.05,16082.1557,16082.1557,0
121092,477.05,16082.1557,16082.1557,0
121095,477.06,16082.1557,16082.1557,0
121100,477.08,16082.1557,16082.1557,0
121112,477.13,16082.1557,16082.1557,0
121115,477.13,16082.1557,16082.1557,0
121120,477.15,16082.1557,16082.1557,0
121126,477.19,16082.1557,16082.1557,0
121129,477.19,16082.1557,16082.1557,0
121130,477.19,16082.1557,16082.1557,0
121132,477.20,16082.1557,16082.1557,0
121138,477.22,16082.1557,16082.1557,0
121141,477.22,16082.1557,16082.1557,0
121143,477.22,16082.1557,16082.1557,0
121144,477.22,16082.1557,16082.1557,0
121145,477.23,16082.1557,16082.1557,0
121150,477.23,16082.1557,16082.1557,0
121151,477.23,16082.1557,16082.1557,0
121154,477.24,16082.1557,16082.1557,0
121155,477.24,16082.1557,16082.1557,0
121163,477.27,16082.1557,16082.1557,0
121169,477.29,16082.1557,16082.1557,0
121182,477.31,16082.1557,16082.1557,0
121183,477.31,16082.1557,16082.1557,0
121184,477.31,16082.1557,16082.1557,0
121185,477.31,16082.1557,16082.1557,0
121193,477.34,16082.1557,16082.1557,0
121197,477.35,16082.1557,16082.1557,0
121199,477.35,16082.1557,16082.1557,0
121206,477.38,16082.1557,16082.1557,0
121209,477.38,16082.1557,16082.1557,0
121210,477.38,16082.1557,16082.1557,0
121211,477.38,16082.1557,16082.1557,0
121214,477.40,16082.1557,16082.1557,0
121218,477.41,16082.1557,16082.1557,0
121225,477.43,16082.1557,16082.1557,0
121229,477.44,16082.1557,16082.1557,0
121231,477.44,16082.1557,16082.1557,0
121233,477.44,16082.1557,16082.1557,0
121237,477.45,16082.1557,16082.1557,0
121239,477.45,16082.1557,16082.1557,0
121241,477.45,16082.1557,16082.1557,0
121247,477.47,16082.1557,16082.1557,0
121250,477.48,16082.1557,16082.1557,0
121254,477.49,16082.1557,16082.1557,0
121256,477.49,16082.1557,16082.1557,0
121267,477.53,16082.1557,16082.1557,0
121269,477.53,16082.1557,16082.1557,0
121270,477.53,16082.1557,16082.1557,0
121274,477.54,16082.1557,16082.1557,0
121275,477.54,16082.1557,16082.1557,0
121276,477.54,16082.1557,16082.1557,0
121277,477.54,16082.1557,16082.1557,0
121278,477.54,16082.1557,16082.1557,0
121279,477.54,16082.1557,16082.1557,0
121286,477.56,16082.1557,16082.1557,0
121292,477.60,16082.1557,16082.1557,0
121294,477.61,16082.1557,16082.1557,0
121297,477.63,16082.1557,16082.1557,0
121302,477.65,16082.1557,16082.1557,0
121304,477.65,16082.1557,16082.1557,0
121306,477.65,16082.1557,16082.1557,0
121308,477.66,16082.1557,16082.1557,0
121309,477.66,16082.1557,16082.1557,0
121314,477.67,16082.1557,16082.1557,0
121320,477.68,16082.1557,16082.1557,0
121323,477.69,16082.1557,16082.1557,0
121324,477.69,16082.1557,16082.1557,0
121329,477.70,16082.1557,16082.1557,0
121334,477.75,16082.1557,16082.1557,0
121342,477.79,16082.1557,16082.1557,0
121348,477.80,16082.1557,16082.1557,0
121350,477.80,16082.1557,16082.1557,0
121352,477.81,16082.1557,16082.1557,0
121361,477.86,16082.1557,16082.1557,0
121363,477.86,16082.1557,16082.1557,0
121366,477.86,16082.1557,16082.1557,0
121367,477.86,16082.1557,16082.1557,0
121369,477.87,16082.1557,16082.1557,0
121372,477.87,16082.1557,16082.1557,0
121374,477.87,16082.1557,16082.1557,0
121376,477.89,16082.1557,16082.1557,0
121379,477.91,16082.1557,16082.1557,0
121390,477.94,16082.1557,16082.1557,0
121394,477.95,16082.1557,16082.1557,0
121399,477.97,16082.1557,16082.1557,0
121401,477.98,16082.1557,16082.1557,0
121402,477.98,16082.1557,16082.1557,0
121405,477.98,16082.1557,16082.1557,0
121420,478.03,16082.1557,16082.1557,0
121428,478.06,16082.1557,16082.1557,0
121430,478.06,16082.1557,16082.1557,0
121431,478.06,16082.1557,16082.1557,0
121433,478.06,16082.1557,16082.1557,0
121435,478.06,16082.1557,16082.1557,0
121439,478.07,16082.1557,16082.1557,0
121441,478.07,16082.1557,16082.1557,0
121443,478.08,16082.1557,16082.1557,0
121446,478.09,16082.1557,16082.1557,0
121453,478.13,16082.1557,16082.1557,0
121454,478.13,16082.1557,16082.1557,0
121457,478.15,16082.1557,16082.1557,0
121459,478.15,16082.1557,16082.1557,0
121464,478.15,16082.1557,16082.1557,0
121466,478.15,16082.1557,16082.1557,0
121474,478.18,16082.1557,16082.1557,0
121478,478.20,16082.1557,16082.1557,0
121482,478.21,16082.1557,16082.1557,0
121487,478.25,16082.1557,16082.1557,0
121491,478.25,16082.1557,16082.1557,0
121497,478.30,16082.1557,16082.1557,0
121499,478.31,16082.1557,16082.1557,0
121503,478.33,16082.1557,16082.1557,0
121505,478.33,16082.1557,16082.1557,0
121509,478.35,16082.1557,16082.1557,0
121510,478.35,16082.1557,16082.1557,0
121511,478.35,16082.1557,16082.1557,0
121515,478.38,16082.1557,16082.1557,0
121516,478.38,16082.1557,16082.1557,0
121518,478.38,16082.1557,16082.1557,0
121523,478.41,16082.1557,16082.1557,0
121529,478.43,16082.1557,16082.1557,0
121535,478.45,16082.1557,16082.1557,0
121542,478.47,16082.1557,16082.1557,0
121550,478.50,16082.1557,16082.1557,0
121553,478.52,16082.1557,16082.1557,0
121558,478.54,16082.1557,16082.1557,0
121561,478.54,16082.1557,16082.1557,0
121562,478.54,16082.1557,16082.1557,0
121576,478.58,16082.1557,16082.1557,0
121581,478.60,16082.1557,16082.1557,0
121583,478.61,16082.1557,16082.1557,0
121584,478.61,16082.1557,16082.1557,0
121593,478.62,16082.1557,16082.1557,0
121594,478.62,16082.1557,16082.1557,0
121596,478.63,16082.1557,16082.1557,0
121601,478.64,16082.1557,16082.1557,0
121604,478.65,16082.1557,16082.1557,0
121606,478.66,16082.1557,16082.1557,0
121609,478.67,16082.1557,16082.1557,0
121612,478.67,16082.1557,16082.1557,0
121625,478.74,16082.1557,16082.1557,0
121629,478.75,16082.1557,16082.1557,0
121632,478.77,16082.1557,16082.1557,0
121634,478.77,16082.1557,16082.1557,0
121637,478.79,16082.1557,16082.1557,0
121641,478.80,16082.1557,16082.1557,0
121643,478.80,16082.1557,16082.1557,0
121645,478.81,16082.1557,16082.1557,0
121654,478.84,16082.1557,16082.1557,0
121655,478.84,16082.1557,16082.1557,0
121657,478.85,16082.1557,16082.1557,0
121658,478.85,16082.1557,16082.1557,0
121660,478.85,16082.1557,16082.1557,0
121664,478.87,16082.1557,16082.1557,0
121669,478.89,16082.1557,16082.1557,0
121674,478.91,16082.1557,16082.1557,0
121680,478.94,16082.1557,16082.1557,0
121683,478.96,16082.1557,16082.1557,0
121687,478.98,16082.1557,16082.1557,0
121689,478.98,16082.1557,16082.1557,0
121699,479.01,16082.1557,16082.1557,0
121712,479.05,16082.1557,16082.1557,0
121713,479.05,16082.1557,16082.1557,0
121715,479.05,16082.1557,16082.1557,0
121721,479.05,16082.1557,16082.1557,0
121722,479.06,16082.1557,16082.1557,0
121728,479.07,16082.1557,16082.1557,0
121729,479.07,16082.1557,16082.1557,0
121734,479.10,16082.1557,16082.1557,0
121737,479.11,16082.1557,16082.1557,0
121740,479.12,16082.1557,16082.1557,0
121741,479.12,16082.1557,16082.1557,0
121761,479.19,16082.1557,16082.1557,0
121766,479.20,16082.1557,16082.1557,0
121767,479.20,16082.1557,16082.1557,0
121771,479.20,16082.1557,16082.1557,0
121772,479.21,16082.1557,16082.1557,0
121773,479.21,16082.1557,16082.1557,0
121779,479.22,16082.1557,16082.1557,0
121790,479.25,16082.1557,16082.1557,0
121806,479.32,16082.1557,16082.1557,0
121809,479.33,16082.1557,16082.1557,0
121811,479.34,16082.1557,16082.1557,0
121814,479.35,16082.1557,16082.1557,0
121818,479.36,16082.1557,16082.1557,0
121821,479.37,16082.1557,16082.1557,0
121825,479.38,16082.1557,16082.1557,0
121828,479.39,16082.1557,16082.1557,0
121842,479.43,16082.1557,16082.1557,0
121850,479.44,16082.1557,16082.1557,0
121852,479.45,16082.1557,16082.1557,0
121856,479.47,16082.1557,16082.1557,0
121858,479.48,16082.1557,16082.1557,0
121860,479.48,16082.1557,16082.1557,0
121863,479.49,16082.1557,16082.1557,0
121870,479.53,16082.1557,16082.1557,0
121873,479.54,16082.1557,16082.1557,0
121892,479.63,16082.1557,16082.1557,0
121894,479.63,16082.1557,16082.1557,0
121895,479.63,16082.1557,16082.1557,0
121898,479.64,16082.1557,16082.1557,0
121901,479.65,16082.1557,16082.1557,0
121904,479.66,16082.1557,16082.1557,0
121907,479.67,16082.1557,16082.1557,0
121913,479.69,16082.1557,16082.1557,0
121929,479.74,16082.1557,16082.1557,0
121930,479.74,16082.1557,16082.1557,0
121934,479.74,16082.1557,16082.1557,0
121937,479.75,16082.1557,16082.1557,0
121958,479.82,16082.1557,16082.1557,0
121960,479.82,16082.1557,16082.1557,0
121962,479.82,16082.1557,16082.1557,0
121968,479.84,16082.1557,16082.1557,0
121971,479.85,16082.1557,16082.1557,0
121972,479.85,16082.1557,16082.1557,0
121978,479.85,16082.1557,16082.1557,0
121980,479.86,16082.1557,16082.1557,0
121988,479.89,16082.1557,16082.1557,0
121997,479.91,16082.1557,16082.1557,0
122009,479.95,16082.1557,16082.1557,0
122011,479.95,16082.1557,16082.1557,1
122015,480.16,16049.2291,16082.1557,0
122019,480.26,16049.2291,16082.1557,0
122023,480.33,16082.1557,16082.1557,0
122026,480.34,16082.1557,16082.1557,0
122027,480.34,16082.1557,16082.1557,0
122031,480.35,16082.1557,16082.1557,0
122034,480.36,16082.1557,16082.1557,0
122035,480.36,16082.1557,16082.1557,0
122057,480.44,16082.1557,16082.1557,0
122059,480.45,16082.1557,16082.1557,0
122068,480.46,16082.1557,16082.1557,0
122076,480.50,16082.1557,16082.1557,0
122099,480.55,16082.1557,16082.1557,0
122102,480.55,16082.1557,16082.1557,0
122104,480.56,16082.1557,16082.1557,0
122105,480.56,16082.1557,16082.1557,0
122110,480.58,16082.1557,16082.1557,0
122112,480.59,16082.1557,16082.1557,0
122114,480.59,16082.1557,16082.1557,0
122115,480.59,16082.1557,16082.1557,0
122125,480.62,16082.1557,16082.1557,0
122130,480.63,16082.1557,16082.1557,0
122137,480.64,16082.1557,16082.1557,0
122146,480.68,16082.1557,16082.1557,0
122149,480.69,16082.1557,16082.1557,0
122161,480.75,16082.1557,16082.1557,0
122169,480.78,16082.1557,16082.1557,0
122181,480.82,16082.1557,16082.1557,0
122190,480.85,16082.1557,16082.1557,0
122194,480.87,16082.1557,16082.1557,0
122197,480.87,16082.1557,16082.1557,0
122199,480.87,16082.1557,16082.1557,0
122200,480.87,16082.1557,16082.1557,0
122203,480.87,16082.1557,16082.1557,0
122211,480.90,16082.1557,16082.1557,0
122212,480.90,16082.1557,16082.1557,0
122214,480.90,16082.1557,16082.1557,0
122215,480.90,16082.1557,16082.1557,0
122216,480.90,16082.1557,16082.1557,0
122221,480.92,16082.1557,16082.1557,0
122223,480.93,16082.1557,16082.1557,0
122224,480.93,16082.1557,16082.1557,0
122225,480.93,16082.1557,16082.1557,0
122236,480.99,16082.1557,16082.1557,0
122239,480.99,16082.1557,16082.1557,0
122240,480.99,16082.1557,16082.1557,0
122246,481.00,16082.1557,16082.1557,0
122249,481.00,16082.1557,16082.1557,0
122252,481.00,16082.1557,16082.1557,0
122253,481.01,16082.1557,16082.1557,0
122263,481.02,16082.1557,16082.1557,0
122266,481.04,16082.1557,16082.1557,0
122270,481.06,16082.1557,16082.1557,0
122277,481.07,16082.1557,16082.1557,0
122290,481.10,16082.1557,16082.1557,0
122291,481.10,16082.1557,16082.1557,0
122293,481.10,16082.1557,16082.1557,0
122294,481.10,16082.1557,16082.1557,0
122297,481.10,16082.1557,16082.1557,0
122298,481.10,16082.1557,16082.1557,0
122299,481.10,16082.1557,16082.1557,0
122305,481.13,16082.1557,16082.1557,0
122306,481.13,16082.1557,16082.1557,0
122310,481.14,16082.1557,16082.1557,0
122313,481.14,16082.1557,16082.1557,0
122315,481.15,16082.1557,16082.1557,0
122319,481.16,16082.1557,16082.1557,0
122322,481.16,16082.1557,16082.1557,0
122326,481.18,16082.1557,16082.1557,0
122334,481.20,16082.1557,16082.1557,0
122336,481.20,16082.1557,16082.1557,0
122338,481.20,16082.1557,16082.1557,0
122339,481.20,16082.1557,16082.1557,0
122344,481.23,16082.1557,16082.1557,0
122348,481.24,16082.1557,16082.1557,0
122349,481.24,16082.1557,16082.1557,0
122354,481.25,16082.1557,16082.1557,0
122355,481.25,16082.1557,16082.1557,0
122357,481.25,16082.1557,16082.1557,0
122358,481.25,16082.1557,16082.1557,0
122372,481.29,16082.1557,16082.1557,0
122381,481.31,16082.1557,16082.1557,0
122382,481.31,16082.1557,16082.1557,0
122383,481.31,16082.1557,16082.1557,0
122394,481.34,16082.1557,16082.1557,0
122400,481.36,16082.1557,16082.1557,0
122401,481.36,16082.1557,16082.1557,0
122402,481.36,16082.1557,16082.1557,0
122403,481.36,16082.1557,16082.1557,0
122405,481.37,16082.1557,16082.1557,0
122417,481.39,16082.1557,16082.1557,0
122419,481.40,16082.1557,16082.1557,0
122424,481.41,16082.1557,16082.1557,0
122425,481.41,16082.1557,16082.1557,0
122426,481.41,16082.1557,16082.1557,0
122430,481.42,16082.1557,16082.1557,0
122431,481.42,16082.1557,16082.1557,0
122438,481.45,16082.1557,16082.1557,0
122444,481.48,16082.1557,16082.1557,0
122446,481.48,16082.1557,16082.1557,0
122448,481.49,16082.1557,16082.1557,0
122449,481.49,16082.1557,16082.1557,0
122453,481.50,16082.1557,16082.1557,0
122457,481.51,16082.1557,16082.1557,0
122461,481.54,16082.1557,16082.1557,0
122464,481.54,16082.1557,16082.1557,0
122468,481.54,16082.1557,16082.1557,0
122482,481.60,16082.1557,16082.1557,0
122497,481.64,16082.1557,16082.1557,0
122505,481.67,16082.1557,16082.1557,0
122506,481.67,16082.1557,16082.1557,0
122513,481.69,16082.1557,16082.1557,0
122515,481.69,16082.1557,16082.1557,0
122519,481.70,16082.1557,16082.1557,0
122527,481.72,16082.1557,16082.1557,0
122532,481.72,16082.1557,16082.1557,0
122533,481.72,16082.1557,16082.1557,0
122537,481.75,16082.1557,16082.1557,0
122538,481.75,16082.1557,16082.1557,0
122539,481.75,16082.1557,16082.1557,0
122544,481.76,16082.1557,16082.1557,0
122551,481.78,16082.1557,16082.1557,0
122559,481.80,16082.1557,16082.1557,0
122566,481.83,16082.1557,16082.1557,0
122567,481.83,16082.1557,16082.1557,0
122569,481.83,16082.1557,16082.1557,0
122572,481.86,16082.1557,16082.1557,0
122575,481.88,16082.1557,16082.1557,0
122581,481.88,16082.1557,16082.1557,0
122583,481.89,16082.1557,16082.1557,0
122585,481.89,16082.1557,16082.1557,0
122586,481.89,16082.1557,16082.1557,0
122591,481.90,16082.1557,16082.1557,0
122598,481.92,16082.1557,16082.1557,0
122601,481.93,16082.1557,16082.1557,0
122608,481.97,16082.1557,16082.1557,0
122609,481.97,16082.1557,16082.1557,0
122611,481.97,16082.1557,16082.1557,0
122619,481.99,16082.1557,16082.1557,0
122620,482.00,16082.1557,16082.1557,0
122623,482.01,16082.1557,16082.1557,0
122628,482.02,16082.1557,16082.1557,0
122630,482.03,16082.1557,16082.1557,0
122631,482.03,16082.1557,16082.1557,0
122632,482.03,16082.1557,16082.1557,0
122636,482.05,16082.1557,16082.1557,0
122637,482.05,16082.1557,16082.1557,0
122640,482.06,16082.1557,16082.1557,0
122649,482.08,16082.1557,16082.1557,0
122659,482.11,16082.1557,16082.1557,0
122660,482.11,16082.1557,16082.1557,0
122662,482.11,16082.1557,16082.1557,0
122663,482.11,16082.1557,16082.1557,0
122664,482.11,16082.1557,16082.1557,0
122669,482.12,16082.1557,16082.1557,0
122670,482.12,16082.1557,16082.1557,0
122677,482.13,16082.1557,16082.1557,0
122689,482.19,16082.1557,16082.1557,0
122694,482.19,16082.1557,16082.1557,0
122695,482.19,16082.1557,16082.1557,0
122700,482.20,16082.1557,16082.1557,0
122703,482.20,16082.1557,16082.1557,0
122705,482.21,16082.1557,16082.1557,0
122706,482.21,16082.1557,16082.1557,0
122710,482.22,16082.1557,16082.1557,0
122713,482.22,16082.1557,16082.1557,0
122716,482.23,16082.1557,16082.1557,0
122719,482.24,16082.1557,16082.1557,0
122725,482.27,16082.1557,16082.1557,0
122740,482.33,16082.1557,16082.1557,0
122741,482.33,16082.1557,16082.1557,0
122745,482.34,16082.1557,16082.1557,0
122747,482.34,16082.1557,16082.1557,0
122757,482.37,16082.1557,16082.1557,0
122760,482.38,16082.1557,16082.1557,0
122762,482.38,16082.1557,16082.1557,0
122764,482.40,16082.1557,16082.1557,0
122766,482.40,16082.1557,16082.1557,0
122769,482.40,16082.1557,16082.1557,0
122774,482.41,16082.1557,16082.1557,0
122778,482.42,16082.1557,16082.1557,0
122779,482.42,16082.1557,16082.1557,0
122781,482.42,16082.1557,16082.1557,0
122788,482.45,16082.1557,16082.1557,0
122790,482.45,16082.1557,16082.1557,0
122797,482.47,16082.1557,16082.1557,0
122799,482.47,16082.1557,16082.1557,0
122801,482.47,16082.1557,16082.1557,0
122805,482.49,16082.1557,16082.1557,0
122808,482.50,16082.1557,16082.1557,0
122809,482.50,16082.1557,16082.1557,0
122817,482.51,16082.1557,16082.1557,0
122822,482.53,16082.1557,16082.1557,0
122823,482.53,16082.1557,16082.1557,0
122827,482.53,16082.1557,16082.1557,0
122833,482.56,16082.1557,16082.1557,0
122838,482.59,16082.1557,16082.1557,0
122840,482.59,16082.1557,16082.1557,0
122846,482.60,16082.1557,16082.1557,0
122847,482.60,16082.1557,16082.1557,0
122848,482.60,16082.1557,16082.1557,0
122858,482.64,16082.1557,16082.1557,0
122866,482.67,16082.1557,16082.1557,0
122870,482.69,16082.1557,16082.1557,0
122874,482.69,16082.1557,16082.1557,0
122875,482.69,16082.1557,16082.1557,0
122877,482.70,16082.1557,16082.1557,0
122878,482.70,16082.1557,16082.1557,0
122879,482.70,16082.1557,16082.1557,0
122887,482.72,16082.1557,16082.1557,0
122893,482.76,16082.1557,16082.1557,0
122894,482.76,16082.1557,16082.1557,0
122899,482.78,16082.1557,16082.1557,0
122903,482.79,16082.1557,16082.1557,0
122907,482.80,16082.1557,16082.1557,0
122910,482.81,16082.1557,16082.1557,0
122913,482.84,16082.1557,16082.1557,0
122916,482.84,16082.1557,16082.1557,0
122920,482.87,16082.1557,16082.1557,0
122924,482.88,16082.1557,16082.1557,0
122932,482.91,16082.1557,16082.1557,0
122933,482.91,16082.1557,16082.1557,0
122948,482.98,16082.1557,16082.1557,0
122956,483.01,16082.1557,16082.1557,0
122957,483.01,16082.1557,16082.1557,0
122958,483.01,16082.1557,16082.1557,0
122967,483.05,16082.1557,16082.1557,0
122971,483.05,16082.1557,16082.1557,0
122976,483.09,16082.1557,16082.1557,0
122978,483.10,16082.1557,16082.1557,0
122983,483.11,16082.1557,16082.1557,0
122984,483.11,16082.1557,16082.1557,0
122986,483.13,16082.1557,16082.1557,0
122988,483.13,16082.1557,16082.1557,0
122990,483.13,16082.1557,16082.1557,0
122996,483.16,16082.1557,16082.1557,0
123001,483.17,16082.1557,16082.1557,0
123002,483.17,16082.1557,16082.1557,0
123008,483.19,16082.1557,16082.1557,0
123011,483.20,16082.1557,16082.1557,0
123013,483.20,16082.1557,16082.1557,0
123015,483.20,16082.1557,16082.1557,0
123025,483.24,16082.1557,16082.1557,0
123027,483.25,16082.1557,16082.1557,0
123032,483.26,16082.1557,16082.1557,0
123034,483.26,16082.1557,16082.1557,0
123037,483.26,16082.1557,16082.1557,0
123042,483.29,16082.1557,16082.1557,0
123048,483.31,16082.1557,16082.1557,0
123055,483.34,16082.1557,16082.1557,0
123059,483.34,16082.1557,16082.1557,0
123064,483.36,16082.1557,16082.1557,0
123068,483.37,16082.1557,16082.1557,0
123078,483.42,16082.1557,16082.1557,0
123084,483.43,16082.1557,16082.1557,0
123086,483.43,16082.1557,16082.1557,0
123097,483.49,16082.1557,16082.1557,0
123101,483.49,16082.1557,16082.1557,0
123109,483.54,16082.1557,16082.1557,0
123110,483.54,16082.1557,16082.1557,0
123111,483.54,16082.1557,16082.1557,0
123113,483.55,16082.1557,16082.1557,0
123115,483.56,16082.1557,16082.1557,0
123124,483.60,16082.1557,16082.1557,0
123125,483.60,16082.1557,16082.1557,0
123129,483.64,16082.1557,16082.1557,0
123130,483.64,16082.1557,16082.1557,0
123133,483.65,16082.1557,16082.1557,0
123135,483.65,16082.1557,16082.1557,0
123144,483.67,16082.1557,16082.1557,0
123150,483.68,16082.1557,16082.1557,0
123162,483.77,16082.1557,16082.1557,0
123165,483.77,16082.1557,16082.1557,0
123167,483.78,16082.1557,16082.1557,0
123171,483.79,16082.1557,16082.1557,0
123175,483.81,16082.1557,16082.1557,0
123182,483.84,16082.1557,16082.1557,0
123189,483.87,16082.1557,16082.1557,0
123197,483.89,16082.1557,16082.1557,0
123200,483.90,16082.1557,16082.1557,0
123202,483.91,16082.1557,16082.1557,0
123206,483.91,16082.1557,16082.1557,0
123213,483.94,16082.1557,16082.1557,0
123216,483.94,16082.1557,16082.1557,0
123218,483.94,16082.1557,16082.1557,0
123221,483.96,16082.1557,16082.1557,0
123237,484.01,16082.1557,16082.1557,0
123243,484.02,16082.1557,16082.1557,0
123245,484.03,16082.1557,16082.1557,0
123256,484.05,16082.1557,16082.1557,0
123262,484.06,16082.1557,16082.1557,0
123265,484.07,16082.1557,16082.1557,0
123268,484.08,16082.1557,16082.1557,0
123272,484.10,16082.1557,16082.1557,0
123277,484.12,16082.1557,16082.1557,0
123285,484.14,16082.1557,16082.1557,0
123286,484.14,16082.1557,16082.1557,0
123294,484.15,16082.1557,16082.1557,0
123301,484.17,16082.1557,16082.1557,0
123303,484.17,16082.1557,16082.1557,0
123306,484.17,16082.1557,16082.1557,0
123311,484.18,16082.1557,16082.1557,0
123320,484.22,16082.1557,16082.1557,0
123321,484.22,16082.1557,16082.1557,0
123336,484.29,16082.1557,16082.1557,0
123337,484.29,16082.1557,16082.1557,0
123339,484.29,16082.1557,16082.1557,0
123343,484.32,16082.1557,16082.1557,0
123344,484.32,16082.1557,16082.1557,0
123345,484.32,16082.1557,16082.1557,0
123348,484.32,16082.1557,16082.1557,0
123351,484.33,16082.1557,16082.1557,0
123353,484.34,16082.1557,16082.1557,0
123357,484.34,16082.1557,16082.1557,0
123359,484.35,16082.1557,16082.1557,0
123366,484.36,16082.1557,16082.1557,0
123372,484.40,16082.1557,16082.1557,0
123373,484.40,16082.1557,16082.1557,0
123374,484.40,16082.1557,16082.1557,0
123376,484.40,16082.1557,16082.1557,0
123381,484.42,16082.1557,16082.1557,0
123383,484.42,16082.1557,16082.1557,0
123386,484.43,16082.1557,16082.1557,0
123393,484.46,16082.1557,16082.1557,0
123397,484.47,16082.1557,16082.1557,0
123405,484.49,16082.1557,16082.1557,0
123407,484.50,16082.1557,16082.1557,0
123409,484.50,16082.1557,16082.1557,0
123411,484.51,16082.1557,16082.1557,0
123412,484.51,16082.1557,16082.1557,0
123413,484.51,16082.1557,16082.1557,0
123415,484.51,16082.1557,16082.1557,0
123427,484.55,16082.1557,16082.1557,0
123428,484.55,16082.1557,16082.1557,0
123431,484.56,16082.1557,16082.1557,0
123445,484.62,16082.1557,16082.1557,0
123450,484.63,16082.1557,16082.1557,0
123451,484.63,16082.1557,16082.1557,0
123454,484.64,16082.1557,16082.1557,0
123464,484.69,16082.1557,16082.1557,0
123466,484.70,16082.1557,16082.1557,0
123469,484.70,16082.1557,16082.1557,0
123470,484.70,16082.1557,16082.1557,0
123472,484.70,16082.1557,16082.1557,0
123479,484.74,16082.1557,16082.1557,0
123484,484.74,16082.1557,16082.1557,0
123499,484.79,16082.1557,16082.1557,0
123510,484.82,16082.1557,16082.1557,0
123512,484.82,16082.1557,16082.1557,0
123514,484.83,16082.1557,16082.1557,0
123519,484.84,16082.1557,16082.1557,0
123526,484.85,16082.1557,16082.1557,0
123540,484.88,16082.1557,16082.1557,0
123548,484.91,16082.1557,16082.1557,0
123556,484.93,16082.1557,16082.1557,0
123557,484.93,16082.1557,16082.1557,0
123559,484.93,16082.1557,16082.1557,0
123562,484.93,16082.1557,16082.1557,0
123563,484.93,16082.1557,16082.1557,0
123565,484.94,16082.1557,16082.1557,0
123566,484.94,16082.1557,16082.1557,0
123568,484.94,16082.1557,16082.1557,0
123569,484.94,16082.1557,16082.1557,0
123570,484.94,16082.1557,16082.1557,0
123573,484.95,16082.1557,16082.1557,0
123581,484.98,16082.1557,16082.1557,0
123583,484.98,16082.1557,16082.1557,0
123587,484.99,16082.1557,16082.1557,0
123594,485.01,16082.1557,16082.1557,0
123595,485.01,16082.1557,16082.1557,0
123596,485.01,16082.1557,16082.1557,0
123599,485.02,16082.1557,16082.1557,0
123600,485.02,16082.1557,16082.1557,0
123604,485.03,16082.1557,16082.1557,0
123605,485.03,16082.1557,16082.1557,0
123606,485.03,16082.1557,16082.1557,0
123611,485.03,16082.1557,16082.1557,0
123615,485.05,16082.1557,16082.1557,0
123618,485.07,16082.1557,16082.1557,0
123619,485.07,16082.1557,16082.1557,0
123622,485.07,16082.1557,16082.1557,0
123624,485.07,16082.1557,16082.1557,0
123639,485.14,16082.1557,16082.1557,0
123646,485.16,16082.1557,16082.1557,0
123647,485.16,16082.1557,16082.1557,0
123649,485.17,16082.1557,16082.1557,0
123650,485.17,16082.1557,16082.1557,0
123668,485.25,16082.1557,16082.1557,0
123671,485.26,16082.1557,16082.1557,0
123672,485.26,16082.1557,16082.1557,0
123673,485.26,16082.1557,16082.1557,0
123674,485.26,16082.1557,16082.1557,0
123677,485.28,16082.1557,16082.1557,0
123679,485.28,16082.1557,16082.1557,0
123681,485.30,16082.1557,16082.1557,0
123684,485.31,16082.1557,16082.1557,0
123685,485.31,16082.1557,16082.1557,0
123686,485.31,16082.1557,16082.1557,0
123695,485.34,16082.1557,16082.1557,0
123696,485.34,16082.1557,16082.1557,0
123701,485.36,16082.1557,16082.1557,0
123708,485.38,16082.1557,16082.1557,0
123715,485.39,16082.1557,16082.1557,0
123717,485.39,16082.1557,16082.1557,0
123718,485.39,16082.1557,16082.1557,0
123719,485.40,16082.1557,16082.1557,0
123722,485.41,16082.1557,16082.1557,0
123723,485.41,16082.1557,16082.1557,0
123727,485.43,16082.1557,16082.1557,0
123728,485.43,16082.1557,16082.1557,0
123729,485.43,16082.1557,16082.1557,0
123733,485.43,16082.1557,16082.1557,0
123735,485.44,16082.1557,16082.1557,0
123737,485.44,16082.1557,16082.1557,0
123738,485.45,16082.1557,16082.1557,0
123743,485.47,16082.1557,16082.1557,0
123749,485.48,16082.1557,16082.1557,0
123750,485.48,16082.1557,16082.1557,0
123756,485.49,16082.1557,16082.1557,0
123758,485.49,16082.1557,16082.1557,0
123760,485.50,16082.1557,16082.1557,0
123761,485.50,16082.1557,16082.1557,0
123766,485.51,16082.1557,16082.1557,0
123767,485.51,16082.1557,16082.1557,0
123771,485.52,16082.1557,16082.1557,0
123773,485.52,16082.1557,16082.1557,0
123779,485.54,16082.1557,16082.1557,0
123782,485.55,16082.1557,16082.1557,0
123791,485.58,16082.1557,16082.1557,0
123796,485.60,16082.1557,16082.1557,0
123798,485.60,16082.1557,16082.1557,0
123804,485.62,16082.1557,16082.1557,0
123812,485.64,16082.1557,16082.1557,0
123815,485.64,16082.1557,16082.1557,0
123817,485.65,16082.1557,16082.1557,0
123819,485.65,16082.1557,16082.1557,0
123820,485.65,16082.1557,16082.1557,0
123821,485.65,16082.1557,16082.1557,0
123831,485.69,16082.1557,16082.1557,0
123837,485.72,16082.1557,16082.1557,0
123838,485.72,16082.1557,16082.1557,0
123843,485.73,16082.1557,16082.1557,0
123845,485.73,16082.1557,16082.1557,0
123851,485.75,16082.1557,16082.1557,0
123866,485.79,16082.1557,16082.1557,0
123867,485.79,16082.1557,16082.1557,0
123868,485.79,16082.1557,16082.1557,0
123873,485.81,16082.1557,16082.1557,0
123874,485.81,16082.1557,16082.1557,0
123876,485.81,16082.1557,16082.1557,0
123878,485.82,16082.1557,16082.1557,0
123879,485.82,16082.1557,16082.1557,0
123887,485.85,16082.1557,16082.1557,0
123893,485.87,16082.1557,16082.1557,0
123905,485.90,16082.1557,16082.1557,0
123909,485.92,16082.1557,16082.1557,0
123912,485.94,16082.1557,16082.1557,0
123914,485.94,16082.1557,16082.1557,0
123919,485.96,16082.1557,16082.1557,0
123920,485.96,16082.1557,16082.1557,0
123921,485.96,16082.1557,16082.1557,0
123922,485.96,16082.1557,16082.1557,0
123927,485.97,16082.1557,16082.1557,0
123928,485.97,16082.1557,16082.1557,0
123938,486.02,16082.1557,16082.1557,0
123940,486.03,16082.1557,16082.1557,0
123941,486.03,16082.1557,16082.1557,0
123942,486.03,16082.1557,16082.1557,0
123943,486.03,16082.1557,16082.1557,0
123947,486.04,16082.1557,16082.1557,0
123953,486.06,16082.1557,16082.1557,0
123964,486.08,16082.1557,16082.1557,0
123972,486.10,16082.1557,16082.1557,0
123973,486.10,16082.1557,16082.1557,0
123980,486.12,16082.1557,16082.1557,0
123987,486.15,16082.1557,16082.1557,0
123997,486.17,16082.1557,16082.1557,0
123998,486.17,16082.1557,16082.1557,0
124006,486.19,16082.1557,16082.1557,0
124011,486.20,16082.1557,16082.1557,0
124019,486.23,16082.1557,16082.1557,0
124024,486.26,16082.1557,16082.1557,0
124028,486.26,16082.1557,16082.1557,0
124036,486.28,16082.1557,16082.1557,0
124037,486.28,16082.1557,16082.1557,0
124043,486.29,16082.1557,16082.1557,0
124049,486.30,16082.1557,16082.1557,0
124056,486.31,16082.1557,16082.1557,0
124058,486.32,16082.1557,16082.1557,0
124059,486.32,16082.1557,16082.1557,0
124060,486.32,16082.1557,16082.1557,0
124061,486.32,16082.1557,16082.1557,0
124062,486.32,16082.1557,16082.1557,0
124063,486.32,16082.1557,16082.1557,0
124066,486.32,16082.1557,16082.1557,0
124071,486.34,16082.1557,16082.1557,0
124091,486.41,16082.1557,16082.1557,0
124092,486.41,16082.1557,16082.1557,0
124097,486.41,16082.1557,16082.1557,0
124099,486.41,16082.1557,16082.1557,0
124103,486.43,16082.1557,16082.1557,0
124105,486.43,16082.1557,16082.1557,0
124106,486.43,16082.1557,16082.1557,0
124118,486.46,16082.1557,16082.1557,0
124125,486.49,16082.1557,16082.1557,0
124130,486.51,16082.1557,16082.1557,0
124134,486.52,16082.1557,16082.1557,0
124136,486.52,16082.1557,16082.1557,0
124138,486.53,16082.1557,16082.1557,0
124153,486.59,16082.1557,16082.1557,0
124158,486.60,16082.1557,16082.1557,0
124166,486.62,16082.1557,16082.1557,0
124173,486.64,16082.1557,16082.1557,0
124180,486.67,16082.1557,16082.1557,0
124184,486.67,16082.1557,16082.1557,0
124185,486.68,16082.1557,16082.1557,0
124201,486.75,16082.1557,16082.1557,0
124202,486.75,16082.1557,16082.1557,0
124205,486.76,16082.1557,16082.1557,0
124218,486.79,16082.1557,16082.1557,0
124219,486.79,16082.1557,16082.1557,0
124222,486.80,16082.1557,16082.1557,0
124228,486.81,16082.1557,16082.1557,0
124243,486.87,16082.1557,16082.1557,0
124245,486.87,16082.1557,16082.1557,0
124248,486.88,16082.1557,16082.1557,0
124252,486.88,16082.1557,16082.1557,0
124253,486.88,16082.1557,16082.1557,0
124263,486.92,16082.1557,16082.1557,0
124264,486.92,16082.1557,16082.1557,0
124268,486.93,16082.1557,16082.1557,0
124270,486.93,16082.1557,16082.1557,0
124271,486.94,16082.1557,16082.1557,0
124275,486.95,16082.1557,16082.1557,0
124282,486.96,16082.1557,16082.1557,0
124294,487.00,16082.1557,16082.1557,0
124295,487.00,16082.1557,16082.1557,0
124297,487.00,16082.1557,16082.1557,0
124298,487.00,16082.1557,16082.1557,0
124302,487.01,16082.1557,16082.1557,0
124307,487.04,16082.1557,16082.1557,0
124309,487.04,16082.1557,16082.1557,0
124310,487.04,16082.1557,16082.1557,0
124314,487.05,16082.1557,16082.1557,0
124319,487.07,16082.1557,16082.1557,0
124330,487.10,16082.1557,16082.1557,0
124336,487.12,16082.1557,16082.1557,0
124339,487.12,16082.1557,16082.1557,0
124344,487.14,16082.1557,16082.1557,0
124351,487.15,16082.1557,16082.1557,0
124359,487.17,16082.1557,16082.1557,0
124362,487.17,16082.1557,16082.1557,0
124367,487.19,16082.1557,16082.1557,0
124369,487.19,16082.1557,16082.1557,0
124370,487.19,16082.1557,16082.1557,0
124371,487.19,16082.1557,16082.1557,0
124374,487.20,16082.1557,16082.1557,0
124378,487.21,16082.1557,16082.1557,0
124384,487.22,16082.1557,16082.1557,0
124393,487.26,16082.1557,16082.1557,0
124412,487.31,16082.1557,16082.1557,0
124413,487.31,16082.1557,16082.1557,0
124415,487.32,16082.1557,16082.1557,0
124417,487.32,16082.1557,16082.1557,0
124421,487.32,16082.1557,16082.1557,0
124426,487.35,16082.1557,16082.1557,0
124431,487.36,16082.1557,16082.1557,0
124439,487.38,16082.1557,16082.1557,0
124440,487.38,16082.1557,16082.1557,0
124441,487.38,16082.1557,16082.1557,0
124447,487.40,16082.1557,16082.1557,0
124453,487.42,16082.1557,16082.1557,0
124456,487.43,16082.1557,16082.1557,0
124463,487.45,16082.1557,16082.1557,0
124464,487.45,16082.1557,16082.1557,0
124470,487.46,16082.1557,16082.1557,0
124473,487.46,16082.1557,16082.1557,0
124474,487.46,16082.1557,16082.1557,0
124475,487.46,16082.1557,16082.1557,0
124477,487.47,16082.1557,16082.1557,0
124482,487.48,16082.1557,16082.1557,0
124483,487.48,16082.1557,16082.1557,0
124484,487.48,16082.1557,16082.1557,0
124502,487.54,16082.1557,16082.1557,0
124503,487.54,16082.1557,16082.1557,0
124504,487.54,16082.1557,16082.1557,0
124513,487.58,16082.1557,16082.1557,0
124514,487.58,16082.1557,16082.1557,0
124515,487.58,16082.1557,16082.1557,0
124530,487.62,16082.1557,16082.1557,0
124536,487.64,16082.1557,16082.1557,0
124542,487.68,16082.1557,16082.1557,0
124550,487.71,16082.1557,16082.1557,0
124559,487.76,16082.1557,16082.1557,0
124563,487.77,16082.1557,16082.1557,0
124564,487.77,16082.1557,16082.1557,0
124569,487.79,16082.1557,16082.1557,0
124573,487.81,16082.1557,16082.1557,0
124585,487.83,16082.1557,16082.1557,0
124586,487.83,16082.1557,16082.1557,0
124591,487.85,16082.1557,16082.1557,0
124594,487.86,16082.1557,16082.1557,0
124595,487.86,16082.1557,16082.1557,0
124601,487.87,16082.1557,16082.1557,0
124603,487.89,16082.1557,16082.1557,0
124612,487.94,16082.1557,16082.1557,0
124614,487.94,16082.1557,16082.1557,0
124616,487.94,16082.1557,16082.1557,0
124628,487.99,16082.1557,16082.1557,0
124635,488.03,16082.1557,16082.1557,0
124642,488.04,16082.1557,16082.1557,0
124644,488.05,16082.1557,16082.1557,0
124645,488.05,16082.1557,16082.1557,0
124647,488.05,16082.1557,16082.1557,0
124649,488.06,16082.1557,16082.1557,0
124665,488.13,16082.1557,16082.1557,0
124667,488.14,16082.1557,16082.1557,0
124668,488.14,16082.1557,16082.1557,0
124672,488.14,16082.1557,16082.1557,0
124675,488.15,16082.1557,16082.1557,0
124686,488.18,16082.1557,16082.1557,0
124703,488.26,16082.1557,16082.1557,0
124707,488.27,16082.1557,16082.1557,0
124709,488.28,16082.1557,16082.1557,0
124720,488.34,16082.1557,16082.1557,0
124722,488.34,16082.1557,16082.1557,0
124724,488.35,16082.1557,16082.1557,0
124725,488.35,16082.1557,16082.1557,0
124726,488.35,16082.1557,16082.1557,0
124732,488.37,16082.1557,16082.1557,0
124735,488.37,16082.1557,16082.1557,0
124739,488.39,16082.1557,16082.1557,0
124741,488.39,16082.1557,16082.1557,0
124744,488.40,16082.1557,16082.1557,0
124746,488.40,16082.1557,16082.1557,0
124748,488.40,16082.1557,16082.1557,0
124751,488.41,16082.1557,16082.1557,0
124753,488.41,16082.1557,16082.1557,0
124754,488.41,16082.1557,16082.1557,0
124756,488.42,16082.1557,16082.1557,0
124760,488.42,16082.1557,16082.1557,0
124766,488.45,16082.1557,16082.1557,0
124771,488.48,16082.1557,16082.1557,0
124778,488.51,16082.1557,16082.1557,0
124779,488.51,16082.1557,16082.1557,0
124786,488.51,16082.1557,16082.1557,0
124797,488.55,16082.1557,16082.1557,0
124806,488.56,16082.1557,16082.1557,0
124814,488.58,16082.1557,16082.1557,0
124816,488.58,16082.1557,16082.1557,0
124817,488.58,16082.1557,16082.1557,0
124818,488.59,16082.1557,16082.1557,0
124819,488.59,16082.1557,16082.1557,0
124821,488.60,16082.1557,16082.1557,0
124822,488.60,16082.1557,16082.1557,0
124825,488.61,16082.1557,16082.1557,0
124828,488.62,16082.1557,16082.1557,0
124833,488.62,16082.1557,16082.1557,0
124839,488.64,16082.1557,16082.1557,0
124846,488.65,16082.1557,16082.1557,0
124851,488.66,16082.1557,16082.1557,0
124856,488.68,16082.1557,16082.1557,0
124863,488.70,16082.1557,16082.1557,0
124868,488.72,16082.1557,16082.1557,0
124869,488.72,16082.1557,16082.1557,0
124873,488.72,16082.1557,16082.1557,0
124877,488.74,16082.1557,16082.1557,0
124878,488.74,16082.1557,16082.1557,0
124882,488.76,16082.1557,16082.1557,0
124883,488.76,16082.1557,16082.1557,0
124888,488.80,16082.1557,16082.1557,0
124891,488.82,16082.1557,16082.1557,0
124894,488.82,16082.1557,16082.1557,0
124895,488.82,16082.1557,16082.1557,0
124898,488.83,16082.1557,16082.1557,0
124901,488.85,16082.1557,16082.1557,0
124903,488.85,16082.1557,16082.1557,0
124904,488.85,16082.1557,16082.1557,0
124909,488.86,16082.1557,16082.1557,0
124911,488.86,16082.1557,16082.1557,0
124913,488.87,16082.1557,16082.1557,0
124922,488.89,16082.1557,16082.1557,0
124937,488.93,16082.1557,16082.1557,0
124938,488.93,16082.1557,16082.1557,0
124947,488.96,16082.1557,16082.1557,0
124954,488.99,16082.1557,16082.1557,0
124955,489.00,16082.1557,16082.1557,0
124959,489.00,16082.1557,16082.1557,0
124960,489.00,16082.1557,16082.1557,0
124965,489.02,16082.1557,16082.1557,0
124973,489.04,16082.1557,16082.1557,0
124975,489.04,16082.1557,16082.1557,0
124986,489.07,16082.1557,16082.1557,0
124989,489.09,16082.1557,16082.1557,0
124994,489.09,16082.1557,16082.1557,0
124997,489.10,16082.1557,16082.1557,0
124999,489.10,16082.1557,16082.1557,0
125005,489.12,16082.1557,16082.1557,0
125010,489.13,16082.1557,16082.1557,0
125013,489.15,16082.1557,16082.1557,0
125018,489.16,16082.1557,16082.1557,0
125019,489.16,16082.1557,16082.1557,0
125023,489.16,16082.1557,16082.1557,0
125024,489.16,16082.1557,16082.1557,1
125025,489.26,16039.6004,16082.1557,0
125029,489.36,16039.6004,16082.1557,0
125033,489.45,16039.6004,16082.1557,0
125034,489.49,16039.6004,16082.1557,0
125036,489.56,16039.6004,16082.1557,0
125037,489.58,16069.8286,16082.1557,0
125038,489.61,16069.8286,16082.1557,0
125039,489.63,16102.2411,16102.2411,0
125044,489.76,16102.2411,16102.2411,0
125045,489.78,16102.2411,16102.2411,0
125049,489.87,16102.2411,16102.2411,0
125052,489.90,16102.2411,16102.2411,0
125055,489.95,16102.2411,16102.2411,0
125056,489.97,16102.2411,16102.2411,0
125059,490.01,16102.2411,16102.2411,0
125060,490.05,16102.2411,16102.2411,0
125063,490.05,16102.2411,16102.2411,0
125064,490.05,16102.2411,16102.2411,0
125065,490.06,16102.2411,16102.2411,0
125066,490.06,16102.2411,16102.2411,0
125067,490.06,16102.2411,16102.2411,0
125068,490.06,16102.2411,16102.2411,0
125069,490.08,16102.2411,16102.2411,0
125075,490.12,16102.2411,16102.2411,0
125077,490.16,16102.2411,16102.2411,0
125083,490.20,16102.2411,16102.2411,0
125084,490.20,16102.2411,16102.2411,0
125085,490.20,16102.2411,16102.2411,0
125086,490.20,16102.2411,16102.2411,0
125090,490.21,16102.2411,16102.2411,0
125093,490.21,16102.2411,16102.2411,0
125099,490.23,16102.2411,16102.2411,0
125100,490.23,16102.2411,16102.2411,0
125104,490.29,16102.2411,16102.2411,0
125105,490.29,16102.2411,16102.2411,0
125109,490.33,16102.2411,16102.2411,0
125113,490.35,16102.2411,16102.2411,0
125116,490.39,16102.2411,16102.2411,0
125120,490.39,16102.2411,16102.2411,0
125121,490.39,16102.2411,16102.2411,0
125126,490.41,16102.2411,16102.2411,0
125129,490.41,16102.2411,16102.2411,0
125138,490.42,16102.2411,16102.2411,0
125140,490.42,16102.2411,16102.2411,0
125143,490.43,16102.2411,16102.2411,0
125145,490.43,16102.2411,16102.2411,0
125149,490.43,16102.2411,16102.2411,0
125155,490.44,16102.2411,16102.2411,0
125163,490.46,16102.2411,16102.2411,0
125165,490.46,16102.2411,16102.2411,0
125166,490.46,16102.2411,16102.2411,0
125167,490.46,16102.2411,16102.2411,0
125168,490.50,16102.2411,16102.2411,0
125170,490.50,16102.2411,16102.2411,0
125187,490.57,16102.2411,16102.2411,0
125191,490.60,16102.2411,16102.2411,0
125193,490.60,16102.2411,16102.2411,0
125199,490.63,16102.2411,16102.2411,0
125200,490.64,16102.2411,16102.2411,0
125205,490.66,16102.2411,16102.2411,0
125207,490.67,16102.2411,16102.2411,0
125216,490.68,16102.2411,16102.2411,0
125217,490.69,16102.2411,16102.2411,0
125224,490.73,16102.2411,16102.2411,0
125231,490.76,16102.2411,16102.2411,0
125232,490.76,16102.2411,16102.2411,0
125233,490.76,16102.2411,16102.2411,0
125238,490.78,16102.2411,16102.2411,0
125240,490.78,16102.2411,16102.2411,0
125241,490.78,16102.2411,16102.2411,0
125242,490.78,16102.2411,16102.2411,0
125243,490.79,16102.2411,16102.2411,0
125245,490.79,16102.2411,16102.2411,0
125248,490.80,16102.2411,16102.2411,0
125251,490.80,16102.2411,16102.2411,0
125254,490.81,16102.2411,16102.2411,0
125258,490.81,16102.2411,16102.2411,0
125260,490.81,16102.2411,16102.2411,0
125264,490.82,16102.2411,16102.2411,0
125265,490.82,16102.2411,16102.2411,0
125267,490.82,16102.2411,16102.2411,0
125276,490.85,16102.2411,16102.2411,0
125285,490.89,16102.2411,16102.2411,0
125287,490.89,16102.2411,16102.2411,0
125291,490.90,16102.2411,16102.2411,0
125293,490.90,16102.2411,16102.2411,0
125294,490.90,16102.2411,16102.2411,0
125295,490.90,16102.2411,16102.2411,0
125297,490.91,16102.2411,16102.2411,0
125300,490.91,16102.2411,16102.2411,0
125306,490.92,16102.2411,16102.2411,0
125307,490.92,16102.2411,16102.2411,0
125308,490.92,16102.2411,16102.2411,0
125312,490.92,16102.2411,16102.2411,0
125315,490.94,16102.2411,16102.2411,0
125316,490.94,16102.2411,16102.2411,0
125317,490.94,16102.2411,16102.2411,0
125322,490.95,16102.2411,16102.2411,0
125324,490.95,16102.2411,16102.2411,0
125328,490.96,16102.2411,16102.2411,0
125331,490.98,16102.2411,16102.2411,0
125334,491.00,16102.2411,16102.2411,0
125338,491.01,16102.2411,16102.2411,0
125340,491.01,16102.2411,16102.2411,0
125345,491.03,16102.2411,16102.2411,0
125347,491.04,16102.2411,16102.2411,0
125348,491.04,16102.2411,16102.2411,0
125352,491.06,16102.2411,16102.2411,0
125356,491.07,16102.2411,16102.2411,0
125367,491.10,16102.2411,16102.2411,0
125371,491.11,16102.2411,16102.2411,0
125375,491.13,16102.2411,16102.2411,0
125377,491.13,16102.2411,16102.2411,0
125378,491.13,16102.2411,16102.2411,0
125379,491.13,16102.2411,16102.2411,0
125380,491.13,16102.2411,16102.2411,0
125381,491.14,16102.2411,16102.2411,0
125386,491.15,16102.2411,16102.2411,0
125388,491.21,16102.2411,16102.2411,0
125395,491.23,16102.2411,16102.2411,0
125396,491.23,16102.2411,16102.2411,0
125399,491.24,16102.2411,16102.2411,0
125402,491.25,16102.2411,16102.2411,0
125405,491.26,16102.2411,16102.2411,0
125406,491.26,16102.2411,16102.2411,0
125407,491.26,16102.2411,16102.2411,0
125411,491.28,16102.2411,16102.2411,0
125412,491.28,16102.2411,16102.2411,0
125413,491.28,16102.2411,16102.2411,0
125414,491.28,16102.2411,16102.2411,0
125417,491.30,16102.2411,16102.2411,0
125418,491.30,16102.2411,16102.2411,0
125425,491.32,16102.2411,16102.2411,0
125432,491.34,16102.2411,16102.2411,0
125433,491.34,16102.2411,16102.2411,0
125436,491.34,16102.2411,16102.2411,0
125441,491.37,16102.2411,16102.2411,0
125442,491.37,16102.2411,16102.2411,0
125448,491.39,16102.2411,16102.2411,0
125452,491.41,16102.2411,16102.2411,0
125454,491.42,16102.2411,16102.2411,0
125463,491.43,16102.2411,16102.2411,0
125468,491.46,16102.2411,16102.2411,0
125470,491.48,16102.2411,16102.2411,0
125473,491.49,16102.2411,16102.2411,0
125475,491.49,16102.2411,16102.2411,0
125477,491.49,16102.2411,16102.2411,0
125478,491.50,16102.2411,16102.2411,0
125480,491.50,16102.2411,16102.2411,0
125493,491.53,16102.2411,16102.2411,0
125498,491.57,16102.2411,16102.2411,0
125501,491.57,16102.2411,16102.2411,0
125502,491.57,16102.2411,16102.2411,0
125506,491.59,16102.2411,16102.2411,0
125511,491.61,16102.2411,16102.2411,0
125514,491.63,16102.2411,16102.2411,0
125515,491.63,16102.2411,16102.2411,0
125517,491.63,16102.2411,16102.2411,0
125518,491.65,16102.2411,16102.2411,0
125521,491.66,16102.2411,16102.2411,0
125529,491.70,16102.2411,16102.2411,0
125531,491.70,16102.2411,16102.2411,0
125534,491.72,16102.2411,16102.2411,0
125537,491.72,16102.2411,16102.2411,0
125538,491.72,16102.2411,16102.2411,0
125541,491.73,16102.2411,16102.2411,0
125548,491.75,16102.2411,16102.2411,0
125551,491.76,16102.2411,16102.2411,0
125552,491.76,16102.2411,16102.2411,0
125554,491.76,16102.2411,16102.2411,0
125557,491.78,16102.2411,16102.2411,0
125559,491.79,16102.2411,16102.2411,0
125560,491.79,16102.2411,16102.2411,0
125562,491.79,16102.2411,16102.2411,0
125565,491.81,16102.2411,16102.2411,0
125572,491.84,16102.2411,16102.2411,0
125573,491.84,16102.2411,16102.2411,0
125577,491.85,16102.2411,16102.2411,0
125583,491.86,16102.2411,16102.2411,0
125592,491.89,16102.2411,16102.2411,0
125593,491.89,16102.2411,16102.2411,0
125596,491.89,16102.2411,16102.2411,0
125598,491.89,16102.2411,16102.2411,0
125602,491.91,16102.2411,16102.2411,0
125604,491.92,16102.2411,16102.2411,0
125606,491.92,16102.2411,16102.2411,0
125609,491.93,16102.2411,16102.2411,0
125610,491.93,16102.2411,16102.2411,0
125611,491.93,16102.2411,16102.2411,0
125612,491.93,16102.2411,16102.2411,0
125613,491.93,16102.2411,16102.2411,0
125616,491.94,16102.2411,16102.2411,0
125622,491.96,16102.2411,16102.2411,0
125623,491.96,16102.2411,16102.2411,0
125630,491.99,16102.2411,16102.2411,0
125631,491.99,16102.2411,16102.2411,0
125632,491.99,16102.2411,16102.2411,0
125634,491.99,16102.2411,16102.2411,0
125635,491.99,16102.2411,16102.2411,0
125636,491.99,16102.2411,16102.2411,0
125641,492.01,16102.2411,16102.2411,0
125642,492.01,16102.2411,16102.2411,0
125648,492.02,16102.2411,16102.2411,0
125649,492.02,16102.2411,16102.2411,0
125658,492.07,16102.2411,16102.2411,0
125659,492.07,16102.2411,16102.2411,0
125661,492.07,16102.2411,16102.2411,0
125662,492.07,16102.2411,16102.2411,0
125663,492.08,16102.2411,16102.2411,0
125667,492.10,16102.2411,16102.2411,0
125669,492.10,16102.2411,16102.2411,0
125671,492.10,16102.2411,16102.2411,0
125672,492.10,16102.2411,16102.2411,0
125677,492.11,16102.2411,16102.2411,0
125681,492.12,16102.2411,16102.2411,0
125685,492.13,16102.2411,16102.2411,0
125688,492.14,16102.2411,16102.2411,0
125689,492.14,16102.2411,16102.2411,0
125695,492.16,16102.2411,16102.2411,0
125699,492.16,16102.2411,16102.2411,0
125701,492.17,16102.2411,16102.2411,0
125702,492.17,16102.2411,16102.2411,0
125704,492.18,16102.2411,16102.2411,0
125705,492.18,16102.2411,16102.2411,0
125713,492.22,16102.2411,16102.2411,0
125715,492.22,16102.2411,16102.2411,0
125718,492.22,16102.2411,16102.2411,0
125722,492.23,16102.2411,16102.2411,0
125729,492.24,16102.2411,16102.2411,0
125732,492.24,16102.2411,16102.2411,0
125733,492.24,16102.2411,16102.2411,0
125734,492.25,16102.2411,16102.2411,0
125742,492.26,16102.2411,16102.2411,0
125743,492.26,16102.2411,16102.2411,0
125744,492.26,16102.2411,16102.2411,0
125745,492.26,16102.2411,16102.2411,0
125748,492.28,16102.2411,16102.2411,0
125756,492.31,16102.2411,16102.2411,0
125758,492.31,16102.2411,16102.2411,0
125761,492.31,16102.2411,16102.2411,0
125765,492.32,16102.2411,16102.2411,0
125772,492.35,16102.2411,16102.2411,0
125774,492.36,16102.2411,16102.2411,0
125777,492.37,16102.2411,16102.2411,0
125779,492.38,16102.2411,16102.2411,0
125780,492.38,16102.2411,16102.2411,0
125781,492.38,16102.2411,16102.2411,0
125782,492.38,16102.2411,16102.2411,0
125783,492.39,16102.2411,16102.2411,0
125791,492.43,16102.2411,16102.2411,0
125793,492.43,16102.2411,16102.2411,0
125795,492.43,16102.2411,16102.2411,0
125802,492.46,16102.2411,16102.2411,0
125805,492.46,16102.2411,16102.2411,0
125808,492.48,16102.2411,16102.2411,0
125814,492.49,16102.2411,16102.2411,0
125820,492.52,16102.2411,16102.2411,0
125821,492.52,16102.2411,16102.2411,0
125828,492.55,16102.2411,16102.2411,0
125829,492.55,16102.2411,16102.2411,0
125834,492.57,16102.2411,16102.2411,0
125835,492.57,16102.2411,16102.2411,0
125836,492.57,16102.2411,16102.2411,0
125840,492.58,16102.2411,16102.2411,0
125841,492.58,16102.2411,16102.2411,0
125842,492.58,16102.2411,16102.2411,0
125849,492.60,16102.2411,16102.2411,0
125851,492.61,16102.2411,16102.2411,0
125856,492.64,16102.2411,16102.2411,0
125857,492.64,16102.2411,16102.2411,0
125858,492.64,16102.2411,16102.2411,0
125861,492.64,16102.2411,16102.2411,0
125863,492.65,16102.2411,16102.2411,0
125865,492.66,16102.2411,16102.2411,0
125870,492.67,16102.2411,16102.2411,0
125871,492.67,16102.2411,16102.2411,0
125872,492.67,16102.2411,16102.2411,0
125876,492.70,16102.2411,16102.2411,0
125878,492.70,16102.2411,16102.2411,0
125879,492.70,16102.2411,16102.2411,0
125880,492.70,16102.2411,16102.2411,0
125888,492.72,16102.2411,16102.2411,0
125891,492.74,16102.2411,16102.2411,0
125900,492.76,16102.2411,16102.2411,0
125901,492.76,16102.2411,16102.2411,0
125903,492.78,16102.2411,16102.2411,0
125917,492.80,16102.2411,16102.2411,0
125920,492.81,16102.2411,16102.2411,0
125921,492.81,16102.2411,16102.2411,0
125922,492.81,16102.2411,16102.2411,0
125923,492.81,16102.2411,16102.2411,0
125925,492.82,16102.2411,16102.2411,0
125933,492.84,16102.2411,16102.2411,0
125934,492.84,16102.2411,16102.2411,0
125935,492.84,16102.2411,16102.2411,0
125936,492.85,16102.2411,16102.2411,0
125938,492.85,16102.2411,16102.2411,0
125943,492.85,16102.2411,16102.2411,0
125944,492.85,16102.2411,16102.2411,0
125946,492.85,16102.2411,16102.2411,0
125950,492.88,16102.2411,16102.2411,0
125951,492.88,16102.2411,16102.2411,0
125953,492.88,16102.2411,16102.2411,0
125956,492.88,16102.2411,16102.2411,0
125964,492.89,16102.2411,16102.2411,0
125966,492.89,16102.2411,16102.2411,0
125970,492.90,16102.2411,16102.2411,0
125972,492.90,16102.2411,16102.2411,0
125975,492.91,16102.2411,16102.2411,0
125976,492.92,16102.2411,16102.2411,0
125978,492.93,16102.2411,16102.2411,0
125980,492.93,16102.2411,16102.2411,0
125983,492.95,16102.2411,16102.2411,0
125986,492.95,16102.2411,16102.2411,0
125989,492.96,16102.2411,16102.2411,0
125991,492.96,16102.2411,16102.2411,0
126000,492.99,16102.2411,16102.2411,0
126003,493.00,16102.2411,16102.2411,0
126004,493.00,16102.2411,16102.2411,0
126008,493.02,16102.2411,16102.2411,0
126011,493.03,16102.2411,16102.2411,0
126013,493.03,16102.2411,16102.2411,0
126015,493.03,16102.2411,16102.2411,0
126017,493.04,16102.2411,16102.2411,0
126022,493.05,16102.2411,16102.2411,0
126029,493.07,16102.2411,16102.2411,0
126030,493.07,16102.2411,16102.2411,0
126039,493.08,16102.2411,16102.2411,0
126047,493.11,16102.2411,16102.2411,0
126048,493.11,16102.2411,16102.2411,0
126050,493.12,16102.2411,16102.2411,0
126054,493.12,16102.2411,16102.2411,0
126057,493.13,16102.2411,16102.2411,0
126058,493.14,16102.2411,16102.2411,0
126059,493.14,16102.2411,16102.2411,0
126060,493.14,16102.2411,16102.2411,0
126064,493.15,16102.2411,16102.2411,0
126065,493.15,16102.2411,16102.2411,0
126069,493.16,16102.2411,16102.2411,0
126070,493.16,16102.2411,16102.2411,0
126072,493.17,16102.2411,16102.2411,0
126075,493.19,16102.2411,16102.2411,0
126088,493.27,16102.2411,16102.2411,0
126090,493.27,16102.2411,16102.2411,0
126099,493.30,16102.2411,16102.2411,0
126101,493.30,16102.2411,16102.2411,0
126105,493.31,16102.2411,16102.2411,0
126106,493.31,16102.2411,16102.2411,0
126107,493.31,16102.2411,16102.2411,0
126108,493.32,16102.2411,16102.2411,0
126111,493.32,16102.2411,16102.2411,0
126113,493.32,16102.2411,16102.2411,0
126117,493.32,16102.2411,16102.2411,0
126119,493.33,16102.2411,16102.2411,0
126120,493.33,16102.2411,16102.2411,0
126122,493.33,16102.2411,16102.2411,0
126129,493.36,16102.2411,16102.2411,0
126131,493.37,16102.2411,16102.2411,0
126133,493.37,16102.2411,16102.2411,0
126135,493.38,16102.2411,16102.2411,0
126138,493.38,16102.2411,16102.2411,0
126139,493.38,16102.2411,16102.2411,0
126140,493.38,16102.2411,16102.2411,0
126143,493.39,16102.2411,16102.2411,0
126144,493.39,16102.2411,16102.2411,0
126145,493.39,16102.2411,16102.2411,0
126146,493.39,16102.2411,16102.2411,0
126148,493.40,16102.2411,16102.2411,0
126156,493.42,16102.2411,16102.2411,0
126158,493.43,16102.2411,16102.2411,0
126168,493.44,16102.2411,16102.2411,0
126172,493.46,16102.2411,16102.2411,0
126176,493.46,16102.2411,16102.2411,0
126177,493.46,16102.2411,16102.2411,0
126179,493.47,16102.2411,16102.2411,0
126182,493.47,16102.2411,16102.2411,0
126186,493.49,16102.2411,16102.2411,0
126193,493.51,16102.2411,16102.2411,0
126196,493.52,16102.2411,16102.2411,0
126201,493.52,16102.2411,16102.2411,0
126202,493.52,16102.2411,16102.2411,0
126203,493.52,16102.2411,16102.2411,0
126204,493.52,16102.2411,16102.2411,0
126208,493.53,16102.2411,16102.2411,0
126209,493.53,16102.2411,16102.2411,0
126210,493.53,16102.2411,16102.2411,0
126212,493.54,16102.2411,16102.2411,0
126213,493.54,16102.2411,16102.2411,0
126215,493.54,16102.2411,16102.2411,0
126217,493.54,16102.2411,16102.2411,0
126219,493.55,16102.2411,16102.2411,0
126220,493.55,16102.2411,16102.2411,0
126222,493.55,16102.2411,16102.2411,0
126223,493.55,16102.2411,16102.2411,0
126225,493.56,16102.2411,16102.2411,0
126230,493.57,16102.2411,16102.2411,0
126234,493.58,16102.2411,16102.2411,0
126237,493.59,16102.2411,16102.2411,0
126238,493.59,16102.2411,16102.2411,0
126239,493.59,16102.2411,16102.2411,0
126242,493.60,16102.2411,16102.2411,0
126248,493.62,16102.2411,16102.2411,0
126252,493.62,16102.2411,16102.2411,0
126254,493.63,16102.2411,16102.2411,0
126255,493.63,16102.2411,16102.2411,0
126256,493.63,16102.2411,16102.2411,0
126258,493.64,16102.2411,16102.2411,0
126261,493.65,16102.2411,16102.2411,0
126262,493.65,16102.2411,16102.2411,0
126263,493.65,16102.2411,16102.2411,0
126265,493.66,16102.2411,16102.2411,0
126269,493.67,16102.2411,16102.2411,0
126273,493.69,16102.2411,16102.2411,0
126274,493.69,16102.2411,16102.2411,0
126276,493.70,16102.2411,16102.2411,0
126279,493.70,16102.2411,16102.2411,0
126287,493.72,16102.2411,16102.2411,0
126294,493.73,16102.2411,16102.2411,0
126300,493.75,16102.2411,16102.2411,0
126301,493.75,16102.2411,16102.2411,0
126304,493.76,16102.2411,16102.2411,0
126306,493.76,16102.2411,16102.2411,0
126312,493.78,16102.2411,16102.2411,0
126315,493.79,16102.2411,16102.2411,0
126320,493.79,16102.2411,16102.2411,0
126326,493.81,16102.2411,16102.2411,0
126329,493.81,16102.2411,16102.2411,0
126330,493.81,16102.2411,16102.2411,0
126335,493.83,16102.2411,16102.2411,0
126341,493.83,16102.2411,16102.2411,0
126344,493.85,16102.2411,16102.2411,0
126346,493.85,16102.2411,16102.2411,0
126355,493.86,16102.2411,16102.2411,0
126356,493.86,16102.2411,16102.2411,0
126363,493.89,16102.2411,16102.2411,0
126367,493.89,16102.2411,16102.2411,0
126368,493.89,16102.2411,16102.2411,0
126373,493.91,16102.2411,16102.2411,0
126374,493.91,16102.2411,16102.2411,0
126379,493.93,16102.2411,16102.2411,0
126380,493.93,16102.2411,16102.2411,0
126383,493.93,16102.2411,16102.2411,0
126385,493.94,16102.2411,16102.2411,0
126390,493.95,16102.2411,16102.2411,0
126396,493.95,16102.2411,16102.2411,0
126397,493.95,16102.2411,16102.2411,0
126398,493.96,16102.2411,16102.2411,0
126401,493.97,16102.2411,16102.2411,0
126402,493.97,16102.2411,16102.2411,0
126405,493.97,16102.2411,16102.2411,0
126406,493.98,16102.2411,16102.2411,0
126410,493.98,16102.2411,16102.2411,0
126411,493.98,16102.2411,16102.2411,0
126418,494.01,16102.2411,16102.2411,0
126419,494.01,16102.2411,16102.2411,0
126420,494.01,16102.2411,16102.2411,0
126425,494.02,16102.2411,16102.2411,0
126427,494.03,16102.2411,16102.2411,0
126430,494.03,16102.2411,16102.2411,0
126431,494.03,16102.2411,16102.2411,0
126432,494.03,16102.2411,16102.2411,0
126434,494.04,16102.2411,16102.2411,0
126441,494.05,16102.2411,16102.2411,0
126442,494.05,16102.2411,16102.2411,0
126446,494.06,16102.2411,16102.2411,0
126450,494.07,16102.2411,16102.2411,0
126451,494.07,16102.2411,16102.2411,0
126452,494.08,16102.2411,16102.2411,0
126457,494.08,16102.2411,16102.2411,0
126463,494.09,16102.2411,16102.2411,0
126472,494.12,16102.2411,16102.2411,0
126474,494.14,16102.2411,16102.2411,0
126477,494.14,16102.2411,16102.2411,0
126480,494.15,16102.2411,16102.2411,0
126485,494.16,16102.2411,16102.2411,0
126486,494.16,16102.2411,16102.2411,0
126491,494.17,16102.2411,16102.2411,0
126492,494.17,16102.2411,16102.2411,0
126496,494.18,16102.2411,16102.2411,0
126504,494.18,16102.2411,16102.2411,0
126506,494.19,16102.2411,16102.2411,0
126514,494.20,16102.2411,16102.2411,0
126515,494.21,16102.2411,16102.2411,0
126517,494.21,16102.2411,16102.2411,0
126518,494.21,16102.2411,16102.2411,0
126521,494.23,16102.2411,16102.2411,0
126529,494.24,16102.2411,16102.2411,0
126531,494.25,16102.2411,16102.2411,0
126533,494.25,16102.2411,16102.2411,0
126536,494.25,16102.2411,16102.2411,0
126537,494.25,16102.2411,16102.2411,0
126543,494.27,16102.2411,16102.2411,0
126544,494.27,16102.2411,16102.2411,0
126552,494.28,16102.2411,16102.2411,0
126553,494.28,16102.2411,16102.2411,0
126554,494.29,16102.2411,16102.2411,0
126555,494.29,16102.2411,16102.2411,0
126559,494.30,16102.2411,16102.2411,0
126560,494.30,16102.2411,16102.2411,0
126562,494.31,16102.2411,16102.2411,0
126563,494.31,16102.2411,16102.2411,0
126564,494.31,16102.2411,16102.2411,0
126567,494.32,16102.2411,16102.2411,0
126570,494.32,16102.2411,16102.2411,0
126571,494.32,16102.2411,16102.2411,0
126577,494.34,16102.2411,16102.2411,0
126583,494.35,16102.2411,16102.2411,0
126586,494.36,16102.2411,16102.2411,0
126590,494.36,16102.2411,16102.2411,0
126591,494.36,16102.2411,16102.2411,0
126592,494.36,16102.2411,16102.2411,0
126605,494.40,16102.2411,16102.2411,0
126606,494.40,16102.2411,16102.2411,0
126610,494.41,16102.2411,16102.2411,0
126611,494.41,16102.2411,16102.2411,0
126612,494.41,16102.2411,16102.2411,0
126613,494.41,16102.2411,16102.2411,0
126615,494.41,16102.2411,16102.2411,0
126617,494.42,16102.2411,16102.2411,0
126618,494.42,16102.2411,16102.2411,0
126620,494.43,16102.2411,16102.2411,0
126622,494.43,16102.2411,16102.2411,0
126625,494.43,16102.2411,16102.2411,0
126629,494.44,16102.2411,16102.2411,0
126632,494.45,16102.2411,16102.2411,0
126635,494.46,16102.2411,16102.2411,0
126637,494.46,16102.2411,16102.2411,0
126639,494.46,16102.2411,16102.2411,0
126640,494.46,16102.2411,16102.2411,0
126642,494.46,16102.2411,16102.2411,0
126647,494.49,16102.2411,16102.2411,0
126650,494.50,16102.2411,16102.2411,0
126657,494.52,16102.2411,16102.2411,0
126658,494.52,16102.2411,16102.2411,0
126667,494.54,16102.2411,16102.2411,0
126668,494.54,16102.2411,16102.2411,0
126670,494.55,16102.2411,16102.2411,0
126672,494.55,16102.2411,16102.2411,0
126681,494.57,16102.2411,16102.2411,0
126683,494.57,16102.2411,16102.2411,0
126684,494.57,16102.2411,16102.2411,0
126688,494.59,16102.2411,16102.2411,0
126691,494.59,16102.2411,16102.2411,0
126695,494.60,16102.2411,16102.2411,0
126701,494.61,16102.2411,16102.2411,0
126704,494.63,16102.2411,16102.2411,0
126705,494.63,16102.2411,16102.2411,0
126708,494.63,16102.2411,16102.2411,0
126714,494.65,16102.2411,16102.2411,0
126719,494.66,16102.2411,16102.2411,0
126720,494.66,16102.2411,16102.2411,0
126721,494.67,16102.2411,16102.2411,0
126724,494.68,16102.2411,16102.2411,0
126725,494.68,16102.2411,16102.2411,0
126732,494.72,16102.2411,16102.2411,0
126733,494.73,16102.2411,16102.2411,0
126734,494.73,16102.2411,16102.2411,0
126736,494.73,16102.2411,16102.2411,0
126740,494.73,16102.2411,16102.2411,0
126742,494.74,16102.2411,16102.2411,0
126743,494.74,16102.2411,16102.2411,0
126749,494.76,16102.2411,16102.2411,0
126755,494.77,16102.2411,16102.2411,0
126756,494.77,16102.2411,16102.2411,0
126759,494.78,16102.2411,16102.2411,0
126760,494.78,16102.2411,16102.2411,0
126762,494.78,16102.2411,16102.2411,0
126763,494.78,16102.2411,16102.2411,0
126764,494.78,16102.2411,16102.2411,0
126766,494.81,16102.2411,16102.2411,0
126767,494.81,16102.2411,16102.2411,0
126768,494.81,16102.2411,16102.2411,0
126770,494.81,16102.2411,16102.2411,0
126774,494.83,16102.2411,16102.2411,0
126780,494.84,16102.2411,16102.2411,0
126781,494.84,16102.2411,16102.2411,0
126782,494.84,16102.2411,16102.2411,0
126789,494.87,16102.2411,16102.2411,0
126791,494.87,16102.2411,16102.2411,0
126795,494.88,16102.2411,16102.2411,0
126796,494.88,16102.2411,16102.2411,0
126798,494.88,16102.2411,16102.2411,0
126799,494.88,16102.2411,16102.2411,0
126800,494.89,16102.2411,16102.2411,0
126801,494.89,16102.2411,16102.2411,0
126802,494.89,16102.2411,16102.2411,0
126803,494.89,16102.2411,16102.2411,0
126804,494.89,16102.2411,16102.2411,0
126813,494.91,16102.2411,16102.2411,0
126814,494.91,16102.2411,16102.2411,0
126815,494.91,16102.2411,16102.2411,0
126817,494.91,16102.2411,16102.2411,0
126820,494.92,16102.2411,16102.2411,0
126822,494.92,16102.2411,16102.2411,0
126826,494.93,16102.2411,16102.2411,0
126827,494.93,16102.2411,16102.2411,0
126828,494.93,16102.2411,16102.2411,0
126830,494.93,16102.2411,16102.2411,0
126838,494.96,16102.2411,16102.2411,0
126841,494.96,16102.2411,16102.2411,0
126842,494.96,16102.2411,16102.2411,0
126843,494.96,16102.2411,16102.2411,0
126848,494.99,16102.2411,16102.2411,0
126853,495.00,16102.2411,16102.2411,0
126854,495.01,16102.2411,16102.2411,0
126860,495.03,16102.2411,16102.2411,0
126864,495.04,16102.2411,16102.2411,0
126867,495.05,16102.2411,16102.2411,0
126876,495.09,16102.2411,16102.2411,0
126882,495.10,16102.2411,16102.2411,0
126883,495.10,16102.2411,16102.2411,0
126885,495.10,16102.2411,16102.2411,0
126887,495.11,16102.2411,16102.2411,0
126890,495.11,16102.2411,16102.2411,0
126892,495.12,16102.2411,16102.2411,0
126893,495.13,16102.2411,16102.2411,0
126894,495.14,16102.2411,16102.2411,0
126900,495.14,16102.2411,16102.2411,0
126902,495.14,16102.2411,16102.2411,0
126904,495.15,16102.2411,16102.2411,0
126906,495.17,16102.2411,16102.2411,0
126907,495.17,16102.2411,16102.2411,0
126908,495.17,16102.2411,16102.2411,0
126916,495.17,16102.2411,16102.2411,0
126917,495.18,16102.2411,16102.2411,0
126919,495.19,16102.2411,16102.2411,0
126921,495.20,16102.2411,16102.2411,0
126929,495.21,16102.2411,16102.2411,0
126940,495.23,16102.2411,16102.2411,0
126944,495.23,16102.2411,16102.2411,0
126948,495.25,16102.2411,16102.2411,0
126949,495.25,16102.2411,16102.2411,0
126950,495.25,16102.2411,16102.2411,0
126952,495.26,16102.2411,16102.2411,0
126953,495.26,16102.2411,16102.2411,0
126954,495.26,16102.2411,16102.2411,0
126956,495.27,16102.2411,16102.2411,0
126957,495.27,16102.2411,16102.2411,0
126959,495.27,16102.2411,16102.2411,0
126963,495.28,16102.2411,16102.2411,0
126966,495.29,16102.2411,16102.2411,0
126967,495.29,16102.2411,16102.2411,0
126968,495.29,16102.2411,16102.2411,0
126970,495.29,16102.2411,16102.2411,0
126971,495.29,16102.2411,16102.2411,0
126972,495.29,16102.2411,16102.2411,0
126973,495.29,16102.2411,16102.2411,0
126974,495.29,16102.2411,16102.2411,0
126980,495.30,16102.2411,16102.2411,0
126982,495.30,16102.2411,16102.2411,0
126987,495.32,16102.2411,16102.2411,0
126989,495.33,16102.2411,16102.2411,0
126991,495.33,16102.2411,16102.2411,0
126993,495.34,16102.2411,16102.2411,0
126994,495.35,16102.2411,16102.2411,0
126995,495.35,16102.2411,16102.2411,0
126996,495.35,16102.2411,16102.2411,0
126997,495.35,16102.2411,16102.2411,0
127001,495.36,16102.2411,16102.2411,0
127003,495.36,16102.2411,16102.2411,0
127004,495.36,16102.2411,16102.2411,0
127006,495.36,16102.2411,16102.2411,0
127007,495.36,16102.2411,16102.2411,0
127010,495.37,16102.2411,16102.2411,0
127012,495.38,16102.2411,16102.2411,0
127015,495.38,16102.2411,16102.2411,0
127017,495.38,16102.2411,16102.2411,0
127020,495.41,16102.2411,16102.2411,0
127021,495.41,16102.2411,16102.2411,0
127023,495.41,16102.2411,16102.2411,0
127024,495.41,16102.2411,16102.2411,0
127026,495.42,16102.2411,16102.2411,0
127028,495.42,16102.2411,16102.2411,0
127032,495.43,16102.2411,16102.2411,0
127033,495.43,16102.2411,16102.2411,0
127036,495.44,16102.2411,16102.2411,0
127038,495.45,16102.2411,16102.2411,0
127040,495.45,16102.2411,16102.2411,0
127043,495.45,16102.2411,16102.2411,0
127044,495.45,16102.2411,16102.2411,0
127046,495.46,16102.2411,16102.2411,0
127047,495.46,16102.2411,16102.2411,0
127052,495.48,16102.2411,16102.2411,0
127053,495.48,16102.2411,16102.2411,0
127060,495.52,16102.2411,16102.2411,0
127062,495.52,16102.2411,16102.2411,0
127063,495.52,16102.2411,16102.2411,0
127067,495.55,16102.2411,16102.2411,0
127071,495.55,16102.2411,16102.2411,0
127072,495.56,16102.2411,16102.2411,0
127075,495.56,16102.2411,16102.2411,0
127076,495.56,16102.2411,16102.2411,0
127078,495.56,16102.2411,16102.2411,0
127080,495.56,16102.2411,16102.2411,0
127084,495.57,16102.2411,16102.2411,0
127086,495.57,16102.2411,16102.2411,0
127089,495.59,16102.2411,16102.2411,0
127094,495.60,16102.2411,16102.2411,0
127098,495.60,16102.2411,16102.2411,0
127100,495.61,16102.2411,16102.2411,0
127101,495.62,16102.2411,16102.2411,0
127104,495.64,16102.2411,16102.2411,0
127105,495.64,16102.2411,16102.2411,0
127106,495.64,16102.2411,16102.2411,0
127107,495.64,16102.2411,16102.2411,0
127109,495.64,16102.2411,16102.2411,0
127112,495.65,16102.2411,16102.2411,0
127115,495.65,16102.2411,16102.2411,0
127117,495.65,16102.2411,16102.2411,0
127120,495.66,16102.2411,16102.2411,0
127123,495.66,16102.2411,16102.2411,0
127124,495.66,16102.2411,16102.2411,0
127126,495.67,16102.2411,16102.2411,0
127127,495.67,16102.2411,16102.2411,0
127134,495.70,16102.2411,16102.2411,0
127135,495.70,16102.2411,16102.2411,0
127136,495.70,16102.2411,16102.2411,0
127140,495.73,16102.2411,16102.2411,0
127142,495.73,16102.2411,16102.2411,0
127146,495.74,16102.2411,16102.2411,0
127147,495.74,16102.2411,16102.2411,0
127149,495.75,16102.2411,16102.2411,0
127151,495.75,16102.2411,16102.2411,0
127156,495.78,16102.2411,16102.2411,0
127157,495.78,16102.2411,16102.2411,0
127160,495.80,16102.2411,16102.2411,0
127162,495.80,16102.2411,16102.2411,0
127164,495.81,16102.2411,16102.2411,0
127165,495.81,16102.2411,16102.2411,0
127167,495.81,16102.2411,16102.2411,0
127169,495.82,16102.2411,16102.2411,0
127178,495.85,16102.2411,16102.2411,0
127179,495.85,16102.2411,16102.2411,0
127180,495.85,16102.2411,16102.2411,0
127182,495.85,16102.2411,16102.2411,0
127183,495.85,16102.2411,16102.2411,0
127184,495.85,16102.2411,16102.2411,0
127185,495.85,16102.2411,16102.2411,0
127188,495.87,16102.2411,16102.2411,0
127190,495.87,16102.2411,16102.2411,0
127192,495.87,16102.2411,16102.2411,0
127196,495.89,16102.2411,16102.2411,0
127203,495.94,16102.2411,16102.2411,0
127208,495.95,16102.2411,16102.2411,0
127213,495.97,16102.2411,16102.2411,0
127215,495.97,16102.2411,16102.2411,0
127216,495.97,16102.2411,16102.2411,0
127217,495.97,16102.2411,16102.2411,0
127218,495.97,16102.2411,16102.2411,0
127220,495.98,16102.2411,16102.2411,0
127225,495.98,16102.2411,16102.2411,0
127226,495.98,16102.2411,16102.2411,0
127227,495.98,16102.2411,16102.2411,0
127228,495.98,16102.2411,16102.2411,0
127230,496.00,16102.2411,16102.2411,0
127236,496.01,16102.2411,16102.2411,0
127237,496.01,16102.2411,16102.2411,0
127240,496.01,16102.2411,16102.2411,0
127241,496.02,16102.2411,16102.2411,0
127243,496.02,16102.2411,16102.2411,0
127245,496.02,16102.2411,16102.2411,0
127246,496.02,16102.2411,16102.2411,0
127251,496.04,16102.2411,16102.2411,0
127259,496.06,16102.2411,16102.2411,0
127262,496.07,16102.2411,16102.2411,0
127263,496.07,16102.2411,16102.2411,0
127264,496.07,16102.2411,16102.2411,0
127265,496.07,16102.2411,16102.2411,0
127266,496.08,16102.2411,16102.2411,0
127275,496.12,16102.2411,16102.2411,0
127277,496.12,16102.2411,16102.2411,0
127282,496.14,16102.2411,16102.2411,0
127284,496.14,16102.2411,16102.2411,0
127290,496.16,16102.2411,16102.2411,0
127295,496.17,16102.2411,16102.2411,0
127296,496.17,16102.2411,16102.2411,0
127297,496.17,16102.2411,16102.2411,0
127308,496.20,16102.2411,16102.2411,0
127309,496.20,16102.2411,16102.2411,0
127310,496.21,16102.2411,16102.2411,0
127311,496.21,16102.2411,16102.2411,0
127312,496.21,16102.2411,16102.2411,0
127313,496.21,16102.2411,16102.2411,0
127318,496.25,16102.2411,16102.2411,0
127320,496.25,16102.2411,16102.2411,0
127323,496.25,16102.2411,16102.2411,0
127325,496.26,16102.2411,16102.2411,0
127326,496.26,16102.2411,16102.2411,0
127330,496.29,16102.2411,16102.2411,0
127332,496.30,16102.2411,16102.2411,0
127337,496.30,16102.2411,16102.2411,0
127341,496.30,16102.2411,16102.2411,0
127352,496.34,16102.2411,16102.2411,0
127353,496.34,16102.2411,16102.2411,0
127358,496.34,16102.2411,16102.2411,0
127360,496.35,16102.2411,16102.2411,0
127361,496.35,16102.2411,16102.2411,0
127366,496.36,16102.2411,16102.2411,0
127367,496.36,16102.2411,16102.2411,0
127381,496.41,16102.2411,16102.2411,0
127386,496.42,16102.2411,16102.2411,0
127388,496.42,16102.2411,16102.2411,0
127389,496.42,16102.2411,16102.2411,0
127390,496.42,16102.2411,16102.2411,0
127391,496.42,16102.2411,16102.2411,0
127393,496.43,16102.2411,16102.2411,0
127397,496.43,16102.2411,16102.2411,0
127398,496.43,16102.2411,16102.2411,0
127399,496.43,16102.2411,16102.2411,0
127404,496.44,16102.2411,16102.2411,0
127406,496.45,16102.2411,16102.2411,0
127410,496.45,16102.2411,16102.2411,0
127413,496.47,16102.2411,16102.2411,0
127414,496.47,16102.2411,16102.2411,0
127415,496.47,16102.2411,16102.2411,0
127416,496.47,16102.2411,16102.2411,0
127419,496.47,16102.2411,16102.2411,0
127420,496.47,16102.2411,16102.2411,0
127421,496.47,16102.2411,16102.2411,0
127424,496.47,16102.2411,16102.2411,0
127427,496.48,16102.2411,16102.2411,0
127434,496.48,16102.2411,16102.2411,0
127437,496.49,16102.2411,16102.2411,0
127439,496.49,16102.2411,16102.2411,0
127444,496.51,16102.2411,16102.2411,0
127455,496.53,16102.2411,16102.2411,0
127456,496.53,16102.2411,16102.2411,0
127459,496.55,16102.2411,16102.2411,0
127461,496.55,16102.2411,16102.2411,0
127462,496.55,16102.2411,16102.2411,0
127469,496.57,16102.2411,16102.2411,0
127474,496.59,16102.2411,16102.2411,0
127476,496.60,16102.2411,16102.2411,0
127477,496.60,16102.2411,16102.2411,0
127481,496.62,16102.2411,16102.2411,0
127484,496.62,16102.2411,16102.2411,0
127485,496.63,16102.2411,16102.2411,0
127486,496.63,16102.2411,16102.2411,0
127487,496.63,16102.2411,16102.2411,0
127488,496.63,16102.2411,16102.2411,0
127493,496.65,16102.2411,16102.2411,0
127494,496.65,16102.2411,16102.2411,0
127496,496.65,16102.2411,16102.2411,0
127504,496.67,16102.2411,16102.2411,0
127510,496.68,16102.2411,16102.2411,0
127511,496.69,16102.2411,16102.2411,0
127513,496.69,16102.2411,16102.2411,0
127519,496.72,16102.2411,16102.2411,0
127521,496.74,16102.2411,16102.2411,0
127525,496.75,16102.2411,16102.2411,0
127537,496.79,16102.2411,16102.2411,0
127540,496.80,16102.2411,16102.2411,0
127546,496.83,16102.2411,16102.2411,0
127547,496.83,16102.2411,16102.2411,0
127548,496.83,16102.2411,16102.2411,0
127552,496.83,16102.2411,16102.2411,0
127565,496.87,16102.2411,16102.2411,0
127573,496.91,16102.2411,16102.2411,0
127575,496.91,16102.2411,16102.2411,0
127581,496.93,16102.2411,16102.2411,0
127582,496.94,16102.2411,16102.2411,0
127587,496.95,16102.2411,16102.2411,0
127590,496.96,16102.2411,16102.2411,0
127591,496.96,16102.2411,16102.2411,0
127595,496.98,16102.2411,16102.2411,0
127601,496.99,16102.2411,16102.2411,0
127604,497.00,16102.2411,16102.2411,0
127607,497.00,16102.2411,16102.2411,0
127612,497.02,16102.2411,16102.2411,0
127615,497.03,16102.2411,16102.2411,0
127619,497.04,16102.2411,16102.2411,0
127624,497.06,16102.2411,16102.2411,0
127625,497.06,16102.2411,16102.2411,0
127628,497.06,16102.2411,16102.2411,0
127629,497.07,16102.2411,16102.2411,0
127630,497.07,16102.2411,16102.2411,0
127633,497.07,16102.2411,16102.2411,0
127635,497.08,16102.2411,16102.2411,0
127636,497.08,16102.2411,16102.2411,0
127637,497.08,16102.2411,16102.2411,0
127638,497.08,16102.2411,16102.2411,0
127641,497.09,16102.2411,16102.2411,0
127642,497.09,16102.2411,16102.2411,0
127644,497.09,16102.2411,16102.2411,0
127645,497.09,16102.2411,16102.2411,0
127653,497.12,16102.2411,16102.2411,0
127656,497.13,16102.2411,16102.2411,0
127657,497.13,16102.2411,16102.2411,0
127658,497.14,16102.2411,16102.2411,0
127665,497.16,16102.2411,16102.2411,0
127666,497.16,16102.2411,16102.2411,0
127668,497.16,16102.2411,16102.2411,0
127672,497.16,16102.2411,16102.2411,0
127678,497.18,16102.2411,16102.2411,0
127682,497.19,16102.2411,16102.2411,0
127686,497.20,16102.2411,16102.2411,0
127687,497.20,16102.2411,16102.2411,0
127688,497.20,16102.2411,16102.2411,0
127690,497.20,16102.2411,16102.2411,0
127695,497.22,16102.2411,16102.2411,0
127700,497.23,16102.2411,16102.2411,0
127701,497.23,16102.2411,16102.2411,0
127702,497.23,16102.2411,16102.2411,0
127704,497.24,16102.2411,16102.2411,0
127706,497.25,16102.2411,16102.2411,0
127707,497.25,16102.2411,16102.2411,0
127709,497.25,16102.2411,16102.2411,0
127710,497.25,16102.2411,16102.2411,0
127713,497.26,16102.2411,16102.2411,0
127715,497.26,16102.2411,16102.2411,0
127717,497.26,16102.2411,16102.2411,0
127718,497.27,16102.2411,16102.2411,0
127719,497.27,16102.2411,16102.2411,0
127721,497.27,16102.2411,16102.2411,0
127724,497.28,16102.2411,16102.2411,0
127725,497.29,16102.2411,16102.2411,0
127727,497.29,16102.2411,16102.2411,0
127731,497.30,16102.2411,16102.2411,0
127736,497.31,16102.2411,16102.2411,0
127739,497.32,16102.2411,16102.2411,0
127740,497.32,16102.2411,16102.2411,0
127741,497.32,16102.2411,16102.2411,0
127754,497.36,16102.2411,16102.2411,0
127756,497.37,16102.2411,16102.2411,0
127760,497.39,16102.2411,16102.2411,0
127763,497.40,16102.2411,16102.2411,0
127764,497.40,16102.2411,16102.2411,0
127766,497.40,16102.2411,16102.2411,0
127767,497.41,16102.2411,16102.2411,0
127772,497.42,16102.2411,16102.2411,0
127774,497.44,16102.2411,16102.2411,0
127777,497.44,16102.2411,16102.2411,0
127778,497.44,16102.2411,16102.2411,0
127779,497.44,16102.2411,16102.2411,0
127784,497.46,16102.2411,16102.2411,0
127787,497.47,16102.2411,16102.2411,0
127788,497.47,16102.2411,16102.2411,0
127789,497.47,16102.2411,16102.2411,0
127790,497.47,16102.2411,16102.2411,0
127793,497.47,16102.2411,16102.2411,0
127798,497.50,16102.2411,16102.2411,0
127799,497.50,16102.2411,16102.2411,0
127802,497.50,16102.2411,16102.2411,0
127804,497.50,16102.2411,16102.2411,0
127805,497.50,16102.2411,16102.2411,0
127808,497.52,16102.2411,16102.2411,0
127809,497.52,16102.2411,16102.2411,0
127811,497.52,16102.2411,16102.2411,0
127812,497.52,16102.2411,16102.2411,0
127814,497.52,16102.2411,16102.2411,0
127819,497.53,16102.2411,16102.2411,0
127825,497.54,16102.2411,16102.2411,0
127826,497.54,16102.2411,16102.2411,0
127827,497.54,16102.2411,16102.2411,0
127828,497.54,16102.2411,16102.2411,0
127833,497.55,16102.2411,16102.2411,0
127837,497.57,16102.2411,16102.2411,0
127841,497.59,16102.2411,16102.2411,0
127845,497.60,16102.2411,16102.2411,0
127852,497.62,16102.2411,16102.2411,0
127855,497.62,16102.2411,16102.2411,0
127857,497.64,16102.2411,16102.2411,0
127859,497.64,16102.2411,16102.2411,0
127860,497.64,16102.2411,16102.2411,0
127861,497.64,16102.2411,16102.2411,0
127863,497.64,16102.2411,16102.2411,0
127866,497.65,16102.2411,16102.2411,0
127870,497.66,16102.2411,16102.2411,0
127874,497.67,16102.2411,16102.2411,0
127875,497.67,16102.2411,16102.2411,0
127877,497.67,16102.2411,16102.2411,0
127880,497.68,16102.2411,16102.2411,0
127882,497.69,16102.2411,16102.2411,0
127885,497.69,16102.2411,16102.2411,0
127886,497.69,16102.2411,16102.2411,0
127890,497.70,16102.2411,16102.2411,0
127891,497.70,16102.2411,16102.2411,0
127899,497.71,16102.2411,16102.2411,0
127904,497.72,16102.2411,16102.2411,0
127905,497.72,16102.2411,16102.2411,0
127906,497.72,16102.2411,16102.2411,0
127907,497.72,16102.2411,16102.2411,0
127910,497.72,16102.2411,16102.2411,0
127915,497.74,16102.2411,16102.2411,0
127916,497.74,16102.2411,16102.2411,0
127918,497.75,16102.2411,16102.2411,0
127924,497.77,16102.2411,16102.2411,0
127926,497.77,16102.2411,16102.2411,0
127929,497.77,16102.2411,16102.2411,0
127933,497.78,16102.2411,16102.2411,0
127937,497.81,16102.2411,16102.2411,0
127942,497.81,16102.2411,16102.2411,0
127943,497.81,16102.2411,16102.2411,0
127945,497.82,16102.2411,16102.2411,0
127946,497.82,16102.2411,16102.2411,0
127948,497.83,16102.2411,16102.2411,0
127950,497.83,16102.2411,16102.2411,0
127954,497.85,16102.2411,16102.2411,0
127956,497.85,16102.2411,16102.2411,0
127957,497.86,16102.2411,16102.2411,0
127960,497.86,16102.2411,16102.2411,0
127962,497.87,16102.2411,16102.2411,0
127968,497.90,16102.2411,16102.2411,0
127973,497.92,16102.2411,16102.2411,0
127974,497.92,16102.2411,16102.2411,0
127978,497.95,16102.2411,16102.2411,0
127979,497.95,16102.2411,16102.2411,0
127983,497.96,16102.2411,16102.2411,0
127984,497.96,16102.2411,16102.2411,0
127986,497.96,16102.2411,16102.2411,0
127990,497.97,16102.2411,16102.2411,0
127992,497.97,16102.2411,16102.2411,0
127993,497.98,16102.2411,16102.2411,0
127994,497.98,16102.2411,16102.2411,0
127996,497.98,16102.2411,16102.2411,0
127997,497.98,16102.2411,16102.2411,0
128004,498.01,16102.2411,16102.2411,0
128011,498.03,16102.2411,16102.2411,0
128014,498.04,16102.2411,16102.2411,0
128018,498.05,16102.2411,16102.2411,0
128024,498.08,16102.2411,16102.2411,0
128026,498.09,16102.2411,16102.2411,0
128031,498.11,16102.2411,16102.2411,0
128033,498.11,16102.2411,16102.2411,0
128037,498.12,16102.2411,16102.2411,0
128039,498.12,16102.2411,16102.2411,0
128040,498.12,16102.2411,16102.2411,1
128042,498.38,16014.3041,16102.2411,0
128043,498.46,16014.3041,16102.2411,0
128047,498.56,16014.3927,16102.2411,0
128048,498.60,16014.3927,16102.2411,0
128049,498.62,16014.6773,16102.2411,0
128050,498.67,16103.6229,16103.6229,0
128053,498.73,16103.6229,16103.6229,0
128063,498.83,16103.6229,16103.6229,0
128064,498.86,16103.6229,16103.6229,0
128065,498.90,16103.6229,16103.6229,0
128073,499.03,16103.6229,16103.6229,0
128076,499.03,16103.6229,16103.6229,0
128077,499.03,16103.6229,16103.6229,0
128083,499.09,16103.6229,16103.6229,0
128085,499.10,16103.6229,16103.6229,0
128087,499.12,16103.6229,16103.6229,0
128090,499.17,16103.6229,16103.6229,0
128099,499.24,16103.6229,16103.6229,0
128101,499.24,16103.6229,16103.6229,0
128105,499.24,16103.6229,16103.6229,0
128107,499.29,16103.6229,16103.6229,0
128110,499.30,16103.6229,16103.6229,0
128124,499.44,16103.6229,16103.6229,0
128125,499.46,16103.6229,16103.6229,0
128128,499.51,16103.6229,16103.6229,0
128129,499.52,16103.6229,16103.6229,0
128130,499.52,16103.6229,16103.6229,0
128159,499.76,16103.6229,16103.6229,0
128170,499.82,16103.6229,16103.6229,0
128176,499.87,16103.6229,16103.6229,0
128183,499.92,16103.6229,16103.6229,0
128190,499.96,16103.6229,16103.6229,0
128194,500.02,16103.6229,16103.6229,0
128195,500.02,16103.6229,16103.6229,0
128198,500.03,16103.6229,16103.6229,0
128199,500.03,16103.6229,16103.6229,0
128201,500.05,16103.6229,16103.6229,0
128202,500.05,16103.6229,16103.6229,0
128203,500.05,16103.6229,16103.6229,0
128206,500.07,16103.6229,16103.6229,0
128210,500.10,16103.6229,16103.6229,0
128213,500.10,16103.6229,16103.6229,0
128216,500.14,16103.6229,16103.6229,0
128225,500.24,16103.6229,16103.6229,0
128227,500.24,16103.6229,16103.6229,0
128232,500.25,16103.6229,16103.6229,0
128245,500.42,16103.6229,16103.6229,0
128248,500.44,16103.6229,16103.6229,0
128251,500.46,16103.6229,16103.6229,0
128252,500.46,16103.6229,16103.6229,0
128256,500.48,16103.6229,16103.6229,0
128259,500.51,16103.6229,16103.6229,0
128260,500.51,16103.6229,16103.6229,0
128265,500.55,16103.6229,16103.6229,0
128266,500.55,16103.6229,16103.6229,0
128273,500.56,16103.6229,16103.6229,0
128277,500.59,16103.6229,16103.6229,0
128278,500.60,16103.6229,16103.6229,0
128282,500.62,16103.6229,16103.6229,0
128283,500.62,16103.6229,16103.6229,0
128284,500.62,16103.6229,16103.6229,0
128289,500.63,16103.6229,16103.6229,0
128293,500.65,16103.6229,16103.6229,0
128294,500.65,16103.6229,16103.6229,0
128298,500.67,16103.6229,16103.6229,0
128299,500.68,16103.6229,16103.6229,0
128301,500.68,16103.6229,16103.6229,0
128306,500.68,16103.6229,16103.6229,0
128307,500.68,16103.6229,16103.6229,0
128315,500.74,16103.6229,16103.6229,0
128318,500.75,16103.6229,16103.6229,0
128322,500.75,16103.6229,16103.6229,0
128324,500.75,16103.6229,16103.6229,0
128325,500.75,16103.6229,16103.6229,0
128327,500.76,16103.6229,16103.6229,0
128332,500.82,16103.6229,16103.6229,0
128333,500.83,16103.6229,16103.6229,0
128338,500.83,16103.6229,16103.6229,0
128342,500.84,16103.6229,16103.6229,0
128350,500.88,16103.6229,16103.6229,0
128352,500.89,16103.6229,16103.6229,0
128353,500.89,16103.6229,16103.6229,0
128355,500.89,16103.6229,16103.6229,0
128357,500.89,16103.6229,16103.6229,0
128358,500.89,16103.6229,16103.6229,0
128364,500.92,16103.6229,16103.6229,0
128365,500.92,16103.6229,16103.6229,0
128366,500.92,16103.6229,16103.6229,0
128368,500.92,16103.6229,16103.6229,0
128380,501.00,16103.6229,16103.6229,0
128385,501.02,16103.6229,16103.6229,0
128396,501.10,16103.6229,16103.6229,0
128399,501.12,16103.6229,16103.6229,0
128400,501.13,16103.6229,16103.6229,0
128405,501.17,16103.6229,16103.6229,0
128407,501.17,16103.6229,16103.6229,0
128409,501.25,16103.6229,16103.6229,0
128410,501.25,16103.6229,16103.6229,0
128414,501.30,16103.6229,16103.6229,0
128415,501.30,16103.6229,16103.6229,0
128422,501.34,16103.6229,16103.6229,0
128424,501.39,16103.6229,16103.6229,0
128428,501.39,16103.6229,16103.6229,0
128433,501.40,16103.6229,16103.6229,0
128434,501.40,16103.6229,16103.6229,0
128440,501.42,16103.6229,16103.6229,0
128445,501.46,16103.6229,16103.6229,0
128446,501.47,16103.6229,16103.6229,0
128452,501.47,16103.6229,16103.6229,0
128453,501.47,16103.6229,16103.6229,0
128458,501.48,16103.6229,16103.6229,0
128460,501.48,16103.6229,16103.6229,0
128461,501.48,16103.6229,16103.6229,0
128474,501.55,16103.6229,16103.6229,0
128477,501.57,16103.6229,16103.6229,0
128484,501.61,16103.6229,16103.6229,0
128488,501.62,16103.6229,16103.6229,0
128489,501.62,16103.6229,16103.6229,0
128496,501.66,16103.6229,16103.6229,0
128499,501.66,16103.6229,16103.6229,0
128501,501.68,16103.6229,16103.6229,0
128502,501.68,16103.6229,16103.6229,0
128504,501.70,16103.6229,16103.6229,0
128506,501.70,16103.6229,16103.6229,0
128513,501.76,16103.6229,16103.6229,0
128523,501.86,16103.6229,16103.6229,0
128533,501.89,16103.6229,16103.6229,0
128543,501.92,16103.6229,16103.6229,0
128549,501.97,16103.6229,16103.6229,0
128551,501.98,16103.6229,16103.6229,0
128554,501.99,16103.6229,16103.6229,0
128556,502.00,16103.6229,16103.6229,0
128564,502.04,16103.6229,16103.6229,0
128565,502.07,16103.6229,16103.6229,0
128571,502.09,16103.6229,16103.6229,0
128572,502.09,16103.6229,16103.6229,0
128582,502.14,16103.6229,16103.6229,0
128584,502.14,16103.6229,16103.6229,0
128588,502.19,16103.6229,16103.6229,0
128596,502.23,16103.6229,16103.6229,0
128600,502.27,16103.6229,16103.6229,0
128610,502.37,16103.6229,16103.6229,0
128621,502.45,16103.6229,16103.6229,0
128622,502.46,16103.6229,16103.6229,0
128623,502.46,16103.6229,16103.6229,0
128632,502.55,16103.6229,16103.6229,0
128633,502.55,16103.6229,16103.6229,0
128636,502.56,16103.6229,16103.6229,0
128637,502.56,16103.6229,16103.6229,0
128638,502.56,16103.6229,16103.6229,0
128639,502.56,16103.6229,16103.6229,0
128640,502.56,16103.6229,16103.6229,0
128641,502.56,16103.6229,16103.6229,0
128642,502.56,16103.6229,16103.6229,0
128658,502.78,16103.6229,16103.6229,0
128660,502.78,16103.6229,16103.6229,0
128662,502.78,16103.6229,16103.6229,0
128670,502.84,16103.6229,16103.6229,0
128671,502.84,16103.6229,16103.6229,0
128675,502.90,16103.6229,16103.6229,0
128678,502.92,16103.6229,16103.6229,0
128681,502.94,16103.6229,16103.6229,0
128690,503.00,16103.6229,16103.6229,0
128696,503.04,16103.6229,16103.6229,0
128701,503.07,16103.6229,16103.6229,0
128705,503.09,16103.6229,16103.6229,0
128708,503.09,16103.6229,16103.6229,0
128709,503.09,16103.6229,16103.6229,0
128710,503.09,16103.6229,16103.6229,0
128712,503.09,16103.6229,16103.6229,0
128714,503.10,16103.6229,16103.6229,0
128724,503.16,16103.6229,16103.6229,0
128730,503.18,16103.6229,16103.6229,0
128732,503.18,16103.6229,16103.6229,0
128751,503.33,16103.6229,16103.6229,0
128752,503.33,16103.6229,16103.6229,0
128755,503.34,16103.6229,16103.6229,0
128762,503.40,16103.6229,16103.6229,0
128764,503.42,16103.6229,16103.6229,0
128768,503.45,16103.6229,16103.6229,0
128777,503.50,16103.6229,16103.6229,0
128778,503.50,16103.6229,16103.6229,0
128781,503.50,16103.6229,16103.6229,0
128782,503.50,16103.6229,16103.6229,0
128784,503.50,16103.6229,16103.6229,0
128786,503.50,16103.6229,16103.6229,0
128792,503.56,16103.6229,16103.6229,0
128796,503.58,16103.6229,16103.6229,0
128802,503.64,16103.6229,16103.6229,0
128811,503.70,16103.6229,16103.6229,0
128812,503.70,16103.6229,16103.6229,0
128821,503.77,16103.6229,16103.6229,0
128823,503.77,16103.6229,16103.6229,0
128826,503.79,16103.6229,16103.6229,0
128827,503.79,16103.6229,16103.6229,0
128830,503.82,16103.6229,16103.6229,0
128831,503.82,16103.6229,16103.6229,0
128835,503.84,16103.6229,16103.6229,0
128836,503.84,16103.6229,16103.6229,0
128839,503.85,16103.6229,16103.6229,0
128859,503.97,16103.6229,16103.6229,0
128866,504.02,16103.6229,16103.6229,0
128869,504.04,16103.6229,16103.6229,0
128870,504.04,16103.6229,16103.6229,0
128871,504.04,16103.6229,16103.6229,0
128872,504.04,16103.6229,16103.6229,0
128876,504.06,16103.6229,16103.6229,0
128886,504.12,16103.6229,16103.6229,0
128888,504.13,16103.6229,16103.6229,0
128889,504.13,16103.6229,16103.6229,0
128900,504.19,16103.6229,16103.6229,0
128904,504.22,16103.6229,16103.6229,0
128913,504.24,16103.6229,16103.6229,0
128922,504.29,16103.6229,16103.6229,0
128931,504.37,16103.6229,16103.6229,0
128943,504.46,16103.6229,16103.6229,0
128946,504.48,16103.6229,16103.6229,0
128953,504.52,16103.6229,16103.6229,0
128954,504.52,16103.6229,16103.6229,0
128955,504.52,16103.6229,16103.6229,0
128959,504.53,16103.6229,16103.6229,0
128960,504.53,16103.6229,16103.6229,0
128969,504.60,16103.6229,16103.6229,0
128974,504.63,16103.6229,16103.6229,0
128976,504.63,16103.6229,16103.6229,0
128980,504.65,16103.6229,16103.6229,0
128981,504.65,16103.6229,16103.6229,0
128986,504.69,16103.6229,16103.6229,0
128987,504.69,16103.6229,16103.6229,0
128991,504.70,16103.6229,16103.6229,0
128992,504.70,16103.6229,16103.6229,0
128999,504.76,16103.6229,16103.6229,0
129002,504.78,16103.6229,16103.6229,0
129004,504.79,16103.6229,16103.6229,0
129007,504.82,16103.6229,16103.6229,0
129013,504.86,16103.6229,16103.6229,0
129015,504.86,16103.6229,16103.6229,0
129018,504.89,16103.6229,16103.6229,0
129019,504.89,16103.6229,16103.6229,0
129021,504.91,16103.6229,16103.6229,0
129024,504.93,16103.6229,16103.6229,0
129025,504.93,16103.6229,16103.6229,0
129029,504.95,16103.6229,16103.6229,0
129030,504.95,16103.6229,16103.6229,0
129032,504.96,16103.6229,16103.6229,0
129034,504.96,16103.6229,16103.6229,0
129036,504.96,16103.6229,16103.6229,0
129041,504.98,16103.6229,16103.6229,0
129045,505.00,16103.6229,16103.6229,0
129047,505.01,16103.6229,16103.6229,0
129048,505.01,16103.6229,16103.6229,0
129054,505.07,16103.6229,16103.6229,0
129056,505.09,16103.6229,16103.6229,0
129060,505.10,16103.6229,16103.6229,0
129063,505.10,16103.6229,16103.6229,0
129067,505.10,16103.6229,16103.6229,0
129079,505.19,16103.6229,16103.6229,0
129086,505.21,16103.6229,16103.6229,0
129088,505.21,16103.6229,16103.6229,0
129095,505.24,16103.6229,16103.6229,0
129097,505.24,16103.6229,16103.6229,0
129099,505.24,16103.6229,16103.6229,0
129101,505.24,16103.6229,16103.6229,0
129115,505.35,16103.6229,16103.6229,0
129116,505.35,16103.6229,16103.6229,0
129118,505.37,16103.6229,16103.6229,0
129121,505.37,16103.6229,16103.6229,0
129124,505.38,16103.6229,16103.6229,0
129125,505.38,16103.6229,16103.6229,0
129126,505.38,16103.6229,16103.6229,0
129134,505.41,16103.6229,16103.6229,0
129136,505.43,16103.6229,16103.6229,0
129140,505.45,16103.6229,16103.6229,0
129142,505.46,16103.6229,16103.6229,0
129151,505.52,16103.6229,16103.6229,0
129154,505.54,16103.6229,16103.6229,0
129160,505.56,16103.6229,16103.6229,0
129166,505.56,16103.6229,16103.6229,0
129167,505.57,16103.6229,16103.6229,0
129174,505.61,16103.6229,16103.6229,0
129182,505.67,16103.6229,16103.6229,0
129186,505.69,16103.6229,16103.6229,0
129188,505.71,16103.6229,16103.6229,0
129190,505.72,16103.6229,16103.6229,0
129197,505.79,16103.6229,16103.6229,0
129198,505.79,16103.6229,16103.6229,0
129204,505.82,16103.6229,16103.6229,0
129206,505.84,16103.6229,16103.6229,0
129209,505.86,16103.6229,16103.6229,0
129211,505.86,16103.6229,16103.6229,0
129219,505.87,16103.6229,16103.6229,0
129220,505.87,16103.6229,16103.6229,0
129222,505.89,16103.6229,16103.6229,0
129229,505.95,16103.6229,16103.6229,0
129230,505.95,16103.6229,16103.6229,0
129232,505.96,16103.6229,16103.6229,0
129235,505.99,16103.6229,16103.6229,0
129239,505.99,16103.6229,16103.6229,0
129240,505.99,16103.6229,16103.6229,0
129255,506.10,16103.6229,16103.6229,0
129259,506.13,16103.6229,16103.6229,0
129261,506.13,16103.6229,16103.6229,0
129268,506.20,16103.6229,16103.6229,0
129274,506.21,16103.6229,16103.6229,0
129281,506.23,16103.6229,16103.6229,0
129282,506.23,16103.6229,16103.6229,0
129284,506.25,16103.6229,16103.6229,0
129289,506.29,16103.6229,16103.6229,0
129290,506.29,16103.6229,16103.6229,0
129310,506.44,16103.6229,16103.6229,0
129312,506.44,16103.6229,16103.6229,0
129318,506.48,16103.6229,16103.6229,0
129326,506.53,16103.6229,16103.6229,0
129331,506.54,16103.6229,16103.6229,0
129334,506.58,16103.6229,16103.6229,0
129344,506.63,16103.6229,16103.6229,0
129345,506.63,16103.6229,16103.6229,0
129346,506.63,16103.6229,16103.6229,0
129350,506.63,16103.6229,16103.6229,0
129352,506.66,16103.6229,16103.6229,0
129358,506.70,16103.6229,16103.6229,0
129360,506.72,16103.6229,16103.6229,0
129364,506.74,16103.6229,16103.6229,0
129368,506.78,16103.6229,16103.6229,0
129370,506.80,16103.6229,16103.6229,0
129373,506.80,16103.6229,16103.6229,0
129375,506.80,16103.6229,16103.6229,0
129376,506.81,16103.6229,16103.6229,0
129385,506.85,16103.6229,16103.6229,0
129390,506.91,16103.6229,16103.6229,0
129394,506.93,16103.6229,16103.6229,0
129396,506.95,16103.6229,16103.6229,0
129402,506.97,16103.6229,16103.6229,0
129408,507.04,16103.6229,16103.6229,0
129412,507.04,16103.6229,16103.6229,0
129414,507.04,16103.6229,16103.6229,0
129417,507.04,16103.6229,16103.6229,0
129420,507.06,16103.6229,16103.6229,0
129422,507.08,16103.6229,16103.6229,0
129427,507.11,16103.6229,16103.6229,0
129433,507.17,16103.6229,16103.6229,0
129434,507.17,16103.6229,16103.6229,0
129435,507.17,16103.6229,16103.6229,0
129438,507.19,16103.6229,16103.6229,0
129448,507.26,16103.6229,16103.6229,0
129453,507.28,16103.6229,16103.6229,0
129454,507.28,16103.6229,16103.6229,0
129455,507.28,16103.6229,16103.6229,0
129456,507.28,16103.6229,16103.6229,0
129458,507.31,16103.6229,16103.6229,0
129467,507.41,16103.6229,16103.6229,0
129468,507.41,16103.6229,16103.6229,0
129469,507.41,16103.6229,16103.6229,0
129472,507.45,16103.6229,16103.6229,0
129477,507.47,16103.6229,16103.6229,0
129478,507.48,16103.6229,16103.6229,0
129481,507.52,16103.6229,16103.6229,0
129485,507.52,16103.6229,16103.6229,0
129488,507.54,16103.6229,16103.6229,0
129494,507.55,16103.6229,16103.6229,0
129497,507.55,16103.6229,16103.6229,0
129498,507.55,16103.6229,16103.6229,0
129500,507.55,16103.6229,16103.6229,0
129506,507.61,16103.6229,16103.6229,0
129517,507.71,16103.6229,16103.6229,0
129525,507.76,16103.6229,16103.6229,0
129531,507.78,16103.6229,16103.6229,0
129538,507.82,16103.6229,16103.6229,0
129539,507.82,16103.6229,16103.6229,0
129541,507.82,16103.6229,16103.6229,0
129552,507.92,16103.6229,16103.6229,0
129553,507.92,16103.6229,16103.6229,0
129556,507.96,16103.6229,16103.6229,0
129565,508.04,16103.6229,16103.6229,0
129570,508.05,16103.6229,16103.6229,0
129575,508.07,16103.6229,16103.6229,0
129580,508.09,16103.6229,16103.6229,0
129587,508.19,16103.6229,16103.6229,0
129591,508.21,16103.6229,16103.6229,0
129593,508.24,16103.6229,16103.6229,0
129597,508.24,16103.6229,16103.6229,0
129598,508.24,16103.6229,16103.6229,0
129600,508.26,16103.6229,16103.6229,0
129602,508.27,16103.6229,16103.6229,0
129604,508.29,16103.6229,16103.6229,0
129607,508.29,16103.6229,16103.6229,0
129611,508.30,16103.6229,16103.6229,0
129624,508.35,16103.6229,16103.6229,0
129628,508.36,16103.6229,16103.6229,0
129629,508.36,16103.6229,16103.6229,0
129630,508.36,16103.6229,16103.6229,0
129633,508.39,16103.6229,16103.6229,0
129644,508.43,16103.6229,16103.6229,0
129650,508.46,16103.6229,16103.6229,0
129651,508.46,16103.6229,16103.6229,0
129661,508.54,16103.6229,16103.6229,0
129663,508.54,16103.6229,16103.6229,0
129668,508.55,16103.6229,16103.6229,0
129674,508.57,16103.6229,16103.6229,0
129675,508.57,16103.6229,16103.6229,0
129682,508.62,16103.6229,16103.6229,0
129687,508.62,16103.6229,16103.6229,0
129690,508.65,16103.6229,16103.6229,0
129703,508.71,16103.6229,16103.6229,0
129707,508.75,16103.6229,16103.6229,0
129709,508.78,16103.6229,16103.6229,0
129714,508.81,16103.6229,16103.6229,0
129715,508.81,16103.6229,16103.6229,0
129721,508.83,16103.6229,16103.6229,0
129727,508.87,16103.6229,16103.6229,0
129729,508.88,16103.6229,16103.6229,0
129748,508.97,16103.6229,16103.6229,0
129752,509.02,16103.6229,16103.6229,0
129755,509.04,16103.6229,16103.6229,0
129761,509.05,16103.6229,16103.6229,0
129763,509.07,16103.6229,16103.6229,0
129769,509.11,16103.6229,16103.6229,0
129776,509.17,16103.6229,16103.6229,0
129793,509.28,16103.6229,16103.6229,0
129796,509.30,16103.6229,16103.6229,0
129797,509.30,16103.6229,16103.6229,0
129802,509.32,16103.6229,16103.6229,0
129812,509.38,16103.6229,16103.6229,0
129816,509.38,16103.6229,16103.6229,0
129821,509.41,16103.6229,16103.6229,0
129825,509.41,16103.6229,16103.6229,0
129826,509.41,16103.6229,16103.6229,0
129829,509.42,16103.6229,16103.6229,0
129832,509.44,16103.6229,16103.6229,0
129833,509.44,16103.6229,16103.6229,0
129835,509.44,16103.6229,16103.6229,0
129837,509.45,16103.6229,16103.6229,0
129844,509.55,16103.6229,16103.6229,0
129845,509.55,16103.6229,16103.6229,0
129848,509.57,16103.6229,16103.6229,0
129852,509.59,16103.6229,16103.6229,0
129853,509.59,16103.6229,16103.6229,0
129857,509.63,16103.6229,16103.6229,0
129858,509.64,16103.6229,16103.6229,0
129861,509.64,16103.6229,16103.6229,0
129862,509.64,16103.6229,16103.6229,0
129869,509.69,16103.6229,16103.6229,0
129870,509.69,16103.6229,16103.6229,0
129872,509.71,16103.6229,16103.6229,0
129873,509.71,16103.6229,16103.6229,0
129879,509.74,16103.6229,16103.6229,0
129881,509.74,16103.6229,16103.6229,0
129883,509.75,16103.6229,16103.6229,0
129887,509.77,16103.6229,16103.6229,0
129890,509.79,16103.6229,16103.6229,0
129892,509.79,16103.6229,16103.6229,0
129893,509.79,16103.6229,16103.6229,0
129897,509.80,16103.6229,16103.6229,0
129901,509.82,16103.6229,16103.6229,0
129908,509.84,16103.6229,16103.6229,0
129912,509.90,16103.6229,16103.6229,0
129913,509.90,16103.6229,16103.6229,0
129914,509.91,16103.6229,16103.6229,0
129916,509.92,16103.6229,16103.6229,0
129917,509.93,16103.6229,16103.6229,0
129919,509.93,16103.6229,16103.6229,0
129921,509.95,16103.6229,16103.6229,0
129923,509.95,16103.6229,16103.6229,0
129924,509.95,16103.6229,16103.6229,0
129928,509.98,16103.6229,16103.6229,0
129929,509.98,16103.6229,16103.6229,0
129931,509.98,16103.6229,16103.6229,0
129947,510.09,16103.6229,16103.6229,0
129956,510.18,16103.6229,16103.6229,0
129959,510.20,16103.6229,16103.6229,0
129961,510.20,16103.6229,16103.6229,0
129964,510.21,16103.6229,16103.6229,0
129971,510.23,16103.6229,16103.6229,0
129975,510.26,16103.6229,16103.6229,0
129976,510.26,16103.6229,16103.6229,0
129981,510.28,16103.6229,16103.6229,0
129982,510.28,16103.6229,16103.6229,0
129984,510.28,16103.6229,16103.6229,0
129985,510.28,16103.6229,16103.6229,0
129995,510.31,16103.6229,16103.6229,0
130005,510.37,16103.6229,16103.6229,0
130006,510.37,16103.6229,16103.6229,0
130010,510.40,16103.6229,16103.6229,0
130011,510.40,16103.6229,16103.6229,0
130018,510.46,16103.6229,16103.6229,0
130022,510.50,16103.6229,16103.6229,0
130028,510.52,16103.6229,16103.6229,0
130029,510.52,16103.6229,16103.6229,0
130034,510.58,16103.6229,16103.6229,0
130039,510.61,16103.6229,16103.6229,0
130041,510.64,16103.6229,16103.6229,0
130043,510.66,16103.6229,16103.6229,0
130046,510.68,16103.6229,16103.6229,0
130049,510.68,16103.6229,16103.6229,0
130051,510.68,16103.6229,16103.6229,0
130054,510.69,16103.6229,16103.6229,0
130056,510.69,16103.6229,16103.6229,0
130061,510.71,16103.6229,16103.6229,0
130063,510.73,16103.6229,16103.6229,0
130065,510.74,16103.6229,16103.6229,0
130074,510.84,16103.6229,16103.6229,0
130076,510.84,16103.6229,16103.6229,0
130078,510.84,16103.6229,16103.6229,0
130083,510.87,16103.6229,16103.6229,0
130089,510.95,16103.6229,16103.6229,0
130090,510.95,16103.6229,16103.6229,0
130092,510.95,16103.6229,16103.6229,0
130102,510.98,16103.6229,16103.6229,0
130103,510.98,16103.6229,16103.6229,0
130105,511.00,16103.6229,16103.6229,0
130113,511.07,16103.6229,16103.6229,0
130116,511.09,16103.6229,16103.6229,0
130122,511.12,16103.6229,16103.6229,0
130123,511.12,16103.6229,16103.6229,0
130128,511.15,16103.6229,16103.6229,0
130131,511.15,16103.6229,16103.6229,0
130134,511.17,16103.6229,16103.6229,0
130135,511.17,16103.6229,16103.6229,0
130144,511.22,16103.6229,16103.6229,0
130145,511.23,16103.6229,16103.6229,0
130147,511.23,16103.6229,16103.6229,0
130150,511.25,16103.6229,16103.6229,0
130153,511.26,16103.6229,16103.6229,0
130159,511.31,16103.6229,16103.6229,0
130161,511.33,16103.6229,16103.6229,0
130163,511.34,16103.6229,16103.6229,0
130170,511.38,16103.6229,16103.6229,0
130172,511.38,16103.6229,16103.6229,0
130176,511.38,16103.6229,16103.6229,0
130181,511.42,16103.6229,16103.6229,0
130195,511.53,16103.6229,16103.6229,0
130200,511.55,16103.6229,16103.6229,0
130204,511.57,16103.6229,16103.6229,0
130214,511.68,16103.6229,16103.6229,0
130220,511.71,16103.6229,16103.6229,0
130222,511.71,16103.6229,16103.6229,0
130226,511.71,16103.6229,16103.6229,0
130227,511.71,16103.6229,16103.6229,0
130230,511.73,16103.6229,16103.6229,0
130242,511.81,16103.6229,16103.6229,0
130251,511.90,16103.6229,16103.6229,0
130253,511.92,16103.6229,16103.6229,0
130257,511.94,16103.6229,16103.6229,0
130260,511.96,16103.6229,16103.6229,0
130276,512.08,16103.6229,16103.6229,0
130292,512.16,16103.6229,16103.6229,0
130294,512.18,16103.6229,16103.6229,0
130295,512.18,16103.6229,16103.6229,0
130301,512.24,16103.6229,16103.6229,0
130306,512.27,16103.6229,16103.6229,0
130312,512.29,16103.6229,16103.6229,0
130313,512.29,16103.6229,16103.6229,0
130314,512.29,16103.6229,16103.6229,0
130323,512.37,16103.6229,16103.6229,0
130324,512.37,16103.6229,16103.6229,0
130325,512.37,16103.6229,16103.6229,0
130327,512.37,16103.6229,16103.6229,0
130331,512.41,16103.6229,16103.6229,0
130335,512.42,16103.6229,16103.6229,0
130336,512.42,16103.6229,16103.6229,0
130337,512.42,16103.6229,16103.6229,0
130339,512.43,16103.6229,16103.6229,0
130345,512.43,16103.6229,16103.6229,0
130348,512.45,16103.6229,16103.6229,0
130355,512.48,16103.6229,16103.6229,0
130358,512.48,16103.6229,16103.6229,0
130362,512.52,16103.6229,16103.6229,0
130371,512.56,16103.6229,16103.6229,0
130372,512.56,16103.6229,16103.6229,0
130381,512.59,16103.6229,16103.6229,0
130383,512.61,16103.6229,16103.6229,0
130387,512.63,16103.6229,16103.6229,0
130395,512.71,16103.6229,16103.6229,0
130404,512.75,16103.6229,16103.6229,0
130407,512.76,16103.6229,16103.6229,0
130409,512.76,16103.6229,16103.6229,0
130413,512.78,16103.6229,16103.6229,0
130414,512.78,16103.6229,16103.6229,0
130416,512.78,16103.6229,16103.6229,0
130417,512.78,16103.6229,16103.6229,0
130419,512.79,16103.6229,16103.6229,0
130420,512.79,16103.6229,16103.6229,0
130421,512.79,16103.6229,16103.6229,0
130422,512.79,16103.6229,16103.6229,0
130428,512.85,16103.6229,16103.6229,0
130429,512.85,16103.6229,16103.6229,0
130431,512.85,16103.6229,16103.6229,0
130436,512.86,16103.6229,16103.6229,0
130440,512.86,16103.6229,16103.6229,0
130447,512.91,16103.6229,16103.6229,0
130448,512.91,16103.6229,16103.6229,0
130449,512.91,16103.6229,16103.6229,0
130450,512.91,16103.6229,16103.6229,0
130454,512.94,16103.6229,16103.6229,0
130455,512.94,16103.6229,16103.6229,0
130464,512.99,16103.6229,16103.6229,0
130469,513.01,16103.6229,16103.6229,0
130477,513.06,16103.6229,16103.6229,0
130478,513.06,16103.6229,16103.6229,0
130484,513.08,16103.6229,16103.6229,0
130485,513.09,16103.6229,16103.6229,0
130492,513.09,16103.6229,16103.6229,0
130496,513.11,16103.6229,16103.6229,0
130502,513.17,16103.6229,16103.6229,0
130503,513.17,16103.6229,16103.6229,0
130508,513.20,16103.6229,16103.6229,0
130515,513.21,16103.6229,16103.6229,0
130518,513.21,16103.6229,16103.6229,0
130529,513.26,16103.6229,16103.6229,0
130530,513.26,16103.6229,16103.6229,0
130532,513.26,16103.6229,16103.6229,0
130533,513.26,16103.6229,16103.6229,0
130534,513.26,16103.6229,16103.6229,0
130537,513.28,16103.6229,16103.6229,0
130539,513.30,16103.6229,16103.6229,0
130552,513.37,16103.6229,16103.6229,0
130554,513.37,16103.6229,16103.6229,0
130559,513.41,16103.6229,16103.6229,0
130561,513.42,16103.6229,16103.6229,0
130565,513.44,16103.6229,16103.6229,0
130569,513.44,16103.6229,16103.6229,0
130577,513.51,16103.6229,16103.6229,0
130582,513.56,16103.6229,16103.6229,0
130585,513.58,16103.6229,16103.6229,0
130587,513.58,16103.6229,16103.6229,0
130588,513.59,16103.6229,16103.6229,0
130590,513.59,16103.6229,16103.6229,0
130591,513.59,16103.6229,16103.6229,0
130594,513.59,16103.6229,16103.6229,0
130595,513.59,16103.6229,16103.6229,0
130599,513.63,16103.6229,16103.6229,0
130602,513.63,16103.6229,16103.6229,0
130606,513.65,16103.6229,16103.6229,0
130608,513.66,16103.6229,16103.6229,0
130613,513.73,16103.6229,16103.6229,0
130617,513.76,16103.6229,16103.6229,0
130620,513.78,16103.6229,16103.6229,0
130622,513.80,16103.6229,16103.6229,0
130626,513.81,16103.6229,16103.6229,0
130629,513.83,16103.6229,16103.6229,0
130637,513.91,16103.6229,16103.6229,0
130641,513.94,16103.6229,16103.6229,0
130643,513.94,16103.6229,16103.6229,0
130648,513.98,16103.6229,16103.6229,0
130659,514.06,16103.6229,16103.6229,0
130663,514.07,16103.6229,16103.6229,0
130667,514.09,16103.6229,16103.6229,0
130668,514.09,16103.6229,16103.6229,0
130669,514.09,16103.6229,16103.6229,0
130676,514.12,16103.6229,16103.6229,0
130679,514.12,16103.6229,16103.6229,0
130687,514.14,16103.6229,16103.6229,0
130689,514.15,16103.6229,16103.6229,0
130690,514.15,16103.6229,16103.6229,0
130691,514.15,16103.6229,16103.6229,0
130701,514.16,16103.6229,16103.6229,0
130705,514.16,16103.6229,16103.6229,0
130709,514.16,16103.6229,16103.6229,0
130718,514.28,16103.6229,16103.6229,0
130726,514.34,16103.6229,16103.6229,0
130731,514.39,16103.6229,16103.6229,0
130742,514.44,16103.6229,16103.6229,0
130746,514.46,16103.6229,16103.6229,0
130751,514.49,16103.6229,16103.6229,0
130755,514.54,16103.6229,16103.6229,0
130761,514.59,16103.6229,16103.6229,0
130766,514.61,16103.6229,16103.6229,0
130769,514.63,16103.6229,16103.6229,0
130770,514.63,16103.6229,16103.6229,0
130771,514.63,16103.6229,16103.6229,0
130772,514.63,16103.6229,16103.6229,0
130778,514.67,16103.6229,16103.6229,0
130785,514.70,16103.6229,16103.6229,0
130787,514.72,16103.6229,16103.6229,0
130792,514.73,16103.6229,16103.6229,0
130797,514.73,16103.6229,16103.6229,0
130805,514.76,16103.6229,16103.6229,0
130810,514.78,16103.6229,16103.6229,0
130814,514.81,16103.6229,16103.6229,0
130816,514.81,16103.6229,16103.6229,0
130822,514.83,16103.6229,16103.6229,0
130831,514.85,16103.6229,16103.6229,0
130838,514.91,16103.6229,16103.6229,0
130845,514.99,16103.6229,16103.6229,0
130848,515.00,16103.6229,16103.6229,0
130849,515.00,16103.6229,16103.6229,0
130850,515.00,16103.6229,16103.6229,0
130853,515.00,16103.6229,16103.6229,0
130856,515.00,16103.6229,16103.6229,0
130859,515.03,16103.6229,16103.6229,0
130867,515.09,16103.6229,16103.6229,0
130871,515.09,16103.6229,16103.6229,0
130874,515.09,16103.6229,16103.6229,0
130890,515.25,16103.6229,16103.6229,0
130891,515.25,16103.6229,16103.6229,0
130893,515.27,16103.6229,16103.6229,0
130896,515.29,16103.6229,16103.6229,0
130898,515.29,16103.6229,16103.6229,0
130906,515.32,16103.6229,16103.6229,0
130908,515.34,16103.6229,16103.6229,0
130909,515.35,16103.6229,16103.6229,0
130911,515.35,16103.6229,16103.6229,0
130914,515.35,16103.6229,16103.6229,0
130920,515.43,16103.6229,16103.6229,0
130921,515.43,16103.6229,16103.6229,0
130924,515.45,16103.6229,16103.6229,0
130927,515.45,16103.6229,16103.6229,0
130929,515.46,16103.6229,16103.6229,0
130944,515.60,16103.6229,16103.6229,0
130945,515.60,16103.6229,16103.6229,0
130950,515.63,16103.6229,16103.6229,0
130966,515.76,16103.6229,16103.6229,0
130971,515.82,16103.6229,16103.6229,0
130972,515.83,16103.6229,16103.6229,0
130974,515.87,16103.6229,16103.6229,0
130986,515.93,16103.6229,16103.6229,0
130987,515.94,16103.6229,16103.6229,0
130989,515.96,16103.6229,16103.6229,0
130996,515.96,16103.6229,16103.6229,0
130997,515.97,16103.6229,16103.6229,0
131009,516.05,16103.6229,16103.6229,0
131020,516.15,16103.6229,16103.6229,0
131021,516.15,16103.6229,16103.6229,0
131039,516.28,16103.6229,16103.6229,0
131043,516.31,16103.6229,16103.6229,0
131051,516.35,16103.6229,16103.6229,1
131054,516.56,16103.6229,16103.6229,0
131059,516.59,16103.6229,16103.6229,0
131061,516.59,16103.6229,16103.6229,0
131062,516.60,16103.6229,16103.6229,0
131063,516.60,16103.6229,16103.6229,0
131081,516.74,16103.6229,16103.6229,0
131082,516.75,16103.6229,16103.6229,0
131083,516.75,16103.6229,16103.6229,0
131088,516.75,16103.6229,16103.6229,0
131089,516.75,16103.6229,16103.6229,0
131094,516.78,16103.6229,16103.6229,0
131099,516.83,16103.6229,16103.6229,0
131102,516.85,16103.6229,16103.6229,0
131114,516.90,16103.6229,16103.6229,0
131117,516.94,16103.6229,16103.6229,0
131122,516.97,16103.6229,16103.6229,0
131123,516.97,16103.6229,16103.6229,0
131125,516.97,16103.6229,16103.6229,0
131130,516.98,16103.6229,16103.6229,0
131135,516.99,16103.6229,16103.6229,0
131139,517.02,16103.6229,16103.6229,0
131142,517.02,16103.6229,16103.6229,0
131143,517.03,16103.6229,16103.6229,0
131144,517.03,16103.6229,16103.6229,0
131147,517.05,16103.6229,16103.6229,0
131152,517.07,16103.6229,16103.6229,0
131157,517.11,16103.6229,16103.6229,0
131159,517.11,16103.6229,16103.6229,0
131165,517.16,16103.6229,16103.6229,0
131171,517.22,16103.6229,16103.6229,0
131176,517.23,16103.6229,16103.6229,0
131177,517.23,16103.6229,16103.6229,0
131181,517.25,16103.6229,16103.6229,0
131187,517.33,16103.6229,16103.6229,0
131190,517.33,16103.6229,16103.6229,0
131194,517.33,16103.6229,16103.6229,0
131195,517.34,16103.6229,16103.6229,0
131196,517.34,16103.6229,16103.6229,0
131199,517.35,16103.6229,16103.6229,0
131203,517.37,16103.6229,16103.6229,0
131206,517.37,16103.6229,16103.6229,0
131213,517.41,16103.6229,16103.6229,0
131222,517.47,16103.6229,16103.6229,0
131224,517.48,16103.6229,16103.6229,0
131225,517.49,16103.6229,16103.6229,0
131237,517.53,16103.6229,16103.6229,0
131241,517.56,16103.6229,16103.6229,0
131247,517.63,16103.6229,16103.6229,0
131252,517.67,16103.6229,16103.6229,0
131257,517.71,16103.6229,16103.6229,0
131262,517.72,16103.6229,16103.6229,0
131263,517.72,16103.6229,16103.6229,0
131271,517.78,16103.6229,16103.6229,0
131272,517.78,16103.6229,16103.6229,0
131275,517.79,16103.6229,16103.6229,0
131277,517.82,16103.6229,16103.6229,0
131279,517.82,16103.6229,16103.6229,0
131280,517.82,16103.6229,16103.6229,0
131295,517.95,16103.6229,16103.6229,0
131301,517.98,16103.6229,16103.6229,0
131312,518.06,16103.6229,16103.6229,0
131316,518.10,16103.6229,16103.6229,0
131317,518.10,16103.6229,16103.6229,0
131318,518.10,16103.6229,16103.6229,0
131323,518.16,16103.6229,16103.6229,0
131324,518.16,16103.6229,16103.6229,0
131332,518.17,16103.6229,16103.6229,0
131335,518.19,16103.6229,16103.6229,0
131339,518.19,16103.6229,16103.6229,0
131342,518.21,16103.6229,16103.6229,0
131344,518.21,16103.6229,16103.6229,0
131345,518.21,16103.6229,16103.6229,0
131349,518.23,16103.6229,16103.6229,0
131357,518.26,16103.6229,16103.6229,0
131371,518.36,16103.6229,16103.6229,0
131374,518.38,16103.6229,16103.6229,0
131380,518.42,16103.6229,16103.6229,0
131383,518.42,16103.6229,16103.6229,0
131386,518.42,16103.6229,16103.6229,0
131391,518.46,16103.6229,16103.6229,0
131393,518.48,16103.6229,16103.6229,0
131396,518.51,16103.6229,16103.6229,0
131404,518.51,16103.6229,16103.6229,0
131405,518.51,16103.6229,16103.6229,0
131408,518.54,16103.6229,16103.6229,0
131425,518.66,16103.6229,16103.6229,0
131426,518.66,16103.6229,16103.6229,0
131432,518.73,16103.6229,16103.6229,0
131436,518.77,16103.6229,16103.6229,0
131437,518.77,16103.6229,16103.6229,0
131445,518.78,16103.6229,16103.6229,0
131448,518.78,16103.6229,16103.6229,0
131450,518.81,16103.6229,16103.6229,0
131451,518.81,16103.6229,16103.6229,0
131457,518.84,16103.6229,16103.6229,0
131458,518.84,16103.6229,16103.6229,0
131461,518.86,16103.6229,16103.6229,0
131462,518.86,16103.6229,16103.6229,0
131466,518.88,16103.6229,16103.6229,0
131468,518.88,16103.6229,16103.6229,0
131469,518.89,16103.6229,16103.6229,0
131472,518.93,16103.6229,16103.6229,0
131474,518.93,16103.6229,16103.6229,0
131479,518.97,16103.6229,16103.6229,0
131483,518.98,16103.6229,16103.6229,0
131484,518.98,16103.6229,16103.6229,0
131489,519.06,16103.6229,16103.6229,0
131496,519.12,16103.6229,16103.6229,0
131499,519.16,16103.6229,16103.6229,0
131505,519.20,16103.6229,16103.6229,0
131514,519.25,16103.6229,16103.6229,0
131525,519.28,16103.6229,16103.6229,0
131546,519.42,16103.6229,16103.6229,0
131563,519.50,16103.6229,16103.6229,0
131566,519.54,16103.6229,16103.6229,0
131576,519.60,16103.6229,16103.6229,0
131579,519.62,16103.6229,16103.6229,0
131582,519.64,16103.6229,16103.6229,0
131583,519.65,16103.6229,16103.6229,0
131584,519.65,16103.6229,16103.6229,0
131592,519.67,16103.6229,16103.6229,0
131594,519.67,16103.6229,16103.6229,0
131601,519.69,16103.6229,16103.6229,0
131603,519.71,16103.6229,16103.6229,0
131605,519.72,16103.6229,16103.6229,0
131607,519.74,16103.6229,16103.6229,0
131609,519.74,16103.6229,16103.6229,0
131610,519.74,16103.6229,16103.6229,0
131611,519.74,16103.6229,16103.6229,0
131613,519.76,16103.6229,16103.6229,0
131624,519.79,16103.6229,16103.6229,0
131633,519.87,16103.6229,16103.6229,0
131634,519.88,16103.6229,16103.6229,0
131635,519.88,16103.6229,16103.6229,0
131638,519.88,16103.6229,16103.6229,0
131644,519.93,16103.6229,16103.6229,0
131650,519.93,16103.6229,16103.6229,0
131654,519.94,16103.6229,16103.6229,0
131663,520.04,16103.6229,16103.6229,0
131665,520.04,16103.6229,16103.6229,0
131670,520.04,16103.6229,16103.6229,0
131671,520.05,16103.6229,16103.6229,0
131672,520.05,16103.6229,16103.6229,0
131674,520.05,16103.6229,16103.6229,0
131676,520.07,16103.6229,16103.6229,0
131677,520.07,16103.6229,16103.6229,0
131678,520.08,16103.6229,16103.6229,0
131680,520.08,16103.6229,16103.6229,0
131682,520.10,16103.6229,16103.6229,0
131683,520.10,16103.6229,16103.6229,0
131687,520.10,16103.6229,16103.6229,0
131690,520.12,16103.6229,16103.6229,0
131698,520.18,16103.6229,16103.6229,0
131699,520.19,16103.6229,16103.6229,0
131700,520.19,16103.6229,16103.6229,0
131704,520.23,16103.6229,16103.6229,0
131705,520.23,16103.6229,16103.6229,0
131714,520.27,16103.6229,16103.6229,0
131715,520.28,16103.6229,16103.6229,0
131723,520.32,16103.6229,16103.6229,0
131728,520.37,16103.6229,16103.6229,0
131730,520.38,16103.6229,16103.6229,0
131732,520.39,16103.6229,16103.6229,0
131741,520.47,16103.6229,16103.6229,0
131746,520.51,16103.6229,16103.6229,0
131750,520.52,16103.6229,16103.6229,0
131752,520.54,16103.6229,16103.6229,0
131756,520.59,16103.6229,16103.6229,0
131767,520.69,16103.6229,16103.6229,0
131769,520.71,16103.6229,16103.6229,0
131774,520.75,16103.6229,16103.6229,0
131780,520.77,16103.6229,16103.6229,0
131781,520.77,16103.6229,16103.6229,0
131783,520.78,16103.6229,16103.6229,0
131787,520.78,16103.6229,16103.6229,0
131794,520.84,16103.6229,16103.6229,0
131798,520.87,16103.6229,16103.6229,0
131824,521.02,16103.6229,16103.6229,0
131832,521.03,16103.6229,16103.6229,0
131835,521.07,16103.6229,16103.6229,0
131844,521.14,16103.6229,16103.6229,0
131846,521.15,16103.6229,16103.6229,0
131848,521.17,16103.6229,16103.6229,0
131854,521.18,16103.6229,16103.6229,0
131859,521.20,16103.6229,16103.6229,0
131861,521.22,16103.6229,16103.6229,0
131864,521.24,16103.6229,16103.6229,0
131880,521.31,16103.6229,16103.6229,0
131883,521.31,16103.6229,16103.6229,0
131891,521.37,16103.6229,16103.6229,0
131892,521.37,16103.6229,16103.6229,0
131893,521.37,16103.6229,16103.6229,0
131897,521.40,16103.6229,16103.6229,0
131901,521.44,16103.6229,16103.6229,0
131902,521.44,16103.6229,16103.6229,0
131913,521.51,16103.6229,16103.6229,0
131915,521.53,16103.6229,16103.6229,0
131917,521.55,16103.6229,16103.6229,0
131926,521.63,16103.6229,16103.6229,0
131936,521.69,16103.6229,16103.6229,0
131940,521.70,16103.6229,16103.6229,0
131942,521.72,16103.6229,16103.6229,0
131943,521.72,16103.6229,16103.6229,0
131945,521.72,16103.6229,16103.6229,0
131947,521.72,16103.6229,16103.6229,0
131950,521.74,16103.6229,16103.6229,0
131951,521.74,16103.6229,16103.6229,0
131958,521.77,16103.6229,16103.6229,0
131967,521.86,16103.6229,16103.6229,0
131979,521.98,16103.6229,16103.6229,0
131985,521.98,16103.6229,16103.6229,0
131986,521.98,16103.6229,16103.6229,0
131991,522.00,16103.6229,16103.6229,0
132004,522.12,16103.6229,16103.6229,0
132007,522.16,16103.6229,16103.6229,0
132011,522.18,16103.6229,16103.6229,0
132016,522.19,16103.6229,16103.6229,0
132017,522.19,16103.6229,16103.6229,0
132018,522.19,16103.6229,16103.6229,0
132021,522.21,16103.6229,16103.6229,0
132023,522.21,16103.6229,16103.6229,0
132026,522.24,16103.6229,16103.6229,0
132027,522.24,16103.6229,16103.6229,0
132028,522.24,16103.6229,16103.6229,0
132030,522.24,16103.6229,16103.6229,0
132033,522.25,16103.6229,16103.6229,0
132041,522.31,16103.6229,16103.6229,0
132043,522.31,16103.6229,16103.6229,0
132047,522.35,16103.6229,16103.6229,0
132049,522.35,16103.6229,16103.6229,0
132050,522.35,16103.6229,16103.6229,0
132056,522.38,16103.6229,16103.6229,0
132057,522.39,16103.6229,16103.6229,0
132058,522.39,16103.6229,16103.6229,0
132061,522.40,16103.6229,16103.6229,0
132063,522.40,16103.6229,16103.6229,0
132066,522.42,16103.6229,16103.6229,0
132073,522.45,16103.6229,16103.6229,0
132075,522.45,16103.6229,16103.6229,0
132082,522.49,16103.6229,16103.6229,0
132085,522.49,16103.6229,16103.6229,0
132091,522.50,16103.6229,16103.6229,0
132094,522.51,16103.6229,16103.6229,0
132105,522.62,16103.6229,16103.6229,0
132106,522.62,16103.6229,16103.6229,0
132114,522.63,16103.6229,16103.6229,0
132116,522.63,16103.6229,16103.6229,0
132122,522.68,16103.6229,16103.6229,0
132125,522.69,16103.6229,16103.6229,0
132133,522.76,16103.6229,16103.6229,0
132136,522.76,16103.6229,16103.6229,0
132160,522.97,16103.6229,16103.6229,0
132177,523.02,16103.6229,16103.6229,0
132190,523.11,16103.6229,16103.6229,0
132191,523.11,16103.6229,16103.6229,0
132192,523.11,16103.6229,16103.6229,0
132201,523.21,16103.6229,16103.6229,0
132211,523.25,16103.6229,16103.6229,0
132213,523.25,16103.6229,16103.6229,0
132214,523.26,16103.6229,16103.6229,0
132227,523.32,16103.6229,16103.6229,0
132230,523.35,16103.6229,16103.6229,0
132234,523.37,16103.6229,16103.6229,0
132238,523.38,16103.6229,16103.6229,0
132240,523.38,16103.6229,16103.6229,0
132246,523.40,16103.6229,16103.6229,0
132251,523.43,16103.6229,16103.6229,0
132253,523.43,16103.6229,16103.6229,0
132256,523.45,16103.6229,16103.6229,0
132257,523.45,16103.6229,16103.6229,0
132264,523.52,16103.6229,16103.6229,0
132268,523.53,16103.6229,16103.6229,0
132274,523.57,16103.6229,16103.6229,0
132281,523.60,16103.6229,16103.6229,0
132291,523.71,16103.6229,16103.6229,0
132294,523.72,16103.6229,16103.6229,0
132297,523.73,16103.6229,16103.6229,0
132303,523.77,16103.6229,16103.6229,0
132304,523.77,16103.6229,16103.6229,0
132308,523.79,16103.6229,16103.6229,0
132315,523.81,16103.6229,16103.6229,0
132335,523.97,16103.6229,16103.6229,0
132337,523.97,16103.6229,16103.6229,0
132338,523.97,16103.6229,16103.6229,0
132339,523.97,16103.6229,16103.6229,0
132353,524.06,16103.6229,16103.6229,0
132371,524.18,16103.6229,16103.6229,0
132374,524.19,16103.6229,16103.6229,0
132386,524.24,16103.6229,16103.6229,0
132390,524.27,16103.6229,16103.6229,0
132392,524.27,16103.6229,16103.6229,0
132394,524.27,16103.6229,16103.6229,0
132395,524.27,16103.6229,16103.6229,0
132399,524.30,16103.6229,16103.6229,0
132403,524.32,16103.6229,16103.6229,0
132412,524.38,16103.6229,16103.6229,0
132414,524.38,16103.6229,16103.6229,0
132431,524.53,16103.6229,16103.6229,0
132450,524.64,16103.6229,16103.6229,0
132464,524.78,16103.6229,16103.6229,0
132467,524.79,16103.6229,16103.6229,0
132468,524.79,16103.6229,16103.6229,0
132469,524.79,16103.6229,16103.6229,0
132470,524.79,16103.6229,16103.6229,0
132475,524.83,16103.6229,16103.6229,0
132478,524.83,16103.6229,16103.6229,0
132482,524.84,16103.6229,16103.6229,0
132497,524.97,16103.6229,16103.6229,0
132499,524.98,16103.6229,16103.6229,0
132508,525.06,16103.6229,16103.6229,0
132524,525.23,16103.6229,16103.6229,0
132529,525.25,16103.6229,16103.6229,0
132531,525.25,16103.6229,16103.6229,0
132539,525.30,16103.6229,16103.6229,0
132549,525.36,16103.6229,16103.6229,0
132550,525.36,16103.6229,16103.6229,0
132553,525.38,16103.6229,16103.6229,0
132558,525.39,16103.6229,16103.6229,0
132559,525.39,16103.6229,16103.6229,0
132563,525.39,16103.6229,16103.6229,0
132565,525.41,16103.6229,16103.6229,0
132573,525.49,16103.6229,16103.6229,0
132574,525.49,16103.6229,16103.6229,0
132584,525.51,16103.6229,16103.6229,0
132585,525.51,16103.6229,16103.6229,0
132598,525.58,16103.6229,16103.6229,0
132600,525.60,16103.6229,16103.6229,0
132610,525.64,16103.6229,16103.6229,0
132612,525.66,16103.6229,16103.6229,0
132615,525.67,16103.6229,16103.6229,0
132618,525.69,16103.6229,16103.6229,0
132623,525.73,16103.6229,16103.6229,0
132628,525.75,16103.6229,16103.6229,0
132635,525.77,16103.6229,16103.6229,0
132641,525.80,16103.6229,16103.6229,0
132645,525.80,16103.6229,16103.6229,0
132646,525.80,16103.6229,16103.6229,0
132647,525.80,16103.6229,16103.6229,0
132651,525.82,16103.6229,16103.6229,0
132670,525.99,16103.6229,16103.6229,0
132674,526.03,16103.6229,16103.6229,0
132679,526.03,16103.6229,16103.6229,0
132689,526.08,16103.6229,16103.6229,0
132690,526.08,16103.6229,16103.6229,0
132692,526.08,16103.6229,16103.6229,0
132706,526.17,16103.6229,16103.6229,0
132708,526.20,16103.6229,16103.6229,0
132710,526.21,16103.6229,16103.6229,0
132714,526.22,16103.6229,16103.6229,0
132716,526.23,16103.6229,16103.6229,0
132717,526.23,16103.6229,16103.6229,0
132718,526.23,16103.6229,16103.6229,0
132719,526.23,16103.6229,16103.6229,0
132725,526.32,16103.6229,16103.6229,0
132727,526.34,16103.6229,16103.6229,0
132732,526.38,16103.6229,16103.6229,0
132747,526.48,16103.6229,16103.6229,0
132749,526.49,16103.6229,16103.6229,0
132750,526.49,16103.6229,16103.6229,0
132759,526.60,16103.6229,16103.6229,0
132767,526.69,16103.6229,16103.6229,0
132773,526.69,16103.6229,16103.6229,0
132775,526.71,16103.6229,16103.6229,0
132778,526.72,16103.6229,16103.6229,0
132779,526.72,16103.6229,16103.6229,0
132782,526.72,16103.6229,16103.6229,0
132783,526.72,16103.6229,16103.6229,0
132789,526.77,16103.6229,16103.6229,0
132795,526.79,16103.6229,16103.6229,0
132800,526.81,16103.6229,16103.6229,0
132806,526.82,16103.6229,16103.6229,0
132807,526.82,16103.6229,16103.6229,0
132812,526.86,16103.6229,16103.6229,0
132813,526.86,16103.6229,16103.6229,0
132814,526.86,16103.6229,16103.6229,0
132815,526.86,16103.6229,16103.6229,0
132816,526.87,16103.6229,16103.6229,0
132819,526.87,16103.6229,16103.6229,0
132823,526.89,16103.6229,16103.6229,0
132825,526.90,16103.6229,16103.6229,0
132828,526.90,16103.6229,16103.6229,0
132830,526.92,16103.6229,16103.6229,0
132834,526.94,16103.6229,16103.6229,0
132838,526.95,16103.6229,16103.6229,0
132840,526.95,16103.6229,16103.6229,0
132842,526.97,16103.6229,16103.6229,0
132845,526.99,16103.6229,16103.6229,0
132850,527.01,16103.6229,16103.6229,0
132852,527.01,16103.6229,16103.6229,0
132853,527.02,16103.6229,16103.6229,0
132871,527.10,16103.6229,16103.6229,0
132872,527.11,16103.6229,16103.6229,0
132876,527.11,16103.6229,16103.6229,0
132879,527.12,16103.6229,16103.6229,0
132883,527.14,16103.6229,16103.6229,0
132889,527.20,16103.6229,16103.6229,0
132890,527.21,16103.6229,16103.6229,0
132891,527.21,16103.6229,16103.6229,0
132896,527.26,16103.6229,16103.6229,0
132898,527.26,16103.6229,16103.6229,0
132901,527.28,16103.6229,16103.6229,0
132902,527.28,16103.6229,16103.6229,0
132907,527.29,16103.6229,16103.6229,0
132913,527.31,16103.6229,16103.6229,0
132914,527.31,16103.6229,16103.6229,0
132918,527.33,16103.6229,16103.6229,0
132923,527.34,16103.6229,16103.6229,0
132926,527.34,16103.6229,16103.6229,0
132929,527.36,16103.6229,16103.6229,0
132933,527.40,16103.6229,16103.6229,0
132934,527.40,16103.6229,16103.6229,0
132935,527.40,16103.6229,16103.6229,0
132936,527.41,16103.6229,16103.6229,0
132943,527.41,16103.6229,16103.6229,0
132944,527.41,16103.6229,16103.6229,0
132946,527.42,16103.6229,16103.6229,0
132948,527.44,16103.6229,16103.6229,0
132951,527.46,16103.6229,16103.6229,0
132953,527.48,16103.6229,16103.6229,0
132958,527.50,16103.6229,16103.6229,0
132959,527.50,16103.6229,16103.6229,0
132961,527.52,16103.6229,16103.6229,0
132967,527.55,16103.6229,16103.6229,0
132974,527.58,16103.6229,16103.6229,0
132975,527.58,16103.6229,16103.6229,0
132977,527.59,16103.6229,16103.6229,0
132978,527.60,16103.6229,16103.6229,0
132980,527.60,16103.6229,16103.6229,0
132982,527.60,16103.6229,16103.6229,0
132983,527.60,16103.6229,16103.6229,0
132988,527.60,16103.6229,16103.6229,0
132991,527.64,16103.6229,16103.6229,0
132992,527.64,16103.6229,16103.6229,0
133004,527.69,16103.6229,16103.6229,0
133005,527.69,16103.6229,16103.6229,0
133008,527.71,16103.6229,16103.6229,0
133014,527.72,16103.6229,16103.6229,0
133015,527.73,16103.6229,16103.6229,0
133016,527.73,16103.6229,16103.6229,0
133019,527.75,16103.6229,16103.6229,0
133023,527.76,16103.6229,16103.6229,0
133024,527.76,16103.6229,16103.6229,0
133037,527.82,16103.6229,16103.6229,0
133038,527.83,16103.6229,16103.6229,0
133042,527.85,16103.6229,16103.6229,0
133043,527.85,16103.6229,16103.6229,0
133046,527.85,16103.6229,16103.6229,0
133050,527.88,16103.6229,16103.6229,0
133052,527.89,16103.6229,16103.6229,0
133056,527.95,16103.6229,16103.6229,0
133058,527.95,16103.6229,16103.6229,0
133068,528.03,16103.6229,16103.6229,0
133086,528.19,16103.6229,16103.6229,0
133088,528.19,16103.6229,16103.6229,0
133091,528.21,16103.6229,16103.6229,0
133093,528.21,16103.6229,16103.6229,0
133096,528.21,16103.6229,16103.6229,0
133105,528.26,16103.6229,16103.6229,0
133113,528.30,16103.6229,16103.6229,0
133114,528.30,16103.6229,16103.6229,0
133117,528.32,16103.6229,16103.6229,0
133118,528.32,16103.6229,16103.6229,0
133137,528.39,16103.6229,16103.6229,0
133140,528.40,16103.6229,16103.6229,0
133141,528.40,16103.6229,16103.6229,0
133142,528.40,16103.6229,16103.6229,0
133161,528.49,16103.6229,16103.6229,0
133165,528.51,16103.6229,16103.6229,0
133168,528.55,16103.6229,16103.6229,0
133169,528.55,16103.6229,16103.6229,0
133170,528.55,16103.6229,16103.6229,0
133171,528.55,16103.6229,16103.6229,0
133178,528.56,16103.6229,16103.6229,0
133183,528.58,16103.6229,16103.6229,0
133186,528.60,16103.6229,16103.6229,0
133187,528.60,16103.6229,16103.6229,0
133188,528.60,16103.6229,16103.6229,0
133189,528.60,16103.6229,16103.6229,0
133201,528.74,16103.6229,16103.6229,0
133223,528.94,16103.6229,16103.6229,0
133229,528.96,16103.6229,16103.6229,0
133230,528.96,16103.6229,16103.6229,0
133233,528.97,16103.6229,16103.6229,0
133247,529.07,16103.6229,16103.6229,0
133251,529.09,16103.6229,16103.6229,0
133257,529.14,16103.6229,16103.6229,0
133260,529.16,16103.6229,16103.6229,0
133263,529.16,16103.6229,16103.6229,0
133264,529.16,16103.6229,16103.6229,0
133266,529.16,16103.6229,16103.6229,0
133276,529.24,16103.6229,16103.6229,0
133280,529.26,16103.6229,16103.6229,0
133282,529.26,16103.6229,16103.6229,0
133285,529.28,16103.6229,16103.6229,0
133286,529.29,16103.6229,16103.6229,0
133292,529.31,16103.6229,16103.6229,0
133295,529.33,16103.6229,16103.6229,0
133300,529.36,16103.6229,16103.6229,0
133311,529.42,16103.6229,16103.6229,0
133313,529.44,16103.6229,16103.6229,0
133314,529.44,16103.6229,16103.6229,0
133316,529.45,16103.6229,16103.6229,0
133322,529.51,16103.6229,16103.6229,0
133323,529.51,16103.6229,16103.6229,0
133326,529.51,16103.6229,16103.6229,0
133328,529.53,16103.6229,16103.6229,0
133330,529.55,16103.6229,16103.6229,0
133331,529.56,16103.6229,16103.6229,0
133332,529.56,16103.6229,16103.6229,0
133334,529.56,16103.6229,16103.6229,0
133337,529.60,16103.6229,16103.6229,0
133345,529.64,16103.6229,16103.6229,0
133346,529.64,16103.6229,16103.6229,0
133352,529.67,16103.6229,16103.6229,0
133353,529.68,16103.6229,16103.6229,0
133356,529.70,16103.6229,16103.6229,0
133372,529.78,16103.6229,16103.6229,0
133383,529.86,16103.6229,16103.6229,0
133386,529.89,16103.6229,16103.6229,0
133387,529.89,16103.6229,16103.6229,0
133395,529.96,16103.6229,16103.6229,0
133400,530.00,16103.6229,16103.6229,0
133404,530.00,16103.6229,16103.6229,0
133408,530.04,16103.6229,16103.6229,0
133411,530.05,16103.6229,16103.6229,0
133418,530.07,16103.6229,16103.6229,0
133424,530.08,16103.6229,16103.6229,0
133425,530.08,16103.6229,16103.6229,0
133426,530.08,16103.6229,16103.6229,0
133428,530.08,16103.6229,16103.6229,0
133429,530.08,16103.6229,16103.6229,0
133432,530.09,16103.6229,16103.6229,0
133440,530.12,16103.6229,16103.6229,0
133441,530.12,16103.6229,16103.6229,0
133442,530.13,16103.6229,16103.6229,0
133449,530.17,16103.6229,16103.6229,0
133452,530.18,16103.6229,16103.6229,0
133454,530.18,16103.6229,16103.6229,0
133458,530.20,16103.6229,16103.6229,0
133464,530.20,16103.6229,16103.6229,0
133468,530.21,16103.6229,16103.6229,0
133473,530.25,16103.6229,16103.6229,0
133475,530.25,16103.6229,16103.6229,0
133477,530.25,16103.6229,16103.6229,0
133482,530.30,16103.6229,16103.6229,0
133483,530.30,16103.6229,16103.6229,0
133489,530.36,16103.6229,16103.6229,0
133490,530.36,16103.6229,16103.6229,0
133491,530.37,16103.6229,16103.6229,0
133494,530.37,16103.6229,16103.6229,0
133496,530.37,16103.6229,16103.6229,0
133502,530.40,16103.6229,16103.6229,0
133503,530.40,16103.6229,16103.6229,0
133505,530.40,16103.6229,16103.6229,0
133506,530.40,16103.6229,16103.6229,0
133507,530.40,16103.6229,16103.6229,0
133508,530.40,16103.6229,16103.6229,0
133515,530.43,16103.6229,16103.6229,0
133518,530.45,16103.6229,16103.6229,0
133519,530.45,16103.6229,16103.6229,0
133522,530.47,16103.6229,16103.6229,0
133523,530.47,16103.6229,16103.6229,0
133529,530.49,16103.6229,16103.6229,0
133532,530.50,16103.6229,16103.6229,0
133534,530.50,16103.6229,16103.6229,0
133536,530.50,16103.6229,16103.6229,0
133537,530.50,16103.6229,16103.6229,0
133538,530.50,16103.6229,16103.6229,0
133549,530.56,16103.6229,16103.6229,0
133557,530.57,16103.6229,16103.6229,0
133558,530.57,16103.6229,16103.6229,0
133559,530.57,16103.6229,16103.6229,0
133561,530.57,16103.6229,16103.6229,0
133563,530.57,16103.6229,16103.6229,0
133565,530.59,16103.6229,16103.6229,0
133567,530.61,16103.6229,16103.6229,0
133571,530.62,16103.6229,16103.6229,0
133574,530.62,16103.6229,16103.6229,0
133576,530.63,16103.6229,16103.6229,0
133581,530.68,16103.6229,16103.6229,0
133582,530.68,16103.6229,16103.6229,0
133583,530.68,16103.6229,16103.6229,0
133585,530.70,16103.6229,16103.6229,0
133586,530.70,16103.6229,16103.6229,0
133589,530.72,16103.6229,16103.6229,0
133591,530.73,16103.6229,16103.6229,0
133596,530.76,16103.6229,16103.6229,0
133598,530.77,16103.6229,16103.6229,0
133599,530.77,16103.6229,16103.6229,0
133601,530.79,16103.6229,16103.6229,0
133603,530.80,16103.6229,16103.6229,0
133608,530.85,16103.6229,16103.6229,0
133610,530.86,16103.6229,16103.6229,0
133611,530.86,16103.6229,16103.6229,0
133615,530.90,16103.6229,16103.6229,0
133618,530.92,16103.6229,16103.6229,0
133625,530.96,16103.6229,16103.6229,0
133627,530.96,16103.6229,16103.6229,0
133633,530.98,16103.6229,16103.6229,0
133638,531.02,16103.6229,16103.6229,0
133640,531.03,16103.6229,16103.6229,0
133643,531.05,16103.6229,16103.6229,0
133657,531.19,16103.6229,16103.6229,0
133661,531.19,16103.6229,16103.6229,0
133669,531.23,16103.6229,16103.6229,0
133680,531.31,16103.6229,16103.6229,0
133686,531.33,16103.6229,16103.6229,0
133692,531.39,16103.6229,16103.6229,0
133693,531.39,16103.6229,16103.6229,0
133694,531.40,16103.6229,16103.6229,0
133695,531.40,16103.6229,16103.6229,0
133696,531.40,16103.6229,16103.6229,0
133698,531.40,16103.6229,16103.6229,0
133699,531.40,16103.6229,16103.6229,0
133700,531.41,16103.6229,16103.6229,0
133701,531.41,16103.6229,16103.6229,0
133709,531.47,16103.6229,16103.6229,0
133711,531.49,16103.6229,16103.6229,0
133714,531.49,16103.6229,16103.6229,0
133730,531.58,16103.6229,16103.6229,0
133735,531.64,16103.6229,16103.6229,0
133737,531.64,16103.6229,16103.6229,0
133742,531.64,16103.6229,16103.6229,0
133744,531.66,16103.6229,16103.6229,0
133747,531.66,16103.6229,16103.6229,0
133752,531.69,16103.6229,16103.6229,0
133754,531.71,16103.6229,16103.6229,0
133757,531.74,16103.6229,16103.6229,0
133760,531.76,16103.6229,16103.6229,0
133761,531.76,16103.6229,16103.6229,0
133766,531.82,16103.6229,16103.6229,0
133773,531.85,16103.6229,16103.6229,0
133776,531.87,16103.6229,16103.6229,0
133778,531.87,16103.6229,16103.6229,0
133780,531.87,16103.6229,16103.6229,0
133783,531.90,16103.6229,16103.6229,0
133785,531.90,16103.6229,16103.6229,0
133789,531.91,16103.6229,16103.6229,0
133790,531.91,16103.6229,16103.6229,0
133791,531.91,16103.6229,16103.6229,0
133794,531.93,16103.6229,16103.6229,0
133795,531.93,16103.6229,16103.6229,0
133797,531.93,16103.6229,16103.6229,0
133800,531.93,16103.6229,16103.6229,0
133803,531.93,16103.6229,16103.6229,0
133804,531.93,16103.6229,16103.6229,0
133817,532.00,16103.6229,16103.6229,0
133820,532.00,16103.6229,16103.6229,0
133822,532.00,16103.6229,16103.6229,0
133837,532.06,16103.6229,16103.6229,0
133838,532.06,16103.6229,16103.6229,0
133839,532.06,16103.6229,16103.6229,0
133841,532.06,16103.6229,16103.6229,0
133842,532.06,16103.6229,16103.6229,0
133847,532.08,16103.6229,16103.6229,0
133848,532.08,16103.6229,16103.6229,0
133861,532.18,16103.6229,16103.6229,0
133867,532.21,16103.6229,16103.6229,0
133901,532.48,16103.6229,16103.6229,0
133902,532.48,16103.6229,16103.6229,0
133912,532.57,16103.6229,16103.6229,0
133913,532.57,16103.6229,16103.6229,0
133914,532.57,16103.6229,16103.6229,0
133916,532.57,16103.6229,16103.6229,0
133918,532.58,16103.6229,16103.6229,0
133922,532.58,16103.6229,16103.6229,0
133926,532.62,16103.6229,16103.6229,0
133928,532.64,16103.6229,16103.6229,0
133929,532.65,16103.6229,16103.6229,0
133932,532.65,16103.6229,16103.6229,0
133935,532.67,16103.6229,16103.6229,0
133936,532.67,16103.6229,16103.6229,0
133942,532.70,16103.6229,16103.6229,0
133943,532.70,16103.6229,16103.6229,0
133949,532.76,16103.6229,16103.6229,0
133951,532.78,16103.6229,16103.6229,0
133954,532.82,16103.6229,16103.6229,0
133957,532.82,16103.6229,16103.6229,0
133958,532.82,16103.6229,16103.6229,0
133960,532.82,16103.6229,16103.6229,0
133965,532.83,16103.6229,16103.6229,0
133968,532.85,16103.6229,16103.6229,0
133969,532.85,16103.6229,16103.6229,0
133975,532.90,16103.6229,16103.6229,0
133977,532.90,16103.6229,16103.6229,0
133982,532.90,16103.6229,16103.6229,0
133990,532.93,16103.6229,16103.6229,0
134003,532.99,16103.6229,16103.6229,0
134005,532.99,16103.6229,16103.6229,0
134019,533.06,16103.6229,16103.6229,0
134032,533.14,16103.6229,16103.6229,0
134037,533.19,16103.6229,16103.6229,0
134042,533.23,16103.6229,16103.6229,0
134046,533.26,16103.6229,16103.6229,0
134047,533.26,16103.6229,16103.6229,0
134049,533.26,16103.6229,16103.6229,0
134055,533.30,16103.6229,16103.6229,1
134056,533.43,15871.4115,16103.6229,0
134057,533.47,15871.4115,16103.6229,0
134058,533.49,15900.3069,16103.6229,0
134059,533.55,15900.3069,16103.6229,0
134060,533.57,15900.3069,16103.6229,0
134064,533.78,15900.3069,16103.6229,0
134066,533.88,15900.3069,16103.6229,0
134068,533.94,15958.6303,16103.6229,0
134070,533.96,15958.6303,16103.6229,0
134071,534.01,15958.6303,16103.6229,0
134072,534.01,15958.6303,16103.6229,0
134073,534.04,15958.6303,16103.6229,0
134074,534.04,15958.6303,16103.6229,0
134075,534.04,15958.6303,16103.6229,0
134076,534.06,15958.6303,16103.6229,0
134077,534.09,15983.4869,16103.6229,0
134079,534.15,15983.4869,16103.6229,0
134080,534.16,15983.4869,16103.6229,0
134083,534.27,15983.4869,16103.6229,0
134096,534.46,15983.4869,16103.6229,0
134104,534.53,15983.4869,16103.6229,0
134105,534.55,15983.4869,16103.6229,0
134108,534.58,15983.4869,16103.6229,0
134113,534.58,15983.4869,16103.6229,0
134114,534.68,15983.4869,16103.6229,0
134116,534.71,15983.4869,16103.6229,0
134126,534.78,15983.4869,16103.6229,0
134130,534.82,15983.4869,16103.6229,0
134131,534.82,15983.4869,16103.6229,0
134134,534.84,15983.4869,16103.6229,0
134140,534.88,15983.4869,16103.6229,0
134143,534.90,15983.4869,16103.6229,0
134155,535.04,15983.4869,16103.6229,0
134157,535.06,15983.4869,16103.6229,0
134158,535.06,15983.4869,16103.6229,0
134163,535.10,15983.4869,16103.6229,0
134164,535.11,15983.4869,16103.6229,0
134166,535.11,15983.4869,16103.6229,0
134171,535.19,15983.4869,16103.6229,0
134172,535.19,15983.4869,16103.6229,0
134175,535.20,15983.4869,16103.6229,0
134180,535.24,15983.4869,16103.6229,0
134186,535.28,15983.4869,16103.6229,0
134193,535.30,15983.4869,16103.6229,0
134202,535.35,15983.4869,16103.6229,0
134211,535.38,15983.4869,16103.6229,0
134213,535.41,15983.4869,16103.6229,0
134214,535.41,15983.4869,16103.6229,0
134215,535.41,15983.4869,16103.6229,0
134220,535.45,15983.4869,16103.6229,0
134221,535.46,15983.4869,16103.6229,0
134224,535.48,15983.4869,16103.6229,0
134226,535.50,15983.4869,16103.6229,0
134230,535.52,15983.4869,16103.6229,0
134243,535.64,15983.4869,16103.6229,0
134244,535.64,15983.4869,16103.6229,0
134250,535.64,15983.4869,16103.6229,0
134255,535.72,15983.4869,16103.6229,0
134262,535.78,15983.4869,16103.6229,0
134265,535.81,15983.4869,16103.6229,0
134281,535.93,15983.4869,16103.6229,0
134284,535.96,15983.4869,16103.6229,0
134287,535.97,15983.4869,16103.6229,0
134289,535.97,15983.4869,16103.6229,0
134295,536.01,15983.4869,16103.6229,0
134296,536.02,15983.4869,16103.6229,0
134298,536.02,15983.4869,16103.6229,0
134304,536.06,15983.4869,16103.6229,0
134309,536.09,15983.4869,16103.6229,0
134319,536.14,15983.4869,16103.6229,0
134326,536.23,15983.4869,16103.6229,0
134327,536.23,15983.4869,16103.6229,0
134333,536.29,15983.4869,16103.6229,0
134340,536.31,15983.4869,16103.6229,0
134345,536.35,15983.4869,16103.6229,0
134347,536.35,15983.4869,16103.6229,0
134350,536.40,15983.4869,16103.6229,0
134354,536.43,15983.4869,16103.6229,0
134358,536.43,15983.4869,16103.6229,0
134362,536.45,15983.4869,16103.6229,0
134370,536.48,15983.4869,16103.6229,0
134372,536.50,15983.4869,16103.6229,0
134381,536.57,15983.4869,16103.6229,0
134389,536.65,15983.4869,16103.6229,0
134390,536.65,15983.4869,16103.6229,0
134395,536.66,15983.4869,16103.6229,0
134398,536.66,15983.4869,16103.6229,0
134405,536.70,15983.4869,16103.6229,0
134406,536.70,15983.4869,16103.6229,0
134407,536.70,15983.4869,16103.6229,0
134409,536.73,15983.4869,16103.6229,0
134410,536.74,15983.4869,16103.6229,0
134415,536.74,15983.4869,16103.6229,0
134416,536.77,15983.4869,16103.6229,0
134418,536.79,15983.4869,16103.6229,0
134422,536.79,15983.4869,16103.6229,0
134424,536.80,15983.4869,16103.6229,0
134427,536.82,15983.4869,16103.6229,0
134437,536.89,15983.4869,16103.6229,0
134439,536.89,15983.4869,16103.6229,0
134440,536.89,15983.4869,16103.6229,0
134441,536.90,15983.4869,16103.6229,0
134442,536.90,15983.4869,16103.6229,0
134447,536.93,15983.4869,16103.6229,0
134451,536.95,15983.4869,16103.6229,0
134454,536.96,15983.4869,16103.6229,0
134457,537.00,15983.4869,16103.6229,0
134458,537.00,15983.4869,16103.6229,0
134461,537.01,15983.4869,16103.6229,0
134465,537.03,15983.4869,16103.6229,0
134469,537.06,15983.4869,16103.6229,0
134470,537.07,15983.4869,16103.6229,0
134478,537.13,15983.4869,16103.6229,0
134482,537.16,15983.4869,16103.6229,0
134486,537.19,15983.4869,16103.6229,0
134489,537.20,15983.4869,16103.6229,0
134491,537.20,15983.4869,16103.6229,0
134493,537.20,15983.4869,16103.6229,0
134494,537.21,15983.4869,16103.6229,0
134495,537.22,15983.4869,16103.6229,0
134496,537.23,15983.4869,16103.6229,0
134497,537.23,15983.4869,16103.6229,0
134500,537.23,15983.4869,16103.6229,0
134502,537.25,15983.4869,16103.6229,0
134508,537.29,15983.4869,16103.6229,0
134509,537.30,15983.4869,16103.6229,0
134510,537.30,15983.4869,16103.6229,0
134511,537.31,15983.4869,16103.6229,0
134519,537.41,15983.4869,16103.6229,0
134521,537.43,15983.4869,16103.6229,0
134524,537.45,15983.4869,16103.6229,0
134526,537.45,15983.4869,16103.6229,0
134529,537.47,15983.4869,16103.6229,0
134531,537.49,15983.4869,16103.6229,0
134532,537.49,15983.4869,16103.6229,0
134536,537.52,15983.4869,16103.6229,0
134543,537.57,15983.4869,16103.6229,0
134554,537.61,15983.4869,16103.6229,0
134555,537.62,15983.4869,16103.6229,0
134557,537.62,15983.4869,16103.6229,0
134562,537.63,15983.4869,16103.6229,0
134571,537.69,15983.4869,16103.6229,0
134574,537.70,15983.4869,16103.6229,0
134577,537.72,15983.4869,16103.6229,0
134578,537.72,15983.4869,16103.6229,0
134579,537.72,15983.4869,16103.6229,0
134580,537.73,15983.4869,16103.6229,0
134583,537.73,15983.4869,16103.6229,0
134584,537.74,15983.4869,16103.6229,0
134588,537.74,15983.4869,16103.6229,0
134596,537.83,15983.4869,16103.6229,0
134600,537.86,15983.4869,16103.6229,0
134601,537.86,15983.4869,16103.6229,0
134603,537.86,15983.4869,16103.6229,0
134609,537.93,15983.4869,16103.6229,0
134620,537.99,15983.4869,16103.6229,0
134623,538.01,15983.4869,16103.6229,0
134631,538.06,15983.4869,16103.6229,0
134632,538.06,15983.4869,16103.6229,0
134636,538.12,15983.4869,16103.6229,0
134637,538.12,15983.4869,16103.6229,0
134644,538.15,15983.4869,16103.6229,0
134645,538.15,15983.4869,16103.6229,0
134651,538.18,15983.4869,16103.6229,0
134653,538.19,15983.4869,16103.6229,0
134658,538.23,15983.4869,16103.6229,0
134661,538.26,15983.4869,16103.6229,0
134664,538.30,15983.4869,16103.6229,0
134675,538.43,15983.4869,16103.6229,0
134676,538.44,15983.4869,16103.6229,0
134677,538.46,15983.4869,16103.6229,0
134679,538.49,15983.4869,16103.6229,0
134685,538.54,15983.4869,16103.6229,0
134688,538.55,15983.4869,16103.6229,0
134702,538.61,15983.4869,16103.6229,0
134708,538.64,15983.4869,16103.6229,0
134712,538.67,15983.4869,16103.6229,0
134723,538.77,15983.4869,16103.6229,0
134725,538.77,15983.4869,16103.6229,0
134726,538.78,15983.4869,16103.6229,0
134728,538.78,15983.4869,16103.6229,0
134733,538.83,15983.4869,16103.6229,0
134738,538.83,15983.4869,16103.6229,0
134746,538.86,15983.4869,16103.6229,0
134748,538.87,15983.4869,16103.6229,0
134753,538.89,15983.4869,16103.6229,0
134764,538.98,15983.4869,16103.6229,0
134767,538.99,15983.4869,16103.6229,0
134773,539.03,15983.4869,16103.6229,0
134774,539.04,15983.4869,16103.6229,0
134784,539.10,15983.4869,16103.6229,0
134786,539.10,15983.4869,16103.6229,0
134789,539.11,15983.4869,16103.6229,0
134793,539.11,15983.4869,16103.6229,0
134803,539.17,15983.4869,16103.6229,0
134805,539.19,15983.4869,16103.6229,0
134807,539.20,15983.4869,16103.6229,0
134808,539.20,15983.4869,16103.6229,0
134809,539.21,15983.4869,16103.6229,0
134817,539.30,15983.4869,16103.6229,0
134818,539.30,15983.4869,16103.6229,0
134829,539.42,15983.4869,16103.6229,0
134833,539.45,15983.4869,16103.6229,0
134834,539.45,15983.4869,16103.6229,0
134838,539.46,15983.4869,16103.6229,0
134841,539.48,15983.4869,16103.6229,0
134842,539.48,15983.4869,16103.6229,0
134843,539.48,15983.4869,16103.6229,0
134847,539.50,15983.4869,16103.6229,0
134857,539.57,15983.4869,16103.6229,0
134864,539.67,15983.4869,16103.6229,0
134865,539.67,15983.4869,16103.6229,0
134878,539.79,15983.4869,16103.6229,0
134879,539.79,15983.4869,16103.6229,0
134895,539.88,15983.4869,16103.6229,0
134896,539.88,15983.4869,16103.6229,0
134898,539.88,15983.4869,16103.6229,0
134899,539.89,15983.4869,16103.6229,0
134901,539.91,15983.4869,16103.6229,0
134902,539.91,15983.4869,16103.6229,0
134909,539.95,15983.4869,16103.6229,0
134914,539.99,15983.4869,16103.6229,0
134915,539.99,15983.4869,16103.6229,0
134921,540.02,15983.4869,16103.6229,0
134925,540.06,15983.4869,16103.6229,0
134927,540.06,15983.4869,16103.6229,0
134928,540.06,15983.4869,16103.6229,0
134930,540.08,15983.4869,16103.6229,0
134931,540.08,15983.4869,16103.6229,0
134932,540.09,15983.4869,16103.6229,0
134935,540.09,15983.4869,16103.6229,0
134936,540.09,15983.4869,16103.6229,0
134938,540.09,15983.4869,16103.6229,0
134945,540.17,15983.4869,16103.6229,0
134951,540.18,15983.4869,16103.6229,0
134953,540.20,15983.4869,16103.6229,0
134955,540.22,15983.4869,16103.6229,0
134959,540.26,15983.4869,16103.6229,0
134964,540.28,15983.4869,16103.6229,0
134969,540.32,15983.4869,16103.6229,0
134970,540.33,15983.4869,16103.6229,0
134971,540.33,15983.4869,16103.6229,0
134974,540.36,15983.4869,16103.6229,0
134976,540.36,15983.4869,16103.6229,0
134977,540.37,15983.4869,16103.6229,0
134984,540.43,15983.4869,16103.6229,0
134991,540.50,15983.4869,16103.6229,0
134992,540.51,15983.4869,16103.6229,0
135008,540.69,15983.4869,16103.6229,0
135010,540.71,15983.4869,16103.6229,0
135011,540.71,15983.4869,16103.6229,0
135014,540.75,15983.4869,16103.6229,0
135015,540.76,15983.4869,16103.6229,0
135017,540.76,15983.4869,16103.6229,0
135019,540.77,15983.4869,16103.6229,0
135022,540.79,15983.4869,16103.6229,0
135028,540.84,15983.4869,16103.6229,0
135029,540.84,15983.4869,16103.6229,0
135033,540.89,15983.4869,16103.6229,0
135035,540.91,15983.4869,16103.6229,0
135040,540.91,15983.4869,16103.6229,0
135042,540.91,15983.4869,16103.6229,0
135044,540.92,15983.4869,16103.6229,0
135064,541.07,15983.4869,16103.6229,0
135068,541.11,15983.4869,16103.6229,0
135069,541.11,15983.4869,16103.6229,0
135073,541.12,15983.4869,16103.6229,0
135075,541.13,15983.4869,16103.6229,0
135092,541.28,15983.4869,16103.6229,0
135096,541.32,15983.4869,16103.6229,0
135100,541.33,15983.4869,16103.6229,0
135104,541.33,15983.4869,16103.6229,0
135112,541.36,15983.4869,16103.6229,0
135115,541.40,15983.4869,16103.6229,0
135116,541.41,15983.4869,16103.6229,0
135117,541.41,15983.4869,16103.6229,0
135122,541.41,15983.4869,16103.6229,0
135125,541.44,15983.4869,16103.6229,0
135130,541.47,15983.4869,16103.6229,0
135135,541.51,15983.4869,16103.6229,0
135139,541.54,15983.4869,16103.6229,0
135141,541.54,15983.4869,16103.6229,0
135142,541.55,15983.4869,16103.6229,0
135143,541.55,15983.4869,16103.6229,0
135146,541.56,15983.4869,16103.6229,0
135147,541.56,15983.4869,16103.6229,0
135151,541.58,15983.4869,16103.6229,0
135157,541.63,15983.4869,16103.6229,0
135159,541.63,15983.4869,16103.6229,0
135160,541.63,15983.4869,16103.6229,0
135162,541.63,15983.4869,16103.6229,0
135163,541.63,15983.4869,16103.6229,0
135165,541.64,15983.4869,16103.6229,0
135166,541.66,15983.4869,16103.6229,0
135169,541.70,15983.4869,16103.6229,0
135182,541.77,15983.4869,16103.6229,0
135183,541.77,15983.4869,16103.6229,0
135184,541.78,15983.4869,16103.6229,0
135185,541.78,15983.4869,16103.6229,0
135198,541.88,15983.4869,16103.6229,0
135201,541.88,15983.4869,16103.6229,0
135203,541.89,15983.4869,16103.6229,0
135217,541.96,15983.4869,16103.6229,0
135220,541.98,15983.4869,16103.6229,0
135228,542.02,15983.4869,16103.6229,0
135229,542.02,15983.4869,16103.6229,0
135230,542.02,15983.4869,16103.6229,0
135243,542.09,15983.4869,16103.6229,0
135244,542.10,15983.4869,16103.6229,0
135247,542.10,15983.4869,16103.6229,0
135248,542.10,15983.4869,16103.6229,0
135249,542.10,15983.4869,16103.6229,0
135251,542.10,15983.4869,16103.6229,0
135253,542.13,15983.4869,16103.6229,0
135255,542.13,15983.4869,16103.6229,0
135256,542.14,15983.4869,16103.6229,0
135259,542.16,15983.4869,16103.6229,0
135263,542.18,15983.4869,16103.6229,0
135266,542.21,15983.4869,16103.6229,0
135270,542.23,15983.4869,16103.6229,0
135275,542.28,15983.4869,16103.6229,0
135279,542.31,15983.4869,16103.6229,0
135286,542.38,15983.4869,16103.6229,0
135287,542.38,15983.4869,16103.6229,0
135294,542.40,15983.4869,16103.6229,0
135302,542.45,15983.4869,16103.6229,0
135311,542.51,15983.4869,16103.6229,0
135314,542.51,15983.4869,16103.6229,0
135319,542.54,15983.4869,16103.6229,0
135325,542.56,15983.4869,16103.6229,0
135326,542.56,15983.4869,16103.6229,0
135328,542.59,15983.4869,16103.6229,0
135334,542.61,15983.4869,16103.6229,0
135337,542.64,15983.4869,16103.6229,0
135338,542.64,15983.4869,16103.6229,0
135346,542.68,15983.4869,16103.6229,0
135351,542.70,15983.4869,16103.6229,0
135355,542.74,15983.4869,16103.6229,0
135360,542.77,15983.4869,16103.6229,0
135361,542.77,15983.4869,16103.6229,0
135364,542.79,15983.4869,16103.6229,0
135366,542.81,15983.4869,16103.6229,0
135367,542.82,15983.4869,16103.6229,0
135373,542.86,15983.4869,16103.6229,0
135378,542.91,15983.4869,16103.6229,0
135386,542.97,15983.4869,16103.6229,0
135400,543.11,15983.4869,16103.6229,0
135401,543.11,15983.4869,16103.6229,0
135414,543.21,15983.4869,16103.6229,0
135415,543.21,15983.4869,16103.6229,0
135420,543.26,15983.4869,16103.6229,0
135425,543.29,15983.4869,16103.6229,0
135426,543.29,15983.4869,16103.6229,0
135427,543.32,15983.4869,16103.6229,0
135430,543.32,15983.4869,16103.6229,0
135435,543.32,15983.4869,16103.6229,0
135442,543.40,15983.4869,16103.6229,0
135447,543.42,15983.4869,16103.6229,0
135452,543.45,15983.4869,16103.6229,0
135455,543.46,15983.4869,16103.6229,0
135462,543.52,15983.4869,16103.6229,0
135464,543.55,15983.4869,16103.6229,0
135479,543.68,15983.4869,16103.6229,0
135484,543.69,15983.4869,16103.6229,0
135490,543.71,15983.4869,16103.6229,0
135495,543.75,15983.4869,16103.6229,0
135501,543.78,15983.4869,16103.6229,0
135503,543.81,15983.4869,16103.6229,0
135505,543.81,15983.4869,16103.6229,0
135512,543.82,15983.4869,16103.6229,0
135515,543.82,15983.4869,16103.6229,0
135517,543.84,15983.4869,16103.6229,0
135521,543.87,15983.4869,16103.6229,0
135522,543.88,15983.4869,16103.6229,0
135524,543.88,15983.4869,16103.6229,0
135530,543.90,15983.4869,16103.6229,0
135534,543.94,15983.4869,16103.6229,0
135535,543.94,15983.4869,16103.6229,0
135541,543.97,15983.4869,16103.6229,0
135546,544.01,15983.4869,16103.6229,0
135555,544.05,15983.4869,16103.6229,0
135557,544.06,15983.4869,16103.6229,0
135564,544.12,15983.4869,16103.6229,0
135574,544.21,15983.4869,16103.6229,0
135578,544.23,15983.4869,16103.6229,0
135588,544.33,15983.4869,16103.6229,0
135589,544.34,15983.4869,16103.6229,0
135602,544.41,15983.4869,16103.6229,0
135611,544.47,15983.4869,16103.6229,0
135616,544.49,15983.4869,16103.6229,0
135618,544.50,15983.4869,16103.6229,0
135619,544.50,15983.4869,16103.6229,0
135622,544.52,15983.4869,16103.6229,0
135626,544.56,15983.4869,16103.6229,0
135637,544.61,15983.4869,16103.6229,0
135638,544.62,15983.4869,16103.6229,0
135643,544.69,15983.4869,16103.6229,0
135648,544.73,15983.4869,16103.6229,0
135652,544.74,15983.4869,16103.6229,0
135654,544.76,15983.4869,16103.6229,0
135656,544.77,15983.4869,16103.6229,0
135660,544.77,15983.4869,16103.6229,0
135661,544.77,15983.4869,16103.6229,0
135663,544.79,15983.4869,16103.6229,0
135666,544.84,15983.4869,16103.6229,0
135669,544.85,15983.4869,16103.6229,0
135678,544.88,15983.4869,16103.6229,0
135680,544.89,15983.4869,16103.6229,0
135689,544.97,15983.4869,16103.6229,0
135692,544.97,15983.4869,16103.6229,0
135694,544.97,15983.4869,16103.6229,0
135695,544.98,15983.4869,16103.6229,0
135696,544.98,15983.4869,16103.6229,0
135701,544.98,15983.4869,16103.6229,0
135703,545.00,15983.4869,16103.6229,0
135706,545.03,15983.4869,16103.6229,0
135709,545.07,15983.4869,16103.6229,0
135710,545.07,15983.4869,16103.6229,0
135711,545.08,15983.4869,16103.6229,0
135715,545.10,15983.4869,16103.6229,0
135716,545.11,15983.4869,16103.6229,0
135720,545.13,15983.4869,16103.6229,0
135725,545.15,15983.4869,16103.6229,0
135733,545.18,15983.4869,16103.6229,0
135741,545.23,15983.4869,16103.6229,0
135743,545.23,15983.4869,16103.6229,0
135747,545.27,15983.4869,16103.6229,0
135752,545.29,15983.4869,16103.6229,0
135754,545.30,15983.4869,16103.6229,0
135760,545.37,15983.4869,16103.6229,0
135762,545.40,15983.4869,16103.6229,0
135765,545.40,15983.4869,16103.6229,0
135766,545.41,15983.4869,16103.6229,0
135767,545.41,15983.4869,16103.6229,0
135768,545.41,15983.4869,16103.6229,0
135776,545.48,15983.4869,16103.6229,0
135780,545.51,15983.4869,16103.6229,0
135791,545.61,15983.4869,16103.6229,0
135793,545.61,15983.4869,16103.6229,0
135804,545.62,15983.4869,16103.6229,0
135816,545.69,15983.4869,16103.6229,0
135818,545.69,15983.4869,16103.6229,0
135820,545.70,15983.4869,16103.6229,0
135823,545.74,15983.4869,16103.6229,0
135828,545.76,15983.4869,16103.6229,0
135835,545.78,15983.4869,16103.6229,0
135837,545.78,15983.4869,16103.6229,0
135838,545.78,15983.4869,16103.6229,0
135839,545.79,15983.4869,16103.6229,0
135842,545.79,15983.4869,16103.6229,0
135845,545.81,15983.4869,16103.6229,0
135852,545.85,15983.4869,16103.6229,0
135854,545.85,15983.4869,16103.6229,0
135857,545.86,15983.4869,16103.6229,0
135858,545.86,15983.4869,16103.6229,0
135867,545.96,15983.4869,16103.6229,0
135871,545.98,15983.4869,16103.6229,0
135872,545.99,15983.4869,16103.6229,0
135874,545.99,15983.4869,16103.6229,0
135876,546.02,15983.4869,16103.6229,0
135879,546.04,15983.4869,16103.6229,0
135885,546.08,15983.4869,16103.6229,0
135894,546.16,15983.4869,16103.6229,0
135895,546.16,15983.4869,16103.6229,0
135897,546.18,15983.4869,16103.6229,0
135903,546.22,15983.4869,16103.6229,0
135906,546.24,15983.4869,16103.6229,0
135908,546.25,15983.4869,16103.6229,0
135909,546.25,15983.4869,16103.6229,0
135919,546.28,15983.4869,16103.6229,0
135928,546.33,15983.4869,16103.6229,0
135936,546.39,15983.4869,16103.6229,0
135949,546.53,15983.4869,16103.6229,0
135953,546.53,15983.4869,16103.6229,0
135954,546.54,15983.4869,16103.6229,0
135956,546.56,15983.4869,16103.6229,0
135957,546.57,15983.4869,16103.6229,0
135961,546.59,15983.4869,16103.6229,0
135963,546.59,15983.4869,16103.6229,0
135968,546.62,15983.4869,16103.6229,0
135971,546.64,15983.4869,16103.6229,0
135974,546.68,15983.4869,16103.6229,0
135982,546.70,15983.4869,16103.6229,0
135984,546.71,15983.4869,16103.6229,0
135993,546.79,15983.4869,16103.6229,0
136005,546.87,15983.4869,16103.6229,0
136007,546.87,15983.4869,16103.6229,0
136008,546.88,15983.4869,16103.6229,0
136010,546.90,15983.4869,16103.6229,0
136012,546.90,15983.4869,16103.6229,0
136013,546.90,15983.4869,16103.6229,0
136020,546.97,15983.4869,16103.6229,0
136024,547.01,15983.4869,16103.6229,0
136027,547.01,15983.4869,16103.6229,0
136030,547.01,15983.4869,16103.6229,0
136032,547.01,15983.4869,16103.6229,0
136033,547.02,15983.4869,16103.6229,0
136037,547.04,15983.4869,16103.6229,0
136038,547.05,15983.4869,16103.6229,0
136041,547.05,15983.4869,16103.6229,0
136042,547.06,15983.4869,16103.6229,0
136043,547.06,15983.4869,16103.6229,0
136046,547.06,15983.4869,16103.6229,0
136047,547.06,15983.4869,16103.6229,0
136054,547.12,15983.4869,16103.6229,0
136067,547.22,15983.4869,16103.6229,0
136085,547.39,15983.4869,16103.6229,0
136088,547.41,15983.4869,16103.6229,0
136092,547.42,15983.4869,16103.6229,0
136095,547.42,15983.4869,16103.6229,0
136104,547.48,15983.4869,16103.6229,0
136105,547.49,15983.4869,16103.6229,0
136107,547.51,15983.4869,16103.6229,0
136108,547.52,15983.4869,16103.6229,0
136113,547.54,15983.4869,16103.6229,0
136117,547.55,15983.4869,16103.6229,0
136121,547.57,15983.4869,16103.6229,0
136122,547.57,15983.4869,16103.6229,0
136123,547.57,15983.4869,16103.6229,0
136129,547.58,15983.4869,16103.6229,0
136136,547.62,15983.4869,16103.6229,0
136142,547.64,15983.4869,16103.6229,0
136144,547.66,15983.4869,16103.6229,0
136145,547.67,15983.4869,16103.6229,0
136146,547.67,15983.4869,16103.6229,0
136147,547.67,15983.4869,16103.6229,0
136149,547.68,15983.4869,16103.6229,0
136161,547.78,15983.4869,16103.6229,0
136166,547.80,15983.4869,16103.6229,0
136169,547.83,15983.4869,16103.6229,0
136170,547.83,15983.4869,16103.6229,0
136171,547.83,15983.4869,16103.6229,0
136178,547.87,15983.4869,16103.6229,0
136181,547.88,15983.4869,16103.6229,0
136184,547.88,15983.4869,16103.6229,0
136185,547.88,15983.4869,16103.6229,0
136186,547.88,15983.4869,16103.6229,0
136187,547.88,15983.4869,16103.6229,0
136190,547.90,15983.4869,16103.6229,0
136193,547.93,15983.4869,16103.6229,0
136206,548.03,15983.4869,16103.6229,0
136219,548.12,15983.4869,16103.6229,0
136220,548.13,15983.4869,16103.6229,0
136221,548.13,15983.4869,16103.6229,0
136226,548.14,15983.4869,16103.6229,0
136227,548.14,15983.4869,16103.6229,0
136234,548.17,15983.4869,16103.6229,0
136235,548.18,15983.4869,16103.6229,0
136236,548.18,15983.4869,16103.6229,0
136237,548.18,15983.4869,16103.6229,0
136252,548.28,15983.4869,16103.6229,0
136253,548.28,15983.4869,16103.6229,0
136256,548.29,15983.4869,16103.6229,0
136264,548.32,15983.4869,16103.6229,0
136267,548.34,15983.4869,16103.6229,0
136268,548.34,15983.4869,16103.6229,0
136279,548.44,15983.4869,16103.6229,0
136286,548.51,15983.4869,16103.6229,0
136289,548.51,15983.4869,16103.6229,0
136291,548.52,15983.4869,16103.6229,0
136294,548.52,15983.4869,16103.6229,0
136309,548.62,15983.4869,16103.6229,0
136312,548.62,15983.4869,16103.6229,0
136316,548.63,15983.4869,16103.6229,0
136327,548.73,15983.4869,16103.6229,0
136340,548.78,15983.4869,16103.6229,0
136341,548.78,15983.4869,16103.6229,0
136343,548.78,15983.4869,16103.6229,0
136344,548.78,15983.4869,16103.6229,0
136346,548.79,15983.4869,16103.6229,0
136354,548.86,15983.4869,16103.6229,0
136356,548.86,15983.4869,16103.6229,0
136358,548.87,15983.4869,16103.6229,0
136359,548.87,15983.4869,16103.6229,0
136361,548.88,15983.4869,16103.6229,0
136365,548.88,15983.4869,16103.6229,0
136367,548.88,15983.4869,16103.6229,0
136369,548.89,15983.4869,16103.6229,0
136377,548.93,15983.4869,16103.6229,0
136395,549.11,15983.4869,16103.6229,0
136396,549.12,15983.4869,16103.6229,0
136397,549.12,15983.4869,16103.6229,0
136400,549.14,15983.4869,16103.6229,0
136403,549.16,15983.4869,16103.6229,0
136416,549.19,15983.4869,16103.6229,0
136418,549.19,15983.4869,16103.6229,0
136432,549.30,15983.4869,16103.6229,0
136433,549.30,15983.4869,16103.6229,0
136434,549.30,15983.4869,16103.6229,0
136437,549.31,15983.4869,16103.6229,0
136440,549.31,15983.4869,16103.6229,0
136449,549.35,15983.4869,16103.6229,0
136452,549.37,15983.4869,16103.6229,0
136453,549.37,15983.4869,16103.6229,0
136460,549.40,15983.4869,16103.6229,0
136461,549.40,15983.4869,16103.6229,0
136463,549.42,15983.4869,16103.6229,0
136466,549.42,15983.4869,16103.6229,0
136471,549.46,15983.4869,16103.6229,0
136474,549.49,15983.4869,16103.6229,0
136476,549.51,15983.4869,16103.6229,0
136479,549.55,15983.4869,16103.6229,0
136481,549.55,15983.4869,16103.6229,0
136487,549.59,15983.4869,16103.6229,0
136490,549.60,15983.4869,16103.6229,0
136504,549.71,15983.4869,16103.6229,0
136519,549.81,15983.4869,16103.6229,0
136520,549.81,15983.4869,16103.6229,0
136522,549.81,15983.4869,16103.6229,0
136523,549.82,15983.4869,16103.6229,0
136530,549.91,15983.4869,16103.6229,0
136532,549.91,15983.4869,16103.6229,0
136534,549.91,15983.4869,16103.6229,0
136537,549.93,15983.4869,16103.6229,0
136543,549.97,15983.4869,16103.6229,0
136544,549.97,15983.4869,16103.6229,0
136550,550.01,15983.4869,16103.6229,0
136555,550.05,15983.4869,16103.6229,0
136558,550.07,15983.4869,16103.6229,0
136559,550.08,15983.4869,16103.6229,0
136564,550.08,15983.4869,16103.6229,0
136569,550.11,15983.4869,16103.6229,0
136572,550.12,15983.4869,16103.6229,0
136577,550.15,15983.4869,16103.6229,0
136578,550.16,15983.4869,16103.6229,0
136581,550.16,15983.4869,16103.6229,0
136587,550.18,15983.4869,16103.6229,0
136591,550.20,15983.4869,16103.6229,0
136593,550.22,15983.4869,16103.6229,0
136597,550.26,15983.4869,16103.6229,0
136599,550.28,15983.4869,16103.6229,0
136600,550.28,15983.4869,16103.6229,0
136601,550.28,15983.4869,16103.6229,0
136602,550.29,15983.4869,16103.6229,0
136603,550.29,15983.4869,16103.6229,0
136607,550.29,15983.4869,16103.6229,0
136608,550.30,15983.4869,16103.6229,0
136609,550.30,15983.4869,16103.6229,0
136618,550.34,15983.4869,16103.6229,0
136620,550.34,15983.4869,16103.6229,0
136622,550.35,15983.4869,16103.6229,0
136623,550.35,15983.4869,16103.6229,0
136625,550.37,15983.4869,16103.6229,0
136636,550.37,15983.4869,16103.6229,0
136639,550.38,15983.4869,16103.6229,0
136642,550.40,15983.4869,16103.6229,0
136647,550.43,15983.4869,16103.6229,0
136649,550.44,15983.4869,16103.6229,0
136650,550.45,15983.4869,16103.6229,0
136659,550.48,15983.4869,16103.6229,0
136661,550.48,15983.4869,16103.6229,0
136665,550.52,15983.4869,16103.6229,0
136668,550.55,15983.4869,16103.6229,0
136669,550.55,15983.4869,16103.6229,0
136673,550.58,15983.4869,16103.6229,0
136675,550.58,15983.4869,16103.6229,0
136681,550.61,15983.4869,16103.6229,0
136684,550.61,15983.4869,16103.6229,0
136685,550.62,15983.4869,16103.6229,0
136687,550.62,15983.4869,16103.6229,0
136689,550.62,15983.4869,16103.6229,0
136692,550.63,15983.4869,16103.6229,0
136693,550.63,15983.4869,16103.6229,0
136695,550.64,15983.4869,16103.6229,0
136697,550.64,15983.4869,16103.6229,0
136701,550.68,15983.4869,16103.6229,0
136713,550.71,15983.4869,16103.6229,0
136717,550.73,15983.4869,16103.6229,0
136720,550.75,15983.4869,16103.6229,0
136721,550.75,15983.4869,16103.6229,0
136722,550.75,15983.4869,16103.6229,0
136730,550.81,15983.4869,16103.6229,0
136737,550.85,15983.4869,16103.6229,0
136738,550.86,15983.4869,16103.6229,0
136744,550.88,15983.4869,16103.6229,0
136745,550.89,15983.4869,16103.6229,0
136751,550.94,15983.4869,16103.6229,0
136752,550.94,15983.4869,16103.6229,0
136755,550.95,15983.4869,16103.6229,0
136756,550.95,15983.4869,16103.6229,0
136758,550.97,15983.4869,16103.6229,0
136759,550.97,15983.4869,16103.6229,0
136763,551.01,15983.4869,16103.6229,0
136766,551.03,15983.4869,16103.6229,0
136768,551.03,15983.4869,16103.6229,0
136771,551.03,15983.4869,16103.6229,0
136772,551.03,15983.4869,16103.6229,0
136773,551.04,15983.4869,16103.6229,0
136775,551.06,15983.4869,16103.6229,0
136782,551.10,15983.4869,16103.6229,0
136785,551.10,15983.4869,16103.6229,0
136791,551.14,15983.4869,16103.6229,0
136799,551.18,15983.4869,16103.6229,0
136804,551.21,15983.4869,16103.6229,0
136810,551.25,15983.4869,16103.6229,0
136811,551.25,15983.4869,16103.6229,0
136822,551.28,15983.4869,16103.6229,0
136825,551.28,15983.4869,16103.6229,0
136846,551.40,15983.4869,16103.6229,0
136847,551.40,15983.4869,16103.6229,0
136853,551.44,15983.4869,16103.6229,0
136864,551.50,15983.4869,16103.6229,0
136865,551.50,15983.4869,16103.6229,0
136867,551.51,15983.4869,16103.6229,0
136872,551.53,15983.4869,16103.6229,0
136875,551.56,15983.4869,16103.6229,0
136876,551.56,15983.4869,16103.6229,0
136880,551.56,15983.4869,16103.6229,0
136881,551.56,15983.4869,16103.6229,0
136888,551.57,15983.4869,16103.6229,0
136889,551.57,15983.4869,16103.6229,0
136897,551.66,15983.4869,16103.6229,0
136907,551.72,15983.4869,16103.6229,0
136912,551.73,15983.4869,16103.6229,0
136915,551.73,15983.4869,16103.6229,0
136921,551.77,15983.4869,16103.6229,0
136923,551.77,15983.4869,16103.6229,0
136924,551.77,15983.4869,16103.6229,0
136925,551.78,15983.4869,16103.6229,0
136926,551.79,15983.4869,16103.6229,0
136927,551.79,15983.4869,16103.6229,0
136930,551.80,15983.4869,16103.6229,0
136931,551.80,15983.4869,16103.6229,0
136946,551.90,15983.4869,16103.6229,0
136961,552.03,15983.4869,16103.6229,0
136962,552.03,15983.4869,16103.6229,0
136964,552.05,15983.4869,16103.6229,0
136965,552.06,15983.4869,16103.6229,0
136969,552.09,15983.4869,16103.6229,0
136978,552.16,15983.4869,16103.6229,0
136979,552.16,15983.4869,16103.6229,0
136983,552.20,15983.4869,16103.6229,0
136988,552.25,15983.4869,16103.6229,0
136993,552.27,15983.4869,16103.6229,0
136998,552.32,15983.4869,16103.6229,0
137002,552.35,15983.4869,16103.6229,0
137003,552.35,15983.4869,16103.6229,0
137006,552.37,15983.4869,16103.6229,0
137014,552.41,15983.4869,16103.6229,0
137016,552.43,15983.4869,16103.6229,0
137017,552.43,15983.4869,16103.6229,0
137020,552.44,15983.4869,16103.6229,0
137021,552.44,15983.4869,16103.6229,0
137027,552.45,15983.4869,16103.6229,0
137035,552.50,15983.4869,16103.6229,0
137038,552.52,15983.4869,16103.6229,0
137040,552.53,15983.4869,16103.6229,0
137046,552.53,15983.4869,16103.6229,0
137049,552.54,15983.4869,16103.6229,0
137058,552.57,15983.4869,16103.6229,0
137061,552.58,15983.4869,16103.6229,0
137068,552.62,15983.4869,16103.6229,0
137071,552.63,15983.4869,16103.6229,0
137072,552.63,15983.4869,16103.6229,0
137073,552.63,15983.4869,16103.6229,0
137078,552.65,15983.4869,16103.6229,1
137080,552.78,15528.5041,16103.6229,0
137081,552.82,15556.2493,16103.6229,0
137084,552.89,15556.2493,16103.6229,0
137085,552.92,15561.6213,16103.6229,0
137086,552.96,15715.2149,16103.6229,0
137087,553.10,15715.2149,16103.6229,0
137088,553.22,15740.6548,16103.6229,0
137091,553.27,15742.0786,16103.6229,0
137096,553.42,15742.0786,16103.6229,0
137097,553.45,15742.0786,16103.6229,0
137101,553.55,15742.0786,16103.6229,0
137103,553.57,15742.0786,16103.6229,0
137104,553.61,16017.1862,16103.6229,0
137107,553.68,16017.1862,16103.6229,0
137108,553.71,16110.3636,16110.3636,0
137109,553.83,16110.3636,16110.3636,0
137114,553.88,16110.3636,16110.3636,0
137117,553.93,16110.3636,16110.3636,0
137124,554.02,16110.3636,16110.3636,0
137130,554.07,16110.3636,16110.3636,0
137134,554.14,16110.3636,16110.3636,0
137136,554.18,16110.3636,16110.3636,0
137139,554.18,16110.3636,16110.3636,0
137147,554.26,16110.3636,16110.3636,0
137154,554.30,16110.3636,16110.3636,0
137156,554.31,16110.3636,16110.3636,0
137160,554.33,16110.3636,16110.3636,0
137163,554.36,16110.3636,16110.3636,0
137167,554.37,16110.3636,16110.3636,0
137168,554.37,16110.3636,16110.3636,0
137175,554.42,16110.3636,16110.3636,0
137178,554.44,16110.3636,16110.3636,0
137189,554.55,16110.3636,16110.3636,0
137191,554.56,16110.3636,16110.3636,0
137192,554.57,16110.3636,16110.3636,0
137197,554.58,16110.3636,16110.3636,0
137202,554.60,16110.3636,16110.3636,0
137210,554.68,16110.3636,16110.3636,0
137215,554.71,16110.3636,16110.3636,0
137216,554.71,16110.3636,16110.3636,0
137231,554.81,16110.3636,16110.3636,0
137240,554.87,16110.3636,16110.3636,0
137243,554.90,16110.3636,16110.3636,0
137244,554.90,16110.3636,16110.3636,0
137245,554.90,16110.3636,16110.3636,0
137257,555.03,16110.3636,16110.3636,0
137269,555.16,16110.3636,16110.3636,0
137276,555.20,16110.3636,16110.3636,0
137281,555.26,16110.3636,16110.3636,0
137282,555.26,16110.3636,16110.3636,0
137284,555.29,16110.3636,16110.3636,0
137289,555.31,16110.3636,16110.3636,0
137292,555.33,16110.3636,16110.3636,0
137296,555.33,16110.3636,16110.3636,0
137297,555.34,16110.3636,16110.3636,0
137298,555.35,16110.3636,16110.3636,0
137300,555.36,16110.3636,16110.3636,0
137308,555.42,16110.3636,16110.3636,0
137314,555.44,16110.3636,16110.3636,0
137324,555.53,16110.3636,16110.3636,0
137325,555.54,16110.3636,16110.3636,0
137330,555.60,16110.3636,16110.3636,0
137331,555.61,16110.3636,16110.3636,0
137338,555.64,16110.3636,16110.3636,0
137343,555.68,16110.3636,16110.3636,0
137354,555.76,16110.3636,16110.3636,0
137357,555.79,16110.3636,16110.3636,0
137369,555.89,16110.3636,16110.3636,0
137372,555.93,16110.3636,16110.3636,0
137374,555.93,16110.3636,16110.3636,0
137380,555.96,16110.3636,16110.3636,0
137388,556.02,16110.3636,16110.3636,0
137394,556.04,16110.3636,16110.3636,0
137409,556.13,16110.3636,16110.3636,0
137412,556.14,16110.3636,16110.3636,0
137413,556.15,16110.3636,16110.3636,0
137418,556.15,16110.3636,16110.3636,0
137422,556.20,16110.3636,16110.3636,0
137423,556.20,16110.3636,16110.3636,0
137431,556.23,16110.3636,16110.3636,0
137433,556.25,16110.3636,16110.3636,0
137434,556.26,16110.3636,16110.3636,0
137435,556.26,16110.3636,16110.3636,0
137437,556.28,16110.3636,16110.3636,0
137441,556.29,16110.3636,16110.3636,0
137444,556.29,16110.3636,16110.3636,0
137449,556.35,16110.3636,16110.3636,0
137451,556.37,16110.3636,16110.3636,0
137452,556.38,16110.3636,16110.3636,0
137453,556.39,16110.3636,16110.3636,0
137456,556.39,16110.3636,16110.3636,0
137463,556.46,16110.3636,16110.3636,0
137465,556.51,16110.3636,16110.3636,0
137466,556.52,16110.3636,16110.3636,0
137474,556.52,16110.3636,16110.3636,0
137483,556.58,16110.3636,16110.3636,0
137488,556.58,16110.3636,16110.3636,0
137489,556.60,16110.3636,16110.3636,0
137492,556.63,16110.3636,16110.3636,0
137497,556.67,16110.3636,16110.3636,0
137499,556.67,16110.3636,16110.3636,0
137501,556.68,16110.3636,16110.3636,0
137504,556.70,16110.3636,16110.3636,0
137505,556.70,16110.3636,16110.3636,0
137506,556.71,16110.3636,16110.3636,0
137520,556.78,16110.3636,16110.3636,0
137526,556.86,16110.3636,16110.3636,0
137532,556.90,16110.3636,16110.3636,0
137533,556.91,16110.3636,16110.3636,0
137542,556.95,16110.3636,16110.3636,0
137544,556.95,16110.3636,16110.3636,0
137545,556.96,16110.3636,16110.3636,0
137549,556.97,16110.3636,16110.3636,0
137552,556.99,16110.3636,16110.3636,0
137555,557.01,16110.3636,16110.3636,0
137559,557.06,16110.3636,16110.3636,0
137566,557.10,16110.3636,16110.3636,0
137569,557.12,16110.3636,16110.3636,0
137571,557.13,16110.3636,16110.3636,0
137574,557.15,16110.3636,16110.3636,0
137575,557.15,16110.3636,16110.3636,0
137587,557.19,16110.3636,16110.3636,0
137590,557.22,16110.3636,16110.3636,0
137592,557.22,16110.3636,16110.3636,0
137596,557.24,16110.3636,16110.3636,0
137602,557.30,16110.3636,16110.3636,0
137610,557.33,16110.3636,16110.3636,0
137630,557.50,16110.3636,16110.3636,0
137638,557.53,16110.3636,16110.3636,0
137639,557.53,16110.3636,16110.3636,0
137643,557.55,16110.3636,16110.3636,0
137645,557.56,16110.3636,16110.3636,0
137647,557.58,16110.3636,16110.3636,0
137648,557.58,16110.3636,16110.3636,0
137649,557.58,16110.3636,16110.3636,0
137651,557.58,16110.3636,16110.3636,0
137659,557.66,16110.3636,16110.3636,0
137669,557.76,16110.3636,16110.3636,0
137671,557.76,16110.3636,16110.3636,0
137673,557.77,16110.3636,16110.3636,0
137678,557.81,16110.3636,16110.3636,0
137684,557.83,16110.3636,16110.3636,0
137686,557.87,16110.3636,16110.3636,0
137689,557.88,16110.3636,16110.3636,0
137690,557.88,16110.3636,16110.3636,0
137692,557.88,16110.3636,16110.3636,0
137710,558.03,16110.3636,16110.3636,0
137712,558.03,16110.3636,16110.3636,0
137723,558.13,16110.3636,16110.3636,0
137729,558.14,16110.3636,16110.3636,0
137732,558.15,16110.3636,16110.3636,0
137734,558.16,16110.3636,16110.3636,0
137739,558.21,16110.3636,16110.3636,0
137746,558.29,16110.3636,16110.3636,0
137754,558.36,16110.3636,16110.3636,0
137756,558.38,16110.3636,16110.3636,0
137759,558.41,16110.3636,16110.3636,0
137766,558.44,16110.3636,16110.3636,0
137775,558.46,16110.3636,16110.3636,0
137777,558.50,16110.3636,16110.3636,0
137788,558.54,16110.3636,16110.3636,0
137803,558.69,16110.3636,16110.3636,0
137804,558.69,16110.3636,16110.3636,0
137810,558.73,16110.3636,16110.3636,0
137812,558.73,16110.3636,16110.3636,0
137816,558.75,16110.3636,16110.3636,0
137819,558.75,16110.3636,16110.3636,0
137831,558.88,16110.3636,16110.3636,0
137832,558.88,16110.3636,16110.3636,0
137841,558.92,16110.3636,16110.3636,0
137849,558.95,16110.3636,16110.3636,0
137853,558.99,16110.3636,16110.3636,0
137859,559.05,16110.3636,16110.3636,0
137862,559.07,16110.3636,16110.3636,0
137876,559.19,16110.3636,16110.3636,0
137879,559.20,16110.3636,16110.3636,0
137890,559.28,16110.3636,16110.3636,0
137892,559.28,16110.3636,16110.3636,0
137896,559.28,16110.3636,16110.3636,0
137900,559.29,16110.3636,16110.3636,0
137908,559.35,16110.3636,16110.3636,0
137909,559.36,16110.3636,16110.3636,0
137912,559.37,16110.3636,16110.3636,0
137916,559.40,16110.3636,16110.3636,0
137919,559.40,16110.3636,16110.3636,0
137922,559.41,16110.3636,16110.3636,0
137928,559.46,16110.3636,16110.3636,0
137931,559.47,16110.3636,16110.3636,0
137936,559.49,16110.3636,16110.3636,0
137956,559.61,16110.3636,16110.3636,0
137963,559.63,16110.3636,16110.3636,0
137966,559.64,16110.3636,16110.3636,0
137969,559.65,16110.3636,16110.3636,0
137977,559.68,16110.3636,16110.3636,0
137979,559.70,16110.3636,16110.3636,0
137981,559.71,16110.3636,16110.3636,0
137982,559.71,16110.3636,16110.3636,0
137984,559.71,16110.3636,16110.3636,0
137985,559.72,16110.3636,16110.3636,0
137986,559.72,16110.3636,16110.3636,0
137991,559.76,16110.3636,16110.3636,0
137993,559.78,16110.3636,16110.3636,0
137995,559.80,16110.3636,16110.3636,0
138001,559.85,16110.3636,16110.3636,0
138002,559.85,16110.3636,16110.3636,0
138006,559.88,16110.3636,16110.3636,0
138014,559.92,16110.3636,16110.3636,0
138017,559.95,16110.3636,16110.3636,0
138018,559.95,16110.3636,16110.3636,0
138023,559.98,16110.3636,16110.3636,0
138024,559.98,16110.3636,16110.3636,0
138030,560.02,16110.3636,16110.3636,0
138033,560.04,16110.3636,16110.3636,0
138036,560.05,16110.3636,16110.3636,0
138043,560.09,16110.3636,16110.3636,0
138046,560.09,16110.3636,16110.3636,0
138049,560.10,16110.3636,16110.3636,0
138050,560.10,16110.3636,16110.3636,0
138052,560.11,16110.3636,16110.3636,0
138058,560.14,16110.3636,16110.3636,0
138062,560.17,16110.3636,16110.3636,0
138068,560.24,16110.3636,16110.3636,0
138069,560.24,16110.3636,16110.3636,0
138074,560.24,16110.3636,16110.3636,0
138079,560.28,16110.3636,16110.3636,0
138081,560.29,16110.3636,16110.3636,0
138083,560.31,16110.3636,16110.3636,0
138085,560.31,16110.3636,16110.3636,0
138089,560.36,16110.3636,16110.3636,0
138091,560.36,16110.3636,16110.3636,0
138092,560.37,16110.3636,16110.3636,0
138093,560.37,16110.3636,16110.3636,0
138097,560.39,16110.3636,16110.3636,0
138098,560.39,16110.3636,16110.3636,0
138101,560.41,16110.3636,16110.3636,0
138115,560.49,16110.3636,16110.3636,0
138116,560.49,16110.3636,16110.3636,0
138122,560.54,16110.3636,16110.3636,0
138125,560.58,16110.3636,16110.3636,0
138127,560.61,16110.3636,16110.3636,0
138131,560.65,16110.3636,16110.3636,0
138135,560.65,16110.3636,16110.3636,0
138136,560.66,16110.3636,16110.3636,0
138139,560.68,16110.3636,16110.3636,0
138143,560.70,16110.3636,16110.3636,0
138144,560.70,16110.3636,16110.3636,0
138149,560.72,16110.3636,16110.3636,0
138151,560.75,16110.3636,16110.3636,0
138161,560.85,16110.3636,16110.3636,0
138168,560.91,16110.3636,16110.3636,0
138169,560.91,16110.3636,16110.3636,0
138176,560.96,16110.3636,16110.3636,0
138177,560.96,16110.3636,16110.3636,0
138182,560.96,16110.3636,16110.3636,0
138184,560.97,16110.3636,16110.3636,0
138194,561.03,16110.3636,16110.3636,0
138195,561.03,16110.3636,16110.3636,0
138204,561.13,16110.3636,16110.3636,0
138221,561.24,16110.3636,16110.3636,0
138223,561.24,16110.3636,16110.3636,0
138224,561.24,16110.3636,16110.3636,0
138231,561.31,16110.3636,16110.3636,0
138232,561.32,16110.3636,16110.3636,0
138233,561.32,16110.3636,16110.3636,0
138236,561.34,16110.3636,16110.3636,0
138239,561.35,16110.3636,16110.3636,0
138243,561.38,16110.3636,16110.3636,0
138244,561.38,16110.3636,16110.3636,0
138248,561.40,16110.3636,16110.3636,0
138250,561.40,16110.3636,16110.3636,0
138257,561.46,16110.3636,16110.3636,0
138262,561.49,16110.3636,16110.3636,0
138264,561.51,16110.3636,16110.3636,0
138270,561.56,16110.3636,16110.3636,0
138271,561.56,16110.3636,16110.3636,0
138288,561.68,16110.3636,16110.3636,0
138297,561.75,16110.3636,16110.3636,0
138301,561.79,16110.3636,16110.3636,0
138303,561.81,16110.3636,16110.3636,0
138304,561.81,16110.3636,16110.3636,0
138310,561.82,16110.3636,16110.3636,0
138313,561.85,16110.3636,16110.3636,0
138314,561.85,16110.3636,16110.3636,0
138315,561.86,16110.3636,16110.3636,0
138319,561.88,16110.3636,16110.3636,0
138324,561.93,16110.3636,16110.3636,0
138325,561.94,16110.3636,16110.3636,0
138334,561.99,16110.3636,16110.3636,0
138343,562.07,16110.3636,16110.3636,0
138354,562.10,16110.3636,16110.3636,0
138365,562.17,16110.3636,16110.3636,0
138367,562.17,16110.3636,16110.3636,0
138368,562.17,16110.3636,16110.3636,0
138372,562.19,16110.3636,16110.3636,0
138373,562.20,16110.3636,16110.3636,0
138374,562.20,16110.3636,16110.3636,0
138379,562.22,16110.3636,16110.3636,0
138381,562.22,16110.3636,16110.3636,0
138389,562.27,16110.3636,16110.3636,0
138401,562.35,16110.3636,16110.3636,0
138403,562.38,16110.3636,16110.3636,0
138404,562.38,16110.3636,16110.3636,0
138406,562.38,16110.3636,16110.3636,0
138407,562.39,16110.3636,16110.3636,0
138413,562.41,16110.3636,16110.3636,0
138414,562.41,16110.3636,16110.3636,0
138415,562.41,16110.3636,16110.3636,0
138423,562.47,16110.3636,16110.3636,0
138432,562.54,16110.3636,16110.3636,0
138433,562.54,16110.3636,16110.3636,0
138435,562.54,16110.3636,16110.3636,0
138438,562.56,16110.3636,16110.3636,0
138443,562.59,16110.3636,16110.3636,0
138444,562.59,16110.3636,16110.3636,0
138449,562.64,16110.3636,16110.3636,0
138469,562.74,16110.3636,16110.3636,0
138482,562.84,16110.3636,16110.3636,0
138483,562.85,16110.3636,16110.3636,0
138487,562.89,16110.3636,16110.3636,0
138497,562.96,16110.3636,16110.3636,0
138500,562.98,16110.3636,16110.3636,0
138501,562.99,16110.3636,16110.3636,0
138504,563.01,16110.3636,16110.3636,0
138505,563.03,16110.3636,16110.3636,0
138506,563.03,16110.3636,16110.3636,0
138511,563.05,16110.3636,16110.3636,0
138512,563.06,16110.3636,16110.3636,0
138513,563.06,16110.3636,16110.3636,0
138525,563.15,16110.3636,16110.3636,0
138529,563.18,16110.3636,16110.3636,0
138535,563.24,16110.3636,16110.3636,0
138537,563.26,16110.3636,16110.3636,0
138542,563.28,16110.3636,16110.3636,0
138546,563.30,16110.3636,16110.3636,0
138547,563.30,16110.3636,16110.3636,0
138550,563.31,16110.3636,16110.3636,0
138554,563.31,16110.3636,16110.3636,0
138559,563.35,16110.3636,16110.3636,0
138572,563.44,16110.3636,16110.3636,0
138573,563.44,16110.3636,16110.3636,0
138574,563.44,16110.3636,16110.3636,0
138575,563.44,16110.3636,16110.3636,0
138580,563.47,16110.3636,16110.3636,0
138581,563.47,16110.3636,16110.3636,0
138583,563.47,16110.3636,16110.3636,0
138585,563.47,16110.3636,16110.3636,0
138588,563.52,16110.3636,16110.3636,0
138591,563.54,16110.3636,16110.3636,0
138598,563.60,16110.3636,16110.3636,0
138607,563.67,16110.3636,16110.3636,0
138618,563.78,16110.3636,16110.3636,0
138622,563.79,16110.3636,16110.3636,0
138625,563.80,16110.3636,16110.3636,0
138627,563.80,16110.3636,16110.3636,0
138629,563.81,16110.3636,16110.3636,0
138637,563.85,16110.3636,16110.3636,0
138647,563.85,16110.3636,16110.3636,0
138651,563.86,16110.3636,16110.3636,0
138652,563.87,16110.3636,16110.3636,0
138657,563.89,16110.3636,16110.3636,0
138664,563.93,16110.3636,16110.3636,0
138681,564.05,16110.3636,16110.3636,0
138683,564.06,16110.3636,16110.3636,0
138686,564.08,16110.3636,16110.3636,0
138688,564.09,16110.3636,16110.3636,0
138701,564.18,16110.3636,16110.3636,0
138706,564.22,16110.3636,16110.3636,0
138714,564.23,16110.3636,16110.3636,0
138715,564.23,16110.3636,16110.3636,0
138717,564.24,16110.3636,16110.3636,0
138726,564.29,16110.3636,16110.3636,0
138729,564.29,16110.3636,16110.3636,0
138730,564.30,16110.3636,16110.3636,0
138733,564.30,16110.3636,16110.3636,0
138741,564.36,16110.3636,16110.3636,0
138753,564.44,16110.3636,16110.3636,0
138754,564.44,16110.3636,16110.3636,0
138762,564.51,16110.3636,16110.3636,0
138767,564.51,16110.3636,16110.3636,0
138769,564.53,16110.3636,16110.3636,0
138771,564.54,16110.3636,16110.3636,0
138784,564.63,16110.3636,16110.3636,0
138788,564.65,16110.3636,16110.3636,0
138791,564.66,16110.3636,16110.3636,0
138794,564.68,16110.3636,16110.3636,0
138802,564.72,16110.3636,16110.3636,0
138806,564.73,16110.3636,16110.3636,0
138813,564.76,16110.3636,16110.3636,0
138815,564.76,16110.3636,16110.3636,0
138816,564.76,16110.3636,16110.3636,0
138818,564.77,16110.3636,16110.3636,0
138822,564.81,16110.3636,16110.3636,0
138829,564.87,16110.3636,16110.3636,0
138831,564.87,16110.3636,16110.3636,0
138838,564.90,16110.3636,16110.3636,0
138839,564.91,16110.3636,16110.3636,0
138841,564.93,16110.3636,16110.3636,0
138846,564.94,16110.3636,16110.3636,0
138853,564.99,16110.3636,16110.3636,0
138858,565.02,16110.3636,16110.3636,0
138861,565.02,16110.3636,16110.3636,0
138870,565.11,16110.3636,16110.3636,0
138879,565.14,16110.3636,16110.3636,0
138880,565.15,16110.3636,16110.3636,0
138882,565.15,16110.3636,16110.3636,0
138884,565.15,16110.3636,16110.3636,0
138893,565.23,16110.3636,16110.3636,0
138895,565.23,16110.3636,16110.3636,0
138897,565.24,16110.3636,16110.3636,0
138898,565.24,16110.3636,16110.3636,0
138902,565.24,16110.3636,16110.3636,0
138903,565.25,16110.3636,16110.3636,0
138910,565.29,16110.3636,16110.3636,0
138911,565.29,16110.3636,16110.3636,0
138912,565.29,16110.3636,16110.3636,0
138915,565.31,16110.3636,16110.3636,0
138917,565.32,16110.3636,16110.3636,0
138920,565.32,16110.3636,16110.3636,0
138921,565.32,16110.3636,16110.3636,0
138922,565.33,16110.3636,16110.3636,0
138926,565.37,16110.3636,16110.3636,0
138930,565.39,16110.3636,16110.3636,0
138935,565.43,16110.3636,16110.3636,0
138941,565.50,16110.3636,16110.3636,0
138944,565.52,16110.3636,16110.3636,0
138947,565.52,16110.3636,16110.3636,0
138948,565.52,16110.3636,16110.3636,0
138954,565.53,16110.3636,16110.3636,0
138976,565.65,16110.3636,16110.3636,0
138979,565.68,16110.3636,16110.3636,0
138981,565.70,16110.3636,16110.3636,0
138983,565.71,16110.3636,16110.3636,0
138984,565.71,16110.3636,16110.3636,0
138988,565.73,16110.3636,16110.3636,0
138991,565.73,16110.3636,16110.3636,0
138996,565.76,16110.3636,16110.3636,0
139002,565.78,16110.3636,16110.3636,0
139011,565.83,16110.3636,16110.3636,0
139012,565.83,16110.3636,16110.3636,0
139016,565.85,16110.3636,16110.3636,0
139017,565.85,16110.3636,16110.3636,0
139023,565.91,16110.3636,16110.3636,0
139029,565.94,16110.3636,16110.3636,0
139030,565.96,16110.3636,16110.3636,0
139031,565.97,16110.3636,16110.3636,0
139033,565.97,16110.3636,16110.3636,0
139036,566.01,16110.3636,16110.3636,0
139043,566.06,16110.3636,16110.3636,0
139045,566.06,16110.3636,16110.3636,0
139050,566.12,16110.3636,16110.3636,0
139052,566.14,16110.3636,16110.3636,0
139053,566.14,16110.3636,16110.3636,0
139055,566.14,16110.3636,16110.3636,0
139059,566.19,16110.3636,16110.3636,0
139062,566.21,16110.3636,16110.3636,0
139069,566.26,16110.3636,16110.3636,0
139070,566.26,16110.3636,16110.3636,0
139071,566.26,16110.3636,16110.3636,0
139085,566.34,16110.3636,16110.3636,0
139090,566.37,16110.3636,16110.3636,0
139093,566.39,16110.3636,16110.3636,0
139095,566.40,16110.3636,16110.3636,0
139097,566.41,16110.3636,16110.3636,0
139100,566.42,16110.3636,16110.3636,0
139113,566.49,16110.3636,16110.3636,0
139115,566.49,16110.3636,16110.3636,0
139116,566.49,16110.3636,16110.3636,0
139122,566.52,16110.3636,16110.3636,0
139123,566.53,16110.3636,16110.3636,0
139127,566.55,16110.3636,16110.3636,0
139135,566.60,16110.3636,16110.3636,0
139145,566.63,16110.3636,16110.3636,0
139151,566.69,16110.3636,16110.3636,0
139152,566.70,16110.3636,16110.3636,0
139162,566.81,16110.3636,16110.3636,0
139163,566.81,16110.3636,16110.3636,0
139164,566.82,16110.3636,16110.3636,0
139165,566.82,16110.3636,16110.3636,0
139167,566.84,16110.3636,16110.3636,0
139170,566.87,16110.3636,16110.3636,0
139172,566.87,16110.3636,16110.3636,0
139177,566.91,16110.3636,16110.3636,0
139178,566.91,16110.3636,16110.3636,0
139185,566.96,16110.3636,16110.3636,0
139188,566.97,16110.3636,16110.3636,0
139196,567.02,16110.3636,16110.3636,0
139204,567.11,16110.3636,16110.3636,0
139205,567.12,16110.3636,16110.3636,0
139215,567.18,16110.3636,16110.3636,0
139219,567.22,16110.3636,16110.3636,0
139222,567.24,16110.3636,16110.3636,0
139230,567.30,16110.3636,16110.3636,0
139232,567.32,16110.3636,16110.3636,0
139234,567.33,16110.3636,16110.3636,0
139240,567.34,16110.3636,16110.3636,0
139245,567.37,16110.3636,16110.3636,0
139246,567.37,16110.3636,16110.3636,0
139249,567.37,16110.3636,16110.3636,0
139251,567.38,16110.3636,16110.3636,0
139252,567.38,16110.3636,16110.3636,0
139254,567.38,16110.3636,16110.3636,0
139256,567.39,16110.3636,16110.3636,0
139257,567.39,16110.3636,16110.3636,0
139270,567.49,16110.3636,16110.3636,0
139275,567.56,16110.3636,16110.3636,0
139278,567.60,16110.3636,16110.3636,0
139281,567.62,16110.3636,16110.3636,0
139284,567.63,16110.3636,16110.3636,0
139286,567.63,16110.3636,16110.3636,0
139292,567.67,16110.3636,16110.3636,0
139305,567.76,16110.3636,16110.3636,0
139326,567.86,16110.3636,16110.3636,0
139327,567.87,16110.3636,16110.3636,0
139330,567.88,16110.3636,16110.3636,0
139337,567.92,16110.3636,16110.3636,0
139341,567.94,16110.3636,16110.3636,0
139343,567.94,16110.3636,16110.3636,0
139350,567.99,16110.3636,16110.3636,0
139358,568.03,16110.3636,16110.3636,0
139367,568.13,16110.3636,16110.3636,0
139370,568.13,16110.3636,16110.3636,0
139371,568.13,16110.3636,16110.3636,0
139372,568.13,16110.3636,16110.3636,0
139375,568.16,16110.3636,16110.3636,0
139385,568.18,16110.3636,16110.3636,0
139387,568.19,16110.3636,16110.3636,0
139396,568.27,16110.3636,16110.3636,0
139403,568.31,16110.3636,16110.3636,0
139405,568.33,16110.3636,16110.3636,0
139407,568.34,16110.3636,16110.3636,0
139412,568.39,16110.3636,16110.3636,0
139413,568.40,16110.3636,16110.3636,0
139418,568.45,16110.3636,16110.3636,0
139424,568.50,16110.3636,16110.3636,0
139435,568.58,16110.3636,16110.3636,0
139446,568.62,16110.3636,16110.3636,0
139467,568.66,16110.3636,16110.3636,0
139469,568.66,16110.3636,16110.3636,0
139473,568.70,16110.3636,16110.3636,0
139475,568.70,16110.3636,16110.3636,0
139479,568.73,16110.3636,16110.3636,0
139480,568.74,16110.3636,16110.3636,0
139483,568.76,16110.3636,16110.3636,0
139484,568.77,16110.3636,16110.3636,0
139485,568.78,16110.3636,16110.3636,0
139490,568.78,16110.3636,16110.3636,0
139492,568.81,16110.3636,16110.3636,0
139496,568.83,16110.3636,16110.3636,0
139503,568.84,16110.3636,16110.3636,0
139504,568.84,16110.3636,16110.3636,0
139508,568.88,16110.3636,16110.3636,0
139509,568.89,16110.3636,16110.3636,0
139519,568.97,16110.3636,16110.3636,0
139524,568.99,16110.3636,16110.3636,0
139527,569.03,16110.3636,16110.3636,0
139538,569.12,16110.3636,16110.3636,0
139539,569.12,16110.3636,16110.3636,0
139553,569.23,16110.3636,16110.3636,0
139563,569.29,16110.3636,16110.3636,0
139564,569.30,16110.3636,16110.3636,0
139580,569.44,16110.3636,16110.3636,0
139586,569.47,16110.3636,16110.3636,0
139588,569.47,16110.3636,16110.3636,0
139602,569.55,16110.3636,16110.3636,0
139604,569.55,16110.3636,16110.3636,0
139625,569.76,16110.3636,16110.3636,0
139634,569.78,16110.3636,16110.3636,0
139636,569.80,16110.3636,16110.3636,0
139645,569.85,16110.3636,16110.3636,0
139649,569.86,16110.3636,16110.3636,0
139661,569.94,16110.3636,16110.3636,0
139664,569.95,16110.3636,16110.3636,0
139671,570.02,16110.3636,16110.3636,0
139678,570.06,16110.3636,16110.3636,0
139679,570.06,16110.3636,16110.3636,0
139688,570.14,16110.3636,16110.3636,0
139703,570.24,16110.3636,16110.3636,0
139704,570.24,16110.3636,16110.3636,0
139705,570.24,16110.3636,16110.3636,0
139706,570.25,16110.3636,16110.3636,0
139709,570.27,16110.3636,16110.3636,0
139710,570.27,16110.3636,16110.3636,0
139715,570.29,16110.3636,16110.3636,0
139721,570.32,16110.3636,16110.3636,0
139729,570.35,16110.3636,16110.3636,0
139732,570.36,16110.3636,16110.3636,0
139741,570.44,16110.3636,16110.3636,0
139746,570.49,16110.3636,16110.3636,0
139761,570.55,16110.3636,16110.3636,0
139766,570.58,16110.3636,16110.3636,0
139777,570.62,16110.3636,16110.3636,0
139779,570.65,16110.3636,16110.3636,0
139782,570.66,16110.3636,16110.3636,0
139791,570.70,16110.3636,16110.3636,0
139795,570.75,16110.3636,16110.3636,0
139798,570.78,16110.3636,16110.3636,0
139802,570.82,16110.3636,16110.3636,0
139805,570.84,16110.3636,16110.3636,0
139810,570.86,16110.3636,16110.3636,0
139812,570.88,16110.3636,16110.3636,0
139815,570.88,16110.3636,16110.3636,0
139818,570.91,16110.3636,16110.3636,0
139819,570.91,16110.3636,16110.3636,0
139821,570.93,16110.3636,16110.3636,0
139822,570.94,16110.3636,16110.3636,0
139825,570.96,16110.3636,16110.3636,0
139826,570.96,16110.3636,16110.3636,0
139827,570.97,16110.3636,16110.3636,0
139828,570.97,16110.3636,16110.3636,0
139840,571.04,16110.3636,16110.3636,0
139844,571.08,16110.3636,16110.3636,0
139857,571.13,16110.3636,16110.3636,0
139868,571.24,16110.3636,16110.3636,0
139870,571.24,16110.3636,16110.3636,0
139876,571.28,16110.3636,16110.3636,0
139877,571.28,16110.3636,16110.3636,0
139878,571.28,16110.3636,16110.3636,0
139881,571.30,16110.3636,16110.3636,0
139884,571.30,16110.3636,16110.3636,0
139890,571.35,16110.3636,16110.3636,0
139894,571.36,16110.3636,16110.3636,0
139900,571.40,16110.3636,16110.3636,0
139901,571.41,16110.3636,16110.3636,0
139908,571.46,16110.3636,16110.3636,0
139909,571.46,16110.3636,16110.3636,0
139912,571.47,16110.3636,16110.3636,0
139917,571.52,16110.3636,16110.3636,0
139918,571.52,16110.3636,16110.3636,0
139919,571.52,16110.3636,16110.3636,0
139921,571.55,16110.3636,16110.3636,0
139925,571.56,16110.3636,16110.3636,0
139926,571.57,16110.3636,16110.3636,0
139931,571.60,16110.3636,16110.3636,0
139934,571.62,16110.3636,16110.3636,0
139937,571.64,16110.3636,16110.3636,0
139939,571.66,16110.3636,16110.3636,0
139947,571.70,16110.3636,16110.3636,0
139948,571.71,16110.3636,16110.3636,0
139950,571.72,16110.3636,16110.3636,0
139953,571.73,16110.3636,16110.3636,0
139954,571.75,16110.3636,16110.3636,0
139962,571.78,16110.3636,16110.3636,0
139965,571.83,16110.3636,16110.3636,0
139967,571.83,16110.3636,16110.3636,0
139971,571.84,16110.3636,16110.3636,0
139978,571.90,16110.3636,16110.3636,0
139988,572.01,16110.3636,16110.3636,0
139991,572.02,16110.3636,16110.3636,0
140001,572.09,16110.3636,16110.3636,0
140005,572.11,16110.3636,16110.3636,0
140012,572.12,16110.3636,16110.3636,0
140014,572.13,16110.3636,16110.3636,0
140019,572.20,16110.3636,16110.3636,0
140021,572.20,16110.3636,16110.3636,0
140026,572.24,16110.3636,16110.3636,0
140027,572.24,16110.3636,16110.3636,0
140033,572.25,16110.3636,16110.3636,0
140036,572.26,16110.3636,16110.3636,0
140038,572.26,16110.3636,16110.3636,0
140041,572.27,16110.3636,16110.3636,0
140042,572.27,16110.3636,16110.3636,0
140043,572.27,16110.3636,16110.3636,0
140044,572.28,16110.3636,16110.3636,0
140046,572.30,16110.3636,16110.3636,0
140052,572.35,16110.3636,16110.3636,0
140064,572.38,16110.3636,16110.3636,0
140068,572.39,16110.3636,16110.3636,0
140071,572.41,16110.3636,16110.3636,0
140072,572.43,16110.3636,16110.3636,0
140077,572.46,16110.3636,16110.3636,0
140081,572.49,16110.3636,16110.3636,0
140103,572.62,16110.3636,16110.3636,0
140108,572.64,16110.3636,16110.3636,0
140109,572.64,16110.3636,16110.3636,1
140110,572.69,16110.3636,16110.3636,0
140112,572.72,16110.3636,16110.3636,0
140115,572.75,16110.3636,16110.3636,0
140117,572.76,16110.3636,16110.3636,0
140120,572.76,16110.3636,16110.3636,0
140124,572.78,16110.3636,16110.3636,0
140130,572.81,16110.3636,16110.3636,0
140132,572.82,16110.3636,16110.3636,0
140139,572.88,16110.3636,16110.3636,0
140145,572.93,16110.3636,16110.3636,0
140146,572.93,16110.3636,16110.3636,0
140149,572.97,16110.3636,16110.3636,0
140151,572.99,16110.3636,16110.3636,0
140154,573.02,16110.3636,16110.3636,0
140158,573.05,16110.3636,16110.3636,0
140160,573.05,16110.3636,16110.3636,0
140169,573.09,16110.3636,16110.3636,0
140172,573.11,16110.3636,16110.3636,0
140174,573.12,16110.3636,16110.3636,0
140176,573.14,16110.3636,16110.3636,0
140181,573.16,16110.3636,16110.3636,0
140182,573.17,16110.3636,16110.3636,0
140188,573.19,16110.3636,16110.3636,0
140190,573.22,16110.3636,16110.3636,0
140192,573.22,16110.3636,16110.3636,0
140195,573.26,16110.3636,16110.3636,0
140197,573.28,16110.3636,16110.3636,0
140202,573.29,16110.3636,16110.3636,0
140203,573.30,16110.3636,16110.3636,0
140215,573.39,16110.3636,16110.3636,0
140216,573.39,16110.3636,16110.3636,0
140223,573.45,16110.3636,16110.3636,0
140224,573.45,16110.3636,16110.3636,0
140229,573.47,16110.3636,16110.3636,0
140231,573.48,16110.3636,16110.3636,0
140234,573.50,16110.3636,16110.3636,0
140236,573.50,16110.3636,16110.3636,0
140242,573.55,16110.3636,16110.3636,0
140244,573.55,16110.3636,16110.3636,0
140245,573.55,16110.3636,16110.3636,0
140253,573.61,16110.3636,16110.3636,0
140256,573.62,16110.3636,16110.3636,0
140265,573.69,16110.3636,16110.3636,0
140270,573.72,16110.3636,16110.3636,0
140272,573.72,16110.3636,16110.3636,0
140284,573.77,16110.3636,16110.3636,0
140294,573.81,16110.3636,16110.3636,0
140296,573.82,16110.3636,16110.3636,0
140302,573.86,16110.3636,16110.3636,0
140304,573.86,16110.3636,16110.3636,0
140308,573.87,16110.3636,16110.3636,0
140314,573.90,16110.3636,16110.3636,0
140316,573.92,16110.3636,16110.3636,0
140322,573.97,16110.3636,16110.3636,0
140326,574.03,16110.3636,16110.3636,0
140329,574.04,16110.3636,16110.3636,0
140333,574.10,16110.3636,16110.3636,0
140334,574.11,16110.3636,16110.3636,0
140335,574.12,16110.3636,16110.3636,0
140336,574.12,16110.3636,16110.3636,0
140348,574.18,16110.3636,16110.3636,0
140350,574.19,16110.3636,16110.3636,0
140351,574.19,16110.3636,16110.3636,0
140354,574.19,16110.3636,16110.3636,0
140362,574.23,16110.3636,16110.3636,0
140363,574.23,16110.3636,16110.3636,0
140365,574.24,16110.3636,16110.3636,0
140374,574.29,16110.3636,16110.3636,0
140385,574.37,16110.3636,16110.3636,0
140386,574.37,16110.3636,16110.3636,0
140387,574.37,16110.3636,16110.3636,0
140398,574.44,16110.3636,16110.3636,0
140401,574.44,16110.3636,16110.3636,0
140403,574.44,16110.3636,16110.3636,0
140408,574.48,16110.3636,16110.3636,0
140411,574.50,16110.3636,16110.3636,0
140424,574.55,16110.3636,16110.3636,0
140426,574.57,16110.3636,16110.3636,0
140440,574.61,16110.3636,16110.3636,0
140444,574.61,16110.3636,16110.3636,0
140450,574.67,16110.3636,16110.3636,0
140455,574.74,16110.3636,16110.3636,0
140457,574.75,16110.3636,16110.3636,0
140458,574.76,16110.3636,16110.3636,0
140462,574.78,16110.3636,16110.3636,0
140465,574.79,16110.3636,16110.3636,0
140467,574.81,16110.3636,16110.3636,0
140469,574.81,16110.3636,16110.3636,0
140472,574.83,16110.3636,16110.3636,0
140475,574.85,16110.3636,16110.3636,0
140476,574.86,16110.3636,16110.3636,0
140481,574.92,16110.3636,16110.3636,0
140482,574.93,16110.3636,16110.3636,0
140484,574.93,16110.3636,16110.3636,0
140486,574.94,16110.3636,16110.3636,0
140488,574.94,16110.3636,16110.3636,0
140489,574.94,16110.3636,16110.3636,0
140495,574.99,16110.3636,16110.3636,0
140501,575.05,16110.3636,16110.3636,0
140505,575.08,16110.3636,16110.3636,0
140509,575.09,16110.3636,16110.3636,0
140518,575.16,16110.3636,16110.3636,0
140524,575.20,16110.3636,16110.3636,0
140532,575.22,16110.3636,16110.3636,0
140537,575.26,16110.3636,16110.3636,0
140541,575.28,16110.3636,16110.3636,0
140549,575.34,16110.3636,16110.3636,0
140550,575.34,16110.3636,16110.3636,0
140556,575.40,16110.3636,16110.3636,0
140558,575.42,16110.3636,16110.3636,0
140563,575.46,16110.3636,16110.3636,0
140564,575.47,16110.3636,16110.3636,0
140566,575.49,16110.3636,16110.3636,0
140567,575.49,16110.3636,16110.3636,0
140573,575.50,16110.3636,16110.3636,0
140581,575.56,16110.3636,16110.3636,0
140582,575.56,16110.3636,16110.3636,0
140587,575.59,16110.3636,16110.3636,0
140588,575.60,16110.3636,16110.3636,0
140589,575.61,16110.3636,16110.3636,0
140593,575.65,16110.3636,16110.3636,0
140594,575.65,16110.3636,16110.3636,0
140597,575.66,16110.3636,16110.3636,0
140598,575.66,16110.3636,16110.3636,0
140603,575.69,16110.3636,16110.3636,0
140605,575.69,16110.3636,16110.3636,0
140609,575.71,16110.3636,16110.3636,0
140610,575.71,16110.3636,16110.3636,0
140612,575.73,16110.3636,16110.3636,0
140621,575.79,16110.3636,16110.3636,0
140632,575.87,16110.3636,16110.3636,0
140636,575.91,16110.3636,16110.3636,0
140643,575.97,16110.3636,16110.3636,0
140655,575.98,16110.3636,16110.3636,0
140660,575.98,16110.3636,16110.3636,0
140662,575.99,16110.3636,16110.3636,0
140663,575.99,16110.3636,16110.3636,0
140666,576.01,16110.3636,16110.3636,0
140682,576.13,16110.3636,16110.3636,0
140683,576.13,16110.3636,16110.3636,0
140686,576.15,16110.3636,16110.3636,0
140692,576.19,16110.3636,16110.3636,0
140694,576.20,16110.3636,16110.3636,0
140696,576.21,16110.3636,16110.3636,0
140702,576.26,16110.3636,16110.3636,0
140718,576.35,16110.3636,16110.3636,0
140720,576.38,16110.3636,16110.3636,0
140721,576.38,16110.3636,16110.3636,0
140722,576.38,16110.3636,16110.3636,0
140725,576.40,16110.3636,16110.3636,0
140732,576.45,16110.3636,16110.3636,0
140734,576.47,16110.3636,16110.3636,0
140737,576.47,16110.3636,16110.3636,0
140739,576.49,16110.3636,16110.3636,0
140745,576.53,16110.3636,16110.3636,0
140753,576.58,16110.3636,16110.3636,0
140754,576.58,16110.3636,16110.3636,0
140759,576.61,16110.3636,16110.3636,0
140762,576.63,16110.3636,16110.3636,0
140789,576.77,16110.3636,16110.3636,0
140796,576.80,16110.3636,16110.3636,0
140805,576.86,16110.3636,16110.3636,0
140808,576.88,16110.3636,16110.3636,0
140815,576.93,16110.3636,16110.3636,0
140819,576.95,16110.3636,16110.3636,0
140820,576.96,16110.3636,16110.3636,0
140829,577.01,16110.3636,16110.3636,0
140833,577.04,16110.3636,16110.3636,0
140834,577.04,16110.3636,16110.3636,0
140838,577.06,16110.3636,16110.3636,0
140841,577.08,16110.3636,16110.3636,0
140842,577.08,16110.3636,16110.3636,0
140858,577.19,16110.3636,16110.3636,0
140860,577.21,16110.3636,16110.3636,0
140861,577.22,16110.3636,16110.3636,0
140864,577.22,16110.3636,16110.3636,0
140877,577.38,16110.3636,16110.3636,0
140889,577.45,16110.3636,16110.3636,0
140891,577.45,16110.3636,16110.3636,0
140900,577.50,16110.3636,16110.3636,0
140906,577.52,16110.3636,16110.3636,0
140910,577.54,16110.3636,16110.3636,0
140912,577.55,16110.3636,16110.3636,0
140917,577.60,16110.3636,16110.3636,0
140925,577.62,16110.3636,16110.3636,0
140930,577.65,16110.3636,16110.3636,0
140931,577.66,16110.3636,16110.3636,0
140933,577.68,16110.3636,16110.3636,0
140935,577.68,16110.3636,16110.3636,0
140939,577.69,16110.3636,16110.3636,0
140954,577.76,16110.3636,16110.3636,0
140955,577.76,16110.3636,16110.3636,0
140962,577.80,16110.3636,16110.3636,0
140967,577.82,16110.3636,16110.3636,0
140968,577.84,16110.3636,16110.3636,0
140969,577.84,16110.3636,16110.3636,0
140973,577.85,16110.3636,16110.3636,0
140978,577.87,16110.3636,16110.3636,0
140982,577.90,16110.3636,16110.3636,0
140993,577.96,16110.3636,16110.3636,0
140999,578.00,16110.3636,16110.3636,0
141000,578.00,16110.3636,16110.3636,0
141003,578.02,16110.3636,16110.3636,0
141005,578.04,16110.3636,16110.3636,0
141007,578.05,16110.3636,16110.3636,0
141011,578.09,16110.3636,16110.3636,0
141017,578.12,16110.3636,16110.3636,0
141039,578.27,16110.3636,16110.3636,0
141049,578.35,16110.3636,16110.3636,0
141050,578.36,16110.3636,16110.3636,0
141051,578.36,16110.3636,16110.3636,0
141053,578.37,16110.3636,16110.3636,0
141054,578.37,16110.3636,16110.3636,0
141058,578.39,16110.3636,16110.3636,0
141059,578.41,16110.3636,16110.3636,0
141061,578.42,16110.3636,16110.3636,0
141069,578.48,16110.3636,16110.3636,0
141077,578.54,16110.3636,16110.3636,0
141080,578.54,16110.3636,16110.3636,0
141081,578.55,16110.3636,16110.3636,0
141086,578.56,16110.3636,16110.3636,0
141090,578.58,16110.3636,16110.3636,0
141099,578.66,16110.3636,16110.3636,0
141110,578.75,16110.3636,16110.3636,0
141112,578.76,16110.3636,16110.3636,0
141117,578.77,16110.3636,16110.3636,0
141121,578.80,16110.3636,16110.3636,0
141123,578.82,16110.3636,16110.3636,0
141124,578.82,16110.3636,16110.3636,0
141127,578.83,16110.3636,16110.3636,0
141144,578.99,16110.3636,16110.3636,0
141152,579.07,16110.3636,16110.3636,0
141156,579.10,16110.3636,16110.3636,0
141160,579.11,16110.3636,16110.3636,0
141163,579.13,16110.3636,16110.3636,0
141165,579.14,16110.3636,16110.3636,0
141167,579.16,16110.3636,16110.3636,0
141176,579.22,16110.3636,16110.3636,0
141177,579.22,16110.3636,16110.3636,0
141178,579.23,16110.3636,16110.3636,0
141188,579.28,16110.3636,16110.3636,0
141192,579.31,16110.3636,16110.3636,0
141195,579.33,16110.3636,16110.3636,0
141200,579.33,16110.3636,16110.3636,0
141207,579.39,16110.3636,16110.3636,0
141212,579.40,16110.3636,16110.3636,0
141222,579.44,16110.3636,16110.3636,0
141223,579.45,16110.3636,16110.3636,0
141225,579.45,16110.3636,16110.3636,0
141226,579.45,16110.3636,16110.3636,0
141239,579.57,16110.3636,16110.3636,0
141243,579.59,16110.3636,16110.3636,0
141245,579.61,16110.3636,16110.3636,0
141248,579.62,16110.3636,16110.3636,0
141251,579.64,16110.3636,16110.3636,0
141255,579.66,16110.3636,16110.3636,0
141260,579.68,16110.3636,16110.3636,0
141265,579.68,16110.3636,16110.3636,0
141268,579.68,16110.3636,16110.3636,0
141272,579.70,16110.3636,16110.3636,0
141276,579.72,16110.3636,16110.3636,0
141290,579.77,16110.3636,16110.3636,0
141293,579.78,16110.3636,16110.3636,0
141295,579.78,16110.3636,16110.3636,0
141298,579.80,16110.3636,16110.3636,0
141299,579.81,16110.3636,16110.3636,0
141305,579.83,16110.3636,16110.3636,0
141306,579.83,16110.3636,16110.3636,0
141307,579.83,16110.3636,16110.3636,0
141314,579.91,16110.3636,16110.3636,0
141316,579.91,16110.3636,16110.3636,0
141322,579.91,16110.3636,16110.3636,0
141324,579.92,16110.3636,16110.3636,0
141326,579.92,16110.3636,16110.3636,0
141330,579.96,16110.3636,16110.3636,0
141342,580.03,16110.3636,16110.3636,0
141343,580.03,16110.3636,16110.3636,0
141346,580.05,16110.3636,16110.3636,0
141355,580.12,16110.3636,16110.3636,0
141357,580.12,16110.3636,16110.3636,0
141360,580.12,16110.3636,16110.3636,0
141361,580.13,16110.3636,16110.3636,0
141368,580.20,16110.3636,16110.3636,0
141372,580.21,16110.3636,16110.3636,0
141378,580.23,16110.3636,16110.3636,0
141381,580.24,16110.3636,16110.3636,0
141382,580.25,16110.3636,16110.3636,0
141387,580.29,16110.3636,16110.3636,0
141388,580.30,16110.3636,16110.3636,0
141392,580.32,16110.3636,16110.3636,0
141394,580.34,16110.3636,16110.3636,0
141395,580.34,16110.3636,16110.3636,0
141397,580.34,16110.3636,16110.3636,0
141398,580.35,16110.3636,16110.3636,0
141407,580.44,16110.3636,16110.3636,0
141412,580.48,16110.3636,16110.3636,0
141413,580.48,16110.3636,16110.3636,0
141414,580.49,16110.3636,16110.3636,0
141421,580.53,16110.3636,16110.3636,0
141423,580.53,16110.3636,16110.3636,0
141425,580.54,16110.3636,16110.3636,0
141430,580.56,16110.3636,16110.3636,0
141440,580.60,16110.3636,16110.3636,0
141443,580.61,16110.3636,16110.3636,0
141446,580.62,16110.3636,16110.3636,0
141449,580.62,16110.3636,16110.3636,0
141453,580.65,16110.3636,16110.3636,0
141454,580.65,16110.3636,16110.3636,0
141460,580.69,16110.3636,16110.3636,0
141462,580.70,16110.3636,16110.3636,0
141468,580.74,16110.3636,16110.3636,0
141470,580.74,16110.3636,16110.3636,0
141472,580.76,16110.3636,16110.3636,0
141476,580.78,16110.3636,16110.3636,0
141492,580.86,16110.3636,16110.3636,0
141494,580.86,16110.3636,16110.3636,0
141497,580.86,16110.3636,16110.3636,0
141499,580.86,16110.3636,16110.3636,0
141512,580.96,16110.3636,16110.3636,0
141516,580.99,16110.3636,16110.3636,0
141520,580.99,16110.3636,16110.3636,0
141531,581.06,16110.3636,16110.3636,0
141534,581.07,16110.3636,16110.3636,0
141536,581.07,16110.3636,16110.3636,0
141537,581.07,16110.3636,16110.3636,0
141544,581.10,16110.3636,16110.3636,0
141549,581.11,16110.3636,16110.3636,0
141571,581.27,16110.3636,16110.3636,0
141573,581.27,16110.3636,16110.3636,0
141575,581.28,16110.3636,16110.3636,0
141578,581.28,16110.3636,16110.3636,0
141580,581.29,16110.3636,16110.3636,0
141583,581.33,16110.3636,16110.3636,0
141589,581.36,16110.3636,16110.3636,0
141593,581.38,16110.3636,16110.3636,0
141599,581.43,16110.3636,16110.3636,0
141601,581.44,16110.3636,16110.3636,0
141602,581.45,16110.3636,16110.3636,0
141605,581.45,16110.3636,16110.3636,0
141609,581.47,16110.3636,16110.3636,0
141626,581.62,16110.3636,16110.3636,0
141631,581.63,16110.3636,16110.3636,0
141634,581.65,16110.3636,16110.3636,0
141651,581.73,16110.3636,16110.3636,0
141652,581.73,16110.3636,16110.3636,0
141654,581.73,16110.3636,16110.3636,0
141665,581.76,16110.3636,16110.3636,0
141670,581.77,16110.3636,16110.3636,0
141680,581.83,16110.3636,16110.3636,0
141686,581.90,16110.3636,16110.3636,0
141689,581.92,16110.3636,16110.3636,0
141691,581.94,16110.3636,16110.3636,0
141697,582.02,16110.3636,16110.3636,0
141698,582.02,16110.3636,16110.3636,0
141699,582.03,16110.3636,16110.3636,0
141702,582.04,16110.3636,16110.3636,0
141706,582.09,16110.3636,16110.3636,0
141710,582.10,16110.3636,16110.3636,0
141714,582.11,16110.3636,16110.3636,0
141723,582.17,16110.3636,16110.3636,0
141733,582.24,16110.3636,16110.3636,0
141734,582.24,16110.3636,16110.3636,0
141757,582.38,16110.3636,16110.3636,0
141770,582.46,16110.3636,16110.3636,0
141773,582.48,16110.3636,16110.3636,0
141775,582.50,16110.3636,16110.3636,0
141785,582.61,16110.3636,16110.3636,0
141788,582.61,16110.3636,16110.3636,0
141792,582.63,16110.3636,16110.3636,0
141793,582.64,16110.3636,16110.3636,0
141794,582.64,16110.3636,16110.3636,0
141797,582.67,16110.3636,16110.3636,0
141798,582.67,16110.3636,16110.3636,0
141800,582.69,16110.3636,16110.3636,0
141809,582.72,16110.3636,16110.3636,0
141814,582.76,16110.3636,16110.3636,0
141815,582.76,16110.3636,16110.3636,0
141823,582.81,16110.3636,16110.3636,0
141824,582.81,16110.3636,16110.3636,0
141825,582.82,16110.3636,16110.3636,0
141835,582.89,16110.3636,16110.3636,0
141837,582.90,16110.3636,16110.3636,0
141842,582.93,16110.3636,16110.3636,0
141855,582.96,16110.3636,16110.3636,0
141868,583.04,16110.3636,16110.3636,0
141873,583.06,16110.3636,16110.3636,0
141880,583.13,16110.3636,16110.3636,0
141887,583.14,16110.3636,16110.3636,0
141889,583.16,16110.3636,16110.3636,0
141891,583.19,16110.3636,16110.3636,0
141895,583.22,16110.3636,16110.3636,0
141897,583.22,16110.3636,16110.3636,0
141901,583.25,16110.3636,16110.3636,0
141902,583.25,16110.3636,16110.3636,0
141904,583.26,16110.3636,16110.3636,0
141905,583.26,16110.3636,16110.3636,0
141906,583.27,16110.3636,16110.3636,0
141915,583.28,16110.3636,16110.3636,0
141927,583.38,16110.3636,16110.3636,0
141937,583.48,16110.3636,16110.3636,0
141940,583.48,16110.3636,16110.3636,0
141942,583.49,16110.3636,16110.3636,0
141944,583.49,16110.3636,16110.3636,0
141947,583.53,16110.3636,16110.3636,0
141948,583.54,16110.3636,16110.3636,0
141954,583.57,16110.3636,16110.3636,0
141958,583.60,16110.3636,16110.3636,0
141963,583.60,16110.3636,16110.3636,0
141967,583.61,16110.3636,16110.3636,0
141983,583.69,16110.3636,16110.3636,0
141984,583.69,16110.3636,16110.3636,0
141986,583.70,16110.3636,16110.3636,0
141993,583.72,16110.3636,16110.3636,0
141996,583.73,16110.3636,16110.3636,0
141997,583.73,16110.3636,16110.3636,0
142000,583.73,16110.3636,16110.3636,0
142004,583.76,16110.3636,16110.3636,0
142007,583.78,16110.3636,16110.3636,0
142013,583.79,16110.3636,16110.3636,0
142016,583.80,16110.3636,16110.3636,0
142024,583.86,16110.3636,16110.3636,0
142025,583.87,16110.3636,16110.3636,0
142038,584.00,16110.3636,16110.3636,0
142041,584.00,16110.3636,16110.3636,0
142044,584.01,16110.3636,16110.3636,0
142051,584.06,16110.3636,16110.3636,0
142059,584.08,16110.3636,16110.3636,0
142063,584.13,16110.3636,16110.3636,0
142064,584.13,16110.3636,16110.3636,0
142065,584.13,16110.3636,16110.3636,0
142068,584.14,16110.3636,16110.3636,0
142070,584.14,16110.3636,16110.3636,0
142073,584.19,16110.3636,16110.3636,0
142074,584.19,16110.3636,16110.3636,0
142084,584.24,16110.3636,16110.3636,0
142085,584.24,16110.3636,16110.3636,0
142086,584.24,16110.3636,16110.3636,0
142089,584.26,16110.3636,16110.3636,0
142092,584.26,16110.3636,16110.3636,0
142094,584.27,16110.3636,16110.3636,0
142099,584.31,16110.3636,16110.3636,0
142103,584.34,16110.3636,16110.3636,0
142111,584.34,16110.3636,16110.3636,0
142113,584.36,16110.3636,16110.3636,0
142114,584.37,16110.3636,16110.3636,0
142120,584.37,16110.3636,16110.3636,0
142124,584.40,16110.3636,16110.3636,0
142136,584.45,16110.3636,16110.3636,0
142138,584.47,16110.3636,16110.3636,0
142149,584.57,16110.3636,16110.3636,0
142151,584.57,16110.3636,16110.3636,0
142152,584.58,16110.3636,16110.3636,0
142158,584.59,16110.3636,16110.3636,0
142159,584.59,16110.3636,16110.3636,0
142160,584.60,16110.3636,16110.3636,0
142162,584.62,16110.3636,16110.3636,0
142165,584.62,16110.3636,16110.3636,0
142174,584.64,16110.3636,16110.3636,0
142180,584.69,16110.3636,16110.3636,0
142186,584.71,16110.3636,16110.3636,0
142191,584.75,16110.3636,16110.3636,0
142201,584.81,16110.3636,16110.3636,0
142209,584.87,16110.3636,16110.3636,0
142215,584.91,16110.3636,16110.3636,0
142216,584.91,16110.3636,16110.3636,0
142218,584.93,16110.3636,16110.3636,0
142219,584.94,16110.3636,16110.3636,0
142231,584.98,16110.3636,16110.3636,0
142232,584.98,16110.3636,16110.3636,0
142238,585.04,16110.3636,16110.3636,0
142243,585.10,16110.3636,16110.3636,0
142245,585.10,16110.3636,16110.3636,0
142247,585.11,16110.3636,16110.3636,0
142248,585.11,16110.3636,16110.3636,0
142253,585.17,16110.3636,16110.3636,0
142256,585.19,16110.3636,16110.3636,0
142262,585.24,16110.3636,16110.3636,0
142265,585.25,16110.3636,16110.3636,0
142269,585.26,16110.3636,16110.3636,0
142271,585.26,16110.3636,16110.3636,0
142272,585.26,16110.3636,16110.3636,0
142278,585.27,16110.3636,16110.3636,0
142291,585.33,16110.3636,16110.3636,0
142297,585.37,16110.3636,16110.3636,0
142306,585.46,16110.3636,16110.3636,0
142310,585.51,16110.3636,16110.3636,0
142314,585.53,16110.3636,16110.3636,0
142316,585.55,16110.3636,16110.3636,0
142320,585.57,16110.3636,16110.3636,0
142322,585.59,16110.3636,16110.3636,0
142325,585.62,16110.3636,16110.3636,0
142331,585.65,16110.3636,16110.3636,0
142336,585.69,16110.3636,16110.3636,0
142346,585.74,16110.3636,16110.3636,0
142349,585.76,16110.3636,16110.3636,0
142351,585.78,16110.3636,16110.3636,0
142354,585.78,16110.3636,16110.3636,0
142355,585.79,16110.3636,16110.3636,0
142357,585.80,16110.3636,16110.3636,0
142360,585.82,16110.3636,16110.3636,0
142361,585.82,16110.3636,16110.3636,0
142364,585.83,16110.3636,16110.3636,0
142372,585.88,16110.3636,16110.3636,0
142373,585.89,16110.3636,16110.3636,0
142374,585.89,16110.3636,16110.3636,0
142375,585.89,16110.3636,16110.3636,0
142377,585.91,16110.3636,16110.3636,0
142387,586.01,16110.3636,16110.3636,0
142389,586.01,16110.3636,16110.3636,0
142396,586.06,16110.3636,16110.3636,0
142399,586.08,16110.3636,16110.3636,0
142400,586.09,16110.3636,16110.3636,0
142402,586.09,16110.3636,16110.3636,0
142403,586.09,16110.3636,16110.3636,0
142410,586.12,16110.3636,16110.3636,0
142416,586.13,16110.3636,16110.3636,0
142419,586.17,16110.3636,16110.3636,0
142431,586.29,16110.3636,16110.3636,0
142435,586.30,16110.3636,16110.3636,0
142440,586.34,16110.3636,16110.3636,0
142442,586.35,16110.3636,16110.3636,0
142446,586.39,16110.3636,16110.3636,0
142449,586.41,16110.3636,16110.3636,0
142456,586.46,16110.3636,16110.3636,0
142458,586.46,16110.3636,16110.3636,0
142461,586.48,16110.3636,16110.3636,0
142463,586.50,16110.3636,16110.3636,0
142468,586.52,16110.3636,16110.3636,0
142472,586.53,16110.3636,16110.3636,0
142479,586.60,16110.3636,16110.3636,0
142486,586.66,16110.3636,16110.3636,0
142490,586.69,16110.3636,16110.3636,0
142493,586.73,16110.3636,16110.3636,0
142507,586.84,16110.3636,16110.3636,0
142512,586.86,16110.3636,16110.3636,0
142513,586.87,16110.3636,16110.3636,0
142515,586.87,16110.3636,16110.3636,0
142516,586.87,16110.3636,16110.3636,0
142531,586.92,16110.3636,16110.3636,0
142549,587.02,16110.3636,16110.3636,0
142551,587.04,16110.3636,16110.3636,0
142552,587.04,16110.3636,16110.3636,0
142557,587.11,16110.3636,16110.3636,0
142575,587.23,16110.3636,16110.3636,0
142578,587.25,16110.3636,16110.3636,0
142582,587.30,16110.3636,16110.3636,0
142585,587.32,16110.3636,16110.3636,0
142590,587.36,16110.3636,16110.3636,0
142593,587.38,16110.3636,16110.3636,0
142594,587.38,16110.3636,16110.3636,0
142602,587.46,16110.3636,16110.3636,0
142612,587.47,16110.3636,16110.3636,0
142614,587.48,16110.3636,16110.3636,0
142619,587.52,16110.3636,16110.3636,0
142620,587.52,16110.3636,16110.3636,0
142621,587.53,16110.3636,16110.3636,0
142623,587.54,16110.3636,16110.3636,0
142626,587.55,16110.3636,16110.3636,0
142627,587.55,16110.3636,16110.3636,0
142628,587.55,16110.3636,16110.3636,0
142629,587.55,16110.3636,16110.3636,0
142632,587.58,16110.3636,16110.3636,0
142633,587.58,16110.3636,16110.3636,0
142635,587.58,16110.3636,16110.3636,0
142641,587.58,16110.3636,16110.3636,0
142643,587.59,16110.3636,16110.3636,0
142644,587.59,16110.3636,16110.3636,0
142645,587.59,16110.3636,16110.3636,0
142648,587.59,16110.3636,16110.3636,0
142651,587.60,16110.3636,16110.3636,0
142657,587.62,16110.3636,16110.3636,0
142667,587.65,16110.3636,16110.3636,0
142669,587.65,16110.3636,16110.3636,0
142671,587.66,16110.3636,16110.3636,0
142674,587.68,16110.3636,16110.3636,0
142682,587.72,16110.3636,16110.3636,0
142685,587.72,16110.3636,16110.3636,0
142687,587.73,16110.3636,16110.3636,0
142691,587.77,16110.3636,16110.3636,0
142694,587.78,16110.3636,16110.3636,0
142696,587.80,16110.3636,16110.3636,0
142697,587.80,16110.3636,16110.3636,0
142700,587.82,16110.3636,16110.3636,0
142702,587.84,16110.3636,16110.3636,0
142703,587.84,16110.3636,16110.3636,0
142710,587.92,16110.3636,16110.3636,0
142713,587.94,16110.3636,16110.3636,0
142720,587.99,16110.3636,16110.3636,0
142737,588.11,16110.3636,16110.3636,0
142739,588.12,16110.3636,16110.3636,0
142748,588.16,16110.3636,16110.3636,0
142754,588.21,16110.3636,16110.3636,0
142756,588.24,16110.3636,16110.3636,0
142760,588.24,16110.3636,16110.3636,0
142763,588.27,16110.3636,16110.3636,0
142767,588.29,16110.3636,16110.3636,0
142779,588.37,16110.3636,16110.3636,0
142781,588.40,16110.3636,16110.3636,0
142786,588.45,16110.3636,16110.3636,0
142787,588.45,16110.3636,16110.3636,0
142792,588.50,16110.3636,16110.3636,0
142795,588.52,16110.3636,16110.3636,0
142797,588.53,16110.3636,16110.3636,0
142798,588.53,16110.3636,16110.3636,0
142799,588.53,16110.3636,16110.3636,0
142804,588.55,16110.3636,16110.3636,0
142809,588.60,16110.3636,16110.3636,0
142812,588.64,16110.3636,16110.3636,0
142813,588.64,16110.3636,16110.3636,0
142816,588.65,16110.3636,16110.3636,0
142818,588.65,16110.3636,16110.3636,0
142823,588.65,16110.3636,16110.3636,0
142827,588.65,16110.3636,16110.3636,0
142832,588.68,16110.3636,16110.3636,0
142835,588.69,16110.3636,16110.3636,0
142836,588.70,16110.3636,16110.3636,0
142837,588.70,16110.3636,16110.3636,0
142842,588.71,16110.3636,16110.3636,0
142848,588.75,16110.3636,16110.3636,0
142849,588.76,16110.3636,16110.3636,0
142853,588.78,16110.3636,16110.3636,0
142856,588.81,16110.3636,16110.3636,0
142857,588.81,16110.3636,16110.3636,0
142858,588.81,16110.3636,16110.3636,0
142867,588.89,16110.3636,16110.3636,0
142868,588.89,16110.3636,16110.3636,0
142875,588.92,16110.3636,16110.3636,0
142876,588.92,16110.3636,16110.3636,0
142880,588.94,16110.3636,16110.3636,0
142881,588.95,16110.3636,16110.3636,0
142887,588.99,16110.3636,16110.3636,0
142890,589.01,16110.3636,16110.3636,0
142891,589.02,16110.3636,16110.3636,0
142892,589.02,16110.3636,16110.3636,0
142898,589.06,16110.3636,16110.3636,0
142908,589.09,16110.3636,16110.3636,0
142909,589.10,16110.3636,16110.3636,0
142912,589.11,16110.3636,16110.3636,0
142913,589.12,16110.3636,16110.3636,0
142920,589.17,16110.3636,16110.3636,0
142921,589.17,16110.3636,16110.3636,0
142934,589.28,16110.3636,16110.3636,0
142936,589.29,16110.3636,16110.3636,0
142942,589.33,16110.3636,16110.3636,0
142944,589.33,16110.3636,16110.3636,0
142946,589.33,16110.3636,16110.3636,0
142949,589.35,16110.3636,16110.3636,0
142959,589.40,16110.3636,16110.3636,0
142964,589.44,16110.3636,16110.3636,0
142965,589.44,16110.3636,16110.3636,0
142968,589.45,16110.3636,16110.3636,0
142974,589.51,16110.3636,16110.3636,0
142979,589.56,16110.3636,16110.3636,0
142981,589.58,16110.3636,16110.3636,0
142983,589.58,16110.3636,16110.3636,0
142995,589.66,16110.3636,16110.3636,0
142997,589.68,16110.3636,16110.3636,0
143005,589.74,16110.3636,16110.3636,0
143010,589.78,16110.3636,16110.3636,0
143014,589.81,16110.3636,16110.3636,0
143015,589.82,16110.3636,16110.3636,0
143018,589.82,16110.3636,16110.3636,0
143019,589.83,16110.3636,16110.3636,0
143029,589.93,16110.3636,16110.3636,0
143035,589.96,16110.3636,16110.3636,0
143038,589.98,16110.3636,16110.3636,0
143046,590.03,16110.3636,16110.3636,0
143049,590.06,16110.3636,16110.3636,0
143052,590.07,16110.3636,16110.3636,0
143057,590.08,16110.3636,16110.3636,0
143058,590.08,16110.3636,16110.3636,0
143059,590.08,16110.3636,16110.3636,0
143060,590.09,16110.3636,16110.3636,0
143066,590.10,16110.3636,16110.3636,0
143069,590.12,16110.3636,16110.3636,0
143070,590.12,16110.3636,16110.3636,0
143073,590.16,16110.3636,16110.3636,0
143077,590.19,16110.3636,16110.3636,0
143084,590.20,16110.3636,16110.3636,0
143085,590.21,16110.3636,16110.3636,0
143090,590.26,16110.3636,16110.3636,0
143091,590.26,16110.3636,16110.3636,0
143098,590.34,16110.3636,16110.3636,0
143107,590.41,16110.3636,16110.3636,0
143109,590.41,16110.3636,16110.3636,0
143110,590.42,16110.3636,16110.3636,0
143111,590.42,16110.3636,16110.3636,1
143114,590.56,15834.6071,16110.3636,0
143116,590.64,15834.6071,16110.3636,0
143117,590.65,15834.6071,16110.3636,0
143120,590.80,16086.6762,16110.3636,0
143123,590.86,16110.3636,16110.3636,0
143124,590.86,16110.3636,16110.3636,0
143129,590.89,16110.3636,16110.3636,0
143135,590.94,16110.3636,16110.3636,0
143140,591.00,16110.3636,16110.3636,0
143142,591.02,16110.3636,16110.3636,0
143150,591.10,16110.3636,16110.3636,0
143161,591.16,16110.3636,16110.3636,0
143165,591.17,16110.3636,16110.3636,0
143171,591.21,16110.3636,16110.3636,0
143174,591.23,16110.3636,16110.3636,0
143175,591.24,16110.3636,16110.3636,0
143190,591.35,16110.3636,16110.3636,0
143195,591.37,16110.3636,16110.3636,0
143199,591.39,16110.3636,16110.3636,0
143203,591.44,16110.3636,16110.3636,0
143205,591.44,16110.3636,16110.3636,0
143206,591.44,16110.3636,16110.3636,0
143208,591.47,16110.3636,16110.3636,0
143209,591.47,16110.3636,16110.3636,0
143212,591.50,16110.3636,16110.3636,0
143220,591.56,16110.3636,16110.3636,0
143221,591.57,16110.3636,16110.3636,0
143226,591.64,16110.3636,16110.3636,0
143228,591.66,16110.3636,16110.3636,0
143235,591.74,16110.3636,16110.3636,0
143238,591.75,16110.3636,16110.3636,0
143242,591.78,16110.3636,16110.3636,0
143244,591.80,16110.3636,16110.3636,0
143248,591.81,16110.3636,16110.3636,0
143253,591.87,16110.3636,16110.3636,0
143255,591.87,16110.3636,16110.3636,0
143256,591.87,16110.3636,16110.3636,0
143260,591.90,16110.3636,16110.3636,0
143270,591.93,16110.3636,16110.3636,0
143276,591.95,16110.3636,16110.3636,0
143279,591.97,16110.3636,16110.3636,0
143284,591.99,16110.3636,16110.3636,0
143289,592.03,16110.3636,16110.3636,0
143290,592.03,16110.3636,16110.3636,0
143293,592.03,16110.3636,16110.3636,0
143297,592.08,16110.3636,16110.3636,0
143300,592.12,16110.3636,16110.3636,0
143304,592.16,16110.3636,16110.3636,0
143307,592.18,16110.3636,16110.3636,0
143309,592.20,16110.3636,16110.3636,0
143311,592.21,16110.3636,16110.3636,0
143316,592.26,16110.3636,16110.3636,0
143318,592.29,16110.3636,16110.3636,0
143319,592.29,16110.3636,16110.3636,0
143321,592.29,16110.3636,16110.3636,0
143328,592.32,16110.3636,16110.3636,0
143333,592.34,16110.3636,16110.3636,0
143335,592.35,16110.3636,16110.3636,0
143341,592.41,16110.3636,16110.3636,0
143344,592.44,16110.3636,16110.3636,0
143345,592.45,16110.3636,16110.3636,0
143349,592.48,16110.3636,16110.3636,0
143356,592.52,16110.3636,16110.3636,0
143357,592.52,16110.3636,16110.3636,0
143362,592.57,16110.3636,16110.3636,0
143373,592.61,16110.3636,16110.3636,0
143382,592.66,16110.3636,16110.3636,0
143383,592.67,16110.3636,16110.3636,0
143387,592.70,16110.3636,16110.3636,0
143390,592.72,16110.3636,16110.3636,0
143392,592.75,16110.3636,16110.3636,0
143395,592.77,16110.3636,16110.3636,0
143398,592.78,16110.3636,16110.3636,0
143406,592.80,16110.3636,16110.3636,0
143412,592.83,16110.3636,16110.3636,0
143414,592.84,16110.3636,16110.3636,0
143417,592.84,16110.3636,16110.3636,0
143418,592.85,16110.3636,16110.3636,0
143427,592.90,16110.3636,16110.3636,0
143428,592.90,16110.3636,16110.3636,0
143435,592.93,16110.3636,16110.3636,0
143436,592.94,16110.3636,16110.3636,0
143443,593.00,16110.3636,16110.3636,0
143450,593.07,16110.3636,16110.3636,0
143454,593.10,16110.3636,16110.3636,0
143455,593.10,16110.3636,16110.3636,0
143463,593.16,16110.3636,16110.3636,0
143464,593.17,16110.3636,16110.3636,0
143465,593.18,16110.3636,16110.3636,0
143475,593.19,16110.3636,16110.3636,0
143476,593.20,16110.3636,16110.3636,0
143477,593.20,16110.3636,16110.3636,0
143479,593.21,16110.3636,16110.3636,0
143480,593.21,16110.3636,16110.3636,0
143482,593.21,16110.3636,16110.3636,0
143485,593.21,16110.3636,16110.3636,0
143488,593.21,16110.3636,16110.3636,0
143490,593.22,16110.3636,16110.3636,0
143492,593.22,16110.3636,16110.3636,0
143503,593.26,16110.3636,16110.3636,0
143505,593.27,16110.3636,16110.3636,0
143508,593.27,16110.3636,16110.3636,0
143510,593.29,16110.3636,16110.3636,0
143512,593.32,16110.3636,16110.3636,0
143513,593.33,16110.3636,16110.3636,0
143520,593.37,16110.3636,16110.3636,0
143521,593.38,16110.3636,16110.3636,0
143523,593.40,16110.3636,16110.3636,0
143531,593.49,16110.3636,16110.3636,0
143532,593.49,16110.3636,16110.3636,0
143538,593.54,16110.3636,16110.3636,0
143545,593.59,16110.3636,16110.3636,0
143548,593.60,16110.3636,16110.3636,0
143549,593.61,16110.3636,16110.3636,0
143550,593.62,16110.3636,16110.3636,0
143554,593.66,16110.3636,16110.3636,0
143568,593.75,16110.3636,16110.3636,0
143573,593.80,16110.3636,16110.3636,0
143579,593.84,16110.3636,16110.3636,0
143580,593.85,16110.3636,16110.3636,0
143588,593.89,16110.3636,16110.3636,0
143589,593.89,16110.3636,16110.3636,0
143604,593.98,16110.3636,16110.3636,0
143606,594.00,16110.3636,16110.3636,0
143616,594.07,16110.3636,16110.3636,0
143628,594.14,16110.3636,16110.3636,0
143634,594.17,16110.3636,16110.3636,0
143638,594.18,16110.3636,16110.3636,0
143639,594.19,16110.3636,16110.3636,0
143647,594.23,16110.3636,16110.3636,0
143652,594.24,16110.3636,16110.3636,0
143654,594.24,16110.3636,16110.3636,0
143661,594.26,16110.3636,16110.3636,0
143663,594.29,16110.3636,16110.3636,0
143667,594.33,16110.3636,16110.3636,0
143672,594.36,16110.3636,16110.3636,0
143681,594.42,16110.3636,16110.3636,0
143682,594.42,16110.3636,16110.3636,0
143685,594.46,16110.3636,16110.3636,0
143686,594.46,16110.3636,16110.3636,0
143693,594.49,16110.3636,16110.3636,0
143697,594.51,16110.3636,16110.3636,0
143705,594.55,16110.3636,16110.3636,0
143714,594.58,16110.3636,16110.3636,0
143715,594.58,16110.3636,16110.3636,0
143716,594.58,16110.3636,16110.3636,0
143721,594.60,16110.3636,16110.3636,0
143724,594.62,16110.3636,16110.3636,0
143728,594.67,16110.3636,16110.3636,0
143729,594.67,16110.3636,16110.3636,0
143735,594.71,16110.3636,16110.3636,0
143738,594.74,16110.3636,16110.3636,0
143740,594.74,16110.3636,16110.3636,0
143743,594.75,16110.3636,16110.3636,0
143745,594.75,16110.3636,16110.3636,0
143748,594.75,16110.3636,16110.3636,0
143752,594.79,16110.3636,16110.3636,0
143755,594.81,16110.3636,16110.3636,0
143756,594.81,16110.3636,16110.3636,0
143768,594.88,16110.3636,16110.3636,0
143769,594.88,16110.3636,16110.3636,0
143780,594.91,16110.3636,16110.3636,0
143781,594.91,16110.3636,16110.3636,0
143789,594.96,16110.3636,16110.3636,0
143790,594.96,16110.3636,16110.3636,0
143809,595.05,16110.3636,16110.3636,0
143810,595.06,16110.3636,16110.3636,0
143813,595.07,16110.3636,16110.3636,0
143815,595.09,16110.3636,16110.3636,0
143819,595.13,16110.3636,16110.3636,0
143822,595.15,16110.3636,16110.3636,0
143826,595.18,16110.3636,16110.3636,0
143836,595.23,16110.3636,16110.3636,0
143837,595.24,16110.3636,16110.3636,0
143841,595.28,16110.3636,16110.3636,0
143864,595.43,16110.3636,16110.3636,0
143865,595.43,16110.3636,16110.3636,0
143868,595.46,16110.3636,16110.3636,0
143874,595.46,16110.3636,16110.3636,0
143878,595.47,16110.3636,16110.3636,0
143882,595.49,16110.3636,16110.3636,0
143885,595.53,16110.3636,16110.3636,0
143887,595.53,16110.3636,16110.3636,0
143893,595.58,16110.3636,16110.3636,0
143895,595.58,16110.3636,16110.3636,0
143896,595.59,16110.3636,16110.3636,0
143897,595.60,16110.3636,16110.3636,0
143901,595.62,16110.3636,16110.3636,0
143903,595.62,16110.3636,16110.3636,0
143917,595.71,16110.3636,16110.3636,0
143924,595.73,16110.3636,16110.3636,0
143928,595.75,16110.3636,16110.3636,0
143930,595.75,16110.3636,16110.3636,0
143944,595.86,16110.3636,16110.3636,0
143945,595.87,16110.3636,16110.3636,0
143947,595.87,16110.3636,16110.3636,0
143948,595.87,16110.3636,16110.3636,0
143949,595.88,16110.3636,16110.3636,0
143954,595.89,16110.3636,16110.3636,0
143958,595.89,16110.3636,16110.3636,0
143959,595.89,16110.3636,16110.3636,0
143960,595.90,16110.3636,16110.3636,0
143963,595.92,16110.3636,16110.3636,0
143966,595.94,16110.3636,16110.3636,0
143979,596.05,16110.3636,16110.3636,0
143993,596.17,16110.3636,16110.3636,0
143996,596.17,16110.3636,16110.3636,0
144000,596.18,16110.3636,16110.3636,0
144003,596.18,16110.3636,16110.3636,0
144006,596.20,16110.3636,16110.3636,0
144025,596.30,16110.3636,16110.3636,0
144026,596.31,16110.3636,16110.3636,0
144027,596.31,16110.3636,16110.3636,0
144032,596.33,16110.3636,16110.3636,0
144033,596.34,16110.3636,16110.3636,0
144036,596.36,16110.3636,16110.3636,0
144038,596.39,16110.3636,16110.3636,0
144043,596.43,16110.3636,16110.3636,0
144044,596.43,16110.3636,16110.3636,0
144047,596.46,16110.3636,16110.3636,0
144050,596.46,16110.3636,16110.3636,0
144052,596.48,16110.3636,16110.3636,0
144056,596.53,16110.3636,16110.3636,0
144060,596.55,16110.3636,16110.3636,0
144063,596.60,16110.3636,16110.3636,0
144066,596.62,16110.3636,16110.3636,0
144068,596.64,16110.3636,16110.3636,0
144071,596.64,16110.3636,16110.3636,0
144072,596.64,16110.3636,16110.3636,0
144077,596.65,16110.3636,16110.3636,0
144078,596.66,16110.3636,16110.3636,0
144080,596.69,16110.3636,16110.3636,0
144084,596.71,16110.3636,16110.3636,0
144086,596.71,16110.3636,16110.3636,0
144104,596.82,16110.3636,16110.3636,0
144110,596.86,16110.3636,16110.3636,0
144113,596.88,16110.3636,16110.3636,0
144116,596.90,16110.3636,16110.3636,0
144133,597.06,16110.3636,16110.3636,0
144134,597.06,16110.3636,16110.3636,0
144142,597.12,16110.3636,16110.3636,0
144143,597.12,16110.3636,16110.3636,0
144144,597.13,16110.3636,16110.3636,0
144145,597.14,16110.3636,16110.3636,0
144147,597.14,16110.3636,16110.3636,0
144149,597.15,16110.3636,16110.3636,0
144150,597.15,16110.3636,16110.3636,0
144155,597.16,16110.3636,16110.3636,0
144165,597.20,16110.3636,16110.3636,0
144170,597.24,16110.3636,16110.3636,0
144171,597.24,16110.3636,16110.3636,0
144175,597.26,16110.3636,16110.3636,0
144179,597.28,16110.3636,16110.3636,0
144186,597.32,16110.3636,16110.3636,0
144193,597.38,16110.3636,16110.3636,0
144196,597.38,16110.3636,16110.3636,0
144201,597.42,16110.3636,16110.3636,0
144215,597.49,16110.3636,16110.3636,0
144225,597.57,16110.3636,16110.3636,0
144230,597.62,16110.3636,16110.3636,0
144239,597.67,16110.3636,16110.3636,0
144241,597.67,16110.3636,16110.3636,0
144243,597.69,16110.3636,16110.3636,0
144244,597.70,16110.3636,16110.3636,0
144247,597.72,16110.3636,16110.3636,0
144248,597.72,16110.3636,16110.3636,0
144250,597.76,16110.3636,16110.3636,0
144252,597.76,16110.3636,16110.3636,0
144254,597.81,16110.3636,16110.3636,0
144255,597.81,16110.3636,16110.3636,0
144266,597.86,16110.3636,16110.3636,0
144270,597.87,16110.3636,16110.3636,0
144277,597.95,16110.3636,16110.3636,0
144283,598.03,16110.3636,16110.3636,0
144293,598.16,16110.3636,16110.3636,0
144294,598.16,16110.3636,16110.3636,0
144296,598.17,16110.3636,16110.3636,0
144300,598.18,16110.3636,16110.3636,0
144303,598.21,16110.3636,16110.3636,0
144311,598.25,16110.3636,16110.3636,0
144314,598.25,16110.3636,16110.3636,0
144321,598.29,16110.3636,16110.3636,0
144327,598.39,16110.3636,16110.3636,0
144335,598.43,16110.3636,16110.3636,0
144349,598.54,16110.3636,16110.3636,0
144350,598.54,16110.3636,16110.3636,0
144351,598.54,16110.3636,16110.3636,0
144356,598.62,16110.3636,16110.3636,0
144360,598.65,16110.3636,16110.3636,0
144361,598.66,16110.3636,16110.3636,0
144365,598.67,16110.3636,16110.3636,0
144367,598.67,16110.3636,16110.3636,0
144371,598.68,16110.3636,16110.3636,0
144381,598.74,16110.3636,16110.3636,0
144398,598.89,16110.3636,16110.3636,0
144400,598.92,16110.3636,16110.3636,0
144402,598.94,16110.3636,16110.3636,0
144404,598.94,16110.3636,16110.3636,0
144407,598.95,16110.3636,16110.3636,0
144408,598.95,16110.3636,16110.3636,0
144409,598.95,16110.3636,16110.3636,0
144413,598.95,16110.3636,16110.3636,0
144435,599.08,16110.3636,16110.3636,0
144438,599.10,16110.3636,16110.3636,0
144439,599.10,16110.3636,16110.3636,0
144445,599.15,16110.3636,16110.3636,0
144448,599.19,16110.3636,16110.3636,0
144455,599.22,16110.3636,16110.3636,0
144457,599.24,16110.3636,16110.3636,0
144458,599.24,16110.3636,16110.3636,0
144459,599.24,16110.3636,16110.3636,0
144461,599.24,16110.3636,16110.3636,0
144462,599.24,16110.3636,16110.3636,0
144464,599.25,16110.3636,16110.3636,0
144471,599.28,16110.3636,16110.3636,0
144473,599.28,16110.3636,16110.3636,0
144474,599.28,16110.3636,16110.3636,0
144480,599.32,16110.3636,16110.3636,0
144487,599.38,16110.3636,16110.3636,0
144488,599.38,16110.3636,16110.3636,0
144496,599.48,16110.3636,16110.3636,0
144501,599.50,16110.3636,16110.3636,0
144507,599.56,16110.3636,16110.3636,0
144509,599.58,16110.3636,16110.3636,0
144516,599.59,16110.3636,16110.3636,0
144518,599.59,16110.3636,16110.3636,0
144519,599.60,16110.3636,16110.3636,0
144520,599.60,16110.3636,16110.3636,0
144527,599.66,16110.3636,16110.3636,0
144534,599.71,16110.3636,16110.3636,0
144545,599.86,16110.3636,16110.3636,0
144549,599.88,16110.3636,16110.3636,0
144550,599.88,16110.3636,16110.3636,0
144555,599.91,16110.3636,16110.3636,0
144556,599.92,16110.3636,16110.3636,0
144557,599.92,16110.3636,16110.3636,0
144560,599.94,16110.3636,16110.3636,0
144562,599.96,16110.3636,16110.3636,0
144568,599.98,16110.3636,16110.3636,0
144570,600.00,16110.3636,16110.3636,0
