iter,wall_s,f_curr,f_best,kick
1,15.75,6290.6587,6290.6587,0
2,15.76,6709.9428,6709.9428,0
3,15.76,6709.9428,6709.9428,0
4,15.77,6709.9428,6709.9428,0
5,15.78,6981.9234,6981.9234,0
6,15.78,6982.5224,6982.5224,0
7,15.78,6982.5224,6982.5224,0
8,15.79,6982.5224,6982.5224,0
9,15.79,6982.5224,6982.5224,0
10,15.80,6985.2522,6985.2522,0
11,15.80,6985.2522,6985.2522,0
12,15.81,6985.2522,6985.2522,0
13,15.82,6985.2522,6985.2522,0
14,15.82,6985.2522,6985.2522,0
15,15.83,7105.4373,7105.4373,0
16,15.84,7105.4373,7105.4373,0
17,15.85,7105.4373,7105.4373,0
18,15.86,7105.4373,7105.4373,0
19,15.86,7105.4373,7105.4373,0
20,15.87,7105.4373,7105.4373,0
21,15.88,7130.4608,7130.4608,0
22,15.88,7150.1718,7150.1718,0
23,15.89,7155.5754,7155.5754,0
24,15.90,7155.5754,7155.5754,0
25,15.90,7231.4622,7231.4622,0
26,15.91,7231.4622,7231.4622,0
27,15.92,7231.4622,7231.4622,0
28,15.92,7289.4920,7289.4920,0
29,15.93,7426.6569,7426.6569,0
30,15.94,7465.1619,7465.1619,0
31,15.94,7465.1619,7465.1619,0
32,15.95,7465.1619,7465.1619,0
33,15.96,7629.6557,7629.6557,0
34,15.97,7672.5876,7672.5876,0
35,15.98,7672.5876,7672.5876,0
36,15.99,7672.5876,7672.5876,0
37,16.00,7703.8351,7703.8351,0
38,16.00,7747.3568,7747.3568,0
39,16.01,7764.8973,7764.8973,0
40,16.02,7786.9402,7786.9402,0
41,16.03,7804.4797,7804.4797,0
42,16.03,7819.6194,7819.6194,0
43,16.04,7819.6194,7819.6194,0
44,16.05,7819.6194,7819.6194,0
45,16.06,8055.7063,8055.7063,0
46,16.06,8055.7063,8055.7063,0
47,16.07,8055.7063,8055.7063,0
48,16.08,8055.7063,8055.7063,0
49,16.09,8055.7063,8055.7063,0
50,16.10,8079.4233,8079.4233,0
51,16.11,8079.4233,8079.4233,0
52,16.11,8193.9053,8193.9053,0
53,16.13,8298.5729,8298.5729,0
54,16.13,8298.5729,8298.5729,0
55,16.14,8298.5729,8298.5729,0
56,16.15,8362.2424,8362.2424,0
59,16.16,8520.0183,8520.0183,0
60,16.17,8520.0183,8520.0183,0
61,16.18,8520.0183,8520.0183,0
62,16.20,8527.6903,8527.6903,0
65,16.27,8527.6903,8527.6903,0
66,16.30,8590.6738,8590.6738,0
68,16.33,8590.6738,8590.6738,0
69,16.35,8590.6738,8590.6738,0
71,16.40,8617.2460,8617.2460,0
73,16.49,8617.2460,8617.2460,0
74,16.50,8788.7185,8788.7185,0
81,16.58,8788.7185,8788.7185,0
82,16.64,9042.2076,9042.2076,0
83,16.69,9042.2076,9042.2076,0
84,16.73,9042.2076,9042.2076,0
85,16.77,9042.2076,9042.2076,0
86,16.78,9045.2808,9045.2808,0
87,16.80,9045.2808,9045.2808,0
88,16.81,9055.3247,9055.3247,0
89,16.82,9055.3247,9055.3247,0
90,16.83,9069.0874,9069.0874,0
91,16.84,9078.1854,9078.1854,0
92,16.85,9090.2009,9090.2009,0
93,16.86,9229.3301,9229.3301,0
94,16.87,9356.7908,9356.7908,0
95,16.89,9356.7908,9356.7908,0
96,16.90,9356.7908,9356.7908,0
97,16.93,9356.7908,9356.7908,0
98,16.96,9356.7908,9356.7908,0
99,16.97,9360.9423,9360.9423,0
100,16.99,9360.9423,9360.9423,0
101,16.99,9360.9423,9360.9423,0
102,17.00,9360.9423,9360.9423,0
103,17.01,9400.3122,9400.3122,0
104,17.06,9400.3122,9400.3122,0
105,17.08,9400.3122,9400.3122,0
106,17.09,9427.7141,9427.7141,0
107,17.10,9594.4439,9594.4439,0
108,17.12,9668.8068,9668.8068,0
109,17.13,9668.8068,9668.8068,0
110,17.14,9708.8357,9708.8357,0
111,17.16,9740.9100,9740.9100,0
113,17.21,9806.7464,9806.7464,0
114,17.22,9843.7060,9843.7060,0
115,17.23,10038.1057,10038.1057,0
116,17.25,10038.1057,10038.1057,0
117,17.26,10057.7141,10057.7141,0
118,17.28,10057.7141,10057.7141,0
119,17.31,10124.1712,10124.1712,0
120,17.33,10124.1712,10124.1712,0
121,17.34,10124.1712,10124.1712,0
124,17.42,10303.9767,10303.9767,0
125,17.43,10303.9767,10303.9767,0
126,17.44,10312.5678,10312.5678,0
128,17.46,10312.5678,10312.5678,0
131,17.48,10312.5678,10312.5678,0
132,17.49,10312.5678,10312.5678,0
133,17.52,10316.5620,10316.5620,0
134,17.53,10434.2136,10434.2136,0
135,17.58,10434.2136,10434.2136,0
140,17.64,10516.6948,10516.6948,0
141,17.66,10516.6948,10516.6948,0
142,17.67,10516.6948,10516.6948,0
143,17.71,10523.4135,10523.4135,0
144,17.75,10523.4135,10523.4135,0
146,17.78,10523.4135,10523.4135,0
147,17.81,10779.4865,10779.4865,0
148,17.82,11034.5085,11034.5085,0
151,17.94,11034.5085,11034.5085,0
154,18.01,11034.5085,11034.5085,0
155,18.05,11034.5085,11034.5085,0
160,18.15,11107.7238,11107.7238,0
161,18.18,11107.7238,11107.7238,0
166,18.31,11130.2797,11130.2797,0
167,18.32,11149.7681,11149.7681,0
169,18.37,11149.7681,11149.7681,0
170,18.43,11250.3360,11250.3360,0
172,18.51,11250.3360,11250.3360,0
173,18.56,11250.3360,11250.3360,0
174,18.57,11250.3360,11250.3360,0
175,18.59,11271.1710,11271.1710,0
177,18.62,11292.6904,11292.6904,0
178,18.66,11405.9217,11405.9217,0
179,18.68,11405.9217,11405.9217,0
180,18.71,11473.6244,11473.6244,0
182,18.80,11473.6244,11473.6244,0
185,18.81,11473.6244,11473.6244,0
186,18.83,11473.6244,11473.6244,0
187,18.84,11473.6244,11473.6244,0
188,18.86,11562.3053,11562.3053,0
193,19.00,11562.5240,11562.5240,0
197,19.03,11562.5240,11562.5240,0
198,19.05,11562.5240,11562.5240,0
202,19.10,11562.5240,11562.5240,0
204,19.12,11646.7141,11646.7141,0
206,19.15,11677.8227,11677.8227,0
209,19.24,11756.4997,11756.4997,0
211,19.26,11771.5893,11771.5893,0
212,19.27,11771.5893,11771.5893,0
216,19.32,11780.3615,11780.3615,0
217,19.34,11796.1027,11796.1027,0
218,19.36,11796.1027,11796.1027,0
219,19.40,11970.0610,11970.0610,0
220,19.41,11970.0610,11970.0610,0
221,19.47,11970.0610,11970.0610,0
222,19.48,11970.0610,11970.0610,0
223,19.50,11970.0610,11970.0610,0
225,19.53,11970.0610,11970.0610,0
231,19.63,12019.7609,12019.7609,0
243,19.92,12224.4454,12224.4454,0
247,19.99,12225.4749,12225.4749,0
249,20.04,12292.3663,12292.3663,0
250,20.08,12292.3663,12292.3663,0
255,20.22,12292.3663,12292.3663,0
259,20.28,12302.4820,12302.4820,0
260,20.31,12302.4820,12302.4820,0
268,20.40,12302.4820,12302.4820,0
273,20.55,12302.4820,12302.4820,0
281,20.57,12302.4820,12302.4820,0
289,20.61,12302.4820,12302.4820,0
296,20.68,12302.4820,12302.4820,0
304,20.79,12369.2678,12369.2678,0
305,20.81,12382.5136,12382.5136,0
308,20.85,12625.5782,12625.5782,0
311,20.91,12629.5911,12629.5911,0
313,20.91,12629.5911,12629.5911,0
314,20.93,12671.8963,12671.8963,0
316,20.98,12769.6061,12769.6061,0
320,21.03,12769.6061,12769.6061,0
321,21.09,12769.6061,12769.6061,0
327,21.15,12787.9801,12787.9801,0
330,21.27,12787.9801,12787.9801,0
332,21.36,12787.9801,12787.9801,0
335,21.44,12791.2870,12791.2870,0
338,21.50,12791.2870,12791.2870,0
339,21.52,12791.2870,12791.2870,0
340,21.54,12901.8348,12901.8348,0
344,21.61,13041.9789,13041.9789,0
345,21.65,13041.9789,13041.9789,0
350,21.75,13190.7158,13190.7158,0
351,21.77,13190.7158,13190.7158,0
355,21.84,13379.1320,13379.1320,0
360,21.95,13379.1320,13379.1320,0
363,22.00,13379.1320,13379.1320,0
364,22.04,13379.1320,13379.1320,0
367,22.10,13383.0614,13383.0614,0
394,22.68,13383.0614,13383.0614,0
396,22.73,13383.0614,13383.0614,0
398,22.78,13383.0614,13383.0614,0
415,22.95,13383.0614,13383.0614,0
419,22.99,13383.0614,13383.0614,0
426,23.04,13383.0614,13383.0614,0
457,23.18,13383.0614,13383.0614,0
458,23.20,13384.7429,13384.7429,0
460,23.27,13457.9167,13457.9167,0
465,23.36,13457.9167,13457.9167,0
470,23.40,13457.9167,13457.9167,0
474,23.47,13457.9167,13457.9167,0
497,23.79,13457.9167,13457.9167,0
501,23.86,13457.9167,13457.9167,0
502,23.89,13457.9167,13457.9167,0
507,23.96,13457.9167,13457.9167,0
514,24.03,13457.9167,13457.9167,0
530,24.13,13457.9167,13457.9167,0
534,24.19,13457.9167,13457.9167,0
537,24.20,13457.9167,13457.9167,0
540,24.24,13473.1306,13473.1306,0
541,24.26,13473.1306,13473.1306,0
544,24.33,13473.1306,13473.1306,0
549,24.49,13474.0487,13474.0487,0
551,24.51,13511.3330,13511.3330,0
553,24.61,13527.6410,13527.6410,0
555,24.65,13552.5149,13552.5149,0
568,24.84,13552.5149,13552.5149,0
571,24.89,13552.5149,13552.5149,0
578,24.99,13609.3174,13609.3174,0
587,25.10,13609.3174,13609.3174,0
592,25.18,13609.3174,13609.3174,0
599,25.32,13612.6932,13612.6932,0
602,25.42,13612.6932,13612.6932,0
604,25.43,13612.6932,13612.6932,0
605,25.47,13612.6932,13612.6932,0
606,25.51,13612.6932,13612.6932,0
608,25.58,13612.6932,13612.6932,0
609,25.58,13612.6932,13612.6932,0
612,25.64,13719.8546,13719.8546,0
619,25.79,13719.8546,13719.8546,0
620,25.82,13719.8546,13719.8546,0
621,25.88,13719.8546,13719.8546,0
624,25.96,13719.8546,13719.8546,0
625,25.98,13719.8546,13719.8546,0
626,26.01,13742.3464,13742.3464,0
632,26.12,13742.3464,13742.3464,0
634,26.14,13742.3464,13742.3464,0
642,26.29,13742.3464,13742.3464,0
650,26.41,13742.3464,13742.3464,0
653,26.46,13742.3464,13742.3464,0
655,26.51,13742.3464,13742.3464,0
660,26.58,13742.3464,13742.3464,0
663,26.61,13742.3464,13742.3464,0
674,26.62,13742.3464,13742.3464,0
682,26.69,13742.3464,13742.3464,0
687,26.70,13742.3464,13742.3464,0
690,26.73,13742.3464,13742.3464,0
693,26.73,13742.3464,13742.3464,0
699,26.77,13742.3464,13742.3464,0
706,26.87,13742.3464,13742.3464,0
707,26.87,13742.3464,13742.3464,0
712,26.89,13742.3464,13742.3464,0
721,26.92,13742.3464,13742.3464,0
732,26.97,13742.3464,13742.3464,0
734,26.97,13742.3464,13742.3464,0
736,26.98,13742.3464,13742.3464,0
743,26.98,13742.3464,13742.3464,0
745,27.02,13742.3464,13742.3464,0
769,27.11,13742.3464,13742.3464,0
774,27.17,13742.3464,13742.3464,0
778,27.17,13742.3464,13742.3464,0
789,27.22,13742.3464,13742.3464,0
811,27.28,13742.3464,13742.3464,0
813,27.28,13742.3464,13742.3464,0
815,27.30,13742.3464,13742.3464,0
828,27.35,13742.3464,13742.3464,0
829,27.36,13742.3464,13742.3464,0
838,27.37,13742.3464,13742.3464,0
839,27.37,13742.3464,13742.3464,0
843,27.38,13742.3464,13742.3464,0
850,27.50,13742.3464,13742.3464,0
859,27.51,13742.3464,13742.3464,0
860,27.51,13742.3464,13742.3464,0
874,27.55,13742.3464,13742.3464,0
875,27.55,13742.3464,13742.3464,0
876,27.56,13742.3464,13742.3464,0
879,27.56,13742.3464,13742.3464,0
884,27.57,13742.3464,13742.3464,0
890,27.63,13800.4383,13800.4383,0
906,27.95,13803.1173,13803.1173,0
907,27.98,13803.1173,13803.1173,0
908,28.02,13803.1173,13803.1173,0
913,28.22,13803.1173,13803.1173,0
919,28.39,13803.1173,13803.1173,0
921,28.45,13865.8571,13865.8571,0
923,28.50,13865.8571,13865.8571,0
925,28.57,13950.8768,13950.8768,0
928,28.66,13950.8768,13950.8768,0
937,28.88,13950.8768,13950.8768,0
945,29.08,13950.8768,13950.8768,0
949,29.19,13950.8768,13950.8768,0
965,29.49,13950.8768,13950.8768,0
969,29.63,13950.8768,13950.8768,0
972,29.67,13950.8768,13950.8768,0
988,29.88,13950.8768,13950.8768,0
989,29.92,13950.8768,13950.8768,0
993,29.92,13950.8768,13950.8768,0
999,29.96,13950.8768,13950.8768,0
1015,30.04,13950.8768,13950.8768,0
1021,30.05,13950.8768,13950.8768,0
1030,30.07,13950.8768,13950.8768,0
1036,30.14,13950.8768,13950.8768,0
1052,30.32,13988.2745,13988.2745,0
1053,30.34,13992.6082,13992.6082,0
1058,30.43,13992.6082,13992.6082,0
1060,30.54,13992.6082,13992.6082,0
1062,30.56,13992.6082,13992.6082,0
1064,30.59,13992.6082,13992.6082,0
1071,30.78,13992.6082,13992.6082,0
1074,30.90,13992.6082,13992.6082,0
1077,31.00,14002.8303,14002.8303,0
1079,31.09,14138.2201,14138.2201,0
1090,31.48,14138.2201,14138.2201,0
1100,31.73,14138.2201,14138.2201,0
1105,31.81,14138.2201,14138.2201,0
1135,32.28,14138.2201,14138.2201,0
1148,32.42,14138.2201,14138.2201,0
1151,32.47,14138.2201,14138.2201,0
1159,32.53,14138.2201,14138.2201,0
1167,32.60,14138.2201,14138.2201,0
1169,32.60,14138.2201,14138.2201,0
1176,32.71,14138.2201,14138.2201,0
1198,32.95,14138.2201,14138.2201,0
1217,33.16,14138.2201,14138.2201,0
1241,33.35,14138.2201,14138.2201,0
1246,33.43,14138.2201,14138.2201,0
1252,33.44,14138.2201,14138.2201,0
1262,33.53,14138.2201,14138.2201,0
1291,33.72,14138.2201,14138.2201,0
1296,33.76,14138.2201,14138.2201,0
1307,33.90,14138.2201,14138.2201,0
1313,33.90,14138.2201,14138.2201,0
1321,34.01,14138.2201,14138.2201,0
1323,34.01,14138.2201,14138.2201,0
1325,34.02,14138.2201,14138.2201,0
1330,34.05,14138.2201,14138.2201,0
1333,34.10,14138.2201,14138.2201,0
1334,34.10,14138.2201,14138.2201,0
1338,34.14,14138.2201,14138.2201,0
1340,34.18,14138.2201,14138.2201,0
1347,34.19,14138.2201,14138.2201,0
1354,34.19,14138.2201,14138.2201,0
1375,34.32,14138.2201,14138.2201,0
1380,34.44,14138.2201,14138.2201,1
1382,34.57,13943.8168,14138.2201,0
1384,34.60,14033.4492,14138.2201,0
1396,35.06,14034.9798,14138.2201,0
1398,35.13,14034.9798,14138.2201,0
1399,35.16,14185.6019,14185.6019,0
1400,35.18,14185.6019,14185.6019,0
1401,35.23,14185.6019,14185.6019,0
1402,35.26,14185.6019,14185.6019,0
1403,35.28,14185.6019,14185.6019,0
1404,35.32,14253.3523,14253.3523,0
1405,35.36,14253.3523,14253.3523,0
1412,35.47,14279.1502,14279.1502,0
1416,35.54,14279.1502,14279.1502,0
1419,35.56,14288.1968,14288.1968,0
1422,35.62,14345.1884,14345.1884,0
1423,35.64,14462.8406,14462.8406,0
1429,35.75,14554.2228,14554.2228,0
1439,35.94,14554.2228,14554.2228,0
1451,36.09,14554.2228,14554.2228,0
1456,36.13,14554.2228,14554.2228,0
1461,36.20,14554.2228,14554.2228,0
1467,36.24,14554.2228,14554.2228,0
1475,36.44,14554.2228,14554.2228,0
1492,36.79,14554.2228,14554.2228,0
1508,36.89,14554.2228,14554.2228,0
1511,36.89,14554.2228,14554.2228,0
1522,36.94,14554.2228,14554.2228,0
1534,37.03,14554.2228,14554.2228,0
1536,37.04,14554.2228,14554.2228,0
1549,37.11,14554.2228,14554.2228,0
1551,37.15,14554.2228,14554.2228,0
1554,37.20,14554.2228,14554.2228,0
1557,37.21,14554.2228,14554.2228,0
1564,37.24,14554.2228,14554.2228,0
1568,37.24,14554.2228,14554.2228,0
1572,37.29,14554.2228,14554.2228,0
1583,37.38,14554.2228,14554.2228,0
1588,37.38,14554.2228,14554.2228,0
1598,37.39,14554.2228,14554.2228,0
1602,37.40,14554.2228,14554.2228,0
1604,37.41,14554.2228,14554.2228,0
1612,37.42,14554.2228,14554.2228,0
1615,37.44,14554.2228,14554.2228,0
1637,37.50,14554.2228,14554.2228,0
1642,37.52,14554.2228,14554.2228,0
1652,37.55,14554.2228,14554.2228,0
1653,37.55,14554.2228,14554.2228,0
1663,37.61,14554.2228,14554.2228,0
1672,37.62,14554.2228,14554.2228,0
1698,37.70,14554.2228,14554.2228,0
1717,37.74,14554.2228,14554.2228,0
1724,37.76,14554.2228,14554.2228,0
1725,37.79,14554.2228,14554.2228,0
1730,37.80,14554.2228,14554.2228,1
1732,37.96,14554.2228,14554.2228,0
1733,37.97,14554.2228,14554.2228,0
1735,37.97,14554.2228,14554.2228,0
1754,38.00,14554.2228,14554.2228,0
1755,38.01,14554.2228,14554.2228,0
1759,38.09,14554.2228,14554.2228,0
1761,38.10,14554.2228,14554.2228,0
1765,38.11,14554.2228,14554.2228,0
1769,38.11,14554.2228,14554.2228,0
1773,38.12,14554.2228,14554.2228,0
1793,38.17,14554.2228,14554.2228,0
1795,38.18,14554.2228,14554.2228,0
1801,38.18,14554.2228,14554.2228,0
1805,38.18,14554.2228,14554.2228,0
1812,38.21,14554.2228,14554.2228,0
1815,38.21,14554.2228,14554.2228,0
1822,38.26,14554.2228,14554.2228,0
1823,38.27,14554.2228,14554.2228,0
1827,38.29,14554.2228,14554.2228,0
1830,38.29,14554.2228,14554.2228,0
1832,38.30,14554.2228,14554.2228,0
1841,38.31,14554.2228,14554.2228,0
1842,38.31,14554.2228,14554.2228,0
1844,38.31,14554.2228,14554.2228,0
1859,38.35,14554.2228,14554.2228,0
1872,38.37,14554.2228,14554.2228,0
1873,38.37,14554.2228,14554.2228,0
1875,38.38,14554.2228,14554.2228,0
1889,38.42,14554.2228,14554.2228,0
1892,38.42,14554.2228,14554.2228,0
1897,38.45,14554.2228,14554.2228,0
1900,38.46,14554.2228,14554.2228,0
1903,38.47,14554.2228,14554.2228,0
1911,38.48,14554.2228,14554.2228,0
1913,38.49,14554.2228,14554.2228,0
1922,38.51,14554.2228,14554.2228,0
1930,38.52,14554.2228,14554.2228,0
1932,38.52,14554.2228,14554.2228,0
1935,38.54,14554.2228,14554.2228,0
1944,38.57,14554.2228,14554.2228,0
1953,38.58,14554.2228,14554.2228,0
1958,38.59,14554.2228,14554.2228,0
1960,38.60,14554.2228,14554.2228,0
1962,38.62,14554.2228,14554.2228,0
1967,38.62,14554.2228,14554.2228,0
1969,38.62,14554.2228,14554.2228,0
1972,38.62,14554.2228,14554.2228,0
1975,38.63,14554.2228,14554.2228,0
1977,38.64,14554.2228,14554.2228,0
1988,38.66,14554.2228,14554.2228,0
1990,38.66,14554.2228,14554.2228,0
1991,38.66,14554.2228,14554.2228,0
1999,38.68,14554.2228,14554.2228,0
2007,38.70,14554.2228,14554.2228,0
2013,38.71,14554.2228,14554.2228,0
2015,38.72,14554.2228,14554.2228,0
2023,38.76,14554.2228,14554.2228,0
2033,38.77,14554.2228,14554.2228,1
2035,38.85,14046.1917,14554.2228,0
2036,38.86,14046.1917,14554.2228,0
2037,38.90,14046.1917,14554.2228,0
2040,38.96,14180.3333,14554.2228,0
2041,39.00,14180.3333,14554.2228,0
2044,39.08,14228.9960,14554.2228,0
2046,39.14,14228.9960,14554.2228,0
2049,39.22,14228.9960,14554.2228,0
2052,39.34,14228.9960,14554.2228,0
2060,39.51,14475.8137,14554.2228,0
2061,39.54,14484.1507,14554.2228,0
2076,39.99,14484.1507,14554.2228,0
2079,40.03,14489.3737,14554.2228,0
2088,40.28,14489.3737,14554.2228,0
2091,40.34,14614.5074,14614.5074,0
2092,40.37,14712.4513,14712.4513,0
2096,40.48,14712.4513,14712.4513,0
2101,40.53,14712.4513,14712.4513,0
2102,40.60,14712.4513,14712.4513,0
2111,40.71,14712.4513,14712.4513,0
2116,40.72,14712.4513,14712.4513,0
2124,40.76,14712.4513,14712.4513,0
2127,40.77,14712.4513,14712.4513,0
2131,40.77,14712.4513,14712.4513,0
2132,40.80,14712.4513,14712.4513,0
2138,40.86,14712.4513,14712.4513,0
2144,40.95,14712.4513,14712.4513,0
2149,41.00,14712.8464,14712.8464,0
2153,41.05,14712.8464,14712.8464,0
2157,41.15,14712.8464,14712.8464,0
2158,41.18,14712.8464,14712.8464,0
2159,41.20,14712.8464,14712.8464,0
2163,41.24,14712.8464,14712.8464,0
2166,41.30,14712.8464,14712.8464,0
2173,41.30,14712.8464,14712.8464,0
2186,41.46,14712.8464,14712.8464,0
2192,41.53,14712.8464,14712.8464,0
2193,41.59,14712.8464,14712.8464,0
2195,41.64,14712.8464,14712.8464,0
2197,41.68,14712.8464,14712.8464,0
2210,41.89,14754.1943,14754.1943,0
2211,41.96,14754.1943,14754.1943,0
2213,41.97,14754.1943,14754.1943,0
2214,41.99,14754.1943,14754.1943,0
2216,42.10,14754.1943,14754.1943,0
2223,42.27,14754.1943,14754.1943,0
2224,42.31,14754.1943,14754.1943,0
2231,42.38,14754.1943,14754.1943,0
2233,42.41,14754.1943,14754.1943,0
2235,42.45,14754.1943,14754.1943,0
2236,42.47,14754.1943,14754.1943,0
2240,42.48,14754.1943,14754.1943,0
2243,42.48,14754.1943,14754.1943,0
2244,42.48,14754.1943,14754.1943,0
2251,42.56,14754.1943,14754.1943,0
2256,42.59,14754.1943,14754.1943,0
2258,42.60,14754.1943,14754.1943,0
2267,42.66,14754.1943,14754.1943,0
2269,42.67,14754.1943,14754.1943,0
2284,42.82,14754.1943,14754.1943,0
2293,42.86,14754.1943,14754.1943,0
2296,42.90,14754.1943,14754.1943,0
2297,42.90,14754.1943,14754.1943,0
2302,42.92,14754.1943,14754.1943,0
2305,42.92,14754.1943,14754.1943,0
2307,42.93,14754.1943,14754.1943,0
2317,43.00,14760.1940,14760.1940,0
2324,43.18,14760.1940,14760.1940,0
2334,43.32,14760.1940,14760.1940,0
2339,43.40,14760.1940,14760.1940,0
2340,43.49,14760.1940,14760.1940,0
2343,43.63,14760.1940,14760.1940,0
2344,43.67,14760.1940,14760.1940,0
2350,43.79,14760.1940,14760.1940,0
2356,43.84,14760.1940,14760.1940,0
2357,43.86,14760.1940,14760.1940,0
2358,43.91,14760.1940,14760.1940,0
2362,43.93,14760.1940,14760.1940,0
2365,43.94,14760.1940,14760.1940,0
2366,43.94,14760.1940,14760.1940,0
2371,43.98,14760.1940,14760.1940,0
2376,44.00,14760.1940,14760.1940,0
2379,44.01,14760.1940,14760.1940,0
2381,44.01,14760.1940,14760.1940,0
2382,44.01,14760.1940,14760.1940,0
2386,44.05,14760.1940,14760.1940,0
2393,44.06,14760.1940,14760.1940,0
2396,44.09,14760.1940,14760.1940,0
2402,44.11,14760.1940,14760.1940,0
2405,44.11,14760.1940,14760.1940,0
2407,44.12,14760.1940,14760.1940,0
2410,44.12,14760.1940,14760.1940,0
2414,44.17,14760.1940,14760.1940,0
2416,44.18,14760.1940,14760.1940,0
2423,44.19,14760.1940,14760.1940,0
2434,44.22,14760.1940,14760.1940,0
2442,44.24,14760.1940,14760.1940,0
2445,44.25,14760.1940,14760.1940,0
2447,44.25,14760.1940,14760.1940,0
2451,44.25,14760.1940,14760.1940,0
2455,44.27,14760.1940,14760.1940,0
2456,44.27,14760.1940,14760.1940,0
2460,44.28,14760.1940,14760.1940,0
2464,44.31,14761.4301,14761.4301,0
2466,44.33,14761.4301,14761.4301,0
2472,44.43,14761.4301,14761.4301,0
2473,44.43,14761.4301,14761.4301,0
2475,44.48,14761.4301,14761.4301,0
2476,44.53,14761.4301,14761.4301,0
2480,44.59,14761.4301,14761.4301,0
2481,44.63,14761.4301,14761.4301,0
2483,44.72,14761.4301,14761.4301,0
2487,44.79,14761.4301,14761.4301,0
2494,44.89,14761.4301,14761.4301,0
2501,44.97,14761.4301,14761.4301,0
2502,44.97,14761.4301,14761.4301,0
2504,44.99,14761.4301,14761.4301,0
2509,45.03,14761.4301,14761.4301,0
2511,45.03,14761.4301,14761.4301,0
2513,45.03,14761.4301,14761.4301,0
2517,45.03,14761.4301,14761.4301,0
2520,45.04,14761.4301,14761.4301,0
2522,45.04,14761.4301,14761.4301,0
2534,45.16,14761.4301,14761.4301,0
2540,45.24,14761.4301,14761.4301,0
2545,45.25,14761.4301,14761.4301,0
2549,45.27,14761.4301,14761.4301,0
2551,45.27,14761.4301,14761.4301,0
2559,45.32,14761.4301,14761.4301,0
2563,45.32,14761.4301,14761.4301,0
2566,45.38,14761.4301,14761.4301,0
2573,45.41,14761.4301,14761.4301,0
2585,45.45,14761.4301,14761.4301,0
2588,45.45,14761.4301,14761.4301,0
2591,45.53,14761.4301,14761.4301,0
2593,45.53,14761.4301,14761.4301,0
2596,45.58,14761.4301,14761.4301,0
2598,45.59,14761.4301,14761.4301,0
2601,45.61,14761.4301,14761.4301,0
2602,45.61,14761.4301,14761.4301,0
2608,45.62,14761.4301,14761.4301,0
2611,45.62,14761.4301,14761.4301,0
2615,45.67,14761.4301,14761.4301,0
2619,45.67,14761.4301,14761.4301,0
2624,45.68,14761.4301,14761.4301,0
2637,45.71,14761.4301,14761.4301,0
2639,45.71,14761.4301,14761.4301,0
2641,45.71,14761.4301,14761.4301,0
2644,45.72,14761.4301,14761.4301,0
2645,45.72,14761.4301,14761.4301,0
2650,45.73,14761.4301,14761.4301,0
2653,45.73,14761.4301,14761.4301,0
2655,45.73,14761.4301,14761.4301,0
2657,45.74,14761.4301,14761.4301,0
2659,45.74,14761.4301,14761.4301,0
2661,45.74,14761.4301,14761.4301,0
2669,45.77,14761.4301,14761.4301,0
2670,45.82,14761.4301,14761.4301,0
2675,45.83,14761.4301,14761.4301,0
2676,45.84,14761.4301,14761.4301,0
2681,45.84,14761.4301,14761.4301,0
2686,45.84,14761.4301,14761.4301,0
2687,45.85,14761.4301,14761.4301,0
2691,45.87,14761.4301,14761.4301,0
2692,45.87,14761.4301,14761.4301,0
2693,45.87,14761.4301,14761.4301,0
2696,45.88,14761.4301,14761.4301,0
2697,45.88,14761.4301,14761.4301,0
2698,45.88,14761.4301,14761.4301,0
2699,45.89,14761.4301,14761.4301,0
2700,45.89,14761.4301,14761.4301,0
2701,45.89,14761.4301,14761.4301,0
2702,45.89,14761.4301,14761.4301,0
2703,45.89,14761.4301,14761.4301,0
2706,45.89,14761.4301,14761.4301,0
2707,45.89,14761.4301,14761.4301,0
2709,45.89,14761.4301,14761.4301,0
2710,45.89,14761.4301,14761.4301,0
2711,45.89,14761.4301,14761.4301,0
2712,45.90,14761.4301,14761.4301,0
2714,45.90,14761.4301,14761.4301,0
2718,45.91,14761.4301,14761.4301,0
2725,45.93,14761.4301,14761.4301,0
2727,45.95,14761.4301,14761.4301,0
2729,45.95,14761.4301,14761.4301,0
2732,46.03,14761.4301,14761.4301,0
2739,46.05,14761.4301,14761.4301,0
2740,46.05,14761.4301,14761.4301,0
2741,46.05,14761.4301,14761.4301,0
2747,46.07,14761.4301,14761.4301,0
2748,46.07,14761.4301,14761.4301,0
2750,46.07,14761.4301,14761.4301,0
2764,46.16,14761.4301,14761.4301,0
2765,46.16,14761.4301,14761.4301,1
2771,46.41,14490.8352,14761.4301,0
2773,46.47,14490.8352,14761.4301,0
2774,46.52,14490.8352,14761.4301,0
2776,46.58,14490.8352,14761.4301,0
2777,46.63,14490.8352,14761.4301,0
2779,46.63,14490.8352,14761.4301,0
2782,46.72,14490.8352,14761.4301,0
2785,46.75,14761.4301,14761.4301,0
2786,46.78,14761.4301,14761.4301,0
2787,46.78,14761.4301,14761.4301,0
2789,46.78,14761.4301,14761.4301,0
2793,46.79,14761.4301,14761.4301,0
2794,46.79,14761.4301,14761.4301,0
2800,46.81,14761.4301,14761.4301,0
2804,46.81,14761.4301,14761.4301,0
2812,46.83,14761.4301,14761.4301,0
2816,46.83,14761.4301,14761.4301,0
2822,46.85,14761.4301,14761.4301,0
2828,46.86,14761.4301,14761.4301,0
2832,46.86,14761.4301,14761.4301,0
2835,46.88,14761.4301,14761.4301,0
2843,46.89,14761.4301,14761.4301,0
2844,46.91,14807.6066,14807.6066,0
2848,46.97,14807.6066,14807.6066,0
2850,47.03,14807.6066,14807.6066,0
2853,47.13,14807.6066,14807.6066,0
2854,47.13,14807.6066,14807.6066,0
2857,47.25,14807.6066,14807.6066,0
2858,47.28,14807.6066,14807.6066,0
2860,47.31,14807.6066,14807.6066,0
2865,47.32,14807.6066,14807.6066,0
2866,47.39,14847.2151,14847.2151,0
2867,47.44,14847.2151,14847.2151,0
2872,47.62,14847.2151,14847.2151,0
2873,47.71,14847.2151,14847.2151,0
2877,47.84,14847.2151,14847.2151,0
2884,47.85,14847.2151,14847.2151,0
2890,47.99,14847.2151,14847.2151,0
2892,48.08,14847.2151,14847.2151,0
2896,48.15,14847.2151,14847.2151,0
2903,48.25,14847.2151,14847.2151,0
2906,48.26,14847.2151,14847.2151,0
2912,48.31,14847.2151,14847.2151,0
2919,48.35,14847.2151,14847.2151,0
2933,48.36,14847.2151,14847.2151,0
2937,48.39,14847.2151,14847.2151,0
2941,48.40,14847.2151,14847.2151,0
2951,48.51,14847.2151,14847.2151,0
2965,48.52,14847.2151,14847.2151,0
2967,48.53,14847.2151,14847.2151,0
2980,48.60,14847.2151,14847.2151,0
2982,48.67,14847.2151,14847.2151,0
2984,48.67,14847.2151,14847.2151,0
2985,48.67,14847.2151,14847.2151,0
2988,48.74,14847.2151,14847.2151,0
2991,48.74,14847.2151,14847.2151,0
3000,48.76,14847.2151,14847.2151,0
3002,48.76,14847.2151,14847.2151,0
3005,48.76,14847.2151,14847.2151,0
3012,48.78,14847.2151,14847.2151,0
3023,48.79,14847.2151,14847.2151,0
3027,48.83,14847.2151,14847.2151,0
3029,48.84,14847.2151,14847.2151,0
3036,48.85,14847.2151,14847.2151,0
3051,48.95,14847.2151,14847.2151,0
3055,48.95,14847.2151,14847.2151,0
3057,48.95,14847.2151,14847.2151,0
3068,48.98,14847.2151,14847.2151,0
3075,48.98,14847.2151,14847.2151,0
3083,49.01,14847.2151,14847.2151,0
3086,49.02,14847.2151,14847.2151,0
3088,49.02,14847.2151,14847.2151,0
3089,49.02,14847.2151,14847.2151,0
3107,49.04,14847.2151,14847.2151,0
3108,49.04,14847.2151,14847.2151,0
3110,49.08,14847.2151,14847.2151,0
3116,49.13,14847.2151,14847.2151,0
3117,49.13,14847.2151,14847.2151,0
3119,49.17,14847.2151,14847.2151,0
3124,49.18,14847.2151,14847.2151,0
3126,49.18,14847.2151,14847.2151,0
3127,49.18,14847.2151,14847.2151,0
3129,49.18,14847.2151,14847.2151,0
3156,49.23,14847.2151,14847.2151,0
3157,49.24,14847.2151,14847.2151,0
3167,49.29,14847.2151,14847.2151,1
3169,49.38,14587.5442,14847.2151,0
3170,49.42,14587.5442,14847.2151,0
3171,49.47,14587.5442,14847.2151,0
3172,49.54,14587.5442,14847.2151,0
3174,49.56,14587.5442,14847.2151,0
3175,49.58,14587.5442,14847.2151,0
3178,49.64,14587.5442,14847.2151,0
3180,49.67,14654.2579,14847.2151,0
3192,49.89,14654.2579,14847.2151,0
3197,50.01,14654.2579,14847.2151,0
3208,50.22,14654.2579,14847.2151,0
3210,50.33,14654.2579,14847.2151,0
3218,50.44,14654.2579,14847.2151,0
3221,50.50,14654.2579,14847.2151,0
3228,50.59,14654.2579,14847.2151,0
3232,50.65,14654.2579,14847.2151,0
3234,50.67,14654.2579,14847.2151,0
3237,50.69,14654.2579,14847.2151,0
3239,50.69,14654.2579,14847.2151,0
3241,50.73,14654.2579,14847.2151,0
3245,50.73,14654.2579,14847.2151,0
3246,50.73,14654.2579,14847.2151,0
3250,50.74,14654.2579,14847.2151,0
3253,50.77,14654.2579,14847.2151,0
3257,50.77,14654.2579,14847.2151,0
3259,50.84,14654.2579,14847.2151,0
3264,50.85,14654.2579,14847.2151,0
3271,50.89,14654.2579,14847.2151,0
3275,50.90,14654.2579,14847.2151,0
3281,50.92,14654.2579,14847.2151,0
3296,51.05,14654.2579,14847.2151,0
3325,51.18,14654.2579,14847.2151,0
3326,51.18,14654.2579,14847.2151,0
3329,51.19,14654.2579,14847.2151,0
3331,51.19,14654.2579,14847.2151,0
3339,51.24,14654.2579,14847.2151,0
3341,51.24,14654.2579,14847.2151,0
3350,51.29,14654.2579,14847.2151,0
3357,51.30,14654.2579,14847.2151,0
3362,51.33,14654.2579,14847.2151,0
3369,51.38,14654.2579,14847.2151,0
3370,51.38,14654.2579,14847.2151,0
3385,51.43,14654.2579,14847.2151,0
3386,51.43,14654.2579,14847.2151,0
3389,51.43,14654.2579,14847.2151,0
3411,51.56,14654.2579,14847.2151,0
3414,51.57,14654.2579,14847.2151,0
3415,51.58,14654.2579,14847.2151,0
3422,51.59,14654.2579,14847.2151,0
3429,51.65,14654.2579,14847.2151,0
3443,51.71,14654.2579,14847.2151,0
3445,51.71,14654.2579,14847.2151,0
3455,51.78,14654.2579,14847.2151,0
3462,51.79,14654.2579,14847.2151,0
3466,51.81,14654.2579,14847.2151,0
3481,51.88,14654.2579,14847.2151,1
3482,51.98,14217.1631,14847.2151,0
3483,52.01,14217.1631,14847.2151,0
3484,52.04,14217.1631,14847.2151,0
3486,52.08,14217.1631,14847.2151,0
3487,52.10,14217.1631,14847.2151,0
3488,52.12,14434.5618,14847.2151,0
3490,52.16,14434.5618,14847.2151,0
3491,52.18,14434.5618,14847.2151,0
3492,52.20,14434.5618,14847.2151,0
3494,52.29,14434.5618,14847.2151,0
3496,52.40,14580.3188,14847.2151,0
3498,52.48,14580.3188,14847.2151,0
3499,52.50,14580.3188,14847.2151,0
3502,52.54,14580.3188,14847.2151,0
3503,52.56,14723.4644,14847.2151,0
3504,52.63,14723.4644,14847.2151,0
3512,52.70,14723.4644,14847.2151,0
3514,52.81,14723.4644,14847.2151,0
3517,52.86,14723.4644,14847.2151,0
3520,52.91,14723.4644,14847.2151,0
3523,53.03,14723.4644,14847.2151,0
3525,53.07,14723.4644,14847.2151,0
3529,53.16,14723.4644,14847.2151,0
3530,53.17,14723.4644,14847.2151,0
3532,53.20,14723.4644,14847.2151,0
3533,53.20,14723.4644,14847.2151,0
3538,53.24,14723.4644,14847.2151,0
3546,53.37,14723.4644,14847.2151,0
3563,53.47,14723.4644,14847.2151,0
3567,53.51,14723.4644,14847.2151,0
3569,53.53,14723.4644,14847.2151,0
3578,53.65,14723.4644,14847.2151,0
3588,53.74,14723.4644,14847.2151,0
3601,53.85,14723.4644,14847.2151,0
3603,53.87,14723.4644,14847.2151,0
3605,53.87,14723.4644,14847.2151,0
3606,53.87,14723.4644,14847.2151,0
3607,53.91,14723.4644,14847.2151,0
3608,53.91,14723.4644,14847.2151,0
3609,53.91,14723.4644,14847.2151,0
3610,53.91,14723.4644,14847.2151,0
3611,53.91,14723.4644,14847.2151,0
3626,53.93,14723.4644,14847.2151,0
3635,53.95,14723.4644,14847.2151,0
3636,53.96,14723.4644,14847.2151,0
3637,53.99,14723.4644,14847.2151,0
3644,54.05,14723.4644,14847.2151,0
3645,54.07,14723.4644,14847.2151,0
3652,54.10,14723.4644,14847.2151,0
3655,54.11,14723.4644,14847.2151,0
3673,54.13,14723.4644,14847.2151,0
3678,54.19,14723.4644,14847.2151,0
3685,54.21,14723.4644,14847.2151,0
3687,54.21,14723.4644,14847.2151,0
3693,54.22,14723.4644,14847.2151,0
3697,54.30,14723.4644,14847.2151,0
3698,54.35,14723.4644,14847.2151,0
3699,54.35,14723.4644,14847.2151,0
3711,54.38,14723.4644,14847.2151,0
3712,54.38,14723.4644,14847.2151,0
3715,54.38,14723.4644,14847.2151,0
3729,54.42,14723.4644,14847.2151,0
3733,54.43,14723.4644,14847.2151,0
3736,54.43,14723.4644,14847.2151,0
3740,54.44,14723.4644,14847.2151,0
3742,54.46,14723.4644,14847.2151,0
3747,54.46,14723.4644,14847.2151,0
3749,54.46,14723.4644,14847.2151,0
3752,54.48,14723.4644,14847.2151,0
3766,54.52,14723.4644,14847.2151,0
3769,54.52,14723.4644,14847.2151,0
3771,54.52,14723.4644,14847.2151,0
3775,54.52,14723.4644,14847.2151,0
3778,54.53,14723.4644,14847.2151,0
3779,54.53,14723.4644,14847.2151,0
3791,54.60,14723.4644,14847.2151,0
3795,54.60,14723.4644,14847.2151,0
3796,54.61,14723.4644,14847.2151,0
3797,54.66,14723.4644,14847.2151,0
3798,54.66,14723.4644,14847.2151,0
3800,54.66,14723.4644,14847.2151,0
3804,54.67,14723.4644,14847.2151,1
3812,54.72,14723.4644,14847.2151,0
3814,54.72,14723.4644,14847.2151,0
3816,54.74,14723.4644,14847.2151,0
3823,54.83,14723.4644,14847.2151,0
3826,54.83,14723.4644,14847.2151,0
3827,54.83,14723.4644,14847.2151,0
3840,54.85,14723.4644,14847.2151,0
3844,54.86,14723.4644,14847.2151,0
3852,54.87,14723.4644,14847.2151,0
3859,54.88,14723.4644,14847.2151,0
3865,54.88,14723.4644,14847.2151,0
3870,54.89,14723.4644,14847.2151,0
3876,54.90,14723.4644,14847.2151,0
3887,54.95,14723.4644,14847.2151,0
3889,54.95,14723.4644,14847.2151,0
3895,54.97,14723.4644,14847.2151,0
3896,54.97,14723.4644,14847.2151,0
3906,54.99,14723.4644,14847.2151,0
3907,54.99,14723.4644,14847.2151,0
3927,55.01,14723.4644,14847.2151,0
3929,55.02,14723.4644,14847.2151,0
3939,55.04,14723.4644,14847.2151,0
3941,55.05,14723.4644,14847.2151,0
3942,55.05,14723.4644,14847.2151,0
3943,55.05,14723.4644,14847.2151,0
3945,55.05,14723.4644,14847.2151,0
3947,55.06,14723.4644,14847.2151,0
3955,55.08,14723.4644,14847.2151,0
3958,55.09,14723.4644,14847.2151,0
3967,55.11,14723.4644,14847.2151,0
3970,55.11,14723.4644,14847.2151,0
3971,55.11,14723.4644,14847.2151,0
3974,55.12,14723.4644,14847.2151,0
3976,55.12,14723.4644,14847.2151,0
3981,55.14,14723.4644,14847.2151,0
3982,55.14,14723.4644,14847.2151,0
3984,55.14,14723.4644,14847.2151,0
3995,55.17,14723.4644,14847.2151,0
3997,55.19,14723.4644,14847.2151,0
4004,55.19,14723.4644,14847.2151,0
4012,55.21,14723.4644,14847.2151,0
4013,55.21,14723.4644,14847.2151,0
4015,55.21,14723.4644,14847.2151,0
4016,55.22,14723.4644,14847.2151,0
4017,55.22,14723.4644,14847.2151,0
4026,55.24,14723.4644,14847.2151,0
4027,55.24,14723.4644,14847.2151,0
4028,55.24,14723.4644,14847.2151,0
4030,55.24,14723.4644,14847.2151,0
4032,55.24,14723.4644,14847.2151,0
4041,55.26,14723.4644,14847.2151,0
4042,55.26,14723.4644,14847.2151,0
4049,55.27,14723.4644,14847.2151,0
4055,55.28,14723.4644,14847.2151,0
4056,55.28,14723.4644,14847.2151,0
4057,55.28,14723.4644,14847.2151,0
4058,55.29,14723.4644,14847.2151,0
4066,55.37,14723.4644,14847.2151,0
4070,55.38,14723.4644,14847.2151,0
4074,55.41,14723.4644,14847.2151,0
4078,55.41,14723.4644,14847.2151,0
4089,55.43,14723.4644,14847.2151,0
4090,55.43,14723.4644,14847.2151,0
4092,55.44,14723.4644,14847.2151,0
4095,55.46,14723.4644,14847.2151,0
4099,55.47,14723.4644,14847.2151,0
4101,55.47,14723.4644,14847.2151,0
4102,55.47,14723.4644,14847.2151,0
4105,55.48,14723.4644,14847.2151,1
4106,55.55,14099.4526,14847.2151,0
4107,55.58,14230.2642,14847.2151,0
4108,55.59,14293.2679,14847.2151,0
4110,55.65,14293.2679,14847.2151,0
4111,55.69,14293.2679,14847.2151,0
4112,55.73,14381.5191,14847.2151,0
4115,55.81,14381.5191,14847.2151,0
4119,55.90,14381.5191,14847.2151,0
4120,55.94,14598.5298,14847.2151,0
4122,55.99,14598.5298,14847.2151,0
4124,56.06,14598.5298,14847.2151,0
4125,56.09,14598.5298,14847.2151,0
4128,56.15,14602.6148,14847.2151,0
4129,56.18,14602.6148,14847.2151,0
4130,56.20,14645.9699,14847.2151,0
4131,56.22,14853.4177,14853.4177,0
4135,56.24,14853.4177,14853.4177,0
4139,56.34,14853.4177,14853.4177,0
4146,56.49,14853.4177,14853.4177,0
4147,56.53,14853.4177,14853.4177,0
4151,56.60,14853.4177,14853.4177,0
4154,56.61,14853.4177,14853.4177,0
4161,56.78,14853.4177,14853.4177,0
4164,56.79,14853.4177,14853.4177,0
4165,56.79,14853.4177,14853.4177,0
4172,56.97,14853.4177,14853.4177,0
4176,57.03,14853.4177,14853.4177,0
4177,57.03,14853.4177,14853.4177,0
4179,57.06,14853.4177,14853.4177,0
4180,57.06,14853.4177,14853.4177,0
4191,57.22,14853.4177,14853.4177,0
4219,57.53,14853.4177,14853.4177,0
4225,57.53,14853.4177,14853.4177,0
4228,57.54,14853.4177,14853.4177,0
4231,57.57,14853.4177,14853.4177,0
4233,57.57,14853.4177,14853.4177,0
4234,57.57,14853.4177,14853.4177,0
4237,57.57,14853.4177,14853.4177,0
4241,57.58,14853.4177,14853.4177,0
4251,57.70,14853.4177,14853.4177,0
4252,57.70,14853.4177,14853.4177,0
4267,57.83,14853.4177,14853.4177,0
4268,57.84,14869.1198,14869.1198,0
4269,57.87,14869.1198,14869.1198,0
4271,57.89,14869.1198,14869.1198,0
4272,57.89,14869.1198,14869.1198,0
4279,58.05,14869.1198,14869.1198,0
4281,58.12,15095.5576,15095.5576,0
4282,58.15,15108.9644,15108.9644,0
4285,58.25,15108.9644,15108.9644,0
4287,58.32,15108.9644,15108.9644,0
4293,58.42,15211.7566,15211.7566,0
4294,58.49,15211.7566,15211.7566,0
4295,58.51,15211.7566,15211.7566,0
4300,58.63,15211.7566,15211.7566,0
4301,58.68,15211.7566,15211.7566,0
4302,58.68,15211.7566,15211.7566,0
4304,58.73,15211.7566,15211.7566,0
4305,58.77,15211.7566,15211.7566,0
4309,58.91,15211.7566,15211.7566,0
4310,58.96,15211.7566,15211.7566,0
4314,58.99,15211.7566,15211.7566,0
4322,59.05,15211.7566,15211.7566,0
4323,59.15,15211.7566,15211.7566,0
4324,59.20,15211.7566,15211.7566,0
4326,59.21,15211.7566,15211.7566,0
4328,59.22,15211.7566,15211.7566,0
4331,59.23,15211.7566,15211.7566,0
4332,59.23,15211.7566,15211.7566,0
4333,59.26,15211.7566,15211.7566,0
4337,59.26,15211.7566,15211.7566,0
4341,59.38,15211.7566,15211.7566,0
4346,59.46,15211.7566,15211.7566,0
4349,59.46,15211.7566,15211.7566,0
4350,59.46,15211.7566,15211.7566,0
4361,59.56,15211.7566,15211.7566,0
4363,59.61,15211.7566,15211.7566,0
4365,59.66,15211.7566,15211.7566,0
4369,59.66,15211.7566,15211.7566,0
4370,59.66,15211.7566,15211.7566,0
4378,59.68,15211.7566,15211.7566,0
4383,59.69,15211.7566,15211.7566,0
4394,59.77,15211.7566,15211.7566,0
4401,59.79,15211.7566,15211.7566,0
4402,59.79,15211.7566,15211.7566,0
4407,59.79,15211.7566,15211.7566,0
4412,59.86,15211.7566,15211.7566,0
4414,59.87,15211.7566,15211.7566,0
4417,59.89,15211.7566,15211.7566,0
4420,59.89,15211.7566,15211.7566,0
4425,59.90,15211.7566,15211.7566,0
4427,59.90,15211.7566,15211.7566,0
4429,59.94,15211.7566,15211.7566,0
4430,59.99,15211.7566,15211.7566,0
4431,59.99,15211.7566,15211.7566,0
4435,60.01,15211.7566,15211.7566,0
4436,60.01,15211.7566,15211.7566,0
4437,60.01,15211.7566,15211.7566,0
4439,60.01,15211.7566,15211.7566,0
4440,60.01,15211.7566,15211.7566,0
4441,60.01,15211.7566,15211.7566,0
4443,60.05,15211.7566,15211.7566,0
4444,60.08,15211.7566,15211.7566,0
4445,60.08,15211.7566,15211.7566,0
4450,60.09,15211.7566,15211.7566,0
4455,60.10,15211.7566,15211.7566,0
4459,60.11,15211.7566,15211.7566,0
4460,60.11,15211.7566,15211.7566,0
4469,60.16,15211.7566,15211.7566,0
4475,60.17,15211.7566,15211.7566,0
4476,60.17,15211.7566,15211.7566,0
4480,60.18,15211.7566,15211.7566,0
4481,60.18,15211.7566,15211.7566,0
4484,60.19,15211.7566,15211.7566,0
4488,60.19,15211.7566,15211.7566,0
4492,60.20,15211.7566,15211.7566,0
4497,60.21,15211.7566,15211.7566,0
4500,60.22,15211.7566,15211.7566,0
4502,60.22,15211.7566,15211.7566,0
4505,60.22,15211.7566,15211.7566,0
4508,60.22,15211.7566,15211.7566,0
4510,60.23,15211.7566,15211.7566,0
4511,60.25,15211.7566,15211.7566,0
4514,60.27,15211.7566,15211.7566,0
4515,60.27,15211.7566,15211.7566,0
4528,60.33,15211.7566,15211.7566,0
4531,60.35,15211.7566,15211.7566,0
4533,60.38,15211.7566,15211.7566,0
4549,60.49,15211.7566,15211.7566,0
4551,60.49,15211.7566,15211.7566,0
4555,60.50,15211.7566,15211.7566,0
4557,60.50,15211.7566,15211.7566,0
4558,60.50,15211.7566,15211.7566,0
4559,60.50,15211.7566,15211.7566,0
4561,60.56,15211.7566,15211.7566,0
4562,60.56,15211.7566,15211.7566,0
4563,60.56,15211.7566,15211.7566,0
4564,60.56,15211.7566,15211.7566,0
4566,60.57,15211.7566,15211.7566,0
4567,60.57,15211.7566,15211.7566,0
4572,60.58,15211.7566,15211.7566,0
4574,60.58,15211.7566,15211.7566,0
4579,60.60,15211.7566,15211.7566,0
4584,60.60,15211.7566,15211.7566,0
4588,60.61,15211.7566,15211.7566,0
4589,60.61,15211.7566,15211.7566,0
4590,60.61,15211.7566,15211.7566,0
4594,60.61,15211.7566,15211.7566,1
4596,60.69,15240.6300,15240.6300,0
4599,60.72,15240.6300,15240.6300,0
4601,60.79,15240.6300,15240.6300,0
4606,60.94,15240.6300,15240.6300,0
4609,60.97,15240.6300,15240.6300,0
4610,60.98,15240.6300,15240.6300,0
4614,61.05,15240.6300,15240.6300,0
4615,61.10,15240.6300,15240.6300,0
4621,61.17,15240.6300,15240.6300,0
4631,61.24,15240.6300,15240.6300,0
4638,61.44,15240.6300,15240.6300,0
4655,61.60,15240.6300,15240.6300,0
4664,61.73,15240.6300,15240.6300,0
4668,61.73,15240.6300,15240.6300,0
4673,61.76,15240.6300,15240.6300,0
4676,61.80,15240.6300,15240.6300,0
4689,61.86,15240.6300,15240.6300,0
4698,61.93,15240.6300,15240.6300,0
4711,62.09,15240.6300,15240.6300,0
4714,62.10,15240.6300,15240.6300,0
4715,62.10,15240.6300,15240.6300,0
4716,62.10,15240.6300,15240.6300,0
4727,62.19,15240.6300,15240.6300,0
4736,62.29,15240.6300,15240.6300,0
4739,62.30,15240.6300,15240.6300,0
4740,62.30,15240.6300,15240.6300,0
4749,62.40,15240.6300,15240.6300,0
4751,62.42,15240.6300,15240.6300,0
4755,62.47,15240.6300,15240.6300,0
4757,62.50,15240.6300,15240.6300,0
4762,62.53,15240.6300,15240.6300,0
4763,62.54,15240.6300,15240.6300,0
4764,62.54,15240.6300,15240.6300,0
4765,62.54,15240.6300,15240.6300,0
4772,62.57,15240.6300,15240.6300,0
4793,62.68,15240.6300,15240.6300,0
4803,62.72,15240.6300,15240.6300,0
4808,62.73,15240.6300,15240.6300,0
4819,62.83,15240.6300,15240.6300,0
4831,62.99,15240.6300,15240.6300,0
4843,63.17,15240.6300,15240.6300,0
4844,63.17,15240.6300,15240.6300,0
4850,63.25,15240.6300,15240.6300,0
4851,63.25,15240.6300,15240.6300,0
4857,63.28,15240.6300,15240.6300,0
4862,63.29,15240.6300,15240.6300,0
4867,63.32,15240.6300,15240.6300,0
4876,63.38,15240.6300,15240.6300,0
4880,63.39,15240.6300,15240.6300,0
4883,63.40,15240.6300,15240.6300,0
4885,63.40,15240.6300,15240.6300,0
4892,63.46,15240.6300,15240.6300,0
4897,63.48,15240.6300,15240.6300,1
4900,63.57,15198.2057,15240.6300,0
4901,63.59,15240.6300,15240.6300,0
4907,63.63,15240.6300,15240.6300,0
4909,63.64,15240.6300,15240.6300,0
4913,63.64,15240.6300,15240.6300,0
4916,63.64,15240.6300,15240.6300,0
4923,63.66,15240.6300,15240.6300,0
4925,63.70,15240.6300,15240.6300,0
4926,63.70,15240.6300,15240.6300,0
4929,63.71,15240.6300,15240.6300,0
4931,63.71,15240.6300,15240.6300,0
4934,63.73,15240.6300,15240.6300,0
4947,63.77,15240.6300,15240.6300,0
4950,63.79,15240.6300,15240.6300,0
4952,63.80,15240.6300,15240.6300,0
4953,63.80,15240.6300,15240.6300,0
4955,63.82,15240.6300,15240.6300,0
4965,63.86,15240.6300,15240.6300,0
4966,63.86,15240.6300,15240.6300,0
4967,63.87,15240.6300,15240.6300,0
4976,63.91,15240.6300,15240.6300,0
4977,63.91,15240.6300,15240.6300,0
4986,63.92,15240.6300,15240.6300,0
4987,63.92,15240.6300,15240.6300,0
5003,63.97,15240.6300,15240.6300,0
5009,64.04,15240.6300,15240.6300,0
5010,64.04,15240.6300,15240.6300,0
5018,64.08,15240.6300,15240.6300,0
5021,64.10,15240.6300,15240.6300,0
5024,64.11,15240.6300,15240.6300,0
5026,64.11,15240.6300,15240.6300,0
5030,64.11,15240.6300,15240.6300,0
5041,64.19,15240.6300,15240.6300,0
5042,64.19,15240.6300,15240.6300,0
5047,64.20,15240.6300,15240.6300,0
5052,64.21,15240.6300,15240.6300,0
5053,64.21,15240.6300,15240.6300,0
5054,64.21,15240.6300,15240.6300,0
5055,64.22,15240.6300,15240.6300,0
5074,64.32,15240.6300,15240.6300,0
5076,64.32,15240.6300,15240.6300,0
5078,64.33,15240.6300,15240.6300,0
5083,64.34,15240.6300,15240.6300,0
5088,64.36,15240.6300,15240.6300,0
5089,64.36,15240.6300,15240.6300,0
5095,64.38,15240.6300,15240.6300,0
5113,64.40,15240.6300,15240.6300,0
5116,64.40,15240.6300,15240.6300,0
5122,64.42,15240.6300,15240.6300,0
5123,64.42,15240.6300,15240.6300,0
5141,64.51,15240.6300,15240.6300,0
5142,64.51,15240.6300,15240.6300,0
5144,64.52,15240.6300,15240.6300,0
5167,64.62,15240.6300,15240.6300,0
5172,64.65,15240.6300,15240.6300,0
5173,64.65,15240.6300,15240.6300,0
5183,64.69,15240.6300,15240.6300,0
5186,64.69,15240.6300,15240.6300,0
5189,64.71,15240.6300,15240.6300,0
5202,64.72,15240.6300,15240.6300,1
5208,65.02,14799.6980,15240.6300,0
5212,65.07,15033.7294,15240.6300,0
5213,65.10,15072.8931,15240.6300,0
5215,65.11,15072.8931,15240.6300,0
5216,65.14,15072.8931,15240.6300,0
5221,65.33,15240.6300,15240.6300,0
5226,65.34,15240.6300,15240.6300,0
5235,65.37,15240.6300,15240.6300,0
5240,65.38,15240.6300,15240.6300,0
5246,65.40,15240.6300,15240.6300,0
5263,65.43,15240.6300,15240.6300,0
5270,65.47,15240.6300,15240.6300,0
5291,65.58,15240.6300,15240.6300,0
5296,65.60,15240.6300,15240.6300,0
5310,65.62,15240.6300,15240.6300,0
5315,65.62,15240.6300,15240.6300,0
5316,65.62,15240.6300,15240.6300,0
5319,65.66,15240.6300,15240.6300,0
5332,65.72,15240.6300,15240.6300,0
5347,65.78,15240.6300,15240.6300,0
5350,65.78,15240.6300,15240.6300,0
5351,65.83,15240.6300,15240.6300,0
5355,65.84,15240.6300,15240.6300,0
5358,65.84,15240.6300,15240.6300,0
5361,65.85,15240.6300,15240.6300,0
5363,65.86,15240.6300,15240.6300,0
5369,65.89,15240.6300,15240.6300,0
5373,65.91,15240.6300,15240.6300,0
5382,65.94,15240.6300,15240.6300,0
5383,65.94,15240.6300,15240.6300,0
5385,65.95,15240.6300,15240.6300,0
5389,65.97,15240.6300,15240.6300,0
5405,66.06,15240.6300,15240.6300,0
5410,66.09,15240.6300,15240.6300,0
5425,66.16,15240.6300,15240.6300,0
5437,66.23,15240.6300,15240.6300,0
5444,66.25,15240.6300,15240.6300,0
5447,66.25,15240.6300,15240.6300,0
5455,66.28,15240.6300,15240.6300,0
5463,66.30,15240.6300,15240.6300,0
5467,66.31,15240.6300,15240.6300,0
5476,66.33,15240.6300,15240.6300,0
5478,66.35,15240.6300,15240.6300,0
5505,66.49,15240.6300,15240.6300,0
5507,66.51,15240.6300,15240.6300,0
5509,66.52,15240.6300,15240.6300,0
5514,66.55,15240.6300,15240.6300,0
5518,66.57,15240.6300,15240.6300,0
5519,66.57,15240.6300,15240.6300,0
5522,66.57,15240.6300,15240.6300,1
5524,66.63,14839.3721,15240.6300,0
5525,66.66,14839.3721,15240.6300,0
5532,66.77,15054.6583,15240.6300,0
5533,66.79,15054.6583,15240.6300,0
5534,66.82,15072.8931,15240.6300,0
5539,66.94,15072.8931,15240.6300,0
5540,66.96,15240.6300,15240.6300,0
5541,66.96,15240.6300,15240.6300,0
5545,66.96,15240.6300,15240.6300,0
5546,66.96,15240.6300,15240.6300,0
5552,67.00,15240.6300,15240.6300,0
5553,67.00,15240.6300,15240.6300,0
5557,67.01,15240.6300,15240.6300,0
5561,67.03,15240.6300,15240.6300,0
5564,67.03,15240.6300,15240.6300,0
5565,67.03,15240.6300,15240.6300,0
5568,67.03,15240.6300,15240.6300,0
5576,67.09,15240.6300,15240.6300,0
5578,67.12,15240.6300,15240.6300,0
5585,67.14,15240.6300,15240.6300,0
5591,67.16,15240.6300,15240.6300,0
5592,67.16,15240.6300,15240.6300,0
5600,67.20,15240.6300,15240.6300,0
5602,67.22,15240.6300,15240.6300,0
5624,67.36,15240.6300,15240.6300,0
5653,67.49,15240.6300,15240.6300,0
5661,67.50,15240.6300,15240.6300,0
5670,67.53,15240.6300,15240.6300,0
5674,67.54,15240.6300,15240.6300,0
5675,67.54,15240.6300,15240.6300,0
5683,67.57,15240.6300,15240.6300,0
5692,67.59,15240.6300,15240.6300,0
5693,67.59,15240.6300,15240.6300,0
5698,67.61,15240.6300,15240.6300,0
5703,67.63,15240.6300,15240.6300,0
5708,67.64,15240.6300,15240.6300,0
5714,67.65,15240.6300,15240.6300,0
5715,67.65,15240.6300,15240.6300,0
5716,67.65,15240.6300,15240.6300,0
5719,67.66,15240.6300,15240.6300,0
5728,67.70,15240.6300,15240.6300,0
5731,67.72,15240.6300,15240.6300,0
5734,67.72,15240.6300,15240.6300,0
5735,67.72,15240.6300,15240.6300,0
5741,67.73,15240.6300,15240.6300,0
5743,67.74,15240.6300,15240.6300,0
5747,67.76,15240.6300,15240.6300,0
5761,67.81,15240.6300,15240.6300,0
5762,67.81,15240.6300,15240.6300,0
5765,67.81,15240.6300,15240.6300,0
5766,67.81,15240.6300,15240.6300,0
5776,67.91,15240.6300,15240.6300,0
5780,67.92,15240.6300,15240.6300,0
5800,67.99,15240.6300,15240.6300,0
5806,68.01,15240.6300,15240.6300,0
5812,68.03,15240.6300,15240.6300,0
5813,68.03,15240.6300,15240.6300,0
5815,68.03,15240.6300,15240.6300,0
5824,68.06,15240.6300,15240.6300,0
5826,68.10,15240.6300,15240.6300,0
5830,68.10,15240.6300,15240.6300,0
5831,68.10,15240.6300,15240.6300,0
5833,68.10,15240.6300,15240.6300,0
5835,68.11,15240.6300,15240.6300,0
5840,68.14,15240.6300,15240.6300,0
5841,68.14,15240.6300,15240.6300,1
5843,68.39,14675.1485,15240.6300,0
5844,68.41,14675.1485,15240.6300,0
5845,68.44,14675.1485,15240.6300,0
5848,68.52,14675.1485,15240.6300,0
5850,68.69,14675.1485,15240.6300,0
5851,68.79,14737.1085,15240.6300,0
5855,68.92,14737.1085,15240.6300,0
5859,69.13,14737.1085,15240.6300,0
5860,69.16,14737.1085,15240.6300,0
5861,69.19,14737.1085,15240.6300,0
5862,69.19,14737.1085,15240.6300,0
5865,69.24,14737.1085,15240.6300,0
5867,69.30,14737.1085,15240.6300,0
5870,69.39,14898.5836,15240.6300,0
5873,69.57,14898.5836,15240.6300,0
5875,69.60,14911.0691,15240.6300,0
5876,69.65,14911.0691,15240.6300,0
5885,69.81,14911.0691,15240.6300,0
5886,69.85,14911.0691,15240.6300,0
5887,69.85,14911.0691,15240.6300,0
5890,69.92,14911.0691,15240.6300,0
5891,69.92,14911.0691,15240.6300,0
5899,70.05,14988.4726,15240.6300,0
5900,70.07,14988.4726,15240.6300,0
5901,70.11,14988.4726,15240.6300,0
5913,70.40,14988.4726,15240.6300,0
5918,70.43,14988.4726,15240.6300,0
5919,70.47,14988.4726,15240.6300,0
5920,70.50,14988.4726,15240.6300,0
5924,70.53,14988.4726,15240.6300,0
5925,70.59,14988.4726,15240.6300,0
5928,70.59,14988.4726,15240.6300,0
5929,70.62,14988.4726,15240.6300,0
5932,70.62,14988.4726,15240.6300,0
5943,70.71,14988.4726,15240.6300,0
5948,70.77,14988.4726,15240.6300,0
5952,70.79,14988.4726,15240.6300,0
5963,70.92,14988.4726,15240.6300,0
5965,70.92,14988.4726,15240.6300,0
5966,70.98,14988.4726,15240.6300,0
5967,70.98,14988.4726,15240.6300,0
5969,70.98,14988.4726,15240.6300,0
5972,70.99,14988.4726,15240.6300,0
5973,70.99,14988.4726,15240.6300,0
5974,71.00,14988.4726,15240.6300,0
5975,71.01,14988.4726,15240.6300,0
5977,71.02,14988.4726,15240.6300,0
5979,71.03,14988.4726,15240.6300,0
5980,71.03,14988.4726,15240.6300,0
5987,71.12,14988.4726,15240.6300,0
5999,71.22,14988.4726,15240.6300,0
6004,71.28,14988.4726,15240.6300,0
6011,71.37,14988.4726,15240.6300,0
6015,71.43,14988.4726,15240.6300,0
6024,71.46,14988.4726,15240.6300,0
6026,71.46,14988.4726,15240.6300,0
6030,71.51,14988.4726,15240.6300,0
6038,71.55,14988.4726,15240.6300,0
6042,71.61,14988.4726,15240.6300,0
6045,71.62,14988.4726,15240.6300,0
6046,71.65,14988.4726,15240.6300,0
6049,71.66,14988.4726,15240.6300,0
6053,71.67,14988.4726,15240.6300,0
6058,71.74,14988.4726,15240.6300,0
6059,71.74,14988.4726,15240.6300,0
6061,71.74,14988.4726,15240.6300,0
6066,71.77,14988.4726,15240.6300,0
6075,71.84,14988.4726,15240.6300,0
6078,71.85,14988.4726,15240.6300,0
6081,71.87,14988.4726,15240.6300,0
6085,71.91,14988.4726,15240.6300,0
6087,71.92,14988.4726,15240.6300,0
6094,71.94,14988.4726,15240.6300,0
6098,71.95,14988.4726,15240.6300,0
6102,72.02,14988.4726,15240.6300,0
6103,72.02,14988.4726,15240.6300,0
6133,72.12,14988.4726,15240.6300,0
6143,72.15,14988.4726,15240.6300,0
6147,72.20,14988.4726,15240.6300,0
6148,72.20,14988.4726,15240.6300,0
6151,72.21,14988.4726,15240.6300,0
6159,72.24,14988.4726,15240.6300,0
6166,72.26,14988.4726,15240.6300,0
6171,72.27,14988.4726,15240.6300,0
6175,72.28,14988.4726,15240.6300,0
6178,72.29,14988.4726,15240.6300,0
6180,72.30,14988.4726,15240.6300,0
6194,72.36,14988.4726,15240.6300,0
6200,72.40,14988.4726,15240.6300,1
6201,72.49,14381.7497,15240.6300,0
6202,72.51,14381.7497,15240.6300,0
6206,72.63,14381.7497,15240.6300,0
6207,72.66,14381.7497,15240.6300,0
6210,72.71,14381.7497,15240.6300,0
6212,72.71,14381.7497,15240.6300,0
6214,72.77,14381.7497,15240.6300,0
6216,72.85,14381.7497,15240.6300,0
6218,72.89,14544.9002,15240.6300,0
6219,72.91,14544.9002,15240.6300,0
6221,73.01,14544.9002,15240.6300,0
6223,73.01,14544.9002,15240.6300,0
6224,73.03,14544.9002,15240.6300,0
6225,73.03,14544.9002,15240.6300,0
6226,73.07,14608.8421,15240.6300,0
6227,73.09,14608.8421,15240.6300,0
6228,73.13,14608.8421,15240.6300,0
6229,73.15,14608.8421,15240.6300,0
6234,73.29,14720.9925,15240.6300,0
6235,73.32,14720.9925,15240.6300,0
6238,73.37,14842.9904,15240.6300,0
6240,73.39,14895.8257,15240.6300,0
6241,73.46,14895.8257,15240.6300,0
6243,73.52,14920.7677,15240.6300,0
6252,73.80,14920.7677,15240.6300,0
6254,73.83,14920.7677,15240.6300,0
6260,73.88,14920.7677,15240.6300,0
6271,74.10,14920.7677,15240.6300,0
6274,74.16,14920.7677,15240.6300,0
6275,74.18,14920.7677,15240.6300,0
6276,74.19,14920.7677,15240.6300,0
6282,74.24,14920.7677,15240.6300,0
6294,74.35,14920.7677,15240.6300,0
6298,74.35,14920.7677,15240.6300,0
6301,74.42,14920.7677,15240.6300,0
6312,74.46,14920.7677,15240.6300,0
6318,74.50,14920.7677,15240.6300,0
6321,74.54,14920.7677,15240.6300,0
6323,74.61,14920.7677,15240.6300,0
6327,74.63,14920.7677,15240.6300,0
6331,74.66,14920.7677,15240.6300,0
6337,74.71,14920.7677,15240.6300,0
6347,74.73,14920.7677,15240.6300,0
6352,74.74,14920.7677,15240.6300,0
6357,74.77,14920.7677,15240.6300,0
6361,74.77,14920.7677,15240.6300,0
6369,74.80,14920.7677,15240.6300,0
6380,74.82,14920.7677,15240.6300,0
6398,74.89,14920.7677,15240.6300,0
6400,74.89,14920.7677,15240.6300,0
6403,74.89,14920.7677,15240.6300,0
6409,74.91,14920.7677,15240.6300,0
6412,74.91,14920.7677,15240.6300,0
6415,74.91,14920.7677,15240.6300,0
6416,74.92,14920.7677,15240.6300,0
6425,74.93,14920.7677,15240.6300,0
6431,74.97,14920.7677,15240.6300,0
6451,75.12,14920.7677,15240.6300,0
6461,75.14,14920.7677,15240.6300,0
6467,75.19,14920.7677,15240.6300,0
6476,75.25,14920.7677,15240.6300,0
6483,75.30,14920.7677,15240.6300,0
6484,75.30,14920.7677,15240.6300,0
6486,75.30,14920.7677,15240.6300,0
6492,75.32,14920.7677,15240.6300,0
6494,75.32,14920.7677,15240.6300,0
6496,75.32,14920.7677,15240.6300,0
6497,75.41,14945.6563,15240.6300,0
6503,75.56,14945.6563,15240.6300,0
6505,75.67,14945.6563,15240.6300,0
6507,75.72,14945.6563,15240.6300,0
6531,75.98,14945.6563,15240.6300,0
6532,76.02,14945.6563,15240.6300,0
6540,76.18,14945.6563,15240.6300,0
6548,76.26,14945.6563,15240.6300,0
6550,76.26,14945.6563,15240.6300,0
6561,76.37,14945.6563,15240.6300,0
6562,76.39,14945.6563,15240.6300,0
6576,76.56,14945.6563,15240.6300,0
6577,76.56,14945.6563,15240.6300,0
6588,76.76,14945.6563,15240.6300,0
6589,76.78,14945.6563,15240.6300,0
6591,76.81,14945.6563,15240.6300,0
6592,76.84,14945.6563,15240.6300,0
6594,76.84,14945.6563,15240.6300,0
6599,76.93,14945.6563,15240.6300,0
6606,76.98,14945.6563,15240.6300,0
6616,77.01,14945.6563,15240.6300,0
6617,77.01,14945.6563,15240.6300,0
6618,77.01,14945.6563,15240.6300,0
6619,77.02,14945.6563,15240.6300,0
6627,77.08,14945.6563,15240.6300,0
6633,77.09,14945.6563,15240.6300,0
6636,77.10,14945.6563,15240.6300,0
6637,77.10,14945.6563,15240.6300,0
6638,77.14,14945.6563,15240.6300,0
6641,77.16,14945.6563,15240.6300,0
6646,77.16,14945.6563,15240.6300,0
6660,77.19,14945.6563,15240.6300,0
6686,77.25,14945.6563,15240.6300,0
6697,77.32,14945.6563,15240.6300,0
6701,77.34,14945.6563,15240.6300,0
6703,77.34,14945.6563,15240.6300,0
6717,77.37,14945.6563,15240.6300,0
6719,77.37,14945.6563,15240.6300,0
6721,77.37,14945.6563,15240.6300,0
6722,77.38,14945.6563,15240.6300,0
6728,77.40,14945.6563,15240.6300,0
6736,77.42,14945.6563,15240.6300,0
6743,77.47,14945.6563,15240.6300,0
6745,77.47,14945.6563,15240.6300,0
6748,77.48,14945.6563,15240.6300,0
6749,77.50,14945.6563,15240.6300,0
6758,77.51,14945.6563,15240.6300,0
6763,77.53,14945.6563,15240.6300,0
6767,77.53,14945.6563,15240.6300,0
6769,77.54,14945.6563,15240.6300,0
6772,77.55,14945.6563,15240.6300,0
6776,77.56,14945.6563,15240.6300,0
6787,77.62,14945.6563,15240.6300,0
6788,77.64,14945.6563,15240.6300,0
6789,77.64,14945.6563,15240.6300,0
6793,77.65,14945.6563,15240.6300,0
6794,77.65,14945.6563,15240.6300,0
6795,77.66,14945.6563,15240.6300,0
6796,77.66,14945.6563,15240.6300,0
6798,77.66,14945.6563,15240.6300,1
6809,77.76,14945.6563,15240.6300,0
6813,77.76,14945.6563,15240.6300,0
6834,77.87,14945.6563,15240.6300,0
6836,77.88,14945.6563,15240.6300,0
6850,77.91,14945.6563,15240.6300,0
6852,77.95,14945.6563,15240.6300,0
6877,78.13,14945.6563,15240.6300,0
6885,78.19,14945.6563,15240.6300,0
6886,78.19,14945.6563,15240.6300,0
6888,78.19,14945.6563,15240.6300,0
6889,78.19,14945.6563,15240.6300,0
6891,78.22,14945.6563,15240.6300,0
6898,78.24,14945.6563,15240.6300,0
6900,78.26,14945.6563,15240.6300,0
6901,78.26,14945.6563,15240.6300,0
6913,78.30,14945.6563,15240.6300,0
6916,78.33,14945.6563,15240.6300,0
6919,78.34,14945.6563,15240.6300,0
6922,78.34,14945.6563,15240.6300,0
6924,78.34,14945.6563,15240.6300,0
6939,78.41,14945.6563,15240.6300,0
6943,78.41,14945.6563,15240.6300,0
6948,78.44,14945.6563,15240.6300,0
6951,78.45,14945.6563,15240.6300,0
6958,78.47,14945.6563,15240.6300,0
6963,78.47,14945.6563,15240.6300,0
6965,78.48,14945.6563,15240.6300,0
6968,78.48,14945.6563,15240.6300,0
6971,78.48,14945.6563,15240.6300,0
6974,78.49,14945.6563,15240.6300,0
6976,78.50,14945.6563,15240.6300,0
6979,78.50,14945.6563,15240.6300,0
6994,78.53,14945.6563,15240.6300,0
7016,78.71,14945.6563,15240.6300,0
7031,78.75,14945.6563,15240.6300,0
7036,78.79,14945.6563,15240.6300,0
7038,78.79,14945.6563,15240.6300,0
7053,78.84,14945.6563,15240.6300,0
7060,78.85,14945.6563,15240.6300,0
7061,78.85,14945.6563,15240.6300,0
7068,78.86,14945.6563,15240.6300,0
7069,78.86,14945.6563,15240.6300,0
7074,78.89,14945.6563,15240.6300,0
7084,78.92,14945.6563,15240.6300,0
7085,78.92,14945.6563,15240.6300,0
7086,78.92,14945.6563,15240.6300,0
7090,78.94,14945.6563,15240.6300,0
7095,79.01,14945.6563,15240.6300,0
7098,79.01,14945.6563,15240.6300,0
7099,79.01,14945.6563,15240.6300,1
7100,79.09,13879.1368,15240.6300,0
7102,79.16,14144.1223,15240.6300,0
7103,79.18,14144.1223,15240.6300,0
7108,79.34,14144.1223,15240.6300,0
7110,79.40,14144.1223,15240.6300,0
7111,79.42,14144.1223,15240.6300,0
7112,79.48,14144.1223,15240.6300,0
7115,79.54,14305.0337,15240.6300,0
7122,79.68,14562.1983,15240.6300,0
7123,79.71,14562.1983,15240.6300,0
7126,79.82,14714.0285,15240.6300,0
7128,79.87,14714.0285,15240.6300,0
7132,79.96,14714.0285,15240.6300,0
7133,79.99,14823.1594,15240.6300,0
7138,80.14,14823.1594,15240.6300,0
7141,80.30,14938.8003,15240.6300,0
7143,80.34,14938.8003,15240.6300,0
7145,80.36,14938.8003,15240.6300,0
7146,80.36,14938.8003,15240.6300,0
7164,80.61,14938.8003,15240.6300,0
7174,80.71,14938.8003,15240.6300,0
7182,80.81,14975.7016,15240.6300,0
7188,81.01,15026.1439,15240.6300,0
7200,81.28,15026.1439,15240.6300,0
7202,81.31,15026.1439,15240.6300,0
7212,81.34,15026.1439,15240.6300,0
7220,81.42,15026.1439,15240.6300,0
7224,81.44,15026.1439,15240.6300,0
7227,81.47,15026.1439,15240.6300,0
7231,81.49,15026.1439,15240.6300,0
7236,81.53,15026.1439,15240.6300,0
7239,81.55,15026.1439,15240.6300,0
7240,81.64,15026.1439,15240.6300,0
7241,81.72,15026.1439,15240.6300,0
7243,81.79,15026.1439,15240.6300,0
7244,81.79,15026.1439,15240.6300,0
7263,81.99,15026.1439,15240.6300,0
7268,82.04,15026.1439,15240.6300,0
7271,82.04,15026.1439,15240.6300,0
7272,82.04,15026.1439,15240.6300,0
7281,82.06,15026.1439,15240.6300,0
7284,82.10,15026.1439,15240.6300,0
7290,82.17,15026.1439,15240.6300,0
7291,82.19,15026.1439,15240.6300,0
7295,82.23,15026.1439,15240.6300,0
7296,82.27,15026.1439,15240.6300,0
7297,82.27,15026.1439,15240.6300,0
7304,82.29,15026.1439,15240.6300,0
7305,82.29,15026.1439,15240.6300,0
7311,82.34,15026.1439,15240.6300,0
7314,82.35,15026.1439,15240.6300,0
7317,82.37,15026.1439,15240.6300,0
7320,82.38,15026.1439,15240.6300,0
7321,82.38,15026.1439,15240.6300,0
7325,82.40,15026.1439,15240.6300,0
7331,82.45,15026.1439,15240.6300,0
7343,82.48,15026.1439,15240.6300,0
7344,82.48,15026.1439,15240.6300,0
7352,82.49,15026.1439,15240.6300,0
7353,82.49,15026.1439,15240.6300,0
7364,82.54,15026.1439,15240.6300,0
7370,82.61,15026.1439,15240.6300,0
7380,82.65,15026.1439,15240.6300,0
7391,82.68,15026.1439,15240.6300,0
7392,82.68,15026.1439,15240.6300,0
7396,82.69,15026.1439,15240.6300,0
7398,82.73,15026.1439,15240.6300,0
7401,82.73,15026.1439,15240.6300,0
7404,82.76,15026.1439,15240.6300,0
7405,82.76,15026.1439,15240.6300,0
7408,82.77,15026.1439,15240.6300,0
7418,82.80,15026.1439,15240.6300,0
7420,82.80,15026.1439,15240.6300,0
7425,82.82,15026.1439,15240.6300,0
7427,82.83,15026.1439,15240.6300,0
7430,82.87,15026.1439,15240.6300,0
7437,82.90,15026.1439,15240.6300,0
7440,82.91,15026.1439,15240.6300,0
7441,82.91,15026.1439,15240.6300,0
7442,82.91,15026.1439,15240.6300,0
7443,82.92,15026.1439,15240.6300,0
7445,82.92,15026.1439,15240.6300,0
7450,83.00,15026.1439,15240.6300,0
7451,83.00,15026.1439,15240.6300,0
7454,83.01,15026.1439,15240.6300,0
7456,83.01,15026.1439,15240.6300,0
7458,83.02,15026.1439,15240.6300,0
7461,83.03,15026.1439,15240.6300,0
7464,83.03,15026.1439,15240.6300,0
7467,83.04,15026.1439,15240.6300,0
7472,83.06,15026.1439,15240.6300,0
7473,83.06,15026.1439,15240.6300,0
7478,83.09,15026.1439,15240.6300,0
7481,83.10,15026.1439,15240.6300,0
7485,83.12,15026.1439,15240.6300,0
7489,83.13,15026.1439,15240.6300,1
7490,83.18,14099.6190,15240.6300,0
7492,83.27,14099.6190,15240.6300,0
7494,83.32,14099.6190,15240.6300,0
7495,83.35,14099.6190,15240.6300,0
7496,83.40,14099.6190,15240.6300,0
7497,83.42,14240.0378,15240.6300,0
7499,83.49,14240.0378,15240.6300,0
7503,83.61,14431.9980,15240.6300,0
7512,83.85,14431.9980,15240.6300,0
7514,83.90,14431.9980,15240.6300,0
7516,83.92,14431.9980,15240.6300,0
7517,83.94,14431.9980,15240.6300,0
7519,83.96,14431.9980,15240.6300,0
7520,83.98,14431.9980,15240.6300,0
7522,84.03,14431.9980,15240.6300,0
7523,84.06,14437.9607,15240.6300,0
7526,84.10,14437.9607,15240.6300,0
7527,84.14,14437.9607,15240.6300,0
7531,84.25,14437.9607,15240.6300,0
7534,84.31,14441.7445,15240.6300,0
7544,84.66,14441.7445,15240.6300,0
7545,84.73,14456.5902,15240.6300,0
7551,84.82,14456.5902,15240.6300,0
7566,85.07,14456.5902,15240.6300,0
7570,85.19,14456.5902,15240.6300,0
7575,85.27,14470.5499,15240.6300,0
7592,85.66,14470.5499,15240.6300,0
7600,85.83,14470.5499,15240.6300,0
7601,85.85,14470.5499,15240.6300,0
7605,85.94,14470.5499,15240.6300,0
7610,85.97,14470.5499,15240.6300,0
7618,86.12,14470.5499,15240.6300,0
7620,86.13,14470.5499,15240.6300,0
7621,86.15,14470.5499,15240.6300,0
7622,86.17,14470.5499,15240.6300,0
7627,86.26,14528.4291,15240.6300,0
7631,86.34,14528.4291,15240.6300,0
7633,86.36,14528.4291,15240.6300,0
7634,86.36,14528.4291,15240.6300,0
7637,86.49,14528.4291,15240.6300,0
7638,86.51,14551.7914,15240.6300,0
7639,86.53,14551.7914,15240.6300,0
7640,86.57,14683.9682,15240.6300,0
7642,86.67,14683.9682,15240.6300,0
7645,86.73,14683.9682,15240.6300,0
7652,86.84,14683.9682,15240.6300,0
7657,87.09,14688.1025,15240.6300,0
7664,87.25,14688.1025,15240.6300,0
7676,87.38,14688.1025,15240.6300,0
7688,87.55,14688.1025,15240.6300,0
7691,87.66,14688.1025,15240.6300,0
7702,87.70,14697.6558,15240.6300,0
7707,87.74,14809.1303,15240.6300,0
7708,87.76,14809.1303,15240.6300,0
7709,87.81,14809.1303,15240.6300,0
7713,87.87,14824.3795,15240.6300,0
7730,88.14,14824.3795,15240.6300,0
7737,88.31,14824.3795,15240.6300,0
7763,88.51,14824.3795,15240.6300,0
7765,88.57,14824.3795,15240.6300,0
7770,88.66,14824.3795,15240.6300,0
7774,88.69,14824.3795,15240.6300,0
7784,88.77,14824.3795,15240.6300,0
7797,88.80,14824.3795,15240.6300,0
7813,88.86,14824.3795,15240.6300,0
7816,88.89,14824.3795,15240.6300,0
7825,88.93,14824.3795,15240.6300,0
7828,88.96,14824.3795,15240.6300,0
7833,88.97,14824.3795,15240.6300,0
7837,89.05,14831.3553,15240.6300,0
7841,89.19,14831.3553,15240.6300,0
7843,89.24,14831.3553,15240.6300,0
7847,89.37,14831.3553,15240.6300,0
7852,89.42,14831.3553,15240.6300,0
7859,89.54,14831.3553,15240.6300,0
7862,89.60,14831.3553,15240.6300,0
7863,89.61,14831.3553,15240.6300,0
7872,89.73,14831.3553,15240.6300,0
7880,89.87,14831.3553,15240.6300,0
7881,89.90,14831.3553,15240.6300,0
7882,89.90,14831.3553,15240.6300,0
7886,89.95,14831.3553,15240.6300,0
7888,89.96,14831.3553,15240.6300,0
7902,90.01,14831.3553,15240.6300,0
7908,90.06,14831.3553,15240.6300,0
7918,90.12,14831.3553,15240.6300,0
7922,90.19,14831.3553,15240.6300,0
7933,90.25,14831.3553,15240.6300,0
7934,90.32,14831.3553,15240.6300,0
7935,90.32,14831.3553,15240.6300,0
7946,90.40,14831.3553,15240.6300,0
7950,90.47,14831.3553,15240.6300,0
7956,90.48,14831.3553,15240.6300,0
7960,90.51,14831.3553,15240.6300,0
7978,90.67,14831.3553,15240.6300,0
7981,90.69,14831.3553,15240.6300,0
7983,90.70,14831.3553,15240.6300,0
7998,90.73,14831.3553,15240.6300,0
8004,90.78,14831.3553,15240.6300,0
8005,90.82,14831.3553,15240.6300,0
8009,90.82,14831.3553,15240.6300,0
8017,90.83,14831.3553,15240.6300,0
8020,90.84,14831.3553,15240.6300,0
8036,90.89,14831.3553,15240.6300,0
8053,90.95,14831.3553,15240.6300,0
8056,90.96,14831.3553,15240.6300,0
8057,90.96,14831.3553,15240.6300,0
8061,90.97,14831.3553,15240.6300,0
8062,90.97,14831.3553,15240.6300,0
8064,90.97,14831.3553,15240.6300,0
8071,90.99,14831.3553,15240.6300,0
8078,91.00,14831.3553,15240.6300,0
8082,91.01,14831.3553,15240.6300,0
8085,91.03,14831.3553,15240.6300,0
8089,91.04,14831.3553,15240.6300,0
8095,91.08,14831.3553,15240.6300,0
8106,91.10,14831.3553,15240.6300,0
8112,91.18,14831.3553,15240.6300,0
8135,91.24,14831.3553,15240.6300,0
8138,91.24,14831.3553,15240.6300,1
8139,91.27,12864.2098,15240.6300,0
8140,91.28,12927.8644,15240.6300,0
8141,91.33,12927.8644,15240.6300,0
8142,91.38,12927.8644,15240.6300,0
8143,91.40,12973.2641,15240.6300,0
8144,91.42,13357.3479,15240.6300,0
8145,91.45,13671.6465,15240.6300,0
8146,91.47,13674.6633,15240.6300,0
8147,91.51,13674.6633,15240.6300,0
8148,91.53,13693.4183,15240.6300,0
8149,91.59,13693.4183,15240.6300,0
8151,91.65,13693.4183,15240.6300,0
8155,91.75,13693.4183,15240.6300,0
8157,91.80,13840.7085,15240.6300,0
8158,91.82,13840.7085,15240.6300,0
8159,91.84,13840.7085,15240.6300,0
8166,92.05,13917.3450,15240.6300,0
8169,92.14,13917.3450,15240.6300,0
8170,92.16,13917.3450,15240.6300,0
8171,92.18,13917.3450,15240.6300,0
8174,92.18,13917.3450,15240.6300,0
8175,92.26,13917.3450,15240.6300,0
8182,92.38,13917.3450,15240.6300,0
8184,92.40,13921.3193,15240.6300,0
8197,92.80,14027.5056,15240.6300,0
8199,92.85,14027.5056,15240.6300,0
8201,92.90,14027.5056,15240.6300,0
8202,92.94,14027.5056,15240.6300,0
8203,93.00,14027.5056,15240.6300,0
8208,93.15,14027.5056,15240.6300,0
8212,93.26,14027.5056,15240.6300,0
8215,93.26,14027.5056,15240.6300,0
8219,93.37,14036.1884,15240.6300,0
8220,93.39,14036.1884,15240.6300,0
8221,93.42,14063.0945,15240.6300,0
8226,93.51,14063.0945,15240.6300,0
8227,93.53,14127.1366,15240.6300,0
8229,93.63,14129.7446,15240.6300,0
8231,93.67,14129.7446,15240.6300,0
8235,93.82,14307.3666,15240.6300,0
8253,94.15,14313.7384,15240.6300,0
8254,94.19,14313.7384,15240.6300,0
8256,94.28,14313.7384,15240.6300,0
8263,94.48,14313.7384,15240.6300,0
8272,94.71,14313.7384,15240.6300,0
8281,94.93,14313.7384,15240.6300,0
8282,94.98,14313.7384,15240.6300,0
8283,94.98,14313.7384,15240.6300,0
8291,95.03,14313.7384,15240.6300,0
8293,95.08,14313.7384,15240.6300,0
8299,95.15,14313.7384,15240.6300,0
8311,95.34,14353.6046,15240.6300,0
8315,95.46,14434.4121,15240.6300,0
8316,95.50,14434.4121,15240.6300,0
8327,95.76,14434.4121,15240.6300,0
8328,95.79,14434.4121,15240.6300,0
8333,95.91,14434.4121,15240.6300,0
8337,95.99,14434.4121,15240.6300,0
8340,96.01,14434.4121,15240.6300,0
8344,96.02,14434.4121,15240.6300,0
8347,96.03,14434.4121,15240.6300,0
8348,96.05,14528.0772,15240.6300,0
8359,96.32,14528.0772,15240.6300,0
8361,96.45,14528.0772,15240.6300,0
8365,96.55,14528.0772,15240.6300,0
8368,96.63,14528.0772,15240.6300,0
8374,96.79,14528.0772,15240.6300,0
8377,96.81,14528.0772,15240.6300,0
8382,96.85,14528.0772,15240.6300,0
8389,96.99,14528.0772,15240.6300,0
8396,97.07,14528.0772,15240.6300,0
8401,97.08,14528.0772,15240.6300,0
8405,97.13,14539.1994,15240.6300,0
8408,97.21,14628.4745,15240.6300,0
8417,97.42,14631.5634,15240.6300,0
8431,97.76,14631.5634,15240.6300,0
8438,97.88,14631.5634,15240.6300,0
8447,97.99,14631.5634,15240.6300,0
8453,98.03,14831.2503,15240.6300,0
8455,98.09,14831.2503,15240.6300,0
8457,98.21,14831.2503,15240.6300,0
8459,98.30,14831.2503,15240.6300,0
8460,98.32,14918.8869,15240.6300,0
8464,98.44,14955.1642,15240.6300,0
8475,98.69,14955.1642,15240.6300,0
8485,99.07,14955.1642,15240.6300,0
8488,99.14,14955.1642,15240.6300,0
8497,99.27,14955.1642,15240.6300,0
8501,99.31,14955.1642,15240.6300,0
8506,99.33,14955.1642,15240.6300,0
8509,99.38,14955.1642,15240.6300,0
8512,99.40,14955.1642,15240.6300,0
8513,99.41,14955.1642,15240.6300,0
8515,99.52,14955.1642,15240.6300,0
8517,99.59,14955.1642,15240.6300,0
8520,99.62,14955.1642,15240.6300,0
8523,99.62,14955.1642,15240.6300,0
8527,99.68,14955.1642,15240.6300,0
8537,99.73,14955.1642,15240.6300,0
8538,99.78,14955.1642,15240.6300,0
8541,99.79,14955.1642,15240.6300,0
8544,99.80,14955.1642,15240.6300,0
8561,99.88,14955.1642,15240.6300,0
8568,99.96,14955.1642,15240.6300,0
8569,99.96,14955.1642,15240.6300,0
8570,99.96,14955.1642,15240.6300,0
8572,99.96,14955.1642,15240.6300,0
8575,100.05,14955.1642,15240.6300,0
8583,100.19,14968.7305,15240.6300,0
8586,100.29,14968.7305,15240.6300,0
8587,100.33,14968.7305,15240.6300,0
8588,100.35,14968.7305,15240.6300,0
8589,100.42,14968.7305,15240.6300,0
8591,100.51,14968.7305,15240.6300,0
8592,100.51,14968.7305,15240.6300,0
8594,100.57,15035.5570,15240.6300,0
8603,100.91,15035.5570,15240.6300,0
8606,100.97,15035.5570,15240.6300,0
8607,101.00,15035.5570,15240.6300,0
8617,101.20,15035.5570,15240.6300,0
8619,101.24,15035.5570,15240.6300,0
8620,101.24,15035.5570,15240.6300,0
8622,101.26,15035.5570,15240.6300,0
8625,101.28,15035.5570,15240.6300,0
8626,101.29,15035.5570,15240.6300,0
8629,101.33,15035.5570,15240.6300,0
8633,101.51,15035.5570,15240.6300,0
8642,101.54,15035.5570,15240.6300,0
8645,101.58,15035.5570,15240.6300,0
8649,101.61,15035.5570,15240.6300,0
8654,101.67,15035.5570,15240.6300,0
8674,101.85,15035.5570,15240.6300,0
8682,101.91,15035.5570,15240.6300,0
8685,101.98,15035.5570,15240.6300,0
8688,102.01,15035.5570,15240.6300,0
8699,102.05,15035.5570,15240.6300,0
8700,102.05,15035.5570,15240.6300,0
8702,102.06,15035.5570,15240.6300,0
8705,102.15,15035.5570,15240.6300,0
8706,102.15,15035.5570,15240.6300,0
8707,102.16,15035.5570,15240.6300,0
8714,102.20,15035.5570,15240.6300,0
8715,102.20,15035.5570,15240.6300,0
8725,102.22,15035.5570,15240.6300,0
8729,102.26,15035.5570,15240.6300,0
8730,102.27,15035.5570,15240.6300,0
8739,102.30,15035.5570,15240.6300,0
8755,102.33,15035.5570,15240.6300,0
8760,102.35,15035.5570,15240.6300,0
8764,102.38,15035.5570,15240.6300,0
8768,102.40,15035.5570,15240.6300,0
8774,102.41,15035.5570,15240.6300,0
8775,102.41,15035.5570,15240.6300,0
8777,102.44,15046.2025,15240.6300,0
8805,102.96,15046.2025,15240.6300,0
8806,102.98,15046.2025,15240.6300,0
8809,103.00,15046.2025,15240.6300,0
8816,103.10,15046.2025,15240.6300,0
8818,103.19,15046.2025,15240.6300,0
8821,103.22,15046.2025,15240.6300,0
8826,103.23,15046.2025,15240.6300,0
8829,103.25,15046.2025,15240.6300,0
8834,103.36,15046.2025,15240.6300,0
8835,103.40,15046.2025,15240.6300,0
8840,103.41,15046.2025,15240.6300,0
8841,103.41,15046.2025,15240.6300,0
8860,103.47,15046.2025,15240.6300,0
8865,103.51,15046.2025,15240.6300,0
8872,103.57,15046.2025,15240.6300,0
8885,103.60,15046.2025,15240.6300,0
8900,103.63,15046.2025,15240.6300,0
8904,103.64,15046.2025,15240.6300,0
8909,103.66,15046.2025,15240.6300,0
8911,103.67,15046.2025,15240.6300,0
8917,103.73,15046.2025,15240.6300,0
8929,103.75,15046.2025,15240.6300,0
8934,103.77,15046.2025,15240.6300,0
8953,103.85,15046.2025,15240.6300,0
8954,103.85,15046.2025,15240.6300,0
8965,103.95,15046.2025,15240.6300,0
8967,103.96,15046.2025,15240.6300,0
8969,103.96,15046.2025,15240.6300,0
8973,103.97,15046.2025,15240.6300,0
8974,103.97,15046.2025,15240.6300,0
8985,103.99,15046.2025,15240.6300,0
8986,103.99,15046.2025,15240.6300,0
8991,104.00,15046.2025,15240.6300,0
8997,104.01,15046.2025,15240.6300,0
9001,104.04,15046.2025,15240.6300,0
9002,104.04,15046.2025,15240.6300,0
9005,104.05,15046.2025,15240.6300,0
9006,104.05,15046.2025,15240.6300,0
9009,104.05,15046.2025,15240.6300,0
9019,104.07,15046.2025,15240.6300,0
9024,104.11,15046.2025,15240.6300,0
9025,104.11,15046.2025,15240.6300,0
9026,104.11,15046.2025,15240.6300,0
9033,104.12,15046.2025,15240.6300,0
9036,104.12,15046.2025,15240.6300,0
9049,104.14,15046.2025,15240.6300,0
9057,104.17,15046.2025,15240.6300,0
9071,104.19,15046.2025,15240.6300,0
9076,104.22,15046.2025,15240.6300,0
9078,104.23,15046.2025,15240.6300,1
9079,104.26,13464.2744,15240.6300,0
9080,104.32,13507.0433,15240.6300,0
9081,104.34,13814.4127,15240.6300,0
9082,104.38,13896.8453,15240.6300,0
9083,104.41,13896.8453,15240.6300,0
9089,104.60,13896.8453,15240.6300,0
9090,104.62,13896.8453,15240.6300,0
9091,104.68,13940.4669,15240.6300,0
9096,104.83,13940.4669,15240.6300,0
9105,105.14,13940.4669,15240.6300,0
9108,105.23,13940.4669,15240.6300,0
9109,105.27,14167.6672,15240.6300,0
9113,105.38,14299.0421,15240.6300,0
9114,105.40,14299.0421,15240.6300,0
9115,105.45,14299.0421,15240.6300,0
9135,105.99,14299.0421,15240.6300,0
9148,106.38,14299.0421,15240.6300,0
9155,106.57,14299.0421,15240.6300,0
9174,106.79,14299.0421,15240.6300,0
9193,107.22,14299.0421,15240.6300,0
9198,107.22,14299.0421,15240.6300,0
9199,107.22,14299.0421,15240.6300,0
9206,107.29,14299.0421,15240.6300,0
9226,107.50,14299.0421,15240.6300,0
9233,107.56,14299.0421,15240.6300,0
9242,107.65,14299.0421,15240.6300,0
9275,108.03,14299.0421,15240.6300,0
9294,108.12,14299.0421,15240.6300,0
9295,108.19,14370.1662,15240.6300,0
9298,108.28,14370.1662,15240.6300,0
9299,108.35,14370.1662,15240.6300,0
9300,108.38,14370.1662,15240.6300,0
9306,108.57,14370.1662,15240.6300,0
9308,108.64,14412.8760,15240.6300,0
9326,109.16,14412.8760,15240.6300,0
9328,109.22,14412.8760,15240.6300,0
9361,109.95,14412.8760,15240.6300,0
9362,109.97,14412.8760,15240.6300,0
9364,109.97,14412.8760,15240.6300,0
9371,110.14,14412.8760,15240.6300,0
9378,110.25,14499.2966,15240.6300,0
9380,110.31,14499.2966,15240.6300,0
9382,110.37,14499.2966,15240.6300,0
9385,110.42,14499.2966,15240.6300,0
9387,110.46,14499.2966,15240.6300,0
9388,110.46,14499.2966,15240.6300,0
9390,110.52,14502.3977,15240.6300,0
9391,110.54,14615.2689,15240.6300,0
9394,110.64,14615.2689,15240.6300,0
9396,110.71,14615.2689,15240.6300,0
9397,110.74,14615.2689,15240.6300,0
9398,110.76,14616.0458,15240.6300,0
9399,110.81,14718.4503,15240.6300,0
9400,110.89,14718.4503,15240.6300,0
9404,110.97,14718.4503,15240.6300,0
9406,111.01,14718.4503,15240.6300,0
9414,111.29,14718.4503,15240.6300,0
9420,111.49,14718.4503,15240.6300,0
9421,111.56,14718.4503,15240.6300,0
9425,111.60,14718.4503,15240.6300,0
9429,111.71,14718.4503,15240.6300,0
9442,111.93,14718.4503,15240.6300,0
9450,111.98,14718.4503,15240.6300,0
9456,112.01,14718.4503,15240.6300,0
9462,112.14,14718.4503,15240.6300,0
9466,112.20,14718.4503,15240.6300,0
9467,112.20,14718.4503,15240.6300,0
9470,112.27,14718.4503,15240.6300,0
9471,112.35,14723.9340,15240.6300,0
9480,112.64,14723.9340,15240.6300,0
9489,112.78,14723.9340,15240.6300,0
9493,112.87,14726.2682,15240.6300,0
9495,112.96,14726.2682,15240.6300,0
9500,113.15,14726.2682,15240.6300,0
9501,113.20,14726.2682,15240.6300,0
9503,113.27,14748.8551,15240.6300,0
9510,113.54,14748.8551,15240.6300,0
9516,113.65,14748.8551,15240.6300,0
9522,113.76,14748.8551,15240.6300,0
9529,113.91,14748.8551,15240.6300,0
9531,113.91,14748.8551,15240.6300,0
9534,113.96,14748.8551,15240.6300,0
9539,113.97,14748.8551,15240.6300,0
9547,114.15,14748.8551,15240.6300,0
9563,114.46,14748.8551,15240.6300,0
9575,114.49,14748.8551,15240.6300,0
9586,114.63,14748.8551,15240.6300,0
9587,114.66,14758.7647,15240.6300,0
9594,114.92,14758.7647,15240.6300,0
9597,114.92,14758.7647,15240.6300,0
9604,115.08,14758.7647,15240.6300,0
9606,115.11,14758.7647,15240.6300,0
9611,115.25,14758.7647,15240.6300,0
9613,115.25,14758.7647,15240.6300,0
9624,115.48,14758.7647,15240.6300,0
9627,115.58,14758.7647,15240.6300,0
9630,115.58,14758.7647,15240.6300,0
9632,115.61,14758.7647,15240.6300,0
9633,115.61,14758.7647,15240.6300,0
9634,115.63,14758.7647,15240.6300,0
9636,115.65,14758.7647,15240.6300,0
9643,115.76,14758.7647,15240.6300,0
9663,115.91,14758.7647,15240.6300,0
9673,116.09,14758.7647,15240.6300,0
9683,116.17,14758.7647,15240.6300,0
9686,116.20,14758.7647,15240.6300,0
9690,116.25,14758.7647,15240.6300,0
9706,116.39,14758.7647,15240.6300,0
9727,116.63,14758.7647,15240.6300,0
9733,116.65,14758.7647,15240.6300,0
9738,116.69,14758.7647,15240.6300,0
9750,116.77,14758.7647,15240.6300,0
9761,116.79,14758.7647,15240.6300,0
9775,116.81,14758.7647,15240.6300,0
9783,116.85,14758.7647,15240.6300,0
9787,116.93,14758.7647,15240.6300,0
9788,116.93,14758.7647,15240.6300,0
9790,117.00,14758.7647,15240.6300,0
9805,117.06,14758.7647,15240.6300,0
9806,117.07,14758.7647,15240.6300,0
9817,117.10,14758.7647,15240.6300,0
9821,117.10,14758.7647,15240.6300,0
9822,117.10,14758.7647,15240.6300,0
9828,117.17,14758.7647,15240.6300,0
9833,117.20,14759.2599,15240.6300,0
9835,117.26,14759.2599,15240.6300,0
9837,117.35,14759.2599,15240.6300,0
9844,117.54,14759.2599,15240.6300,0
9849,117.64,14759.2599,15240.6300,0
9858,117.78,14759.2599,15240.6300,0
9869,118.00,14759.2599,15240.6300,0
9871,118.00,14759.2599,15240.6300,0
9879,118.11,14759.2599,15240.6300,0
9882,118.12,14759.2599,15240.6300,0
9884,118.13,14759.2599,15240.6300,0
9895,118.25,14759.2599,15240.6300,0
9905,118.33,14759.2599,15240.6300,0
9911,118.38,14759.2599,15240.6300,0
9922,118.55,14759.2599,15240.6300,0
9923,118.58,14759.2599,15240.6300,0
9937,118.78,14759.2599,15240.6300,0
9938,118.78,14759.2599,15240.6300,0
9940,118.79,14759.2599,15240.6300,0
9948,118.83,14759.2599,15240.6300,0
9966,118.99,14759.2599,15240.6300,0
9970,119.04,14759.2599,15240.6300,0
9971,119.04,14759.2599,15240.6300,0
9975,119.04,14759.2599,15240.6300,0
9977,119.05,14759.2599,15240.6300,0
9983,119.07,14759.2599,15240.6300,0
9995,119.08,14759.2599,15240.6300,0
10001,119.16,14759.2599,15240.6300,0
10003,119.18,14759.2599,15240.6300,0
10016,119.31,14759.2599,15240.6300,0
10020,119.32,14759.2599,15240.6300,0
10022,119.32,14759.2599,15240.6300,0
10048,119.45,14759.2599,15240.6300,0
10050,119.47,14759.2599,15240.6300,0
10052,119.47,14759.2599,15240.6300,0
10058,119.54,14759.2599,15240.6300,0
10066,119.57,14759.2599,15240.6300,0
10070,119.59,14759.2599,15240.6300,0
10073,119.60,14759.2599,15240.6300,0
10085,119.63,14759.2599,15240.6300,0
10094,119.68,14759.2599,15240.6300,0
10096,119.71,14759.2599,15240.6300,0
10101,119.72,14759.2599,15240.6300,0
10103,119.73,14759.2599,15240.6300,0
10104,119.73,14759.2599,15240.6300,0
10113,119.77,14759.2599,15240.6300,0
10124,119.91,14759.2599,15240.6300,0
10134,119.95,14759.2599,15240.6300,1
10135,119.98,13520.1182,15240.6300,0
10136,120.01,13520.1182,15240.6300,0
10137,120.03,13546.2667,15240.6300,0
10138,120.05,13546.2667,15240.6300,0
10139,120.07,13546.2667,15240.6300,0
10140,120.08,13546.2667,15240.6300,0
10142,120.15,13546.2667,15240.6300,0
10143,120.18,13546.2667,15240.6300,0
10144,120.26,13641.4525,15240.6300,0
10145,120.28,13788.0184,15240.6300,0
10146,120.35,13788.0184,15240.6300,0
10149,120.47,13826.0241,15240.6300,0
10150,120.55,13826.0241,15240.6300,0
10153,120.66,14094.4914,15240.6300,0
10154,120.68,14094.4914,15240.6300,0
10172,121.17,14142.3978,15240.6300,0
10173,121.22,14156.7838,15240.6300,0
10174,121.30,14454.0022,15240.6300,0
10178,121.52,14454.0022,15240.6300,0
10179,121.57,14521.2059,15240.6300,0
10192,121.97,14521.2059,15240.6300,0
10203,122.19,14584.7842,15240.6300,0
10204,122.19,14584.7842,15240.6300,0
10205,122.21,14584.7842,15240.6300,0
10208,122.36,14584.7842,15240.6300,0
10210,122.42,14612.1823,15240.6300,0
10215,122.53,14612.1823,15240.6300,0
10220,122.62,14612.1823,15240.6300,0
10225,122.78,14755.7155,15240.6300,0
10237,123.13,14755.7155,15240.6300,0
10239,123.17,14755.7155,15240.6300,0
10242,123.26,14755.7155,15240.6300,0
10243,123.30,14755.7155,15240.6300,0
10245,123.30,14755.7155,15240.6300,0
10256,123.40,14755.7155,15240.6300,0
10257,123.42,14755.7155,15240.6300,0
10258,123.49,14755.7155,15240.6300,0
10259,123.50,14755.7155,15240.6300,0
10265,123.80,14755.7155,15240.6300,0
10267,123.80,14755.7155,15240.6300,0
10277,123.82,14755.7155,15240.6300,0
10278,123.82,14755.7155,15240.6300,0
10282,123.85,14755.7155,15240.6300,0
10285,123.89,14755.7155,15240.6300,0
10286,123.93,14755.7155,15240.6300,0
10294,123.98,14755.7155,15240.6300,0
10295,123.98,14755.7155,15240.6300,0
10304,124.07,14755.7155,15240.6300,0
10310,124.12,14755.7155,15240.6300,0
10313,124.13,14755.7155,15240.6300,0
10314,124.13,14755.7155,15240.6300,0
10316,124.13,14755.7155,15240.6300,0
10317,124.13,14755.7155,15240.6300,0
10322,124.15,14755.7155,15240.6300,0
10327,124.21,14755.7155,15240.6300,0
10329,124.21,14755.7155,15240.6300,0
10343,124.42,14755.7155,15240.6300,0
10344,124.42,14755.7155,15240.6300,0
10345,124.42,14755.7155,15240.6300,0
10347,124.45,14755.7155,15240.6300,0
10350,124.45,14755.7155,15240.6300,0
10351,124.51,14755.7155,15240.6300,0
10352,124.51,14755.7155,15240.6300,0
10355,124.51,14755.7155,15240.6300,0
10359,124.56,14755.7155,15240.6300,0
10362,124.63,14755.7155,15240.6300,0
10363,124.64,14757.7445,15240.6300,0
10374,124.97,14757.7445,15240.6300,0
10375,125.02,14757.7445,15240.6300,0
10380,125.21,14757.7445,15240.6300,0
10382,125.23,14757.7445,15240.6300,0
10388,125.37,14757.7445,15240.6300,0
10389,125.42,14757.7445,15240.6300,0
10396,125.67,14757.7445,15240.6300,0
10404,125.78,14757.7445,15240.6300,0
10409,125.81,14757.7445,15240.6300,0
10420,125.98,14757.7445,15240.6300,0
10421,125.98,14757.7445,15240.6300,0
10424,126.13,14757.7445,15240.6300,0
10425,126.14,14757.7445,15240.6300,0
10426,126.14,14757.7445,15240.6300,0
10430,126.27,14757.7445,15240.6300,0
10432,126.34,14757.7445,15240.6300,0
10434,126.41,14757.7445,15240.6300,0
10435,126.43,14757.7445,15240.6300,0
10436,126.45,14757.7445,15240.6300,0
10438,126.48,14757.7445,15240.6300,0
10447,126.62,14757.7445,15240.6300,0
10454,126.69,14757.7445,15240.6300,0
10456,126.72,14757.7445,15240.6300,0
10460,126.72,14757.7445,15240.6300,0
10464,126.78,14757.7445,15240.6300,0
10466,126.80,14757.7445,15240.6300,0
10467,126.80,14757.7445,15240.6300,0
10473,126.87,14757.7445,15240.6300,0
10474,126.89,14757.7445,15240.6300,0
10478,126.94,14757.7445,15240.6300,0
10479,126.96,14757.7445,15240.6300,0
10480,126.96,14757.7445,15240.6300,0
10482,127.05,14757.7445,15240.6300,0
10485,127.05,14757.7445,15240.6300,0
10486,127.05,14757.7445,15240.6300,0
10488,127.08,14757.7445,15240.6300,0
10491,127.15,14757.7445,15240.6300,0
10492,127.15,14757.7445,15240.6300,0
10493,127.15,14757.7445,15240.6300,0
10501,127.18,14757.7445,15240.6300,0
10502,127.18,14757.7445,15240.6300,0
10503,127.20,14757.7445,15240.6300,0
10506,127.20,14757.7445,15240.6300,0
10507,127.20,14757.7445,15240.6300,0
10511,127.21,14757.7445,15240.6300,0
10512,127.21,14757.7445,15240.6300,0
10515,127.24,14757.7445,15240.6300,0
10517,127.24,14757.7445,15240.6300,0
10518,127.32,14757.7445,15240.6300,0
10525,127.33,14757.7445,15240.6300,0
10526,127.33,14757.7445,15240.6300,0
10527,127.33,14757.7445,15240.6300,0
10531,127.39,14766.2742,15240.6300,0
10533,127.43,14766.2742,15240.6300,0
10536,127.51,14766.2742,15240.6300,0
10537,127.56,14766.2742,15240.6300,0
10538,127.63,14766.2742,15240.6300,0
10539,127.67,14811.0934,15240.6300,0
10541,127.73,14811.0934,15240.6300,0
10542,127.77,14811.0934,15240.6300,0
10543,127.82,14811.0934,15240.6300,0
10544,127.90,14811.0934,15240.6300,0
10549,128.08,14811.0934,15240.6300,0
10550,128.12,14811.0934,15240.6300,0
10552,128.17,14811.0934,15240.6300,0
10554,128.26,14811.0934,15240.6300,0
10557,128.32,14811.0934,15240.6300,0
10559,128.33,14811.0934,15240.6300,0
10564,128.38,14811.0934,15240.6300,0
10573,128.66,14880.5231,15240.6300,0
10578,128.88,14880.5231,15240.6300,0
10579,128.96,14880.5231,15240.6300,0
10582,129.03,14880.5231,15240.6300,0
10583,129.11,14880.5231,15240.6300,0
10587,129.27,14880.5231,15240.6300,0
10591,129.36,14880.5231,15240.6300,0
10596,129.39,14880.5231,15240.6300,0
10610,129.66,14880.5231,15240.6300,0
10626,129.86,14880.5231,15240.6300,0
10639,130.02,14880.5231,15240.6300,0
10652,130.17,14880.5231,15240.6300,0
10654,130.19,14880.5231,15240.6300,0
10655,130.19,14880.5231,15240.6300,0
10663,130.35,14881.8820,15240.6300,0
10665,130.48,14881.8820,15240.6300,0
10666,130.50,14881.8820,15240.6300,0
10672,130.68,14881.8820,15240.6300,0
10677,130.83,14881.8820,15240.6300,0
10679,130.91,14904.2925,15240.6300,0
10682,130.97,14904.2925,15240.6300,0
10686,131.17,14904.2925,15240.6300,0
10689,131.22,14907.0009,15240.6300,0
10693,131.34,14907.0009,15240.6300,0
10696,131.53,14907.0009,15240.6300,0
10698,131.57,14907.0009,15240.6300,0
10699,131.64,14907.0009,15240.6300,0
10702,131.74,14909.2979,15240.6300,0
10709,132.08,14909.2979,15240.6300,0
10710,132.11,14918.8857,15240.6300,0
10713,132.32,14918.8857,15240.6300,0
10722,132.50,14918.8857,15240.6300,0
10734,132.71,14918.8857,15240.6300,0
10735,132.76,14918.8857,15240.6300,0
10755,133.08,14918.8857,15240.6300,0
10762,133.54,14918.8857,15240.6300,0
10763,133.68,14918.8857,15240.6300,0
10764,133.70,14918.8857,15240.6300,0
10772,133.96,14918.8857,15240.6300,0
10773,134.00,14918.8857,15240.6300,0
10778,134.11,14918.8857,15240.6300,0
10787,134.26,14918.8857,15240.6300,0
10792,134.33,14918.8857,15240.6300,0
10795,134.41,14918.8857,15240.6300,0
10796,134.52,14918.8857,15240.6300,0
10798,134.64,14918.8857,15240.6300,0
10804,134.75,14918.8857,15240.6300,0
10806,134.87,14918.8857,15240.6300,0
10811,134.95,14918.8857,15240.6300,0
10824,135.03,14918.8857,15240.6300,0
10825,135.07,14918.8857,15240.6300,0
10832,135.28,14918.8857,15240.6300,0
10834,135.28,14918.8857,15240.6300,0
10835,135.28,14918.8857,15240.6300,0
10840,135.39,14918.8857,15240.6300,0
10854,135.48,14918.8857,15240.6300,0
10855,135.50,14918.8857,15240.6300,0
10858,135.50,14918.8857,15240.6300,0
10868,135.58,14918.8857,15240.6300,0
10871,135.60,14918.8857,15240.6300,0
10874,135.61,14918.8857,15240.6300,0
10876,135.61,14918.8857,15240.6300,0
10878,135.61,14918.8857,15240.6300,0
10879,135.61,14918.8857,15240.6300,0
10886,135.63,14918.8857,15240.6300,0
10895,135.68,14931.9582,15240.6300,0
10900,135.85,14931.9582,15240.6300,0
10901,135.87,14931.9582,15240.6300,0
10915,136.18,14931.9582,15240.6300,0
10924,136.33,14931.9582,15240.6300,0
10926,136.35,14931.9582,15240.6300,0
10927,136.35,14931.9582,15240.6300,0
10935,136.46,14931.9582,15240.6300,0
10936,136.46,14931.9582,15240.6300,0
10942,136.53,14932.3827,15240.6300,0
10943,136.57,14932.3827,15240.6300,0
10944,136.59,14932.3827,15240.6300,0
10955,136.94,14932.3827,15240.6300,0
10957,136.98,14932.3827,15240.6300,0
10963,137.28,14932.3827,15240.6300,0
10972,137.42,14943.9096,15240.6300,0
10975,137.53,14943.9096,15240.6300,0
10979,137.69,14943.9096,15240.6300,0
10983,137.74,14943.9096,15240.6300,0
10985,137.80,14943.9096,15240.6300,0
10986,137.84,14943.9096,15240.6300,0
10987,137.89,14943.9096,15240.6300,0
10988,138.01,14943.9096,15240.6300,0
10993,138.16,14943.9096,15240.6300,0
10994,138.16,14943.9096,15240.6300,0
10998,138.35,14943.9096,15240.6300,0
11002,138.40,14946.7195,15240.6300,0
11016,138.93,14946.7195,15240.6300,0
11020,139.05,14946.7195,15240.6300,0
11023,139.16,14946.7195,15240.6300,0
11024,139.18,14946.7195,15240.6300,0
11025,139.18,14946.7195,15240.6300,0
11026,139.20,14946.7195,15240.6300,0
11027,139.22,14946.7195,15240.6300,0
11029,139.29,14980.6580,15240.6300,0
11034,139.52,14980.6580,15240.6300,0
11035,139.56,14980.6580,15240.6300,0
11039,139.69,14980.6580,15240.6300,0
11044,139.76,14980.6580,15240.6300,0
11056,139.93,14980.6580,15240.6300,0
11070,140.22,14980.6580,15240.6300,0
11071,140.25,14980.6580,15240.6300,0
11072,140.29,14980.6580,15240.6300,0
11116,140.79,14980.6580,15240.6300,0
11131,140.97,14980.6580,15240.6300,0
11142,140.98,14980.6580,15240.6300,0
11151,141.06,14980.6580,15240.6300,0
11158,141.08,14980.6580,15240.6300,0
11170,141.25,14980.6580,15240.6300,0
11184,141.33,14980.6580,15240.6300,0
11190,141.50,14980.6580,15240.6300,0
11191,141.53,14980.6580,15240.6300,0
11192,141.58,14980.6580,15240.6300,0
11193,141.58,14980.6580,15240.6300,0
11198,141.62,14980.6580,15240.6300,0
11199,141.62,14980.6580,15240.6300,0
11206,141.64,14980.6580,15240.6300,0
11209,141.66,14980.6580,15240.6300,0
11215,141.76,14980.6580,15240.6300,0
11217,141.77,14980.6580,15240.6300,0
11225,141.81,14981.6715,15240.6300,0
11226,141.84,14981.6715,15240.6300,0
11228,141.93,14981.6715,15240.6300,0
11230,141.96,14981.6715,15240.6300,0
11231,142.02,15007.8360,15240.6300,0
11236,142.24,15007.8360,15240.6300,0
11237,142.29,15007.8360,15240.6300,0
11238,142.31,15007.8360,15240.6300,0
11240,142.35,15007.8360,15240.6300,0
11241,142.38,15007.8360,15240.6300,0
11242,142.40,15007.8360,15240.6300,0
11246,142.53,15059.3058,15240.6300,0
11247,142.56,15059.3058,15240.6300,0
11250,142.63,15078.3971,15240.6300,0
11261,143.03,15078.3971,15240.6300,0
11263,143.11,15078.3971,15240.6300,0
11266,143.17,15078.3971,15240.6300,0
11268,143.25,15078.3971,15240.6300,0
11269,143.29,15108.9858,15240.6300,0
11271,143.34,15108.9858,15240.6300,0
11277,143.56,15108.9858,15240.6300,0
11280,143.65,15108.9858,15240.6300,0
11285,143.90,15108.9858,15240.6300,0
11287,143.99,15108.9858,15240.6300,0
11291,144.10,15108.9858,15240.6300,0
11292,144.16,15108.9858,15240.6300,0
11317,144.61,15108.9858,15240.6300,0
11319,144.62,15108.9858,15240.6300,0
11322,144.66,15108.9858,15240.6300,0
11323,144.66,15108.9858,15240.6300,0
11327,144.71,15108.9858,15240.6300,0
11331,144.73,15108.9858,15240.6300,0
11332,144.75,15108.9858,15240.6300,0
11366,145.07,15108.9858,15240.6300,0
11368,145.15,15108.9858,15240.6300,0
11372,145.20,15108.9858,15240.6300,0
11375,145.21,15108.9858,15240.6300,0
11378,145.22,15108.9858,15240.6300,0
11379,145.22,15108.9858,15240.6300,0
11399,145.42,15108.9858,15240.6300,0
11402,145.42,15108.9858,15240.6300,0
11405,145.45,15108.9858,15240.6300,0
11407,145.49,15108.9858,15240.6300,0
11408,145.49,15108.9858,15240.6300,0
11413,145.56,15108.9858,15240.6300,0
11419,145.60,15108.9858,15240.6300,0
11436,145.74,15108.9858,15240.6300,0
11444,145.84,15108.9858,15240.6300,0
11445,145.84,15108.9858,15240.6300,0
11468,145.94,15108.9858,15240.6300,0
11472,145.95,15108.9858,15240.6300,0
11473,145.95,15108.9858,15240.6300,0
11486,146.03,15108.9858,15240.6300,0
11493,146.04,15108.9858,15240.6300,0
11500,146.13,15108.9858,15240.6300,0
11502,146.14,15108.9858,15240.6300,0
11513,146.19,15108.9858,15240.6300,0
11559,146.42,15108.9858,15240.6300,0
11561,146.45,15108.9858,15240.6300,0
11566,146.46,15108.9858,15240.6300,0
11568,146.46,15108.9858,15240.6300,0
11570,146.46,15108.9858,15240.6300,1
11571,146.53,12639.1990,15240.6300,0
11572,146.54,12642.0145,15240.6300,0
11573,146.56,12642.0145,15240.6300,0
11574,146.56,12642.0145,15240.6300,0
11575,146.57,12642.0145,15240.6300,0
11576,146.58,12649.5705,15240.6300,0
11577,146.60,12779.3242,15240.6300,0
11579,146.61,12779.3242,15240.6300,0
11583,146.63,12779.3242,15240.6300,0
11584,146.64,12779.3242,15240.6300,0
11585,146.66,12848.1427,15240.6300,0
11587,146.67,13037.1572,15240.6300,0
11588,146.69,13037.1572,15240.6300,0
11589,146.70,13080.0035,15240.6300,0
11590,146.71,13080.0035,15240.6300,0
11591,146.73,13323.6036,15240.6300,0
11592,146.74,13323.6036,15240.6300,0
11593,146.76,13357.8178,15240.6300,0
11594,146.77,13432.0471,15240.6300,0
11595,146.79,13432.0471,15240.6300,0
11596,146.80,13540.0599,15240.6300,0
11597,146.82,13550.5081,15240.6300,0
11598,146.83,13550.5081,15240.6300,0
11601,146.92,13550.5081,15240.6300,0
11602,146.93,13550.5081,15240.6300,0
11603,146.95,13550.5081,15240.6300,0
11604,146.96,13590.0080,15240.6300,0
11605,146.96,13590.0080,15240.6300,0
11606,146.98,13618.9728,15240.6300,0
11607,146.99,13731.6940,15240.6300,0
11608,147.01,13886.5755,15240.6300,0
11609,147.03,13886.5755,15240.6300,0
11610,147.04,13886.5755,15240.6300,0
11611,147.08,14281.4487,15240.6300,0
11612,147.10,14373.6136,15240.6300,0
11614,147.14,14398.3172,15240.6300,0
11615,147.15,14398.3172,15240.6300,0
11616,147.19,14398.3172,15240.6300,0
11617,147.21,14406.2812,15240.6300,0
11618,147.22,14406.2812,15240.6300,0
11619,147.24,14444.8842,15240.6300,0
11620,147.26,14444.8842,15240.6300,0
11621,147.28,14444.8842,15240.6300,0
11622,147.35,14630.8427,15240.6300,0
11623,147.36,14630.8427,15240.6300,0
11625,147.47,14630.8427,15240.6300,0
11626,147.47,14630.8427,15240.6300,0
11627,147.51,14630.8427,15240.6300,0
11628,147.52,14630.8427,15240.6300,0
11630,147.58,14630.8427,15240.6300,0
11631,147.62,14862.1247,15240.6300,0
11632,147.64,14863.7199,15240.6300,0
11633,147.68,14863.7199,15240.6300,0
11634,147.71,14863.7199,15240.6300,0
11636,147.74,14863.7199,15240.6300,0
11638,147.77,14863.7199,15240.6300,0
11639,147.81,14863.7199,15240.6300,0
11640,147.83,14863.7199,15240.6300,0
11641,147.87,14863.7199,15240.6300,0
11642,147.89,14876.4659,15240.6300,0
11643,147.97,14876.4659,15240.6300,0
11644,148.02,14876.4659,15240.6300,0
11645,148.07,14876.4659,15240.6300,0
11646,148.07,14876.4659,15240.6300,0
11647,148.10,14938.7183,15240.6300,0
11648,148.17,15031.4149,15240.6300,0
11649,148.19,15032.2995,15240.6300,0
11655,148.31,15032.2995,15240.6300,0
11656,148.34,15032.2995,15240.6300,0
11657,148.37,15032.2995,15240.6300,0
11658,148.39,15038.1255,15240.6300,0
11662,148.52,15038.1255,15240.6300,0
11666,148.66,15038.1255,15240.6300,0
11667,148.68,15038.1255,15240.6300,0
11670,148.76,15038.1255,15240.6300,0
11671,148.80,15038.1255,15240.6300,0
11673,148.85,15038.1255,15240.6300,0
11674,148.86,15045.6946,15240.6300,0
11677,148.93,15045.6946,15240.6300,0
11678,148.96,15045.6946,15240.6300,0
11680,149.06,15045.6946,15240.6300,0
11685,149.13,15045.6946,15240.6300,0
11686,149.15,15045.6946,15240.6300,0
11687,149.18,15045.6946,15240.6300,0
11692,149.25,15045.6946,15240.6300,0
11695,149.31,15045.6946,15240.6300,0
11701,149.43,15045.6946,15240.6300,0
11702,149.47,15045.6946,15240.6300,0
11708,149.58,15045.6946,15240.6300,0
11711,149.62,15045.6946,15240.6300,0
11715,149.70,15045.6946,15240.6300,0
11718,149.72,15045.6946,15240.6300,0
11724,149.78,15045.6946,15240.6300,0
11732,149.92,15045.6946,15240.6300,0
11735,150.02,15045.6946,15240.6300,0
11737,150.04,15045.6946,15240.6300,0
11739,150.07,15045.6946,15240.6300,0
11740,150.09,15046.8608,15240.6300,0
11742,150.15,15046.8608,15240.6300,0
11743,150.16,15046.8608,15240.6300,0
11746,150.24,15046.8608,15240.6300,0
11747,150.32,15046.8608,15240.6300,0
11749,150.42,15046.8608,15240.6300,0
11752,150.46,15063.1680,15240.6300,0
11753,150.51,15063.1680,15240.6300,0
11755,150.62,15063.1680,15240.6300,0
11756,150.62,15063.1680,15240.6300,0
11757,150.73,15063.1680,15240.6300,0
11759,150.84,15063.1680,15240.6300,0
11762,150.93,15063.1680,15240.6300,0
11763,150.95,15063.1680,15240.6300,0
11764,151.00,15063.1680,15240.6300,0
11765,151.00,15063.1680,15240.6300,0
11767,151.00,15063.1680,15240.6300,0
11769,151.02,15063.1680,15240.6300,0
11770,151.05,15063.1680,15240.6300,0
11771,151.05,15063.1680,15240.6300,0
11774,151.07,15063.1680,15240.6300,0
11776,151.10,15063.1680,15240.6300,0
11777,151.13,15063.1680,15240.6300,0
11778,151.19,15066.6063,15240.6300,0
11782,151.31,15066.6063,15240.6300,0
11786,151.36,15066.6063,15240.6300,0
11787,151.38,15066.6063,15240.6300,0
11788,151.43,15066.6063,15240.6300,0
11789,151.47,15084.2980,15240.6300,0
11792,151.56,15084.2980,15240.6300,0
11793,151.59,15084.2980,15240.6300,0
11795,151.64,15084.2980,15240.6300,0
11798,151.74,15084.2980,15240.6300,0
11801,151.88,15084.2980,15240.6300,0
11804,151.98,15084.2980,15240.6300,0
11819,152.28,15084.2980,15240.6300,0
11821,152.32,15084.2980,15240.6300,0
11824,152.34,15084.2980,15240.6300,0
11828,152.38,15084.2980,15240.6300,0
11831,152.40,15084.2980,15240.6300,0
11832,152.43,15084.2980,15240.6300,0
11835,152.47,15084.2980,15240.6300,0
11839,152.51,15084.2980,15240.6300,0
11840,152.51,15084.2980,15240.6300,0
11841,152.53,15084.2980,15240.6300,0
11842,152.53,15084.2980,15240.6300,0
11845,152.55,15084.2980,15240.6300,0
11847,152.58,15084.2980,15240.6300,0
11848,152.58,15084.2980,15240.6300,0
11849,152.58,15084.2980,15240.6300,0
11850,152.58,15084.2980,15240.6300,0
11856,152.65,15084.2980,15240.6300,0
11857,152.67,15084.2980,15240.6300,0
11862,152.73,15084.2980,15240.6300,0
11864,152.78,15084.2980,15240.6300,0
11865,152.82,15084.2980,15240.6300,0
11866,152.85,15084.2980,15240.6300,0
11867,152.92,15084.2980,15240.6300,0
11869,152.94,15084.2980,15240.6300,0
11872,152.99,15084.2980,15240.6300,0
11877,153.11,15084.2980,15240.6300,0
11878,153.13,15084.2980,15240.6300,0
11880,153.17,15084.2980,15240.6300,0
11881,153.21,15084.2980,15240.6300,0
11884,153.23,15084.2980,15240.6300,0
11886,153.31,15084.2980,15240.6300,0
11889,153.36,15084.2980,15240.6300,0
11890,153.36,15084.2980,15240.6300,0
11892,153.36,15084.2980,15240.6300,0
11893,153.37,15084.2980,15240.6300,0
11894,153.39,15084.2980,15240.6300,0
11896,153.41,15084.2980,15240.6300,0
11900,153.49,15084.2980,15240.6300,0
11906,153.53,15084.2980,15240.6300,0
11907,153.53,15084.2980,15240.6300,0
11908,153.53,15084.2980,15240.6300,0
11911,153.59,15084.2980,15240.6300,0
11915,153.63,15084.2980,15240.6300,0
11917,153.63,15084.2980,15240.6300,0
11923,153.69,15084.2980,15240.6300,0
11926,153.71,15084.2980,15240.6300,0
11932,153.75,15084.2980,15240.6300,0
11935,153.77,15084.2980,15240.6300,0
11937,153.79,15084.2980,15240.6300,0
11938,153.79,15084.2980,15240.6300,0
11939,153.84,15084.2980,15240.6300,0
11941,153.84,15084.2980,15240.6300,0
11942,153.84,15084.2980,15240.6300,0
11949,153.90,15084.2980,15240.6300,0
11953,153.93,15084.2980,15240.6300,0
11957,153.95,15084.2980,15240.6300,0
11958,153.95,15084.2980,15240.6300,0
11961,153.98,15084.2980,15240.6300,0
11964,153.99,15084.2980,15240.6300,0
11965,154.00,15084.2980,15240.6300,0
11967,154.00,15084.2980,15240.6300,0
11969,154.02,15084.2980,15240.6300,0
11973,154.05,15084.2980,15240.6300,0
11976,154.07,15084.2980,15240.6300,0
11977,154.08,15084.2980,15240.6300,0
11979,154.08,15084.2980,15240.6300,0
11980,154.08,15084.2980,15240.6300,0
11981,154.08,15084.2980,15240.6300,0
11983,154.10,15084.2980,15240.6300,0
11986,154.12,15084.2980,15240.6300,0
11991,154.24,15084.2980,15240.6300,0
11992,154.24,15084.2980,15240.6300,0
11993,154.24,15084.2980,15240.6300,0
11994,154.24,15084.2980,15240.6300,0
11995,154.26,15084.2980,15240.6300,0
11996,154.33,15084.2980,15240.6300,0
11997,154.36,15084.2980,15240.6300,0
11999,154.36,15084.2980,15240.6300,0
12001,154.38,15084.2980,15240.6300,0
12003,154.39,15084.2980,15240.6300,0
12006,154.41,15084.2980,15240.6300,0
12010,154.45,15084.2980,15240.6300,0
12011,154.45,15084.2980,15240.6300,0
12012,154.45,15084.2980,15240.6300,0
12015,154.49,15084.2980,15240.6300,0
12018,154.55,15084.2980,15240.6300,0
12019,154.56,15084.2980,15240.6300,0
12020,154.56,15084.2980,15240.6300,0
12023,154.58,15084.2980,15240.6300,0
12025,154.61,15084.2980,15240.6300,0
12027,154.66,15084.2980,15240.6300,0
12028,154.66,15084.2980,15240.6300,0
12029,154.66,15084.2980,15240.6300,0
12030,154.70,15084.2980,15240.6300,0
12033,154.74,15084.2980,15240.6300,0
12034,154.74,15084.2980,15240.6300,0
12035,154.81,15084.2980,15240.6300,0
12036,154.81,15084.2980,15240.6300,0
12037,154.81,15084.2980,15240.6300,0
12038,154.81,15084.2980,15240.6300,0
12040,154.83,15084.2980,15240.6300,0
12043,154.91,15084.2980,15240.6300,0
12046,154.94,15084.2980,15240.6300,0
12047,154.94,15084.2980,15240.6300,0
12054,155.00,15084.2980,15240.6300,0
12056,155.00,15084.2980,15240.6300,0
12060,155.04,15084.2980,15240.6300,0
12062,155.04,15084.2980,15240.6300,0
12063,155.05,15084.2980,15240.6300,0
12066,155.07,15084.2980,15240.6300,0
12067,155.07,15084.2980,15240.6300,0
12074,155.17,15084.2980,15240.6300,0
12075,155.21,15084.2980,15240.6300,0
12079,155.26,15084.2980,15240.6300,0
12080,155.26,15084.2980,15240.6300,0
12081,155.26,15084.2980,15240.6300,0
12088,155.30,15084.2980,15240.6300,0
12090,155.32,15084.2980,15240.6300,1
12091,155.35,12258.4352,15240.6300,0
12092,155.36,12293.6258,15240.6300,0
12093,155.38,12293.6258,15240.6300,0
12094,155.39,12293.6258,15240.6300,0
12095,155.41,12334.2275,15240.6300,0
12096,155.42,12625.5400,15240.6300,0
12097,155.43,12625.5400,15240.6300,0
12098,155.45,12625.5400,15240.6300,0
12099,155.47,12625.5400,15240.6300,0
12100,155.48,12625.5400,15240.6300,0
12101,155.49,12625.5400,15240.6300,0
12102,155.51,12625.5400,15240.6300,0
12103,155.52,12625.5400,15240.6300,0
12104,155.53,12638.8055,15240.6300,0
12105,155.55,12638.8055,15240.6300,0
12106,155.56,12638.8055,15240.6300,0
12107,155.57,12638.8055,15240.6300,0
12108,155.59,12638.8055,15240.6300,0
12109,155.59,12638.8055,15240.6300,0
12110,155.61,12638.8055,15240.6300,0
12111,155.62,12638.8055,15240.6300,0
12112,155.63,13039.8178,15240.6300,0
12113,155.65,13039.8178,15240.6300,0
12114,155.65,13039.8178,15240.6300,0
12115,155.67,13332.0443,15240.6300,0
12116,155.69,13595.9693,15240.6300,0
12117,155.74,13706.6176,15240.6300,0
12118,155.76,13706.6176,15240.6300,0
12119,155.79,13716.1641,15240.6300,0
12121,155.96,13716.1641,15240.6300,0
12124,156.08,13852.8967,15240.6300,0
12125,156.12,13852.8967,15240.6300,0
12129,156.22,13852.8967,15240.6300,0
12130,156.22,13852.8967,15240.6300,0
12131,156.25,13852.8967,15240.6300,0
12132,156.31,13921.4554,15240.6300,0
12133,156.37,13921.4554,15240.6300,0
12134,156.40,13921.4554,15240.6300,0
12135,156.42,14057.4574,15240.6300,0
12136,156.47,14057.4574,15240.6300,0
12147,156.83,14057.4574,15240.6300,0
12153,156.95,14057.4574,15240.6300,0
12159,157.07,14057.4574,15240.6300,0
12160,157.09,14057.4574,15240.6300,0
12163,157.17,14057.4574,15240.6300,0
12166,157.22,14057.4574,15240.6300,0
12167,157.28,14057.4574,15240.6300,0
12169,157.33,14057.4574,15240.6300,0
12172,157.39,14057.4574,15240.6300,0
12174,157.39,14057.4574,15240.6300,0
12188,157.54,14073.6147,15240.6300,0
12189,157.59,14188.0230,15240.6300,0
12194,157.70,14188.0230,15240.6300,0
12195,157.70,14188.0230,15240.6300,0
12204,157.94,14188.0230,15240.6300,0
12210,158.10,14188.0230,15240.6300,0
12214,158.14,14188.0230,15240.6300,0
12224,158.26,14188.0230,15240.6300,0
12231,158.35,14188.0230,15240.6300,0
12234,158.39,14188.0230,15240.6300,0
12238,158.48,14188.0230,15240.6300,0
12240,158.50,14188.0230,15240.6300,0
12242,158.50,14188.0230,15240.6300,0
12245,158.53,14188.0230,15240.6300,0
12249,158.60,14188.0230,15240.6300,0
12251,158.63,14188.0230,15240.6300,0
12254,158.65,14188.0230,15240.6300,0
12257,158.68,14188.0230,15240.6300,0
12264,158.73,14188.0230,15240.6300,0
12265,158.74,14188.0230,15240.6300,0
12272,158.91,14188.0230,15240.6300,0
12273,158.93,14188.0230,15240.6300,0
12276,158.96,14188.0230,15240.6300,0
12282,159.03,14188.0230,15240.6300,0
12290,159.19,14188.0230,15240.6300,0
12291,159.19,14188.0230,15240.6300,0
12292,159.21,14188.0230,15240.6300,0
12295,159.23,14188.0230,15240.6300,0
12298,159.33,14188.0230,15240.6300,0
12299,159.40,14188.0230,15240.6300,0
12302,159.41,14188.0230,15240.6300,0
12309,159.45,14188.0469,15240.6300,0
12312,159.50,14188.0469,15240.6300,0
12313,159.52,14188.0469,15240.6300,0
12314,159.54,14188.0469,15240.6300,0
12319,159.71,14188.0469,15240.6300,0
12322,159.78,14188.0469,15240.6300,0
12327,159.92,14188.0469,15240.6300,0
12333,160.02,14188.0469,15240.6300,0
12335,160.03,14188.0469,15240.6300,0
12341,160.18,14188.0469,15240.6300,0
12344,160.21,14188.0469,15240.6300,0
12345,160.26,14188.0469,15240.6300,0
12349,160.34,14188.0469,15240.6300,0
12352,160.37,14188.0469,15240.6300,0
12355,160.39,14188.0469,15240.6300,0
12356,160.42,14188.0469,15240.6300,0
12358,160.45,14188.0469,15240.6300,0
12364,160.47,14188.0469,15240.6300,0
12369,160.52,14188.0469,15240.6300,0
12370,160.53,14188.0469,15240.6300,0
12371,160.55,14188.0469,15240.6300,0
12373,160.57,14188.0469,15240.6300,0
12375,160.57,14188.0469,15240.6300,0
12377,160.57,14188.0469,15240.6300,0
12378,160.59,14188.0469,15240.6300,0
12383,160.64,14188.0469,15240.6300,0
12384,160.64,14188.0469,15240.6300,0
12388,160.69,14188.0469,15240.6300,0
12391,160.75,14188.0469,15240.6300,0
12397,160.85,14188.0469,15240.6300,0
12400,160.87,14188.0469,15240.6300,0
12401,160.88,14188.0469,15240.6300,0
12405,160.93,14188.0469,15240.6300,0
12406,160.93,14188.0469,15240.6300,0
12407,160.93,14188.0469,15240.6300,0
12410,160.93,14188.0469,15240.6300,0
12411,160.93,14188.0469,15240.6300,0
12412,160.93,14188.0469,15240.6300,0
12413,160.93,14188.0469,15240.6300,0
12415,160.93,14188.0469,15240.6300,0
12418,160.94,14188.0469,15240.6300,0
12435,161.10,14188.0469,15240.6300,0
12438,161.12,14188.0469,15240.6300,0
12439,161.12,14188.0469,15240.6300,0
12445,161.17,14188.0469,15240.6300,0
12450,161.19,14188.0469,15240.6300,0
12452,161.21,14188.0469,15240.6300,0
12454,161.23,14188.0469,15240.6300,0
12458,161.25,14188.0469,15240.6300,0
12459,161.25,14188.0469,15240.6300,0
12464,161.28,14188.0469,15240.6300,0
12467,161.33,14188.0469,15240.6300,0
12468,161.33,14188.0469,15240.6300,0
12470,161.35,14188.0469,15240.6300,0
12479,161.46,14188.0469,15240.6300,0
12485,161.57,14188.0469,15240.6300,0
12486,161.57,14188.0469,15240.6300,0
12488,161.57,14188.0469,15240.6300,0
12490,161.58,14188.0469,15240.6300,0
12493,161.68,14188.0469,15240.6300,0
12495,161.68,14188.0469,15240.6300,0
12499,161.70,14188.0469,15240.6300,0
12500,161.70,14188.0469,15240.6300,0
12509,161.83,14188.0469,15240.6300,0
12512,161.86,14188.0469,15240.6300,0
12514,161.86,14188.0469,15240.6300,0
12515,161.86,14188.0469,15240.6300,0
12516,161.86,14188.0469,15240.6300,0
12518,161.95,14188.0469,15240.6300,0
12521,161.97,14188.0469,15240.6300,0
12523,161.97,14188.0469,15240.6300,0
12524,161.97,14188.0469,15240.6300,0
12525,161.97,14188.0469,15240.6300,0
12526,161.97,14188.0469,15240.6300,0
12528,161.98,14188.0469,15240.6300,0
12530,162.00,14188.0469,15240.6300,0
12537,162.02,14188.0469,15240.6300,0
12538,162.02,14188.0469,15240.6300,0
12542,162.04,14188.0469,15240.6300,0
12545,162.04,14188.0469,15240.6300,0
12547,162.04,14188.0469,15240.6300,0
12548,162.05,14188.0469,15240.6300,0
12563,162.13,14188.0469,15240.6300,0
12565,162.15,14188.0469,15240.6300,0
12566,162.15,14188.0469,15240.6300,0
12571,162.18,14188.0469,15240.6300,0
12572,162.19,14188.0469,15240.6300,0
12577,162.23,14188.0469,15240.6300,0
12578,162.23,14188.0469,15240.6300,0
12581,162.23,14188.0469,15240.6300,0
12590,162.32,14188.0469,15240.6300,0
12595,162.35,14188.0469,15240.6300,0
12603,162.41,14188.0469,15240.6300,0
12604,162.41,14188.0469,15240.6300,0
12605,162.43,14188.0469,15240.6300,0
12609,162.47,14188.0469,15240.6300,0
12610,162.47,14188.0469,15240.6300,1
12611,162.60,11869.0667,15240.6300,0
12613,162.67,11869.0667,15240.6300,0
12615,162.73,11869.0667,15240.6300,0
12616,162.74,11869.0667,15240.6300,0
12617,162.77,11869.0667,15240.6300,0
12618,162.84,11869.0667,15240.6300,0
12623,163.03,11930.9053,15240.6300,0
12624,163.07,11930.9053,15240.6300,0
12627,163.20,11930.9053,15240.6300,0
12629,163.20,11930.9053,15240.6300,0
12630,163.21,11930.9053,15240.6300,0
12632,163.24,11930.9053,15240.6300,0
12633,163.28,12077.1516,15240.6300,0
12634,163.32,12077.1516,15240.6300,0
12637,163.44,12077.1516,15240.6300,0
12638,163.49,12077.1516,15240.6300,0
12639,163.51,12077.1516,15240.6300,0
12640,163.52,12077.1516,15240.6300,0
12642,163.56,12082.4304,15240.6300,0
12643,163.58,12090.6771,15240.6300,0
12644,163.61,12090.6771,15240.6300,0
12646,163.69,12330.4939,15240.6300,0
12650,163.82,12584.8949,15240.6300,0
12654,163.95,12648.0802,15240.6300,0
12655,163.98,12822.9960,15240.6300,0
12658,164.07,12917.4524,15240.6300,0
12660,164.16,12985.7828,15240.6300,0
12665,164.27,13166.5270,15240.6300,0
12668,164.30,13166.5270,15240.6300,0
12669,164.33,13187.2379,15240.6300,0
12674,164.47,13187.2379,15240.6300,0
12677,164.52,13187.2379,15240.6300,0
12683,164.66,13187.2379,15240.6300,0
12690,164.84,13187.2379,15240.6300,0
12695,164.96,13187.2379,15240.6300,0
12709,165.19,13187.2379,15240.6300,0
12714,165.26,13187.2379,15240.6300,0
12723,165.37,13236.9898,15240.6300,0
12725,165.44,13288.2694,15240.6300,0
12726,165.45,13310.7276,15240.6300,0
12728,165.49,13310.7276,15240.6300,0
12743,165.79,13310.7276,15240.6300,0
12745,165.83,13310.7276,15240.6300,0
12747,165.86,13310.7276,15240.6300,0
12753,166.04,13310.7276,15240.6300,0
12754,166.06,13310.7276,15240.6300,0
12755,166.08,13310.7276,15240.6300,0
12757,166.10,13310.7276,15240.6300,0
12761,166.12,13320.7225,15240.6300,0
12762,166.15,13320.7225,15240.6300,0
12764,166.21,13320.7225,15240.6300,0
12768,166.32,13527.9381,15240.6300,0
12769,166.34,13696.3545,15240.6300,0
12773,166.46,13714.2391,15240.6300,0
12777,166.54,13714.2391,15240.6300,0
12779,166.55,13714.2391,15240.6300,0
12793,166.87,13714.2391,15240.6300,0
12798,166.98,13714.2391,15240.6300,0
12801,167.00,13714.2391,15240.6300,0
12803,167.02,13714.2391,15240.6300,0
12810,167.17,13714.2391,15240.6300,0
12811,167.17,13714.2391,15240.6300,0
12817,167.23,13714.2391,15240.6300,0
12819,167.29,13714.2391,15240.6300,0
12821,167.33,13714.2391,15240.6300,0
12825,167.37,13714.2391,15240.6300,0
12827,167.43,13714.2391,15240.6300,0
12828,167.45,13714.2391,15240.6300,0
12831,167.45,13714.2391,15240.6300,0
12861,167.87,13714.2391,15240.6300,0
12866,167.87,13714.2391,15240.6300,0
12872,167.91,13714.2391,15240.6300,0
12877,167.95,13714.2391,15240.6300,0
12879,167.97,13714.2391,15240.6300,0
12890,168.06,13714.2391,15240.6300,0
12891,168.08,13714.2391,15240.6300,0
12896,168.14,13714.2391,15240.6300,0
12900,168.16,13714.2391,15240.6300,0
12903,168.18,13714.2391,15240.6300,0
12909,168.22,13714.2391,15240.6300,0
12910,168.22,13714.2391,15240.6300,0
12914,168.27,13714.2391,15240.6300,0
12918,168.31,13714.2391,15240.6300,0
12919,168.33,13714.2391,15240.6300,0
12926,168.43,13714.2391,15240.6300,0
12928,168.43,13714.2391,15240.6300,0
12929,168.46,13714.2391,15240.6300,0
12935,168.53,13714.2391,15240.6300,0
12940,168.58,13714.2391,15240.6300,0
12941,168.58,13714.2391,15240.6300,0
12942,168.58,13714.2391,15240.6300,0
12947,168.59,13714.2391,15240.6300,0
12948,168.59,13714.2391,15240.6300,0
12949,168.59,13714.2391,15240.6300,0
12950,168.62,13720.1043,15240.6300,0
12951,168.65,13742.2591,15240.6300,0
12952,168.68,13945.2301,15240.6300,0
12954,168.73,13945.2301,15240.6300,0
12955,168.75,13945.2301,15240.6300,0
12956,168.83,13945.2301,15240.6300,0
12958,168.88,13945.2301,15240.6300,0
12960,168.90,13945.2301,15240.6300,0
12967,169.05,13945.2301,15240.6300,0
12971,169.17,13945.2301,15240.6300,0
12973,169.22,13945.2301,15240.6300,0
12975,169.27,13945.2301,15240.6300,0
12978,169.34,13945.2301,15240.6300,0
12981,169.35,13945.2301,15240.6300,0
12985,169.44,13945.2301,15240.6300,0
12987,169.44,13945.2301,15240.6300,0
12993,169.56,13945.2301,15240.6300,0
12995,169.56,13945.2301,15240.6300,0
12997,169.56,13945.2301,15240.6300,0
13000,169.59,13945.2301,15240.6300,0
13001,169.64,13945.2301,15240.6300,0
13011,169.76,13945.2301,15240.6300,0
13014,169.76,13945.2301,15240.6300,0
13016,169.82,13945.2301,15240.6300,0
13019,169.84,13945.2301,15240.6300,0
13021,169.84,13945.2301,15240.6300,0
13022,169.89,13945.2301,15240.6300,0
13028,170.03,13945.2301,15240.6300,0
13030,170.10,13945.2301,15240.6300,0
13032,170.12,13945.2301,15240.6300,0
13034,170.17,13945.2301,15240.6300,0
13035,170.17,13945.2301,15240.6300,0
13039,170.21,13945.2301,15240.6300,0
13044,170.26,13945.2301,15240.6300,0
13045,170.28,13945.2301,15240.6300,0
13051,170.34,13945.2301,15240.6300,0
13059,170.41,13945.2301,15240.6300,0
13061,170.41,13945.2301,15240.6300,0
13069,170.51,13945.2301,15240.6300,0
13081,170.59,13945.2301,15240.6300,0
13083,170.60,13945.2301,15240.6300,0
13085,170.62,13945.2301,15240.6300,0
13086,170.62,13945.2301,15240.6300,0
13087,170.62,13945.2301,15240.6300,0
13091,170.67,13945.2301,15240.6300,0
13093,170.71,13945.2301,15240.6300,0
13098,170.74,13945.2301,15240.6300,0
13108,170.83,13945.2301,15240.6300,0
13110,170.83,13945.2301,15240.6300,0
13125,170.91,13945.2301,15240.6300,0
13128,170.91,13945.2301,15240.6300,0
13129,170.91,13945.2301,15240.6300,0
13136,170.95,13945.2301,15240.6300,0
13145,171.08,13945.2301,15240.6300,0
13147,171.08,13945.2301,15240.6300,0
13159,171.19,13945.2301,15240.6300,0
13160,171.20,13945.2301,15240.6300,0
13180,171.34,13947.8906,15240.6300,0
13181,171.35,13947.8906,15240.6300,0
13184,171.44,13947.8906,15240.6300,0
13189,171.54,13947.8906,15240.6300,0
13193,171.69,14141.9449,15240.6300,0
13194,171.71,14141.9449,15240.6300,0
13196,171.80,14141.9449,15240.6300,0
13201,171.89,14141.9449,15240.6300,0
13202,171.92,14141.9449,15240.6300,0
13203,171.92,14141.9449,15240.6300,0
13204,171.92,14141.9449,15240.6300,0
13212,172.18,14141.9449,15240.6300,0
13214,172.26,14141.9449,15240.6300,0
13233,172.61,14141.9449,15240.6300,0
13238,172.71,14141.9449,15240.6300,0
13240,172.71,14141.9449,15240.6300,0
13241,172.73,14141.9449,15240.6300,0
13253,172.89,14141.9449,15240.6300,0
13256,172.91,14141.9449,15240.6300,0
13260,172.99,14141.9449,15240.6300,0
13266,173.20,14141.9449,15240.6300,0
13267,173.24,14141.9449,15240.6300,0
13268,173.24,14141.9449,15240.6300,0
13273,173.26,14141.9449,15240.6300,0
13276,173.26,14141.9449,15240.6300,0
13285,173.35,14141.9449,15240.6300,0
13290,173.40,14141.9449,15240.6300,0
13291,173.40,14141.9449,15240.6300,0
13292,173.40,14141.9449,15240.6300,0
13296,173.50,14141.9449,15240.6300,0
13297,173.50,14141.9449,15240.6300,0
13298,173.53,14141.9449,15240.6300,0
13299,173.56,14141.9449,15240.6300,0
13300,173.62,14141.9449,15240.6300,0
13315,173.85,14141.9449,15240.6300,0
13318,173.87,14141.9449,15240.6300,0
13319,173.88,14141.9449,15240.6300,0
13320,173.93,14141.9449,15240.6300,0
13321,173.93,14141.9449,15240.6300,0
13322,173.93,14141.9449,15240.6300,0
13325,173.97,14141.9449,15240.6300,0
13331,174.03,14141.9449,15240.6300,0
13335,174.06,14141.9449,15240.6300,0
13336,174.06,14141.9449,15240.6300,0
13337,174.06,14141.9449,15240.6300,0
13339,174.09,14141.9449,15240.6300,0
13340,174.09,14141.9449,15240.6300,0
13341,174.11,14141.9449,15240.6300,0
13343,174.13,14141.9449,15240.6300,0
13350,174.19,14141.9449,15240.6300,0
13351,174.20,14141.9449,15240.6300,0
13354,174.23,14141.9449,15240.6300,0
13355,174.24,14141.9449,15240.6300,0
13356,174.24,14141.9449,15240.6300,0
13358,174.26,14141.9449,15240.6300,0
13360,174.28,14141.9449,15240.6300,0
13364,174.28,14141.9449,15240.6300,0
13377,174.40,14141.9449,15240.6300,0
13388,174.50,14141.9449,15240.6300,0
13397,174.63,14141.9449,15240.6300,0
13398,174.63,14141.9449,15240.6300,0
13399,174.63,14141.9449,15240.6300,0
13400,174.67,14141.9449,15240.6300,0
13401,174.67,14141.9449,15240.6300,0
13404,174.69,14141.9449,15240.6300,0
13409,174.72,14141.9449,15240.6300,0
13412,174.72,14141.9449,15240.6300,0
13414,174.75,14141.9449,15240.6300,0
13423,174.91,14141.9449,15240.6300,0
13427,174.91,14141.9449,15240.6300,0
13432,174.96,14141.9449,15240.6300,0
13433,174.96,14141.9449,15240.6300,0
13436,174.96,14141.9449,15240.6300,0
13437,174.96,14141.9449,15240.6300,0
13438,174.96,14141.9449,15240.6300,0
13440,174.96,14141.9449,15240.6300,0
13446,175.03,14141.9449,15240.6300,0
13449,175.03,14141.9449,15240.6300,0
13462,175.07,14141.9449,15240.6300,0
13463,175.10,14141.9449,15240.6300,0
13475,175.32,14141.9449,15240.6300,0
13477,175.32,14141.9449,15240.6300,0
13485,175.36,14141.9449,15240.6300,0
13487,175.36,14141.9449,15240.6300,0
13489,175.36,14141.9449,15240.6300,0
13491,175.36,14141.9449,15240.6300,0
13492,175.36,14141.9449,15240.6300,0
13494,175.36,14141.9449,15240.6300,1
13495,175.38,12062.8401,15240.6300,0
13496,175.40,12062.8401,15240.6300,0
13497,175.42,12097.8565,15240.6300,0
13501,175.52,12097.8565,15240.6300,0
13503,175.64,12097.8565,15240.6300,0
13504,175.67,12159.4921,15240.6300,0
13506,175.69,12159.4921,15240.6300,0
13508,175.76,12159.4921,15240.6300,0
13509,175.77,12159.4921,15240.6300,0
13511,175.82,12224.5028,15240.6300,0
13512,175.83,12224.5028,15240.6300,0
13513,175.85,12525.6207,15240.6300,0
13515,175.94,12525.6207,15240.6300,0
13517,176.03,12525.6207,15240.6300,0
13518,176.05,12539.3945,15240.6300,0
13519,176.06,12612.1600,15240.6300,0
13523,176.12,12612.1600,15240.6300,0
13529,176.28,12612.1600,15240.6300,0
13530,176.30,12769.8908,15240.6300,0
13531,176.31,12769.8908,15240.6300,0
13532,176.33,12769.8908,15240.6300,0
13536,176.42,12886.1188,15240.6300,0
13538,176.50,12996.2538,15240.6300,0
13539,176.55,12996.2538,15240.6300,0
13542,176.66,13073.7458,15240.6300,0
13543,176.70,13224.0493,15240.6300,0
13544,176.74,13365.5562,15240.6300,0
13547,176.82,13365.5562,15240.6300,0
13551,176.92,13365.5562,15240.6300,0
13554,177.03,13365.5562,15240.6300,0
13557,177.06,13365.5562,15240.6300,0
13561,177.14,13365.5562,15240.6300,0
13562,177.18,13365.5562,15240.6300,0
13567,177.23,13365.5562,15240.6300,0
13571,177.40,13365.5562,15240.6300,0
13572,177.40,13365.5562,15240.6300,0
13573,177.42,13365.5562,15240.6300,0
13583,177.57,13365.5562,15240.6300,0
13588,177.66,13365.5562,15240.6300,0
13592,177.73,13407.1349,15240.6300,0
13595,177.81,13407.1349,15240.6300,0
13597,177.86,13471.5328,15240.6300,0
13601,177.94,13471.5328,15240.6300,0
13606,178.10,13471.5328,15240.6300,0
13607,178.13,13471.5328,15240.6300,0
13610,178.22,13607.9323,15240.6300,0
13613,178.28,13607.9323,15240.6300,0
13615,178.31,13607.9323,15240.6300,0
13616,178.33,13611.3705,15240.6300,0
13617,178.38,13639.2321,15240.6300,0
13618,178.41,13639.2321,15240.6300,0
13619,178.43,13639.2321,15240.6300,0
13622,178.48,13789.6633,15240.6300,0
13626,178.60,13789.6633,15240.6300,0
13635,178.79,13789.6633,15240.6300,0
13638,178.91,13789.6633,15240.6300,0
13645,179.07,13789.6633,15240.6300,0
13646,179.14,13789.6633,15240.6300,0
13648,179.20,13789.6633,15240.6300,0
13660,179.27,13789.6633,15240.6300,0
13665,179.32,13789.6633,15240.6300,0
13667,179.35,13789.6633,15240.6300,0
13668,179.39,13789.6633,15240.6300,0
13683,179.65,13789.6633,15240.6300,0
13684,179.66,13789.6633,15240.6300,0
13685,179.68,13789.6633,15240.6300,0
13697,179.82,13789.6633,15240.6300,0
13706,179.91,13789.6633,15240.6300,0
13710,179.93,13789.6633,15240.6300,0
13712,179.95,13789.6633,15240.6300,0
13723,180.02,13789.6633,15240.6300,0
13730,180.08,13789.6633,15240.6300,0
13732,180.11,13789.6633,15240.6300,0
13735,180.18,13789.6633,15240.6300,0
13736,180.18,13789.6633,15240.6300,0
13740,180.29,13789.6633,15240.6300,0
13764,180.50,13789.6633,15240.6300,0
13766,180.51,13789.6633,15240.6300,0
13768,180.58,13789.6633,15240.6300,0
13771,180.63,13789.6633,15240.6300,0
13781,180.74,13789.6633,15240.6300,0
13785,180.82,13789.6633,15240.6300,0
13790,180.84,13789.6633,15240.6300,0
13792,180.93,13789.6633,15240.6300,0
13797,181.02,13790.5253,15240.6300,0
13807,181.33,13790.5253,15240.6300,0
13808,181.33,13790.5253,15240.6300,0
13812,181.39,13790.5253,15240.6300,0
13813,181.41,13790.5253,15240.6300,0
13819,181.51,13790.5253,15240.6300,0
13821,181.57,13790.5253,15240.6300,0
13824,181.66,13790.5253,15240.6300,0
13828,181.77,13790.5253,15240.6300,0
13835,181.89,13790.5253,15240.6300,0
13839,182.02,13790.5253,15240.6300,0
13840,182.02,13790.5253,15240.6300,0
13843,182.11,13790.5253,15240.6300,0
13846,182.16,13790.5253,15240.6300,0
13850,182.23,13790.5253,15240.6300,0
13851,182.23,13790.5253,15240.6300,0
13859,182.36,13790.5253,15240.6300,0
13860,182.36,13790.5253,15240.6300,0
13862,182.38,13790.5253,15240.6300,0
13863,182.41,13790.5253,15240.6300,0
13865,182.43,13790.5253,15240.6300,0
13869,182.45,13790.5253,15240.6300,0
13873,182.49,13790.5253,15240.6300,0
13878,182.57,13790.5253,15240.6300,0
13879,182.58,13790.5253,15240.6300,0
13882,182.60,13790.5253,15240.6300,0
13898,182.87,13790.5253,15240.6300,0
13900,182.88,13790.5253,15240.6300,0
13901,182.88,13790.5253,15240.6300,0
13907,182.99,13790.5253,15240.6300,0
13908,182.99,13790.5253,15240.6300,0
13913,183.10,13790.5253,15240.6300,0
13914,183.13,13790.5253,15240.6300,0
13919,183.27,13790.5253,15240.6300,0
13920,183.27,13790.5253,15240.6300,0
13921,183.27,13790.5253,15240.6300,0
13924,183.31,13790.5253,15240.6300,0
13925,183.36,13790.5253,15240.6300,0
13926,183.36,13790.5253,15240.6300,0
13928,183.37,13790.5253,15240.6300,0
13932,183.45,13790.5253,15240.6300,0
13938,183.47,13790.5253,15240.6300,0
13939,183.47,13790.5253,15240.6300,0
13943,183.49,13790.5253,15240.6300,0
13944,183.49,13790.5253,15240.6300,0
13947,183.51,13790.5253,15240.6300,0
13952,183.54,13790.5253,15240.6300,0
13954,183.56,13790.5253,15240.6300,0
13957,183.58,13790.5253,15240.6300,0
13965,183.62,13790.5253,15240.6300,0
13970,183.66,13790.5253,15240.6300,0
13971,183.69,13790.5253,15240.6300,0
13988,183.85,13790.5253,15240.6300,0
13989,183.85,13790.5253,15240.6300,0
13994,183.90,13790.5253,15240.6300,0
13998,183.95,13790.5496,15240.6300,0
14000,183.99,13790.5496,15240.6300,0
14002,184.05,13790.5496,15240.6300,0
14004,184.12,13790.5496,15240.6300,0
14005,184.16,13790.5496,15240.6300,0
14006,184.26,13790.5496,15240.6300,0
14012,184.39,13790.5496,15240.6300,0
14016,184.53,13790.5496,15240.6300,0
14023,184.66,13790.5496,15240.6300,0
14030,184.73,13790.5496,15240.6300,0
14037,184.82,13790.5496,15240.6300,0
14047,184.93,13790.5496,15240.6300,0
14051,185.05,13790.5496,15240.6300,0
14052,185.05,13790.5496,15240.6300,0
14054,185.11,13790.5496,15240.6300,0
14058,185.14,13790.5496,15240.6300,0
14059,185.14,13790.5496,15240.6300,0
14061,185.14,13790.5496,15240.6300,0
14071,185.33,13790.5496,15240.6300,0
14074,185.42,13790.5496,15240.6300,0
14086,185.55,13790.5496,15240.6300,0
14088,185.62,13790.5496,15240.6300,0
14089,185.63,13790.5496,15240.6300,0
14091,185.63,13790.5496,15240.6300,0
14093,185.67,13790.5496,15240.6300,0
14101,185.78,13790.5496,15240.6300,0
14110,185.82,13790.5496,15240.6300,0
14112,185.90,13790.5496,15240.6300,0
14114,185.90,13790.5496,15240.6300,0
14120,186.05,13790.5496,15240.6300,0
14126,186.12,13790.5496,15240.6300,0
14129,186.12,13790.5496,15240.6300,0
14132,186.20,13790.5496,15240.6300,0
14147,186.36,13790.5496,15240.6300,0
14154,186.42,13790.5496,15240.6300,0
14169,186.65,13790.5496,15240.6300,0
14171,186.69,13790.5496,15240.6300,0
14173,186.69,13790.5496,15240.6300,0
14175,186.74,13790.5496,15240.6300,0
14176,186.74,13790.5496,15240.6300,0
14177,186.74,13790.5496,15240.6300,0
14180,186.75,13790.5496,15240.6300,0
14185,186.75,13790.5496,15240.6300,0
14187,186.76,13790.5496,15240.6300,0
14189,186.76,13790.5496,15240.6300,0
14194,186.79,13790.5496,15240.6300,0
14196,186.81,13790.5496,15240.6300,0
14197,186.81,13790.5496,15240.6300,0
14199,186.84,13790.5496,15240.6300,0
14200,186.84,13790.5496,15240.6300,0
14217,186.98,13790.5496,15240.6300,0
14222,187.02,13790.5496,15240.6300,0
14223,187.02,13790.5496,15240.6300,0
14225,187.07,13790.5496,15240.6300,0
14226,187.07,13790.5496,15240.6300,0
14227,187.11,13790.5496,15240.6300,0
14230,187.16,13790.5496,15240.6300,0
14231,187.16,13790.5496,15240.6300,0
14238,187.21,13790.5496,15240.6300,0
14243,187.23,13790.5496,15240.6300,0
14244,187.23,13790.5496,15240.6300,0
14245,187.23,13790.5496,15240.6300,0
14249,187.25,13790.5496,15240.6300,0
14250,187.25,13790.5496,15240.6300,0
14251,187.25,13790.5496,15240.6300,0
14253,187.27,13790.5496,15240.6300,0
14259,187.35,13790.5496,15240.6300,0
14260,187.38,13790.5496,15240.6300,0
14265,187.41,13790.5496,15240.6300,0
14270,187.43,13790.5496,15240.6300,0
14284,187.51,13790.5496,15240.6300,0
14289,187.55,13790.5496,15240.6300,0
14290,187.55,13790.5496,15240.6300,0
14298,187.61,13790.5496,15240.6300,0
14299,187.61,13790.5496,15240.6300,1
14302,187.76,13707.2694,15240.6300,0
14305,187.81,13790.5496,15240.6300,0
14307,187.81,13790.5496,15240.6300,0
14309,187.83,13790.5496,15240.6300,0
14314,187.87,13790.5496,15240.6300,0
14317,187.87,13790.5496,15240.6300,0
14320,187.92,13790.5496,15240.6300,0
14321,187.93,13790.5496,15240.6300,0
14323,187.98,13790.5496,15240.6300,0
14326,187.99,13790.5496,15240.6300,0
14330,188.03,13790.5496,15240.6300,0
14332,188.03,13790.5496,15240.6300,0
14334,188.05,13790.5496,15240.6300,0
14335,188.12,13790.5496,15240.6300,0
14338,188.12,13790.5496,15240.6300,0
14349,188.18,13790.5496,15240.6300,0
14351,188.18,13790.5496,15240.6300,0
14352,188.18,13790.5496,15240.6300,0
14353,188.18,13790.5496,15240.6300,0
14354,188.18,13790.5496,15240.6300,0
14357,188.19,13790.5496,15240.6300,0
14359,188.19,13790.5496,15240.6300,0
14363,188.21,13790.5496,15240.6300,0
14369,188.31,13790.5496,15240.6300,0
14372,188.31,13790.5496,15240.6300,0
14382,188.37,13790.5496,15240.6300,0
14383,188.38,13790.5496,15240.6300,0
14392,188.49,13790.5496,15240.6300,0
14395,188.51,13790.5496,15240.6300,0
14401,188.54,13790.5496,15240.6300,0
14414,188.64,13790.5496,15240.6300,0
14415,188.64,13790.5496,15240.6300,0
14422,188.66,13790.5496,15240.6300,0
14423,188.66,13790.5496,15240.6300,0
14424,188.66,13790.5496,15240.6300,0
14428,188.72,13790.5496,15240.6300,0
14430,188.72,13790.5496,15240.6300,0
14433,188.74,13790.5496,15240.6300,0
14436,188.74,13790.5496,15240.6300,0
14439,188.76,13790.5496,15240.6300,0
14444,188.76,13790.5496,15240.6300,0
14445,188.76,13790.5496,15240.6300,0
14447,188.76,13790.5496,15240.6300,0
14450,188.78,13790.5496,15240.6300,0
14451,188.78,13790.5496,15240.6300,0
14452,188.78,13790.5496,15240.6300,0
14455,188.80,13790.5496,15240.6300,0
14463,188.84,13790.5496,15240.6300,0
14465,188.85,13790.5496,15240.6300,0
14466,188.85,13790.5496,15240.6300,0
14467,188.85,13790.5496,15240.6300,0
14472,188.85,13790.5496,15240.6300,0
14473,188.85,13790.5496,15240.6300,0
14474,188.85,13790.5496,15240.6300,0
14476,188.86,13790.5496,15240.6300,0
14480,188.91,13790.5496,15240.6300,0
14493,189.02,13790.5496,15240.6300,0
14497,189.02,13790.5496,15240.6300,0
14504,189.06,13790.5496,15240.6300,0
14506,189.06,13790.5496,15240.6300,0
14519,189.12,13790.5496,15240.6300,0
14521,189.14,13790.5496,15240.6300,0
14522,189.14,13790.5496,15240.6300,0
14525,189.16,13790.5496,15240.6300,0
14528,189.18,13790.5496,15240.6300,0
14534,189.19,13790.5496,15240.6300,0
14537,189.19,13790.5496,15240.6300,0
14543,189.23,13790.5496,15240.6300,0
14547,189.32,13790.5496,15240.6300,0
14548,189.32,13790.5496,15240.6300,0
14552,189.34,13790.5496,15240.6300,0
14553,189.34,13790.5496,15240.6300,0
14554,189.34,13790.5496,15240.6300,0
14564,189.39,13790.5496,15240.6300,0
14567,189.45,13790.7719,15240.6300,0
14568,189.48,13790.7719,15240.6300,0
14574,189.61,13790.7719,15240.6300,0
14579,189.80,13790.7719,15240.6300,0
14581,189.87,13790.7719,15240.6300,0
14583,189.90,13790.7719,15240.6300,0
14584,189.93,13790.7719,15240.6300,0
14590,190.01,13790.7719,15240.6300,0
14594,190.05,13790.7719,15240.6300,0
14599,190.19,13790.7719,15240.6300,0
14602,190.28,13790.7719,15240.6300,0
14604,190.28,13790.7719,15240.6300,0
14606,190.32,13790.7719,15240.6300,0
14611,190.37,13790.7719,15240.6300,0
14620,190.53,13790.7719,15240.6300,0
14621,190.60,13790.7719,15240.6300,0
14622,190.62,13790.7719,15240.6300,0
14625,190.63,13790.7719,15240.6300,0
14631,190.70,13790.7719,15240.6300,0
14636,190.78,13790.7719,15240.6300,0
14639,190.83,13790.7719,15240.6300,0
14640,190.83,13790.7719,15240.6300,0
14643,190.85,13790.7719,15240.6300,0
14646,190.87,13790.7719,15240.6300,0
14647,190.90,13790.7719,15240.6300,0
14648,190.90,13790.7719,15240.6300,0
14652,190.95,13790.7719,15240.6300,0
14657,191.04,13790.7719,15240.6300,0
14658,191.04,13790.7719,15240.6300,0
14659,191.04,13790.7719,15240.6300,0
14662,191.09,13790.7719,15240.6300,0
14664,191.18,13790.7719,15240.6300,0
14667,191.27,13790.7719,15240.6300,0
14669,191.27,13790.7719,15240.6300,0
14671,191.27,13790.7719,15240.6300,0
14672,191.28,13790.7719,15240.6300,0
14673,191.28,13790.7719,15240.6300,0
14674,191.28,13790.7719,15240.6300,0
14678,191.35,13790.7719,15240.6300,0
14681,191.37,13790.7719,15240.6300,0
14684,191.42,13790.7719,15240.6300,0
14691,191.48,13790.7719,15240.6300,0
14692,191.48,13790.7719,15240.6300,0
14694,191.48,13790.7719,15240.6300,0
14696,191.48,13790.7719,15240.6300,0
14697,191.48,13790.7719,15240.6300,0
14702,191.51,13790.7719,15240.6300,0
14704,191.59,13790.7719,15240.6300,0
14706,191.59,13790.7719,15240.6300,0
14707,191.59,13790.7719,15240.6300,0
14709,191.67,13790.7719,15240.6300,0
14711,191.67,13790.7719,15240.6300,0
14712,191.68,13790.7719,15240.6300,0
14715,191.70,13790.7719,15240.6300,0
14722,191.87,13790.7719,15240.6300,0
14725,191.89,13790.7719,15240.6300,0
14733,191.96,13790.7719,15240.6300,0
14734,191.96,13790.7719,15240.6300,0
14735,192.01,13790.7719,15240.6300,0
14738,192.01,13790.7719,15240.6300,0
14740,192.07,13790.7719,15240.6300,0
14742,192.08,13790.7719,15240.6300,0
14748,192.15,13790.7719,15240.6300,0
14749,192.15,13790.7719,15240.6300,0
14755,192.22,13790.7719,15240.6300,0
14757,192.23,13790.7719,15240.6300,0
14758,192.23,13790.7719,15240.6300,0
14764,192.28,13790.7719,15240.6300,0
14765,192.31,13790.7719,15240.6300,0
14769,192.36,13790.7719,15240.6300,0
14770,192.36,13790.7719,15240.6300,0
14771,192.36,13790.7719,15240.6300,0
14773,192.38,13790.7719,15240.6300,0
14774,192.38,13790.7719,15240.6300,0
14777,192.38,13790.7719,15240.6300,0
14778,192.38,13790.7719,15240.6300,0
14779,192.41,13790.7719,15240.6300,0
14781,192.43,13790.7719,15240.6300,0
14784,192.46,13790.7719,15240.6300,0
14785,192.49,13790.7719,15240.6300,0
14790,192.55,13790.7719,15240.6300,0
14791,192.55,13790.7719,15240.6300,0
14794,192.57,13790.7719,15240.6300,0
14797,192.64,13790.7719,15240.6300,0
14798,192.64,13790.7719,15240.6300,0
14801,192.66,13790.7719,15240.6300,0
14803,192.68,13790.7719,15240.6300,0
14810,192.75,13790.7719,15240.6300,0
14814,192.75,13790.7719,15240.6300,0
14818,192.75,13790.7719,15240.6300,0
14820,192.79,13790.7719,15240.6300,0
14832,192.94,13790.7719,15240.6300,0
14836,192.97,13790.7719,15240.6300,0
14838,192.99,13790.7719,15240.6300,0
14839,192.99,13790.7719,15240.6300,0
14849,193.04,13790.7719,15240.6300,0
14868,193.16,13790.7719,15240.6300,1
14869,193.24,13576.9197,15240.6300,0
14870,193.26,13703.0890,15240.6300,0
14874,193.36,13703.0890,15240.6300,0
14875,193.39,13706.3932,15240.6300,0
14877,193.50,13706.3932,15240.6300,0
14878,193.57,13706.3932,15240.6300,0
14881,193.65,13706.3932,15240.6300,0
14887,193.80,13706.3932,15240.6300,0
14896,194.03,13706.3932,15240.6300,0
14898,194.07,13706.3932,15240.6300,0
14905,194.21,13706.3932,15240.6300,0
14907,194.26,13706.3932,15240.6300,0
14916,194.39,13706.3932,15240.6300,0
14922,194.52,13706.3932,15240.6300,0
14925,194.64,13706.3932,15240.6300,0
14931,194.72,13706.3932,15240.6300,0
14936,194.76,13706.3932,15240.6300,0
14938,194.82,13706.3932,15240.6300,0
14939,194.82,13706.3932,15240.6300,0
14941,194.82,13706.3932,15240.6300,0
14949,194.93,13706.3932,15240.6300,0
14955,195.04,13706.3932,15240.6300,0
14957,195.06,13706.3932,15240.6300,0
14959,195.10,13706.3932,15240.6300,0
14961,195.12,13706.3932,15240.6300,0
14965,195.16,13706.3932,15240.6300,0
14970,195.18,13706.3932,15240.6300,0
14972,195.18,13706.3932,15240.6300,0
14977,195.25,13706.3932,15240.6300,0
14991,195.41,13706.3932,15240.6300,0
14992,195.49,13706.3932,15240.6300,0
14995,195.58,13706.3932,15240.6300,0
14996,195.58,13706.3932,15240.6300,0
15001,195.64,13706.3932,15240.6300,0
15003,195.66,13706.3932,15240.6300,0
15008,195.69,13706.3932,15240.6300,0
15013,195.76,13706.3932,15240.6300,0
15025,195.84,13706.3932,15240.6300,0
15031,195.88,13706.3932,15240.6300,0
15045,195.99,13706.3932,15240.6300,0
15048,196.02,13706.3932,15240.6300,0
15052,196.02,13706.3932,15240.6300,0
15055,196.05,13706.3932,15240.6300,0
15059,196.07,13706.3932,15240.6300,0
15062,196.11,13706.3932,15240.6300,0
15073,196.20,13706.3932,15240.6300,0
15079,196.26,13706.3932,15240.6300,0
15083,196.28,13706.3932,15240.6300,0
15084,196.28,13706.3932,15240.6300,0
15086,196.28,13706.3932,15240.6300,0
15087,196.28,13706.3932,15240.6300,0
15093,196.33,13706.3932,15240.6300,0
15094,196.33,13706.3932,15240.6300,0
15098,196.34,13706.3932,15240.6300,0
15105,196.41,13706.3932,15240.6300,0
15107,196.46,13706.8359,15240.6300,0
15109,196.52,13759.1946,15240.6300,0
15110,196.54,13759.1946,15240.6300,0
15113,196.62,13759.1946,15240.6300,0
15116,196.70,13759.1946,15240.6300,0
15129,196.99,13759.1946,15240.6300,0
15133,197.08,13759.1946,15240.6300,0
15134,197.12,13759.1946,15240.6300,0
15140,197.23,13759.1946,15240.6300,0
15142,197.25,13759.1946,15240.6300,0
15147,197.28,13759.1946,15240.6300,0
15149,197.34,13759.1946,15240.6300,0
15155,197.41,13759.1946,15240.6300,0
15161,197.53,13759.1946,15240.6300,0
15163,197.63,13759.1946,15240.6300,0
15164,197.68,13760.2079,15240.6300,0
15168,197.82,13760.2079,15240.6300,0
15174,197.96,13760.2079,15240.6300,0
15180,198.10,13760.2079,15240.6300,0
15191,198.33,13760.2079,15240.6300,0
15197,198.38,13760.2079,15240.6300,0
15205,198.50,13760.2079,15240.6300,0
15214,198.71,13760.2079,15240.6300,0
15215,198.74,13760.2079,15240.6300,0
15219,198.77,13760.2079,15240.6300,0
15220,198.78,13760.2079,15240.6300,0
15225,198.79,13760.2079,15240.6300,0
15227,198.82,13760.2079,15240.6300,0
15235,198.86,13760.2079,15240.6300,0
15236,198.86,13760.2079,15240.6300,0
15239,198.86,13760.2079,15240.6300,0
15240,198.86,13760.2079,15240.6300,0
15241,198.86,13760.2079,15240.6300,0
15245,198.94,13760.2079,15240.6300,0
15251,199.01,13760.2079,15240.6300,0
15257,199.09,13760.2079,15240.6300,0
15266,199.20,13760.2079,15240.6300,0
15267,199.21,13760.2079,15240.6300,0
15270,199.24,13760.2079,15240.6300,0
15271,199.25,13760.2079,15240.6300,0
15274,199.30,13760.2079,15240.6300,0
15276,199.33,13760.2079,15240.6300,0
15279,199.40,13760.2079,15240.6300,0
15281,199.41,13760.2079,15240.6300,0
15286,199.46,13760.2079,15240.6300,0
15289,199.53,13760.2079,15240.6300,0
15290,199.54,13760.2079,15240.6300,0
15293,199.54,13760.2079,15240.6300,0
15299,199.59,13760.2079,15240.6300,0
15302,199.63,13760.2079,15240.6300,0
15311,199.73,13760.2079,15240.6300,0
15312,199.73,13760.2079,15240.6300,0
15313,199.73,13760.2079,15240.6300,0
15315,199.77,13760.2079,15240.6300,0
15316,199.77,13760.2079,15240.6300,0
15317,199.77,13760.2079,15240.6300,0
15322,199.84,13760.2079,15240.6300,0
15323,199.91,13760.2079,15240.6300,0
15324,199.95,13760.2079,15240.6300,0
15328,200.00,13760.2079,15240.6300,0
15331,200.04,13760.2079,15240.6300,0
15332,200.04,13760.2079,15240.6300,0
15333,200.04,13760.2079,15240.6300,0
15335,200.07,13760.2079,15240.6300,0
15336,200.08,13760.2079,15240.6300,0
15341,200.13,13760.2079,15240.6300,0
15343,200.14,13760.2079,15240.6300,0
15352,200.22,13760.2079,15240.6300,0
15354,200.22,13760.2079,15240.6300,0
15367,200.26,13760.2079,15240.6300,0
15376,200.31,13760.2079,15240.6300,0
15379,200.35,13760.2079,15240.6300,0
15383,200.39,13760.2079,15240.6300,0
15384,200.39,13760.2079,15240.6300,0
15385,200.40,13760.2079,15240.6300,0
15386,200.40,13760.2079,15240.6300,0
15390,200.44,13760.2079,15240.6300,0
15392,200.46,13760.2079,15240.6300,0
15394,200.46,13760.2079,15240.6300,0
15400,200.48,13760.2079,15240.6300,0
15404,200.49,13760.2079,15240.6300,0
15411,200.55,13760.2079,15240.6300,0
15414,200.56,13760.2079,15240.6300,0
15419,200.57,13760.2079,15240.6300,0
15420,200.57,13760.2079,15240.6300,0
15424,200.57,13760.2079,15240.6300,0
15427,200.61,13760.2079,15240.6300,0
15428,200.61,13760.2079,15240.6300,0
15435,200.68,13760.2079,15240.6300,0
15438,200.70,13760.2079,15240.6300,0
15441,200.72,13760.2079,15240.6300,0
15446,200.74,13760.2079,15240.6300,0
15447,200.74,13760.2079,15240.6300,0
15448,200.74,13760.2079,15240.6300,0
15449,200.75,13760.2079,15240.6300,0
15453,200.75,13760.2079,15240.6300,0
15457,200.78,13760.2079,15240.6300,0
15464,200.84,13760.2079,15240.6300,0
15465,200.84,13760.2079,15240.6300,1
15469,200.98,12924.1799,15240.6300,0
15471,201.02,13115.9055,15240.6300,0
15472,201.05,13115.9055,15240.6300,0
15474,201.10,13181.0624,15240.6300,0
15479,201.25,13181.8517,15240.6300,0
15484,201.37,13181.8517,15240.6300,0
15486,201.42,13181.8517,15240.6300,0
15491,201.51,13204.3958,15240.6300,0
15494,201.62,13204.3958,15240.6300,0
15495,201.64,13204.3958,15240.6300,0
15499,201.69,13204.3958,15240.6300,0
15501,201.71,13232.7910,15240.6300,0
15505,201.86,13232.7910,15240.6300,0
15517,202.10,13250.1203,15240.6300,0
15523,202.24,13250.1203,15240.6300,0
15524,202.29,13416.9180,15240.6300,0
15527,202.41,13622.4961,15240.6300,0
15531,202.53,13622.4961,15240.6300,0
15532,202.55,13622.4961,15240.6300,0
15537,202.67,13622.4961,15240.6300,0
15540,202.73,13622.4961,15240.6300,0
15548,203.01,13622.4961,15240.6300,0
15554,203.10,13622.4961,15240.6300,0
15557,203.18,13622.4961,15240.6300,0
15559,203.20,13622.4961,15240.6300,0
15562,203.31,13622.4961,15240.6300,0
15579,203.55,13622.4961,15240.6300,0
15581,203.57,13622.4961,15240.6300,0
15592,203.70,13622.4961,15240.6300,0
15595,203.76,13622.4961,15240.6300,0
15597,203.82,13622.4961,15240.6300,0
15599,203.82,13622.4961,15240.6300,0
15600,203.83,13622.4961,15240.6300,0
15601,203.83,13622.4961,15240.6300,0
15612,203.97,13622.4961,15240.6300,0
15617,204.00,13622.4961,15240.6300,0
15618,204.00,13622.4961,15240.6300,0
15620,204.01,13622.4961,15240.6300,0
15628,204.10,13622.4961,15240.6300,0
15630,204.10,13622.4961,15240.6300,0
15634,204.11,13622.4961,15240.6300,0
15638,204.13,13622.4961,15240.6300,0
15639,204.14,13622.4961,15240.6300,0
15647,204.20,13622.4961,15240.6300,0
15653,204.25,13622.4961,15240.6300,0
15664,204.40,13622.4961,15240.6300,0
15670,204.42,13622.4961,15240.6300,0
15673,204.46,13622.4961,15240.6300,0
15677,204.51,13622.4961,15240.6300,0
15686,204.66,13622.4961,15240.6300,0
15695,204.75,13622.4961,15240.6300,0
15706,204.78,13622.4961,15240.6300,0
15709,204.80,13622.4961,15240.6300,0
15713,204.80,13622.4961,15240.6300,0
15714,204.80,13622.4961,15240.6300,0
15725,204.91,13622.4961,15240.6300,0
15737,205.02,13622.4961,15240.6300,0
15738,205.02,13622.4961,15240.6300,0
15742,205.04,13622.4961,15240.6300,0
15751,205.11,13622.4961,15240.6300,0
15755,205.13,13622.4961,15240.6300,0
15765,205.22,13622.4961,15240.6300,0
15769,205.24,13622.4961,15240.6300,0
15770,205.24,13622.4961,15240.6300,0
15774,205.26,13622.4961,15240.6300,0
15775,205.29,13622.4961,15240.6300,0
15778,205.34,13622.4961,15240.6300,0
15779,205.34,13622.4961,15240.6300,0
15785,205.37,13622.4961,15240.6300,0
15789,205.41,13622.4961,15240.6300,0
15793,205.43,13622.4961,15240.6300,0
15794,205.43,13622.4961,15240.6300,0
15795,205.44,13622.4961,15240.6300,0
15804,205.50,13622.4961,15240.6300,0
15807,205.52,13622.4961,15240.6300,0
15821,205.63,13622.4961,15240.6300,0
15827,205.66,13622.4961,15240.6300,0
15828,205.66,13622.4961,15240.6300,1
15829,205.70,13117.5713,15240.6300,0
15830,205.75,13117.5713,15240.6300,0
15837,205.96,13117.5713,15240.6300,0
15841,206.10,13117.5713,15240.6300,0
15842,206.12,13249.1983,15240.6300,0
15846,206.19,13249.1983,15240.6300,0
15858,206.51,13249.1983,15240.6300,0
15859,206.54,13249.1983,15240.6300,0
15893,207.18,13249.1983,15240.6300,0
15897,207.23,13249.1983,15240.6300,0
15899,207.23,13249.1983,15240.6300,0
15907,207.26,13249.1983,15240.6300,0
15925,207.41,13249.1983,15240.6300,0
15940,207.55,13249.1983,15240.6300,0
15941,207.57,13249.1983,15240.6300,0
15961,207.74,13249.1983,15240.6300,0
15990,207.96,13249.1983,15240.6300,0
16012,208.14,13249.1983,15240.6300,0
16027,208.15,13249.1983,15240.6300,0
16034,208.18,13249.1983,15240.6300,0
16038,208.19,13249.1983,15240.6300,0
16065,208.32,13249.1983,15240.6300,0
16081,208.37,13249.1983,15240.6300,0
16104,208.40,13249.1983,15240.6300,0
16113,208.42,13249.1983,15240.6300,0
16120,208.43,13249.1983,15240.6300,0
16121,208.43,13249.1983,15240.6300,0
16131,208.50,13249.1983,15240.6300,0
16143,208.53,13249.1983,15240.6300,1
16144,208.61,12621.7754,15240.6300,0
16145,208.64,12621.7754,15240.6300,0
16148,208.73,12817.9205,15240.6300,0
16149,208.75,12997.0872,15240.6300,0
16150,208.77,13122.3420,15240.6300,0
16151,208.80,13198.6656,15240.6300,0
16153,208.82,13317.5850,15240.6300,0
16154,208.85,13629.3710,15240.6300,0
16156,208.91,13658.5603,15240.6300,0
16157,208.95,13719.5212,15240.6300,0
16160,209.04,13800.1843,15240.6300,0
16179,209.53,13800.1843,15240.6300,0
16190,209.80,13800.1843,15240.6300,0
16191,209.83,13800.1843,15240.6300,0
16206,210.13,13800.1843,15240.6300,0
16208,210.18,13800.1843,15240.6300,0
16218,210.36,13800.1843,15240.6300,0
16220,210.36,13800.1843,15240.6300,0
16224,210.47,13800.1843,15240.6300,0
16229,210.56,13800.1843,15240.6300,0
16230,210.58,13800.1843,15240.6300,0
16242,210.68,13800.1843,15240.6300,0
16248,210.73,13800.1843,15240.6300,0
16251,210.75,13800.1843,15240.6300,0
16257,210.83,13826.4305,15240.6300,0
16260,210.98,13826.4305,15240.6300,0
16261,210.99,13826.4305,15240.6300,0
16263,211.13,13826.4305,15240.6300,0
16270,211.34,13826.4305,15240.6300,0
16272,211.42,13826.4305,15240.6300,0
16276,211.51,13826.4305,15240.6300,0
16283,211.80,13826.4305,15240.6300,0
16284,211.81,13826.4305,15240.6300,0
16288,211.89,13826.4305,15240.6300,0
16289,211.91,13826.4305,15240.6300,0
16298,212.03,13826.4305,15240.6300,0
16302,212.07,13826.4305,15240.6300,0
16304,212.10,13826.4305,15240.6300,0
16308,212.17,13826.4305,15240.6300,0
16322,212.29,13826.4305,15240.6300,0
16325,212.32,13826.4305,15240.6300,0
16329,212.40,13826.4305,15240.6300,0
16331,212.42,13826.4305,15240.6300,0
16335,212.42,13826.4305,15240.6300,0
16343,212.49,13826.4305,15240.6300,0
16349,212.56,13826.4305,15240.6300,0
16352,212.57,13826.4305,15240.6300,0
16354,212.57,13826.4305,15240.6300,0
16366,212.70,13827.2344,15240.6300,0
16367,212.73,13827.2344,15240.6300,0
16373,212.91,13827.2344,15240.6300,0
16379,213.04,13827.2344,15240.6300,0
16389,213.23,13827.4462,15240.6300,0
16396,213.44,13827.4462,15240.6300,0
16397,213.46,13827.4462,15240.6300,0
16404,213.62,13827.4462,15240.6300,0
16405,213.66,13827.4462,15240.6300,0
16406,213.70,13827.4462,15240.6300,0
16410,213.84,13827.4462,15240.6300,0
16412,213.85,13827.4462,15240.6300,0
16417,214.09,13827.4462,15240.6300,0
16420,214.15,13827.4462,15240.6300,0
16421,214.17,13827.4462,15240.6300,0
16426,214.37,13827.4462,15240.6300,0
16427,214.37,13827.4462,15240.6300,0
16436,214.56,13827.4462,15240.6300,0
16438,214.58,13827.4462,15240.6300,0
16443,214.64,13827.4462,15240.6300,0
16449,214.83,13827.4462,15240.6300,0
16459,214.90,13827.4462,15240.6300,0
16470,215.11,13827.4462,15240.6300,0
16471,215.11,13827.4462,15240.6300,0
16479,215.14,13827.4462,15240.6300,0
16495,215.33,13827.4462,15240.6300,0
16504,215.46,13827.4462,15240.6300,0
16510,215.54,13827.4462,15240.6300,0
16528,215.72,13827.4462,15240.6300,0
16537,215.80,13827.4462,15240.6300,0
16552,216.07,13827.4462,15240.6300,0
16558,216.13,13827.4462,15240.6300,0
16565,216.16,13827.4462,15240.6300,0
16566,216.18,13827.4462,15240.6300,0
16577,216.26,13827.4462,15240.6300,0
16582,216.29,13827.4462,15240.6300,0
16586,216.32,13827.4462,15240.6300,0
16591,216.40,13827.4462,15240.6300,0
16598,216.57,13827.4462,15240.6300,0
16604,216.58,13827.4462,15240.6300,0
16607,216.61,13827.4462,15240.6300,0
16611,216.74,13827.4462,15240.6300,0
16615,216.75,13827.4462,15240.6300,0
16616,216.75,13827.4462,15240.6300,0
16620,216.76,13827.4462,15240.6300,0
16630,216.84,13827.4462,15240.6300,0
16640,216.91,13827.4462,15240.6300,0
16645,216.92,13827.4462,15240.6300,0
16651,216.93,13827.4462,15240.6300,0
16652,216.93,13827.4462,15240.6300,0
16658,216.95,13827.4462,15240.6300,0
16660,216.95,13827.4462,15240.6300,0
16671,217.03,13827.4462,15240.6300,0
16673,217.04,13827.4462,15240.6300,0
16674,217.04,13827.4462,15240.6300,0
16677,217.05,13827.4462,15240.6300,0
16682,217.09,13827.4462,15240.6300,0
16683,217.16,13827.4462,15240.6300,0
16690,217.26,13827.4462,15240.6300,1
16692,217.35,13055.9623,15240.6300,0
16693,217.39,13055.9623,15240.6300,0
16695,217.46,13055.9623,15240.6300,0
16698,217.58,13055.9623,15240.6300,0
16699,217.65,13228.4845,15240.6300,0
16701,217.72,13228.4845,15240.6300,0
16703,217.82,13228.4845,15240.6300,0
16705,217.88,13228.4845,15240.6300,0
16706,217.92,13228.4845,15240.6300,0
16708,217.97,13228.4845,15240.6300,0
16710,218.02,13228.4845,15240.6300,0
16711,218.02,13228.4845,15240.6300,0
16715,218.16,13228.4845,15240.6300,0
16716,218.21,13228.4845,15240.6300,0
16717,218.24,13231.2965,15240.6300,0
16718,218.26,13231.2965,15240.6300,0
16719,218.30,13304.7183,15240.6300,0
16723,218.51,13304.7183,15240.6300,0
16724,218.53,13426.2154,15240.6300,0
16726,218.59,13426.2154,15240.6300,0
16727,218.65,13440.4755,15240.6300,0
16733,218.80,13701.7558,15240.6300,0
16734,218.82,13794.4059,15240.6300,0
16738,219.00,13794.4059,15240.6300,0
16742,219.11,13794.4059,15240.6300,0
16746,219.20,13794.4059,15240.6300,0
16766,219.67,13794.4059,15240.6300,0
16773,219.81,13794.4059,15240.6300,0
16775,219.83,13794.4059,15240.6300,0
16777,219.87,13794.4059,15240.6300,0
16781,219.91,13794.4059,15240.6300,0
16787,220.07,13794.4059,15240.6300,0
16788,220.07,13794.4059,15240.6300,0
16790,220.16,13794.4059,15240.6300,0
16795,220.20,13794.4059,15240.6300,0
16796,220.20,13794.4059,15240.6300,0
16801,220.28,13794.4059,15240.6300,0
16804,220.30,13794.4059,15240.6300,0
16806,220.33,13794.4059,15240.6300,0
16808,220.33,13794.4059,15240.6300,0
16809,220.33,13794.4059,15240.6300,0
16811,220.33,13794.4059,15240.6300,0
16812,220.33,13794.4059,15240.6300,0
16815,220.38,13794.4059,15240.6300,0
16824,220.53,13794.4059,15240.6300,0
16826,220.53,13794.4059,15240.6300,0
16833,220.68,13794.4059,15240.6300,0
16841,220.76,13794.4059,15240.6300,0
16850,220.85,13794.4059,15240.6300,0
16862,221.00,13794.4059,15240.6300,0
16866,221.06,13796.2732,15240.6300,0
16868,221.12,13826.1979,15240.6300,0
16874,221.42,13826.1979,15240.6300,0
16877,221.48,13881.5325,15240.6300,0
16883,221.70,13881.5325,15240.6300,0
16885,221.73,13881.5325,15240.6300,0
16887,221.80,13881.5325,15240.6300,0
16892,221.96,13881.5325,15240.6300,0
16893,221.98,13911.6083,15240.6300,0
16904,222.27,13911.6083,15240.6300,0
16909,222.40,13911.6083,15240.6300,0
16912,222.47,13911.6083,15240.6300,0
16915,222.55,13911.6083,15240.6300,0
16916,222.57,13911.6083,15240.6300,0
16918,222.65,13911.6083,15240.6300,0
16924,222.82,13911.6083,15240.6300,0
16946,223.35,13911.6083,15240.6300,0
16948,223.41,13911.6083,15240.6300,0
16953,223.52,13911.6083,15240.6300,0
16955,223.54,13911.6083,15240.6300,0
16962,223.69,13911.6083,15240.6300,0
16965,223.72,13911.6083,15240.6300,0
16968,223.72,13911.6083,15240.6300,0
16977,223.97,13911.6083,15240.6300,0
16978,223.98,13924.7611,15240.6300,0
16979,224.01,14113.4143,15240.6300,0
16981,224.06,14195.0190,15240.6300,0
16982,224.10,14195.0190,15240.6300,0
16983,224.13,14195.0190,15240.6300,0
16985,224.19,14195.0190,15240.6300,0
16987,224.22,14195.0190,15240.6300,0
16989,224.28,14298.0550,15240.6300,0
16991,224.37,14298.0550,15240.6300,0
16994,224.49,14298.0550,15240.6300,0
17004,224.85,14298.0550,15240.6300,0
17008,224.92,14298.0550,15240.6300,0
17009,224.94,14298.0550,15240.6300,0
17031,225.47,14298.0550,15240.6300,0
17032,225.52,14298.0550,15240.6300,0
17041,225.65,14298.0550,15240.6300,0
17042,225.67,14298.0550,15240.6300,0
17043,225.67,14298.0550,15240.6300,0
17058,225.89,14298.0550,15240.6300,0
17061,225.91,14298.0550,15240.6300,0
17065,225.98,14298.0550,15240.6300,0
17083,226.28,14298.0550,15240.6300,0
17092,226.44,14298.0550,15240.6300,0
17106,226.63,14298.0550,15240.6300,0
17118,226.73,14358.5966,15240.6300,0
17120,226.85,14358.5966,15240.6300,0
17123,226.96,14511.6533,15240.6300,0
17125,227.01,14511.7142,15240.6300,0
17136,227.29,14517.9205,15240.6300,0
17139,227.36,14517.9205,15240.6300,0
17141,227.41,14592.1732,15240.6300,0
17148,227.63,14592.1732,15240.6300,0
17152,227.74,14592.1732,15240.6300,0
17156,227.81,14592.1732,15240.6300,0
17159,227.84,14592.1732,15240.6300,0
17161,227.88,14592.1732,15240.6300,0
17162,227.88,14592.1732,15240.6300,0
17177,228.06,14592.1732,15240.6300,0
17185,228.20,14592.1732,15240.6300,0
17190,228.28,14592.1732,15240.6300,0
17194,228.41,14592.1732,15240.6300,0
17217,228.85,14592.1732,15240.6300,0
17220,228.97,14592.1732,15240.6300,0
17227,229.10,14592.1732,15240.6300,0
17241,229.32,14675.7093,15240.6300,0
17242,229.36,14684.5105,15240.6300,0
17244,229.41,14754.2432,15240.6300,0
17245,229.44,14754.2432,15240.6300,0
17247,229.49,14824.9195,15240.6300,0
17249,229.57,14850.5226,15240.6300,0
17252,229.70,14850.5226,15240.6300,0
17266,230.09,14850.5226,15240.6300,0
17269,230.17,14850.5226,15240.6300,0
17288,230.50,14850.5226,15240.6300,0
17295,230.56,14850.5226,15240.6300,0
17315,230.90,14850.5226,15240.6300,0
17321,230.94,14850.5226,15240.6300,0
17328,230.99,14850.5226,15240.6300,0
17334,231.07,14850.5226,15240.6300,0
17341,231.12,14850.5226,15240.6300,0
17347,231.18,14850.5226,15240.6300,0
17373,231.45,14850.5226,15240.6300,0
17376,231.50,14852.4483,15240.6300,0
17385,231.87,14852.4483,15240.6300,0
17388,231.96,14852.4483,15240.6300,0
17395,232.11,14852.4483,15240.6300,0
17397,232.12,14852.4483,15240.6300,0
17404,232.33,14852.4483,15240.6300,0
17406,232.44,14852.4483,15240.6300,0
17419,232.64,14852.4483,15240.6300,0
17422,232.65,14852.4483,15240.6300,0
17423,232.67,14852.4483,15240.6300,0
17427,232.75,14852.4483,15240.6300,0
17433,232.82,14852.4483,15240.6300,0
17441,232.92,14852.4483,15240.6300,0
17449,233.04,14852.4483,15240.6300,0
17460,233.26,14852.4483,15240.6300,0
17462,233.35,14852.4483,15240.6300,0
17468,233.42,14852.4483,15240.6300,0
17472,233.50,14852.4483,15240.6300,0
17474,233.52,14852.4483,15240.6300,0
17511,233.88,14852.4483,15240.6300,0
17514,233.88,14852.4483,15240.6300,0
17515,233.88,14852.4483,15240.6300,0
17520,233.96,14852.4483,15240.6300,0
17531,234.08,14852.4483,15240.6300,0
17534,234.08,14852.4483,15240.6300,0
17539,234.11,14852.4483,15240.6300,0
17558,234.37,14864.6311,15240.6300,0
17560,234.45,14864.6311,15240.6300,0
17563,234.52,14864.6311,15240.6300,0
17564,234.56,14864.6311,15240.6300,0
17567,234.67,14864.6311,15240.6300,0
17571,234.86,14864.6311,15240.6300,0
17586,235.37,14864.6311,15240.6300,0
17600,235.57,14864.6311,15240.6300,0
17603,235.62,14864.6311,15240.6300,0
17604,235.62,14864.6311,15240.6300,0
17606,235.67,14864.6311,15240.6300,0
17608,235.68,14864.6311,15240.6300,0
17610,235.72,14864.6311,15240.6300,0
17614,235.80,14864.6311,15240.6300,0
17618,235.92,14864.6311,15240.6300,0
17633,236.11,14864.6311,15240.6300,0
17639,236.30,14864.6311,15240.6300,0
17645,236.38,14864.6311,15240.6300,0
17647,236.39,14864.6311,15240.6300,0
17650,236.39,14864.6311,15240.6300,0
17659,236.47,14864.6311,15240.6300,0
17677,236.85,14864.6311,15240.6300,0
17682,236.86,14864.6311,15240.6300,0
17688,236.86,14864.6311,15240.6300,0
17693,236.87,14864.6311,15240.6300,0
17707,237.04,14864.6311,15240.6300,0
17719,237.16,14864.6311,15240.6300,0
17725,237.17,14864.6311,15240.6300,0
17738,237.23,14864.6311,15240.6300,0
17739,237.23,14864.6311,15240.6300,0
17743,237.26,14864.6311,15240.6300,0
17751,237.36,14864.6311,15240.6300,0
17761,237.46,14864.6311,15240.6300,0
17774,237.56,14864.6311,15240.6300,0
17781,237.60,14864.6982,15240.6300,0
17785,237.70,14864.6982,15240.6300,0
17786,237.77,14864.6982,15240.6300,0
17813,238.53,14864.6982,15240.6300,0
17825,238.86,14864.6982,15240.6300,0
17829,239.00,14864.6982,15240.6300,0
17839,239.11,14864.6982,15240.6300,0
17841,239.15,14864.6982,15240.6300,0
17845,239.20,14864.6982,15240.6300,0
17847,239.25,14864.6982,15240.6300,0
17854,239.32,14864.6982,15240.6300,0
17866,239.45,14864.6982,15240.6300,0
17869,239.46,14864.6982,15240.6300,0
17874,239.47,14864.6982,15240.6300,0
17887,239.69,14864.6982,15240.6300,0
17888,239.70,14864.6982,15240.6300,0
17889,239.74,14864.6982,15240.6300,0
17891,239.80,14864.6982,15240.6300,0
17895,239.90,14864.6982,15240.6300,0
17896,239.90,14864.6982,15240.6300,0
17899,239.96,14864.6982,15240.6300,0
17904,240.06,14864.6982,15240.6300,0
17911,240.23,14864.6982,15240.6300,0
17921,240.32,14864.6982,15240.6300,0
17925,240.32,14864.6982,15240.6300,0
17927,240.33,14864.6982,15240.6300,0
17938,240.49,14864.6982,15240.6300,0
17942,240.49,14864.6982,15240.6300,0
17955,240.60,14864.6982,15240.6300,0
17956,240.60,14864.6982,15240.6300,0
17959,240.60,14864.6982,15240.6300,0
17960,240.60,14864.6982,15240.6300,0
17965,240.63,14864.6982,15240.6300,0
17967,240.71,14864.6982,15240.6300,0
17974,240.72,14864.6982,15240.6300,0
17983,240.79,14864.6982,15240.6300,0
17984,240.79,14864.6982,15240.6300,0
17985,240.80,14864.6982,15240.6300,0
17989,240.82,14864.6982,15240.6300,0
17991,240.89,14864.6982,15240.6300,0
18000,240.92,14864.6982,15240.6300,0
18005,240.94,14864.6982,15240.6300,0
18010,240.95,14864.6982,15240.6300,0
18011,240.95,14864.6982,15240.6300,0
18014,240.95,14864.6982,15240.6300,0
18016,241.01,14864.6982,15240.6300,0
18017,241.01,14864.6982,15240.6300,0
18020,241.01,14864.6982,15240.6300,0
18024,241.01,14864.6982,15240.6300,0
18032,241.04,14864.6982,15240.6300,0
18033,241.04,14864.6982,15240.6300,0
18038,241.07,14864.6982,15240.6300,0
18041,241.07,14864.6982,15240.6300,0
18044,241.07,14864.6982,15240.6300,0
18050,241.08,14864.6982,15240.6300,0
18072,241.18,14864.6982,15240.6300,0
18075,241.24,14864.6982,15240.6300,0
18081,241.24,14864.6982,15240.6300,0
18082,241.24,14864.6982,15240.6300,1
18083,241.30,14031.7616,15240.6300,0
18084,241.32,14031.7616,15240.6300,0
18085,241.34,14031.7616,15240.6300,0
18087,241.38,14031.7616,15240.6300,0
18090,241.46,14031.7616,15240.6300,0
18092,241.56,14031.7616,15240.6300,0
18093,241.58,14031.7616,15240.6300,0
18094,241.60,14045.2119,15240.6300,0
18097,241.69,14045.2119,15240.6300,0
18098,241.71,14128.4918,15240.6300,0
18101,241.79,14128.4918,15240.6300,0
18102,241.85,14359.4226,15240.6300,0
18106,241.98,14359.4226,15240.6300,0
18109,242.10,14359.4226,15240.6300,0
18114,242.32,14359.4226,15240.6300,0
18116,242.37,14359.4226,15240.6300,0
18117,242.42,14390.8735,15240.6300,0
18133,242.98,14390.8735,15240.6300,0
18134,242.98,14390.8735,15240.6300,0
18138,243.11,14390.8735,15240.6300,0
18139,243.13,14390.8735,15240.6300,0
18145,243.27,14390.8735,15240.6300,0
18147,243.33,14390.8735,15240.6300,0
18148,243.37,14390.8735,15240.6300,0
18150,243.44,14390.8735,15240.6300,0
18158,243.64,14390.8735,15240.6300,0
18159,243.66,14390.9854,15240.6300,0
18160,243.68,14390.9854,15240.6300,0
18163,243.72,14390.9854,15240.6300,0
18167,243.88,14630.8781,15240.6300,0
18176,244.26,14630.8781,15240.6300,0
18181,244.33,14755.0106,15240.6300,0
18182,244.34,14755.0106,15240.6300,0
18183,244.38,14755.0106,15240.6300,0
18187,244.58,14755.0106,15240.6300,0
18188,244.58,14755.0106,15240.6300,0
18191,244.67,14758.6124,15240.6300,0
18194,244.78,14758.6124,15240.6300,0
18197,244.90,14759.4700,15240.6300,0
18199,244.95,14759.4700,15240.6300,0
18206,245.21,14759.4700,15240.6300,0
18210,245.32,14759.4700,15240.6300,0
18211,245.36,14759.4700,15240.6300,0
18212,245.38,14759.4700,15240.6300,0
18218,245.62,14837.4829,15240.6300,0
18233,246.26,14837.4829,15240.6300,0
18235,246.28,14837.4829,15240.6300,0
18236,246.30,14964.8204,15240.6300,0
18237,246.33,14964.8204,15240.6300,0
18245,246.54,14965.3346,15240.6300,0
18246,246.60,14965.3346,15240.6300,0
18252,246.79,14965.3346,15240.6300,0
18254,246.87,14965.3346,15240.6300,0
18255,246.94,14991.3062,15240.6300,0
18262,247.25,15001.6213,15240.6300,0
18265,247.42,15001.6213,15240.6300,0
18271,247.68,15001.6213,15240.6300,0
18272,247.70,15001.6213,15240.6300,0
18276,247.84,15001.6213,15240.6300,0
18295,248.22,15001.6213,15240.6300,0
18297,248.26,15001.6213,15240.6300,0
18298,248.28,15003.1636,15240.6300,0
18313,248.70,15003.1636,15240.6300,0
18317,248.74,15003.1636,15240.6300,0
18342,249.13,15003.1636,15240.6300,0
18345,249.18,15003.1636,15240.6300,0
18355,249.31,15003.1636,15240.6300,0
18357,249.39,15003.1636,15240.6300,0
18360,249.47,15003.4422,15240.6300,0
18365,249.81,15003.4422,15240.6300,0
18377,250.26,15003.4422,15240.6300,0
18383,250.44,15003.4422,15240.6300,0
18388,250.56,15027.0870,15240.6300,0
18389,250.62,15027.0870,15240.6300,0
18404,251.04,15030.1051,15240.6300,0
18405,251.08,15030.1051,15240.6300,0
18407,251.13,15030.1051,15240.6300,0
18413,251.28,15030.1051,15240.6300,0
18415,251.38,15030.1051,15240.6300,0
18416,251.42,15030.1051,15240.6300,0
18423,251.56,15030.1051,15240.6300,0
18424,251.58,15030.1051,15240.6300,0
18433,251.76,15030.1051,15240.6300,0
18438,251.83,15030.1051,15240.6300,0
18454,252.10,15030.1051,15240.6300,0
18465,252.39,15030.1051,15240.6300,0
18466,252.39,15030.1051,15240.6300,0
18470,252.41,15030.1051,15240.6300,0
18472,252.41,15030.1051,15240.6300,0
18479,252.51,15030.1051,15240.6300,0
18480,252.52,15030.1051,15240.6300,0
18484,252.52,15030.1051,15240.6300,0
18486,252.53,15030.1051,15240.6300,0
18502,252.73,15132.4214,15240.6300,0
18507,252.97,15132.4214,15240.6300,0
18510,253.10,15155.8282,15240.6300,0
18519,253.30,15155.8282,15240.6300,0
18521,253.34,15155.8282,15240.6300,0
18523,253.39,15155.8282,15240.6300,0
18538,253.75,15155.8282,15240.6300,0
18540,253.76,15155.8282,15240.6300,0
18549,254.02,15155.8282,15240.6300,0
18550,254.06,15155.8282,15240.6300,0
18552,254.09,15155.8282,15240.6300,0
18560,254.29,15155.8282,15240.6300,0
18562,254.32,15155.8282,15240.6300,0
18566,254.33,15155.8282,15240.6300,0
18572,254.45,15155.8282,15240.6300,0
18576,254.52,15155.8282,15240.6300,0
18577,254.52,15155.8282,15240.6300,0
18579,254.58,15155.8282,15240.6300,0
18590,254.66,15155.8282,15240.6300,0
18592,254.77,15155.8282,15240.6300,0
18595,254.77,15155.8282,15240.6300,0
18598,254.80,15155.8282,15240.6300,0
18603,254.81,15155.8282,15240.6300,0
18606,254.86,15155.8282,15240.6300,0
18607,254.86,15155.8282,15240.6300,0
18615,255.03,15155.8442,15240.6300,0
18623,255.47,15155.8442,15240.6300,0
18630,255.76,15155.8442,15240.6300,0
18634,255.84,15155.8442,15240.6300,0
18639,256.09,15155.8442,15240.6300,0
18641,256.14,15157.2484,15240.6300,0
18656,256.69,15157.2484,15240.6300,0
18660,256.81,15157.2484,15240.6300,0
18667,256.88,15157.2484,15240.6300,0
18670,256.93,15157.2484,15240.6300,0
18675,256.95,15158.7873,15240.6300,0
18676,257.01,15158.7873,15240.6300,0
18679,257.17,15158.7873,15240.6300,0
18694,257.60,15158.7873,15240.6300,0
18700,257.76,15158.7873,15240.6300,0
18703,257.86,15158.7873,15240.6300,0
18707,258.01,15158.7873,15240.6300,0
18727,258.39,15158.7873,15240.6300,0
18731,258.45,15158.7873,15240.6300,0
18732,258.47,15158.7873,15240.6300,0
18746,258.67,15158.7873,15240.6300,0
18752,258.72,15158.7873,15240.6300,0
18765,258.83,15158.7873,15240.6300,0
18776,258.90,15158.7873,15240.6300,0
18780,258.91,15158.7873,15240.6300,0
18781,258.93,15158.7873,15240.6300,0
18787,258.98,15158.7873,15240.6300,0
18796,259.12,15158.7873,15240.6300,0
18812,259.22,15158.7873,15240.6300,0
18833,259.56,15158.7873,15240.6300,0
18842,259.61,15158.7873,15240.6300,0
18844,259.63,15158.7873,15240.6300,0
18849,259.69,15158.7873,15240.6300,0
18853,259.69,15158.7873,15240.6300,0
18858,259.72,15158.7873,15240.6300,0
18888,259.91,15158.7873,15240.6300,0
18889,259.91,15158.7873,15240.6300,0
18895,259.99,15161.8101,15240.6300,0
18900,260.19,15161.8101,15240.6300,0
18912,260.51,15161.8101,15240.6300,0
18934,260.93,15161.8101,15240.6300,0
18940,261.01,15161.8101,15240.6300,0
18953,261.20,15161.8101,15240.6300,0
18961,261.28,15161.8101,15240.6300,0
18962,261.32,15161.8101,15240.6300,0
18973,261.52,15161.8101,15240.6300,0
18978,261.58,15161.8101,15240.6300,0
18986,261.61,15161.8101,15240.6300,0
19001,261.82,15161.8101,15240.6300,0
19002,261.82,15161.8101,15240.6300,0
19003,261.82,15161.8101,15240.6300,0
19007,261.87,15161.8101,15240.6300,0
19015,261.90,15161.8101,15240.6300,0
19016,261.92,15161.8101,15240.6300,0
19017,261.94,15161.8101,15240.6300,0
19025,262.02,15161.8101,15240.6300,0
19027,262.02,15161.8101,15240.6300,0
19030,262.02,15161.8101,15240.6300,0
19039,262.24,15161.8101,15240.6300,0
19041,262.37,15161.8101,15240.6300,0
19051,262.41,15161.8101,15240.6300,0
19058,262.48,15161.8101,15240.6300,0
19059,262.48,15161.8101,15240.6300,0
19066,262.51,15161.8101,15240.6300,0
19072,262.63,15161.8101,15240.6300,0
19078,262.64,15161.8101,15240.6300,0
19086,262.70,15161.8101,15240.6300,0
19092,262.81,15161.8101,15240.6300,0
19101,262.84,15161.8101,15240.6300,0
19103,262.88,15161.8101,15240.6300,0
19105,262.88,15161.8101,15240.6300,0
19125,263.12,15161.8101,15240.6300,0
19128,263.14,15161.8101,15240.6300,0
19133,263.15,15161.8101,15240.6300,0
19134,263.15,15161.8101,15240.6300,0
19143,263.18,15161.8101,15240.6300,0
19145,263.20,15161.8101,15240.6300,0
19152,263.23,15161.8101,15240.6300,0
19164,263.34,15161.8101,15240.6300,0
19176,263.40,15161.8101,15240.6300,0
19180,263.41,15161.8101,15240.6300,0
19183,263.41,15161.8101,15240.6300,0
19186,263.51,15161.8101,15240.6300,0
19196,263.54,15161.8101,15240.6300,1
19197,263.61,13613.5557,15240.6300,0
19198,263.62,13613.5557,15240.6300,0
19199,263.64,13613.5557,15240.6300,0
19200,263.68,13613.5557,15240.6300,0
19201,263.72,13613.5557,15240.6300,0
19203,263.84,13922.9170,15240.6300,0
19208,263.97,13922.9170,15240.6300,0
19211,264.15,13960.1090,15240.6300,0
19212,264.17,13982.5743,15240.6300,0
19215,264.30,14006.8667,15240.6300,0
19216,264.32,14006.8667,15240.6300,0
19217,264.38,14025.2311,15240.6300,0
19218,264.42,14025.2311,15240.6300,0
19219,264.47,14025.2311,15240.6300,0
19220,264.49,14025.2311,15240.6300,0
19221,264.54,14025.2311,15240.6300,0
19222,264.59,14025.2311,15240.6300,0
19223,264.63,14025.2311,15240.6300,0
19224,264.65,14249.7456,15240.6300,0
19225,264.68,14249.7456,15240.6300,0
19226,264.72,14293.3088,15240.6300,0
19229,264.78,14293.3088,15240.6300,0
19230,264.80,14609.7439,15240.6300,0
19235,264.95,14609.7439,15240.6300,0
19237,265.00,14609.7439,15240.6300,0
19239,265.02,14609.7439,15240.6300,0
19250,265.43,14609.7439,15240.6300,0
19251,265.45,14609.7439,15240.6300,0
19253,265.52,14609.7439,15240.6300,0
19254,265.54,14611.0827,15240.6300,0
19258,265.71,14634.6025,15240.6300,0
19261,265.77,14636.9480,15240.6300,0
19262,265.81,14637.9021,15240.6300,0
19263,265.89,14637.9021,15240.6300,0
19270,266.22,14653.6644,15240.6300,0
19271,266.24,14653.9263,15240.6300,0
19272,266.30,14653.9263,15240.6300,0
19276,266.48,14653.9263,15240.6300,0
19277,266.58,14653.9263,15240.6300,0
19287,266.93,14653.9263,15240.6300,0
19288,267.01,14653.9263,15240.6300,0
19290,267.13,14692.2405,15240.6300,0
19291,267.17,14692.2405,15240.6300,0
19293,267.25,14692.2405,15240.6300,0
19294,267.27,14692.2405,15240.6300,0
19302,267.61,14692.2405,15240.6300,0
19304,267.64,14692.2405,15240.6300,0
19310,267.85,14692.7254,15240.6300,0
19312,267.93,14718.0417,15240.6300,0
19318,268.16,14718.0417,15240.6300,0
19319,268.18,14718.0417,15240.6300,0
19320,268.28,14718.0417,15240.6300,0
19327,268.47,14718.0417,15240.6300,0
19330,268.50,14718.0417,15240.6300,0
19331,268.55,14718.0417,15240.6300,0
19335,268.67,14718.0417,15240.6300,0
19339,268.75,14722.6087,15240.6300,0
19342,268.81,14722.6087,15240.6300,0
19344,268.83,14722.6087,15240.6300,0
19349,268.97,14722.6087,15240.6300,0
19352,269.08,14722.6087,15240.6300,0
19357,269.23,14723.4441,15240.6300,0
19362,269.49,14723.4441,15240.6300,0
19368,269.55,14723.4441,15240.6300,0
19369,269.62,14723.4441,15240.6300,0
19370,269.66,14723.4441,15240.6300,0
19371,269.71,14723.4441,15240.6300,0
19374,269.87,14723.4441,15240.6300,0
19380,269.98,14723.4441,15240.6300,0
19386,270.16,14723.4441,15240.6300,0
19387,270.25,14723.4441,15240.6300,0
19389,270.25,14723.4441,15240.6300,0
19393,270.26,14723.4441,15240.6300,0
19404,270.55,14723.4441,15240.6300,0
19406,270.65,14723.4441,15240.6300,0
19411,270.70,14723.4441,15240.6300,0
19412,270.70,14723.4441,15240.6300,0
19413,270.70,14723.4441,15240.6300,0
19414,270.70,14723.4441,15240.6300,0
19420,270.79,14723.4441,15240.6300,0
19422,270.82,14726.5319,15240.6300,0
19424,270.87,14726.5319,15240.6300,0
19426,270.93,14726.5319,15240.6300,0
19431,271.09,14726.5319,15240.6300,0
19434,271.13,14726.5319,15240.6300,0
19436,271.16,14726.5319,15240.6300,0
19438,271.33,14726.5319,15240.6300,0
19440,271.37,14726.5319,15240.6300,0
19443,271.50,14726.5319,15240.6300,0
19448,271.72,14726.5319,15240.6300,0
19451,271.87,14726.5319,15240.6300,0
19456,271.97,14726.5319,15240.6300,0
19475,272.33,14726.5319,15240.6300,0
19480,272.40,14726.5319,15240.6300,0
19487,272.41,14726.5319,15240.6300,0
19489,272.46,14726.5319,15240.6300,0
19493,272.56,14726.5319,15240.6300,0
19497,272.62,14726.5319,15240.6300,0
19500,272.69,14726.5319,15240.6300,0
19503,272.80,14726.5319,15240.6300,0
19506,272.98,14726.5319,15240.6300,0
19508,273.10,14726.5319,15240.6300,0
19512,273.12,14726.5319,15240.6300,0
19515,273.20,14726.5319,15240.6300,0
19516,273.23,14726.5319,15240.6300,0
19523,273.36,14726.5319,15240.6300,0
19528,273.46,14727.9122,15240.6300,0
19529,273.52,14727.9122,15240.6300,0
19533,273.78,14727.9122,15240.6300,0
19534,273.81,14727.9122,15240.6300,0
19538,273.93,14727.9122,15240.6300,0
19539,273.97,14727.9122,15240.6300,0
19540,273.97,14727.9122,15240.6300,0
19542,274.04,14727.9122,15240.6300,0
19546,274.15,14727.9122,15240.6300,0
19548,274.18,14727.9122,15240.6300,0
19550,274.22,14727.9122,15240.6300,0
19551,274.27,14727.9122,15240.6300,0
19552,274.28,14727.9122,15240.6300,0
19555,274.35,14727.9122,15240.6300,0
19556,274.40,14727.9122,15240.6300,0
19563,274.59,14727.9122,15240.6300,0
19569,274.65,14727.9122,15240.6300,0
19570,274.69,14727.9122,15240.6300,0
19571,274.69,14727.9122,15240.6300,0
19578,274.76,14727.9122,15240.6300,0
19582,274.78,14727.9122,15240.6300,0
19584,274.79,14727.9122,15240.6300,0
19586,274.82,14727.9122,15240.6300,0
19587,274.84,14727.9122,15240.6300,0
19593,274.88,14727.9122,15240.6300,0
19604,275.10,14727.9122,15240.6300,0
19610,275.30,14727.9122,15240.6300,0
19612,275.33,14727.9122,15240.6300,0
19619,275.34,14727.9122,15240.6300,0
19622,275.40,14727.9122,15240.6300,0
19624,275.45,14727.9122,15240.6300,0
19627,275.50,14727.9122,15240.6300,0
19629,275.59,14727.9122,15240.6300,0
19645,275.83,14750.1578,15240.6300,0
19646,275.85,14758.9816,15240.6300,0
19647,275.87,14758.9816,15240.6300,0
19649,275.93,14758.9816,15240.6300,0
19650,275.96,14782.5808,15240.6300,0
19653,276.12,14782.5808,15240.6300,0
19654,276.15,14782.5808,15240.6300,0
19656,276.24,14782.5808,15240.6300,0
19658,276.31,14792.3071,15240.6300,0
19663,276.48,14792.3071,15240.6300,0
19664,276.52,14792.3071,15240.6300,0
19665,276.54,14792.3071,15240.6300,0
19666,276.61,14792.3071,15240.6300,0
19667,276.65,14792.3071,15240.6300,0
19670,276.82,14792.3071,15240.6300,0
19673,276.84,14792.3071,15240.6300,0
19676,276.89,14792.3071,15240.6300,0
19679,277.14,14792.3071,15240.6300,0
19683,277.33,14792.3071,15240.6300,0
19684,277.35,14792.3071,15240.6300,0
19686,277.40,14792.3071,15240.6300,0
19689,277.45,14792.3071,15240.6300,0
19693,277.53,14792.3071,15240.6300,0
19703,277.99,14792.3071,15240.6300,0
19706,278.09,14792.3071,15240.6300,0
19707,278.17,14792.3071,15240.6300,0
19708,278.17,14792.3071,15240.6300,0
19713,278.26,14792.3071,15240.6300,0
19714,278.28,14792.3071,15240.6300,0
19716,278.34,14792.3071,15240.6300,0
19719,278.41,14792.3071,15240.6300,0
19720,278.41,14792.3071,15240.6300,0
19721,278.46,14792.3071,15240.6300,0
19727,278.63,14792.3071,15240.6300,0
19729,278.72,14792.3071,15240.6300,0
19730,278.72,14792.3071,15240.6300,0
19731,278.72,14792.3071,15240.6300,0
19732,278.77,14792.3071,15240.6300,0
19734,278.86,14792.4965,15240.6300,0
19737,278.99,14792.4965,15240.6300,0
19739,279.04,14792.4965,15240.6300,0
19742,279.28,14792.4965,15240.6300,0
19743,279.34,14793.2618,15240.6300,0
19751,279.60,14793.2618,15240.6300,0
19753,279.78,14793.2618,15240.6300,0
19754,279.86,14793.2618,15240.6300,0
19755,279.89,14793.2618,15240.6300,0
19756,279.91,14793.2618,15240.6300,0
19760,280.09,14793.2618,15240.6300,0
19761,280.14,14793.2618,15240.6300,0
19762,280.17,14793.4176,15240.6300,0
19763,280.22,14843.4180,15240.6300,0
19767,280.46,14843.4180,15240.6300,0
19770,280.62,14843.4180,15240.6300,0
19772,280.68,14843.4180,15240.6300,0
19775,280.77,14918.9788,15240.6300,0
19781,281.11,14918.9788,15240.6300,0
19786,281.31,14918.9788,15240.6300,0
19792,281.52,14918.9788,15240.6300,0
19794,281.55,14918.9788,15240.6300,0
19804,281.90,14918.9788,15240.6300,0
19807,281.98,14918.9788,15240.6300,0
19812,282.05,14918.9788,15240.6300,0
19816,282.08,14918.9788,15240.6300,0
19818,282.10,14918.9788,15240.6300,0
19819,282.10,14918.9788,15240.6300,0
19821,282.19,14918.9788,15240.6300,0
19827,282.26,14918.9788,15240.6300,0
19840,282.60,14918.9788,15240.6300,0
19845,282.70,14918.9788,15240.6300,0
19851,282.82,14918.9788,15240.6300,0
19852,282.84,14928.1519,15240.6300,0
19854,282.93,14928.1519,15240.6300,0
19855,282.95,14928.1519,15240.6300,0
19856,282.97,14928.1519,15240.6300,0
19858,283.04,14928.1519,15240.6300,0
19863,283.25,14928.1519,15240.6300,0
19865,283.32,14928.1519,15240.6300,0
19872,283.50,14973.5663,15240.6300,0
19873,283.52,14973.5663,15240.6300,0
19875,283.55,14973.5663,15240.6300,0
19877,283.65,14973.5663,15240.6300,0
19882,283.84,14973.5663,15240.6300,0
19888,284.06,14973.5663,15240.6300,0
19894,284.24,14973.5663,15240.6300,0
19895,284.26,14973.5663,15240.6300,0
19897,284.31,14973.5663,15240.6300,0
19900,284.49,14973.5663,15240.6300,0
19902,284.49,14973.5663,15240.6300,0
19906,284.62,14973.5663,15240.6300,0
19907,284.64,14973.5663,15240.6300,0
19909,284.68,14973.5663,15240.6300,0
19912,284.75,14973.5663,15240.6300,0
19914,284.75,14973.5663,15240.6300,0
19918,284.78,14973.5663,15240.6300,0
19925,285.07,14973.5663,15240.6300,0
19931,285.17,14973.5663,15240.6300,0
19932,285.17,14973.5663,15240.6300,0
19936,285.25,14973.5663,15240.6300,0
19942,285.26,14973.5663,15240.6300,0
19948,285.47,14973.5663,15240.6300,0
19954,285.51,14973.5663,15240.6300,0
19963,285.61,14973.5663,15240.6300,0
19964,285.63,14987.8841,15240.6300,0
19965,285.63,14987.8841,15240.6300,0
19966,285.65,14987.8841,15240.6300,0
19972,285.88,14987.8841,15240.6300,0
19974,285.99,14987.8841,15240.6300,0
19975,286.02,14987.8841,15240.6300,0
19977,286.04,15120.1853,15240.6300,0
19987,286.36,15148.4309,15240.6300,0
19990,286.46,15148.4309,15240.6300,0
19993,286.55,15148.4309,15240.6300,0
19999,286.76,15148.4309,15240.6300,0
20003,286.87,15148.4309,15240.6300,0
20007,287.00,15148.4309,15240.6300,0
20012,287.07,15148.4309,15240.6300,0
20013,287.12,15148.4309,15240.6300,0
20022,287.37,15148.4309,15240.6300,0
20023,287.42,15148.4309,15240.6300,0
20033,287.70,15148.4309,15240.6300,0
20045,287.93,15148.4309,15240.6300,0
20047,287.98,15148.4309,15240.6300,0
20051,288.12,15148.4309,15240.6300,0
20052,288.21,15148.4309,15240.6300,0
20053,288.21,15148.4309,15240.6300,0
20058,288.36,15148.4309,15240.6300,0
20059,288.37,15148.4309,15240.6300,0
20060,288.40,15148.4309,15240.6300,0
20061,288.45,15148.4309,15240.6300,0
20068,288.55,15148.4309,15240.6300,0
20070,288.68,15148.4309,15240.6300,0
20076,288.78,15148.4309,15240.6300,0
20080,288.79,15148.4309,15240.6300,0
20081,288.79,15148.4309,15240.6300,0
20084,288.93,15148.4309,15240.6300,0
20096,289.20,15148.4309,15240.6300,0
20098,289.24,15148.4309,15240.6300,0
20101,289.26,15148.4309,15240.6300,0
20102,289.26,15148.4309,15240.6300,0
20103,289.32,15148.4309,15240.6300,0
20108,289.36,15148.4309,15240.6300,0
20134,289.69,15148.4309,15240.6300,0
20135,289.69,15148.4309,15240.6300,0
20150,289.80,15148.4309,15240.6300,0
20152,289.80,15148.4309,15240.6300,0
20155,289.88,15148.4309,15240.6300,0
20159,289.94,15148.4309,15240.6300,0
20166,289.94,15148.4309,15240.6300,0
20175,290.00,15148.4309,15240.6300,0
20182,290.02,15148.4309,15240.6300,0
20183,290.02,15148.4309,15240.6300,0
20200,290.12,15148.4309,15240.6300,0
20215,290.40,15156.0450,15240.6300,0
20217,290.50,15156.0450,15240.6300,0
20218,290.53,15156.0450,15240.6300,0
20220,290.62,15156.0450,15240.6300,0
20221,290.69,15156.0450,15240.6300,0
20222,290.78,15156.0450,15240.6300,0
20223,290.81,15227.5534,15240.6300,0
20230,291.18,15227.5534,15240.6300,0
20233,291.32,15227.5534,15240.6300,0
20234,291.38,15227.5534,15240.6300,0
20236,291.45,15227.5534,15240.6300,0
20244,291.64,15227.5534,15240.6300,0
20246,291.70,15227.5534,15240.6300,0
20249,291.74,15227.5534,15240.6300,0
20255,291.92,15227.5534,15240.6300,0
20262,292.11,15227.5534,15240.6300,0
20277,292.45,15227.5534,15240.6300,0
20280,292.51,15227.5534,15240.6300,0
20286,292.79,15227.5534,15240.6300,0
20288,292.80,15227.5534,15240.6300,0
20290,292.80,15227.5534,15240.6300,0
20291,292.80,15227.5534,15240.6300,0
20292,292.80,15227.5534,15240.6300,0
20299,293.01,15227.5534,15240.6300,0
20300,293.01,15227.5534,15240.6300,0
20301,293.03,15227.5534,15240.6300,0
20302,293.04,15227.5534,15240.6300,0
20305,293.10,15227.5534,15240.6300,0
20308,293.17,15227.5534,15240.6300,0
20309,293.17,15227.5534,15240.6300,0
20314,293.21,15227.5534,15240.6300,0
20316,293.21,15227.5534,15240.6300,0
20318,293.29,15227.5534,15240.6300,0
20324,293.30,15227.5534,15240.6300,0
20325,293.34,15227.5534,15240.6300,0
20331,293.40,15227.5534,15240.6300,0
20334,293.41,15227.5534,15240.6300,0
20337,293.45,15227.5534,15240.6300,0
20343,293.60,15227.5534,15240.6300,0
20346,293.61,15227.5534,15240.6300,0
20349,293.63,15227.5534,15240.6300,0
20350,293.63,15227.5534,15240.6300,0
20355,293.64,15227.5534,15240.6300,0
20365,293.70,15227.5534,15240.6300,0
20366,293.70,15227.5534,15240.6300,0
20367,293.72,15227.5534,15240.6300,0
20369,293.80,15227.5534,15240.6300,0
20372,293.84,15227.5534,15240.6300,0
20375,293.87,15227.5534,15240.6300,0
20379,293.98,15227.5534,15240.6300,0
20381,294.02,15227.5534,15240.6300,0
20384,294.06,15227.5534,15240.6300,0
20388,294.12,15227.5534,15240.6300,0
20395,294.18,15227.5534,15240.6300,0
20402,294.31,15227.5534,15240.6300,0
20419,294.44,15227.5534,15240.6300,0
20421,294.45,15227.5534,15240.6300,0
20422,294.45,15227.5534,15240.6300,0
20426,294.48,15227.5534,15240.6300,0
20433,294.54,15227.5534,15240.6300,0
20441,294.57,15227.5534,15240.6300,0
20442,294.59,15227.7212,15240.6300,0
20451,294.97,15227.7212,15240.6300,0
20455,295.08,15227.7212,15240.6300,0
20459,295.22,15227.7212,15240.6300,0
20461,295.34,15227.7212,15240.6300,0
20465,295.43,15227.7212,15240.6300,0
20467,295.55,15227.7212,15240.6300,0
20470,295.68,15227.7212,15240.6300,0
20473,295.68,15227.7212,15240.6300,0
20490,296.07,15227.7212,15240.6300,0
20492,296.14,15227.7212,15240.6300,0
20497,296.35,15227.7212,15240.6300,0
20500,296.40,15227.7212,15240.6300,0
20508,296.46,15227.7212,15240.6300,0
20510,296.54,15227.7212,15240.6300,0
20512,296.59,15227.7212,15240.6300,0
20515,296.74,15227.7212,15240.6300,0
20518,296.80,15227.7212,15240.6300,0
20519,296.80,15227.7212,15240.6300,0
20532,296.96,15227.7212,15240.6300,0
20535,296.96,15227.7212,15240.6300,0
20539,296.98,15227.7212,15240.6300,0
20541,297.03,15227.7212,15240.6300,0
20550,297.09,15227.7212,15240.6300,0
20554,297.18,15227.7212,15240.6300,0
20556,297.21,15227.7212,15240.6300,0
20565,297.39,15227.7212,15240.6300,0
20569,297.42,15227.7212,15240.6300,0
20575,297.63,15227.7212,15240.6300,0
20578,297.65,15227.7212,15240.6300,0
20582,297.70,15227.7212,15240.6300,0
20583,297.75,15227.7212,15240.6300,0
20590,297.85,15227.7212,15240.6300,0
20593,297.85,15227.7212,15240.6300,0
20597,297.89,15227.7212,15240.6300,0
20600,297.89,15227.7212,15240.6300,0
20602,297.89,15227.7212,15240.6300,0
20604,297.89,15227.7212,15240.6300,0
20605,297.98,15227.7212,15240.6300,0
20606,298.00,15227.7212,15240.6300,0
20607,298.00,15227.7212,15240.6300,0
20608,298.05,15227.7212,15240.6300,0
20614,298.14,15227.7212,15240.6300,0
20616,298.15,15227.7212,15240.6300,0
20618,298.15,15227.7212,15240.6300,0
20619,298.18,15228.7143,15240.6300,0
20626,298.41,15228.7143,15240.6300,0
20629,298.47,15228.7143,15240.6300,0
20633,298.55,15228.7143,15240.6300,0
20636,298.61,15228.7143,15240.6300,0
20637,298.62,15228.7143,15240.6300,0
20638,298.64,15228.7143,15240.6300,0
20640,298.70,15228.7143,15240.6300,0
20647,298.87,15228.7143,15240.6300,0
20650,299.09,15228.7143,15240.6300,0
20658,299.21,15228.7143,15240.6300,0
20660,299.29,15228.7143,15240.6300,0
20662,299.34,15228.7143,15240.6300,0
20672,299.41,15228.7143,15240.6300,0
20673,299.43,15228.7143,15240.6300,0
20676,299.51,15228.7143,15240.6300,0
20679,299.54,15228.7143,15240.6300,0
20684,299.59,15228.7143,15240.6300,0
20691,299.72,15228.7143,15240.6300,0
20692,299.75,15228.7143,15240.6300,0
20700,299.86,15228.7143,15240.6300,0
20708,299.93,15228.7143,15240.6300,0
20715,300.04,15228.7143,15240.6300,0
20716,300.04,15228.7143,15240.6300,0
20718,300.04,15228.7143,15240.6300,0
20719,300.10,15228.7143,15240.6300,0
20726,300.20,15228.7143,15240.6300,0
20730,300.32,15228.7143,15240.6300,0
20732,300.36,15228.7143,15240.6300,0
20741,300.52,15228.7143,15240.6300,0
20747,300.64,15228.7143,15240.6300,0
20748,300.64,15228.7143,15240.6300,0
20752,300.71,15228.7143,15240.6300,0
20755,300.72,15228.7143,15240.6300,0
20758,300.72,15228.7143,15240.6300,0
20763,300.75,15228.7143,15240.6300,0
20773,300.80,15228.7143,15240.6300,0
20776,300.81,15228.7143,15240.6300,0
20778,300.81,15228.7143,15240.6300,0
20784,300.90,15228.7143,15240.6300,0
20787,300.90,15228.7143,15240.6300,0
20789,300.94,15228.7143,15240.6300,0
20792,300.94,15228.7143,15240.6300,0
20799,300.97,15228.7143,15240.6300,0
20811,301.01,15228.7143,15240.6300,0
20812,301.01,15228.7143,15240.6300,0
20813,301.02,15228.7143,15240.6300,0
20815,301.02,15228.7143,15240.6300,0
20816,301.02,15228.7143,15240.6300,0
20817,301.02,15228.7143,15240.6300,0
20820,301.02,15228.7143,15240.6300,0
20824,301.07,15228.7143,15240.6300,0
20826,301.10,15228.7143,15240.6300,0
20827,301.10,15228.7143,15240.6300,0
20831,301.11,15228.7143,15240.6300,0
20833,301.11,15228.7143,15240.6300,0
20838,301.12,15228.7143,15240.6300,0
20848,301.25,15228.7143,15240.6300,0
20849,301.25,15228.7143,15240.6300,0
20852,301.25,15228.7143,15240.6300,0
20853,301.25,15228.7143,15240.6300,0
20857,301.26,15228.7143,15240.6300,0
20858,301.26,15228.7143,15240.6300,0
20859,301.26,15228.7143,15240.6300,0
20869,301.34,15228.7143,15240.6300,0
20871,301.34,15228.7143,15240.6300,0
20872,301.37,15228.7143,15240.6300,0
20873,301.37,15228.7143,15240.6300,0
20877,301.39,15228.7143,15240.6300,0
20886,301.41,15228.7143,15240.6300,0
20891,301.42,15228.7143,15240.6300,0
20893,301.45,15228.7143,15240.6300,0
20894,301.45,15228.7143,15240.6300,0
20897,301.48,15228.7143,15240.6300,0
20901,301.55,15228.7143,15240.6300,0
20902,301.55,15228.7143,15240.6300,0
20903,301.56,15228.7143,15240.6300,0
20904,301.61,15228.7143,15240.6300,0
20908,301.62,15228.7143,15240.6300,0
20909,301.62,15228.7143,15240.6300,0
20912,301.63,15228.7143,15240.6300,0
20916,301.64,15228.7143,15240.6300,0
20917,301.67,15231.0203,15240.6300,0
20919,301.74,15231.0203,15240.6300,0
20927,301.97,15231.0203,15240.6300,0
20928,301.97,15231.0203,15240.6300,0
20933,302.07,15231.0203,15240.6300,0
20934,302.14,15231.0203,15240.6300,0
20940,302.38,15231.0203,15240.6300,0
20942,302.48,15231.0203,15240.6300,0
20943,302.48,15231.0203,15240.6300,0
20945,302.51,15231.0203,15240.6300,0
20947,302.55,15231.0203,15240.6300,0
20965,303.03,15231.0203,15240.6300,0
20968,303.07,15231.0203,15240.6300,0
20972,303.16,15231.0203,15240.6300,0
20975,303.25,15231.0203,15240.6300,0
20986,303.42,15231.0203,15240.6300,0
20991,303.48,15231.0203,15240.6300,0
20993,303.55,15231.0203,15240.6300,0
20994,303.55,15231.0203,15240.6300,0
20996,303.63,15231.0203,15240.6300,0
20999,303.64,15231.0203,15240.6300,0
21014,303.83,15231.0203,15240.6300,0
21022,304.03,15231.0203,15240.6300,0
21027,304.15,15231.0203,15240.6300,0
21031,304.16,15231.0203,15240.6300,0
21032,304.16,15231.0203,15240.6300,0
21040,304.29,15231.0203,15240.6300,0
21048,304.30,15231.0203,15240.6300,0
21054,304.46,15231.0203,15240.6300,0
21058,304.55,15231.0203,15240.6300,0
21068,304.69,15231.0203,15240.6300,0
21078,304.78,15231.0203,15240.6300,0
21079,304.78,15231.0203,15240.6300,0
21083,304.79,15231.0203,15240.6300,0
21089,304.84,15231.0203,15240.6300,0
21091,304.88,15231.0203,15240.6300,0
21101,304.97,15231.0203,15240.6300,0
21104,305.04,15231.0203,15240.6300,0
21109,305.07,15231.0203,15240.6300,0
21113,305.14,15231.0203,15240.6300,0
21123,305.17,15231.0203,15240.6300,0
21125,305.18,15231.0203,15240.6300,0
21130,305.22,15231.0203,15240.6300,0
21132,305.27,15231.0203,15240.6300,0
21136,305.41,15231.0203,15240.6300,0
21153,305.54,15231.0203,15240.6300,0
21166,305.62,15231.0203,15240.6300,0
21167,305.62,15231.0203,15240.6300,0
21175,305.63,15231.0203,15240.6300,0
21178,305.64,15231.0203,15240.6300,0
21187,305.73,15231.0203,15240.6300,0
21190,305.74,15231.0203,15240.6300,0
21203,305.78,15231.0203,15240.6300,0
21218,305.82,15231.0203,15240.6300,1
21219,305.85,13945.7345,15240.6300,0
21220,305.87,13945.7345,15240.6300,0
21221,305.89,14200.9882,15240.6300,0
21224,305.99,14200.9882,15240.6300,0
21225,306.02,14200.9882,15240.6300,0
21226,306.08,14463.7613,15240.6300,0
21232,306.22,14463.7613,15240.6300,0
21233,306.26,14463.7613,15240.6300,0
21235,306.35,14463.7613,15240.6300,0
21236,306.37,14463.7613,15240.6300,0
21237,306.39,14463.7613,15240.6300,0
21238,306.41,14463.7613,15240.6300,0
21239,306.41,14463.7613,15240.6300,0
21240,306.41,14463.7613,15240.6300,0
21241,306.44,14500.1336,15240.6300,0
21246,306.67,14500.1336,15240.6300,0
21247,306.74,14500.1336,15240.6300,0
21248,306.76,14500.1336,15240.6300,0
21250,306.83,14500.1336,15240.6300,0
21254,306.94,14500.1336,15240.6300,0
21261,307.26,14500.1336,15240.6300,0
21262,307.26,14500.1336,15240.6300,0
21271,307.51,14500.1336,15240.6300,0
21273,307.59,14500.1336,15240.6300,0
21274,307.59,14500.1336,15240.6300,0
21275,307.61,14500.1336,15240.6300,0
21276,307.63,14500.1336,15240.6300,0
21277,307.67,14500.1336,15240.6300,0
21281,307.81,14514.6730,15240.6300,0
21282,307.85,14547.9828,15240.6300,0
21285,308.01,14547.9828,15240.6300,0
21288,308.10,14547.9828,15240.6300,0
21307,308.68,14547.9828,15240.6300,0
21320,308.95,14547.9828,15240.6300,0
21322,309.02,14622.0632,15240.6300,0
21324,309.08,14622.0632,15240.6300,0
21329,309.32,14622.0632,15240.6300,0
21330,309.38,14622.0632,15240.6300,0
21338,309.66,14622.0632,15240.6300,0
21342,309.76,14622.0632,15240.6300,0
21344,309.81,14622.0632,15240.6300,0
21345,309.85,14641.6312,15240.6300,0
21346,309.90,14716.3012,15240.6300,0
21347,309.97,14716.3012,15240.6300,0
21350,310.08,14716.3012,15240.6300,0
21352,310.11,14716.3012,15240.6300,0
21356,310.18,14716.3012,15240.6300,0
21357,310.20,14716.3012,15240.6300,0
21358,310.22,14716.3012,15240.6300,0
21359,310.25,14729.2403,15240.6300,0
21360,310.27,14729.2403,15240.6300,0
21375,310.77,14729.2403,15240.6300,0
21378,310.89,14729.2403,15240.6300,0
21384,310.95,14729.2403,15240.6300,0
21393,311.16,14729.2403,15240.6300,0
21416,311.53,14729.2403,15240.6300,0
21423,311.62,14729.2403,15240.6300,0
21426,311.68,14729.2403,15240.6300,0
21440,311.87,14729.2403,15240.6300,0
21444,312.02,14729.2403,15240.6300,0
21449,312.19,14729.2403,15240.6300,0
21488,312.60,14729.2403,15240.6300,0
21514,312.74,14729.2403,15240.6300,0
21532,312.86,14729.2403,15240.6300,0
21537,312.91,14729.2403,15240.6300,0
21548,312.96,14729.2403,15240.6300,0
21569,313.08,14729.2403,15240.6300,0
21582,313.11,14729.2403,15240.6300,0
21583,313.15,14729.2403,15240.6300,0
21608,313.29,14729.2403,15240.6300,0
21615,313.33,14729.2403,15240.6300,0
21630,313.39,14729.2403,15240.6300,0
21642,313.40,14729.2403,15240.6300,0
21654,313.42,14729.2403,15240.6300,0
21656,313.42,14729.2403,15240.6300,0
21660,313.43,14729.2403,15240.6300,1
21661,313.47,12823.7983,15240.6300,0
21662,313.49,12823.7983,15240.6300,0
21663,313.51,12823.7983,15240.6300,0
21664,313.52,12897.9661,15240.6300,0
21665,313.54,12897.9661,15240.6300,0
21666,313.55,12897.9661,15240.6300,0
21667,313.57,12897.9661,15240.6300,0
21668,313.58,13096.9517,15240.6300,0
21669,313.60,13096.9517,15240.6300,0
21670,313.61,13096.9517,15240.6300,0
21671,313.63,13300.2943,15240.6300,0
21672,313.64,13313.3639,15240.6300,0
21673,313.66,13315.3501,15240.6300,0
21674,313.67,13315.3501,15240.6300,0
21675,313.69,13538.8177,15240.6300,0
21676,313.70,13538.8177,15240.6300,0
21677,313.71,13538.8177,15240.6300,0
21678,313.73,13538.8177,15240.6300,0
21679,313.74,13538.8177,15240.6300,0
21680,313.75,13538.8177,15240.6300,0
21681,313.76,13538.8177,15240.6300,0
21682,313.78,13538.8177,15240.6300,0
21683,313.79,13538.8177,15240.6300,0
21684,313.81,13538.8177,15240.6300,0
21685,313.86,13538.8177,15240.6300,0
21686,313.87,13538.8177,15240.6300,0
21687,313.89,13573.0409,15240.6300,0
21688,313.91,13573.0409,15240.6300,0
21689,313.92,13629.8441,15240.6300,0
21690,313.94,13629.8441,15240.6300,0
21691,313.96,13651.7036,15240.6300,0
21692,313.97,13651.7036,15240.6300,0
21693,313.99,13651.7036,15240.6300,0
21694,314.01,13670.9017,15240.6300,0
21696,314.05,13694.8804,15240.6300,0
21697,314.06,13694.8804,15240.6300,0
21699,314.08,13694.8804,15240.6300,0
21700,314.10,13694.8804,15240.6300,0
21701,314.12,13705.2176,15240.6300,0
21702,314.14,13793.4326,15240.6300,0
21703,314.15,13793.4326,15240.6300,0
21705,314.23,13969.0718,15240.6300,0
21706,314.25,13969.0718,15240.6300,0
21711,314.40,13979.1230,15240.6300,0
21714,314.42,13979.1230,15240.6300,0
21715,314.45,14292.5226,15240.6300,0
21720,314.65,14292.5226,15240.6300,0
21722,314.74,14292.5226,15240.6300,0
21725,314.77,14292.5226,15240.6300,0
21726,314.79,14292.5226,15240.6300,0
21731,314.93,14292.5226,15240.6300,0
21732,314.94,14292.5226,15240.6300,0
21734,315.00,14474.0370,15240.6300,0
21740,315.14,14474.0370,15240.6300,0
21741,315.18,14474.0370,15240.6300,0
21745,315.29,14474.0370,15240.6300,0
21754,315.49,14474.0370,15240.6300,0
21757,315.56,14474.0370,15240.6300,0
21758,315.59,14474.0370,15240.6300,0
21760,315.69,14474.0370,15240.6300,0
21765,315.78,14481.2348,15240.6300,0
21769,315.95,14481.2672,15240.6300,0
21770,315.97,14481.2672,15240.6300,0
21772,316.01,14481.2672,15240.6300,0
21775,316.09,14481.2672,15240.6300,0
21776,316.09,14481.2672,15240.6300,0
21778,316.15,14481.2672,15240.6300,0
21780,316.22,14481.2672,15240.6300,0
21789,316.45,14481.2672,15240.6300,0
21790,316.47,14481.2672,15240.6300,0
21791,316.47,14481.2672,15240.6300,0
21794,316.57,14481.2672,15240.6300,0
21800,316.72,14534.6703,15240.6300,0
21806,316.82,14536.1080,15240.6300,0
21807,316.84,14557.1018,15240.6300,0
21808,316.86,14557.1438,15240.6300,0
21810,316.97,14557.1438,15240.6300,0
21811,317.00,14557.1438,15240.6300,0
21816,317.10,14557.1438,15240.6300,0
21817,317.13,14770.5828,15240.6300,0
21824,317.23,14770.5828,15240.6300,0
21828,317.36,14770.5828,15240.6300,0
21831,317.41,14770.5828,15240.6300,0
21840,317.55,14770.5828,15240.6300,0
21849,317.79,14797.3226,15240.6300,0
21850,317.81,14797.3226,15240.6300,0
21851,317.84,14797.3226,15240.6300,0
21853,317.87,14912.9615,15240.6300,0
21854,317.90,14912.9615,15240.6300,0
21856,317.96,15156.6475,15240.6300,0
21858,317.99,15156.6475,15240.6300,0
21860,318.05,15156.6475,15240.6300,0
21866,318.24,15156.6475,15240.6300,0
21869,318.37,15156.6475,15240.6300,0
21871,318.44,15156.6475,15240.6300,0
21885,318.72,15156.6475,15240.6300,0
21890,318.91,15156.6475,15240.6300,0
21894,318.95,15156.6475,15240.6300,0
21912,319.16,15156.6475,15240.6300,0
21925,319.30,15156.6475,15240.6300,0
21931,319.43,15156.6475,15240.6300,0
21932,319.43,15156.6475,15240.6300,0
21933,319.43,15156.6475,15240.6300,0
21936,319.43,15156.6475,15240.6300,0
21948,319.57,15156.6475,15240.6300,0
21953,319.61,15156.6475,15240.6300,0
21959,319.62,15156.6475,15240.6300,0
21963,319.70,15156.6475,15240.6300,0
21974,319.73,15156.6475,15240.6300,0
21978,319.77,15156.6475,15240.6300,0
21984,319.82,15156.6475,15240.6300,0
21991,319.96,15156.6475,15240.6300,0
22021,320.12,15156.6475,15240.6300,0
22025,320.13,15156.6475,15240.6300,0
22026,320.13,15156.6475,15240.6300,0
22030,320.15,15156.6475,15240.6300,0
22036,320.17,15156.6475,15240.6300,0
22038,320.17,15156.6475,15240.6300,0
22042,320.21,15156.6475,15240.6300,0
22061,320.28,15156.6475,15240.6300,0
22063,320.29,15156.6475,15240.6300,0
22066,320.29,15156.6475,15240.6300,0
22068,320.29,15156.6475,15240.6300,0
22081,320.38,15156.6475,15240.6300,0
22089,320.39,15156.6475,15240.6300,0
22091,320.40,15156.6475,15240.6300,0
22105,320.42,15156.6475,15240.6300,0
22111,320.42,15156.6475,15240.6300,0
22113,320.45,15156.6475,15240.6300,0
22127,320.51,15156.6475,15240.6300,0
22135,320.54,15160.6606,15240.6300,0
22152,320.84,15160.6606,15240.6300,0
22153,320.87,15160.6606,15240.6300,0
22154,320.89,15160.6606,15240.6300,0
22165,321.13,15160.6606,15240.6300,0
22170,321.26,15339.1677,15339.1677,0
22171,321.29,15339.1677,15339.1677,0
22174,321.39,15352.6190,15352.6190,0
22175,321.45,15352.6190,15352.6190,0
22176,321.47,15352.6190,15352.6190,0
22178,321.53,15415.8196,15415.8196,0
22183,321.70,15481.5434,15481.5434,0
22185,321.78,15481.5434,15481.5434,0
22189,321.95,15481.5434,15481.5434,0
22193,322.08,15481.5434,15481.5434,0
22199,322.20,15481.5434,15481.5434,0
22200,322.20,15481.5434,15481.5434,0
22202,322.25,15618.2378,15618.2378,0
22203,322.30,15618.2378,15618.2378,0
22207,322.42,15618.2378,15618.2378,0
22222,322.90,15618.2378,15618.2378,0
22224,322.95,15618.2378,15618.2378,0
22227,323.06,15618.2378,15618.2378,0
22230,323.06,15618.2378,15618.2378,0
22241,323.29,15618.2378,15618.2378,0
22243,323.31,15618.2378,15618.2378,0
22255,323.41,15618.2378,15618.2378,0
22256,323.46,15618.2378,15618.2378,0
22260,323.52,15618.2378,15618.2378,0
22262,323.55,15618.2378,15618.2378,0
22280,323.62,15618.2378,15618.2378,0
22286,323.67,15618.2378,15618.2378,0
22287,323.67,15618.2378,15618.2378,0
22292,323.76,15618.2378,15618.2378,0
22296,323.76,15618.2378,15618.2378,0
22310,323.78,15618.2378,15618.2378,0
22312,323.79,15618.2378,15618.2378,0
22313,323.79,15618.2378,15618.2378,0
22314,323.79,15618.2378,15618.2378,0
22335,323.93,15618.2378,15618.2378,0
22337,323.93,15618.2378,15618.2378,0
22339,324.00,15618.2378,15618.2378,0
22340,324.00,15618.2378,15618.2378,0
22342,324.00,15618.2378,15618.2378,0
22345,324.03,15618.2378,15618.2378,0
22355,324.08,15618.2378,15618.2378,0
22362,324.14,15618.2378,15618.2378,0
22364,324.18,15618.2378,15618.2378,0
22365,324.18,15618.2378,15618.2378,0
22369,324.25,15618.2378,15618.2378,0
22371,324.26,15618.2378,15618.2378,0
22380,324.31,15618.2378,15618.2378,0
22382,324.32,15618.2378,15618.2378,0
22386,324.34,15618.2378,15618.2378,0
22395,324.39,15618.2378,15618.2378,0
22402,324.40,15618.2378,15618.2378,0
22403,324.41,15618.2378,15618.2378,0
22409,324.42,15618.2378,15618.2378,0
22410,324.42,15618.2378,15618.2378,0
22417,324.43,15618.2378,15618.2378,0
22418,324.43,15618.2378,15618.2378,0
22429,324.46,15618.2378,15618.2378,0
22434,324.47,15618.2378,15618.2378,0
22438,324.47,15618.2378,15618.2378,0
22442,324.48,15618.2378,15618.2378,0
22444,324.51,15618.2378,15618.2378,0
22446,324.51,15618.2378,15618.2378,0
22458,324.54,15618.2378,15618.2378,0
22465,324.55,15618.2378,15618.2378,0
22471,324.66,15618.2378,15618.2378,0
22479,324.70,15618.2378,15618.2378,0
22483,324.71,15618.2378,15618.2378,0
22498,324.86,15618.2378,15618.2378,0
22503,324.86,15618.2378,15618.2378,1
22507,325.02,15609.9503,15618.2378,0
22508,325.06,15609.9503,15618.2378,0
22515,325.25,15609.9503,15618.2378,0
22518,325.37,15609.9503,15618.2378,0
22521,325.43,15609.9503,15618.2378,0
22522,325.45,15609.9503,15618.2378,0
22525,325.58,15609.9503,15618.2378,0
22526,325.58,15609.9503,15618.2378,0
22535,325.78,15609.9503,15618.2378,0
22543,325.85,15609.9503,15618.2378,0
22548,325.89,15609.9503,15618.2378,0
22551,326.03,15609.9503,15618.2378,0
22557,326.10,15618.2378,15618.2378,0
22565,326.11,15618.2378,15618.2378,0
22569,326.12,15618.2378,15618.2378,0
22570,326.12,15618.2378,15618.2378,0
22575,326.13,15618.2378,15618.2378,0
22580,326.14,15618.2378,15618.2378,0
22581,326.14,15618.2378,15618.2378,0
22588,326.17,15618.2378,15618.2378,0
22590,326.17,15618.2378,15618.2378,0
22606,326.25,15618.2378,15618.2378,0
22607,326.26,15618.2378,15618.2378,0
22616,326.29,15618.2378,15618.2378,0
22624,326.32,15618.2378,15618.2378,0
22625,326.32,15618.2378,15618.2378,0
22630,326.36,15618.2378,15618.2378,0
22636,326.36,15618.2378,15618.2378,0
22642,326.38,15618.2378,15618.2378,0
22646,326.38,15618.2378,15618.2378,0
22647,326.38,15618.2378,15618.2378,0
22649,326.39,15618.2378,15618.2378,0
22657,326.39,15618.2378,15618.2378,0
22667,326.43,15618.2378,15618.2378,0
22672,326.50,15618.2378,15618.2378,0
22677,326.58,15618.2378,15618.2378,0
22684,326.59,15618.2378,15618.2378,0
22689,326.60,15618.2378,15618.2378,0
22692,326.62,15618.2378,15618.2378,0
22697,326.63,15618.2378,15618.2378,0
22702,326.65,15618.2378,15618.2378,0
22704,326.66,15618.2378,15618.2378,0
22706,326.66,15618.2378,15618.2378,0
22707,326.66,15618.2378,15618.2378,0
22715,326.69,15618.2378,15618.2378,0
22716,326.69,15618.2378,15618.2378,0
22729,326.74,15618.2378,15618.2378,0
22737,326.76,15618.2378,15618.2378,0
22744,326.77,15618.2378,15618.2378,0
22745,326.78,15618.2378,15618.2378,0
22747,326.78,15618.2378,15618.2378,0
22748,326.78,15618.2378,15618.2378,0
22757,326.79,15618.2378,15618.2378,0
22758,326.79,15618.2378,15618.2378,0
22762,326.80,15618.2378,15618.2378,0
22763,326.80,15618.2378,15618.2378,0
22767,326.80,15618.2378,15618.2378,0
22776,326.82,15618.2378,15618.2378,0
22777,326.82,15618.2378,15618.2378,0
22783,326.83,15618.2378,15618.2378,0
22784,326.83,15618.2378,15618.2378,0
22793,326.89,15618.2378,15618.2378,0
22803,326.94,15618.2378,15618.2378,0
22804,326.94,15618.2378,15618.2378,0
22812,326.95,15618.2378,15618.2378,0
22825,326.99,15618.2378,15618.2378,0
22832,327.06,15618.2378,15618.2378,0
22847,327.08,15618.2378,15618.2378,0
22849,327.09,15618.2378,15618.2378,0
22850,327.09,15618.2378,15618.2378,0
22852,327.09,15618.2378,15618.2378,0
22854,327.09,15618.2378,15618.2378,0
22858,327.11,15618.2378,15618.2378,1
22859,327.19,15288.3152,15618.2378,0
22860,327.22,15288.3152,15618.2378,0
22861,327.24,15288.3152,15618.2378,0
22865,327.34,15288.3152,15618.2378,0
22869,327.47,15288.3152,15618.2378,0
22870,327.49,15288.3152,15618.2378,0
22874,327.59,15288.3152,15618.2378,0
22878,327.68,15288.3152,15618.2378,0
22883,327.80,15288.3152,15618.2378,0
22884,327.82,15512.8117,15618.2378,0
22886,327.94,15609.9503,15618.2378,0
22887,327.99,15609.9503,15618.2378,0
22888,327.99,15609.9503,15618.2378,0
22890,328.06,15609.9503,15618.2378,0
22893,328.06,15609.9503,15618.2378,0
22895,328.08,15609.9503,15618.2378,0
22896,328.08,15609.9503,15618.2378,0
22897,328.13,15609.9503,15618.2378,0
22898,328.13,15609.9503,15618.2378,0
22899,328.13,15609.9503,15618.2378,0
22900,328.18,15618.2378,15618.2378,0
22901,328.18,15618.2378,15618.2378,0
22926,328.23,15618.2378,15618.2378,0
22927,328.23,15618.2378,15618.2378,0
22932,328.24,15618.2378,15618.2378,0
22934,328.24,15618.2378,15618.2378,0
22954,328.31,15618.2378,15618.2378,0
22955,328.32,15618.2378,15618.2378,0
22960,328.32,15618.2378,15618.2378,0
22962,328.33,15618.2378,15618.2378,0
22963,328.33,15618.2378,15618.2378,0
22964,328.33,15618.2378,15618.2378,0
22971,328.35,15618.2378,15618.2378,0
22975,328.36,15618.2378,15618.2378,0
22976,328.36,15618.2378,15618.2378,0
22980,328.36,15618.2378,15618.2378,0
22987,328.38,15618.2378,15618.2378,0
22998,328.39,15618.2378,15618.2378,0
22999,328.39,15618.2378,15618.2378,0
23000,328.39,15618.2378,15618.2378,0
23009,328.40,15618.2378,15618.2378,0
23010,328.40,15618.2378,15618.2378,0
23012,328.40,15618.2378,15618.2378,0
23013,328.41,15618.2378,15618.2378,0
23014,328.41,15618.2378,15618.2378,0
23016,328.41,15618.2378,15618.2378,0
23027,328.44,15618.2378,15618.2378,0
23040,328.46,15618.2378,15618.2378,0
23044,328.46,15618.2378,15618.2378,0
23046,328.46,15618.2378,15618.2378,0
23050,328.47,15618.2378,15618.2378,0
23052,328.47,15618.2378,15618.2378,0
23054,328.48,15618.2378,15618.2378,0
23057,328.50,15618.2378,15618.2378,0
23058,328.50,15618.2378,15618.2378,0
23059,328.50,15618.2378,15618.2378,0
23069,328.52,15618.2378,15618.2378,0
23070,328.52,15618.2378,15618.2378,0
23080,328.54,15618.2378,15618.2378,0
23084,328.54,15618.2378,15618.2378,0
23091,328.56,15618.2378,15618.2378,0
23101,328.59,15618.2378,15618.2378,0
23106,328.60,15618.2378,15618.2378,0
23110,328.61,15618.2378,15618.2378,0
23116,328.61,15618.2378,15618.2378,0
23120,328.63,15618.2378,15618.2378,0
23122,328.63,15618.2378,15618.2378,0
23123,328.63,15618.2378,15618.2378,0
23124,328.63,15618.2378,15618.2378,0
23133,328.65,15618.2378,15618.2378,0
23146,328.69,15618.2378,15618.2378,0
23147,328.70,15618.2378,15618.2378,0
23149,328.70,15618.2378,15618.2378,0
23152,328.70,15618.2378,15618.2378,0
23156,328.70,15618.2378,15618.2378,0
23164,328.71,15618.2378,15618.2378,0
23166,328.71,15618.2378,15618.2378,0
23167,328.73,15620.3424,15620.3424,0
23172,328.87,15620.3424,15620.3424,0
23174,328.92,15620.3424,15620.3424,0
23189,329.31,15620.3424,15620.3424,0
23194,329.47,15620.3424,15620.3424,0
23196,329.47,15620.3424,15620.3424,0
23198,329.48,15620.3424,15620.3424,0
23201,329.48,15620.3424,15620.3424,0
23205,329.56,15620.3424,15620.3424,0
23208,329.59,15620.3424,15620.3424,0
23215,329.61,15620.3424,15620.3424,0
23218,329.64,15620.3424,15620.3424,0
23227,329.68,15620.3424,15620.3424,0
23231,329.75,15620.3424,15620.3424,0
23232,329.80,15620.3424,15620.3424,0
23246,330.05,15620.3424,15620.3424,0
23263,330.15,15620.3424,15620.3424,0
23269,330.23,15620.3424,15620.3424,0
23274,330.26,15620.3424,15620.3424,0
23282,330.28,15620.3424,15620.3424,0
23291,330.30,15620.3424,15620.3424,0
23295,330.41,15620.3424,15620.3424,0
23310,330.42,15620.3424,15620.3424,0
23313,330.45,15620.3424,15620.3424,0
23314,330.45,15620.3424,15620.3424,0
23321,330.50,15620.3424,15620.3424,0
23327,330.55,15620.3424,15620.3424,0
23328,330.55,15620.3424,15620.3424,0
23331,330.58,15620.3424,15620.3424,0
23332,330.58,15620.3424,15620.3424,0
23340,330.70,15620.3424,15620.3424,0
23345,330.70,15620.3424,15620.3424,0
23347,330.73,15620.3424,15620.3424,0
23358,330.77,15620.3424,15620.3424,0
23360,330.77,15620.3424,15620.3424,0
23369,330.80,15620.3424,15620.3424,0
23376,330.81,15620.3424,15620.3424,0
23379,330.84,15620.3424,15620.3424,0
23384,330.86,15620.3424,15620.3424,0
23388,330.89,15620.3424,15620.3424,0
23392,330.91,15620.3424,15620.3424,0
23393,330.95,15620.3424,15620.3424,0
23394,330.95,15620.3424,15620.3424,0
23396,330.96,15620.3424,15620.3424,0
23402,330.96,15620.3424,15620.3424,0
23410,330.99,15620.3424,15620.3424,0
23413,331.01,15620.3424,15620.3424,0
23416,331.01,15620.3424,15620.3424,0
23418,331.01,15620.3424,15620.3424,0
23420,331.01,15620.3424,15620.3424,0
23432,331.03,15620.3424,15620.3424,0
23433,331.03,15620.3424,15620.3424,0
23437,331.03,15620.3424,15620.3424,0
23439,331.04,15620.3424,15620.3424,0
23441,331.04,15620.3424,15620.3424,0
23442,331.04,15620.3424,15620.3424,0
23448,331.05,15620.3424,15620.3424,0
23450,331.06,15620.3424,15620.3424,0
23451,331.09,15620.3424,15620.3424,0
23464,331.11,15620.3424,15620.3424,0
23465,331.13,15620.3424,15620.3424,0
23468,331.14,15620.3424,15620.3424,1
23470,331.21,15309.7300,15620.3424,0
23471,331.26,15309.7300,15620.3424,0
23474,331.32,15309.7300,15620.3424,0
23476,331.36,15309.7300,15620.3424,0
23479,331.43,15620.3424,15620.3424,0
23484,331.46,15620.3424,15620.3424,0
23492,331.49,15620.3424,15620.3424,0
23494,331.49,15620.3424,15620.3424,0
23502,331.56,15620.3424,15620.3424,0
23506,331.58,15620.3424,15620.3424,0
23512,331.58,15620.3424,15620.3424,0
23521,331.59,15620.3424,15620.3424,0
23523,331.59,15620.3424,15620.3424,0
23526,331.60,15620.3424,15620.3424,0
23527,331.60,15620.3424,15620.3424,0
23534,331.61,15620.3424,15620.3424,0
23537,331.63,15620.3424,15620.3424,0
23540,331.63,15620.3424,15620.3424,0
23541,331.63,15620.3424,15620.3424,0
23542,331.63,15620.3424,15620.3424,0
23543,331.64,15620.3424,15620.3424,0
23545,331.64,15620.3424,15620.3424,0
23549,331.64,15620.3424,15620.3424,0
23553,331.65,15620.3424,15620.3424,0
23561,331.70,15620.3424,15620.3424,0
23565,331.70,15620.3424,15620.3424,0
23579,331.72,15620.3424,15620.3424,0
23581,331.72,15620.3424,15620.3424,0
23583,331.72,15620.3424,15620.3424,0
23584,331.72,15620.3424,15620.3424,0
23586,331.73,15620.3424,15620.3424,0
23587,331.73,15620.3424,15620.3424,0
23601,331.77,15620.3858,15620.3858,0
23606,331.90,15620.3858,15620.3858,0
23607,331.95,15620.3858,15620.3858,0
23612,332.05,15620.3858,15620.3858,0
23615,332.12,15620.3858,15620.3858,0
23617,332.19,15620.3858,15620.3858,0
23621,332.25,15620.3858,15620.3858,0
23625,332.42,15620.3858,15620.3858,0
23627,332.43,15620.3858,15620.3858,0
23628,332.43,15620.3858,15620.3858,0
23630,332.47,15620.3858,15620.3858,0
23632,332.48,15620.3858,15620.3858,0
23634,332.50,15620.3858,15620.3858,0
23635,332.50,15620.3858,15620.3858,0
23637,332.50,15620.3858,15620.3858,0
23642,332.51,15620.3858,15620.3858,0
23646,332.56,15620.3858,15620.3858,0
23648,332.58,15620.3858,15620.3858,0
23649,332.61,15620.3858,15620.3858,0
23654,332.73,15620.3858,15620.3858,0
23656,332.76,15620.3858,15620.3858,0
23659,332.76,15620.3858,15620.3858,0
23661,332.82,15620.3858,15620.3858,0
23663,332.82,15620.3858,15620.3858,0
23665,332.84,15620.3858,15620.3858,0
23668,332.85,15620.3858,15620.3858,0
23670,332.86,15620.3858,15620.3858,0
23674,332.94,15620.3858,15620.3858,0
23679,332.98,15620.3858,15620.3858,0
23682,332.99,15620.3858,15620.3858,0
23683,332.99,15620.3858,15620.3858,0
23688,333.02,15620.3858,15620.3858,0
23691,333.02,15620.3858,15620.3858,0
23692,333.02,15620.3858,15620.3858,0
23695,333.03,15620.3858,15620.3858,0
23702,333.18,15620.3858,15620.3858,0
23704,333.18,15620.3858,15620.3858,0
23707,333.23,15620.3858,15620.3858,0
23708,333.23,15620.3858,15620.3858,0
23709,333.28,15620.3858,15620.3858,0
23711,333.29,15620.3858,15620.3858,0
23713,333.38,15620.3858,15620.3858,0
23718,333.41,15620.3858,15620.3858,0
23719,333.41,15620.3858,15620.3858,0
23723,333.48,15620.3858,15620.3858,0
23725,333.53,15620.3858,15620.3858,0
23728,333.55,15620.3858,15620.3858,0
23729,333.56,15620.3858,15620.3858,0
23731,333.64,15620.3858,15620.3858,0
23732,333.64,15620.3858,15620.3858,0
23739,333.73,15620.3858,15620.3858,0
23741,333.74,15620.3858,15620.3858,0
23742,333.74,15620.3858,15620.3858,0
23743,333.74,15620.3858,15620.3858,0
23746,333.74,15620.3858,15620.3858,0
23747,333.74,15620.3858,15620.3858,0
23748,333.79,15620.3858,15620.3858,0
23751,333.80,15620.3858,15620.3858,0
23752,333.80,15620.3858,15620.3858,0
23755,333.80,15620.3858,15620.3858,0
23756,333.82,15620.3858,15620.3858,0
23767,333.85,15620.3858,15620.3858,0
23769,333.85,15620.3858,15620.3858,0
23770,333.89,15620.3858,15620.3858,0
23771,333.89,15620.3858,15620.3858,0
23774,333.89,15620.3858,15620.3858,0
23777,333.90,15620.3858,15620.3858,0
23778,333.90,15620.3858,15620.3858,0
23783,333.93,15620.3858,15620.3858,0
23786,333.94,15620.3858,15620.3858,0
23793,333.97,15620.3858,15620.3858,0
23795,333.97,15620.3858,15620.3858,0
23796,333.99,15620.3858,15620.3858,0
23799,334.00,15620.3858,15620.3858,0
23802,334.01,15620.3858,15620.3858,0
23804,334.01,15620.3858,15620.3858,0
23805,334.01,15620.3858,15620.3858,0
23809,334.03,15620.3858,15620.3858,0
23813,334.04,15620.3858,15620.3858,0
23822,334.05,15620.3858,15620.3858,0
23829,334.06,15620.3858,15620.3858,0
23831,334.07,15620.3858,15620.3858,0
23840,334.09,15620.3858,15620.3858,0
23843,334.09,15620.3858,15620.3858,0
23844,334.10,15620.3858,15620.3858,0
23847,334.12,15620.3858,15620.3858,0
23848,334.12,15620.3858,15620.3858,0
23857,334.15,15620.3858,15620.3858,0
23862,334.16,15620.3858,15620.3858,0
23863,334.16,15620.3858,15620.3858,0
23866,334.19,15620.3858,15620.3858,0
23867,334.19,15620.3858,15620.3858,0
23868,334.19,15620.3858,15620.3858,0
23869,334.19,15620.3858,15620.3858,0
23871,334.28,15620.3858,15620.3858,0
23876,334.29,15620.3858,15620.3858,0
23877,334.29,15620.3858,15620.3858,0
23880,334.32,15620.3858,15620.3858,0
23882,334.33,15620.3858,15620.3858,0
23884,334.33,15620.3858,15620.3858,0
23893,334.34,15620.3858,15620.3858,0
23895,334.35,15620.3858,15620.3858,0
23899,334.36,15620.3858,15620.3858,0
23902,334.36,15620.3858,15620.3858,1
23906,334.39,15620.3858,15620.3858,0
23909,334.39,15620.3858,15620.3858,0
23912,334.41,15620.3858,15620.3858,0
23923,334.42,15620.3858,15620.3858,0
23925,334.42,15620.3858,15620.3858,0
23926,334.42,15620.3858,15620.3858,0
23929,334.45,15620.3858,15620.3858,0
23930,334.45,15620.3858,15620.3858,0
23933,334.45,15620.3858,15620.3858,0
23934,334.45,15620.3858,15620.3858,0
23936,334.48,15620.3858,15620.3858,0
23939,334.49,15620.3858,15620.3858,0
23943,334.50,15620.3858,15620.3858,0
23948,334.51,15620.3858,15620.3858,0
23949,334.51,15620.3858,15620.3858,0
23952,334.51,15620.3858,15620.3858,0
23953,334.52,15620.3858,15620.3858,0
23956,334.52,15620.3858,15620.3858,0
23957,334.56,15621.9592,15621.9592,0
23958,334.61,15621.9592,15621.9592,0
23959,334.65,15621.9592,15621.9592,0
23963,334.68,15621.9592,15621.9592,0
23965,334.72,15621.9592,15621.9592,0
23967,334.75,15621.9592,15621.9592,0
23973,334.86,15621.9592,15621.9592,0
23980,334.91,15621.9592,15621.9592,0
23984,334.99,15722.2380,15722.2380,0
23989,335.17,15722.2380,15722.2380,0
23991,335.25,15722.2380,15722.2380,0
23994,335.25,15722.2380,15722.2380,0
23999,335.32,15722.2380,15722.2380,0
24020,335.66,15722.2380,15722.2380,0
24032,335.83,15722.2380,15722.2380,0
24033,335.86,15722.2380,15722.2380,0
24039,335.92,15722.2380,15722.2380,0
24043,335.92,15722.2380,15722.2380,0
24047,335.92,15722.2380,15722.2380,0
24089,336.24,15722.2380,15722.2380,0
24098,336.27,15722.2380,15722.2380,0
24100,336.27,15722.2380,15722.2380,0
24105,336.30,15722.2380,15722.2380,0
24108,336.30,15722.2380,15722.2380,0
24117,336.38,15722.2380,15722.2380,0
24118,336.38,15722.2380,15722.2380,0
24125,336.45,15722.2380,15722.2380,0
24126,336.47,15722.2380,15722.2380,0
24141,336.52,15722.2380,15722.2380,0
24153,336.61,15722.2380,15722.2380,0
24159,336.62,15722.2380,15722.2380,0
24160,336.62,15722.2380,15722.2380,0
24167,336.64,15722.2380,15722.2380,0
24195,336.85,15722.2380,15722.2380,0
24198,336.86,15722.2380,15722.2380,0
24215,336.93,15722.2380,15722.2380,0
24234,336.96,15722.2380,15722.2380,0
24249,337.02,15722.2380,15722.2380,0
24252,337.03,15722.2380,15722.2380,0
24256,337.04,15722.2380,15722.2380,0
24263,337.04,15722.2380,15722.2380,0
24270,337.05,15722.2380,15722.2380,0
24278,337.08,15722.2380,15722.2380,0
24281,337.09,15722.2380,15722.2380,0
24285,337.09,15722.2380,15722.2380,1
24289,337.20,15722.2380,15722.2380,0
24294,337.22,15722.2380,15722.2380,0
24319,337.39,15722.2380,15722.2380,0
24321,337.40,15722.2380,15722.2380,0
24331,337.45,15722.2380,15722.2380,0
24335,337.48,15722.2380,15722.2380,0
24357,337.60,15722.2380,15722.2380,0
24368,337.68,15722.2380,15722.2380,0
24373,337.70,15722.2380,15722.2380,0
24374,337.70,15722.2380,15722.2380,0
24385,337.75,15722.2380,15722.2380,0
24398,337.80,15722.2380,15722.2380,0
24405,337.86,15722.2380,15722.2380,0
24408,337.86,15722.2380,15722.2380,0
24410,337.89,15722.2380,15722.2380,0
24414,337.89,15722.2380,15722.2380,0
24415,337.89,15722.2380,15722.2380,0
24427,338.00,15722.2380,15722.2380,0
24441,338.05,15722.2380,15722.2380,0
24450,338.16,15722.2380,15722.2380,0
24452,338.17,15722.2380,15722.2380,0
24453,338.17,15722.2380,15722.2380,0
24476,338.32,15722.2380,15722.2380,0
24505,338.46,15722.2380,15722.2380,0
24507,338.46,15722.2380,15722.2380,0
24525,338.57,15722.2380,15722.2380,0
24531,338.58,15722.2380,15722.2380,0
24542,338.62,15722.2380,15722.2380,0
24544,338.63,15722.2380,15722.2380,0
24548,338.64,15722.2380,15722.2380,0
24554,338.65,15722.2380,15722.2380,0
24565,338.70,15722.2380,15722.2380,0
24566,338.70,15722.2380,15722.2380,0
24571,338.71,15722.2380,15722.2380,0
24578,338.73,15722.2380,15722.2380,0
24589,338.77,15722.2380,15722.2380,0
24590,338.77,15722.2380,15722.2380,1
24592,338.93,15422.3319,15722.2380,0
24598,339.18,15422.3319,15722.2380,0
24613,339.52,15422.3319,15722.2380,0
24619,339.72,15503.0895,15722.2380,0
24621,339.82,15503.0895,15722.2380,0
24622,339.89,15503.0895,15722.2380,0
24630,340.18,15722.2380,15722.2380,0
24640,340.21,15722.2380,15722.2380,0
24650,340.24,15722.2380,15722.2380,0
24668,340.39,15722.2380,15722.2380,0
24670,340.40,15722.2380,15722.2380,0
24687,340.55,15722.2380,15722.2380,0
24696,340.57,15722.2380,15722.2380,0
24700,340.58,15722.2380,15722.2380,0
24702,340.59,15722.2380,15722.2380,0
24706,340.59,15722.2380,15722.2380,0
24719,340.63,15722.2380,15722.2380,0
24728,340.67,15722.2380,15722.2380,0
24741,340.72,15722.2380,15722.2380,0
24743,340.72,15722.2380,15722.2380,0
24753,340.73,15722.2380,15722.2380,0
24763,340.76,15722.2380,15722.2380,0
24764,340.76,15722.2380,15722.2380,0
24779,340.81,15722.2380,15722.2380,0
24782,340.83,15722.2380,15722.2380,0
24783,340.83,15722.2380,15722.2380,0
24786,340.83,15722.2380,15722.2380,0
24788,340.84,15722.2380,15722.2380,0
24792,340.84,15722.2380,15722.2380,0
24794,340.85,15722.2380,15722.2380,0
24809,340.91,15722.2380,15722.2380,0
24811,340.91,15722.2380,15722.2380,0
24822,340.95,15722.2380,15722.2380,0
24827,340.97,15722.2380,15722.2380,0
24834,340.98,15722.2380,15722.2380,0
24838,341.01,15722.2380,15722.2380,0
24858,341.07,15722.2380,15722.2380,0
24870,341.12,15722.2380,15722.2380,0
24890,341.28,15722.2380,15722.2380,0
24904,341.31,15722.2380,15722.2380,0
24906,341.32,15722.2380,15722.2380,0
24921,341.37,15722.2380,15722.2380,0
24928,341.40,15722.2380,15722.2380,0
24931,341.41,15722.2380,15722.2380,1
24932,341.55,15336.1182,15722.2380,0
24933,341.62,15336.1182,15722.2380,0
24934,341.66,15336.1182,15722.2380,0
24937,341.81,15416.8666,15722.2380,0
24943,341.94,15416.8666,15722.2380,0
24945,342.01,15416.8666,15722.2380,0
24947,342.10,15416.8666,15722.2380,0
24951,342.26,15416.8666,15722.2380,0
24952,342.26,15416.8666,15722.2380,0
24957,342.43,15416.8666,15722.2380,0
24958,342.43,15416.8666,15722.2380,0
24959,342.47,15416.8666,15722.2380,0
24974,342.70,15416.8666,15722.2380,0
24976,342.76,15523.0100,15722.2380,0
24977,342.80,15523.0100,15722.2380,0
24978,342.88,15523.0100,15722.2380,0
24991,343.26,15523.0100,15722.2380,0
24995,343.34,15523.0100,15722.2380,0
24997,343.38,15523.0100,15722.2380,0
25001,343.46,15523.0100,15722.2380,0
25009,343.53,15523.0100,15722.2380,0
25011,343.59,15523.0100,15722.2380,0
25014,343.62,15523.0100,15722.2380,0
25017,343.64,15523.0100,15722.2380,0
25022,343.68,15523.0100,15722.2380,0
25038,344.03,15523.0100,15722.2380,0
25047,344.06,15523.0100,15722.2380,0
25059,344.17,15523.0100,15722.2380,0
25066,344.21,15523.0100,15722.2380,0
25068,344.22,15523.0100,15722.2380,0
25074,344.32,15523.0100,15722.2380,0
25076,344.41,15523.0100,15722.2380,0
25083,344.54,15523.0100,15722.2380,0
25084,344.55,15523.0100,15722.2380,0
25088,344.57,15523.0100,15722.2380,0
25090,344.58,15523.0100,15722.2380,0
25109,344.66,15523.0100,15722.2380,0
25110,344.71,15523.0100,15722.2380,0
25111,344.71,15523.0100,15722.2380,0
25116,344.72,15523.0100,15722.2380,0
25118,344.77,15523.0100,15722.2380,0
25129,344.86,15523.0100,15722.2380,0
25134,344.88,15523.0100,15722.2380,0
25136,344.89,15523.0100,15722.2380,0
25137,344.91,15523.0100,15722.2380,0
25138,344.91,15523.0100,15722.2380,0
25139,344.91,15523.0100,15722.2380,0
25141,344.92,15523.0100,15722.2380,0
25143,344.92,15523.0100,15722.2380,0
25144,344.94,15523.0100,15722.2380,0
25151,344.96,15523.0100,15722.2380,0
25164,344.98,15523.0100,15722.2380,0
25167,344.98,15523.0100,15722.2380,0
25174,344.99,15523.0100,15722.2380,0
25202,345.28,15523.0100,15722.2380,0
25203,345.28,15523.0100,15722.2380,0
25209,345.29,15523.0100,15722.2380,0
25210,345.30,15523.0100,15722.2380,0
25211,345.32,15523.0100,15722.2380,0
25219,345.38,15523.0100,15722.2380,0
25220,345.38,15523.0100,15722.2380,0
25221,345.42,15524.2247,15722.2380,0
25222,345.44,15524.2247,15722.2380,0
25228,345.57,15524.2247,15722.2380,0
25233,345.66,15524.2247,15722.2380,0
25235,345.67,15524.2247,15722.2380,0
25254,346.03,15524.2247,15722.2380,0
25256,346.05,15524.2247,15722.2380,0
25258,346.08,15524.2247,15722.2380,0
25260,346.10,15524.2247,15722.2380,0
25261,346.10,15524.2247,15722.2380,0
25266,346.19,15524.2247,15722.2380,0
25270,346.24,15524.2247,15722.2380,0
25274,346.27,15524.2247,15722.2380,0
25276,346.30,15524.2247,15722.2380,0
25278,346.31,15524.2247,15722.2380,0
25279,346.37,15524.2247,15722.2380,0
25285,346.45,15524.2247,15722.2380,0
25290,346.48,15524.2247,15722.2380,0
25297,346.59,15524.2247,15722.2380,0
25304,346.62,15524.2247,15722.2380,0
25305,346.62,15524.2247,15722.2380,0
25307,346.67,15524.2247,15722.2380,0
25309,346.67,15524.2247,15722.2380,0
25310,346.67,15524.2247,15722.2380,0
25311,346.67,15524.2247,15722.2380,0
25313,346.73,15524.2247,15722.2380,0
25314,346.73,15524.2247,15722.2380,0
25318,346.75,15524.2247,15722.2380,0
25321,346.79,15524.2247,15722.2380,0
25324,346.84,15524.2247,15722.2380,0
25326,346.84,15524.2247,15722.2380,0
25328,346.86,15524.2247,15722.2380,0
25333,346.91,15524.2247,15722.2380,0
25340,347.02,15524.2247,15722.2380,0
25345,347.09,15524.2247,15722.2380,0
25347,347.09,15524.2247,15722.2380,0
25348,347.14,15524.2247,15722.2380,0
25351,347.18,15524.2247,15722.2380,0
25356,347.19,15524.2247,15722.2380,0
25357,347.19,15524.2247,15722.2380,0
25375,347.33,15524.2247,15722.2380,0
25385,347.38,15524.2247,15722.2380,0
25387,347.39,15524.2247,15722.2380,0
25394,347.40,15524.2247,15722.2380,0
25396,347.41,15524.2247,15722.2380,0
25399,347.48,15524.2247,15722.2380,0
25408,347.50,15524.2247,15722.2380,0
25409,347.53,15524.2247,15722.2380,0
25410,347.53,15524.2247,15722.2380,0
25419,347.55,15524.2247,15722.2380,0
25434,347.60,15524.2247,15722.2380,0
25436,347.60,15524.2247,15722.2380,0
25439,347.61,15524.2247,15722.2380,0
25440,347.61,15524.2247,15722.2380,0
25441,347.61,15524.2247,15722.2380,0
25443,347.61,15524.2247,15722.2380,0
25451,347.71,15524.2247,15722.2380,0
25453,347.73,15524.2247,15722.2380,0
25455,347.78,15524.2247,15722.2380,0
25469,347.89,15524.2247,15722.2380,0
25472,347.89,15524.2247,15722.2380,0
25473,347.89,15524.2247,15722.2380,0
25477,347.90,15524.2247,15722.2380,0
25482,347.94,15524.2247,15722.2380,0
25497,348.04,15524.2247,15722.2380,0
25502,348.09,15524.2247,15722.2380,0
25503,348.09,15524.2247,15722.2380,0
25506,348.10,15524.2247,15722.2380,0
25513,348.12,15524.2247,15722.2380,0
25516,348.13,15524.2247,15722.2380,0
25522,348.15,15524.2247,15722.2380,1
25523,348.23,15058.5423,15722.2380,0
25524,348.28,15058.5423,15722.2380,0
25525,348.30,15058.5423,15722.2380,0
25526,348.32,15058.5423,15722.2380,0
25527,348.37,15179.0278,15722.2380,0
25528,348.39,15179.0278,15722.2380,0
25529,348.48,15179.0278,15722.2380,0
25530,348.49,15179.0278,15722.2380,0
25535,348.51,15337.3935,15722.2380,0
25536,348.56,15408.4414,15722.2380,0
25546,348.89,15408.4677,15722.2380,0
25549,349.02,15408.4677,15722.2380,0
25550,349.09,15408.4677,15722.2380,0
25553,349.22,15609.3566,15722.2380,0
25554,349.26,15609.3566,15722.2380,0
25556,349.35,15609.3566,15722.2380,0
25562,349.59,15609.3566,15722.2380,0
25564,349.67,15609.3566,15722.2380,0
25570,349.82,15621.6733,15722.2380,0
25574,349.90,15621.6733,15722.2380,0
25575,349.93,15636.6257,15722.2380,0
25576,349.96,15636.6257,15722.2380,0
25577,349.98,15636.6257,15722.2380,0
25578,350.04,15636.6257,15722.2380,0
25579,350.07,15637.0288,15722.2380,0
25582,350.13,15637.0288,15722.2380,0
25583,350.16,15637.0288,15722.2380,0
25584,350.16,15637.0288,15722.2380,0
25587,350.25,15842.7652,15842.7652,0
25588,350.28,15858.7816,15858.7816,0
25596,350.54,15875.8393,15875.8393,0
25600,350.71,15875.8393,15875.8393,0
25636,351.37,15875.8393,15875.8393,0
25660,351.68,15875.8393,15875.8393,0
25695,351.98,15875.8393,15875.8393,0
25697,351.99,15875.8393,15875.8393,0
25701,352.04,15875.8393,15875.8393,0
25725,352.20,15875.9002,15875.9002,0
25731,352.39,15886.8401,15886.8401,0
25732,352.42,15886.8401,15886.8401,0
25736,352.60,15886.8401,15886.8401,0
25738,352.63,15886.8401,15886.8401,0
25741,352.69,15886.8401,15886.8401,0
25742,352.71,15886.8401,15886.8401,0
25743,352.76,15886.8401,15886.8401,0
25745,352.80,15886.8401,15886.8401,0
25749,352.80,15886.8401,15886.8401,0
25750,352.83,15886.8401,15886.8401,0
25755,352.88,15886.8401,15886.8401,0
25756,352.88,15886.8401,15886.8401,0
25758,352.92,15886.8401,15886.8401,0
25759,352.92,15886.8401,15886.8401,0
25760,352.95,15886.8654,15886.8654,0
25761,353.00,15886.8654,15886.8654,0
25764,353.07,15886.8654,15886.8654,0
25765,353.10,15886.8654,15886.8654,0
25768,353.17,15886.8654,15886.8654,0
25772,353.21,15886.8654,15886.8654,0
25776,353.32,15886.8654,15886.8654,0
25782,353.37,15886.8654,15886.8654,0
25787,353.41,15886.8654,15886.8654,0
25795,353.59,15886.8654,15886.8654,0
25801,353.66,15886.8654,15886.8654,0
25806,353.77,15886.8654,15886.8654,0
25816,353.93,15886.8654,15886.8654,0
25818,353.97,15886.8654,15886.8654,0
25820,353.98,15886.8654,15886.8654,0
25821,353.98,15886.8654,15886.8654,0
25824,354.04,15886.8654,15886.8654,0
25834,354.12,15886.8654,15886.8654,0
25835,354.14,15886.8654,15886.8654,0
25841,354.19,15887.1374,15887.1374,0
25854,354.67,15887.1374,15887.1374,0
25864,354.83,15887.1374,15887.1374,0
25875,354.92,15887.1374,15887.1374,0
25882,355.00,15887.1374,15887.1374,0
25889,355.10,15887.1374,15887.1374,0
25892,355.16,15887.1374,15887.1374,0
25919,355.35,15887.1374,15887.1374,0
25920,355.41,15887.1374,15887.1374,0
25923,355.45,15887.1374,15887.1374,0
25925,355.45,15887.1374,15887.1374,0
25956,355.68,15887.1374,15887.1374,0
25957,355.68,15887.1374,15887.1374,0
25974,355.82,15887.1374,15887.1374,0
26015,355.98,15887.1374,15887.1374,0
26038,356.18,15887.1374,15887.1374,0
26050,356.24,15887.1374,15887.1374,0
26055,356.31,15887.1374,15887.1374,0
26075,356.40,15887.1374,15887.1374,0
26082,356.43,15887.1374,15887.1374,0
26104,356.55,15887.1374,15887.1374,0
26107,356.57,15887.1374,15887.1374,0
26108,356.58,15887.1374,15887.1374,0
26112,356.60,15887.1374,15887.1374,0
26116,356.63,15887.1374,15887.1374,0
26139,356.70,15887.1374,15887.1374,0
26142,356.71,15887.1374,15887.1374,1
26143,356.81,15871.1650,15887.1374,0
26145,356.88,15871.1650,15887.1374,0
26147,356.94,15887.1374,15887.1374,0
26163,356.98,15887.1374,15887.1374,0
26165,356.99,15887.1374,15887.1374,0
26168,356.99,15887.1374,15887.1374,0
26175,357.06,15887.1374,15887.1374,0
26200,357.16,15887.1374,15887.1374,0
26209,357.22,15887.1374,15887.1374,0
26214,357.24,15887.1374,15887.1374,0
26216,357.24,15887.1374,15887.1374,0
26234,357.39,15887.4675,15887.4675,0
26237,357.55,15887.4675,15887.4675,0
26270,358.17,15887.4675,15887.4675,0
26278,358.33,15887.4675,15887.4675,0
26283,358.49,15887.4675,15887.4675,0
26298,358.64,15887.4675,15887.4675,0
26303,358.67,15887.4675,15887.4675,0
26340,358.85,15887.4675,15887.4675,0
26352,358.93,15887.4675,15887.4675,0
26363,359.01,15887.4675,15887.4675,0
26369,359.08,15887.4675,15887.4675,0
26374,359.19,15887.4675,15887.4675,0
26397,359.40,15887.4675,15887.4675,0
26402,359.43,15887.4675,15887.4675,0
26403,359.44,15887.4675,15887.4675,0
26409,359.51,15887.4726,15887.4726,0
26413,359.75,15887.4726,15887.4726,0
26415,359.84,15887.4726,15887.4726,0
26416,359.93,15887.4726,15887.4726,0
26424,360.20,15887.4726,15887.4726,0
26427,360.28,15887.4726,15887.4726,0
26430,360.39,15887.4726,15887.4726,0
26440,360.47,15887.4726,15887.4726,0
26444,360.48,15887.4726,15887.4726,0
26461,360.71,15887.4726,15887.4726,0
26467,360.76,15887.4726,15887.4726,0
26478,360.84,15887.4726,15887.4726,0
26480,360.84,15887.4726,15887.4726,0
26481,360.84,15887.4726,15887.4726,0
26493,361.03,15887.4726,15887.4726,0
26498,361.12,15887.4726,15887.4726,0
26501,361.21,15887.4726,15887.4726,0
26509,361.35,15887.4726,15887.4726,0
26513,361.38,15887.4726,15887.4726,0
26522,361.44,15887.4726,15887.4726,0
26532,361.57,15887.4726,15887.4726,0
26542,361.69,15887.4726,15887.4726,0
26543,361.69,15887.4726,15887.4726,0
26544,361.69,15887.4726,15887.4726,0
26546,361.69,15887.4726,15887.4726,0
26562,361.73,15887.4726,15887.4726,0
26563,361.73,15887.4726,15887.4726,0
26564,361.74,15887.4726,15887.4726,0
26571,361.77,15887.4726,15887.4726,0
26574,361.77,15887.4726,15887.4726,0
26583,361.85,15887.4726,15887.4726,0
26586,361.85,15887.4726,15887.4726,0
26596,361.88,15887.4726,15887.4726,0
26598,361.88,15887.4726,15887.4726,0
26605,361.89,15887.4726,15887.4726,0
26608,361.96,15887.4726,15887.4726,0
26612,361.97,15887.4726,15887.4726,0
26618,362.03,15887.4726,15887.4726,0
26619,362.05,15887.4726,15887.4726,0
26623,362.05,15887.4726,15887.4726,0
26624,362.06,15887.4726,15887.4726,0
26631,362.09,15887.4726,15887.4726,0
26636,362.12,15887.4726,15887.4726,0
26638,362.19,15887.4726,15887.4726,0
26651,362.31,15887.4726,15887.4726,0
26655,362.31,15887.4726,15887.4726,0
26658,362.31,15887.4726,15887.4726,0
26664,362.42,15887.4726,15887.4726,0
26669,362.43,15887.4726,15887.4726,0
26672,362.44,15887.4726,15887.4726,0
26673,362.44,15887.4726,15887.4726,0
26676,362.45,15887.4726,15887.4726,0
26681,362.46,15887.4726,15887.4726,0
26682,362.46,15887.4726,15887.4726,0
26686,362.51,15887.4726,15887.4726,0
26687,362.51,15887.4726,15887.4726,0
26689,362.51,15887.4726,15887.4726,0
26695,362.58,15887.4726,15887.4726,0
26696,362.59,15887.4726,15887.4726,0
26710,362.65,15887.4726,15887.4726,1
26711,362.71,15887.4726,15887.4726,0
26713,362.71,15887.4726,15887.4726,0
26718,362.72,15887.4726,15887.4726,0
26722,362.82,15887.4726,15887.4726,0
26727,362.86,15887.4726,15887.4726,0
26730,362.91,15887.4726,15887.4726,0
26731,362.91,15887.4726,15887.4726,0
26734,362.91,15887.4726,15887.4726,0
26737,362.92,15887.4726,15887.4726,0
26738,362.92,15887.4726,15887.4726,0
26743,362.95,15887.4726,15887.4726,0
26744,362.95,15887.4726,15887.4726,0
26748,362.98,15887.4726,15887.4726,0
26749,363.01,15887.4726,15887.4726,0
26750,363.01,15887.4726,15887.4726,0
26770,363.07,15887.4726,15887.4726,0
26771,363.07,15887.4726,15887.4726,0
26772,363.07,15887.4726,15887.4726,0
26773,363.07,15887.4726,15887.4726,0
26781,363.09,15887.4726,15887.4726,0
26801,363.17,15887.4726,15887.4726,0
26807,363.19,15887.4726,15887.4726,0
26812,363.20,15887.4726,15887.4726,0
26820,363.28,15887.4726,15887.4726,0
26822,363.31,15887.4726,15887.4726,0
26825,363.33,15887.4726,15887.4726,0
26829,363.33,15887.4726,15887.4726,0
26834,363.35,15887.4726,15887.4726,0
26843,363.39,15887.4726,15887.4726,0
26844,363.39,15887.4726,15887.4726,0
26850,363.41,15887.4726,15887.4726,0
26857,363.44,15887.4726,15887.4726,0
26862,363.44,15887.4726,15887.4726,0
26864,363.45,15887.4726,15887.4726,0
26865,363.45,15887.4726,15887.4726,0
26866,363.48,15887.4726,15887.4726,0
26878,363.50,15887.4726,15887.4726,0
26882,363.51,15887.4726,15887.4726,0
26883,363.51,15887.4726,15887.4726,0
26890,363.54,15887.4726,15887.4726,0
26900,363.62,15887.4726,15887.4726,0
26902,363.63,15887.4726,15887.4726,0
26904,363.63,15887.4726,15887.4726,0
26907,363.63,15887.4726,15887.4726,0
26913,363.65,15887.4726,15887.4726,0
26914,363.65,15887.4726,15887.4726,0
26923,363.67,15887.4726,15887.4726,0
26925,363.67,15887.4726,15887.4726,0
26939,363.71,15887.4726,15887.4726,0
26964,363.76,15887.4726,15887.4726,0
26970,363.81,15887.4726,15887.4726,0
26972,363.82,15887.4726,15887.4726,0
26974,363.82,15887.4726,15887.4726,0
26976,363.82,15887.4726,15887.4726,0
26989,363.86,15887.4726,15887.4726,0
26994,363.90,15887.4726,15887.4726,0
27002,363.94,15887.4726,15887.4726,0
27006,363.95,15887.4726,15887.4726,0
27012,363.95,15887.4726,15887.4726,1
27014,364.08,15701.1200,15887.4726,0
27018,364.21,15701.1200,15887.4726,0
27027,364.38,15701.1200,15887.4726,0
27034,364.52,15701.1200,15887.4726,0
27041,364.83,15860.8687,15887.4726,0
27042,364.86,15860.8687,15887.4726,0
27091,366.02,15860.8687,15887.4726,0
27128,366.29,15860.8687,15887.4726,0
27146,366.39,15860.8687,15887.4726,0
27147,366.41,15860.8687,15887.4726,0
27186,366.69,15860.8687,15887.4726,0
27221,366.92,15860.8687,15887.4726,0
27249,367.05,15860.8687,15887.4726,0
27259,367.16,15860.8687,15887.4726,0
27309,367.46,15860.8687,15887.4726,0
27327,367.53,15860.8687,15887.4726,0
27342,367.59,15860.8687,15887.4726,1
27344,367.64,15343.3059,15887.4726,0
27348,367.76,15343.3059,15887.4726,0
27349,367.81,15343.3059,15887.4726,0
27351,367.92,15343.3059,15887.4726,0
27355,368.04,15343.3059,15887.4726,0
27361,368.17,15343.3059,15887.4726,0
27362,368.17,15343.3059,15887.4726,0
27365,368.23,15343.3059,15887.4726,0
27371,368.35,15343.3059,15887.4726,0
27372,368.35,15343.3059,15887.4726,0
27373,368.35,15343.3059,15887.4726,0
27377,368.47,15344.0549,15887.4726,0
27382,368.61,15344.0549,15887.4726,0
27395,368.88,15344.0549,15887.4726,0
27400,369.05,15344.0549,15887.4726,0
27404,369.11,15344.0549,15887.4726,0
27410,369.28,15344.0549,15887.4726,0
27411,369.30,15344.0549,15887.4726,0
27420,369.46,15344.0549,15887.4726,0
27425,369.60,15344.0549,15887.4726,0
27433,369.67,15344.0549,15887.4726,0
27435,369.67,15344.0549,15887.4726,0
27439,369.72,15344.0549,15887.4726,0
27446,369.78,15344.0549,15887.4726,0
27454,369.81,15344.0549,15887.4726,0
27461,369.93,15344.0549,15887.4726,0
27478,370.11,15344.0549,15887.4726,0
27486,370.27,15344.0549,15887.4726,0
27506,370.46,15344.0549,15887.4726,0
27507,370.51,15344.0549,15887.4726,0
27513,370.55,15416.2430,15887.4726,0
27525,370.93,15416.2430,15887.4726,0
27527,371.00,15604.2552,15887.4726,0
27548,371.49,15671.9218,15887.4726,0
27549,371.54,15744.5507,15887.4726,0
27551,371.63,15744.5507,15887.4726,0
27554,371.78,15744.5507,15887.4726,0
27556,371.83,15744.5507,15887.4726,0
27564,372.16,15744.5507,15887.4726,0
27575,372.35,15744.5507,15887.4726,0
27578,372.40,15744.5507,15887.4726,0
27580,372.42,15744.5507,15887.4726,0
27586,372.49,15744.5507,15887.4726,0
27597,372.64,15744.5507,15887.4726,0
27628,372.93,15744.5507,15887.4726,0
27633,372.98,15744.5507,15887.4726,0
27662,373.09,15744.5507,15887.4726,0
27664,373.14,15744.5507,15887.4726,0
27669,373.15,15744.5507,15887.4726,0
27675,373.16,15744.5507,15887.4726,0
27689,373.23,15744.5507,15887.4726,0
27691,373.23,15744.5507,15887.4726,0
27694,373.24,15744.5507,15887.4726,0
27714,373.31,15744.5507,15887.4726,0
27716,373.32,15744.5507,15887.4726,0
27720,373.36,15744.5507,15887.4726,0
27736,373.52,15744.5507,15887.4726,0
27738,373.53,15744.5507,15887.4726,0
27739,373.53,15744.5507,15887.4726,0
27740,373.53,15744.5507,15887.4726,0
27748,373.56,15749.9405,15887.4726,0
27753,373.85,15749.9405,15887.4726,0
27761,374.04,15749.9405,15887.4726,0
27765,374.07,15749.9405,15887.4726,0
27768,374.19,15749.9405,15887.4726,0
27776,374.30,15749.9405,15887.4726,0
27777,374.31,15749.9405,15887.4726,0
27783,374.40,15749.9405,15887.4726,0
27793,374.53,15749.9405,15887.4726,0
27807,374.67,15749.9405,15887.4726,0
27817,374.89,15749.9405,15887.4726,0
27823,374.90,15749.9405,15887.4726,0
27829,374.93,15749.9405,15887.4726,0
27837,375.00,15749.9405,15887.4726,0
27850,375.06,15749.9405,15887.4726,0
27852,375.06,15749.9405,15887.4726,0
27873,375.16,15749.9405,15887.4726,0
27877,375.16,15749.9405,15887.4726,0
27879,375.17,15749.9405,15887.4726,0
27890,375.21,15749.9405,15887.4726,0
27899,375.25,15749.9405,15887.4726,0
27900,375.25,15749.9405,15887.4726,0
27909,375.31,15749.9405,15887.4726,0
27913,375.32,15749.9405,15887.4726,0
27918,375.35,15749.9405,15887.4726,0
27924,375.38,15749.9405,15887.4726,0
27926,375.39,15749.9405,15887.4726,0
27928,375.40,15749.9405,15887.4726,0
27935,375.42,15749.9405,15887.4726,0
27936,375.42,15749.9405,15887.4726,0
27943,375.46,15754.3596,15887.4726,0
27949,375.73,15754.3596,15887.4726,0
27955,375.95,15754.3596,15887.4726,0
27957,375.97,15754.3596,15887.4726,0
27968,376.27,15754.3596,15887.4726,0
27980,376.46,15754.3596,15887.4726,0
27982,376.47,15754.3596,15887.4726,0
27986,376.52,15754.3596,15887.4726,0
27988,376.53,15754.3596,15887.4726,0
27994,376.60,15754.3596,15887.4726,0
28003,376.74,15754.3596,15887.4726,0
28017,376.83,15754.3596,15887.4726,0
28018,376.83,15754.3596,15887.4726,0
28020,376.84,15754.3596,15887.4726,0
28025,376.91,15754.3596,15887.4726,0
28031,376.92,15754.3596,15887.4726,0
28033,376.92,15754.3596,15887.4726,0
28058,376.97,15754.3596,15887.4726,0
28060,376.98,15754.3596,15887.4726,0
28074,377.05,15754.3596,15887.4726,0
28078,377.06,15754.3596,15887.4726,0
28088,377.08,15754.3596,15887.4726,0
28092,377.11,15754.3596,15887.4726,0
28097,377.16,15754.3596,15887.4726,0
28109,377.24,15754.3596,15887.4726,0
28111,377.24,15754.3596,15887.4726,0
28112,377.24,15754.3596,15887.4726,0
28113,377.25,15754.3596,15887.4726,0
28114,377.25,15754.3596,15887.4726,0
28115,377.25,15754.3596,15887.4726,0
28120,377.31,15757.7715,15887.4726,0
28123,377.40,15757.7715,15887.4726,0
28128,377.45,15757.7715,15887.4726,0
28133,377.59,15757.7715,15887.4726,0
28134,377.64,15757.7715,15887.4726,0
28136,377.66,15759.3167,15887.4726,0
28140,377.85,15759.3167,15887.4726,0
28146,377.98,15759.3167,15887.4726,0
28149,378.08,15775.3886,15887.4726,0
28150,378.11,15775.3886,15887.4726,0
28157,378.43,15775.3886,15887.4726,0
28160,378.43,15775.3886,15887.4726,0
28162,378.53,15775.3886,15887.4726,0
28169,378.68,15776.9638,15887.4726,0
28181,379.24,15776.9984,15887.4726,0
28183,379.32,15776.9984,15887.4726,0
28188,379.59,15776.9984,15887.4726,0
28197,379.74,15776.9984,15887.4726,0
28198,379.76,15776.9984,15887.4726,0
28201,379.76,15776.9984,15887.4726,0
28203,379.83,15776.9984,15887.4726,0
28208,379.95,15776.9984,15887.4726,0
28212,380.01,15776.9984,15887.4726,0
28217,380.08,15776.9984,15887.4726,0
28225,380.24,15776.9984,15887.4726,0
28229,380.25,15776.9984,15887.4726,0
28230,380.29,15776.9984,15887.4726,0
28238,380.37,15776.9984,15887.4726,0
28253,380.49,15776.9984,15887.4726,0
28254,380.49,15776.9984,15887.4726,0
28255,380.50,15776.9984,15887.4726,0
28262,380.59,15776.9984,15887.4726,0
28269,380.66,15776.9984,15887.4726,0
28270,380.69,15776.9984,15887.4726,0
28277,380.72,15776.9984,15887.4726,0
28279,380.72,15776.9984,15887.4726,0
28288,380.83,15776.9984,15887.4726,0
28291,380.84,15776.9984,15887.4726,0
28299,380.87,15776.9984,15887.4726,0
28325,381.04,15776.9984,15887.4726,0
28326,381.04,15776.9984,15887.4726,0
28342,381.27,15776.9984,15887.4726,0
28345,381.28,15776.9984,15887.4726,0
28350,381.32,15776.9984,15887.4726,0
28351,381.34,15776.9984,15887.4726,0
28353,381.37,15776.9984,15887.4726,0
28357,381.39,15776.9984,15887.4726,0
28362,381.45,15776.9984,15887.4726,0
28365,381.46,15776.9984,15887.4726,0
28366,381.46,15776.9984,15887.4726,0
28370,381.48,15776.9984,15887.4726,0
28371,381.53,15776.9984,15887.4726,0
28381,381.55,15776.9984,15887.4726,0
28383,381.55,15776.9984,15887.4726,0
28394,381.61,15776.9984,15887.4726,0
28398,381.62,15776.9984,15887.4726,0
28413,381.67,15776.9984,15887.4726,0
28414,381.67,15776.9984,15887.4726,0
28417,381.72,15776.9984,15887.4726,0
28423,381.75,15776.9984,15887.4726,0
28428,381.78,15776.9984,15887.4726,0
28431,381.82,15776.9984,15887.4726,0
28434,381.86,15776.9984,15887.4726,0
28436,381.92,15776.9984,15887.4726,0
28440,381.93,15776.9984,15887.4726,0
28451,381.99,15776.9984,15887.4726,0
28455,381.99,15776.9984,15887.4726,0
28458,382.00,15776.9984,15887.4726,0
28465,382.00,15776.9984,15887.4726,0
28466,382.01,15776.9984,15887.4726,0
28470,382.03,15776.9984,15887.4726,0
28474,382.03,15776.9984,15887.4726,0
28475,382.03,15776.9984,15887.4726,0
28482,382.04,15776.9984,15887.4726,1
28483,382.10,15124.5104,15887.4726,0
28489,382.36,15124.5104,15887.4726,0
28491,382.46,15124.5104,15887.4726,0
28493,382.49,15176.3303,15887.4726,0
28502,382.88,15176.3303,15887.4726,0
28514,383.09,15176.3303,15887.4726,0
28523,383.31,15180.3528,15887.4726,0
28524,383.39,15180.3528,15887.4726,0
28526,383.45,15180.3528,15887.4726,0
28527,383.47,15274.3667,15887.4726,0
28540,383.84,15274.3667,15887.4726,0
28551,384.17,15274.3667,15887.4726,0
28560,384.24,15274.3667,15887.4726,0
28568,384.32,15274.3667,15887.4726,0
28572,384.41,15274.3667,15887.4726,0
28573,384.43,15274.3667,15887.4726,0
28581,384.62,15344.3196,15887.4726,0
28586,384.80,15344.3196,15887.4726,0
28589,384.86,15344.3196,15887.4726,0
28595,384.94,15344.3196,15887.4726,0
28596,384.94,15344.3196,15887.4726,0
28601,385.09,15459.2899,15887.4726,0
28602,385.11,15459.2899,15887.4726,0
28606,385.21,15459.2899,15887.4726,0
28613,385.43,15459.2899,15887.4726,0
28617,385.44,15459.2899,15887.4726,0
28618,385.44,15459.2899,15887.4726,0
28620,385.54,15459.2899,15887.4726,0
28621,385.56,15459.2899,15887.4726,0
28622,385.63,15459.2899,15887.4726,0
28624,385.68,15459.2899,15887.4726,0
28627,385.84,15459.2899,15887.4726,0
28628,385.84,15459.2899,15887.4726,0
28633,385.95,15459.5650,15887.4726,0
28634,386.01,15459.5650,15887.4726,0
28641,386.15,15459.5650,15887.4726,0
28644,386.24,15459.5650,15887.4726,0
28649,386.43,15459.5650,15887.4726,0
28650,386.50,15459.5650,15887.4726,0
28651,386.50,15459.5650,15887.4726,0
28654,386.51,15459.5650,15887.4726,0
28657,386.61,15459.5650,15887.4726,0
28658,386.63,15470.1585,15887.4726,0
28667,386.90,15470.1585,15887.4726,0
28678,387.13,15474.7699,15887.4726,0
28682,387.36,15474.7699,15887.4726,0
28699,387.77,15474.7699,15887.4726,0
28701,387.78,15474.7699,15887.4726,0
28705,387.92,15474.7699,15887.4726,0
28713,388.04,15506.7400,15887.4726,0
28718,388.14,15507.1607,15887.4726,0
28721,388.24,15507.1607,15887.4726,0
28724,388.35,15507.1607,15887.4726,0
28727,388.39,15507.1607,15887.4726,0
28729,388.46,15507.1607,15887.4726,0
28731,388.46,15507.1607,15887.4726,0
28732,388.46,15507.1607,15887.4726,0
28736,388.58,15507.1607,15887.4726,0
28737,388.60,15507.1607,15887.4726,0
28738,388.60,15507.1607,15887.4726,0
28751,388.89,15507.1607,15887.4726,0
28752,388.91,15507.1607,15887.4726,0
28754,389.03,15507.1607,15887.4726,0
28755,389.10,15507.1607,15887.4726,0
28756,389.13,15507.1607,15887.4726,0
28760,389.14,15507.1607,15887.4726,0
28762,389.16,15507.1607,15887.4726,0
28763,389.21,15507.1607,15887.4726,0
28764,389.25,15507.1607,15887.4726,0
28766,389.30,15507.1607,15887.4726,0
28782,389.49,15507.1607,15887.4726,0
28784,389.59,15507.1607,15887.4726,0
28786,389.62,15507.1607,15887.4726,0
28793,389.63,15507.1607,15887.4726,0
28794,389.63,15507.1607,15887.4726,0
28797,389.70,15507.1607,15887.4726,0
28811,389.88,15507.1607,15887.4726,0
28819,390.03,15507.1607,15887.4726,0
28829,390.09,15507.1607,15887.4726,0
28833,390.09,15507.1607,15887.4726,0
28846,390.21,15507.1607,15887.4726,0
28855,390.22,15507.1607,15887.4726,0
28864,390.25,15507.1607,15887.4726,0
28866,390.28,15507.1607,15887.4726,0
28873,390.35,15507.1607,15887.4726,0
28880,390.36,15507.1607,15887.4726,0
28884,390.39,15507.1607,15887.4726,0
28895,390.52,15507.1607,15887.4726,0
28902,390.54,15507.1607,15887.4726,0
28908,390.55,15507.1607,15887.4726,0
28910,390.58,15507.1607,15887.4726,0
28914,390.59,15507.1607,15887.4726,0
28918,390.62,15507.1607,15887.4726,0
28934,390.65,15507.1607,15887.4726,0
28935,390.65,15507.1607,15887.4726,0
28936,390.68,15507.1607,15887.4726,0
28948,390.69,15507.1607,15887.4726,0
28950,390.70,15507.1607,15887.4726,0
28958,390.70,15507.1607,15887.4726,0
28968,390.71,15507.1607,15887.4726,0
28973,390.72,15507.1607,15887.4726,0
28974,390.77,15507.1607,15887.4726,0
28977,390.78,15507.1607,15887.4726,0
28982,390.78,15507.1607,15887.4726,0
28987,390.79,15507.1607,15887.4726,0
28988,390.79,15507.1607,15887.4726,0
28992,390.79,15507.1607,15887.4726,0
28994,390.80,15507.1607,15887.4726,0
28996,390.87,15507.1607,15887.4726,0
29001,390.91,15507.1607,15887.4726,0
29007,390.92,15507.1607,15887.4726,0
29013,390.97,15507.1607,15887.4726,0
29019,390.98,15507.1607,15887.4726,1
29020,391.02,14806.4336,15887.4726,0
29022,391.19,14806.4336,15887.4726,0
29023,391.22,14806.4336,15887.4726,0
29026,391.37,14806.4336,15887.4726,0
29032,391.50,14806.4336,15887.4726,0
29033,391.53,14806.4336,15887.4726,0
29037,391.65,14806.4336,15887.4726,0
29040,391.74,14806.4336,15887.4726,0
29045,391.85,14806.4336,15887.4726,0
29051,391.99,14871.6314,15887.4726,0
29053,392.05,14871.6314,15887.4726,0
29058,392.18,14871.6314,15887.4726,0
29060,392.25,14871.6314,15887.4726,0
29063,392.35,14871.6314,15887.4726,0
29066,392.46,14871.6314,15887.4726,0
29067,392.54,14871.6314,15887.4726,0
29068,392.64,14871.6314,15887.4726,0
29069,392.67,14871.6314,15887.4726,0
29075,392.85,14871.6314,15887.4726,0
29080,393.03,14871.6314,15887.4726,0
29084,393.09,14871.6314,15887.4726,0
29093,393.25,14871.6314,15887.4726,0
29102,393.41,14871.6314,15887.4726,0
29103,393.45,14871.6314,15887.4726,0
29107,393.54,14871.6314,15887.4726,0
29112,393.58,14871.6314,15887.4726,0
29115,393.61,14871.6314,15887.4726,0
29117,393.68,14932.0036,15887.4726,0
29119,393.74,14932.0036,15887.4726,0
29122,393.88,14932.0036,15887.4726,0
29126,394.02,14932.0036,15887.4726,0
29135,394.18,14932.0036,15887.4726,0
29136,394.28,14936.6293,15887.4726,0
29140,394.32,14936.6293,15887.4726,0
29150,394.62,14936.6293,15887.4726,0
29156,394.72,14936.6293,15887.4726,0
29159,394.79,14937.0034,15887.4726,0
29176,395.22,14937.0034,15887.4726,0
29202,395.49,14937.0034,15887.4726,0
29204,395.54,15156.4707,15887.4726,0
29214,395.78,15156.4707,15887.4726,0
29215,395.86,15156.4707,15887.4726,0
29227,396.02,15156.4707,15887.4726,0
29240,396.26,15156.4707,15887.4726,0
29248,396.35,15156.4707,15887.4726,0
29255,396.52,15156.4780,15887.4726,0
29264,396.86,15156.4780,15887.4726,0
29281,397.17,15161.8822,15887.4726,0
29297,397.60,15161.8822,15887.4726,0
29299,397.70,15161.8822,15887.4726,0
29304,397.78,15161.8822,15887.4726,0
29305,397.83,15161.8822,15887.4726,0
29308,397.86,15161.8822,15887.4726,0
29310,397.95,15254.5178,15887.4726,0
29333,398.50,15254.5178,15887.4726,0
29344,398.63,15367.9799,15887.4726,0
29349,398.81,15367.9799,15887.4726,0
29354,398.96,15367.9799,15887.4726,0
29361,399.13,15367.9799,15887.4726,0
29370,399.40,15367.9799,15887.4726,0
29372,399.41,15367.9799,15887.4726,0
29375,399.46,15367.9799,15887.4726,0
29377,399.49,15367.9799,15887.4726,0
29381,399.49,15367.9799,15887.4726,0
29394,399.68,15367.9799,15887.4726,0
29411,399.84,15367.9799,15887.4726,0
29418,399.94,15367.9799,15887.4726,0
29420,399.96,15367.9799,15887.4726,0
29421,399.96,15367.9799,15887.4726,0
29423,399.97,15367.9799,15887.4726,0
29424,399.97,15367.9799,15887.4726,0
29430,400.01,15367.9799,15887.4726,0
29434,400.04,15375.3412,15887.4726,0
29435,400.06,15375.3412,15887.4726,0
29438,400.14,15375.3412,15887.4726,0
29442,400.26,15375.3412,15887.4726,0
29444,400.34,15375.3412,15887.4726,0
29450,400.44,15375.3412,15887.4726,0
29461,400.72,15375.3412,15887.4726,0
29462,400.79,15375.3412,15887.4726,0
29464,400.85,15375.3412,15887.4726,0
29468,400.92,15375.3412,15887.4726,0
29479,401.02,15375.3412,15887.4726,0
29481,401.08,15375.3412,15887.4726,0
29484,401.17,15375.3412,15887.4726,0
29510,401.39,15375.3412,15887.4726,0
29511,401.41,15375.3412,15887.4726,0
29520,401.48,15375.3412,15887.4726,0
29523,401.51,15375.3412,15887.4726,0
29532,401.60,15375.3412,15887.4726,0
29547,401.64,15383.2849,15887.4726,0
29552,401.80,15383.2849,15887.4726,0
29562,402.02,15383.2849,15887.4726,0
29565,402.11,15383.2849,15887.4726,0
29568,402.22,15383.2849,15887.4726,0
29569,402.24,15416.1572,15887.4726,0
29589,402.67,15416.1572,15887.4726,0
29600,402.89,15416.1572,15887.4726,0
29654,403.38,15416.1572,15887.4726,0
29666,403.46,15416.1572,15887.4726,0
29667,403.48,15416.1572,15887.4726,0
29700,403.75,15416.1572,15887.4726,0
29707,403.79,15416.1572,15887.4726,0
29727,403.83,15416.1572,15887.4726,0
29747,404.00,15416.1572,15887.4726,0
29755,404.01,15416.1572,15887.4726,0
29768,404.06,15416.1572,15887.4726,0
29784,404.11,15416.1572,15887.4726,0
29803,404.13,15416.1572,15887.4726,0
29815,404.16,15416.1572,15887.4726,0
29837,404.24,15416.1572,15887.4726,0
29842,404.24,15416.1572,15887.4726,0
29844,404.29,15416.1572,15887.4726,0
29857,404.31,15416.1572,15887.4726,0
29870,404.36,15416.1572,15887.4726,1
29871,404.40,14588.3770,15887.4726,0
29872,404.47,14588.3770,15887.4726,0
29873,404.50,14588.3770,15887.4726,0
29876,404.61,14589.1594,15887.4726,0
29878,404.67,14611.8093,15887.4726,0
29879,404.74,14611.8093,15887.4726,0
29880,404.79,14661.1328,15887.4726,0
29885,404.92,14661.1328,15887.4726,0
29890,405.07,14661.1328,15887.4726,0
29891,405.09,14661.1328,15887.4726,0
29894,405.21,14661.1328,15887.4726,0
29898,405.29,14767.3667,15887.4726,0
29909,405.53,14767.3667,15887.4726,0
29912,405.65,14768.9744,15887.4726,0
29913,405.67,14768.9744,15887.4726,0
29914,405.69,14768.9744,15887.4726,0
29918,405.92,14768.9744,15887.4726,0
29920,405.94,14864.9274,15887.4726,0
29922,406.02,14864.9274,15887.4726,0
29926,406.11,14864.9274,15887.4726,0
29935,406.33,14864.9274,15887.4726,0
29938,406.37,14871.3978,15887.4726,0
29940,406.43,14873.0522,15887.4726,0
29944,406.51,14873.0522,15887.4726,0
29945,406.53,14888.3928,15887.4726,0
29946,406.55,14905.8221,15887.4726,0
29947,406.60,14905.8221,15887.4726,0
29948,406.63,14905.8221,15887.4726,0
29954,406.81,14932.5115,15887.4726,0
29960,406.93,14942.5906,15887.4726,0
29961,406.95,14942.8047,15887.4726,0
29963,407.00,14942.8047,15887.4726,0
29967,407.11,14942.8047,15887.4726,0
29968,407.17,14942.8047,15887.4726,0
29969,407.19,14942.8047,15887.4726,0
29971,407.24,15165.5624,15887.4726,0
29972,407.26,15165.5624,15887.4726,0
29978,407.38,15341.9649,15887.4726,0
29988,407.62,15418.9317,15887.4726,0
29991,407.72,15418.9317,15887.4726,0
29997,407.93,15418.9317,15887.4726,0
30001,407.96,15418.9317,15887.4726,0
30042,408.68,15418.9317,15887.4726,0
30057,408.82,15418.9317,15887.4726,0
30061,408.86,15418.9317,15887.4726,0
30064,408.95,15418.9317,15887.4726,0
30093,409.27,15418.9317,15887.4726,0
30097,409.27,15418.9317,15887.4726,0
30105,409.36,15418.9317,15887.4726,0
30108,409.52,15418.9317,15887.4726,0
30124,409.75,15419.0731,15887.4726,0
30125,409.82,15420.7552,15887.4726,0
30126,409.84,15420.7552,15887.4726,0
30171,410.80,15420.7552,15887.4726,0
30173,410.80,15420.7552,15887.4726,0
30194,411.03,15420.7552,15887.4726,0
30229,411.35,15429.5887,15887.4726,0
30234,411.49,15429.5887,15887.4726,0
30241,411.66,15429.5887,15887.4726,0
30242,411.73,15429.5887,15887.4726,0
30245,411.77,15429.5887,15887.4726,0
30267,412.15,15429.5887,15887.4726,0
30274,412.30,15429.5887,15887.4726,0
30286,412.42,15429.5887,15887.4726,0
30291,412.45,15429.5887,15887.4726,0
30308,412.77,15429.5887,15887.4726,0
30326,412.97,15429.5887,15887.4726,0
30365,413.34,15429.5887,15887.4726,0
30387,413.53,15429.5887,15887.4726,0
30409,413.79,15429.5887,15887.4726,0
30426,413.87,15429.5887,15887.4726,0
30428,413.90,15429.5887,15887.4726,0
30442,414.04,15429.5887,15887.4726,0
30455,414.14,15429.5887,15887.4726,0
30468,414.24,15429.5887,15887.4726,0
30475,414.26,15429.5887,15887.4726,0
30489,414.31,15429.5887,15887.4726,0
30491,414.33,15429.5887,15887.4726,0
30504,414.34,15429.5887,15887.4726,0
30505,414.36,15434.2600,15887.4726,0
30507,414.43,15434.2600,15887.4726,0
30510,414.45,15434.2600,15887.4726,0
30512,414.52,15434.2600,15887.4726,0
30515,414.57,15434.2600,15887.4726,0
30523,414.82,15602.7275,15887.4726,0
30530,414.99,15602.7275,15887.4726,0
30537,415.08,15602.7275,15887.4726,0
30543,415.24,15602.7275,15887.4726,0
30563,415.39,15602.7275,15887.4726,0
30574,415.55,15603.8137,15887.4726,0
30581,415.75,15603.8137,15887.4726,0
30583,415.85,15603.8137,15887.4726,0
30585,415.95,15603.8137,15887.4726,0
30587,415.98,15603.8137,15887.4726,0
30588,415.98,15603.8137,15887.4726,0
30591,416.02,15603.8137,15887.4726,0
30596,416.11,15603.8137,15887.4726,0
30598,416.14,15603.8137,15887.4726,0
30603,416.24,15603.8137,15887.4726,0
30618,416.48,15603.8137,15887.4726,0
30625,416.54,15603.8137,15887.4726,0
30636,416.73,15603.8137,15887.4726,0
30640,416.77,15603.8137,15887.4726,0
30641,416.81,15603.8137,15887.4726,0
30642,416.81,15603.8137,15887.4726,0
30649,416.89,15603.8137,15887.4726,0
30651,416.90,15603.8137,15887.4726,0
30655,416.97,15603.8137,15887.4726,0
30665,417.02,15603.8137,15887.4726,0
30669,417.11,15603.8137,15887.4726,0
30676,417.13,15603.8137,15887.4726,0
30678,417.19,15603.8137,15887.4726,0
30679,417.19,15603.8137,15887.4726,0
30685,417.24,15603.8137,15887.4726,0
30691,417.25,15603.8137,15887.4726,0
30692,417.25,15603.8137,15887.4726,0
30693,417.25,15603.8137,15887.4726,0
30703,417.29,15603.8137,15887.4726,0
30711,417.36,15603.8137,15887.4726,0
30719,417.38,15603.8137,15887.4726,0
30722,417.40,15603.8137,15887.4726,0
30729,417.48,15603.8137,15887.4726,0
30738,417.64,15694.5030,15887.4726,0
30743,417.84,15694.5030,15887.4726,0
30753,418.25,15694.5030,15887.4726,0
30759,418.41,15694.5030,15887.4726,0
30762,418.43,15694.5030,15887.4726,0
30763,418.47,15694.5030,15887.4726,0
30768,418.62,15694.5030,15887.4726,0
30770,418.64,15694.5030,15887.4726,0
30776,418.79,15694.5030,15887.4726,0
30785,418.97,15694.5030,15887.4726,0
30790,418.98,15694.5030,15887.4726,0
30792,419.16,15694.5030,15887.4726,0
30803,419.41,15694.5030,15887.4726,0
30828,419.84,15694.5030,15887.4726,0
30838,419.92,15694.5030,15887.4726,0
30841,419.97,15695.0098,15887.4726,0
30861,420.61,15695.0098,15887.4726,0
30879,421.13,15695.0098,15887.4726,0
30880,421.13,15695.0098,15887.4726,0
30909,421.59,15695.0098,15887.4726,0
30939,421.90,15695.0098,15887.4726,0
30941,421.93,15695.0098,15887.4726,0
30983,422.42,15695.0098,15887.4726,0
30999,422.70,15695.0098,15887.4726,0
31018,422.86,15695.0098,15887.4726,0
31026,423.04,15695.0098,15887.4726,0
31031,423.05,15695.0098,15887.4726,0
31040,423.09,15705.0863,15887.4726,0
31045,423.20,15705.0863,15887.4726,0
31049,423.31,15705.0863,15887.4726,0
31050,423.40,15705.0863,15887.4726,0
31060,423.56,15705.0863,15887.4726,0
31061,423.56,15705.0863,15887.4726,0
31063,423.66,15705.0863,15887.4726,0
31071,423.75,15705.0863,15887.4726,0
31072,423.75,15705.0863,15887.4726,0
31073,423.80,15705.0863,15887.4726,0
31074,423.80,15705.0863,15887.4726,0
31077,423.83,15705.0863,15887.4726,0
31078,423.85,15705.0863,15887.4726,0
31082,423.89,15705.0863,15887.4726,0
31086,423.96,15705.0863,15887.4726,0
31090,423.98,15705.0863,15887.4726,0
31091,424.00,15705.0863,15887.4726,0
31096,424.08,15705.0863,15887.4726,0
31100,424.09,15705.0863,15887.4726,0
31102,424.09,15705.0863,15887.4726,0
31105,424.10,15705.0863,15887.4726,0
31112,424.22,15705.0863,15887.4726,0
31113,424.23,15705.0863,15887.4726,0
31115,424.23,15705.0863,15887.4726,0
31119,424.34,15705.0863,15887.4726,0
31124,424.39,15705.0863,15887.4726,0
31125,424.45,15705.0863,15887.4726,0
31127,424.54,15705.0863,15887.4726,0
31138,424.62,15705.0863,15887.4726,0
31140,424.63,15705.0863,15887.4726,0
31145,424.63,15705.0863,15887.4726,0
31148,424.72,15705.0863,15887.4726,0
31149,424.72,15705.0863,15887.4726,0
31150,424.72,15705.0863,15887.4726,0
31157,424.76,15705.0863,15887.4726,0
31158,424.76,15705.0863,15887.4726,0
31159,424.76,15705.0863,15887.4726,0
31162,424.84,15705.0863,15887.4726,0
31163,424.85,15705.0863,15887.4726,0
31171,424.94,15705.0863,15887.4726,0
31174,424.96,15705.0863,15887.4726,0
31180,424.96,15705.0863,15887.4726,0
31182,425.09,15705.0863,15887.4726,0
31184,425.09,15705.0863,15887.4726,0
31195,425.16,15705.0863,15887.4726,0
31196,425.20,15705.0863,15887.4726,0
31201,425.22,15705.0863,15887.4726,0
31202,425.22,15705.0863,15887.4726,0
31207,425.24,15705.0863,15887.4726,0
31208,425.24,15705.0863,15887.4726,0
31209,425.27,15705.0863,15887.4726,0
31212,425.33,15705.0863,15887.4726,0
31215,425.33,15705.0863,15887.4726,0
31216,425.33,15705.0863,15887.4726,0
31218,425.34,15705.0863,15887.4726,0
31225,425.35,15705.0863,15887.4726,0
31226,425.35,15705.0863,15887.4726,0
31227,425.35,15705.0863,15887.4726,0
31233,425.36,15705.0863,15887.4726,0
31234,425.36,15705.0863,15887.4726,0
31235,425.37,15705.0863,15887.4726,0
31242,425.43,15705.0863,15887.4726,0
31243,425.43,15705.0863,15887.4726,0
31246,425.47,15705.0863,15887.4726,0
31253,425.49,15705.0863,15887.4726,0
31255,425.50,15705.0863,15887.4726,0
31263,425.67,15712.4844,15887.4726,0
31267,425.74,15712.4844,15887.4726,0
31272,425.92,15712.4844,15887.4726,0
31273,425.95,15712.4844,15887.4726,0
31290,426.55,15712.4844,15887.4726,0
31291,426.60,15712.4844,15887.4726,0
31293,426.62,15712.4844,15887.4726,0
31303,426.93,15712.4844,15887.4726,0
31312,427.09,15712.4844,15887.4726,0
31323,427.25,15712.4844,15887.4726,0
31330,427.50,15712.4844,15887.4726,0
31351,428.02,15712.4844,15887.4726,0
31370,428.57,15712.4844,15887.4726,0
31374,428.69,15712.4844,15887.4726,0
31383,428.82,15712.4844,15887.4726,0
31387,428.89,15712.4844,15887.4726,0
31394,428.96,15720.0784,15887.4726,0
31400,429.13,15720.8994,15887.4726,0
31412,429.45,15720.8994,15887.4726,0
31415,429.57,15720.8994,15887.4726,0
31467,430.50,15720.8994,15887.4726,0
31579,431.66,15720.8994,15887.4726,0
31701,432.76,15720.8994,15887.4726,1
31703,432.85,14571.0144,15887.4726,0
31706,432.95,14571.0144,15887.4726,0
31707,432.98,14571.0144,15887.4726,0
31708,433.02,14571.0144,15887.4726,0
31709,433.03,14580.5371,15887.4726,0
31710,433.05,14608.8175,15887.4726,0
31712,433.11,14615.7010,15887.4726,0
31715,433.19,14641.0278,15887.4726,0
31716,433.21,14641.0278,15887.4726,0
31717,433.26,14641.0278,15887.4726,0
31719,433.38,14641.0278,15887.4726,0
31722,433.50,14641.0278,15887.4726,0
31723,433.52,14871.9403,15887.4726,0
31728,433.69,14887.6731,15887.4726,0
31729,433.71,14887.6731,15887.4726,0
31732,433.88,14887.6731,15887.4726,0
31735,433.99,14887.6731,15887.4726,0
31745,434.28,15004.4897,15887.4726,0
31749,434.50,15004.4897,15887.4726,0
31755,434.63,15004.4897,15887.4726,0
31758,434.73,15035.5161,15887.4726,0
31759,434.83,15050.8089,15887.4726,0
31764,435.04,15050.8089,15887.4726,0
31772,435.40,15200.0753,15887.4726,0
31782,435.88,15285.6921,15887.4726,0
31784,435.96,15285.6921,15887.4726,0
31789,436.07,15285.6921,15887.4726,0
31799,436.42,15294.6570,15887.4726,0
31803,436.60,15319.6630,15887.4726,0
31829,437.62,15319.6630,15887.4726,0
31831,437.69,15319.6630,15887.4726,0
31840,438.05,15319.6630,15887.4726,0
31843,438.13,15319.6630,15887.4726,0
31850,438.32,15319.6630,15887.4726,0
31956,440.13,15319.6630,15887.4726,0
32014,441.12,15355.1943,15887.4726,0
32021,441.40,15408.7504,15887.4726,0
32025,441.62,15408.7504,15887.4726,0
32028,441.72,15496.8335,15887.4726,0
32033,441.97,15503.9240,15887.4726,0
32055,442.63,15503.9240,15887.4726,0
32076,443.22,15505.1681,15887.4726,0
32105,444.24,15505.1681,15887.4726,0
32111,444.44,15505.1681,15887.4726,0
32118,444.73,15505.1681,15887.4726,0
32129,444.86,15505.1681,15887.4726,0
32141,445.12,15505.1681,15887.4726,0
32156,445.47,15505.1681,15887.4726,0
32157,445.53,15505.1681,15887.4726,0
32160,445.61,15505.1681,15887.4726,0
32163,445.71,15505.1681,15887.4726,0
32166,445.77,15505.1681,15887.4726,0
32175,445.95,15505.1681,15887.4726,0
32196,446.58,15505.1681,15887.4726,0
32197,446.60,15505.1681,15887.4726,0
32199,446.60,15505.1681,15887.4726,0
32201,446.60,15505.1681,15887.4726,0
32203,446.63,15505.2936,15887.4726,0
32210,446.91,15505.2936,15887.4726,0
32213,447.10,15505.2936,15887.4726,0
32229,447.64,15509.7628,15887.4726,0
32235,447.87,15509.7628,15887.4726,0
32240,448.09,15509.7628,15887.4726,0
32242,448.16,15509.7628,15887.4726,0
32250,448.34,15509.7628,15887.4726,0
32251,448.36,15509.7628,15887.4726,0
32259,448.62,15509.7628,15887.4726,0
32264,448.73,15509.7628,15887.4726,0
32273,449.12,15606.9160,15887.4726,0
32283,449.52,15606.9160,15887.4726,0
32286,449.59,15606.9160,15887.4726,0
32287,449.61,15606.9160,15887.4726,0
32304,450.16,15606.9160,15887.4726,0
32308,450.30,15606.9160,15887.4726,0
32317,450.56,15606.9160,15887.4726,0
32328,450.81,15606.9160,15887.4726,0
32333,451.06,15673.9556,15887.4726,0
32404,453.11,15673.9556,15887.4726,0
32491,454.63,15676.2386,15887.4726,0
32579,457.37,15676.2386,15887.4726,0
32596,457.72,15676.2386,15887.4726,0
32624,458.01,15676.2386,15887.4726,0
32671,458.62,15676.2386,15887.4726,0
32672,458.62,15676.2386,15887.4726,0
32685,458.73,15676.2386,15887.4726,0
32695,458.88,15676.2386,15887.4726,0
32773,459.80,15676.2386,15887.4726,0
32792,460.19,15676.2386,15887.4726,1
32794,460.42,14988.4403,15887.4726,0
32795,460.45,15060.2457,15887.4726,0
32805,460.85,15060.2457,15887.4726,0
32809,460.98,15060.2457,15887.4726,0
32812,461.06,15060.2457,15887.4726,0
32824,461.53,15060.2457,15887.4726,0
32825,461.59,15093.2332,15887.4726,0
32827,461.65,15093.2332,15887.4726,0
32828,461.67,15220.2527,15887.4726,0
32833,461.87,15220.2527,15887.4726,0
32862,462.41,15220.2527,15887.4726,0
32869,462.48,15220.2527,15887.4726,0
32891,462.64,15220.6708,15887.4726,0
32897,462.78,15220.6708,15887.4726,0
32899,462.85,15220.6708,15887.4726,0
32900,462.88,15444.5672,15887.4726,0
32901,463.01,15463.2235,15887.4726,0
32926,463.56,15463.2235,15887.4726,0
32955,464.08,15463.2235,15887.4726,0
32957,464.08,15463.2235,15887.4726,0
32973,464.21,15463.2235,15887.4726,0
32976,464.23,15467.8927,15887.4726,0
32979,464.37,15467.8927,15887.4726,0
32986,464.63,15603.5355,15887.4726,0
32990,464.75,15603.5355,15887.4726,0
32996,464.93,15603.5355,15887.4726,0
33000,464.94,15603.5355,15887.4726,0
33028,465.38,15603.5355,15887.4726,0
33029,465.46,15603.5355,15887.4726,0
33039,465.60,15603.5355,15887.4726,0
33044,465.67,15603.5355,15887.4726,0
33046,465.72,15603.5355,15887.4726,0
33049,465.73,15603.5355,15887.4726,0
33061,465.81,15603.5355,15887.4726,0
33063,465.81,15603.5355,15887.4726,0
33065,465.81,15603.5355,15887.4726,0
33077,465.83,15603.5355,15887.4726,0
33080,465.83,15603.5355,15887.4726,0
33097,465.96,15603.5355,15887.4726,0
33105,465.98,15603.5355,15887.4726,0
33108,466.05,15603.5355,15887.4726,0
33109,466.05,15603.5355,15887.4726,0
33125,466.12,15603.5355,15887.4726,0
33126,466.12,15603.5355,15887.4726,0
33136,466.16,15603.5355,15887.4726,0
33156,466.21,15603.5355,15887.4726,0
33163,466.25,15603.5355,15887.4726,0
33183,466.28,15603.5355,15887.4726,0
33185,466.28,15603.5355,15887.4726,0
33191,466.29,15603.5355,15887.4726,0
33207,466.32,15603.5355,15887.4726,0
33212,466.32,15603.5355,15887.4726,0
33225,466.37,15604.3079,15887.4726,0
33239,466.73,15604.3079,15887.4726,0
33243,466.75,15604.3079,15887.4726,0
33287,467.34,15604.3079,15887.4726,0
33290,467.40,15604.3079,15887.4726,0
33292,467.41,15604.3079,15887.4726,0
33293,467.43,15604.3079,15887.4726,0
33295,467.43,15604.3079,15887.4726,0
33303,467.53,15604.3079,15887.4726,0
33320,467.72,15604.3079,15887.4726,0
33329,467.74,15604.3079,15887.4726,0
33344,467.82,15604.3079,15887.4726,0
33350,467.83,15604.3079,15887.4726,0
33355,467.84,15604.3079,15887.4726,0
33359,467.91,15604.3079,15887.4726,0
33360,467.91,15604.3079,15887.4726,0
33370,467.92,15604.3079,15887.4726,0
33372,467.92,15604.3079,15887.4726,0
33380,467.95,15604.3079,15887.4726,0
33383,467.99,15604.3079,15887.4726,0
33386,467.99,15604.3079,15887.4726,0
33400,468.01,15604.3079,15887.4726,0
33416,468.03,15604.3079,15887.4726,0
33421,468.03,15604.3079,15887.4726,0
33423,468.04,15604.3079,15887.4726,0
33427,468.06,15628.4458,15887.4726,0
33428,468.10,15634.3285,15887.4726,0
33429,468.13,15634.3285,15887.4726,0
33431,468.19,15634.3285,15887.4726,0
33434,468.29,15634.3285,15887.4726,0
33435,468.31,15634.3285,15887.4726,0
33438,468.39,15634.3285,15887.4726,0
33439,468.46,15634.3285,15887.4726,0
33443,468.54,15634.3285,15887.4726,0
33445,468.56,15664.8535,15887.4726,0
33451,468.85,15664.8535,15887.4726,0
33459,468.94,15664.8535,15887.4726,0
33463,469.02,15668.4838,15887.4726,0
33464,469.07,15668.4838,15887.4726,0
33465,469.10,15686.5885,15887.4726,0
33467,469.25,15686.5885,15887.4726,0
33468,469.27,15687.2533,15887.4726,0
33475,469.54,15687.2533,15887.4726,0
33485,469.66,15687.2533,15887.4726,0
33488,469.69,15687.2533,15887.4726,0
33493,469.77,15687.2533,15887.4726,0
33496,469.86,15687.2533,15887.4726,0
33501,469.94,15687.2533,15887.4726,0
33510,470.01,15687.2533,15887.4726,0
33517,470.10,15687.3365,15887.4726,0
33519,470.14,15694.6969,15887.4726,0
33522,470.22,15694.6969,15887.4726,0
33529,470.40,15694.6969,15887.4726,0
33540,470.61,15694.6969,15887.4726,0
33546,470.79,15694.6969,15887.4726,0
33548,470.84,15694.6969,15887.4726,0
33550,470.88,15694.6969,15887.4726,0
33556,471.01,15694.6969,15887.4726,0
33565,471.16,15694.6969,15887.4726,0
33572,471.25,15694.6969,15887.4726,0
33575,471.26,15694.6969,15887.4726,0
33576,471.28,15694.6969,15887.4726,0
33577,471.30,15694.6969,15887.4726,0
33581,471.33,15694.6969,15887.4726,0
33588,471.43,15694.6969,15887.4726,0
33589,471.45,15694.6969,15887.4726,0
33590,471.50,15694.6969,15887.4726,0
33605,471.61,15694.6969,15887.4726,0
33606,471.61,15694.6969,15887.4726,0
33613,471.73,15694.6969,15887.4726,0
33616,471.82,15694.6969,15887.4726,0
33617,471.82,15694.6969,15887.4726,0
33624,471.85,15694.6969,15887.4726,0
33635,471.90,15694.6969,15887.4726,0
33637,471.92,15694.6969,15887.4726,0
33639,471.93,15694.6969,15887.4726,0
33640,471.96,15694.6969,15887.4726,0
33644,471.97,15694.6969,15887.4726,0
33645,471.97,15694.6969,15887.4726,0
33650,472.03,15694.6969,15887.4726,0
33655,472.06,15694.6969,15887.4726,0
33661,472.09,15694.6969,15887.4726,0
33666,472.14,15694.6969,15887.4726,0
33672,472.16,15694.6969,15887.4726,0
33675,472.16,15694.6969,15887.4726,0
33689,472.24,15694.6969,15887.4726,0
33694,472.25,15694.6969,15887.4726,0
33697,472.28,15694.6969,15887.4726,0
33699,472.30,15694.6969,15887.4726,0
33706,472.32,15694.6969,15887.4726,0
33714,472.41,15694.6969,15887.4726,0
33715,472.44,15694.6969,15887.4726,0
33720,472.50,15708.0901,15887.4726,0
33723,472.55,15708.0901,15887.4726,0
33732,472.82,15708.0901,15887.4726,0
33810,473.78,15708.0901,15887.4726,0
33820,473.88,15708.0901,15887.4726,0
33842,474.24,15708.0901,15887.4726,0
33886,474.58,15708.0901,15887.4726,0
33908,474.73,15708.0901,15887.4726,0
33910,474.73,15708.0901,15887.4726,0
33922,474.77,15708.0901,15887.4726,0
33941,474.89,15708.0901,15887.4726,0
33977,475.10,15708.0901,15887.4726,0
33985,475.14,15708.0901,15887.4726,0
34006,475.26,15708.0901,15887.4726,0
34009,475.29,15708.0901,15887.4726,0
34021,475.38,15708.0901,15887.4726,1
34022,475.54,14116.8744,15887.4726,0
34023,475.58,14206.9762,15887.4726,0
34026,475.69,14206.9762,15887.4726,0
34034,475.93,14206.9762,15887.4726,0
34036,475.98,14411.2704,15887.4726,0
34039,476.09,14411.2704,15887.4726,0
34040,476.11,14411.2704,15887.4726,0
34050,476.45,14411.2704,15887.4726,0
34051,476.50,14544.5558,15887.4726,0
34062,476.79,14544.5558,15887.4726,0
34068,476.87,14544.5558,15887.4726,0
34082,477.13,14544.5558,15887.4726,0
34085,477.20,14544.5558,15887.4726,0
34094,477.39,14544.5558,15887.4726,0
34097,477.46,14544.5558,15887.4726,0
34098,477.46,14544.5558,15887.4726,0
34100,477.50,14544.5558,15887.4726,0
34105,477.55,14544.5558,15887.4726,0
34143,478.04,14553.6100,15887.4726,0
34153,478.38,14640.0669,15887.4726,0
34154,478.40,14646.0327,15887.4726,0
34156,478.50,14665.2377,15887.4726,0
34165,478.79,14665.2377,15887.4726,0
34166,478.82,14790.9821,15887.4726,0
34168,478.86,14893.2144,15887.4726,0
34170,478.91,14893.2144,15887.4726,0
34177,479.10,14893.2144,15887.4726,0
34179,479.15,14893.2144,15887.4726,0
34192,479.39,14893.2144,15887.4726,0
34202,479.60,15271.7822,15887.4726,0
34205,479.72,15271.7822,15887.4726,0
34206,479.76,15271.7822,15887.4726,0
34208,479.85,15303.1457,15887.4726,0
34210,479.90,15303.1457,15887.4726,0
34211,479.92,15303.1457,15887.4726,0
34213,479.98,15303.1457,15887.4726,0
34218,480.20,15303.1457,15887.4726,0
34219,480.25,15303.1457,15887.4726,0
34222,480.30,15355.0612,15887.4726,0
34230,480.60,15355.0612,15887.4726,0
34231,480.63,15355.0612,15887.4726,0
34232,480.71,15389.6837,15887.4726,0
34239,480.91,15389.6837,15887.4726,0
34240,480.95,15389.6837,15887.4726,0
34241,480.97,15389.6837,15887.4726,0
34248,481.23,15389.6837,15887.4726,0
34249,481.25,15393.2164,15887.4726,0
34250,481.30,15393.2164,15887.4726,0
34253,481.45,15393.7318,15887.4726,0
34254,481.47,15410.2533,15887.4726,0
34302,482.10,15410.2533,15887.4726,0
34304,482.15,15410.2533,15887.4726,0
34321,482.38,15431.1455,15887.4726,0
34322,482.42,15431.1455,15887.4726,0
34323,482.45,15431.1455,15887.4726,0
34325,482.50,15431.1455,15887.4726,0
34326,482.55,15622.0004,15887.4726,0
34328,482.61,15622.0004,15887.4726,0
34335,482.83,15622.0004,15887.4726,0
34348,483.13,15622.0004,15887.4726,0
34363,483.52,15622.0004,15887.4726,0
34370,483.67,15622.0004,15887.4726,0
34379,483.78,15622.0004,15887.4726,0
34393,483.93,15622.0004,15887.4726,0
34398,483.94,15622.0004,15887.4726,0
34406,484.11,15622.0004,15887.4726,0
34415,484.25,15627.9782,15887.4726,0
34428,484.57,15627.9782,15887.4726,0
34434,484.75,15627.9782,15887.4726,0
34436,484.81,15627.9782,15887.4726,0
34451,485.13,15627.9782,15887.4726,0
34454,485.19,15627.9782,15887.4726,0
34457,485.22,15627.9782,15887.4726,0
34464,485.42,15627.9782,15887.4726,0
34470,485.59,15627.9782,15887.4726,0
34479,485.70,15627.9782,15887.4726,0
34480,485.72,15627.9782,15887.4726,0
34484,485.72,15627.9782,15887.4726,0
34496,485.95,15627.9782,15887.4726,0
34498,486.02,15627.9782,15887.4726,0
34509,486.21,15627.9782,15887.4726,0
34510,486.21,15627.9782,15887.4726,0
34523,486.44,15627.9782,15887.4726,0
34524,486.47,15627.9782,15887.4726,0
34527,486.56,15627.9782,15887.4726,0
34544,486.65,15627.9782,15887.4726,0
34554,486.73,15627.9782,15887.4726,0
34566,486.85,15627.9782,15887.4726,0
34578,487.14,15627.9782,15887.4726,0
34604,487.53,15627.9782,15887.4726,0
34608,487.62,15627.9782,15887.4726,0
34616,487.72,15627.9782,15887.4726,0
34628,487.87,15627.9782,15887.4726,0
34630,487.91,15627.9782,15887.4726,0
34632,487.91,15627.9782,15887.4726,0
34646,487.98,15627.9782,15887.4726,0
34648,488.02,15627.9782,15887.4726,0
34657,488.10,15627.9782,15887.4726,0
34668,488.13,15627.9782,15887.4726,0
34669,488.13,15627.9782,15887.4726,0
34674,488.13,15627.9782,15887.4726,0
34675,488.15,15627.9782,15887.4726,0
34695,488.22,15627.9782,15887.4726,0
34716,488.30,15627.9782,15887.4726,1
34717,488.38,14376.9982,15887.4726,0
34718,488.41,14376.9982,15887.4726,0
34719,488.43,14629.4402,15887.4726,0
34732,488.83,14629.4402,15887.4726,0
34735,488.91,14629.4402,15887.4726,0
34736,488.93,14634.6477,15887.4726,0
34737,488.95,14634.6477,15887.4726,0
34738,488.99,14829.5410,15887.4726,0
34739,489.04,14860.9557,15887.4726,0
34740,489.09,14860.9557,15887.4726,0
34742,489.17,15157.3758,15887.4726,0
34743,489.19,15157.3758,15887.4726,0
34744,489.22,15157.3758,15887.4726,0
34747,489.29,15212.4683,15887.4726,0
34748,489.34,15281.8737,15887.4726,0
34751,489.44,15281.8737,15887.4726,0
34755,489.62,15367.3719,15887.4726,0
34756,489.64,15367.3719,15887.4726,0
34757,489.66,15395.8037,15887.4726,0
34758,489.72,15453.9176,15887.4726,0
34760,489.77,15700.9234,15887.4726,0
34763,489.86,15733.5969,15887.4726,0
34764,489.93,15863.6851,15887.4726,0
34767,490.02,15863.6851,15887.4726,0
34768,490.03,15863.6851,15887.4726,0
34771,490.13,15863.6851,15887.4726,0
34786,490.35,15877.0206,15887.4726,0
34787,490.39,16018.7173,16018.7173,0
34788,490.41,16033.8167,16033.8167,0
34790,490.49,16046.5999,16046.5999,0
34791,490.56,16081.7927,16081.7927,0
34792,490.61,16096.4033,16096.4033,0
34794,490.65,16105.6131,16105.6131,0
34795,490.67,16105.6131,16105.6131,0
34796,490.73,16135.7906,16135.7906,0
34799,490.84,16135.7906,16135.7906,0
34803,490.95,16135.7906,16135.7906,0
34805,490.95,16135.7906,16135.7906,0
34808,491.03,16135.7906,16135.7906,0
34809,491.03,16135.7906,16135.7906,0
34822,491.21,16136.7200,16136.7200,0
34824,491.24,16139.2356,16139.2356,0
34826,491.28,16139.2356,16139.2356,0
34832,491.43,16139.2356,16139.2356,0
34835,491.53,16139.2356,16139.2356,0
34843,491.57,16139.2356,16139.2356,0
34851,491.68,16139.2356,16139.2356,0
34855,491.75,16139.2356,16139.2356,0
34860,491.79,16139.2356,16139.2356,0
34864,491.85,16139.2356,16139.2356,0
34867,491.93,16139.2356,16139.2356,0
34881,492.06,16139.2356,16139.2356,0
34884,492.06,16139.2356,16139.2356,0
34890,492.17,16139.2356,16139.2356,0
34893,492.19,16139.2356,16139.2356,0
34901,492.31,16139.2356,16139.2356,0
34906,492.41,16139.2356,16139.2356,0
34910,492.44,16139.2356,16139.2356,0
34911,492.44,16139.2356,16139.2356,0
34922,492.49,16139.2356,16139.2356,0
34923,492.50,16139.2356,16139.2356,0
34925,492.51,16139.2356,16139.2356,0
34928,492.56,16139.2356,16139.2356,0
34929,492.57,16139.2356,16139.2356,0
34931,492.58,16139.2356,16139.2356,0
34933,492.60,16139.2356,16139.2356,0
34939,492.68,16139.2356,16139.2356,0
34941,492.68,16139.2356,16139.2356,0
34942,492.69,16139.2356,16139.2356,0
34943,492.69,16139.2356,16139.2356,0
34953,492.74,16139.2356,16139.2356,0
34958,492.83,16150.6983,16150.6983,0
34961,492.89,16150.6983,16150.6983,0
34963,492.95,16150.6983,16150.6983,0
34964,492.96,16150.6983,16150.6983,0
34968,492.99,16150.6983,16150.6983,0
34969,493.06,16150.6983,16150.6983,0
34971,493.09,16150.6983,16150.6983,0
34973,493.14,16150.6983,16150.6983,0
34979,493.25,16150.6983,16150.6983,0
34980,493.27,16150.6983,16150.6983,0
34984,493.35,16150.6983,16150.6983,0
34986,493.35,16150.6983,16150.6983,0
34989,493.39,16150.6983,16150.6983,0
34990,493.46,16150.6983,16150.6983,0
34991,493.47,16150.6983,16150.6983,0
34993,493.47,16150.6983,16150.6983,0
34994,493.49,16150.6983,16150.6983,0
34995,493.51,16195.4133,16195.4133,0
34997,493.58,16195.4133,16195.4133,0
35001,493.63,16195.4133,16195.4133,0
35010,493.72,16195.4133,16195.4133,0
35013,493.80,16195.4133,16195.4133,0
35017,493.84,16195.4133,16195.4133,0
35018,493.85,16195.4133,16195.4133,0
35020,493.89,16195.4133,16195.4133,0
35021,493.91,16195.4133,16195.4133,0
35036,494.00,16195.4133,16195.4133,0
35040,494.08,16195.4133,16195.4133,0
35043,494.13,16195.4133,16195.4133,0
35044,494.20,16195.4133,16195.4133,0
35046,494.21,16195.4133,16195.4133,0
35050,494.26,16195.4133,16195.4133,0
35051,494.26,16195.4133,16195.4133,0
35054,494.31,16195.4133,16195.4133,0
35055,494.32,16195.4133,16195.4133,0
35060,494.38,16195.4133,16195.4133,0
35061,494.38,16195.4133,16195.4133,0
35062,494.39,16195.4133,16195.4133,0
35063,494.39,16195.4133,16195.4133,0
35065,494.42,16195.4133,16195.4133,0
35067,494.45,16195.4133,16195.4133,0
35068,494.45,16195.4133,16195.4133,0
35074,494.53,16195.4133,16195.4133,0
35075,494.54,16195.4133,16195.4133,0
35078,494.58,16195.4133,16195.4133,0
35080,494.59,16195.4133,16195.4133,0
35083,494.59,16195.4133,16195.4133,0
35084,494.62,16195.4133,16195.4133,0
35085,494.64,16195.4133,16195.4133,0
35088,494.66,16195.4133,16195.4133,0
35093,494.71,16195.4133,16195.4133,0
35098,494.75,16195.4133,16195.4133,0
35099,494.75,16195.4133,16195.4133,0
35100,494.75,16195.4133,16195.4133,0
35101,494.76,16195.4133,16195.4133,0
35103,494.80,16195.4133,16195.4133,0
35105,494.85,16197.0771,16197.0771,0
35108,494.92,16197.0771,16197.0771,0
35117,495.07,16197.0771,16197.0771,0
35123,495.13,16197.0771,16197.0771,0
35127,495.19,16197.0771,16197.0771,0
35137,495.44,16197.0771,16197.0771,0
35150,495.57,16198.0807,16198.0807,0
35152,495.63,16198.0807,16198.0807,0
35153,495.67,16198.0807,16198.0807,0
35164,495.80,16198.0807,16198.0807,0
35165,495.80,16198.0807,16198.0807,0
35167,495.82,16198.0807,16198.0807,0
35171,495.95,16198.0807,16198.0807,0
35176,496.00,16198.0807,16198.0807,0
35181,496.06,16198.0807,16198.0807,0
35184,496.11,16198.0807,16198.0807,0
35194,496.24,16198.0807,16198.0807,0
35206,496.37,16198.0807,16198.0807,0
35207,496.37,16198.0807,16198.0807,0
35208,496.42,16198.0807,16198.0807,0
35212,496.43,16198.0807,16198.0807,0
35221,496.55,16198.0807,16198.0807,0
35230,496.69,16198.0807,16198.0807,0
35236,496.77,16198.0807,16198.0807,0
35256,496.93,16198.0807,16198.0807,0
35258,496.96,16198.0807,16198.0807,0
35260,497.00,16198.0807,16198.0807,0
35267,497.06,16198.0807,16198.0807,0
35268,497.06,16198.0807,16198.0807,0
35271,497.10,16198.0807,16198.0807,0
35279,497.25,16198.0807,16198.0807,0
35293,497.33,16198.0807,16198.0807,0
35297,497.37,16198.0807,16198.0807,0
35318,497.50,16198.0807,16198.0807,0
35334,497.62,16198.0807,16198.0807,0
35337,497.67,16199.5483,16199.5483,0
35338,497.72,16199.5483,16199.5483,0
35340,497.77,16199.5483,16199.5483,0
35343,497.93,16203.2110,16203.2110,0
35344,497.95,16203.2110,16203.2110,0
35367,498.27,16203.2110,16203.2110,0
35384,498.60,16203.2110,16203.2110,0
35385,498.60,16203.2110,16203.2110,0
35393,498.66,16203.2110,16203.2110,0
35402,498.76,16203.2110,16203.2110,0
35425,498.93,16206.5815,16206.5815,0
35428,499.04,16206.5815,16206.5815,0
35429,499.06,16206.5815,16206.5815,0
35430,499.08,16206.5815,16206.5815,0
35431,499.13,16206.5815,16206.5815,0
35447,499.28,16206.5815,16206.5815,0
35450,499.33,16206.5815,16206.5815,0
35452,499.38,16206.5815,16206.5815,0
35453,499.38,16206.5815,16206.5815,0
35456,499.48,16206.5815,16206.5815,0
35458,499.49,16206.5815,16206.5815,0
35466,499.50,16206.5815,16206.5815,0
35468,499.52,16206.5815,16206.5815,0
35480,499.69,16206.5815,16206.5815,0
35490,499.75,16206.5815,16206.5815,0
35491,499.75,16206.5815,16206.5815,0
35500,499.80,16206.5815,16206.5815,0
35502,499.80,16206.5815,16206.5815,0
35519,499.90,16206.5815,16206.5815,0
35524,499.92,16206.5815,16206.5815,0
35526,499.92,16206.5815,16206.5815,0
35532,499.99,16206.5815,16206.5815,0
35538,500.06,16206.5815,16206.5815,0
35545,500.08,16206.5815,16206.5815,0
35557,500.17,16206.5815,16206.5815,0
35565,500.26,16206.5815,16206.5815,0
35577,500.28,16206.5815,16206.5815,0
35580,500.33,16206.5815,16206.5815,0
35584,500.33,16206.5815,16206.5815,0
35586,500.34,16206.5815,16206.5815,0
35596,500.41,16206.5815,16206.5815,0
35597,500.42,16206.5815,16206.5815,0
35614,500.46,16206.5815,16206.5815,0
35625,500.47,16206.5815,16206.5815,0
35629,500.47,16206.5815,16206.5815,0
35651,500.55,16206.5815,16206.5815,0
35652,500.55,16206.5815,16206.5815,0
35654,500.56,16206.5815,16206.5815,0
35658,500.57,16206.5815,16206.5815,0
35659,500.57,16206.5815,16206.5815,0
35672,500.61,16206.5815,16206.5815,0
35674,500.62,16206.5815,16206.5815,0
35707,500.80,16206.5815,16206.5815,0
35711,500.80,16206.5815,16206.5815,0
35712,500.80,16206.5815,16206.5815,0
35720,500.84,16206.5815,16206.5815,0
35726,500.85,16206.5815,16206.5815,1
35727,500.89,16206.5815,16206.5815,0
35743,500.92,16206.5815,16206.5815,0
35748,500.92,16206.5815,16206.5815,0
35754,500.95,16206.5815,16206.5815,0
35755,500.95,16206.5815,16206.5815,0
35758,500.96,16206.5815,16206.5815,0
35767,501.00,16206.5815,16206.5815,0
35771,501.00,16206.5815,16206.5815,0
35773,501.01,16206.5815,16206.5815,0
35777,501.03,16206.5815,16206.5815,0
35797,501.11,16206.5815,16206.5815,0
35803,501.13,16206.5815,16206.5815,0
35812,501.20,16206.5815,16206.5815,0
35829,501.31,16206.5815,16206.5815,0
35834,501.32,16206.5815,16206.5815,0
35839,501.32,16206.5815,16206.5815,0
35853,501.37,16206.5815,16206.5815,0
35860,501.38,16206.5815,16206.5815,0
35879,501.42,16206.5815,16206.5815,0
35884,501.44,16206.5815,16206.5815,0
35893,501.46,16206.5815,16206.5815,0
35897,501.47,16206.5815,16206.5815,0
35903,501.49,16206.5815,16206.5815,0
35908,501.50,16206.5815,16206.5815,0
35913,501.51,16206.5815,16206.5815,0
35915,501.54,16206.5815,16206.5815,0
35917,501.54,16206.5815,16206.5815,0
35920,501.54,16206.5815,16206.5815,0
35934,501.59,16206.5815,16206.5815,0
35936,501.60,16206.5815,16206.5815,0
35937,501.60,16206.5815,16206.5815,0
35944,501.61,16206.5815,16206.5815,0
35946,501.62,16206.5815,16206.5815,0
35947,501.62,16206.5815,16206.5815,0
35950,501.63,16206.5815,16206.5815,0
35955,501.63,16206.5815,16206.5815,0
35956,501.64,16206.5815,16206.5815,0
35959,501.65,16206.5815,16206.5815,0
35982,501.75,16206.5815,16206.5815,0
35989,501.76,16206.5815,16206.5815,0
35996,501.81,16206.5815,16206.5815,0
36001,501.83,16206.5815,16206.5815,0
36027,501.90,16206.5815,16206.5815,1
36028,501.99,15814.8159,16206.5815,0
36032,502.15,16123.1098,16206.5815,0
36034,502.27,16123.1098,16206.5815,0
36037,502.35,16123.1098,16206.5815,0
36038,502.38,16123.1098,16206.5815,0
36041,502.53,16123.1098,16206.5815,0
36042,502.56,16141.6799,16206.5815,0
36043,502.58,16174.3667,16206.5815,0
36048,502.74,16174.3667,16206.5815,0
36051,502.86,16174.3667,16206.5815,0
36056,503.02,16174.3667,16206.5815,0
36067,503.07,16174.3667,16206.5815,0
36071,503.16,16174.3667,16206.5815,0
36073,503.16,16174.3667,16206.5815,0
36083,503.25,16174.3667,16206.5815,0
36090,503.37,16174.3667,16206.5815,0
36091,503.37,16174.3667,16206.5815,0
36097,503.42,16174.3667,16206.5815,0
36099,503.42,16174.3667,16206.5815,0
36110,503.55,16174.3667,16206.5815,0
36115,503.59,16174.3667,16206.5815,0
36117,503.61,16179.4197,16206.5815,0
36121,503.80,16179.4197,16206.5815,0
36123,503.83,16179.4197,16206.5815,0
36124,503.87,16195.7195,16206.5815,0
36127,503.92,16195.7195,16206.5815,0
36129,503.94,16195.7195,16206.5815,0
36140,504.18,16195.7195,16206.5815,0
36142,504.25,16195.7195,16206.5815,0
36143,504.25,16195.7195,16206.5815,0
36145,504.26,16195.7195,16206.5815,0
36146,504.26,16195.7195,16206.5815,0
36147,504.27,16195.7195,16206.5815,0
36153,504.31,16195.7195,16206.5815,0
36155,504.34,16196.2581,16206.5815,0
36157,504.39,16196.2581,16206.5815,0
36161,504.47,16196.2581,16206.5815,0
36164,504.60,16196.2581,16206.5815,0
36166,504.64,16196.2581,16206.5815,0
36169,504.65,16196.2581,16206.5815,0
36196,505.05,16196.2581,16206.5815,0
36197,505.06,16196.2581,16206.5815,0
36198,505.08,16196.2581,16206.5815,0
36208,505.17,16196.2581,16206.5815,0
36210,505.20,16196.2581,16206.5815,0
36215,505.29,16196.2581,16206.5815,0
36221,505.32,16196.2581,16206.5815,0
36228,505.34,16196.2581,16206.5815,0
36231,505.36,16196.2581,16206.5815,0
36232,505.37,16196.2581,16206.5815,0
36241,505.49,16208.1052,16208.1052,0
36243,505.53,16208.1052,16208.1052,0
36244,505.55,16208.1052,16208.1052,0
36245,505.55,16208.1052,16208.1052,0
36255,505.64,16208.1052,16208.1052,0
36256,505.67,16208.1052,16208.1052,0
36259,505.67,16208.1052,16208.1052,0
36267,505.77,16208.1052,16208.1052,0
36268,505.78,16208.1052,16208.1052,0
36269,505.79,16208.1052,16208.1052,0
36270,505.79,16208.1052,16208.1052,0
36275,505.87,16208.1052,16208.1052,0
36282,505.94,16208.1052,16208.1052,0
36284,505.95,16208.1052,16208.1052,0
36285,505.95,16208.1052,16208.1052,0
36286,505.95,16208.1052,16208.1052,0
36289,506.01,16208.1052,16208.1052,0
36293,506.10,16208.1052,16208.1052,0
36294,506.10,16208.1052,16208.1052,0
36295,506.10,16208.1052,16208.1052,0
36297,506.11,16208.1052,16208.1052,0
36299,506.11,16208.1052,16208.1052,0
36301,506.12,16208.1052,16208.1052,0
36302,506.12,16208.1052,16208.1052,0
36303,506.14,16208.1052,16208.1052,0
36305,506.15,16208.1052,16208.1052,0
36308,506.22,16208.1052,16208.1052,0
36310,506.24,16208.1052,16208.1052,0
36317,506.28,16208.1052,16208.1052,0
36318,506.29,16208.1052,16208.1052,0
36321,506.36,16208.1052,16208.1052,0
36322,506.36,16208.1052,16208.1052,0
36323,506.37,16208.1052,16208.1052,0
36325,506.38,16208.1052,16208.1052,0
36332,506.40,16208.1052,16208.1052,0
36336,506.50,16208.1052,16208.1052,0
36337,506.51,16208.1052,16208.1052,0
36339,506.55,16208.1052,16208.1052,0
36340,506.55,16208.1052,16208.1052,0
36344,506.65,16208.1052,16208.1052,0
36345,506.66,16208.1052,16208.1052,0
36347,506.66,16208.1052,16208.1052,0
36350,506.68,16208.1052,16208.1052,0
36365,506.83,16208.1052,16208.1052,0
36371,506.89,16208.1052,16208.1052,0
36372,506.90,16208.1052,16208.1052,0
36378,506.94,16208.1052,16208.1052,0
36380,506.95,16208.1052,16208.1052,0
36382,506.96,16208.1052,16208.1052,0
36396,507.11,16208.1052,16208.1052,0
36404,507.16,16208.1052,16208.1052,0
36407,507.18,16208.1052,16208.1052,0
36408,507.18,16208.1052,16208.1052,0
36410,507.20,16208.1052,16208.1052,0
36413,507.22,16208.1052,16208.1052,0
36414,507.22,16208.1052,16208.1052,0
36419,507.26,16208.1052,16208.1052,0
36420,507.27,16208.1052,16208.1052,0
36429,507.36,16208.1052,16208.1052,0
36432,507.37,16208.1052,16208.1052,0
36433,507.37,16208.1052,16208.1052,0
36434,507.38,16208.1052,16208.1052,0
36438,507.41,16208.1052,16208.1052,0
36440,507.45,16208.1052,16208.1052,0
36447,507.50,16208.1052,16208.1052,0
36455,507.65,16208.1052,16208.1052,0
36457,507.65,16208.1052,16208.1052,0
36459,507.66,16208.1052,16208.1052,0
36460,507.66,16208.1052,16208.1052,0
36462,507.67,16208.1052,16208.1052,0
36469,507.76,16208.1052,16208.1052,0
36470,507.76,16208.1052,16208.1052,0
36472,507.79,16208.1052,16208.1052,0
36474,507.79,16208.1052,16208.1052,0
36476,507.82,16208.1052,16208.1052,0
36478,507.83,16208.1052,16208.1052,0
36479,507.84,16208.1052,16208.1052,0
36480,507.84,16208.1052,16208.1052,0
36481,507.84,16208.1052,16208.1052,0
36482,507.84,16208.1052,16208.1052,0
36487,507.90,16208.1052,16208.1052,0
36490,507.93,16208.1052,16208.1052,0
36492,507.95,16208.1052,16208.1052,0
36495,508.03,16208.1052,16208.1052,0
36496,508.04,16208.1052,16208.1052,0
36497,508.05,16208.1052,16208.1052,0
36506,508.09,16208.1052,16208.1052,0
36509,508.11,16208.1052,16208.1052,0
36515,508.12,16208.1052,16208.1052,0
36517,508.13,16208.1052,16208.1052,0
36518,508.13,16208.1052,16208.1052,0
36519,508.15,16208.1052,16208.1052,0
36521,508.17,16208.1052,16208.1052,0
36525,508.20,16208.1052,16208.1052,0
36528,508.21,16208.1052,16208.1052,0
36532,508.24,16208.1052,16208.1052,0
36535,508.24,16208.1052,16208.1052,0
36542,508.32,16208.1052,16208.1052,1
36543,508.35,16208.1052,16208.1052,0
36545,508.37,16208.1052,16208.1052,0
36547,508.37,16208.1052,16208.1052,0
36564,508.50,16208.1052,16208.1052,0
36572,508.59,16208.1052,16208.1052,0
36575,508.60,16208.1052,16208.1052,0
36577,508.63,16208.1052,16208.1052,0
36579,508.63,16208.1052,16208.1052,0
36583,508.67,16208.1052,16208.1052,0
36584,508.68,16208.1052,16208.1052,0
36588,508.70,16208.1052,16208.1052,0
36589,508.71,16208.1052,16208.1052,0
36590,508.71,16208.1052,16208.1052,0
36595,508.74,16208.1052,16208.1052,0
36596,508.74,16208.1052,16208.1052,0
36600,508.79,16208.1052,16208.1052,0
36606,508.87,16208.1052,16208.1052,0
36607,508.87,16208.1052,16208.1052,0
36613,508.88,16208.1052,16208.1052,0
36617,508.94,16208.1052,16208.1052,0
36620,508.95,16208.1052,16208.1052,0
36625,508.97,16208.1052,16208.1052,0
36627,508.98,16208.1052,16208.1052,0
36636,509.08,16208.1052,16208.1052,0
36640,509.12,16208.1052,16208.1052,0
36643,509.16,16208.1052,16208.1052,0
36644,509.17,16208.1052,16208.1052,0
36646,509.18,16208.1052,16208.1052,0
36648,509.19,16208.1052,16208.1052,0
36650,509.19,16208.1052,16208.1052,0
36651,509.20,16208.1052,16208.1052,0
36654,509.23,16208.1052,16208.1052,0
36657,509.23,16208.1052,16208.1052,0
36658,509.25,16208.1052,16208.1052,0
36661,509.26,16208.1052,16208.1052,0
36662,509.26,16208.1052,16208.1052,0
36664,509.26,16208.1052,16208.1052,0
36665,509.28,16208.1052,16208.1052,0
36666,509.29,16208.1052,16208.1052,0
36671,509.29,16208.1052,16208.1052,0
36674,509.32,16208.1052,16208.1052,0
36676,509.35,16208.1052,16208.1052,0
36678,509.36,16208.1052,16208.1052,0
36683,509.40,16208.1052,16208.1052,0
36690,509.45,16208.1052,16208.1052,0
36693,509.47,16208.1052,16208.1052,0
36694,509.47,16208.1052,16208.1052,0
36695,509.48,16208.1052,16208.1052,0
36699,509.51,16208.1052,16208.1052,0
36700,509.52,16208.1052,16208.1052,0
36704,509.56,16208.1052,16208.1052,0
36708,509.60,16208.1052,16208.1052,0
36710,509.64,16208.1052,16208.1052,0
36714,509.67,16208.1052,16208.1052,0
36717,509.69,16208.1052,16208.1052,0
36722,509.70,16208.1052,16208.1052,0
36726,509.70,16208.1052,16208.1052,0
36729,509.75,16208.1052,16208.1052,0
36730,509.76,16208.1052,16208.1052,0
36732,509.79,16208.1052,16208.1052,0
36735,509.81,16208.1052,16208.1052,0
36737,509.84,16208.1052,16208.1052,0
36742,509.89,16208.1052,16208.1052,0
36743,509.89,16208.1052,16208.1052,0
36745,509.91,16208.1052,16208.1052,0
36746,509.92,16208.1052,16208.1052,0
36750,509.93,16208.1052,16208.1052,0
36751,509.93,16208.1052,16208.1052,0
36754,509.98,16208.1052,16208.1052,0
36762,510.03,16208.1052,16208.1052,0
36768,510.08,16208.1052,16208.1052,0
36769,510.09,16208.1052,16208.1052,0
36774,510.18,16208.1052,16208.1052,0
36775,510.18,16208.1052,16208.1052,0
36776,510.20,16208.1052,16208.1052,0
36778,510.21,16208.1052,16208.1052,0
36783,510.24,16208.1052,16208.1052,0
36784,510.24,16208.1052,16208.1052,0
36785,510.25,16208.1052,16208.1052,0
36790,510.29,16208.1052,16208.1052,0
36791,510.29,16208.1052,16208.1052,0
36793,510.30,16208.1052,16208.1052,0
36794,510.30,16208.1052,16208.1052,0
36795,510.31,16208.1052,16208.1052,0
36800,510.36,16208.1052,16208.1052,0
36804,510.38,16208.1052,16208.1052,0
36806,510.38,16208.1052,16208.1052,0
36808,510.39,16208.1052,16208.1052,0
36811,510.40,16208.1052,16208.1052,0
36812,510.41,16208.1052,16208.1052,0
36814,510.44,16208.1052,16208.1052,0
36815,510.44,16208.1052,16208.1052,0
36816,510.45,16208.1052,16208.1052,0
36821,510.48,16208.1052,16208.1052,0
36823,510.48,16208.1052,16208.1052,0
36824,510.49,16208.1052,16208.1052,0
36830,510.56,16208.1052,16208.1052,0
36838,510.59,16208.1052,16208.1052,0
36839,510.59,16208.1052,16208.1052,0
36842,510.60,16208.1052,16208.1052,0
36843,510.60,16208.1052,16208.1052,1
36854,510.91,16144.2409,16208.1052,0
36856,510.94,16144.2409,16208.1052,0
36858,511.01,16144.2409,16208.1052,0
36859,511.03,16179.5282,16208.1052,0
36864,511.12,16179.5282,16208.1052,0
36868,511.16,16208.1052,16208.1052,0
36873,511.20,16208.1052,16208.1052,0
36882,511.23,16208.1052,16208.1052,0
36892,511.29,16208.1052,16208.1052,0
36898,511.34,16208.1052,16208.1052,0
36899,511.35,16208.1052,16208.1052,0
36903,511.39,16208.1052,16208.1052,0
36906,511.44,16208.1052,16208.1052,0
36907,511.44,16208.1052,16208.1052,0
36910,511.47,16208.1052,16208.1052,0
36913,511.51,16208.1052,16208.1052,0
36917,511.54,16208.1052,16208.1052,0
36918,511.54,16208.1052,16208.1052,0
36923,511.57,16208.1052,16208.1052,0
36927,511.59,16208.1052,16208.1052,0
36928,511.60,16208.1052,16208.1052,0
36930,511.61,16208.1052,16208.1052,0
36934,511.63,16208.1052,16208.1052,0
36937,511.64,16208.1052,16208.1052,0
36942,511.67,16208.1052,16208.1052,0
36956,511.80,16208.1052,16208.1052,0
36957,511.80,16208.1052,16208.1052,0
36963,511.83,16208.1052,16208.1052,0
36967,511.85,16208.1052,16208.1052,0
36978,511.93,16208.1052,16208.1052,0
36982,511.94,16208.1052,16208.1052,0
36987,511.97,16208.1052,16208.1052,0
36988,511.98,16208.1052,16208.1052,0
36996,512.07,16208.1052,16208.1052,0
36997,512.07,16208.1052,16208.1052,0
37003,512.13,16208.1052,16208.1052,0
37006,512.16,16208.1052,16208.1052,0
37007,512.17,16208.1052,16208.1052,0
37010,512.20,16208.1052,16208.1052,0
37015,512.25,16208.1052,16208.1052,0
37031,512.38,16208.1052,16208.1052,0
37038,512.44,16208.1052,16208.1052,0
37040,512.44,16208.1052,16208.1052,0
37046,512.48,16208.1052,16208.1052,0
37047,512.49,16208.1052,16208.1052,0
37049,512.49,16208.1052,16208.1052,0
37065,512.65,16208.1052,16208.1052,0
37066,512.66,16208.1052,16208.1052,0
37076,512.73,16208.1052,16208.1052,0
37080,512.78,16208.1052,16208.1052,0
37085,512.80,16208.1052,16208.1052,0
37093,512.84,16208.1052,16208.1052,0
37100,512.88,16208.1052,16208.1052,0
37101,512.88,16208.1052,16208.1052,0
37102,512.89,16208.1052,16208.1052,0
37104,512.89,16208.1052,16208.1052,0
37110,512.94,16208.1052,16208.1052,0
37112,512.94,16208.1052,16208.1052,0
37117,512.97,16208.1052,16208.1052,0
37120,513.00,16208.1052,16208.1052,0
37121,513.00,16208.1052,16208.1052,0
37123,513.00,16208.1052,16208.1052,0
37125,513.01,16208.1052,16208.1052,0
37126,513.01,16208.1052,16208.1052,0
37129,513.02,16208.1052,16208.1052,0
37132,513.03,16208.1052,16208.1052,0
37141,513.12,16208.1052,16208.1052,0
37146,513.13,16208.1052,16208.1052,0
37147,513.13,16208.1052,16208.1052,0
37151,513.19,16208.1052,16208.1052,0
37157,513.29,16208.1052,16208.1052,0
37162,513.30,16208.1052,16208.1052,0
37163,513.30,16208.1052,16208.1052,0
37166,513.33,16208.1052,16208.1052,0
37169,513.35,16208.1052,16208.1052,1
37178,513.69,16114.6714,16208.1052,0
37179,513.72,16114.6714,16208.1052,0
37185,513.91,16114.6714,16208.1052,0
37187,513.99,16114.6714,16208.1052,0
37196,514.12,16114.6714,16208.1052,0
37203,514.23,16119.5619,16208.1052,0
37210,514.43,16119.5619,16208.1052,0
37218,514.57,16119.5619,16208.1052,0
37220,514.57,16119.5619,16208.1052,0
37221,514.57,16119.5619,16208.1052,0
37222,514.60,16119.5619,16208.1052,0
37228,514.68,16183.1443,16208.1052,0
37232,514.89,16186.3905,16208.1052,0
37234,514.92,16186.3905,16208.1052,0
37239,515.08,16186.3905,16208.1052,0
37244,515.11,16186.3905,16208.1052,0
37247,515.23,16186.3905,16208.1052,0
37249,515.26,16186.3905,16208.1052,0
37257,515.39,16186.3905,16208.1052,0
37273,515.54,16186.3905,16208.1052,0
37275,515.54,16186.3905,16208.1052,0
37276,515.54,16186.3905,16208.1052,0
37280,515.57,16186.3905,16208.1052,0
37290,515.66,16186.3905,16208.1052,0
37295,515.73,16186.3905,16208.1052,0
37298,515.77,16186.3905,16208.1052,0
37303,515.78,16186.3905,16208.1052,0
37305,515.80,16186.3905,16208.1052,0
37310,515.87,16186.3905,16208.1052,0
37314,515.90,16186.3905,16208.1052,0
37320,515.95,16186.3905,16208.1052,0
37324,516.00,16186.3905,16208.1052,0
37325,516.01,16186.3905,16208.1052,0
37331,516.07,16186.3905,16208.1052,0
37335,516.08,16186.3905,16208.1052,0
37336,516.09,16186.3905,16208.1052,0
37342,516.11,16186.3905,16208.1052,0
37343,516.11,16186.3905,16208.1052,0
37345,516.13,16186.3905,16208.1052,0
37348,516.15,16186.3905,16208.1052,0
37351,516.17,16186.3905,16208.1052,0
37353,516.18,16186.3905,16208.1052,0
37356,516.19,16186.3905,16208.1052,0
37363,516.24,16186.3905,16208.1052,0
37364,516.26,16186.3905,16208.1052,0
37367,516.26,16186.3905,16208.1052,0
37369,516.27,16186.3905,16208.1052,0
37373,516.30,16186.3905,16208.1052,0
37383,516.37,16186.3905,16208.1052,0
37385,516.39,16186.3905,16208.1052,0
37391,516.41,16186.3905,16208.1052,0
37392,516.43,16186.3905,16208.1052,0
37395,516.46,16186.3905,16208.1052,0
37396,516.47,16186.3905,16208.1052,0
37408,516.58,16186.3905,16208.1052,0
37419,516.63,16186.3905,16208.1052,0
37421,516.66,16186.3905,16208.1052,0
37432,516.75,16186.3905,16208.1052,0
37435,516.78,16186.3905,16208.1052,0
37439,516.82,16186.3905,16208.1052,0
37446,516.87,16186.3905,16208.1052,0
37451,516.91,16186.3905,16208.1052,0
37453,516.91,16186.3905,16208.1052,0
37455,516.91,16186.3905,16208.1052,0
37460,516.93,16186.3905,16208.1052,0
37463,516.96,16186.3905,16208.1052,0
37468,516.97,16186.3905,16208.1052,0
37478,516.98,16186.3905,16208.1052,0
37483,517.03,16186.3905,16208.1052,0
37484,517.04,16186.3905,16208.1052,0
37486,517.06,16186.3905,16208.1052,0
37496,517.11,16186.3905,16208.1052,0
37497,517.11,16186.3905,16208.1052,0
37499,517.16,16186.3905,16208.1052,0
37501,517.17,16186.3905,16208.1052,0
37504,517.19,16186.3905,16208.1052,0
37505,517.19,16186.3905,16208.1052,0
37506,517.23,16186.3905,16208.1052,0
37513,517.30,16186.3905,16208.1052,0
37514,517.32,16186.3905,16208.1052,0
37515,517.33,16186.3905,16208.1052,0
37517,517.35,16186.3905,16208.1052,0
37518,517.36,16186.3905,16208.1052,0
37519,517.36,16186.3905,16208.1052,0
37523,517.40,16186.3905,16208.1052,0
37533,517.45,16186.3905,16208.1052,1
37534,517.48,15913.0365,16208.1052,0
37535,517.50,15913.0365,16208.1052,0
37536,517.52,15913.0365,16208.1052,0
37537,517.55,15913.0365,16208.1052,0
37538,517.57,15913.0365,16208.1052,0
37541,517.62,15913.0365,16208.1052,0
37542,517.64,15913.0365,16208.1052,0
37543,517.66,15913.0365,16208.1052,0
37544,517.69,15913.0365,16208.1052,0
37545,517.70,15913.0365,16208.1052,0
37546,517.72,15943.0461,16208.1052,0
37547,517.77,15943.0461,16208.1052,0
37549,517.82,15943.0461,16208.1052,0
37550,517.84,15943.0461,16208.1052,0
37551,517.86,15943.0461,16208.1052,0
37552,517.89,15943.0461,16208.1052,0
37553,517.90,15943.0461,16208.1052,0
37554,517.93,16023.3037,16208.1052,0
37557,518.07,16023.3037,16208.1052,0
37558,518.09,16023.3037,16208.1052,0
37559,518.11,16023.3037,16208.1052,0
37560,518.18,16023.3037,16208.1052,0
37561,518.20,16023.3037,16208.1052,0
37562,518.22,16023.3037,16208.1052,0
37563,518.22,16023.3037,16208.1052,0
37564,518.22,16023.3037,16208.1052,0
37565,518.22,16023.3037,16208.1052,0
37566,518.22,16023.3037,16208.1052,0
37567,518.24,16023.3037,16208.1052,0
37568,518.24,16023.3037,16208.1052,0
37569,518.24,16023.3037,16208.1052,0
37570,518.35,16070.8067,16208.1052,0
37572,518.38,16099.6069,16208.1052,0
37573,518.44,16201.2189,16208.1052,0
37579,518.68,16201.2189,16208.1052,0
37580,518.70,16201.2189,16208.1052,0
37585,518.82,16205.5405,16208.1052,0
37587,518.96,16205.5405,16208.1052,0
37588,518.99,16205.5405,16208.1052,0
37589,519.01,16205.5405,16208.1052,0
37591,519.10,16205.5405,16208.1052,0
37593,519.10,16205.5405,16208.1052,0
37594,519.10,16205.5405,16208.1052,0
37595,519.13,16205.5405,16208.1052,0
37596,519.13,16205.5405,16208.1052,0
37597,519.23,16205.5405,16208.1052,0
37598,519.25,16209.1963,16209.1963,0
37599,519.29,16209.1963,16209.1963,0
37600,519.31,16220.2914,16220.2914,0
37602,519.42,16220.3341,16220.3341,0
37609,519.60,16220.3341,16220.3341,0
37610,519.62,16220.3341,16220.3341,0
37611,519.64,16220.3341,16220.3341,0
37613,519.70,16220.3341,16220.3341,0
37615,519.71,16220.3341,16220.3341,0
37616,519.74,16220.3341,16220.3341,0
37618,519.79,16220.3341,16220.3341,0
37622,519.86,16220.3341,16220.3341,0
37623,519.98,16220.3341,16220.3341,0
37630,520.06,16220.3341,16220.3341,0
37633,520.10,16220.3341,16220.3341,0
37637,520.17,16220.3341,16220.3341,0
37641,520.22,16220.3341,16220.3341,0
37647,520.26,16220.3341,16220.3341,0
37649,520.26,16220.3341,16220.3341,0
37650,520.27,16220.3341,16220.3341,0
37653,520.27,16220.3341,16220.3341,0
37654,520.27,16220.3341,16220.3341,0
37655,520.28,16220.3341,16220.3341,0
37658,520.33,16220.3341,16220.3341,0
37661,520.34,16220.3341,16220.3341,0
37662,520.34,16220.3341,16220.3341,0
37664,520.35,16220.3341,16220.3341,0
37665,520.36,16220.3341,16220.3341,0
37668,520.39,16220.3341,16220.3341,0
37670,520.40,16220.3341,16220.3341,0
37674,520.44,16220.3341,16220.3341,0
37676,520.47,16220.3341,16220.3341,0
37679,520.52,16220.3341,16220.3341,0
37681,520.54,16220.3341,16220.3341,0
37683,520.62,16231.5220,16231.5220,0
37690,520.86,16231.5220,16231.5220,0
37701,521.06,16231.5220,16231.5220,0
37706,521.19,16238.4444,16238.4444,0
37708,521.23,16238.4444,16238.4444,0
37711,521.33,16238.4444,16238.4444,0
37716,521.49,16238.4444,16238.4444,0
37717,521.49,16238.4444,16238.4444,0
37724,521.63,16238.4444,16238.4444,0
37725,521.63,16238.4444,16238.4444,0
37730,521.65,16238.4444,16238.4444,0
37736,521.76,16238.4444,16238.4444,0
37741,521.82,16238.4444,16238.4444,0
37743,521.89,16238.4444,16238.4444,0
37745,521.93,16238.4444,16238.4444,0
37746,521.94,16238.4444,16238.4444,0
37748,521.98,16238.4444,16238.4444,0
37751,522.01,16238.4444,16238.4444,0
37753,522.01,16238.4444,16238.4444,0
37757,522.03,16238.4444,16238.4444,0
37761,522.10,16238.4444,16238.4444,0
37762,522.11,16238.4444,16238.4444,0
37763,522.11,16238.4444,16238.4444,0
37764,522.12,16238.4444,16238.4444,0
37766,522.18,16238.4444,16238.4444,0
37768,522.18,16238.4444,16238.4444,0
37776,522.26,16238.4444,16238.4444,0
37778,522.29,16238.4444,16238.4444,0
37784,522.31,16238.4444,16238.4444,0
37787,522.35,16238.4444,16238.4444,0
37789,522.36,16238.4444,16238.4444,0
37790,522.36,16238.4444,16238.4444,0
37791,522.37,16238.4444,16238.4444,0
37796,522.41,16238.4444,16238.4444,0
37799,522.42,16238.4444,16238.4444,0
37801,522.42,16238.4444,16238.4444,0
37804,522.44,16238.4444,16238.4444,0
37805,522.45,16238.4444,16238.4444,0
37812,522.54,16238.4444,16238.4444,0
37813,522.54,16238.4444,16238.4444,0
37815,522.55,16238.4444,16238.4444,0
37816,522.55,16238.4444,16238.4444,0
37819,522.57,16238.4444,16238.4444,0
37821,522.60,16238.4444,16238.4444,0
37825,522.62,16238.4444,16238.4444,0
37826,522.63,16238.4444,16238.4444,0
37829,522.65,16238.4444,16238.4444,0
37830,522.65,16238.4444,16238.4444,0
37831,522.66,16238.4444,16238.4444,0
37840,522.77,16238.4444,16238.4444,0
37841,522.77,16238.4444,16238.4444,0
37844,522.78,16238.4444,16238.4444,0
37854,522.88,16238.4444,16238.4444,0
37855,522.89,16238.4444,16238.4444,0
37856,522.89,16238.4444,16238.4444,0
37857,522.89,16238.4444,16238.4444,0
37861,522.91,16238.4444,16238.4444,0
37863,522.92,16238.4444,16238.4444,0
37875,523.05,16238.4444,16238.4444,0
37876,523.05,16238.4444,16238.4444,0
37877,523.05,16238.4444,16238.4444,0
37880,523.08,16238.4444,16238.4444,0
37883,523.08,16238.4444,16238.4444,0
37891,523.22,16238.4444,16238.4444,0
37894,523.23,16238.4444,16238.4444,0
37899,523.30,16238.4444,16238.4444,0
37903,523.33,16238.4444,16238.4444,0
37905,523.35,16238.4444,16238.4444,0
37908,523.35,16238.4444,16238.4444,0
37910,523.37,16238.4444,16238.4444,0
37912,523.39,16238.4444,16238.4444,0
37913,523.39,16238.4444,16238.4444,0
37919,523.43,16238.4444,16238.4444,0
37936,523.67,16238.4444,16238.4444,0
37939,523.67,16238.4444,16238.4444,0
37940,523.69,16238.4444,16238.4444,0
37946,523.74,16238.4444,16238.4444,0
37957,523.83,16238.4444,16238.4444,0
37958,523.83,16238.4444,16238.4444,0
37965,523.89,16238.4444,16238.4444,0
37967,523.89,16238.4444,16238.4444,0
37971,523.92,16238.4444,16238.4444,0
37976,523.93,16238.4444,16238.4444,0
37977,523.93,16238.4444,16238.4444,0
37978,523.93,16238.4444,16238.4444,0
37980,523.94,16238.4444,16238.4444,0
37982,524.02,16238.4444,16238.4444,0
37984,524.02,16238.4444,16238.4444,0
37992,524.05,16238.4444,16238.4444,0
37993,524.05,16238.4444,16238.4444,0
38004,524.08,16238.4444,16238.4444,0
38005,524.08,16238.4444,16238.4444,0
38007,524.09,16238.4444,16238.4444,1
38010,524.25,16238.4444,16238.4444,0
38018,524.32,16238.4444,16238.4444,0
38020,524.33,16238.4444,16238.4444,0
38023,524.38,16238.6418,16238.6418,0
38025,524.45,16238.6418,16238.6418,0
38030,524.56,16238.6418,16238.6418,0
38033,524.62,16238.6418,16238.6418,0
38036,524.69,16238.6418,16238.6418,0
38039,524.75,16238.6418,16238.6418,0
38041,524.76,16238.6418,16238.6418,0
38042,524.76,16238.6418,16238.6418,0
38046,524.86,16238.6418,16238.6418,0
38052,524.95,16238.6418,16238.6418,0
38056,525.02,16238.6418,16238.6418,0
38057,525.03,16238.6418,16238.6418,0
38061,525.07,16238.6418,16238.6418,0
38065,525.10,16238.6418,16238.6418,0
38067,525.12,16238.6418,16238.6418,0
38071,525.20,16238.6418,16238.6418,0
38075,525.22,16238.6418,16238.6418,0
38076,525.22,16238.6418,16238.6418,0
38078,525.23,16238.6418,16238.6418,0
38081,525.25,16238.6418,16238.6418,0
38086,525.32,16238.6418,16238.6418,0
38089,525.42,16257.7317,16257.7317,0
38092,525.48,16257.7317,16257.7317,0
38095,525.58,16257.7317,16257.7317,0
38096,525.60,16257.7317,16257.7317,0
38101,525.67,16257.7317,16257.7317,0
38106,525.75,16257.7317,16257.7317,0
38111,525.80,16257.7317,16257.7317,0
38115,525.89,16257.7317,16257.7317,0
38119,525.92,16257.7317,16257.7317,0
38125,526.03,16257.7317,16257.7317,0
38128,526.07,16257.7317,16257.7317,0
38131,526.10,16257.7317,16257.7317,0
38136,526.14,16257.7317,16257.7317,0
38141,526.20,16257.7317,16257.7317,0
38142,526.21,16257.7317,16257.7317,0
38143,526.22,16257.7317,16257.7317,0
38147,526.27,16257.7317,16257.7317,0
38152,526.39,16257.7317,16257.7317,0
38153,526.39,16257.7317,16257.7317,0
38155,526.40,16257.7317,16257.7317,0
38159,526.44,16257.7317,16257.7317,0
38160,526.44,16257.7317,16257.7317,0
38167,526.47,16257.7317,16257.7317,0
38176,526.55,16257.7317,16257.7317,0
38180,526.60,16257.7317,16257.7317,0
38183,526.62,16257.7317,16257.7317,0
38188,526.67,16257.7317,16257.7317,0
38190,526.67,16257.7317,16257.7317,0
38193,526.68,16257.7317,16257.7317,0
38199,526.75,16257.7317,16257.7317,0
38203,526.89,16257.7317,16257.7317,0
38206,526.92,16257.7317,16257.7317,0
38211,526.95,16257.7317,16257.7317,0
38212,526.95,16257.7317,16257.7317,0
38213,526.95,16257.7317,16257.7317,0
38214,526.95,16257.7317,16257.7317,0
38216,526.97,16257.7317,16257.7317,0
38220,526.98,16257.7317,16257.7317,0
38221,526.99,16257.7317,16257.7317,0
38222,526.99,16257.7317,16257.7317,0
38224,527.03,16257.7317,16257.7317,0
38226,527.06,16257.7317,16257.7317,0
38230,527.06,16257.7317,16257.7317,0
38235,527.09,16257.7317,16257.7317,0
38242,527.15,16257.7317,16257.7317,0
38247,527.15,16257.7317,16257.7317,0
38253,527.18,16257.7317,16257.7317,0
38258,527.19,16257.7317,16257.7317,0
38266,527.22,16257.7317,16257.7317,0
38267,527.22,16257.7317,16257.7317,0
38276,527.29,16257.7317,16257.7317,0
38281,527.33,16257.7317,16257.7317,0
38289,527.49,16257.7317,16257.7317,0
38299,527.60,16257.7317,16257.7317,0
38309,527.71,16257.7317,16257.7317,0
38311,527.72,16257.7317,16257.7317,0
38313,527.73,16257.7317,16257.7317,0
38320,527.80,16257.7317,16257.7317,0
38324,527.80,16257.7317,16257.7317,0
38327,527.81,16257.7317,16257.7317,0
38341,527.87,16257.7317,16257.7317,0
38344,527.88,16257.7317,16257.7317,0
38349,527.92,16257.7317,16257.7317,0
38360,528.02,16257.7317,16257.7317,0
38362,528.03,16257.7317,16257.7317,0
38373,528.08,16257.7317,16257.7317,0
38378,528.10,16257.7317,16257.7317,0
38381,528.12,16257.7889,16257.7889,0
38383,528.17,16257.7889,16257.7889,0
38384,528.21,16257.7889,16257.7889,0
38387,528.28,16257.7889,16257.7889,0
38390,528.32,16257.7889,16257.7889,0
38399,528.50,16257.7889,16257.7889,0
38404,528.61,16257.7889,16257.7889,0
38410,528.66,16257.7889,16257.7889,0
38414,528.74,16257.7889,16257.7889,0
38416,528.76,16257.7889,16257.7889,0
38427,528.95,16257.7889,16257.7889,0
38432,529.01,16257.7889,16257.7889,0
38433,529.02,16257.7889,16257.7889,0
38442,529.09,16257.7889,16257.7889,0
38445,529.11,16257.7889,16257.7889,0
38449,529.18,16257.7889,16257.7889,0
38450,529.18,16257.7889,16257.7889,0
38454,529.19,16257.7889,16257.7889,0
38455,529.19,16257.7889,16257.7889,0
38458,529.20,16257.7889,16257.7889,0
38461,529.23,16257.7889,16257.7889,0
38462,529.26,16257.7889,16257.7889,0
38466,529.26,16257.7889,16257.7889,0
38471,529.31,16257.7889,16257.7889,0
38472,529.32,16257.7889,16257.7889,0
38478,529.36,16257.7889,16257.7889,0
38480,529.38,16257.7889,16257.7889,0
38481,529.40,16257.7889,16257.7889,0
38486,529.48,16257.7889,16257.7889,0
38490,529.57,16257.7889,16257.7889,0
38503,529.71,16257.7889,16257.7889,0
38505,529.79,16257.7889,16257.7889,0
38507,529.79,16257.7889,16257.7889,0
38516,529.88,16257.7889,16257.7889,0
38519,529.88,16257.7889,16257.7889,0
38523,529.89,16257.7889,16257.7889,0
38525,529.90,16257.7889,16257.7889,0
38526,529.91,16257.7889,16257.7889,0
38527,529.91,16257.7889,16257.7889,0
38528,529.91,16257.7889,16257.7889,0
38531,529.91,16257.7889,16257.7889,0
38532,529.91,16257.7889,16257.7889,0
38533,529.91,16257.7889,16257.7889,0
38536,529.91,16257.7889,16257.7889,0
38538,529.95,16257.7889,16257.7889,0
38540,529.95,16257.7889,16257.7889,0
38541,529.95,16257.7889,16257.7889,0
38542,529.97,16257.7889,16257.7889,0
38546,529.99,16257.7889,16257.7889,0
38547,529.99,16257.7889,16257.7889,0
38548,530.00,16257.7889,16257.7889,0
38549,530.00,16257.7889,16257.7889,0
38553,530.07,16257.7889,16257.7889,0
38556,530.19,16257.7889,16257.7889,0
38557,530.22,16257.7889,16257.7889,0
38559,530.26,16257.7889,16257.7889,0
38561,530.26,16257.7889,16257.7889,0
38562,530.27,16257.7889,16257.7889,0
38565,530.28,16257.7889,16257.7889,0
38571,530.31,16257.7889,16257.7889,0
38573,530.34,16257.7889,16257.7889,0
38576,530.37,16257.7889,16257.7889,0
38577,530.39,16257.7889,16257.7889,0
38589,530.48,16257.7889,16257.7889,0
38590,530.49,16257.7889,16257.7889,0
38591,530.49,16257.7889,16257.7889,0
38595,530.55,16257.7889,16257.7889,0
38598,530.55,16257.7889,16257.7889,0
38601,530.55,16257.7889,16257.7889,0
38622,530.81,16257.7889,16257.7889,0
38624,530.82,16257.7889,16257.7889,0
38625,530.82,16257.7889,16257.7889,0
38633,530.92,16257.7889,16257.7889,0
38635,530.92,16257.7889,16257.7889,0
38636,530.94,16257.7889,16257.7889,0
38645,531.09,16257.7889,16257.7889,0
38649,531.12,16257.7889,16257.7889,0
38655,531.18,16257.7889,16257.7889,0
38660,531.24,16257.7889,16257.7889,0
38661,531.24,16257.7889,16257.7889,0
38679,531.41,16257.7889,16257.7889,0
38682,531.46,16257.7889,16257.7889,1
38683,531.54,16208.9868,16257.7889,0
38684,531.57,16231.6473,16257.7889,0
38687,531.65,16238.6182,16257.7889,0
38689,531.72,16238.6182,16257.7889,0
38691,531.76,16238.6182,16257.7889,0
38704,532.09,16238.6182,16257.7889,0
38707,532.12,16238.6182,16257.7889,0
38712,532.22,16238.6182,16257.7889,0
38718,532.32,16238.6182,16257.7889,0
38720,532.36,16238.6182,16257.7889,0
38721,532.36,16238.6182,16257.7889,0
38722,532.38,16238.6182,16257.7889,0
38723,532.39,16238.6182,16257.7889,0
38744,532.71,16257.7889,16257.7889,0
38746,532.72,16257.7889,16257.7889,0
38749,532.73,16257.7889,16257.7889,0
38750,532.74,16257.7889,16257.7889,0
38751,532.75,16257.7889,16257.7889,0
38754,532.77,16257.7889,16257.7889,0
38758,532.80,16257.7889,16257.7889,0
38759,532.80,16257.7889,16257.7889,0
38761,532.82,16257.7889,16257.7889,0
38762,532.82,16257.7889,16257.7889,0
38772,532.92,16257.7889,16257.7889,0
38773,532.92,16257.7889,16257.7889,0
38783,532.99,16257.7889,16257.7889,0
38784,532.99,16257.7889,16257.7889,0
38786,533.01,16257.7889,16257.7889,0
38789,533.02,16257.7889,16257.7889,0
38795,533.05,16257.7889,16257.7889,0
38796,533.05,16257.7889,16257.7889,0
38799,533.06,16257.7889,16257.7889,0
38800,533.06,16257.7889,16257.7889,0
38814,533.19,16257.7889,16257.7889,0
38817,533.20,16257.7889,16257.7889,0
38818,533.20,16257.7889,16257.7889,0
38822,533.22,16257.7889,16257.7889,0
38824,533.23,16257.7889,16257.7889,0
38835,533.33,16257.7889,16257.7889,0
38836,533.34,16257.7889,16257.7889,0
38842,533.39,16257.7889,16257.7889,0
38849,533.43,16257.7889,16257.7889,0
38851,533.44,16257.7889,16257.7889,0
38852,533.44,16257.7889,16257.7889,0
38856,533.45,16257.7889,16257.7889,0
38858,533.46,16257.7889,16257.7889,0
38862,533.51,16257.7889,16257.7889,0
38865,533.55,16257.7889,16257.7889,0
38868,533.58,16257.7889,16257.7889,0
38874,533.61,16257.7889,16257.7889,0
38875,533.62,16257.7889,16257.7889,0
38879,533.64,16257.7889,16257.7889,0
38881,533.64,16257.7889,16257.7889,0
38890,533.73,16257.7889,16257.7889,0
38891,533.73,16257.7889,16257.7889,0
38894,533.74,16257.7889,16257.7889,0
38895,533.74,16257.7889,16257.7889,0
38897,533.74,16257.7889,16257.7889,0
38904,533.78,16257.7889,16257.7889,0
38905,533.78,16257.7889,16257.7889,0
38913,533.79,16257.7889,16257.7889,0
38914,533.80,16257.7889,16257.7889,0
38915,533.80,16257.7889,16257.7889,0
38921,533.81,16257.7889,16257.7889,0
38925,533.85,16257.7889,16257.7889,0
38935,533.90,16257.7889,16257.7889,0
38939,533.95,16257.7889,16257.7889,0
38942,533.97,16257.7889,16257.7889,0
38946,534.04,16257.7889,16257.7889,0
38956,534.15,16257.7889,16257.7889,0
38961,534.20,16257.7889,16257.7889,0
38962,534.21,16257.7889,16257.7889,0
38967,534.26,16257.7889,16257.7889,0
38968,534.26,16257.7889,16257.7889,0
38971,534.27,16257.7889,16257.7889,0
38975,534.27,16257.7889,16257.7889,0
38983,534.36,16257.7889,16257.7889,0
38985,534.37,16257.7889,16257.7889,0
38986,534.37,16257.7889,16257.7889,0
38987,534.38,16257.7889,16257.7889,0
38989,534.38,16257.7889,16257.7889,0
39000,534.47,16257.7889,16257.7889,0
39002,534.49,16257.7889,16257.7889,0
39003,534.49,16257.7889,16257.7889,0
39009,534.51,16257.7889,16257.7889,0
39017,534.55,16257.7889,16257.7889,0
39028,534.61,16257.7889,16257.7889,0
39033,534.64,16257.7889,16257.7889,0
39035,534.66,16257.7889,16257.7889,0
39036,534.67,16257.7889,16257.7889,0
39040,534.70,16257.7889,16257.7889,0
39041,534.70,16257.7889,16257.7889,0
39044,534.74,16257.7889,16257.7889,0
39045,534.74,16257.7889,16257.7889,1
39046,534.78,15845.7133,16257.7889,0
39047,534.83,16226.2773,16257.7889,0
39048,534.86,16253.2034,16257.7889,0
39051,534.96,16253.2034,16257.7889,0
39053,534.98,16253.2034,16257.7889,0
39056,535.00,16253.2034,16257.7889,0
39057,535.02,16253.2034,16257.7889,0
39061,535.15,16253.2034,16257.7889,0
39063,535.21,16253.2034,16257.7889,0
39064,535.21,16253.2034,16257.7889,0
39066,535.26,16253.3304,16257.7889,0
39069,535.34,16253.3304,16257.7889,0
39077,535.50,16253.3304,16257.7889,0
39081,535.60,16253.3304,16257.7889,0
39083,535.62,16253.3304,16257.7889,0
39084,535.63,16253.3304,16257.7889,0
39085,535.65,16253.3304,16257.7889,0
39086,535.68,16253.3304,16257.7889,0
39089,535.70,16253.3304,16257.7889,0
39090,535.72,16253.3304,16257.7889,0
39092,535.74,16253.3304,16257.7889,0
39093,535.80,16253.3304,16257.7889,0
39094,535.81,16253.3304,16257.7889,0
39095,535.83,16253.3304,16257.7889,0
39096,535.84,16253.3304,16257.7889,0
39104,535.93,16253.3304,16257.7889,0
39105,535.93,16253.3304,16257.7889,0
39112,535.99,16253.3304,16257.7889,0
39113,536.08,16253.3304,16257.7889,0
39115,536.10,16253.3304,16257.7889,0
39131,536.24,16253.3304,16257.7889,0
39132,536.24,16253.3304,16257.7889,0
39136,536.28,16253.3304,16257.7889,0
39140,536.40,16253.3304,16257.7889,0
39142,536.41,16253.3304,16257.7889,0
39149,536.53,16253.3304,16257.7889,0
39154,536.64,16253.3304,16257.7889,0
39155,536.64,16253.3304,16257.7889,0
39165,536.77,16253.3304,16257.7889,0
39166,536.79,16253.3304,16257.7889,0
39172,536.83,16253.3304,16257.7889,0
39175,536.85,16253.3304,16257.7889,0
39177,536.86,16253.3304,16257.7889,0
39181,536.92,16253.3304,16257.7889,0
39191,537.05,16253.3304,16257.7889,0
39192,537.06,16253.3304,16257.7889,0
39194,537.08,16253.3304,16257.7889,0
39196,537.08,16253.3304,16257.7889,0
39198,537.09,16253.3304,16257.7889,0
39206,537.16,16253.3304,16257.7889,0
39213,537.20,16253.3304,16257.7889,0
39215,537.22,16253.3304,16257.7889,0
39219,537.26,16253.3304,16257.7889,0
39223,537.27,16253.3304,16257.7889,0
39229,537.33,16253.3304,16257.7889,0
39230,537.33,16253.3304,16257.7889,0
39250,537.50,16253.3304,16257.7889,0
39259,537.55,16253.3304,16257.7889,0
39260,537.56,16253.3304,16257.7889,0
39261,537.56,16253.3304,16257.7889,0
39262,537.57,16253.3304,16257.7889,0
39271,537.67,16253.3304,16257.7889,0
39272,537.67,16253.3304,16257.7889,0
39278,537.70,16253.3304,16257.7889,0
39285,537.75,16253.3304,16257.7889,0
39287,537.75,16253.3304,16257.7889,0
39295,537.84,16253.3304,16257.7889,0
39305,537.92,16253.3304,16257.7889,0
39309,537.94,16253.3304,16257.7889,0
39310,537.95,16253.3304,16257.7889,0
39317,537.98,16253.3304,16257.7889,0
39319,537.98,16253.3304,16257.7889,0
39324,538.01,16253.3304,16257.7889,0
39325,538.02,16253.3304,16257.7889,0
39330,538.09,16253.3304,16257.7889,0
39333,538.10,16253.3304,16257.7889,0
39335,538.10,16253.3304,16257.7889,0
39340,538.13,16253.3304,16257.7889,0
39349,538.21,16253.3304,16257.7889,0
39350,538.21,16253.3304,16257.7889,0
39362,538.31,16253.3304,16257.7889,0
39365,538.31,16253.3304,16257.7889,0
39366,538.31,16253.3304,16257.7889,0
39367,538.31,16253.3304,16257.7889,1
39368,538.35,15553.6305,16257.7889,0
39370,538.37,15689.6638,16257.7889,0
39371,538.40,15942.2595,16257.7889,0
39372,538.43,16136.6595,16257.7889,0
39383,538.69,16253.3304,16257.7889,0
39384,538.69,16253.3304,16257.7889,0
39388,538.73,16253.3304,16257.7889,0
39389,538.73,16253.3304,16257.7889,0
39391,538.75,16253.3304,16257.7889,0
39395,538.79,16253.3304,16257.7889,0
39396,538.79,16253.3304,16257.7889,0
39397,538.79,16253.3304,16257.7889,0
39398,538.81,16253.3304,16257.7889,0
39400,538.81,16253.3304,16257.7889,0
39403,538.81,16253.3304,16257.7889,0
39405,538.86,16253.3304,16257.7889,0
39406,538.87,16253.3304,16257.7889,0
39408,538.89,16253.3304,16257.7889,0
39409,538.89,16253.3304,16257.7889,0
39411,538.89,16253.3304,16257.7889,0
39414,538.93,16253.3304,16257.7889,0
39417,538.97,16253.3304,16257.7889,0
39418,538.98,16253.3304,16257.7889,0
39422,539.03,16253.3304,16257.7889,0
39423,539.03,16253.3304,16257.7889,0
39428,539.04,16253.3304,16257.7889,0
39432,539.05,16253.3304,16257.7889,0
39436,539.14,16253.3304,16257.7889,0
39437,539.14,16253.3304,16257.7889,0
39438,539.15,16253.3304,16257.7889,0
39439,539.16,16253.3304,16257.7889,0
39440,539.17,16253.3304,16257.7889,0
39441,539.18,16253.3304,16257.7889,0
39446,539.22,16253.3304,16257.7889,0
39447,539.22,16253.3304,16257.7889,0
39448,539.22,16253.3304,16257.7889,0
39449,539.22,16253.3304,16257.7889,0
39453,539.30,16253.3304,16257.7889,0
39455,539.31,16253.3304,16257.7889,0
39459,539.31,16253.3304,16257.7889,0
39462,539.36,16255.8575,16257.7889,0
39464,539.41,16255.8575,16257.7889,0
39466,539.47,16255.8575,16257.7889,0
39471,539.60,16270.9182,16270.9182,0
39472,539.62,16270.9182,16270.9182,0
39473,539.65,16270.9182,16270.9182,0
39477,539.71,16270.9182,16270.9182,0
39478,539.75,16270.9182,16270.9182,0
39480,539.77,16270.9182,16270.9182,0
39481,539.80,16270.9182,16270.9182,0
39482,539.83,16286.1224,16286.1224,0
39490,539.95,16286.1224,16286.1224,0
39492,539.98,16286.1224,16286.1224,0
39495,540.04,16286.1224,16286.1224,0
39496,540.05,16286.1224,16286.1224,0
39499,540.06,16286.1224,16286.1224,0
39500,540.10,16286.1224,16286.1224,0
39503,540.20,16286.1224,16286.1224,0
39504,540.21,16286.1224,16286.1224,0
39507,540.26,16286.1224,16286.1224,0
39509,540.26,16286.1224,16286.1224,0
39512,540.29,16286.1224,16286.1224,0
39515,540.32,16286.1224,16286.1224,0
39517,540.36,16286.1224,16286.1224,0
39518,540.36,16286.1224,16286.1224,0
39523,540.42,16286.1224,16286.1224,0
39524,540.43,16286.1224,16286.1224,0
39534,540.54,16286.1224,16286.1224,0
39537,540.55,16286.1224,16286.1224,0
39545,540.58,16286.1224,16286.1224,0
39552,540.65,16286.1224,16286.1224,0
39554,540.65,16286.1224,16286.1224,0
39559,540.70,16286.1224,16286.1224,0
39561,540.73,16286.1224,16286.1224,0
39565,540.75,16286.1224,16286.1224,0
39567,540.76,16286.1224,16286.1224,0
39570,540.80,16286.1224,16286.1224,0
39573,540.84,16286.1224,16286.1224,0
39575,540.88,16286.1224,16286.1224,0
39580,540.98,16286.1224,16286.1224,0
39582,540.99,16286.1224,16286.1224,0
39584,541.00,16286.1224,16286.1224,0
39586,541.01,16286.1224,16286.1224,0
39587,541.02,16286.1224,16286.1224,0
39597,541.13,16286.1224,16286.1224,0
39612,541.29,16286.1224,16286.1224,0
39621,541.40,16286.1224,16286.1224,0
39624,541.43,16286.1224,16286.1224,0
39628,541.45,16286.1224,16286.1224,0
39629,541.46,16286.1224,16286.1224,0
39639,541.53,16286.1224,16286.1224,0
39641,541.54,16286.1224,16286.1224,0
39645,541.58,16286.1224,16286.1224,0
39650,541.63,16286.1224,16286.1224,0
39652,541.64,16286.1224,16286.1224,0
39659,541.70,16286.1224,16286.1224,0
39662,541.77,16286.1224,16286.1224,0
39663,541.78,16286.1224,16286.1224,0
39666,541.80,16286.1224,16286.1224,0
39667,541.82,16286.1224,16286.1224,0
39669,541.85,16286.1224,16286.1224,0
39670,541.86,16286.1224,16286.1224,0
39671,541.88,16286.1224,16286.1224,0
39672,541.88,16286.1224,16286.1224,0
39673,541.89,16286.1224,16286.1224,0
39674,541.89,16286.1224,16286.1224,0
39675,541.90,16286.1224,16286.1224,0
39677,541.90,16286.1224,16286.1224,0
39679,541.91,16286.1224,16286.1224,0
39680,541.92,16286.1224,16286.1224,0
39681,541.92,16286.1224,16286.1224,0
39690,542.03,16286.1224,16286.1224,0
39691,542.03,16286.1224,16286.1224,0
39694,542.05,16286.1224,16286.1224,0
39695,542.06,16286.1224,16286.1224,0
39696,542.08,16286.1224,16286.1224,0
39697,542.10,16288.1925,16288.1925,0
39707,542.32,16288.1925,16288.1925,0
39728,542.54,16288.1925,16288.1925,0
39729,542.57,16288.1925,16288.1925,0
39733,542.68,16288.1925,16288.1925,0
39791,543.21,16288.1925,16288.1925,0
39800,543.33,16288.1925,16288.1925,0
39807,543.37,16288.1925,16288.1925,0
39825,543.47,16288.1925,16288.1925,0
39838,543.56,16288.1925,16288.1925,0
39848,543.66,16288.4589,16288.4589,0
39852,543.71,16288.4589,16288.4589,0
39855,543.84,16288.4589,16288.4589,0
39863,544.01,16288.4589,16288.4589,0
39866,544.03,16288.4589,16288.4589,0
39868,544.10,16288.4589,16288.4589,0
39874,544.17,16288.4589,16288.4589,0
39877,544.24,16288.4589,16288.4589,0
39878,544.25,16288.4589,16288.4589,0
39880,544.27,16288.4589,16288.4589,0
39882,544.32,16288.4589,16288.4589,0
39884,544.32,16288.4589,16288.4589,0
39885,544.34,16288.4589,16288.4589,0
39888,544.39,16288.4589,16288.4589,0
39895,544.40,16288.4589,16288.4589,0
39896,544.46,16288.4589,16288.4589,0
39897,544.47,16288.4589,16288.4589,0
39899,544.49,16288.4589,16288.4589,0
39901,544.52,16288.4589,16288.4589,0
39902,544.53,16288.4589,16288.4589,0
39904,544.55,16288.4589,16288.4589,0
39905,544.56,16288.4589,16288.4589,0
39907,544.58,16288.4589,16288.4589,0
39911,544.62,16288.4589,16288.4589,0
39914,544.65,16288.4589,16288.4589,0
39915,544.65,16288.4589,16288.4589,0
39918,544.66,16288.4589,16288.4589,0
39919,544.67,16288.4589,16288.4589,0
39920,544.69,16288.4589,16288.4589,0
39921,544.69,16288.4589,16288.4589,0
39923,544.71,16288.4589,16288.4589,0
39925,544.73,16288.4589,16288.4589,0
39930,544.74,16288.4589,16288.4589,0
39934,544.77,16288.4589,16288.4589,0
39935,544.78,16288.4589,16288.4589,0
39938,544.80,16288.4589,16288.4589,0
39939,544.85,16288.4589,16288.4589,0
39943,544.91,16288.4589,16288.4589,0
39947,544.96,16288.4589,16288.4589,0
39954,545.05,16288.4589,16288.4589,0
39958,545.10,16288.4589,16288.4589,0
39960,545.13,16288.4589,16288.4589,0
39964,545.13,16288.4589,16288.4589,0
39965,545.17,16288.4589,16288.4589,0
39966,545.18,16288.4589,16288.4589,0
39970,545.21,16288.4589,16288.4589,0
39972,545.22,16288.4589,16288.4589,0
39978,545.27,16288.4589,16288.4589,0
39981,545.28,16288.4589,16288.4589,0
39982,545.28,16288.4589,16288.4589,0
39985,545.32,16288.4589,16288.4589,0
39988,545.34,16288.4589,16288.4589,0
40001,545.46,16288.4589,16288.4589,0
40003,545.48,16288.4589,16288.4589,0
40021,545.67,16288.4589,16288.4589,0
40026,545.71,16288.4589,16288.4589,0
40027,545.72,16288.4589,16288.4589,0
40029,545.72,16288.4589,16288.4589,0
40033,545.75,16288.4589,16288.4589,0
40036,545.80,16288.4589,16288.4589,0
40044,545.88,16288.4589,16288.4589,0
40053,545.94,16288.4589,16288.4589,0
40054,545.95,16288.4589,16288.4589,0
40060,546.01,16288.4589,16288.4589,0
40061,546.01,16288.4589,16288.4589,0
40062,546.01,16288.4589,16288.4589,0
40064,546.01,16288.4589,16288.4589,0
40065,546.02,16288.4589,16288.4589,0
40066,546.03,16288.4589,16288.4589,0
40067,546.07,16288.4589,16288.4589,0
40068,546.07,16288.4589,16288.4589,0
40069,546.08,16288.4589,16288.4589,0
40071,546.10,16288.4589,16288.4589,0
40073,546.11,16288.4589,16288.4589,0
40075,546.12,16288.4589,16288.4589,0
40077,546.13,16288.4589,16288.4589,0
40083,546.14,16288.4589,16288.4589,0
40088,546.15,16288.4589,16288.4589,0
40092,546.20,16288.4589,16288.4589,0
40097,546.23,16288.4589,16288.4589,0
40098,546.24,16288.4589,16288.4589,0
40106,546.28,16288.4589,16288.4589,0
40108,546.28,16288.4589,16288.4589,0
40116,546.33,16288.4589,16288.4589,0
40117,546.34,16288.4589,16288.4589,0
40120,546.38,16288.4589,16288.4589,0
40121,546.38,16288.4589,16288.4589,0
40122,546.38,16288.4589,16288.4589,0
40127,546.45,16288.4589,16288.4589,0
40131,546.47,16288.4589,16288.4589,0
40149,546.62,16288.4589,16288.4589,1
40154,546.72,16288.4589,16288.4589,0
40155,546.72,16288.4589,16288.4589,0
40156,546.72,16288.4589,16288.4589,0
40159,546.74,16288.4589,16288.4589,0
40163,546.77,16288.4589,16288.4589,0
40164,546.77,16288.4589,16288.4589,0
40165,546.77,16288.4589,16288.4589,0
40176,546.86,16288.4589,16288.4589,0
40177,546.87,16288.4589,16288.4589,0
40178,546.87,16288.4589,16288.4589,0
40179,546.88,16288.4589,16288.4589,0
40183,546.92,16288.4589,16288.4589,0
40188,546.94,16288.4589,16288.4589,0
40193,546.95,16288.4589,16288.4589,0
40194,546.95,16288.4589,16288.4589,0
40196,546.96,16288.4589,16288.4589,0
40199,546.99,16288.4589,16288.4589,0
40201,547.00,16288.4589,16288.4589,0
40202,547.00,16288.4589,16288.4589,0
40208,547.07,16288.4589,16288.4589,0
40209,547.07,16288.4589,16288.4589,0
40210,547.07,16288.4589,16288.4589,0
40213,547.09,16288.4589,16288.4589,0
40214,547.09,16288.4589,16288.4589,0
40220,547.13,16288.4589,16288.4589,0
40221,547.14,16288.4589,16288.4589,0
40222,547.14,16288.4589,16288.4589,0
40224,547.16,16288.4589,16288.4589,0
40228,547.21,16288.4589,16288.4589,0
40229,547.21,16288.4589,16288.4589,0
40230,547.22,16288.4589,16288.4589,0
40232,547.24,16288.4589,16288.4589,0
40233,547.25,16288.4589,16288.4589,0
40234,547.25,16288.4589,16288.4589,0
40236,547.27,16288.4589,16288.4589,0
40240,547.30,16288.4589,16288.4589,0
40241,547.30,16288.4589,16288.4589,0
40249,547.39,16288.4589,16288.4589,0
40253,547.39,16288.4589,16288.4589,0
40256,547.41,16288.4589,16288.4589,0
40263,547.48,16288.4589,16288.4589,0
40271,547.49,16288.4589,16288.4589,0
40273,547.49,16288.4589,16288.4589,0
40274,547.50,16288.4589,16288.4589,0
40278,547.50,16288.4589,16288.4589,0
40282,547.52,16288.4589,16288.4589,0
40284,547.52,16288.4589,16288.4589,0
40285,547.52,16288.4589,16288.4589,0
40292,547.61,16288.4589,16288.4589,0
40299,547.68,16288.4589,16288.4589,0
40305,547.74,16288.4589,16288.4589,0
40306,547.75,16288.4589,16288.4589,0
40309,547.76,16288.4589,16288.4589,0
40317,547.85,16288.4589,16288.4589,0
40320,547.87,16288.4589,16288.4589,0
40321,547.87,16288.4589,16288.4589,0
40322,547.88,16288.4589,16288.4589,0
40325,547.90,16288.4589,16288.4589,0
40326,547.90,16288.4589,16288.4589,0
40327,547.91,16288.4589,16288.4589,0
40329,547.94,16288.4589,16288.4589,0
40331,547.96,16288.4589,16288.4589,0
40332,547.98,16288.4589,16288.4589,0
40333,547.99,16288.4589,16288.4589,0
40340,548.05,16288.4589,16288.4589,0
40342,548.06,16288.4589,16288.4589,0
40343,548.07,16288.4589,16288.4589,0
40348,548.11,16288.4589,16288.4589,0
40349,548.12,16288.4589,16288.4589,0
40357,548.19,16288.4589,16288.4589,0
40358,548.19,16288.4589,16288.4589,0
40360,548.19,16288.4589,16288.4589,0
40365,548.24,16288.4589,16288.4589,0
40366,548.24,16288.4589,16288.4589,0
40368,548.27,16288.4589,16288.4589,0
40372,548.31,16288.4589,16288.4589,0
40373,548.31,16288.4589,16288.4589,0
40375,548.32,16288.4589,16288.4589,0
40379,548.34,16288.4589,16288.4589,0
40381,548.34,16288.4589,16288.4589,0
40386,548.39,16288.4589,16288.4589,0
40391,548.41,16288.4589,16288.4589,0
40392,548.42,16288.4589,16288.4589,0
40393,548.43,16288.4589,16288.4589,0
40397,548.45,16288.4589,16288.4589,0
40399,548.46,16288.4589,16288.4589,0
40402,548.48,16288.4589,16288.4589,0
40403,548.48,16288.4589,16288.4589,0
40405,548.51,16288.4589,16288.4589,0
40410,548.52,16288.4589,16288.4589,0
40411,548.52,16288.4589,16288.4589,0
40413,548.54,16288.4589,16288.4589,0
40418,548.63,16288.4589,16288.4589,0
40419,548.63,16288.4589,16288.4589,0
40424,548.64,16288.4589,16288.4589,0
40430,548.69,16288.4589,16288.4589,0
40431,548.70,16288.4589,16288.4589,0
40434,548.72,16288.4589,16288.4589,0
40435,548.72,16288.4589,16288.4589,0
40436,548.72,16288.4589,16288.4589,0
40437,548.74,16288.4589,16288.4589,0
40438,548.75,16288.4589,16288.4589,0
40439,548.75,16288.4589,16288.4589,0
40440,548.75,16288.4589,16288.4589,0
40444,548.79,16288.4589,16288.4589,0
40445,548.79,16288.4589,16288.4589,0
40446,548.79,16288.4589,16288.4589,0
40447,548.80,16288.4589,16288.4589,0
40448,548.81,16288.4589,16288.4589,0
40450,548.83,16288.4589,16288.4589,1
40451,548.89,16151.7871,16288.4589,0
40452,548.93,16288.4589,16288.4589,0
40453,548.93,16288.4589,16288.4589,0
40454,548.93,16288.4589,16288.4589,0
40457,548.94,16288.4589,16288.4589,0
40459,548.95,16288.4589,16288.4589,0
40466,548.97,16288.4589,16288.4589,0
40468,548.99,16288.4589,16288.4589,0
40472,549.01,16288.4589,16288.4589,0
40477,549.03,16288.4589,16288.4589,0
40481,549.06,16288.4589,16288.4589,0
40484,549.08,16288.4589,16288.4589,0
40493,549.18,16288.4589,16288.4589,0
40498,549.22,16288.4589,16288.4589,0
40500,549.25,16288.4589,16288.4589,0
40504,549.25,16288.4589,16288.4589,0
40505,549.26,16288.4589,16288.4589,0
40507,549.26,16288.4589,16288.4589,0
40508,549.27,16288.4589,16288.4589,0
40509,549.29,16288.4589,16288.4589,0
40512,549.29,16288.4589,16288.4589,0
40516,549.29,16288.4589,16288.4589,0
40517,549.30,16288.4589,16288.4589,0
40531,549.38,16288.4589,16288.4589,0
40542,549.42,16288.4589,16288.4589,0
40544,549.45,16288.4589,16288.4589,0
40555,549.55,16288.4589,16288.4589,0
40557,549.56,16288.4589,16288.4589,0
40562,549.59,16288.4589,16288.4589,0
40564,549.60,16288.4589,16288.4589,0
40565,549.60,16288.4589,16288.4589,0
40566,549.60,16288.4589,16288.4589,0
40575,549.71,16288.4589,16288.4589,0
40579,549.78,16288.4589,16288.4589,0
40586,549.82,16288.4589,16288.4589,0
40588,549.84,16288.4589,16288.4589,0
40590,549.86,16288.4589,16288.4589,0
40608,550.01,16288.4589,16288.4589,0
40610,550.04,16288.4589,16288.4589,0
40611,550.04,16288.4589,16288.4589,0
40612,550.04,16288.4589,16288.4589,0
40616,550.07,16288.4589,16288.4589,0
40618,550.09,16288.4589,16288.4589,0
40621,550.10,16288.4589,16288.4589,0
40625,550.15,16288.4589,16288.4589,0
40629,550.18,16288.4589,16288.4589,0
40630,550.18,16288.4589,16288.4589,0
40631,550.19,16288.4589,16288.4589,0
40634,550.21,16288.4589,16288.4589,0
40637,550.22,16288.4589,16288.4589,0
40650,550.34,16288.4589,16288.4589,0
40652,550.35,16288.4589,16288.4589,0
40659,550.40,16288.4589,16288.4589,0
40661,550.42,16288.4589,16288.4589,0
40664,550.44,16288.4589,16288.4589,0
40670,550.53,16288.4589,16288.4589,0
40677,550.57,16288.4589,16288.4589,0
40682,550.61,16288.4589,16288.4589,0
40685,550.64,16288.4589,16288.4589,0
40688,550.64,16288.4589,16288.4589,0
40690,550.64,16288.4589,16288.4589,0
40691,550.65,16288.4589,16288.4589,0
40695,550.74,16288.4589,16288.4589,0
40696,550.74,16288.4589,16288.4589,0
40703,550.79,16288.4589,16288.4589,0
40704,550.80,16288.4589,16288.4589,0
40709,550.82,16288.4589,16288.4589,0
40713,550.84,16288.4589,16288.4589,0
40714,550.84,16288.4589,16288.4589,0
40715,550.85,16288.4589,16288.4589,0
40717,550.86,16288.4589,16288.4589,0
40719,550.86,16288.4589,16288.4589,0
40723,550.90,16288.4589,16288.4589,0
40724,550.90,16288.4589,16288.4589,0
40729,550.94,16288.4589,16288.4589,0
40731,550.97,16288.4589,16288.4589,0
40732,550.98,16288.4589,16288.4589,0
40736,551.00,16288.4589,16288.4589,0
40740,551.04,16288.4589,16288.4589,0
40743,551.06,16288.4589,16288.4589,0
40745,551.09,16288.4589,16288.4589,0
40746,551.10,16288.4589,16288.4589,0
40752,551.12,16288.4589,16288.4589,0
40753,551.12,16288.4589,16288.4589,1
40757,551.22,15709.8420,16288.4589,0
40763,551.32,15709.8420,16288.4589,0
40764,551.34,15709.8420,16288.4589,0
40766,551.37,15709.8420,16288.4589,0
40767,551.39,15709.8420,16288.4589,0
40768,551.43,15957.6451,16288.4589,0
40770,551.52,15957.6451,16288.4589,0
40773,551.63,15957.6451,16288.4589,0
40777,551.75,15957.6451,16288.4589,0
40780,551.91,15957.6451,16288.4589,0
40781,551.94,15957.6451,16288.4589,0
40782,551.97,15957.6451,16288.4589,0
40786,552.01,15957.6451,16288.4589,0
40790,552.01,15957.6451,16288.4589,0
40793,552.08,15957.6451,16288.4589,0
40794,552.11,15957.6451,16288.4589,0
40796,552.16,15957.6451,16288.4589,0
40799,552.18,15957.6451,16288.4589,0
40800,552.19,15957.6451,16288.4589,0
40801,552.19,15957.6451,16288.4589,0
40802,552.22,15957.6451,16288.4589,0
40803,552.22,15957.6451,16288.4589,0
40806,552.23,15957.6451,16288.4589,0
40807,552.23,15957.6451,16288.4589,0
40808,552.24,15957.6451,16288.4589,0
40809,552.24,15957.6451,16288.4589,0
40810,552.26,15957.6451,16288.4589,0
40812,552.32,15957.6451,16288.4589,0
40815,552.37,15957.6451,16288.4589,0
40816,552.42,15957.6451,16288.4589,0
40817,552.42,15957.6451,16288.4589,0
40820,552.43,15957.6451,16288.4589,0
40824,552.45,15957.6451,16288.4589,0
40826,552.47,15957.6451,16288.4589,0
40831,552.56,15957.6451,16288.4589,0
40836,552.57,15957.6451,16288.4589,0
40837,552.57,15957.6451,16288.4589,0
40839,552.57,15957.6451,16288.4589,0
40841,552.58,15957.6451,16288.4589,0
40844,552.60,15957.6451,16288.4589,0
40845,552.60,15957.6451,16288.4589,0
40846,552.60,15957.6451,16288.4589,0
40848,552.61,15957.6451,16288.4589,0
40850,552.62,15957.6451,16288.4589,0
40851,552.63,15957.6451,16288.4589,0
40852,552.63,15957.6451,16288.4589,0
40854,552.65,15957.6451,16288.4589,0
40855,552.65,15957.6451,16288.4589,0
40856,552.66,15957.6451,16288.4589,0
40860,552.68,15957.6451,16288.4589,0
40866,552.72,15957.6451,16288.4589,0
40868,552.73,15957.6451,16288.4589,0
40872,552.74,15957.6451,16288.4589,0
40878,552.76,15957.6451,16288.4589,0
40879,552.76,15957.6451,16288.4589,0
40880,552.77,15957.6451,16288.4589,0
40882,552.77,15957.6451,16288.4589,0
40883,552.77,15957.6451,16288.4589,0
40884,552.77,15957.6451,16288.4589,0
40885,552.77,15957.6451,16288.4589,0
40886,552.77,15957.6451,16288.4589,0
40887,552.77,15957.6451,16288.4589,0
40893,552.79,15957.6451,16288.4589,0
40894,552.79,15957.6451,16288.4589,0
40895,552.80,15957.6451,16288.4589,0
40896,552.80,15957.6451,16288.4589,0
40899,552.80,15957.6451,16288.4589,0
40902,552.80,15957.6451,16288.4589,0
40905,552.81,15957.6451,16288.4589,0
40906,552.81,15957.6451,16288.4589,0
40907,552.81,15957.6451,16288.4589,0
40908,552.81,15957.6451,16288.4589,0
40909,552.81,15957.6451,16288.4589,0
40910,552.81,15957.6451,16288.4589,0
40912,552.83,15957.6451,16288.4589,0
40913,552.83,15957.6451,16288.4589,0
40922,552.84,15957.6451,16288.4589,0
40925,552.84,15957.6451,16288.4589,0
40928,552.93,15957.6451,16288.4589,0
40929,552.97,15957.6451,16288.4589,0
40931,552.98,15957.6451,16288.4589,0
40933,552.98,15957.6451,16288.4589,0
40934,552.98,15957.6451,16288.4589,0
40935,552.98,15957.6451,16288.4589,0
40936,552.99,15957.6451,16288.4589,0
40942,553.00,15957.6451,16288.4589,0
40944,553.00,15957.6451,16288.4589,0
40947,553.00,15957.6451,16288.4589,0
40948,553.01,15957.6451,16288.4589,0
40950,553.01,15957.6451,16288.4589,0
40959,553.05,15957.6451,16288.4589,0
40960,553.05,15957.6451,16288.4589,0
40962,553.06,15957.6451,16288.4589,0
40965,553.07,15957.6451,16288.4589,0
40969,553.09,15957.6451,16288.4589,0
40970,553.09,15957.6451,16288.4589,0
40972,553.09,15957.6451,16288.4589,0
40977,553.10,15957.6451,16288.4589,0
40980,553.11,15957.6451,16288.4589,0
40982,553.11,15957.6451,16288.4589,0
40983,553.11,15957.6451,16288.4589,0
40985,553.13,15957.6451,16288.4589,0
40992,553.14,15957.6451,16288.4589,0
40993,553.14,15957.6451,16288.4589,0
40996,553.14,15957.6451,16288.4589,0
40997,553.15,15957.6451,16288.4589,0
40998,553.15,15957.6451,16288.4589,0
40999,553.15,15957.6451,16288.4589,0
41000,553.15,15957.6451,16288.4589,0
41003,553.16,15957.6451,16288.4589,0
41005,553.16,15957.6451,16288.4589,0
41006,553.16,15957.6451,16288.4589,0
41012,553.18,15957.6451,16288.4589,0
41014,553.18,15957.6451,16288.4589,0
41016,553.19,15957.6451,16288.4589,0
41018,553.19,15957.6451,16288.4589,0
41019,553.19,15957.6451,16288.4589,0
41020,553.20,15957.6451,16288.4589,0
41021,553.24,15957.6451,16288.4589,0
41023,553.24,15957.6451,16288.4589,0
41026,553.25,15957.6451,16288.4589,0
41028,553.25,15957.6451,16288.4589,0
41033,553.27,15957.6451,16288.4589,0
41034,553.27,15957.6451,16288.4589,0
41036,553.27,15957.6451,16288.4589,0
41037,553.27,15957.6451,16288.4589,0
41041,553.32,15957.6451,16288.4589,0
41046,553.34,15957.6451,16288.4589,0
41047,553.34,15957.6451,16288.4589,0
41048,553.34,15957.6451,16288.4589,0
41050,553.35,15957.6451,16288.4589,0
41053,553.35,15957.6451,16288.4589,0
41054,553.35,15957.6451,16288.4589,0
41059,553.38,15957.6451,16288.4589,0
41063,553.39,15957.6451,16288.4589,0
41064,553.39,15957.6451,16288.4589,0
41065,553.39,15957.6451,16288.4589,0
41069,553.40,15957.6451,16288.4589,1
41070,553.49,15691.1753,16288.4589,0
41071,553.52,15691.1753,16288.4589,0
41072,553.57,15691.1753,16288.4589,0
41073,553.60,15842.0059,16288.4589,0
41074,553.62,15842.0059,16288.4589,0
41075,553.65,15842.0059,16288.4589,0
41077,553.67,15842.0059,16288.4589,0
41078,553.70,15842.0059,16288.4589,0
41079,553.70,15842.0059,16288.4589,0
41080,553.72,15843.0150,16288.4589,0
41082,553.76,16101.0983,16288.4589,0
41087,553.85,16101.0983,16288.4589,0
41091,554.05,16101.0983,16288.4589,0
41093,554.10,16101.0983,16288.4589,0
41099,554.17,16101.0983,16288.4589,0
41103,554.19,16101.0983,16288.4589,0
41104,554.19,16101.0983,16288.4589,0
41105,554.22,16101.0983,16288.4589,0
41106,554.30,16101.0983,16288.4589,0
41120,554.45,16101.0983,16288.4589,0
41122,554.47,16101.0983,16288.4589,0
41126,554.48,16101.0983,16288.4589,0
41129,554.51,16121.2495,16288.4589,0
41132,554.63,16121.2495,16288.4589,0
41143,554.80,16121.2495,16288.4589,0
41145,554.87,16121.2495,16288.4589,0
41149,554.91,16121.2495,16288.4589,0
41151,554.91,16121.2495,16288.4589,0
41153,554.91,16121.2495,16288.4589,0
41154,554.91,16121.2495,16288.4589,0
41156,554.92,16121.2495,16288.4589,0
41157,554.95,16157.1809,16288.4589,0
41158,554.98,16157.1809,16288.4589,0
41159,554.98,16157.1809,16288.4589,0
41160,555.00,16214.1538,16288.4589,0
41162,555.10,16214.1538,16288.4589,0
41168,555.23,16214.1538,16288.4589,0
41172,555.34,16214.1538,16288.4589,0
41173,555.36,16214.1538,16288.4589,0
41175,555.38,16214.1538,16288.4589,0
41183,555.47,16214.1538,16288.4589,0
41185,555.48,16214.1538,16288.4589,0
41190,555.54,16214.1538,16288.4589,0
41191,555.57,16214.5707,16288.4589,0
41192,555.62,16214.5707,16288.4589,0
41193,555.62,16214.5707,16288.4589,0
41194,555.72,16214.5707,16288.4589,0
41195,555.74,16214.5707,16288.4589,0
41196,555.75,16214.5707,16288.4589,0
41197,555.78,16214.5707,16288.4589,0
41198,555.80,16214.5707,16288.4589,0
41199,555.80,16214.5707,16288.4589,0
41202,555.88,16214.5707,16288.4589,0
41204,555.88,16214.5707,16288.4589,0
41206,555.90,16214.5707,16288.4589,0
41209,556.01,16214.5707,16288.4589,0
41211,556.05,16214.5707,16288.4589,0
41212,556.08,16214.5707,16288.4589,0
41215,556.10,16214.5707,16288.4589,0
41217,556.13,16214.5707,16288.4589,0
41223,556.19,16214.5707,16288.4589,0
41227,556.20,16214.5707,16288.4589,0
41228,556.22,16214.5707,16288.4589,0
41233,556.23,16214.5707,16288.4589,0
41240,556.31,16214.5707,16288.4589,0
41245,556.37,16214.5707,16288.4589,0
41250,556.43,16214.5707,16288.4589,0
41251,556.43,16214.5707,16288.4589,0
41254,556.47,16214.5707,16288.4589,0
41256,556.49,16214.5707,16288.4589,0
41259,556.54,16214.5707,16288.4589,0
41260,556.54,16214.5707,16288.4589,0
41261,556.54,16214.5707,16288.4589,0
41262,556.54,16214.5707,16288.4589,0
41266,556.55,16214.5707,16288.4589,0
41267,556.55,16214.5707,16288.4589,0
41268,556.56,16214.5707,16288.4589,0
41271,556.60,16214.5707,16288.4589,0
41272,556.61,16214.5707,16288.4589,0
41273,556.61,16214.5707,16288.4589,0
41274,556.70,16214.5707,16288.4589,0
41277,556.70,16214.5707,16288.4589,0
41278,556.70,16214.5707,16288.4589,0
41281,556.73,16214.5707,16288.4589,0
41282,556.73,16214.5707,16288.4589,0
41284,556.78,16214.5707,16288.4589,0
41285,556.78,16214.5707,16288.4589,0
41286,556.79,16214.5707,16288.4589,0
41289,556.81,16214.5707,16288.4589,0
41290,556.82,16214.5707,16288.4589,0
41293,556.86,16214.5707,16288.4589,0
41295,556.88,16214.5707,16288.4589,0
41297,556.88,16214.5707,16288.4589,0
41301,556.95,16214.5707,16288.4589,0
41303,556.97,16214.5707,16288.4589,0
41305,556.99,16214.5707,16288.4589,0
41307,557.00,16214.5707,16288.4589,0
41308,557.00,16214.5707,16288.4589,0
41309,557.00,16214.5707,16288.4589,0
41311,557.00,16214.5707,16288.4589,0
41312,557.00,16214.5707,16288.4589,0
41313,557.04,16214.5707,16288.4589,0
41316,557.07,16214.5707,16288.4589,0
41317,557.07,16214.5707,16288.4589,0
41318,557.07,16214.5707,16288.4589,0
41319,557.07,16214.5707,16288.4589,0
41321,557.09,16214.5707,16288.4589,0
41323,557.09,16214.5707,16288.4589,0
41328,557.14,16214.5707,16288.4589,0
41330,557.16,16214.5707,16288.4589,0
41333,557.20,16214.5707,16288.4589,0
41334,557.20,16214.5707,16288.4589,0
41337,557.25,16214.5707,16288.4589,0
41340,557.35,16214.5707,16288.4589,0
41344,557.39,16214.5707,16288.4589,0
41345,557.40,16214.5707,16288.4589,0
41349,557.46,16214.5707,16288.4589,0
41350,557.46,16214.5707,16288.4589,0
41352,557.49,16214.5707,16288.4589,0
41360,557.59,16214.5707,16288.4589,0
41365,557.68,16214.5707,16288.4589,0
41366,557.68,16214.5707,16288.4589,0
41367,557.69,16214.5707,16288.4589,0
41369,557.71,16214.5707,16288.4589,0
41370,557.73,16214.5707,16288.4589,0
41373,557.78,16214.5707,16288.4589,0
41378,557.82,16214.5707,16288.4589,0
41382,557.85,16214.5707,16288.4589,0
41383,557.85,16214.5707,16288.4589,0
41386,557.88,16214.5707,16288.4589,0
41390,557.98,16214.5707,16288.4589,0
41391,557.99,16214.5707,16288.4589,0
41392,557.99,16214.5707,16288.4589,0
41393,557.99,16214.5707,16288.4589,0
41398,558.11,16214.5707,16288.4589,0
41399,558.12,16214.5707,16288.4589,0
41401,558.13,16214.5707,16288.4589,0
41402,558.14,16214.5707,16288.4589,0
41404,558.17,16214.5707,16288.4589,0
41406,558.17,16214.5707,16288.4589,0
41407,558.17,16214.5707,16288.4589,0
41408,558.17,16214.5707,16288.4589,0
41411,558.20,16214.5707,16288.4589,0
41412,558.20,16214.5707,16288.4589,0
41416,558.26,16216.8200,16288.4589,0
41417,558.34,16216.8200,16288.4589,0
41418,558.38,16216.8200,16288.4589,0
41420,558.42,16216.8200,16288.4589,0
41423,558.53,16216.8200,16288.4589,0
41425,558.53,16216.8200,16288.4589,0
41428,558.57,16216.8200,16288.4589,0
41429,558.66,16216.8200,16288.4589,0
41432,558.70,16217.8295,16288.4589,0
41435,558.78,16217.8295,16288.4589,0
41437,558.89,16217.8295,16288.4589,0
41438,558.91,16217.8295,16288.4589,0
41440,559.01,16217.8295,16288.4589,0
41441,559.05,16217.8295,16288.4589,0
41442,559.06,16217.8295,16288.4589,0
41443,559.06,16217.8295,16288.4589,0
41445,559.06,16217.8295,16288.4589,0
41446,559.06,16217.8295,16288.4589,0
41450,559.11,16217.8295,16288.4589,0
41451,559.13,16217.8295,16288.4589,0
41453,559.15,16217.8295,16288.4589,0
41454,559.16,16217.8295,16288.4589,0
41457,559.19,16217.8295,16288.4589,0
41464,559.33,16217.8295,16288.4589,0
41467,559.36,16217.8295,16288.4589,0
41471,559.38,16217.8295,16288.4589,0
41478,559.46,16217.8295,16288.4589,0
41483,559.55,16217.8295,16288.4589,0
41484,559.56,16217.8295,16288.4589,0
41485,559.56,16217.8295,16288.4589,0
41487,559.58,16217.8295,16288.4589,0
41490,559.60,16217.8295,16288.4589,0
41493,559.63,16217.8295,16288.4589,0
41494,559.64,16217.8295,16288.4589,0
41497,559.68,16217.8295,16288.4589,0
41498,559.68,16217.8295,16288.4589,0
41499,559.69,16217.8295,16288.4589,0
41500,559.70,16217.8295,16288.4589,0
41505,559.78,16217.8295,16288.4589,0
41507,559.81,16217.8295,16288.4589,0
41510,559.83,16217.8295,16288.4589,0
41511,559.84,16217.8295,16288.4589,0
41512,559.86,16217.8295,16288.4589,0
41513,559.87,16217.8295,16288.4589,0
41514,559.87,16217.8295,16288.4589,0
41515,559.87,16217.8295,16288.4589,0
41517,559.89,16217.8295,16288.4589,0
41519,559.91,16217.8295,16288.4589,0
41521,559.94,16217.8295,16288.4589,0
41522,559.95,16217.8295,16288.4589,0
41523,559.95,16217.8295,16288.4589,0
41524,559.96,16217.8295,16288.4589,0
41525,559.96,16217.8295,16288.4589,0
41527,559.97,16217.8295,16288.4589,0
41530,559.97,16217.8295,16288.4589,0
41531,559.97,16217.8295,16288.4589,0
41533,560.01,16217.8295,16288.4589,0
41534,560.01,16217.8295,16288.4589,0
41535,560.06,16217.8295,16288.4589,0
41536,560.09,16217.8295,16288.4589,0
41537,560.10,16217.8295,16288.4589,0
41539,560.10,16217.8295,16288.4589,0
41540,560.11,16217.8295,16288.4589,0
41544,560.11,16217.8295,16288.4589,0
41547,560.13,16217.8295,16288.4589,0
41548,560.13,16217.8295,16288.4589,0
41553,560.16,16217.8295,16288.4589,0
41557,560.28,16217.8295,16288.4589,0
41559,560.28,16217.8295,16288.4589,0
41561,560.31,16217.8295,16288.4589,0
41563,560.33,16217.8295,16288.4589,0
41564,560.34,16217.8295,16288.4589,0
41567,560.38,16217.8295,16288.4589,0
41568,560.38,16217.8295,16288.4589,0
41570,560.40,16217.8295,16288.4589,0
41573,560.44,16217.8295,16288.4589,0
41574,560.44,16217.8295,16288.4589,0
41577,560.48,16217.8295,16288.4589,0
41580,560.54,16218.3929,16288.4589,0
41587,560.65,16218.3929,16288.4589,0
41588,560.67,16218.3929,16288.4589,0
41589,560.73,16218.3929,16288.4589,0
41591,560.82,16218.3929,16288.4589,0
41594,560.84,16218.3929,16288.4589,0
41597,560.89,16218.3929,16288.4589,0
41599,560.92,16218.3929,16288.4589,0
41600,560.92,16218.3929,16288.4589,0
41601,560.95,16218.3929,16288.4589,0
41604,560.97,16218.3929,16288.4589,0
41614,561.15,16218.3929,16288.4589,0
41615,561.17,16218.3929,16288.4589,0
41620,561.18,16218.3929,16288.4589,0
41622,561.22,16222.5347,16288.4589,0
41625,561.25,16226.4858,16288.4589,0
41626,561.30,16226.4858,16288.4589,0
41627,561.37,16226.4858,16288.4589,0
41628,561.39,16226.4858,16288.4589,0
41629,561.42,16226.4858,16288.4589,0
41630,561.46,16248.7502,16288.4589,0
41634,561.55,16248.7502,16288.4589,0
41635,561.57,16248.7502,16288.4589,0
41643,561.71,16248.7502,16288.4589,0
41655,561.92,16248.7502,16288.4589,0
41656,561.94,16248.7502,16288.4589,0
41658,561.94,16248.7502,16288.4589,0
41663,562.01,16248.7502,16288.4589,0
41673,562.18,16248.7502,16288.4589,0
41674,562.18,16248.7502,16288.4589,0
41682,562.27,16248.7502,16288.4589,0
41696,562.49,16248.7502,16288.4589,0
41697,562.49,16248.7502,16288.4589,0
41709,562.61,16248.7502,16288.4589,0
41712,562.69,16248.7502,16288.4589,0
41713,562.69,16248.7502,16288.4589,0
41716,562.71,16248.7502,16288.4589,0
41725,562.77,16248.7502,16288.4589,0
41727,562.79,16248.7502,16288.4589,0
41734,562.82,16248.7502,16288.4589,0
41737,562.82,16248.7502,16288.4589,0
41743,562.88,16248.7502,16288.4589,0
41744,562.88,16248.7502,16288.4589,0
41751,562.94,16248.7502,16288.4589,0
41757,563.00,16248.7502,16288.4589,0
41761,563.03,16248.7502,16288.4589,0
41765,563.05,16248.7502,16288.4589,0
41766,563.08,16248.7502,16288.4589,0
41769,563.11,16248.7502,16288.4589,0
41779,563.23,16248.7502,16288.4589,0
41781,563.25,16248.7502,16288.4589,0
41785,563.30,16248.7502,16288.4589,0
41787,563.36,16248.7502,16288.4589,0
41811,563.67,16248.7502,16288.4589,0
41814,563.73,16248.7502,16288.4589,0
41818,563.79,16248.7502,16288.4589,0
41820,563.83,16254.3696,16288.4589,0
41821,563.85,16254.3696,16288.4589,0
41831,564.19,16254.3696,16288.4589,0
41840,564.29,16254.3696,16288.4589,0
41841,564.39,16254.3696,16288.4589,0
41846,564.44,16254.3696,16288.4589,0
41850,564.48,16254.3696,16288.4589,0
41851,564.50,16254.3696,16288.4589,0
41855,564.53,16254.3696,16288.4589,0
41860,564.59,16254.3696,16288.4589,0
41861,564.61,16254.3696,16288.4589,0
41864,564.68,16254.3696,16288.4589,0
41866,564.70,16254.3696,16288.4589,0
41868,564.73,16254.3696,16288.4589,0
41870,564.77,16254.3696,16288.4589,0
41873,564.81,16254.3696,16288.4589,0
41874,564.86,16254.3696,16288.4589,0
41876,564.90,16254.3696,16288.4589,0
41877,564.90,16254.3696,16288.4589,0
41881,564.92,16254.3696,16288.4589,0
41885,564.97,16254.3696,16288.4589,0
41887,565.01,16254.3696,16288.4589,0
41888,565.03,16254.3696,16288.4589,0
41889,565.08,16257.1216,16288.4589,0
41890,565.11,16257.1216,16288.4589,0
41893,565.17,16257.1216,16288.4589,0
41897,565.27,16257.1216,16288.4589,0
41898,565.27,16257.1216,16288.4589,0
41901,565.31,16257.1216,16288.4589,0
41902,565.40,16257.1216,16288.4589,0
41906,565.48,16257.1216,16288.4589,0
41907,565.50,16257.1216,16288.4589,0
41908,565.50,16257.1216,16288.4589,0
41910,565.51,16257.1216,16288.4589,0
41917,565.62,16257.1216,16288.4589,0
41918,565.64,16257.1216,16288.4589,0
41919,565.72,16257.1216,16288.4589,0
41921,565.76,16257.1216,16288.4589,0
41923,565.80,16257.1216,16288.4589,0
41926,565.82,16257.1216,16288.4589,0
41927,565.84,16257.1216,16288.4589,0
41928,565.85,16257.1216,16288.4589,0
41931,565.89,16257.1216,16288.4589,0
41932,565.91,16257.1216,16288.4589,0
41934,565.95,16257.1216,16288.4589,0
41935,565.97,16257.1216,16288.4589,0
41938,566.03,16257.1216,16288.4589,0
41939,566.04,16257.1216,16288.4589,0
41941,566.05,16257.1216,16288.4589,0
41943,566.10,16257.1216,16288.4589,0
41947,566.16,16257.1216,16288.4589,0
41948,566.18,16257.1216,16288.4589,0
41949,566.19,16257.1216,16288.4589,0
41952,566.22,16257.1216,16288.4589,0
41954,566.32,16257.1216,16288.4589,0
41956,566.34,16257.1216,16288.4589,0
41957,566.37,16257.1216,16288.4589,0
41963,566.46,16257.1216,16288.4589,0
41964,566.47,16257.1216,16288.4589,0
41965,566.48,16257.1216,16288.4589,0
41966,566.50,16257.1216,16288.4589,0
41967,566.51,16257.1216,16288.4589,0
41969,566.54,16257.1216,16288.4589,0
41970,566.55,16257.1216,16288.4589,0
41971,566.56,16257.1216,16288.4589,0
41972,566.58,16259.9844,16288.4589,0
41973,566.63,16259.9844,16288.4589,0
41977,566.69,16259.9844,16288.4589,0
41978,566.69,16259.9844,16288.4589,0
41979,566.69,16259.9844,16288.4589,0
41980,566.70,16259.9844,16288.4589,0
41981,566.79,16259.9844,16288.4589,0
41983,566.81,16259.9844,16288.4589,0
41984,566.83,16259.9844,16288.4589,0
41985,566.84,16259.9844,16288.4589,0
41986,566.86,16259.9844,16288.4589,0
41989,566.90,16259.9844,16288.4589,0
41991,566.94,16259.9844,16288.4589,0
41992,566.94,16259.9844,16288.4589,0
41995,566.97,16259.9844,16288.4589,0
41996,566.99,16259.9844,16288.4589,0
42000,567.09,16259.9844,16288.4589,0
42001,567.14,16259.9844,16288.4589,0
42006,567.25,16259.9844,16288.4589,0
42007,567.28,16259.9844,16288.4589,0
42009,567.31,16259.9844,16288.4589,0
42010,567.32,16259.9844,16288.4589,0
42012,567.36,16259.9844,16288.4589,0
42014,567.39,16259.9844,16288.4589,0
42015,567.39,16259.9844,16288.4589,0
42017,567.40,16259.9844,16288.4589,0
42018,567.40,16259.9844,16288.4589,0
42024,567.48,16259.9844,16288.4589,0
42027,567.55,16259.9844,16288.4589,0
42028,567.57,16259.9844,16288.4589,0
42029,567.58,16259.9844,16288.4589,0
42031,567.64,16259.9844,16288.4589,0
42032,567.65,16259.9844,16288.4589,0
42036,567.69,16259.9844,16288.4589,0
42039,567.76,16259.9844,16288.4589,0
42040,567.76,16259.9844,16288.4589,0
42041,567.79,16259.9844,16288.4589,0
42042,567.79,16259.9844,16288.4589,0
42043,567.79,16259.9844,16288.4589,0
42047,567.83,16259.9844,16288.4589,0
42048,567.87,16259.9844,16288.4589,0
42050,567.89,16259.9844,16288.4589,0
42052,567.89,16259.9844,16288.4589,0
42053,567.89,16259.9844,16288.4589,0
42054,567.90,16259.9844,16288.4589,0
42056,567.93,16259.9844,16288.4589,0
42057,567.96,16259.9844,16288.4589,0
42059,568.02,16259.9844,16288.4589,0
42060,568.03,16259.9844,16288.4589,0
42062,568.05,16259.9844,16288.4589,0
42063,568.06,16259.9844,16288.4589,0
42064,568.06,16259.9844,16288.4589,0
42067,568.09,16259.9844,16288.4589,0
42068,568.11,16259.9844,16288.4589,0
42069,568.12,16259.9844,16288.4589,0
42070,568.13,16259.9844,16288.4589,0
42072,568.16,16259.9844,16288.4589,0
42073,568.16,16259.9844,16288.4589,0
42074,568.19,16259.9844,16288.4589,0
42075,568.23,16259.9844,16288.4589,0
42079,568.27,16259.9844,16288.4589,0
42082,568.35,16259.9844,16288.4589,0
42083,568.36,16259.9844,16288.4589,0
42084,568.38,16259.9844,16288.4589,0
42085,568.43,16259.9844,16288.4589,0
42086,568.44,16259.9844,16288.4589,0
42088,568.46,16259.9844,16288.4589,0
42089,568.46,16259.9844,16288.4589,0
42090,568.47,16259.9844,16288.4589,0
42091,568.49,16259.9844,16288.4589,0
42092,568.49,16259.9844,16288.4589,0
42093,568.49,16259.9844,16288.4589,0
42095,568.53,16259.9844,16288.4589,0
42096,568.55,16259.9844,16288.4589,0
42097,568.55,16259.9844,16288.4589,0
42098,568.57,16259.9844,16288.4589,0
42099,568.57,16259.9844,16288.4589,0
42104,568.65,16259.9844,16288.4589,0
42105,568.66,16259.9844,16288.4589,0
42109,568.72,16259.9844,16288.4589,0
42113,568.78,16259.9844,16288.4589,0
42115,568.81,16259.9844,16288.4589,0
42116,568.83,16259.9844,16288.4589,0
42117,568.84,16259.9844,16288.4589,0
42120,568.84,16259.9844,16288.4589,0
42121,568.85,16259.9844,16288.4589,0
42123,568.87,16259.9844,16288.4589,0
42124,568.88,16259.9844,16288.4589,0
42126,568.90,16259.9844,16288.4589,0
42130,569.03,16259.9844,16288.4589,0
42131,569.05,16259.9844,16288.4589,0
42132,569.06,16259.9844,16288.4589,0
42139,569.17,16259.9844,16288.4589,0
42141,569.18,16259.9844,16288.4589,0
42142,569.18,16259.9844,16288.4589,0
42143,569.20,16259.9844,16288.4589,0
42144,569.20,16259.9844,16288.4589,0
42145,569.20,16259.9844,16288.4589,0
42146,569.20,16259.9844,16288.4589,0
42147,569.21,16259.9844,16288.4589,0
42149,569.29,16259.9844,16288.4589,0
42152,569.36,16259.9844,16288.4589,0
42153,569.37,16259.9844,16288.4589,0
42154,569.39,16259.9844,16288.4589,0
42155,569.39,16259.9844,16288.4589,0
42156,569.39,16259.9844,16288.4589,0
42158,569.42,16259.9844,16288.4589,0
42160,569.44,16259.9844,16288.4589,0
42161,569.46,16259.9844,16288.4589,0
42165,569.52,16259.9844,16288.4589,0
42167,569.54,16259.9844,16288.4589,0
42169,569.56,16259.9844,16288.4589,0
42170,569.56,16259.9844,16288.4589,0
42174,569.61,16259.9844,16288.4589,0
42175,569.63,16259.9844,16288.4589,0
42176,569.63,16259.9844,16288.4589,0
42178,569.65,16259.9844,16288.4589,0
42182,569.68,16259.9844,16288.4589,0
42183,569.69,16259.9844,16288.4589,0
42185,569.73,16259.9844,16288.4589,0
42186,569.74,16259.9844,16288.4589,0
42192,569.79,16259.9844,16288.4589,0
42193,569.80,16259.9844,16288.4589,0
42195,569.86,16259.9844,16288.4589,0
42196,569.88,16259.9844,16288.4589,0
42198,569.90,16259.9844,16288.4589,0
42202,569.96,16261.4718,16288.4589,0
42203,570.02,16261.4718,16288.4589,0
42204,570.03,16261.4718,16288.4589,0
42205,570.03,16261.4718,16288.4589,0
42207,570.05,16261.4718,16288.4589,0
42208,570.07,16261.4718,16288.4589,0
42210,570.13,16261.4718,16288.4589,0
42213,570.14,16261.4718,16288.4589,0
42214,570.18,16261.4718,16288.4589,0
42215,570.19,16261.4718,16288.4589,0
42216,570.20,16261.4718,16288.4589,0
42217,570.21,16261.4718,16288.4589,0
42219,570.26,16261.4718,16288.4589,0
42220,570.29,16261.4718,16288.4589,0
42221,570.34,16261.4718,16288.4589,0
42227,570.39,16261.4718,16288.4589,0
42228,570.39,16261.4718,16288.4589,0
42230,570.41,16261.4718,16288.4589,0
42231,570.42,16261.4718,16288.4589,0
42232,570.44,16261.4718,16288.4589,0
42235,570.50,16261.4718,16288.4589,0
42236,570.53,16261.4718,16288.4589,0
42238,570.55,16261.4718,16288.4589,0
42243,570.61,16261.4718,16288.4589,0
42245,570.63,16261.4718,16288.4589,0
42248,570.63,16261.4718,16288.4589,0
42249,570.63,16261.4718,16288.4589,0
42251,570.65,16261.4718,16288.4589,0
42252,570.68,16261.4718,16288.4589,0
42253,570.68,16261.4718,16288.4589,0
42254,570.68,16261.4718,16288.4589,0
42255,570.70,16261.4718,16288.4589,0
42260,570.74,16261.4718,16288.4589,0
42261,570.78,16261.4718,16288.4589,0
42262,570.78,16261.4718,16288.4589,0
42265,570.83,16261.4718,16288.4589,0
42266,570.83,16261.4718,16288.4589,0
42274,570.97,16261.4718,16288.4589,0
42275,571.02,16261.4718,16288.4589,0
42277,571.10,16261.4718,16288.4589,0
42279,571.10,16261.4718,16288.4589,0
42280,571.11,16261.4718,16288.4589,0
42287,571.20,16261.4718,16288.4589,0
42288,571.27,16261.4718,16288.4589,0
42291,571.28,16261.4718,16288.4589,0
42293,571.29,16261.4718,16288.4589,0
42294,571.31,16261.4718,16288.4589,0
42300,571.39,16261.4718,16288.4589,0
42301,571.39,16261.4718,16288.4589,0
42302,571.39,16261.4718,16288.4589,0
42305,571.42,16261.4718,16288.4589,0
42306,571.42,16261.4718,16288.4589,0
42307,571.43,16261.4718,16288.4589,0
42312,571.49,16261.4718,16288.4589,0
42314,571.52,16261.4718,16288.4589,0
42315,571.53,16261.4718,16288.4589,0
42317,571.54,16261.4718,16288.4589,0
42318,571.54,16261.4718,16288.4589,0
42319,571.55,16261.4718,16288.4589,0
42321,571.56,16261.4718,16288.4589,0
42326,571.58,16261.4718,16288.4589,0
42327,571.60,16261.4718,16288.4589,0
42329,571.64,16261.4718,16288.4589,0
42330,571.64,16261.4718,16288.4589,0
42332,571.66,16261.4718,16288.4589,0
42333,571.66,16261.4718,16288.4589,0
42335,571.68,16261.4718,16288.4589,0
42336,571.68,16261.4718,16288.4589,0
42339,571.75,16261.4718,16288.4589,0
42344,571.83,16261.4718,16288.4589,0
42346,571.83,16261.4718,16288.4589,0
42347,571.85,16261.4718,16288.4589,0
42348,571.86,16261.4718,16288.4589,0
42350,571.88,16261.4718,16288.4589,0
42351,571.90,16261.4718,16288.4589,0
42356,571.96,16261.4718,16288.4589,0
42360,571.99,16261.4718,16288.4589,0
42362,572.03,16261.4718,16288.4589,0
42367,572.06,16261.4718,16288.4589,0
42368,572.06,16261.4718,16288.4589,0
42370,572.12,16261.4718,16288.4589,0
42373,572.17,16261.4718,16288.4589,0
42375,572.20,16261.4718,16288.4589,0
42377,572.23,16261.4718,16288.4589,0
42378,572.25,16261.4718,16288.4589,0
42380,572.28,16261.4718,16288.4589,0
42383,572.41,16261.4718,16288.4589,0
42384,572.42,16261.4718,16288.4589,0
42387,572.42,16261.4718,16288.4589,0
42388,572.43,16261.4718,16288.4589,0
42390,572.47,16261.4718,16288.4589,0
42392,572.49,16261.4718,16288.4589,0
42393,572.49,16261.4718,16288.4589,0
42394,572.49,16261.4718,16288.4589,0
42397,572.53,16261.4718,16288.4589,0
42398,572.54,16261.4718,16288.4589,0
42400,572.54,16261.4718,16288.4589,0
42402,572.61,16261.4718,16288.4589,0
42403,572.61,16261.4718,16288.4589,0
42407,572.67,16261.4718,16288.4589,0
42408,572.67,16261.4718,16288.4589,0
42409,572.68,16261.4718,16288.4589,0
42412,572.68,16261.4718,16288.4589,0
42415,572.69,16261.4718,16288.4589,0
42416,572.69,16261.4718,16288.4589,0
42417,572.69,16261.4718,16288.4589,0
42418,572.69,16261.4718,16288.4589,0
42419,572.69,16261.4718,16288.4589,0
42420,572.69,16261.4718,16288.4589,0
42423,572.72,16261.4718,16288.4589,0
42425,572.75,16261.4718,16288.4589,0
42426,572.75,16261.4718,16288.4589,0
42429,572.79,16261.4718,16288.4589,0
42433,572.81,16261.4718,16288.4589,0
42434,572.81,16261.4718,16288.4589,0
42436,572.81,16261.4718,16288.4589,0
42438,572.83,16261.4718,16288.4589,0
42439,572.84,16261.4718,16288.4589,0
42440,572.84,16261.4718,16288.4589,0
42442,572.93,16261.4718,16288.4589,0
42443,572.94,16261.4718,16288.4589,0
42445,572.96,16261.4718,16288.4589,0
42447,572.98,16261.4718,16288.4589,0
42448,572.98,16261.4718,16288.4589,0
42449,572.99,16261.4718,16288.4589,0
42450,573.04,16261.4718,16288.4589,0
42451,573.05,16261.4718,16288.4589,0
42453,573.07,16261.4718,16288.4589,0
42454,573.08,16261.4718,16288.4589,0
42455,573.08,16261.4718,16288.4589,0
42456,573.08,16261.4718,16288.4589,0
42457,573.08,16261.4718,16288.4589,0
42460,573.09,16261.4718,16288.4589,0
42461,573.09,16261.4718,16288.4589,0
42462,573.09,16261.4718,16288.4589,0
42463,573.09,16261.4718,16288.4589,0
42466,573.14,16261.4718,16288.4589,0
42467,573.14,16261.4718,16288.4589,0
42468,573.14,16261.4718,16288.4589,0
42469,573.14,16261.4718,16288.4589,0
42470,573.14,16261.4718,16288.4589,0
42471,573.14,16261.4718,16288.4589,0
42473,573.14,16261.4718,16288.4589,0
42475,573.15,16261.4718,16288.4589,0
42476,573.16,16261.4718,16288.4589,0
42477,573.16,16261.4718,16288.4589,0
42479,573.18,16261.4718,16288.4589,0
42482,573.18,16261.4718,16288.4589,0
42483,573.19,16261.4718,16288.4589,0
42486,573.22,16261.4718,16288.4589,0
42487,573.24,16261.4718,16288.4589,0
42488,573.28,16261.4718,16288.4589,0
42489,573.28,16261.4718,16288.4589,0
42491,573.32,16261.4718,16288.4589,0
42494,573.37,16261.4718,16288.4589,0
42498,573.42,16261.4718,16288.4589,0
42500,573.42,16261.4718,16288.4589,0
42502,573.42,16261.4718,16288.4589,0
42503,573.42,16261.4718,16288.4589,1
42504,573.52,15171.2928,16288.4589,0
42507,573.59,15171.2928,16288.4589,0
42508,573.63,15171.2928,16288.4589,0
42510,573.70,15171.2928,16288.4589,0
42511,573.73,15171.2928,16288.4589,0
42513,573.76,15171.2928,16288.4589,0
42516,573.78,15171.2928,16288.4589,0
42517,573.80,15171.2928,16288.4589,0
42519,573.89,15171.2928,16288.4589,0
42520,573.93,15171.2928,16288.4589,0
42521,573.95,15171.2928,16288.4589,0
42522,574.00,15241.4305,16288.4589,0
42523,574.03,15474.7841,16288.4589,0
42524,574.05,15474.7841,16288.4589,0
42529,574.16,15474.7841,16288.4589,0
42538,574.43,15474.7841,16288.4589,0
42543,574.52,15672.2584,16288.4589,0
42546,574.58,15672.2584,16288.4589,0
42549,574.65,15672.2584,16288.4589,0
42550,574.67,15672.2584,16288.4589,0
42553,574.73,15672.2584,16288.4589,0
42554,574.76,15672.2584,16288.4589,0
42555,574.76,15672.2584,16288.4589,0
42556,574.76,15672.2584,16288.4589,0
42566,574.88,15672.2584,16288.4589,0
42572,574.94,15672.2584,16288.4589,0
42574,574.98,15674.1882,16288.4589,0
42575,575.01,15674.1882,16288.4589,0
42576,575.05,15674.1882,16288.4589,0
42577,575.07,15674.1882,16288.4589,0
42578,575.10,15693.2224,16288.4589,0
42586,575.26,15693.2224,16288.4589,0
42590,575.41,15693.2224,16288.4589,0
42594,575.52,15693.2224,16288.4589,0
42597,575.58,15693.2224,16288.4589,0
42600,575.69,15768.8432,16288.4589,0
42602,575.81,15768.8432,16288.4589,0
42603,575.83,15768.8432,16288.4589,0
42607,575.97,15768.8432,16288.4589,0
42608,575.97,15768.8432,16288.4589,0
42612,576.01,15819.9862,16288.4589,0
42613,576.03,15819.9862,16288.4589,0
42614,576.06,15819.9862,16288.4589,0
42615,576.08,15819.9862,16288.4589,0
42619,576.12,15819.9862,16288.4589,0
42622,576.17,15819.9862,16288.4589,0
42631,576.36,15819.9862,16288.4589,0
42633,576.36,15819.9862,16288.4589,0
42636,576.40,15819.9862,16288.4589,0
42641,576.43,15819.9862,16288.4589,0
42644,576.49,15819.9862,16288.4589,0
42645,576.50,15819.9862,16288.4589,0
42646,576.50,15819.9862,16288.4589,0
42647,576.52,15819.9862,16288.4589,0
42649,576.55,15819.9862,16288.4589,0
42653,576.57,15819.9862,16288.4589,0
42655,576.57,15819.9862,16288.4589,0
42656,576.57,15819.9862,16288.4589,0
42659,576.59,15819.9862,16288.4589,0
42667,576.70,15819.9862,16288.4589,0
42668,576.75,15819.9862,16288.4589,0
42679,576.78,15819.9862,16288.4589,0
42684,576.86,15819.9862,16288.4589,0
42687,576.87,15819.9862,16288.4589,0
42689,576.87,15819.9862,16288.4589,0
42701,576.95,15819.9862,16288.4589,0
42702,576.95,15819.9862,16288.4589,0
42704,576.95,15819.9862,16288.4589,0
42712,576.96,15819.9862,16288.4589,0
42715,576.98,15819.9862,16288.4589,0
42716,577.03,15819.9862,16288.4589,0
42742,577.26,15819.9862,16288.4589,0
42744,577.28,15819.9862,16288.4589,0
42754,577.35,15819.9862,16288.4589,0
42763,577.40,15819.9862,16288.4589,0
42764,577.40,15819.9862,16288.4589,0
42767,577.42,15819.9862,16288.4589,0
42770,577.42,15819.9862,16288.4589,0
42772,577.42,15819.9862,16288.4589,0
42776,577.44,15819.9862,16288.4589,0
42782,577.47,15819.9862,16288.4589,0
42785,577.47,15819.9862,16288.4589,0
42787,577.49,15819.9862,16288.4589,0
42796,577.57,15819.9862,16288.4589,0
42807,577.66,15819.9862,16288.4589,0
42817,577.72,15819.9862,16288.4589,0
42818,577.72,15819.9862,16288.4589,0
42827,577.79,15819.9862,16288.4589,0
42830,577.81,15819.9862,16288.4589,0
42831,577.81,15819.9862,16288.4589,0
42834,577.81,15819.9862,16288.4589,0
42839,577.84,15819.9862,16288.4589,0
42848,577.98,15826.3790,16288.4589,0
42849,578.00,15826.3790,16288.4589,0
42852,578.08,15826.3790,16288.4589,0
42857,578.18,15826.3790,16288.4589,0
42858,578.20,15826.3790,16288.4589,0
42863,578.30,15826.3790,16288.4589,0
42864,578.33,15826.3790,16288.4589,0
42867,578.47,15826.3790,16288.4589,0
42870,578.55,15826.3790,16288.4589,0
42872,578.59,15826.3790,16288.4589,0
42873,578.62,15826.3790,16288.4589,0
42883,578.67,15826.3790,16288.4589,0
42884,578.67,15826.3790,16288.4589,0
42885,578.71,15826.3790,16288.4589,0
42886,578.76,15826.3790,16288.4589,0
42888,578.76,15826.3790,16288.4589,0
42891,578.79,15826.3790,16288.4589,0
42895,578.80,15826.3790,16288.4589,0
42897,578.80,15826.3790,16288.4589,0
42900,578.80,15826.3790,16288.4589,0
42903,578.80,15826.3790,16288.4589,0
42905,578.82,15826.3790,16288.4589,0
42914,578.90,15826.3790,16288.4589,0
42915,578.92,15826.3790,16288.4589,0
42917,578.96,15826.3790,16288.4589,0
42921,578.97,15826.3790,16288.4589,0
42928,579.04,15826.3790,16288.4589,0
42930,579.06,15826.3790,16288.4589,0
42932,579.09,15826.3790,16288.4589,0
42935,579.18,15826.3790,16288.4589,0
42942,579.26,15826.3790,16288.4589,0
42947,579.29,15826.3790,16288.4589,0
42950,579.33,15826.3790,16288.4589,0
42952,579.35,15826.3790,16288.4589,0
42954,579.39,15826.3790,16288.4589,0
42957,579.39,15826.3790,16288.4589,0
42958,579.39,15826.3790,16288.4589,0
42962,579.44,15826.3790,16288.4589,0
42963,579.46,15826.3790,16288.4589,0
42967,579.56,15826.3790,16288.4589,0
42968,579.56,15826.3790,16288.4589,0
42970,579.57,15826.3790,16288.4589,0
42974,579.61,15826.3790,16288.4589,0
42979,579.67,15826.3790,16288.4589,0
42983,579.70,15826.3790,16288.4589,0
42985,579.74,15826.4938,16288.4589,0
42987,579.76,15826.4938,16288.4589,0
42992,579.86,15826.4938,16288.4589,0
42994,579.90,15826.4938,16288.4589,0
42996,579.91,15826.4938,16288.4589,0
42997,579.93,15826.4938,16288.4589,0
42998,579.93,15826.4938,16288.4589,0
43004,580.02,15826.4938,16288.4589,0
43005,580.02,15826.4938,16288.4589,0
43008,580.08,15826.4938,16288.4589,0
43009,580.10,15826.4938,16288.4589,0
43010,580.11,15826.4938,16288.4589,0
43011,580.13,15826.4938,16288.4589,0
43014,580.15,15826.4938,16288.4589,0
43015,580.18,15826.4938,16288.4589,0
43016,580.23,15828.7881,16288.4589,0
43018,580.28,15828.7881,16288.4589,0
43019,580.30,15828.7881,16288.4589,0
43021,580.33,15828.7881,16288.4589,0
43022,580.35,15828.7881,16288.4589,0
43024,580.39,15828.7881,16288.4589,0
43026,580.44,15828.7881,16288.4589,0
43027,580.47,15828.7881,16288.4589,0
43029,580.50,15828.7881,16288.4589,0
43034,580.65,15828.7881,16288.4589,0
43035,580.70,15828.7881,16288.4589,0
43037,580.80,15828.7881,16288.4589,0
43038,580.80,15828.7881,16288.4589,0
43039,580.80,15828.7881,16288.4589,0
43041,580.81,15828.7881,16288.4589,0
43042,580.81,15828.7881,16288.4589,0
43047,580.90,15828.7881,16288.4589,0
43048,580.90,15828.7881,16288.4589,0
43051,581.02,15828.7881,16288.4589,0
43054,581.05,15828.7881,16288.4589,0
43055,581.09,15828.7881,16288.4589,0
43056,581.09,15828.7881,16288.4589,0
43057,581.10,15828.7881,16288.4589,0
43058,581.10,15828.7881,16288.4589,0
43060,581.12,15828.7881,16288.4589,0
43061,581.13,15828.7881,16288.4589,0
43062,581.13,15828.7881,16288.4589,0
43066,581.19,15828.7881,16288.4589,0
43067,581.19,15828.7881,16288.4589,0
43068,581.19,15828.7881,16288.4589,0
43069,581.20,15828.7881,16288.4589,0
43071,581.22,15828.7881,16288.4589,0
43075,581.23,15828.7881,16288.4589,0
43076,581.31,15828.7881,16288.4589,0
43077,581.31,15828.7881,16288.4589,0
43079,581.33,15828.7881,16288.4589,0
43080,581.33,15828.7881,16288.4589,0
43081,581.33,15828.7881,16288.4589,0
43082,581.33,15828.7881,16288.4589,0
43083,581.34,15828.7881,16288.4589,0
43089,581.46,15828.7881,16288.4589,0
43092,581.50,15828.7881,16288.4589,0
43093,581.52,15828.7881,16288.4589,0
43095,581.53,15828.7881,16288.4589,0
43099,581.60,15828.7881,16288.4589,0
43100,581.70,15828.7881,16288.4589,0
43102,581.72,15828.7881,16288.4589,0
43103,581.81,15828.7881,16288.4589,0
43104,581.83,15828.7881,16288.4589,0
43107,581.85,15828.7881,16288.4589,0
43112,581.92,15828.7881,16288.4589,0
43113,581.96,15828.7881,16288.4589,0
43116,581.98,15828.7881,16288.4589,0
43117,581.99,15828.7881,16288.4589,0
43118,581.99,15828.7881,16288.4589,0
43120,582.01,15828.7881,16288.4589,0
43121,582.01,15828.7881,16288.4589,0
43123,582.03,15828.7881,16288.4589,0
43126,582.05,15828.7881,16288.4589,0
43129,582.07,15828.7881,16288.4589,0
43131,582.09,15828.7881,16288.4589,0
43133,582.11,15828.7881,16288.4589,0
43134,582.11,15828.7881,16288.4589,0
43136,582.18,15828.7881,16288.4589,0
43142,582.23,15828.7881,16288.4589,0
43143,582.23,15828.7881,16288.4589,0
43144,582.29,15828.7881,16288.4589,0
43145,582.31,15828.7881,16288.4589,0
43146,582.31,15828.7881,16288.4589,0
43149,582.33,15828.7881,16288.4589,0
43150,582.33,15828.7881,16288.4589,0
43151,582.33,15828.7881,16288.4589,0
43152,582.38,15828.7881,16288.4589,0
43153,582.38,15828.7881,16288.4589,0
43154,582.39,15828.7881,16288.4589,0
43156,582.39,15828.7881,16288.4589,0
43159,582.43,15828.7881,16288.4589,0
43160,582.45,15828.7881,16288.4589,0
43161,582.45,15828.7881,16288.4589,0
43162,582.47,15828.7881,16288.4589,0
43163,582.47,15828.7881,16288.4589,0
43164,582.48,15828.7881,16288.4589,0
43168,582.52,15828.7881,16288.4589,0
43171,582.54,15828.7881,16288.4589,0
43176,582.60,15828.7881,16288.4589,0
43177,582.60,15828.7881,16288.4589,0
43178,582.60,15828.7881,16288.4589,0
43179,582.60,15828.7881,16288.4589,0
43180,582.60,15828.7881,16288.4589,0
43181,582.60,15828.7881,16288.4589,0
43183,582.62,15828.7881,16288.4589,0
43184,582.67,15828.7881,16288.4589,0
43186,582.69,15828.7881,16288.4589,0
43190,582.72,15828.7881,16288.4589,0
43191,582.80,15828.7881,16288.4589,0
43192,582.80,15828.7881,16288.4589,0
43193,582.80,15828.7881,16288.4589,0
43194,582.80,15828.7881,16288.4589,0
43199,582.85,15828.7881,16288.4589,0
43200,582.87,15828.7881,16288.4589,0
43202,582.87,15828.7881,16288.4589,0
43203,582.87,15828.7881,16288.4589,0
43204,582.87,15828.7881,16288.4589,0
43205,582.87,15828.7881,16288.4589,0
43209,582.90,15828.7881,16288.4589,0
43212,582.92,15828.7881,16288.4589,0
43214,582.92,15828.7881,16288.4589,0
43215,582.92,15828.7881,16288.4589,0
43216,583.00,15828.7881,16288.4589,0
43218,583.00,15828.7881,16288.4589,0
43219,583.02,15828.7881,16288.4589,0
43224,583.03,15828.7881,16288.4589,0
43225,583.03,15828.7881,16288.4589,0
43226,583.03,15828.7881,16288.4589,0
43229,583.03,15828.7881,16288.4589,0
43231,583.05,15828.7881,16288.4589,0
43232,583.05,15828.7881,16288.4589,0
43236,583.08,15828.7881,16288.4589,0
43237,583.10,15828.7881,16288.4589,0
43238,583.10,15828.7881,16288.4589,0
43240,583.12,15828.7881,16288.4589,0
43242,583.14,15828.7881,16288.4589,0
43246,583.18,15828.7881,16288.4589,0
43251,583.23,15828.7881,16288.4589,0
43252,583.23,15828.7881,16288.4589,0
43255,583.25,15828.7881,16288.4589,0
43257,583.27,15828.7881,16288.4589,0
43258,583.27,15828.7881,16288.4589,0
43260,583.29,15828.7881,16288.4589,0
43261,583.29,15828.7881,16288.4589,0
43266,583.35,15828.7881,16288.4589,0
43269,583.38,15828.7881,16288.4589,0
43270,583.38,15828.7881,16288.4589,0
43273,583.40,15828.7881,16288.4589,0
43278,583.46,15828.7881,16288.4589,0
43280,583.46,15828.7881,16288.4589,0
43284,583.52,15828.7881,16288.4589,0
43286,583.52,15828.7881,16288.4589,0
43287,583.53,15828.7881,16288.4589,0
43288,583.53,15828.7881,16288.4589,0
43290,583.55,15828.7881,16288.4589,0
43291,583.55,15828.7881,16288.4589,0
43292,583.56,15828.7881,16288.4589,0
43295,583.56,15828.7881,16288.4589,0
43296,583.57,15828.7881,16288.4589,0
43302,583.64,15828.7881,16288.4589,0
43303,583.64,15828.7881,16288.4589,0
43304,583.65,15828.7881,16288.4589,0
43306,583.67,15828.7881,16288.4589,0
43307,583.67,15828.7881,16288.4589,0
43308,583.67,15828.7881,16288.4589,0
43310,583.69,15828.7881,16288.4589,0
43311,583.69,15828.7881,16288.4589,0
43312,583.69,15828.7881,16288.4589,0
43314,583.71,15828.7881,16288.4589,0
43317,583.73,15828.7881,16288.4589,1
43318,583.79,14828.6853,16288.4589,0
43319,583.81,15151.5061,16288.4589,0
43320,583.85,15151.5061,16288.4589,0
43322,583.87,15151.5848,16288.4589,0
43323,583.91,15151.5848,16288.4589,0
43324,583.93,15354.0910,16288.4589,0
43326,583.95,15354.0910,16288.4589,0
43328,583.95,15354.0910,16288.4589,0
43329,583.95,15354.0910,16288.4589,0
43330,583.97,15354.0910,16288.4589,0
43332,584.03,15354.0910,16288.4589,0
43333,584.08,15354.0910,16288.4589,0
43334,584.10,15354.0910,16288.4589,0
43337,584.13,15461.7906,16288.4589,0
43339,584.16,15461.7906,16288.4589,0
43341,584.25,15690.2681,16288.4589,0
43342,584.34,15773.8202,16288.4589,0
43353,584.45,15773.8202,16288.4589,0
43358,584.57,15773.8202,16288.4589,0
43361,584.61,15773.8202,16288.4589,0
43362,584.63,15773.8202,16288.4589,0
43365,584.70,15773.8202,16288.4589,0
43369,584.82,15773.8202,16288.4589,0
43374,584.87,15773.8202,16288.4589,0
43375,584.91,15773.8202,16288.4589,0
43383,585.02,15773.8202,16288.4589,0
43384,585.02,15773.8202,16288.4589,0
43387,585.10,15773.8202,16288.4589,0
43388,585.11,15773.8202,16288.4589,0
43390,585.17,15773.8202,16288.4589,0
43393,585.20,15773.8202,16288.4589,0
43395,585.21,15773.8202,16288.4589,0
43396,585.21,15773.8202,16288.4589,0
43403,585.25,15773.8202,16288.4589,0
43404,585.25,15773.8202,16288.4589,0
43409,585.29,15773.8202,16288.4589,0
43411,585.31,15773.8202,16288.4589,0
43413,585.32,15773.8202,16288.4589,0
43415,585.32,15773.8202,16288.4589,0
43419,585.38,15773.8202,16288.4589,0
43421,585.40,15773.8202,16288.4589,0
43422,585.45,15773.8202,16288.4589,0
43426,585.47,15773.8202,16288.4589,0
43428,585.47,15773.8202,16288.4589,0
43434,585.51,15773.8202,16288.4589,0
43435,585.51,15773.8202,16288.4589,0
43437,585.51,15773.8202,16288.4589,0
43438,585.56,15773.8202,16288.4589,0
43440,585.58,15773.8202,16288.4589,0
43442,585.60,15773.8202,16288.4589,0
43443,585.60,15773.8202,16288.4589,0
43447,585.63,15773.8202,16288.4589,0
43457,585.75,15773.8202,16288.4589,0
43459,585.77,15773.8202,16288.4589,0
43463,585.80,15773.8202,16288.4589,0
43464,585.80,15773.8202,16288.4589,0
43465,585.80,15773.8202,16288.4589,0
43483,585.86,15773.8202,16288.4589,0
43484,585.86,15773.8202,16288.4589,0
43493,585.95,15773.8202,16288.4589,0
43494,585.95,15773.8202,16288.4589,0
43499,586.01,15773.8202,16288.4589,0
43500,586.01,15773.8202,16288.4589,0
43508,586.08,15773.8202,16288.4589,0
43510,586.08,15773.8202,16288.4589,0
43512,586.08,15773.8202,16288.4589,0
43516,586.09,15773.8202,16288.4589,0
43517,586.09,15773.8202,16288.4589,0
43521,586.13,15773.8202,16288.4589,0
43523,586.13,15773.8202,16288.4589,0
43527,586.15,15773.8202,16288.4589,0
43530,586.18,15773.8202,16288.4589,0
43532,586.18,15773.8202,16288.4589,0
43534,586.20,15773.8202,16288.4589,0
43537,586.24,15773.8202,16288.4589,0
43546,586.33,15773.8202,16288.4589,0
43548,586.35,15773.8202,16288.4589,0
43549,586.35,15773.8202,16288.4589,0
43552,586.35,15773.8202,16288.4589,0
43554,586.37,15773.8202,16288.4589,0
43555,586.37,15773.8202,16288.4589,0
43557,586.39,15773.8202,16288.4589,0
43563,586.43,15773.8202,16288.4589,0
43564,586.43,15773.8202,16288.4589,0
43565,586.43,15773.8202,16288.4589,0
43566,586.46,15773.8202,16288.4589,0
43567,586.47,15773.8202,16288.4589,0
43577,586.56,15773.8202,16288.4589,0
43579,586.56,15773.8202,16288.4589,0
43586,586.61,15773.8202,16288.4589,0
43589,586.61,15773.8202,16288.4589,0
43595,586.66,15773.8202,16288.4589,0
43607,586.81,15773.8202,16288.4589,0
43611,586.87,15773.8202,16288.4589,0
43625,587.02,15773.8202,16288.4589,0
43627,587.04,15773.8202,16288.4589,0
43628,587.04,15773.8202,16288.4589,0
43636,587.09,15773.8202,16288.4589,0
43641,587.11,15773.8202,16288.4589,0
43643,587.11,15773.8202,16288.4589,1
43644,587.21,14833.9281,16288.4589,0
43645,587.23,14833.9281,16288.4589,0
43646,587.27,14921.6297,16288.4589,0
43647,587.33,14921.6297,16288.4589,0
43649,587.43,14921.6297,16288.4589,0
43650,587.45,14921.6297,16288.4589,0
43651,587.50,15122.7437,16288.4589,0
43652,587.55,15122.7437,16288.4589,0
43653,587.57,15174.2986,16288.4589,0
43659,587.67,15174.2986,16288.4589,0
43661,587.69,15174.2986,16288.4589,0
43662,587.74,15174.2986,16288.4589,0
43666,587.79,15174.2986,16288.4589,0
43670,587.90,15231.7567,16288.4589,0
43672,587.92,15231.7567,16288.4589,0
43675,587.99,15231.7567,16288.4589,0
43676,588.03,15231.7567,16288.4589,0
43677,588.05,15231.7567,16288.4589,0
43678,588.05,15231.7567,16288.4589,0
43680,588.07,15233.4611,16288.4589,0
43681,588.10,15233.4611,16288.4589,0
43682,588.12,15397.5435,16288.4589,0
43684,588.15,15397.5435,16288.4589,0
43688,588.25,15397.5435,16288.4589,0
43691,588.29,15397.5435,16288.4589,0
43694,588.29,15397.5435,16288.4589,0
43699,588.40,15397.5435,16288.4589,0
43700,588.45,15397.5435,16288.4589,0
43701,588.45,15397.5435,16288.4589,0
43704,588.51,15397.5435,16288.4589,0
43707,588.52,15397.5435,16288.4589,0
43710,588.56,15397.5435,16288.4589,0
43712,588.61,15397.5435,16288.4589,0
43713,588.61,15397.5435,16288.4589,0
43717,588.68,15399.6407,16288.4589,0
43718,588.70,15724.5258,16288.4589,0
43719,588.72,15724.5258,16288.4589,0
43720,588.75,15724.5258,16288.4589,0
43721,588.81,15740.2885,16288.4589,0
43730,589.00,15740.2885,16288.4589,0
43740,589.12,15740.2885,16288.4589,0
43743,589.17,15740.2885,16288.4589,0
43746,589.20,15740.2885,16288.4589,0
43748,589.22,15740.9386,16288.4589,0
43749,589.28,15740.9386,16288.4589,0
43750,589.30,15740.9386,16288.4589,0
43751,589.32,15740.9386,16288.4589,0
43752,589.35,15758.9603,16288.4589,0
43765,589.68,15758.9603,16288.4589,0
43772,589.77,15758.9603,16288.4589,0
43776,589.83,15758.9603,16288.4589,0
43784,589.94,15758.9603,16288.4589,0
43789,589.99,15758.9603,16288.4589,0
43790,590.01,15758.9603,16288.4589,0
43800,590.12,15760.1604,16288.4589,0
43801,590.20,15760.1604,16288.4589,0
43802,590.22,15760.1604,16288.4589,0
43803,590.24,15760.1604,16288.4589,0
43805,590.29,15836.0887,16288.4589,0
43819,590.64,15836.0887,16288.4589,0
43830,590.81,15836.0887,16288.4589,0
43836,590.95,15836.0887,16288.4589,0
43837,591.03,15837.1566,16288.4589,0
43840,591.13,15989.7130,16288.4589,0
43845,591.30,15989.7130,16288.4589,0
43851,591.37,15989.7130,16288.4589,0
43854,591.43,15989.7130,16288.4589,0
43861,591.51,15989.7130,16288.4589,0
43862,591.51,15989.7130,16288.4589,0
43863,591.53,15989.7130,16288.4589,0
43864,591.53,15989.7130,16288.4589,0
43869,591.55,15989.7130,16288.4589,0
43874,591.57,15989.7130,16288.4589,0
43876,591.59,15989.7130,16288.4589,0
43882,591.62,15989.7130,16288.4589,0
43887,591.67,15989.7130,16288.4589,0
43890,591.71,15989.7130,16288.4589,0
43893,591.74,15989.7130,16288.4589,0
43896,591.75,15989.7130,16288.4589,0
43897,591.81,15989.7130,16288.4589,0
43909,591.97,15989.7130,16288.4589,0
43912,592.06,15989.7130,16288.4589,0
43914,592.06,15989.7130,16288.4589,0
43918,592.08,15989.7130,16288.4589,0
43919,592.09,15989.7130,16288.4589,0
43924,592.15,15989.7130,16288.4589,0
43928,592.17,15989.7130,16288.4589,0
43930,592.18,15989.7130,16288.4589,0
43935,592.22,15989.7130,16288.4589,0
43941,592.25,15989.7130,16288.4589,0
43945,592.39,15989.7130,16288.4589,0
43946,592.40,15989.7130,16288.4589,0
43947,592.41,15989.7130,16288.4589,0
43952,592.47,15989.7130,16288.4589,0
43965,592.53,15989.7130,16288.4589,0
43969,592.57,15989.7130,16288.4589,0
43970,592.57,15989.7130,16288.4589,0
43972,592.65,15989.7130,16288.4589,0
43974,592.68,15989.7130,16288.4589,0
43976,592.71,15989.7130,16288.4589,0
43981,592.74,15989.7130,16288.4589,0
43982,592.78,15989.7130,16288.4589,0
43987,592.80,15989.7130,16288.4589,0
43991,592.81,15989.7130,16288.4589,0
43992,592.83,15989.7130,16288.4589,0
43995,592.84,15989.7130,16288.4589,0
44000,592.87,15989.7130,16288.4589,0
44002,592.88,15989.7130,16288.4589,0
44011,592.97,15989.7130,16288.4589,0
44018,593.01,15989.7130,16288.4589,0
44027,593.05,15989.7130,16288.4589,0
44030,593.10,15989.7130,16288.4589,0
44032,593.10,15989.7130,16288.4589,0
44041,593.20,15989.7130,16288.4589,0
44044,593.23,15989.7130,16288.4589,0
44048,593.28,15989.7130,16288.4589,0
44049,593.29,15989.7130,16288.4589,0
44052,593.29,15989.7130,16288.4589,0
44058,593.32,15989.7130,16288.4589,0
44059,593.37,15989.7130,16288.4589,0
44064,593.38,15989.7130,16288.4589,0
44065,593.39,15989.7130,16288.4589,0
44068,593.40,15989.7130,16288.4589,0
44070,593.41,15989.7130,16288.4589,0
44074,593.45,15989.7130,16288.4589,0
44077,593.45,15989.7130,16288.4589,0
44078,593.46,15989.7130,16288.4589,0
44079,593.46,15989.7130,16288.4589,0
44081,593.48,15989.7130,16288.4589,0
44083,593.50,15989.7130,16288.4589,0
44087,593.54,15989.7130,16288.4589,0
44089,593.58,15989.7130,16288.4589,0
44091,593.59,15989.7130,16288.4589,0
44093,593.60,15989.7130,16288.4589,0
44102,593.62,15989.7130,16288.4589,0
44103,593.62,15989.7130,16288.4589,0
44105,593.62,15989.7130,16288.4589,0
44106,593.63,15989.7130,16288.4589,0
44110,593.65,15989.7130,16288.4589,0
44114,593.71,15989.7130,16288.4589,0
44119,593.71,15989.7130,16288.4589,0
44124,593.74,15989.7130,16288.4589,0
44125,593.74,15989.7130,16288.4589,0
44126,593.74,15989.7130,16288.4589,0
44131,593.77,15989.7130,16288.4589,0
44134,593.77,15989.7130,16288.4589,0
44135,593.78,15989.7130,16288.4589,0
44139,593.85,15989.7130,16288.4589,0
44141,593.85,15989.7130,16288.4589,1
44142,593.92,14324.4482,16288.4589,0
44144,594.05,14354.2144,16288.4589,0
44145,594.09,14354.2144,16288.4589,0
44146,594.15,14354.2144,16288.4589,0
44148,594.24,14354.2144,16288.4589,0
44150,594.28,14354.2144,16288.4589,0
44151,594.31,14608.5388,16288.4589,0
44152,594.34,14685.1011,16288.4589,0
44153,594.37,14741.4972,16288.4589,0
44154,594.40,14911.9446,16288.4589,0
44156,594.47,14911.9906,16288.4589,0
44157,594.49,14911.9906,16288.4589,0
44158,594.51,15106.4140,16288.4589,0
44160,594.56,15106.4140,16288.4589,0
44161,594.59,15268.4230,16288.4589,0
44162,594.64,15268.4230,16288.4589,0
44163,594.67,15268.4230,16288.4589,0
44167,594.82,15268.4230,16288.4589,0
44172,594.90,15268.4230,16288.4589,0
44174,594.90,15268.4230,16288.4589,0
44176,594.97,15531.2941,16288.4589,0
44178,595.01,15531.2941,16288.4589,0
44179,595.06,15531.2941,16288.4589,0
44181,595.21,15531.2941,16288.4589,0
44182,595.27,15531.2941,16288.4589,0
44184,595.27,15531.2941,16288.4589,0
44185,595.27,15531.2941,16288.4589,0
44186,595.32,15584.2168,16288.4589,0
44187,595.38,15584.2168,16288.4589,0
44188,595.43,15584.2168,16288.4589,0
44193,595.64,15584.2168,16288.4589,0
44194,595.64,15584.2168,16288.4589,0
44199,595.78,15584.2168,16288.4589,0
44200,595.81,15584.2168,16288.4589,0
44203,595.86,15584.2168,16288.4589,0
44205,595.90,15755.9084,16288.4589,0
44206,595.94,15755.9084,16288.4589,0
44218,596.35,15755.9084,16288.4589,0
44221,596.40,15755.9084,16288.4589,0
44226,596.50,15755.9084,16288.4589,0
44227,596.52,15755.9084,16288.4589,0
44228,596.54,15755.9084,16288.4589,0
44230,596.55,15755.9084,16288.4589,0
44243,596.74,15755.9084,16288.4589,0
44244,596.74,15755.9084,16288.4589,0
44248,596.79,15755.9084,16288.4589,0
44250,596.90,15755.9084,16288.4589,0
44252,596.97,15755.9084,16288.4589,0
44257,597.01,15755.9084,16288.4589,0
44260,597.12,15755.9084,16288.4589,0
44263,597.13,15755.9084,16288.4589,0
44264,597.15,15755.9084,16288.4589,0
44268,597.21,15755.9084,16288.4589,0
44278,597.39,15755.9084,16288.4589,0
44283,597.41,15755.9084,16288.4589,0
44284,597.47,15755.9084,16288.4589,0
44285,597.47,15755.9084,16288.4589,0
44288,597.54,15755.9084,16288.4589,0
44289,597.56,15755.9084,16288.4589,0
44295,597.62,15755.9084,16288.4589,0
44300,597.67,15755.9084,16288.4589,0
44309,597.72,15755.9084,16288.4589,0
44313,597.79,15755.9084,16288.4589,0
44314,597.80,15755.9084,16288.4589,0
44318,597.82,15755.9084,16288.4589,0
44320,597.83,15755.9084,16288.4589,0
44324,597.88,15755.9084,16288.4589,0
44326,597.96,15755.9084,16288.4589,0
44329,597.98,15755.9084,16288.4589,0
44333,597.98,15755.9084,16288.4589,0
44335,597.98,15755.9084,16288.4589,0
44336,597.99,15755.9084,16288.4589,0
44338,598.09,15755.9084,16288.4589,0
44344,598.12,15755.9084,16288.4589,0
44345,598.12,15755.9084,16288.4589,0
44347,598.15,15755.9084,16288.4589,0
44348,598.16,15755.9084,16288.4589,0
44353,598.23,15755.9084,16288.4589,0
44360,598.23,15755.9084,16288.4589,0
44362,598.27,15755.9084,16288.4589,0
44364,598.30,15755.9084,16288.4589,0
44368,598.37,15755.9084,16288.4589,0
44369,598.37,15755.9084,16288.4589,0
44370,598.37,15755.9084,16288.4589,0
44372,598.39,15755.9084,16288.4589,0
44378,598.45,15755.9084,16288.4589,0
44379,598.46,15755.9084,16288.4589,0
44381,598.48,15755.9084,16288.4589,0
44385,598.55,15755.9084,16288.4589,0
44386,598.56,15755.9084,16288.4589,0
44388,598.56,15755.9084,16288.4589,0
44392,598.70,15755.9084,16288.4589,0
44393,598.70,15755.9084,16288.4589,0
44402,598.85,15755.9084,16288.4589,0
44403,598.85,15755.9084,16288.4589,0
44405,598.87,15755.9084,16288.4589,0
44413,598.94,15755.9084,16288.4589,0
44414,598.94,15755.9084,16288.4589,0
44417,598.96,15755.9084,16288.4589,0
44419,598.96,15755.9084,16288.4589,0
44421,598.98,15755.9084,16288.4589,0
44423,598.99,15755.9084,16288.4589,0
44426,598.99,15755.9084,16288.4589,0
44427,598.99,15755.9084,16288.4589,0
44428,598.99,15755.9084,16288.4589,0
44430,599.01,15755.9084,16288.4589,0
44431,599.04,15755.9084,16288.4589,0
44438,599.10,15755.9084,16288.4589,0
44441,599.13,15755.9084,16288.4589,0
44442,599.13,15755.9084,16288.4589,0
44443,599.13,15755.9084,16288.4589,0
44448,599.17,15755.9084,16288.4589,0
44449,599.17,15755.9084,16288.4589,0
44450,599.17,15755.9084,16288.4589,0
44453,599.22,15755.9084,16288.4589,0
44456,599.22,15755.9084,16288.4589,0
44461,599.26,15755.9084,16288.4589,0
44469,599.33,15755.9084,16288.4589,0
44474,599.37,15755.9084,16288.4589,0
44475,599.38,15755.9084,16288.4589,0
44476,599.38,15755.9084,16288.4589,0
44477,599.39,15755.9084,16288.4589,0
44478,599.39,15755.9084,16288.4589,0
44482,599.42,15755.9084,16288.4589,0
44483,599.42,15755.9084,16288.4589,0
44488,599.47,15755.9084,16288.4589,0
44489,599.47,15755.9084,16288.4589,0
44490,599.47,15755.9084,16288.4589,0
44495,599.51,15755.9084,16288.4589,0
44497,599.53,15755.9084,16288.4589,0
44500,599.56,15755.9084,16288.4589,0
44501,599.56,15755.9084,16288.4589,0
44506,599.59,15755.9084,16288.4589,1
44507,599.66,14376.6134,16288.4589,0
44508,599.68,14376.6134,16288.4589,0
44509,599.70,14376.6134,16288.4589,0
44510,599.72,14376.6134,16288.4589,0
44511,599.74,14376.6134,16288.4589,0
44513,599.82,14403.4212,16288.4589,0
44516,599.87,14636.5407,16288.4589,0
44517,599.90,14734.9919,16288.4589,0
44518,599.92,14734.9919,16288.4589,0
44520,599.92,14734.9919,16288.4589,0
44522,599.95,14739.9187,16288.4589,0
44524,600.02,14739.9187,16288.4589,0
