iter,wall_s,f_curr,f_best,kick
1,3.08,2616.1152,2616.1152,0
2,3.08,2616.1152,2616.1152,0
3,3.09,2792.1995,2792.1995,0
4,3.10,2805.6148,2805.6148,0
5,3.10,2889.5050,2889.5050,0
6,3.11,2978.2461,2978.2461,0
7,3.12,3037.7072,3037.7072,0
8,3.12,3057.1979,3057.1979,0
9,3.13,3156.5072,3156.5072,0
10,3.13,3156.5072,3156.5072,0
11,3.14,3462.8152,3462.8152,0
12,3.15,3502.8856,3502.8856,0
13,3.16,3715.8944,3715.8944,0
14,3.18,3893.4533,3893.4533,0
15,3.19,3893.7074,3893.7074,0
16,3.20,3904.1514,3904.1514,0
17,3.21,3973.0559,3973.0559,0
18,3.22,3973.0559,3973.0559,0
19,3.23,4136.1350,4136.1350,0
20,3.25,4286.6483,4286.6483,0
21,3.26,4286.6483,4286.6483,0
22,3.28,4529.2938,4529.2938,0
23,3.29,4529.2938,4529.2938,0
24,3.30,4536.2965,4536.2965,0
25,3.31,4536.2965,4536.2965,0
26,3.32,4536.2965,4536.2965,0
27,3.33,4536.2965,4536.2965,0
28,3.35,4536.2965,4536.2965,0
29,3.36,4775.8092,4775.8092,0
30,3.38,4830.5789,4830.5789,0
31,3.39,4830.5789,4830.5789,0
32,3.41,4969.5849,4969.5849,0
33,3.42,5173.8063,5173.8063,0
34,3.44,5469.1966,5469.1966,0
35,3.45,5821.5444,5821.5444,0
36,3.47,6044.2466,6044.2466,0
37,3.48,6131.0261,6131.0261,0
38,3.50,6135.9955,6135.9955,0
39,3.52,6374.1737,6374.1737,0
40,3.53,6469.3689,6469.3689,0
41,3.55,6490.3300,6490.3300,0
42,3.57,6490.3300,6490.3300,0
43,3.59,6735.8267,6735.8267,0
44,3.61,6735.8267,6735.8267,0
45,3.62,6735.8267,6735.8267,0
46,3.64,6735.8267,6735.8267,0
47,3.66,6960.2160,6960.2160,0
48,3.68,6960.2160,6960.2160,0
49,3.69,6984.4696,6984.4696,0
50,3.71,6984.4696,6984.4696,0
51,3.73,7137.4779,7137.4779,0
52,3.75,7259.1877,7259.1877,0
53,3.77,7262.6532,7262.6532,0
54,3.79,7454.5686,7454.5686,0
55,3.82,7454.5686,7454.5686,0
56,3.84,7573.3692,7573.3692,0
57,3.86,7573.3692,7573.3692,0
58,3.88,7781.9083,7781.9083,0
59,3.91,7781.9083,7781.9083,0
60,3.93,7781.9083,7781.9083,0
61,3.96,7927.0352,7927.0352,0
62,3.98,7927.0352,7927.0352,0
63,4.00,7927.0352,7927.0352,0
64,4.02,7927.0352,7927.0352,0
65,4.04,7927.0352,7927.0352,0
66,4.06,7927.0352,7927.0352,0
67,4.09,7927.0352,7927.0352,0
68,4.12,7927.0352,7927.0352,0
69,4.13,7927.0352,7927.0352,0
70,4.16,7927.0352,7927.0352,0
71,4.18,7927.0352,7927.0352,0
72,4.20,7927.0352,7927.0352,0
73,4.22,7944.3531,7944.3531,0
74,4.25,8083.9483,8083.9483,0
75,4.28,8083.9483,8083.9483,0
76,4.30,8328.1688,8328.1688,0
77,4.34,8328.1688,8328.1688,0
78,4.36,8328.1688,8328.1688,0
79,4.38,8355.3069,8355.3069,0
80,4.41,8355.3069,8355.3069,0
81,4.43,8355.3069,8355.3069,0
82,4.46,8355.3069,8355.3069,0
83,4.48,8355.3069,8355.3069,0
84,4.50,8355.3069,8355.3069,0
85,4.53,8541.6191,8541.6191,0
86,4.55,8541.6191,8541.6191,0
87,4.57,8541.6191,8541.6191,0
88,4.60,8553.3409,8553.3409,0
89,4.63,8553.3409,8553.3409,0
90,4.65,8553.3409,8553.3409,0
91,4.68,8707.0012,8707.0012,0
92,4.71,9155.0448,9155.0448,0
93,4.74,9155.0448,9155.0448,0
94,4.76,9282.7167,9282.7167,0
95,4.80,9305.8584,9305.8584,0
96,4.82,9305.8584,9305.8584,0
97,4.85,9305.8584,9305.8584,0
98,4.87,9305.8584,9305.8584,0
99,4.89,9305.8584,9305.8584,0
100,4.92,9424.2155,9424.2155,0
101,4.95,9424.2155,9424.2155,0
102,4.97,9440.4460,9440.4460,0
103,5.00,9652.4744,9652.4744,0
104,5.03,9652.4744,9652.4744,0
105,5.06,9865.7448,9865.7448,0
106,5.08,9865.7448,9865.7448,0
107,5.11,9865.7448,9865.7448,0
108,5.14,9865.7448,9865.7448,0
109,5.17,9865.7448,9865.7448,0
110,5.19,9865.7448,9865.7448,0
111,5.21,9865.7448,9865.7448,0
112,5.24,9955.6894,9955.6894,0
113,5.27,9955.6894,9955.6894,0
114,5.29,9955.6894,9955.6894,0
115,5.32,9960.5050,9960.5050,0
116,5.34,10006.5581,10006.5581,0
117,5.37,10118.7366,10118.7366,0
118,5.40,10118.7366,10118.7366,0
119,5.42,10118.7366,10118.7366,0
120,5.45,10118.7366,10118.7366,0
121,5.48,10118.7366,10118.7366,0
122,5.50,10156.3333,10156.3333,0
123,5.53,10156.3333,10156.3333,0
124,5.57,10249.2456,10249.2456,0
125,5.60,10258.6587,10258.6587,0
126,5.64,10258.6587,10258.6587,0
127,5.67,10264.9151,10264.9151,0
128,5.70,10264.9151,10264.9151,0
129,5.72,10264.9151,10264.9151,0
130,5.74,10415.4955,10415.4955,0
131,5.77,10415.5773,10415.5773,0
132,5.80,10421.7468,10421.7468,0
133,5.82,10421.7468,10421.7468,0
134,5.85,10421.7468,10421.7468,0
135,5.88,10421.7468,10421.7468,0
136,5.91,10524.1621,10524.1621,0
137,5.94,10540.0843,10540.0843,0
138,5.98,10547.6655,10547.6655,0
139,6.02,10547.6655,10547.6655,0
140,6.05,10685.2304,10685.2304,0
141,6.08,10943.6156,10943.6156,0
142,6.10,11098.9008,11098.9008,0
143,6.12,11098.9008,11098.9008,0
144,6.14,11214.4552,11214.4552,0
145,6.17,11214.4552,11214.4552,0
146,6.20,11279.5979,11279.5979,0
147,6.22,11303.6003,11303.6003,0
148,6.25,11448.0970,11448.0970,0
149,6.28,11727.9673,11727.9673,0
150,6.30,11840.3401,11840.3401,0
151,6.33,11840.3401,11840.3401,0
152,6.36,11841.0341,11841.0341,0
153,6.39,11841.0341,11841.0341,0
154,6.42,11847.5669,11847.5669,0
155,6.45,11847.5669,11847.5669,0
156,6.45,11847.5669,11847.5669,0
157,6.48,11847.5669,11847.5669,0
158,6.50,11847.5669,11847.5669,0
159,6.53,11849.3555,11849.3555,0
160,6.56,11862.8403,11862.8403,0
161,6.58,11862.8403,11862.8403,0
162,6.61,11862.8403,11862.8403,0
163,6.63,11863.1843,11863.1843,0
164,6.66,12053.7880,12053.7880,0
165,6.69,12053.7880,12053.7880,0
166,6.71,12053.7880,12053.7880,0
167,6.73,12054.0389,12054.0389,0
168,6.77,12086.2586,12086.2586,0
169,6.81,12192.7373,12192.7373,0
170,6.85,12192.7373,12192.7373,0
171,6.88,12192.7373,12192.7373,0
172,6.92,12192.7373,12192.7373,0
173,6.96,12192.7373,12192.7373,0
174,6.99,12195.9518,12195.9518,0
175,7.03,12195.9518,12195.9518,0
176,7.07,12195.9518,12195.9518,0
177,7.07,12195.9518,12195.9518,0
178,7.10,12195.9518,12195.9518,0
179,7.14,12195.9518,12195.9518,0
180,7.18,12313.1974,12313.1974,0
181,7.22,12313.1974,12313.1974,0
182,7.27,12313.1974,12313.1974,0
183,7.31,12313.1974,12313.1974,0
184,7.35,12313.1974,12313.1974,0
185,7.38,12351.7374,12351.7374,0
186,7.42,12351.7374,12351.7374,0
187,7.45,12351.7374,12351.7374,0
188,7.49,12351.7374,12351.7374,0
189,7.53,12351.7374,12351.7374,0
190,7.57,12351.7374,12351.7374,0
191,7.60,12351.7374,12351.7374,0
192,7.64,12351.7374,12351.7374,0
193,7.67,12369.9054,12369.9054,0
194,7.71,12369.9054,12369.9054,0
195,7.75,12543.4333,12543.4333,0
196,7.79,12543.4333,12543.4333,0
197,7.83,12546.2107,12546.2107,0
198,7.88,12565.8852,12565.8852,0
199,7.93,12565.8852,12565.8852,0
200,7.97,12565.8852,12565.8852,0
201,8.01,12565.8852,12565.8852,0
202,8.04,12593.4741,12593.4741,0
203,8.08,12593.4741,12593.4741,0
204,8.11,12712.3826,12712.3826,0
205,8.13,12712.3826,12712.3826,0
206,8.16,12734.3432,12734.3432,0
207,8.19,12741.0275,12741.0275,0
208,8.22,12741.0275,12741.0275,0
209,8.27,12887.8734,12887.8734,0
210,8.31,12901.7133,12901.7133,0
211,8.34,13105.3664,13105.3664,0
212,8.39,13105.3664,13105.3664,0
213,8.42,13105.3664,13105.3664,0
214,8.44,13105.3664,13105.3664,0
215,8.48,13114.3004,13114.3004,0
216,8.51,13264.1984,13264.1984,0
217,8.54,13264.1984,13264.1984,0
218,8.58,13264.1984,13264.1984,0
219,8.61,13264.1984,13264.1984,0
220,8.65,13319.4930,13319.4930,0
221,8.68,13319.4930,13319.4930,0
222,8.71,13320.0370,13320.0370,0
223,8.72,13320.0370,13320.0370,0
224,8.75,13325.1251,13325.1251,0
225,8.80,13325.1251,13325.1251,0
226,8.83,13325.1251,13325.1251,0
227,8.87,13334.8035,13334.8035,0
228,8.90,13334.8035,13334.8035,0
229,8.93,13446.2648,13446.2648,0
230,8.97,13475.1500,13475.1500,0
231,9.00,13475.1500,13475.1500,0
232,9.03,13477.9035,13477.9035,0
233,9.07,13477.9035,13477.9035,0
234,9.09,13477.9035,13477.9035,0
235,9.13,13671.2507,13671.2507,0
236,9.18,13671.2507,13671.2507,0
237,9.22,13671.2507,13671.2507,0
238,9.25,13671.2507,13671.2507,0
239,9.33,13671.2507,13671.2507,0
240,9.37,13692.4918,13692.4918,0
241,9.42,13692.4918,13692.4918,0
242,9.45,13770.1953,13770.1953,0
243,9.50,13770.3751,13770.3751,0
244,9.54,13770.3751,13770.3751,0
245,9.57,13839.6253,13839.6253,0
246,9.61,13907.3994,13907.3994,0
247,9.65,13907.3994,13907.3994,0
248,9.68,13907.3994,13907.3994,0
249,9.72,13964.5949,13964.5949,0
250,9.75,13988.3490,13988.3490,0
251,9.79,13995.2616,13995.2616,0
252,9.83,14111.1037,14111.1037,0
253,9.87,14119.1914,14119.1914,0
254,9.92,14119.1914,14119.1914,0
255,9.97,14119.1914,14119.1914,0
256,10.00,14119.1914,14119.1914,0
257,10.03,14119.1914,14119.1914,0
258,10.06,14122.7458,14122.7458,0
259,10.12,14520.8802,14520.8802,0
260,10.17,14520.8802,14520.8802,0
261,10.22,14608.0878,14608.0878,0
262,10.27,14608.0878,14608.0878,0
263,10.33,14608.0878,14608.0878,0
264,10.34,14608.0878,14608.0878,0
265,10.38,14608.0878,14608.0878,0
266,10.43,14631.8464,14631.8464,0
267,10.48,14708.0349,14708.0349,0
268,10.53,14719.8595,14719.8595,0
269,10.59,14719.8595,14719.8595,0
270,10.64,14736.6290,14736.6290,0
271,10.70,14737.4479,14737.4479,0
272,10.76,14737.4479,14737.4479,0
273,10.82,14757.4100,14757.4100,0
274,10.88,14757.4100,14757.4100,0
275,10.90,14757.4100,14757.4100,0
276,10.95,14757.4100,14757.4100,0
277,11.00,14757.4100,14757.4100,0
278,11.04,14757.4100,14757.4100,0
279,11.09,14757.4100,14757.4100,0
280,11.09,14757.4100,14757.4100,0
281,11.14,14757.4100,14757.4100,0
282,11.14,14757.4100,14757.4100,0
283,11.14,14757.4100,14757.4100,0
284,11.19,14836.9859,14836.9859,0
285,11.25,14836.9859,14836.9859,0
286,11.31,14836.9859,14836.9859,0
288,11.36,14836.9859,14836.9859,0
289,11.42,14836.9859,14836.9859,0
290,11.46,14837.9414,14837.9414,0
292,11.53,14837.9414,14837.9414,0
293,11.59,14837.9414,14837.9414,0
294,11.64,14837.9414,14837.9414,0
295,11.64,14837.9414,14837.9414,0
296,11.69,14837.9414,14837.9414,0
297,11.73,14837.9414,14837.9414,0
298,11.76,14837.9414,14837.9414,0
299,11.80,14837.9414,14837.9414,0
301,11.85,14837.9414,14837.9414,0
302,11.85,14837.9414,14837.9414,0
303,11.85,14837.9414,14837.9414,0
304,11.85,14837.9414,14837.9414,0
306,11.85,14837.9414,14837.9414,0
307,11.89,14837.9414,14837.9414,0
308,11.94,14837.9414,14837.9414,0
309,11.98,14837.9414,14837.9414,0
310,12.03,14837.9414,14837.9414,0
315,12.03,14837.9414,14837.9414,0
316,12.08,14837.9414,14837.9414,0
318,12.12,14837.9414,14837.9414,0
321,12.17,14837.9414,14837.9414,0
329,12.22,14837.9414,14837.9414,0
331,12.29,14837.9414,14837.9414,0
334,12.33,14837.9414,14837.9414,0
335,12.37,14837.9414,14837.9414,0
336,12.42,14837.9414,14837.9414,0
337,12.47,14837.9414,14837.9414,0
338,12.51,14837.9414,14837.9414,0
344,12.51,14837.9414,14837.9414,0
347,12.51,14837.9414,14837.9414,0
348,12.56,14837.9414,14837.9414,0
350,12.60,14837.9414,14837.9414,0
353,12.65,14837.9414,14837.9414,0
354,12.69,14837.9414,14837.9414,0
364,12.74,14837.9414,14837.9414,0
367,12.78,14837.9414,14837.9414,0
369,12.83,14837.9414,14837.9414,0
372,12.87,14837.9414,14837.9414,0
375,12.92,14837.9414,14837.9414,0
382,12.95,14837.9414,14837.9414,0
383,13.00,14837.9414,14837.9414,0
384,13.05,14837.9414,14837.9414,0
385,13.05,14837.9414,14837.9414,1
386,13.15,14622.4757,14837.9414,0
387,13.19,14622.4757,14837.9414,0
388,13.24,14622.4757,14837.9414,0
389,13.28,14622.4757,14837.9414,0
390,13.33,14816.8757,14837.9414,0
391,13.39,14817.1990,14837.9414,0
393,13.45,14817.1990,14837.9414,0
394,13.46,14817.1990,14837.9414,0
395,13.51,14817.1990,14837.9414,0
398,13.56,14817.1990,14837.9414,0
399,13.56,14817.1990,14837.9414,0
400,13.61,14817.1990,14837.9414,0
401,13.65,14817.1990,14837.9414,0
402,13.70,14817.1990,14837.9414,0
403,13.70,14817.1990,14837.9414,0
404,13.74,14817.1990,14837.9414,0
405,13.79,14817.1990,14837.9414,0
406,13.83,14817.1990,14837.9414,0
407,13.84,14817.1990,14837.9414,0
408,13.88,14817.1990,14837.9414,0
409,13.92,14817.1990,14837.9414,0
411,13.97,14817.1990,14837.9414,0
413,13.97,14817.1990,14837.9414,0
414,14.02,14817.1990,14837.9414,0
415,14.02,14817.1990,14837.9414,0
416,14.06,14817.1990,14837.9414,0
417,14.06,14817.1990,14837.9414,0
419,14.06,14817.1990,14837.9414,0
420,14.11,14817.1990,14837.9414,0
422,14.15,14817.1990,14837.9414,0
424,14.18,14817.1990,14837.9414,0
425,14.23,14817.1990,14837.9414,0
427,14.28,14817.1990,14837.9414,0
429,14.32,14830.2573,14837.9414,0
430,14.38,14830.2573,14837.9414,0
432,14.44,14830.2573,14837.9414,0
433,14.48,14830.2573,14837.9414,0
434,14.53,14830.2573,14837.9414,0
435,14.57,14830.2573,14837.9414,0
437,14.61,14830.2573,14837.9414,0
438,14.64,14830.2573,14837.9414,0
439,14.69,14830.2573,14837.9414,0
440,14.72,14830.2573,14837.9414,0
441,14.77,14830.2573,14837.9414,0
442,14.81,14830.2573,14837.9414,0
443,14.82,14830.2573,14837.9414,0
444,14.87,14830.2573,14837.9414,0
445,14.92,14830.2573,14837.9414,0
447,14.92,14830.2573,14837.9414,0
448,14.92,14830.2573,14837.9414,0
449,14.92,14830.2573,14837.9414,0
451,14.97,14830.2573,14837.9414,0
453,15.01,14830.2573,14837.9414,0
455,15.01,14830.2573,14837.9414,0
461,15.06,14830.2573,14837.9414,0
464,15.06,14830.2573,14837.9414,0
465,15.10,14830.2573,14837.9414,0
466,15.10,14830.2573,14837.9414,0
467,15.15,14830.2573,14837.9414,0
468,15.20,14830.2573,14837.9414,0
470,15.24,14830.2573,14837.9414,0
471,15.28,14830.2573,14837.9414,0
472,15.33,14830.2573,14837.9414,0
478,15.38,14830.2573,14837.9414,0
482,15.43,14830.2573,14837.9414,0
495,15.47,14830.2573,14837.9414,0
500,15.52,14830.2573,14837.9414,0
501,15.57,14830.2573,14837.9414,0
509,15.62,14830.2573,14837.9414,0
511,15.67,14830.2573,14837.9414,0
512,15.71,14830.2573,14837.9414,0
514,15.76,14830.2573,14837.9414,0
517,15.80,14830.2573,14837.9414,0
528,15.85,14830.2573,14837.9414,0
529,15.85,14837.9414,14837.9414,1
530,15.92,14397.1391,14837.9414,0
531,15.96,14397.1391,14837.9414,0
532,16.01,14601.1990,14837.9414,0
533,16.05,14601.1990,14837.9414,0
534,16.10,14601.1990,14837.9414,0
535,16.14,14759.4693,14837.9414,0
536,16.17,14943.1144,14943.1144,0
537,16.23,14943.1144,14943.1144,0
538,16.28,14943.1144,14943.1144,0
539,16.32,14979.9876,14979.9876,0
540,16.38,14979.9876,14979.9876,0
541,16.44,14979.9876,14979.9876,0
542,16.49,15000.2980,15000.2980,0
543,16.56,15000.5732,15000.5732,0
544,16.60,15284.8191,15284.8191,0
545,16.66,15284.8191,15284.8191,0
546,16.72,15284.8191,15284.8191,0
547,16.73,15284.8191,15284.8191,0
549,16.78,15284.8191,15284.8191,0
550,16.83,15284.8191,15284.8191,0
552,16.83,15284.8191,15284.8191,0
555,16.88,15286.1298,15286.1298,0
556,16.94,15286.1298,15286.1298,0
559,16.99,15286.1298,15286.1298,0
560,17.05,15286.1298,15286.1298,0
561,17.09,15286.1298,15286.1298,0
563,17.16,15286.1298,15286.1298,0
564,17.16,15286.1298,15286.1298,0
565,17.20,15286.7422,15286.7422,0
568,17.27,15363.1611,15363.1611,0
569,17.34,15363.1611,15363.1611,0
570,17.39,15363.1611,15363.1611,0
571,17.44,15363.1611,15363.1611,0
572,17.50,15363.2614,15363.2614,0
573,17.55,15363.2614,15363.2614,0
574,17.61,15407.6346,15407.6346,0
575,17.66,15407.6346,15407.6346,0
576,17.72,15407.6346,15407.6346,0
577,17.78,15407.6346,15407.6346,0
578,17.82,15407.6346,15407.6346,0
579,17.87,15463.7983,15463.7983,0
580,17.92,15463.7983,15463.7983,0
581,17.99,15463.7983,15463.7983,0
582,18.03,15463.7983,15463.7983,0
583,18.10,15463.7983,15463.7983,0
584,18.15,15463.7983,15463.7983,0
586,18.20,15463.7983,15463.7983,0
588,18.25,15463.7983,15463.7983,0
590,18.29,15463.7983,15463.7983,0
591,18.29,15463.7983,15463.7983,0
592,18.29,15463.7983,15463.7983,0
593,18.34,15463.7983,15463.7983,0
594,18.40,15463.7983,15463.7983,0
597,18.45,15463.7983,15463.7983,0
598,18.50,15463.7983,15463.7983,0
599,18.50,15463.7983,15463.7983,0
600,18.50,15463.7983,15463.7983,0
601,18.54,15463.7983,15463.7983,0
602,18.54,15463.7983,15463.7983,0
604,18.59,15463.7983,15463.7983,0
606,18.64,15463.7983,15463.7983,0
607,18.64,15463.7983,15463.7983,0
608,18.68,15463.7983,15463.7983,0
609,18.73,15463.7983,15463.7983,0
611,18.77,15463.7983,15463.7983,0
612,18.77,15463.7983,15463.7983,0
613,18.82,15463.7983,15463.7983,0
618,18.86,15463.7983,15463.7983,0
620,18.86,15463.7983,15463.7983,0
623,18.90,15479.8501,15479.8501,0
624,18.96,15479.8501,15479.8501,0
625,18.98,15479.8501,15479.8501,0
626,19.02,15479.8501,15479.8501,0
627,19.02,15479.8501,15479.8501,0
628,19.06,15479.8501,15479.8501,0
629,19.07,15479.8501,15479.8501,0
630,19.11,15479.8501,15479.8501,0
632,19.16,15479.8501,15479.8501,0
633,19.21,15479.8501,15479.8501,0
635,19.26,15479.8501,15479.8501,0
636,19.31,15479.8501,15479.8501,0
638,19.31,15479.8501,15479.8501,0
639,19.36,15479.8501,15479.8501,0
640,19.36,15479.8501,15479.8501,0
642,19.36,15479.8501,15479.8501,0
643,19.40,15479.8501,15479.8501,0
644,19.40,15479.8501,15479.8501,0
645,19.44,15479.8501,15479.8501,0
646,19.49,15479.8501,15479.8501,0
648,19.54,15479.8501,15479.8501,0
649,19.58,15479.8501,15479.8501,0
653,19.63,15479.8501,15479.8501,0
655,19.69,15479.8501,15479.8501,0
658,19.74,15479.8501,15479.8501,0
661,19.79,15479.8501,15479.8501,0
665,19.84,15479.8501,15479.8501,0
667,19.89,15479.8501,15479.8501,0
670,19.94,15479.8501,15479.8501,0
672,20.00,15479.8501,15479.8501,0
673,20.05,15479.8501,15479.8501,0
677,20.09,15479.8501,15479.8501,0
678,20.14,15479.8501,15479.8501,0
684,20.19,15479.8501,15479.8501,0
696,20.23,15479.8501,15479.8501,0
698,20.29,15479.8501,15479.8501,0
701,20.34,15479.8501,15479.8501,0
703,20.39,15479.8501,15479.8501,0
709,20.43,15479.8501,15479.8501,0
718,20.48,15479.8501,15479.8501,0
719,20.53,15479.8501,15479.8501,0
720,20.53,15479.8501,15479.8501,1
721,20.65,15278.3039,15479.8501,0
722,20.70,15479.8501,15479.8501,0
723,20.70,15479.8501,15479.8501,0
725,20.72,15479.8501,15479.8501,0
727,20.72,15479.8501,15479.8501,0
729,20.72,15479.8501,15479.8501,0
731,20.72,15479.8501,15479.8501,0
733,20.72,15479.8501,15479.8501,0
735,20.72,15479.8501,15479.8501,0
736,20.72,15479.8501,15479.8501,0
737,20.72,15479.8501,15479.8501,0
738,20.73,15479.8501,15479.8501,0
739,20.73,15479.8501,15479.8501,0
741,20.73,15479.8501,15479.8501,0
743,20.73,15479.8501,15479.8501,0
744,20.73,15479.8501,15479.8501,0
745,20.73,15479.8501,15479.8501,0
746,20.73,15479.8501,15479.8501,0
748,20.73,15479.8501,15479.8501,0
749,20.73,15479.8501,15479.8501,0
750,20.73,15479.8501,15479.8501,0
751,20.73,15479.8501,15479.8501,0
752,20.73,15479.8501,15479.8501,0
753,20.73,15479.8501,15479.8501,0
754,20.73,15479.8501,15479.8501,0
755,20.73,15479.8501,15479.8501,0
756,20.73,15479.8501,15479.8501,0
762,20.73,15479.8501,15479.8501,0
763,20.73,15479.8501,15479.8501,0
765,20.73,15479.8501,15479.8501,0
767,20.73,15479.8501,15479.8501,0
770,20.73,15479.8501,15479.8501,0
774,20.73,15479.8501,15479.8501,0
777,20.73,15479.8501,15479.8501,0
779,20.73,15479.8501,15479.8501,0
782,20.73,15479.8501,15479.8501,0
785,20.73,15479.8501,15479.8501,0
789,20.73,15479.8501,15479.8501,0
794,20.73,15479.8501,15479.8501,0
798,20.73,15479.8501,15479.8501,0
799,20.73,15479.8501,15479.8501,0
805,20.73,15479.8501,15479.8501,0
806,20.73,15479.8501,15479.8501,1
807,20.81,15242.5343,15479.8501,0
808,20.84,15242.5343,15479.8501,0
809,20.89,15242.5343,15479.8501,0
810,20.93,15442.7151,15479.8501,0
811,20.97,15442.7151,15479.8501,0
812,21.02,15442.7151,15479.8501,0
813,21.07,15442.7151,15479.8501,0
814,21.10,15442.7151,15479.8501,0
815,21.13,15442.7151,15479.8501,0
816,21.13,15442.7151,15479.8501,0
817,21.18,15479.8501,15479.8501,0
819,21.20,15479.8501,15479.8501,0
820,21.21,15479.8501,15479.8501,0
821,21.22,15479.8501,15479.8501,0
824,21.22,15479.8501,15479.8501,0
825,21.22,15479.8501,15479.8501,0
826,21.22,15479.8501,15479.8501,0
827,21.22,15479.8501,15479.8501,0
828,21.22,15479.8501,15479.8501,0
829,21.22,15479.8501,15479.8501,0
830,21.22,15479.8501,15479.8501,0
831,21.22,15479.8501,15479.8501,0
833,21.22,15479.8501,15479.8501,0
834,21.22,15479.8501,15479.8501,0
835,21.22,15479.8501,15479.8501,0
837,21.22,15479.8501,15479.8501,0
838,21.22,15479.8501,15479.8501,0
840,21.22,15479.8501,15479.8501,0
844,21.22,15479.8501,15479.8501,0
846,21.22,15479.8501,15479.8501,0
847,21.22,15479.8501,15479.8501,0
849,21.22,15479.8501,15479.8501,0
854,21.22,15479.8501,15479.8501,0
855,21.22,15479.8501,15479.8501,0
856,21.22,15479.8501,15479.8501,0
857,21.22,15479.8501,15479.8501,0
858,21.22,15479.8501,15479.8501,0
861,21.22,15479.8501,15479.8501,0
864,21.22,15479.8501,15479.8501,0
870,21.22,15479.8501,15479.8501,0
871,21.22,15479.8501,15479.8501,0
877,21.22,15479.8501,15479.8501,0
879,21.22,15479.8501,15479.8501,0
880,21.22,15479.8501,15479.8501,0
881,21.22,15479.8501,15479.8501,0
885,21.22,15479.8501,15479.8501,0
893,21.22,15479.8501,15479.8501,0
894,21.22,15479.8501,15479.8501,0
898,21.22,15479.8501,15479.8501,0
907,21.22,15479.8501,15479.8501,0
908,21.22,15479.8501,15479.8501,0
909,21.22,15479.8501,15479.8501,1
910,21.34,15128.4004,15479.8501,0
911,21.39,15128.4004,15479.8501,0
912,21.45,15128.4004,15479.8501,0
913,21.51,15128.4004,15479.8501,0
914,21.55,15128.4004,15479.8501,0
915,21.60,15128.4004,15479.8501,0
916,21.60,15128.4004,15479.8501,0
917,21.66,15128.4004,15479.8501,0
918,21.66,15128.4004,15479.8501,0
919,21.66,15128.4004,15479.8501,0
920,21.70,15305.4912,15479.8501,0
922,21.77,15306.1237,15479.8501,0
923,21.81,15324.0129,15479.8501,0
924,21.86,15324.0129,15479.8501,0
925,21.91,15324.0129,15479.8501,0
926,21.95,15324.0129,15479.8501,0
928,22.05,15324.0129,15479.8501,0
929,22.08,15324.0129,15479.8501,0
930,22.12,15324.0129,15479.8501,0
931,22.16,15324.0129,15479.8501,0
932,22.20,15324.0129,15479.8501,0
933,22.24,15324.0129,15479.8501,0
934,22.27,15324.0129,15479.8501,0
935,22.32,15324.0129,15479.8501,0
937,22.36,15324.0129,15479.8501,0
938,22.40,15324.0129,15479.8501,0
939,22.40,15324.0129,15479.8501,0
940,22.44,15324.0129,15479.8501,0
941,22.49,15324.0129,15479.8501,0
942,22.52,15324.0129,15479.8501,0
943,22.56,15324.0129,15479.8501,0
944,22.59,15324.0129,15479.8501,0
946,22.64,15324.0129,15479.8501,0
947,22.69,15333.6660,15479.8501,0
948,22.75,15333.6660,15479.8501,0
949,22.80,15333.6660,15479.8501,0
950,22.84,15333.6660,15479.8501,0
951,22.89,15333.6660,15479.8501,0
953,22.93,15333.6660,15479.8501,0
954,22.97,15334.4398,15479.8501,0
955,23.03,15334.4398,15479.8501,0
956,23.08,15334.4398,15479.8501,0
957,23.13,15334.4398,15479.8501,0
958,23.18,15334.4398,15479.8501,0
960,23.25,15334.4398,15479.8501,0
962,23.31,15334.4398,15479.8501,0
963,23.35,15334.4398,15479.8501,0
964,23.40,15334.4398,15479.8501,0
965,23.44,15334.4398,15479.8501,0
967,23.49,15334.4398,15479.8501,0
968,23.54,15334.4398,15479.8501,0
970,23.54,15334.4398,15479.8501,0
972,23.59,15334.4398,15479.8501,0
973,23.63,15334.4398,15479.8501,0
975,23.68,15334.4398,15479.8501,0
976,23.68,15334.4398,15479.8501,0
978,23.68,15334.4398,15479.8501,0
979,23.68,15334.4398,15479.8501,0
980,23.73,15334.4398,15479.8501,0
983,23.79,15334.4398,15479.8501,0
984,23.83,15334.4398,15479.8501,0
985,23.83,15334.4398,15479.8501,0
986,23.88,15334.4398,15479.8501,0
988,23.92,15334.4398,15479.8501,0
989,23.92,15334.4398,15479.8501,0
990,23.96,15334.4398,15479.8501,0
991,24.00,15334.4398,15479.8501,0
992,24.05,15334.4398,15479.8501,0
995,24.10,15334.4398,15479.8501,0
997,24.10,15334.4398,15479.8501,0
998,24.13,15334.4398,15479.8501,0
999,24.13,15334.4398,15479.8501,0
1000,24.13,15334.4398,15479.8501,0
1005,24.18,15334.4398,15479.8501,0
1006,24.22,15334.4398,15479.8501,0
1007,24.27,15334.4398,15479.8501,0
1010,24.31,15334.4398,15479.8501,0
1028,24.35,15334.4398,15479.8501,0
1030,24.40,15334.4398,15479.8501,0
1031,24.45,15334.4398,15479.8501,0
1033,24.50,15334.4398,15479.8501,0
1034,24.55,15334.4398,15479.8501,0
1043,24.59,15348.1671,15479.8501,0
1045,24.66,15348.1671,15479.8501,0
1047,24.71,15348.1671,15479.8501,0
1049,24.76,15348.1671,15479.8501,0
1050,24.81,15348.1671,15479.8501,0
1052,24.86,15348.1671,15479.8501,0
1053,24.86,15348.1671,15479.8501,0
1056,24.86,15348.1671,15479.8501,0
1058,24.86,15348.1671,15479.8501,0
1059,24.91,15348.1671,15479.8501,0
1060,24.91,15348.1671,15479.8501,0
1061,24.95,15348.1671,15479.8501,0
1063,24.95,15348.1671,15479.8501,0
1065,25.00,15348.1671,15479.8501,0
1074,25.03,15348.1671,15479.8501,0
1075,25.08,15348.1671,15479.8501,0
1077,25.13,15348.1671,15479.8501,0
1078,25.18,15348.1671,15479.8501,0
1079,25.22,15348.1671,15479.8501,0
1080,25.26,15348.1671,15479.8501,0
1081,25.30,15348.1671,15479.8501,0
1083,25.34,15348.1671,15479.8501,0
1085,25.39,15348.1671,15479.8501,0
1089,25.43,15348.1671,15479.8501,0
1095,25.48,15348.1671,15479.8501,0
1098,25.53,15348.1671,15479.8501,0
1104,25.57,15348.1671,15479.8501,0
1108,25.62,15348.1671,15479.8501,0
1109,25.68,15348.1671,15479.8501,0
1132,25.73,15348.1671,15479.8501,0
1135,25.78,15348.1671,15479.8501,0
1144,25.83,15348.1671,15479.8501,0
1146,25.88,15348.1671,15479.8501,0
1159,25.93,15348.1671,15479.8501,0
1161,25.98,15348.1671,15479.8501,0
1164,26.03,15348.1671,15479.8501,0
1166,26.08,15348.1671,15479.8501,0
1169,26.12,15348.1671,15479.8501,0
1172,26.17,15348.1671,15479.8501,0
1174,26.22,15348.1671,15479.8501,0
1177,26.22,15348.1671,15479.8501,0
1180,26.26,15348.1671,15479.8501,0
1181,26.26,15479.8501,15479.8501,1
1182,26.37,15024.8415,15479.8501,0
1183,26.42,15024.8415,15479.8501,0
1184,26.47,15024.8415,15479.8501,0
1185,26.52,15024.8415,15479.8501,0
1186,26.57,15024.8415,15479.8501,0
1187,26.61,15089.6663,15479.8501,0
1188,26.67,15089.6663,15479.8501,0
1189,26.72,15092.4390,15479.8501,0
1190,26.77,15303.1524,15479.8501,0
1191,26.83,15303.1524,15479.8501,0
1192,26.90,15303.1524,15479.8501,0
1193,26.95,15472.6618,15479.8501,0
1194,27.00,15609.8824,15609.8824,0
1195,27.04,15622.6514,15622.6514,0
1196,27.11,15622.6514,15622.6514,0
1197,27.16,15622.6514,15622.6514,0
1198,27.20,15622.6514,15622.6514,0
1199,27.20,15622.6514,15622.6514,0
1200,27.20,15622.6514,15622.6514,0
1202,27.24,15622.6514,15622.6514,0
1203,27.29,15622.6514,15622.6514,0
1206,27.34,15622.6514,15622.6514,0
1207,27.37,15625.8480,15625.8480,0
1208,27.43,15625.8480,15625.8480,0
1209,27.48,15625.8480,15625.8480,0
1210,27.52,15625.8480,15625.8480,0
1213,27.55,15625.8480,15625.8480,0
1214,27.57,15625.8480,15625.8480,0
1218,27.61,15625.8480,15625.8480,0
1219,27.66,15625.8480,15625.8480,0
1220,27.70,15625.8480,15625.8480,0
1221,27.73,15625.8480,15625.8480,0
1222,27.77,15625.8480,15625.8480,0
1223,27.77,15625.8480,15625.8480,0
1224,27.77,15625.8480,15625.8480,0
1225,27.80,15625.8480,15625.8480,0
1226,27.84,15639.4980,15639.4980,0
1228,27.88,15639.4980,15639.4980,0
1231,27.92,15639.4980,15639.4980,0
1232,27.95,15639.4980,15639.4980,0
1233,28.00,15639.4980,15639.4980,0
1234,28.06,15639.4980,15639.4980,0
1235,28.09,15639.4980,15639.4980,0
1236,28.12,15639.4980,15639.4980,0
1239,28.15,15639.4980,15639.4980,0
1240,28.20,15639.4980,15639.4980,0
1241,28.23,15639.4980,15639.4980,0
1242,28.27,15639.4980,15639.4980,0
1243,28.31,15639.4980,15639.4980,0
1244,28.35,15639.4980,15639.4980,0
1245,28.35,15639.4980,15639.4980,0
1246,28.38,15639.4980,15639.4980,0
1247,28.43,15639.4980,15639.4980,0
1248,28.47,15639.4980,15639.4980,0
1249,28.47,15639.4980,15639.4980,0
1251,28.51,15639.4980,15639.4980,0
1252,28.56,15639.4980,15639.4980,0
1254,28.60,15639.4980,15639.4980,0
1258,28.60,15639.4980,15639.4980,0
1259,28.60,15639.4980,15639.4980,0
1261,28.64,15639.4980,15639.4980,0
1262,28.67,15639.4980,15639.4980,0
1269,28.67,15639.4980,15639.4980,0
1270,28.67,15639.4980,15639.4980,0
1273,28.71,15639.4980,15639.4980,0
1274,28.74,15639.4980,15639.4980,0
1275,28.74,15639.4980,15639.4980,0
1281,28.77,15691.6362,15691.6362,0
1284,28.82,15691.6362,15691.6362,0
1285,28.88,15691.6362,15691.6362,0
1286,28.93,15691.6362,15691.6362,0
1287,28.97,15691.6362,15691.6362,0
1288,29.01,15691.6362,15691.6362,0
1289,29.05,15691.6362,15691.6362,0
1290,29.08,15691.6362,15691.6362,0
1291,29.14,15691.6362,15691.6362,0
1292,29.19,15691.6362,15691.6362,0
1294,29.19,15691.6362,15691.6362,0
1295,29.22,15691.6362,15691.6362,0
1296,29.26,15691.6362,15691.6362,0
1297,29.26,15691.6362,15691.6362,0
1298,29.29,15691.6362,15691.6362,0
1299,29.29,15691.6362,15691.6362,0
1300,29.33,15691.6362,15691.6362,0
1301,29.37,15691.6362,15691.6362,0
1303,29.40,15691.6362,15691.6362,0
1304,29.44,15691.6362,15691.6362,0
1305,29.44,15691.6362,15691.6362,0
1306,29.49,15691.6362,15691.6362,0
1307,29.49,15691.6362,15691.6362,0
1309,29.49,15691.6362,15691.6362,0
1310,29.52,15691.6362,15691.6362,0
1313,29.56,15691.6362,15691.6362,0
1315,29.56,15691.6362,15691.6362,0
1317,29.59,15691.6362,15691.6362,0
1318,29.63,15691.6362,15691.6362,0
1324,29.67,15691.6362,15691.6362,0
1329,29.72,15691.6362,15691.6362,0
1338,29.75,15691.6362,15691.6362,0
1339,29.78,15691.6362,15691.6362,0
1341,29.83,15691.6362,15691.6362,0
1345,29.87,15691.6362,15691.6362,0
1355,29.91,15691.6362,15691.6362,0
1359,29.94,15691.6362,15691.6362,0
1360,29.99,15691.6362,15691.6362,0
1364,30.04,15691.6362,15691.6362,0
1366,30.08,15691.6362,15691.6362,0
1367,30.12,15691.6362,15691.6362,0
1372,30.15,15691.6362,15691.6362,0
1379,30.20,15691.6362,15691.6362,0
1382,30.24,15691.6362,15691.6362,0
1385,30.27,15691.6362,15691.6362,0
1386,30.27,15691.6362,15691.6362,1
1387,30.39,15489.4382,15691.6362,0
1388,30.43,15489.4382,15691.6362,0
1389,30.49,15489.4382,15691.6362,0
1390,30.53,15691.6362,15691.6362,0
1392,30.54,15691.6362,15691.6362,0
1394,30.55,15691.6362,15691.6362,0
1395,30.55,15691.6362,15691.6362,0
1397,30.55,15691.6362,15691.6362,0
1398,30.55,15691.6362,15691.6362,0
1399,30.56,15691.6362,15691.6362,0
1400,30.56,15691.6362,15691.6362,0
1401,30.56,15691.6362,15691.6362,0
1403,30.56,15691.6362,15691.6362,0
1406,30.56,15691.6362,15691.6362,0
1407,30.56,15691.6362,15691.6362,0
1408,30.56,15691.6362,15691.6362,0
1411,30.56,15691.6362,15691.6362,0
1412,30.56,15691.6362,15691.6362,0
1413,30.56,15691.6362,15691.6362,0
1414,30.56,15691.6362,15691.6362,0
1415,30.56,15691.6362,15691.6362,0
1416,30.56,15691.6362,15691.6362,0
1417,30.56,15691.6362,15691.6362,0
1419,30.56,15691.6362,15691.6362,0
1426,30.56,15691.6362,15691.6362,0
1427,30.56,15691.6362,15691.6362,0
1429,30.56,15691.6362,15691.6362,0
1431,30.56,15691.6362,15691.6362,0
1439,30.56,15691.6362,15691.6362,0
1440,30.56,15691.6362,15691.6362,0
1441,30.56,15691.6362,15691.6362,0
1442,30.56,15691.6362,15691.6362,0
1443,30.56,15691.6362,15691.6362,0
1445,30.56,15691.6362,15691.6362,0
1446,30.56,15691.6362,15691.6362,0
1449,30.56,15691.6362,15691.6362,0
1455,30.56,15691.6362,15691.6362,0
1459,30.56,15691.6362,15691.6362,0
1462,30.56,15691.6362,15691.6362,0
1463,30.56,15691.6362,15691.6362,0
1469,30.56,15691.6362,15691.6362,0
1479,30.56,15691.6362,15691.6362,0
1484,30.56,15691.6362,15691.6362,0
1492,30.56,15691.6362,15691.6362,0
1493,30.56,15691.6362,15691.6362,0
1495,30.56,15691.6362,15691.6362,0
1496,30.56,15691.6362,15691.6362,0
1497,30.56,15691.6362,15691.6362,0
1498,30.56,15691.6362,15691.6362,1
1499,30.63,15467.5223,15691.6362,0
1500,30.67,15467.5223,15691.6362,0
1501,30.70,15467.5223,15691.6362,0
1502,30.74,15467.5223,15691.6362,0
1503,30.79,15504.7714,15691.6362,0
1504,30.84,15504.7714,15691.6362,0
1505,30.90,15504.7714,15691.6362,0
1506,30.94,15504.7714,15691.6362,0
1507,30.99,15504.7714,15691.6362,0
1508,31.04,15504.7714,15691.6362,0
1509,31.08,15504.7714,15691.6362,0
1510,31.11,15691.6362,15691.6362,0
1511,31.12,15691.6362,15691.6362,0
1512,31.13,15691.6362,15691.6362,0
1513,31.15,15691.6362,15691.6362,0
1515,31.15,15691.6362,15691.6362,0
1516,31.15,15691.6362,15691.6362,0
1517,31.15,15691.6362,15691.6362,0
1519,31.15,15691.6362,15691.6362,0
1520,31.15,15691.6362,15691.6362,0
1521,31.15,15691.6362,15691.6362,0
1523,31.15,15691.6362,15691.6362,0
1524,31.15,15691.6362,15691.6362,0
1525,31.15,15691.6362,15691.6362,0
1528,31.15,15691.6362,15691.6362,0
1529,31.15,15691.6362,15691.6362,0
1530,31.15,15691.6362,15691.6362,0
1531,31.15,15691.6362,15691.6362,0
1532,31.15,15691.6362,15691.6362,0
1534,31.15,15691.6362,15691.6362,0
1536,31.15,15691.6362,15691.6362,0
1538,31.15,15691.6362,15691.6362,0
1539,31.15,15691.6362,15691.6362,0
1540,31.15,15691.6362,15691.6362,0
1541,31.15,15691.6362,15691.6362,0
1542,31.15,15691.6362,15691.6362,0
1544,31.15,15691.6362,15691.6362,0
1548,31.15,15691.6362,15691.6362,0
1549,31.15,15691.6362,15691.6362,0
1552,31.15,15691.6362,15691.6362,0
1554,31.15,15691.6362,15691.6362,0
1556,31.15,15691.6362,15691.6362,0
1557,31.15,15691.6362,15691.6362,0
1560,31.15,15691.6362,15691.6362,0
1561,31.15,15691.6362,15691.6362,0
1562,31.15,15691.6362,15691.6362,0
1564,31.15,15691.6362,15691.6362,0
1573,31.15,15691.6362,15691.6362,0
1577,31.15,15691.6362,15691.6362,0
1578,31.15,15691.6362,15691.6362,0
1581,31.15,15691.6362,15691.6362,0
1590,31.15,15691.6362,15691.6362,0
1599,31.15,15691.6362,15691.6362,0
1605,31.15,15691.6362,15691.6362,0
1606,31.15,15691.6362,15691.6362,0
1609,31.15,15691.6362,15691.6362,0
1610,31.15,15691.6362,15691.6362,1
1611,31.28,15195.9007,15691.6362,0
1612,31.35,15364.5274,15691.6362,0
1613,31.40,15364.5274,15691.6362,0
1614,31.47,15364.5274,15691.6362,0
1615,31.52,15374.4883,15691.6362,0
1616,31.58,15374.4883,15691.6362,0
1617,31.63,15374.4883,15691.6362,0
1618,31.64,15374.4883,15691.6362,0
1619,31.69,15374.4883,15691.6362,0
1620,31.73,15547.4010,15691.6362,0
1621,31.77,15547.4010,15691.6362,0
1623,31.81,15547.4010,15691.6362,0
1624,31.86,15547.4010,15691.6362,0
1625,31.89,15547.4010,15691.6362,0
1626,31.93,15547.4010,15691.6362,0
1627,31.93,15547.4010,15691.6362,0
1629,31.96,15547.4010,15691.6362,0
1631,32.04,15547.4010,15691.6362,0
1632,32.07,15547.4010,15691.6362,0
1633,32.13,15547.4010,15691.6362,0
1634,32.16,15547.4010,15691.6362,0
1635,32.16,15547.4010,15691.6362,0
1636,32.20,15547.4010,15691.6362,0
1637,32.23,15547.4010,15691.6362,0
1639,32.28,15547.4010,15691.6362,0
1641,32.32,15551.3448,15691.6362,0
1642,32.38,15551.3448,15691.6362,0
1643,32.42,15691.6362,15691.6362,0
1646,32.43,15691.6362,15691.6362,0
1647,32.44,15691.6362,15691.6362,0
1648,32.44,15691.6362,15691.6362,0
1649,32.44,15691.6362,15691.6362,0
1651,32.45,15691.6362,15691.6362,0
1652,32.45,15691.6362,15691.6362,0
1655,32.45,15691.6362,15691.6362,0
1656,32.45,15691.6362,15691.6362,0
1658,32.45,15691.6362,15691.6362,0
1659,32.45,15691.6362,15691.6362,0
1660,32.45,15691.6362,15691.6362,0
1661,32.45,15691.6362,15691.6362,0
1662,32.45,15691.6362,15691.6362,0
1663,32.45,15691.6362,15691.6362,0
1664,32.45,15691.6362,15691.6362,0
1667,32.45,15691.6362,15691.6362,0
1669,32.45,15691.6362,15691.6362,0
1671,32.45,15691.6362,15691.6362,0
1672,32.45,15691.6362,15691.6362,0
1675,32.45,15691.6362,15691.6362,0
1676,32.45,15691.6362,15691.6362,0
1677,32.45,15691.6362,15691.6362,0
1679,32.45,15691.6362,15691.6362,0
1683,32.45,15691.6362,15691.6362,0
1684,32.45,15691.6362,15691.6362,0
1685,32.45,15691.6362,15691.6362,0
1690,32.45,15691.6362,15691.6362,0
1694,32.45,15691.6362,15691.6362,0
1702,32.45,15691.6362,15691.6362,0
1704,32.45,15691.6362,15691.6362,0
1711,32.45,15691.6362,15691.6362,0
1715,32.45,15691.6362,15691.6362,0
1716,32.45,15691.6362,15691.6362,0
1725,32.45,15691.6362,15691.6362,0
1729,32.45,15691.6362,15691.6362,0
1732,32.45,15691.6362,15691.6362,0
1733,32.45,15691.6362,15691.6362,0
1734,32.45,15691.6362,15691.6362,0
1744,32.45,15691.6362,15691.6362,0
1747,32.45,15691.6362,15691.6362,0
1749,32.45,15691.6362,15691.6362,0
1751,32.45,15691.6362,15691.6362,0
1757,32.45,15691.6362,15691.6362,0
1758,32.45,15691.6362,15691.6362,0
1759,32.45,15691.6362,15691.6362,1
1760,32.59,15296.9637,15691.6362,0
1761,32.64,15495.5337,15691.6362,0
1762,32.70,15495.5337,15691.6362,0
1763,32.74,15495.5337,15691.6362,0
1764,32.80,15495.5337,15691.6362,0
1765,32.85,15495.5337,15691.6362,0
1766,32.90,15495.5337,15691.6362,0
1767,32.95,15495.5337,15691.6362,0
1768,33.00,15495.5337,15691.6362,0
1769,33.05,15495.5337,15691.6362,0
1770,33.10,15659.6588,15691.6362,0
1771,33.16,15659.6588,15691.6362,0
1772,33.20,15659.6588,15691.6362,0
1773,33.25,15659.6588,15691.6362,0
1774,33.30,15659.6588,15691.6362,0
1775,33.32,15659.6588,15691.6362,0
1776,33.37,15659.6588,15691.6362,0
1778,33.42,15659.6588,15691.6362,0
1779,33.47,15659.6588,15691.6362,0
1780,33.51,15659.6588,15691.6362,0
1781,33.56,15659.6588,15691.6362,0
1782,33.62,15678.6592,15691.6362,0
1783,33.67,15678.6592,15691.6362,0
1784,33.73,15678.6592,15691.6362,0
1785,33.78,15678.6592,15691.6362,0
1787,33.82,15678.6592,15691.6362,0
1788,33.86,15678.6592,15691.6362,0
1789,33.90,15678.6592,15691.6362,0
1790,33.95,15678.6592,15691.6362,0
1791,34.00,15678.6592,15691.6362,0
1792,34.07,15678.6592,15691.6362,0
1793,34.10,15691.2820,15691.6362,0
1794,34.15,15691.2820,15691.6362,0
1796,34.20,15691.2820,15691.6362,0
1798,34.24,15691.6362,15691.6362,0
1800,34.26,15691.6362,15691.6362,0
1801,34.26,15691.6362,15691.6362,0
1802,34.26,15691.6362,15691.6362,0
1803,34.26,15691.6362,15691.6362,0
1804,34.26,15691.6362,15691.6362,0
1805,34.26,15691.6362,15691.6362,0
1807,34.26,15691.6362,15691.6362,0
1809,34.26,15691.6362,15691.6362,0
1810,34.27,15691.6362,15691.6362,0
1811,34.27,15691.6362,15691.6362,0
1813,34.27,15691.6362,15691.6362,0
1818,34.27,15691.6362,15691.6362,0
1820,34.27,15691.6362,15691.6362,0
1821,34.27,15691.6362,15691.6362,0
1822,34.27,15691.6362,15691.6362,0
1823,34.27,15691.6362,15691.6362,0
1824,34.27,15691.6362,15691.6362,0
1828,34.27,15691.6362,15691.6362,0
1829,34.27,15691.6362,15691.6362,0
1830,34.27,15691.6362,15691.6362,0
1835,34.27,15691.6362,15691.6362,0
1837,34.28,15691.6362,15691.6362,0
1838,34.28,15691.6362,15691.6362,0
1839,34.28,15691.6362,15691.6362,0
1840,34.28,15691.6362,15691.6362,0
1844,34.28,15691.6362,15691.6362,0
1846,34.28,15691.6362,15691.6362,0
1847,34.28,15691.6362,15691.6362,0
1852,34.28,15691.6362,15691.6362,0
1859,34.28,15691.6362,15691.6362,0
1870,34.28,15691.6362,15691.6362,0
1871,34.28,15691.6362,15691.6362,0
1882,34.28,15691.6362,15691.6362,0
1886,34.28,15691.6362,15691.6362,0
1887,34.28,15691.6362,15691.6362,0
1893,34.28,15691.6362,15691.6362,0
1894,34.28,15691.6362,15691.6362,0
1910,34.28,15691.6362,15691.6362,0
1915,34.28,15691.6362,15691.6362,0
1917,34.28,15691.6362,15691.6362,0
1918,34.28,15691.6362,15691.6362,0
1923,34.28,15691.6362,15691.6362,0
1927,34.28,15691.6362,15691.6362,0
1934,34.28,15691.6362,15691.6362,0
1935,34.28,15691.6362,15691.6362,1
1936,34.38,14917.9816,15691.6362,0
1937,34.43,14917.9816,15691.6362,0
1938,34.49,14917.9816,15691.6362,0
1939,34.54,14917.9816,15691.6362,0
1940,34.58,14917.9816,15691.6362,0
1941,34.64,14917.9816,15691.6362,0
1942,34.69,14917.9816,15691.6362,0
1943,34.74,15176.3358,15691.6362,0
1944,34.81,15176.3358,15691.6362,0
1945,34.82,15176.3358,15691.6362,0
1946,34.87,15176.3358,15691.6362,0
1947,34.92,15280.5330,15691.6362,0
1948,34.98,15280.5330,15691.6362,0
1949,35.04,15280.5330,15691.6362,0
1950,35.10,15280.5330,15691.6362,0
1951,35.15,15280.5330,15691.6362,0
1952,35.18,15474.0294,15691.6362,0
1954,35.24,15474.0294,15691.6362,0
1955,35.29,15474.0294,15691.6362,0
1956,35.34,15474.0294,15691.6362,0
1958,35.38,15474.0294,15691.6362,0
1959,35.39,15474.0294,15691.6362,0
1964,35.43,15474.0294,15691.6362,0
1965,35.47,15474.0294,15691.6362,0
1966,35.52,15474.0294,15691.6362,0
1967,35.56,15474.0294,15691.6362,0
1968,35.56,15474.0294,15691.6362,0
1969,35.60,15474.0294,15691.6362,0
1970,35.66,15474.0294,15691.6362,0
1971,35.70,15474.0294,15691.6362,0
1972,35.73,15474.0294,15691.6362,0
1974,35.77,15474.0294,15691.6362,0
1975,35.80,15474.0294,15691.6362,0
1976,35.84,15474.0294,15691.6362,0
1977,35.89,15474.0294,15691.6362,0
1978,35.92,15474.0294,15691.6362,0
1982,35.98,15474.0294,15691.6362,0
1984,35.98,15474.0294,15691.6362,0
1989,36.01,15474.0294,15691.6362,0
1991,36.01,15474.0294,15691.6362,0
1995,36.05,15474.0294,15691.6362,0
2004,36.10,15474.0294,15691.6362,0
2009,36.14,15474.0294,15691.6362,0
2016,36.18,15474.0294,15691.6362,0
2020,36.21,15474.0294,15691.6362,0
2031,36.25,15474.0294,15691.6362,0
2033,36.28,15474.0294,15691.6362,0
2035,36.32,15474.0294,15691.6362,0
2036,36.35,15474.0294,15691.6362,0
2053,36.38,15474.0294,15691.6362,0
2058,36.42,15474.0294,15691.6362,0
2059,36.48,15474.0294,15691.6362,0
2061,36.52,15474.0294,15691.6362,0
2069,36.56,15474.0294,15691.6362,0
2070,36.61,15474.0294,15691.6362,0
2074,36.64,15474.0294,15691.6362,0
2078,36.68,15474.0294,15691.6362,0
2086,36.72,15474.0294,15691.6362,0
2087,36.72,15691.6362,15691.6362,1
2088,36.82,14881.9435,15691.6362,0
2089,36.88,14881.9435,15691.6362,0
2090,36.93,14881.9435,15691.6362,0
2091,36.98,14881.9435,15691.6362,0
2092,37.04,15117.4594,15691.6362,0
2093,37.10,15117.4594,15691.6362,0
2094,37.15,15335.9324,15691.6362,0
2095,37.21,15335.9324,15691.6362,0
2096,37.26,15499.0439,15691.6362,0
2097,37.31,15499.0439,15691.6362,0
2098,37.36,15499.0439,15691.6362,0
2099,37.41,15499.0439,15691.6362,0
2100,37.47,15499.5077,15691.6362,0
2101,37.48,15499.5077,15691.6362,0
2102,37.52,15657.5935,15691.6362,0
2103,37.56,15715.3609,15715.3609,0
2104,37.63,15715.3609,15715.3609,0
2105,37.67,15715.3609,15715.3609,0
2106,37.71,15715.3609,15715.3609,0
2108,37.71,15715.3609,15715.3609,0
2109,37.76,15715.3609,15715.3609,0
2110,37.80,15898.8202,15898.8202,0
2111,37.84,15898.8202,15898.8202,0
2112,37.88,15907.7076,15907.7076,0
2113,37.94,15907.7076,15907.7076,0
2114,37.99,15907.7076,15907.7076,0
2115,38.03,15907.7076,15907.7076,0
2118,38.07,15907.7076,15907.7076,0
2120,38.08,15907.7076,15907.7076,0
2121,38.12,15907.7076,15907.7076,0
2122,38.16,15907.7076,15907.7076,0
2123,38.19,15907.7076,15907.7076,0
2124,38.23,15907.7076,15907.7076,0
2125,38.27,15907.7076,15907.7076,0
2126,38.31,15907.7076,15907.7076,0
2127,38.35,15907.7076,15907.7076,0
2128,38.35,15907.7076,15907.7076,0
2130,38.38,15907.7076,15907.7076,0
2131,38.42,15907.7076,15907.7076,0
2134,38.45,15907.7076,15907.7076,0
2142,38.49,15907.7076,15907.7076,0
2152,38.53,15907.7076,15907.7076,0
2155,38.58,15907.7076,15907.7076,0
2157,38.62,15907.7076,15907.7076,0
2163,38.67,15907.7076,15907.7076,0
2170,38.71,15907.7076,15907.7076,0
2173,38.75,15907.7076,15907.7076,0
2180,38.79,15907.7076,15907.7076,0
2181,38.83,15907.7076,15907.7076,0
2182,38.87,15907.7076,15907.7076,0
2197,38.91,15907.7076,15907.7076,0
2198,38.95,15907.7076,15907.7076,0
2205,38.98,15907.7076,15907.7076,0
2208,39.04,15907.7076,15907.7076,0
2220,39.07,15907.7076,15907.7076,0
2222,39.11,15907.7076,15907.7076,0
2223,39.11,15907.7076,15907.7076,1
2224,39.20,15701.8794,15907.7076,0
2225,39.27,15701.8794,15907.7076,0
2226,39.32,15701.8794,15907.7076,0
2227,39.36,15907.7076,15907.7076,0
2228,39.37,15907.7076,15907.7076,0
2229,39.38,15907.7076,15907.7076,0
2231,39.39,15907.7076,15907.7076,0
2232,39.40,15907.7076,15907.7076,0
2233,39.40,15907.7076,15907.7076,0
2234,39.40,15907.7076,15907.7076,0
2236,39.40,15907.7076,15907.7076,0
2237,39.40,15907.7076,15907.7076,0
2238,39.40,15907.7076,15907.7076,0
2239,39.40,15907.7076,15907.7076,0
2240,39.40,15907.7076,15907.7076,0
2242,39.40,15907.7076,15907.7076,0
2245,39.40,15907.7076,15907.7076,0
2247,39.40,15907.7076,15907.7076,0
2250,39.40,15907.7076,15907.7076,0
2251,39.40,15907.7076,15907.7076,0
2253,39.40,15907.7076,15907.7076,0
2256,39.40,15907.7076,15907.7076,0
2261,39.40,15907.7076,15907.7076,0
2264,39.40,15907.7076,15907.7076,0
2269,39.40,15907.7076,15907.7076,0
2274,39.40,15907.7076,15907.7076,0
2275,39.40,15907.7076,15907.7076,0
2276,39.40,15907.7076,15907.7076,0
2277,39.40,15907.7076,15907.7076,0
2279,39.40,15907.7076,15907.7076,0
2281,39.40,15907.7076,15907.7076,0
2284,39.40,15907.7076,15907.7076,0
2286,39.40,15907.7076,15907.7076,0
2287,39.40,15907.7076,15907.7076,0
2294,39.40,15907.7076,15907.7076,0
2296,39.40,15907.7076,15907.7076,0
2297,39.40,15907.7076,15907.7076,1
2298,39.48,15549.4599,15907.7076,0
2299,39.53,15749.6202,15907.7076,0
2300,39.58,15749.6202,15907.7076,0
2301,39.64,15749.6202,15907.7076,0
2302,39.64,15749.6202,15907.7076,0
2303,39.68,15749.6202,15907.7076,0
2304,39.73,15907.7076,15907.7076,0
2305,39.74,15907.7076,15907.7076,0
2306,39.74,15907.7076,15907.7076,0
2307,39.74,15907.7076,15907.7076,0
2308,39.74,15907.7076,15907.7076,0
2309,39.74,15907.7076,15907.7076,0
2311,39.76,15907.7076,15907.7076,0
2312,39.76,15907.7076,15907.7076,0
2313,39.76,15907.7076,15907.7076,0
2314,39.76,15907.7076,15907.7076,0
2315,39.76,15907.7076,15907.7076,0
2316,39.76,15907.7076,15907.7076,0
2321,39.76,15907.7076,15907.7076,0
2325,39.76,15907.7076,15907.7076,0
2326,39.76,15907.7076,15907.7076,0
2332,39.76,15907.7076,15907.7076,0
2333,39.76,15907.7076,15907.7076,0
2335,39.76,15907.7076,15907.7076,0
2342,39.76,15907.7076,15907.7076,0
2347,39.76,15907.7076,15907.7076,0
2353,39.76,15907.7076,15907.7076,0
2354,39.76,15907.7076,15907.7076,0
2355,39.76,15907.7076,15907.7076,0
2358,39.76,15907.7076,15907.7076,0
2359,39.76,15907.7076,15907.7076,0
2364,39.76,15907.7076,15907.7076,0
2365,39.76,15907.7076,15907.7076,0
2375,39.76,15907.7076,15907.7076,0
2382,39.76,15907.7076,15907.7076,0
2386,39.76,15907.7076,15907.7076,0
2387,39.76,15907.7076,15907.7076,0
2402,39.76,15907.7076,15907.7076,0
2403,39.76,15907.7076,15907.7076,0
2404,39.76,15907.7076,15907.7076,1
2405,39.85,15543.4437,15907.7076,0
2406,39.89,15543.4437,15907.7076,0
2407,39.93,15543.4437,15907.7076,0
2408,39.97,15729.6667,15907.7076,0
2409,40.01,15729.6667,15907.7076,0
2410,40.05,15729.6667,15907.7076,0
2411,40.08,15867.5644,15907.7076,0
2412,40.14,15867.5644,15907.7076,0
2413,40.19,15870.7610,15907.7076,0
2414,40.23,15870.7610,15907.7076,0
2415,40.27,15870.7610,15907.7076,0
2416,40.32,15870.7610,15907.7076,0
2417,40.36,15870.7610,15907.7076,0
2418,40.41,15907.7076,15907.7076,0
2419,40.41,15907.7076,15907.7076,0
2420,40.41,15907.7076,15907.7076,0
2421,40.41,15907.7076,15907.7076,0
2422,40.42,15907.7076,15907.7076,0
2423,40.42,15907.7076,15907.7076,0
2424,40.42,15907.7076,15907.7076,0
2425,40.42,15907.7076,15907.7076,0
2427,40.44,15907.7076,15907.7076,0
2429,40.44,15907.7076,15907.7076,0
2432,40.44,15907.7076,15907.7076,0
2434,40.44,15907.7076,15907.7076,0
2435,40.44,15907.7076,15907.7076,0
2436,40.44,15907.7076,15907.7076,0
2438,40.44,15907.7076,15907.7076,0
2441,40.44,15907.7076,15907.7076,0
2442,40.44,15907.7076,15907.7076,0
2443,40.44,15907.7076,15907.7076,0
2445,40.44,15907.7076,15907.7076,0
2446,40.44,15907.7076,15907.7076,0
2447,40.44,15907.7076,15907.7076,0
2453,40.44,15907.7076,15907.7076,0
2454,40.44,15907.7076,15907.7076,0
2456,40.44,15907.7076,15907.7076,0
2457,40.44,15907.7076,15907.7076,0
2461,40.44,15907.7076,15907.7076,0
2462,40.44,15907.7076,15907.7076,0
2477,40.44,15907.7076,15907.7076,0
2482,40.44,15907.7076,15907.7076,0
2483,40.44,15907.7076,15907.7076,0
2492,40.44,15907.7076,15907.7076,0
2497,40.44,15907.7076,15907.7076,0
2498,40.44,15907.7076,15907.7076,0
2499,40.44,15907.7076,15907.7076,1
2500,40.54,15334.5744,15907.7076,0
2501,40.58,15334.5744,15907.7076,0
2502,40.63,15334.5744,15907.7076,0
2503,40.68,15334.5744,15907.7076,0
2504,40.72,15334.5744,15907.7076,0
2505,40.77,15514.8029,15907.7076,0
2506,40.83,15514.8029,15907.7076,0
2507,40.88,15514.8029,15907.7076,0
2508,40.92,15514.8029,15907.7076,0
2509,40.97,15550.4955,15907.7076,0
2510,41.02,15550.4955,15907.7076,0
2511,41.06,15689.1074,15907.7076,0
2512,41.11,15689.1074,15907.7076,0
2513,41.17,15689.1074,15907.7076,0
2514,41.21,15689.1074,15907.7076,0
2515,41.25,15891.6188,15907.7076,0
2516,41.30,15891.6188,15907.7076,0
2517,41.34,15904.5110,15907.7076,0
2518,41.38,15904.5110,15907.7076,0
2519,41.43,15904.5110,15907.7076,0
2521,41.49,15907.7076,15907.7076,0
2522,41.50,15907.7076,15907.7076,0
2524,41.52,15907.7076,15907.7076,0
2525,41.52,15907.7076,15907.7076,0
2526,41.52,15907.7076,15907.7076,0
2527,41.52,15907.7076,15907.7076,0
2531,41.52,15907.7076,15907.7076,0
2533,41.52,15907.7076,15907.7076,0
2534,41.52,15907.7076,15907.7076,0
2535,41.52,15907.7076,15907.7076,0
2537,41.52,15907.7076,15907.7076,0
2538,41.52,15907.7076,15907.7076,0
2539,41.52,15907.7076,15907.7076,0
2542,41.52,15907.7076,15907.7076,0
2543,41.52,15907.7076,15907.7076,0
2544,41.52,15907.7076,15907.7076,0
2554,41.52,15907.7076,15907.7076,0
2559,41.52,15907.7076,15907.7076,0
2561,41.52,15907.7076,15907.7076,0
2562,41.52,15907.7076,15907.7076,0
2569,41.52,15907.7076,15907.7076,0
2570,41.52,15907.7076,15907.7076,0
2572,41.52,15907.7076,15907.7076,0
2574,41.52,15907.7076,15907.7076,0
2576,41.52,15907.7076,15907.7076,0
2586,41.52,15907.7076,15907.7076,0
2588,41.52,15907.7076,15907.7076,0
2599,41.52,15907.7076,15907.7076,0
2607,41.52,15907.7076,15907.7076,0
2609,41.52,15907.7076,15907.7076,0
2613,41.52,15907.7076,15907.7076,0
2614,41.52,15907.7076,15907.7076,0
2620,41.52,15907.7076,15907.7076,0
2621,41.52,15907.7076,15907.7076,1
2622,41.62,15152.3854,15907.7076,0
2623,41.68,15152.3854,15907.7076,0
2624,41.72,15253.7198,15907.7076,0
2625,41.76,15319.3897,15907.7076,0
2626,41.80,15515.4652,15907.7076,0
2627,41.86,15515.4652,15907.7076,0
2628,41.90,15519.9053,15907.7076,0
2629,41.94,15519.9053,15907.7076,0
2630,41.97,15804.3259,15907.7076,0
2631,42.02,15804.3259,15907.7076,0
2632,42.06,15804.3259,15907.7076,0
2633,42.09,15804.3259,15907.7076,0
2634,42.13,15907.7076,15907.7076,0
2635,42.14,15907.7076,15907.7076,0
2637,42.16,15907.7076,15907.7076,0
2638,42.16,15907.7076,15907.7076,0
2639,42.17,15907.7076,15907.7076,0
2640,42.17,15907.7076,15907.7076,0
2642,42.17,15907.7076,15907.7076,0
2643,42.17,15907.7076,15907.7076,0
2645,42.17,15907.7076,15907.7076,0
2646,42.17,15907.7076,15907.7076,0
2647,42.17,15907.7076,15907.7076,0
2652,42.17,15907.7076,15907.7076,0
2654,42.17,15907.7076,15907.7076,0
2664,42.17,15907.7076,15907.7076,0
2669,42.17,15907.7076,15907.7076,0
2674,42.17,15907.7076,15907.7076,0
2675,42.17,15907.7076,15907.7076,0
2681,42.17,15907.7076,15907.7076,0
2684,42.17,15907.7076,15907.7076,0
2685,42.17,15907.7076,15907.7076,0
2705,42.17,15907.7076,15907.7076,0
2709,42.17,15907.7076,15907.7076,0
2712,42.17,15907.7076,15907.7076,0
2715,42.17,15907.7076,15907.7076,0
2716,42.17,15907.7076,15907.7076,0
2721,42.17,15907.7076,15907.7076,0
2723,42.17,15907.7076,15907.7076,0
2732,42.17,15907.7076,15907.7076,0
2737,42.17,15907.7076,15907.7076,0
2738,42.17,15907.7076,15907.7076,0
2739,42.17,15907.7076,15907.7076,0
2740,42.17,15907.7076,15907.7076,0
2741,42.17,15907.7076,15907.7076,0
2742,42.17,15907.7076,15907.7076,1
2743,42.27,14759.4660,15907.7076,0
2744,42.33,14759.4660,15907.7076,0
2745,42.37,14759.4660,15907.7076,0
2746,42.42,14759.4660,15907.7076,0
2747,42.47,14759.4660,15907.7076,0
2748,42.52,14759.4660,15907.7076,0
2749,42.57,14759.4660,15907.7076,0
2750,42.62,14818.8184,15907.7076,0
2751,42.67,14818.8184,15907.7076,0
2752,42.73,14818.8184,15907.7076,0
2753,42.73,14818.8184,15907.7076,0
2754,42.79,14818.8184,15907.7076,0
2755,42.84,15055.4088,15907.7076,0
2756,42.89,15055.4088,15907.7076,0
2757,42.94,15055.4088,15907.7076,0
2758,43.00,15055.4088,15907.7076,0
2759,43.05,15055.4088,15907.7076,0
2760,43.09,15270.2077,15907.7076,0
2761,43.14,15270.2077,15907.7076,0
2762,43.19,15270.2077,15907.7076,0
2763,43.24,15270.2077,15907.7076,0
2764,43.29,15270.2077,15907.7076,0
2765,43.34,15270.2077,15907.7076,0
2766,43.38,15270.2077,15907.7076,0
2767,43.43,15270.2077,15907.7076,0
2768,43.47,15270.2077,15907.7076,0
2769,43.51,15469.8621,15907.7076,0
2770,43.56,15469.8621,15907.7076,0
2771,43.61,15806.6046,15907.7076,0
2772,43.65,15806.6046,15907.7076,0
2773,43.69,15806.6046,15907.7076,0
2774,43.73,15815.4921,15907.7076,0
2775,43.78,15815.4921,15907.7076,0
2776,43.81,15873.2708,15907.7076,0
2777,43.85,15891.5031,15907.7076,0
2778,43.90,15891.5031,15907.7076,0
2779,43.95,15891.5031,15907.7076,0
2780,44.02,15891.5031,15907.7076,0
2781,44.06,15891.7631,15907.7076,0
2782,44.11,15891.7631,15907.7076,0
2783,44.14,15891.7631,15907.7076,0
2784,44.16,15891.7631,15907.7076,0
2785,44.19,15891.7631,15907.7076,0
2786,44.23,15891.7631,15907.7076,0
2787,44.27,15891.7631,15907.7076,0
2788,44.30,15891.7631,15907.7076,0
2789,44.34,15891.7631,15907.7076,0
2790,44.37,15891.7631,15907.7076,0
2791,44.40,15891.7631,15907.7076,0
2792,44.43,15891.7631,15907.7076,0
2794,44.47,15891.7631,15907.7076,0
2795,44.50,15891.7631,15907.7076,0
2796,44.55,15891.7631,15907.7076,0
2797,44.58,15891.7631,15907.7076,0
2798,44.63,15891.7631,15907.7076,0
2799,44.66,15891.7631,15907.7076,0
2800,44.70,15891.7631,15907.7076,0
2801,44.74,15891.7631,15907.7076,0
2802,44.74,15891.7631,15907.7076,0
2803,44.79,15891.7631,15907.7076,0
2805,44.79,15891.7631,15907.7076,0
2806,44.79,15891.7631,15907.7076,0
2808,44.79,15891.7631,15907.7076,0
2809,44.83,15891.7631,15907.7076,0
2810,44.87,15891.7631,15907.7076,0
2811,44.90,15891.7631,15907.7076,0
2815,44.94,15891.7631,15907.7076,0
2820,44.94,15891.7631,15907.7076,0
2821,44.97,15891.7631,15907.7076,0
2823,45.01,15891.7631,15907.7076,0
2825,45.05,15891.7631,15907.7076,0
2826,45.09,15891.7631,15907.7076,0
2828,45.09,15891.7631,15907.7076,0
2829,45.12,15891.7631,15907.7076,0
2832,45.16,15891.7631,15907.7076,0
2833,45.20,15891.7631,15907.7076,0
2834,45.23,15891.7631,15907.7076,0
2835,45.26,15891.7631,15907.7076,0
2836,45.30,15891.7631,15907.7076,0
2837,45.34,15891.7631,15907.7076,0
2841,45.38,15891.7631,15907.7076,0
2842,45.43,15891.7631,15907.7076,0
2857,45.48,15891.7631,15907.7076,0
2860,45.52,15891.7631,15907.7076,0
2864,45.55,15891.7631,15907.7076,0
2871,45.58,15891.7631,15907.7076,0
2872,45.58,15907.7076,15907.7076,1
2873,45.69,14931.6863,15907.7076,0
2874,45.73,14931.6863,15907.7076,0
2875,45.79,14975.8903,15907.7076,0
2876,45.84,15139.6927,15907.7076,0
2877,45.89,15262.0861,15907.7076,0
2878,45.92,15278.8523,15907.7076,0
2879,45.97,15278.8523,15907.7076,0
2880,46.01,15278.8523,15907.7076,0
2882,46.05,15283.8289,15907.7076,0
2883,46.10,15283.8289,15907.7076,0
2887,46.15,15298.4978,15907.7076,0
2888,46.20,15298.4978,15907.7076,0
2889,46.23,15298.4978,15907.7076,0
2890,46.27,15298.4978,15907.7076,0
2891,46.32,15298.4978,15907.7076,0
2892,46.36,15530.9399,15907.7076,0
2893,46.42,15530.9399,15907.7076,0
2894,46.48,15530.9399,15907.7076,0
2895,46.53,15530.9399,15907.7076,0
2896,46.58,15530.9399,15907.7076,0
2897,46.63,15552.8178,15907.7076,0
2898,46.69,15552.8178,15907.7076,0
2899,46.75,15552.8178,15907.7076,0
2900,46.80,15552.8178,15907.7076,0
2901,46.85,15552.8178,15907.7076,0
2902,46.88,15688.1912,15907.7076,0
2903,46.92,15688.1912,15907.7076,0
2904,46.97,15688.1912,15907.7076,0
2905,47.02,15688.1912,15907.7076,0
2906,47.05,15688.1912,15907.7076,0
2907,47.11,15688.1912,15907.7076,0
2908,47.15,15788.1069,15907.7076,0
2909,47.20,15788.1069,15907.7076,0
2911,47.27,15788.1069,15907.7076,0
2914,47.29,15788.1069,15907.7076,0
2916,47.32,15788.1069,15907.7076,0
2918,47.35,15788.1069,15907.7076,0
2919,47.35,15788.1069,15907.7076,0
2921,47.35,15788.1069,15907.7076,0
2922,47.39,15788.1069,15907.7076,0
2923,47.43,15797.1983,15907.7076,0
2924,47.48,15797.1983,15907.7076,0
2925,47.52,15797.1983,15907.7076,0
2926,47.56,16005.8218,16005.8218,0
2927,47.60,16104.7555,16104.7555,0
2928,47.65,16104.7555,16104.7555,0
2930,47.69,16104.7555,16104.7555,0
2931,47.71,16104.7555,16104.7555,0
2932,47.74,16104.7555,16104.7555,0
2934,47.78,16104.7555,16104.7555,0
2935,47.78,16104.7555,16104.7555,0
2936,47.78,16104.7555,16104.7555,0
2937,47.82,16104.7555,16104.7555,0
2941,47.85,16104.7555,16104.7555,0
2942,47.91,16104.7555,16104.7555,0
2943,47.94,16104.7555,16104.7555,0
2953,47.98,16104.7555,16104.7555,0
2956,48.02,16104.7555,16104.7555,0
2960,48.05,16104.7555,16104.7555,0
2963,48.10,16104.7555,16104.7555,0
2964,48.14,16104.7555,16104.7555,0
2973,48.18,16104.7555,16104.7555,0
2975,48.21,16118.3852,16118.3852,0
2976,48.26,16118.3852,16118.3852,0
2979,48.32,16118.3852,16118.3852,0
2980,48.37,16118.3852,16118.3852,0
2982,48.42,16118.3852,16118.3852,0
2983,48.47,16118.3852,16118.3852,0
2985,48.51,16118.3852,16118.3852,0
2986,48.55,16118.3852,16118.3852,0
2987,48.55,16118.3852,16118.3852,0
2988,48.55,16118.3852,16118.3852,0
2989,48.55,16118.3852,16118.3852,0
2990,48.55,16118.3852,16118.3852,0
2992,48.59,16118.3852,16118.3852,0
2994,48.63,16118.3852,16118.3852,0
2995,48.64,16118.3852,16118.3852,0
2997,48.68,16118.3852,16118.3852,0
2999,48.73,16118.3852,16118.3852,0
3001,48.74,16118.3852,16118.3852,0
3003,48.77,16118.3852,16118.3852,0
3004,48.81,16118.3852,16118.3852,0
3005,48.85,16118.3852,16118.3852,0
3007,48.89,16118.3852,16118.3852,0
3008,48.93,16118.3852,16118.3852,0
3013,48.98,16118.3852,16118.3852,0
3015,49.03,16118.3852,16118.3852,0
3019,49.08,16118.3852,16118.3852,0
3024,49.12,16118.3852,16118.3852,0
3028,49.16,16118.3852,16118.3852,0
3031,49.20,16124.3208,16124.3208,0
3032,49.24,16124.3208,16124.3208,0
3033,49.28,16124.3208,16124.3208,0
3035,49.32,16124.3208,16124.3208,0
3036,49.39,16124.3208,16124.3208,0
3037,49.42,16124.3208,16124.3208,0
3039,49.46,16124.3208,16124.3208,0
3041,49.48,16124.3208,16124.3208,0
3042,49.48,16124.3208,16124.3208,0
3043,49.52,16124.3208,16124.3208,0
3044,49.56,16124.3208,16124.3208,0
3046,49.60,16124.3208,16124.3208,0
3047,49.65,16124.3208,16124.3208,0
3048,49.69,16124.3208,16124.3208,0
3053,49.69,16124.3208,16124.3208,0
3054,49.69,16124.3208,16124.3208,0
3056,49.74,16124.3208,16124.3208,0
3058,49.74,16124.3208,16124.3208,0
3059,49.77,16124.3208,16124.3208,0
3061,49.82,16124.3208,16124.3208,0
3062,49.85,16124.3208,16124.3208,0
3068,49.89,16124.3208,16124.3208,0
3071,49.94,16124.3208,16124.3208,0
3079,49.99,16124.3208,16124.3208,0
3090,50.03,16124.3208,16124.3208,0
3091,50.03,16124.3208,16124.3208,0
3093,50.07,16124.3208,16124.3208,0
3098,50.10,16124.3208,16124.3208,0
3104,50.16,16124.3208,16124.3208,0
3108,50.21,16124.3208,16124.3208,0
3109,50.25,16124.3208,16124.3208,0
3110,50.29,16124.3208,16124.3208,0
3111,50.33,16124.3208,16124.3208,0
3114,50.37,16124.3208,16124.3208,0
3119,50.41,16124.3208,16124.3208,0
3121,50.45,16124.3208,16124.3208,0
3122,50.49,16124.3208,16124.3208,0
3124,50.55,16124.3208,16124.3208,0
3125,50.55,16124.3208,16124.3208,1
3126,50.65,15918.4927,16124.3208,0
3127,50.69,16124.3208,16124.3208,0
3128,50.71,16124.3208,16124.3208,0
3130,50.72,16124.3208,16124.3208,0
3131,50.73,16124.3208,16124.3208,0
3133,50.73,16124.3208,16124.3208,0
3134,50.73,16124.3208,16124.3208,0
3135,50.73,16124.3208,16124.3208,0
3136,50.74,16124.3208,16124.3208,0
3137,50.74,16124.3208,16124.3208,0
3138,50.74,16124.3208,16124.3208,0
3140,50.74,16124.3208,16124.3208,0
3143,50.74,16124.3208,16124.3208,0
3150,50.74,16124.3208,16124.3208,0
3153,50.74,16124.3208,16124.3208,0
3154,50.74,16124.3208,16124.3208,0
3157,50.74,16124.3208,16124.3208,0
3158,50.74,16124.3208,16124.3208,0
3162,50.74,16124.3208,16124.3208,0
3167,50.74,16124.3208,16124.3208,0
3168,50.74,16124.3208,16124.3208,0
3171,50.74,16124.3208,16124.3208,0
3173,50.74,16124.3208,16124.3208,0
3176,50.74,16124.3208,16124.3208,0
3180,50.74,16124.3208,16124.3208,0
3183,50.74,16124.3208,16124.3208,0
3186,50.74,16124.3208,16124.3208,0
3187,50.74,16124.3208,16124.3208,0
3195,50.74,16124.3208,16124.3208,0
3198,50.74,16124.3208,16124.3208,0
3201,50.74,16124.3208,16124.3208,0
3203,50.74,16124.3208,16124.3208,0
3206,50.74,16124.3208,16124.3208,0
3208,50.74,16124.3208,16124.3208,0
3209,50.74,16124.3208,16124.3208,0
3210,50.74,16124.3208,16124.3208,0
3213,50.74,16124.3208,16124.3208,0
3215,50.74,16124.3208,16124.3208,0
3224,50.74,16124.3208,16124.3208,0
3225,50.74,16124.3208,16124.3208,1
3226,50.84,15966.2334,16124.3208,0
3227,50.89,16124.3208,16124.3208,0
3228,50.90,16124.3208,16124.3208,0
3229,50.91,16124.3208,16124.3208,0
3230,50.91,16124.3208,16124.3208,0
3231,50.91,16124.3208,16124.3208,0
3232,50.91,16124.3208,16124.3208,0
3233,50.92,16124.3208,16124.3208,0
3234,50.92,16124.3208,16124.3208,0
3235,50.92,16124.3208,16124.3208,0
3237,50.93,16124.3208,16124.3208,0
3238,50.93,16124.3208,16124.3208,0
3239,50.93,16124.3208,16124.3208,0
3240,50.93,16124.3208,16124.3208,0
3241,50.93,16124.3208,16124.3208,0
3242,50.93,16124.3208,16124.3208,0
3243,50.93,16124.3208,16124.3208,0
3244,50.93,16124.3208,16124.3208,0
3252,50.93,16124.3208,16124.3208,0
3253,50.93,16124.3208,16124.3208,0
3267,50.93,16124.3208,16124.3208,0
3268,50.93,16124.3208,16124.3208,0
3269,50.93,16124.3208,16124.3208,0
3272,50.93,16124.3208,16124.3208,0
3276,50.93,16124.3208,16124.3208,0
3279,50.93,16124.3208,16124.3208,0
3280,50.93,16124.3208,16124.3208,0
3281,50.93,16124.3208,16124.3208,0
3283,50.93,16124.3208,16124.3208,0
3292,50.93,16124.3208,16124.3208,0
3294,50.93,16124.3208,16124.3208,0
3296,50.93,16124.3208,16124.3208,0
3300,50.93,16124.3208,16124.3208,0
3306,50.93,16124.3208,16124.3208,0
3307,50.93,16124.3208,16124.3208,0
3309,50.93,16124.3208,16124.3208,0
3314,50.93,16124.3208,16124.3208,0
3316,50.93,16124.3208,16124.3208,0
3317,50.93,16124.3208,16124.3208,0
3318,50.93,16124.3208,16124.3208,1
3319,51.02,15760.0488,16124.3208,0
3320,51.07,15760.0488,16124.3208,0
3321,51.12,15938.7349,16124.3208,0
3322,51.17,15938.7349,16124.3208,0
3323,51.20,15938.7349,16124.3208,0
3324,51.26,15946.2724,16124.3208,0
3325,51.32,15946.2724,16124.3208,0
3326,51.37,15946.2724,16124.3208,0
3327,51.41,15946.2724,16124.3208,0
3328,51.42,15946.2724,16124.3208,0
3329,51.47,15946.2724,16124.3208,0
3330,51.51,15983.2065,16124.3208,0
3331,51.56,15983.2065,16124.3208,0
3332,51.61,16124.3208,16124.3208,0
3335,51.62,16124.3208,16124.3208,0
3336,51.62,16124.3208,16124.3208,0
3337,51.64,16124.3208,16124.3208,0
3338,51.64,16124.3208,16124.3208,0
3340,51.64,16124.3208,16124.3208,0
3341,51.65,16124.3208,16124.3208,0
3342,51.65,16124.3208,16124.3208,0
3344,51.65,16124.3208,16124.3208,0
3347,51.65,16124.3208,16124.3208,0
3348,51.65,16124.3208,16124.3208,0
3349,51.65,16124.3208,16124.3208,0
3351,51.65,16124.3208,16124.3208,0
3353,51.65,16124.3208,16124.3208,0
3356,51.65,16124.3208,16124.3208,0
3357,51.65,16124.3208,16124.3208,0
3358,51.65,16124.3208,16124.3208,0
3367,51.65,16124.3208,16124.3208,0
3368,51.65,16124.3208,16124.3208,0
3369,51.65,16124.3208,16124.3208,0
3370,51.65,16124.3208,16124.3208,0
3373,51.65,16124.3208,16124.3208,0
3375,51.65,16124.3208,16124.3208,0
3380,51.65,16124.3208,16124.3208,0
3382,51.65,16124.3208,16124.3208,0
3387,51.65,16124.3208,16124.3208,0
3388,51.65,16124.3208,16124.3208,0
3390,51.65,16124.3208,16124.3208,0
3392,51.65,16124.3208,16124.3208,0
3393,51.65,16124.3208,16124.3208,0
3394,51.65,16124.3208,16124.3208,0
3395,51.65,16124.3208,16124.3208,0
3396,51.65,16124.3208,16124.3208,0
3400,51.65,16124.3208,16124.3208,0
3404,51.65,16124.3208,16124.3208,0
3406,51.65,16124.3208,16124.3208,0
3409,51.65,16124.3208,16124.3208,0
3416,51.65,16124.3208,16124.3208,0
3417,51.65,16124.3208,16124.3208,1
3418,51.75,15758.4918,16124.3208,0
3419,51.81,15936.6860,16124.3208,0
3420,51.88,15936.6860,16124.3208,0
3421,51.92,15955.6707,16124.3208,0
3422,51.97,16028.5654,16124.3208,0
3423,52.03,16028.5654,16124.3208,0
3424,52.10,16028.5654,16124.3208,0
3426,52.14,16028.5654,16124.3208,0
3427,52.19,16028.5654,16124.3208,0
3428,52.23,16028.5654,16124.3208,0
3429,52.27,16028.5654,16124.3208,0
3430,52.32,16028.5654,16124.3208,0
3431,52.32,16028.5654,16124.3208,0
3432,52.32,16028.5654,16124.3208,0
3433,52.35,16028.5654,16124.3208,0
3434,52.35,16028.5654,16124.3208,0
3435,52.40,16028.5654,16124.3208,0
3439,52.40,16028.5654,16124.3208,0
3440,52.40,16028.5654,16124.3208,0
3441,52.45,16028.5654,16124.3208,0
3442,52.48,16028.5654,16124.3208,0
3443,52.48,16028.5654,16124.3208,0
3444,52.52,16028.5654,16124.3208,0
3446,52.52,16028.5654,16124.3208,0
3448,52.52,16028.5654,16124.3208,0
3450,52.56,16028.5654,16124.3208,0
3451,52.56,16028.5654,16124.3208,0
3454,52.60,16028.5654,16124.3208,0
3457,52.64,16028.5654,16124.3208,0
3462,52.69,16028.5654,16124.3208,0
3474,52.74,16028.5654,16124.3208,0
3483,52.77,16028.5654,16124.3208,0
3484,52.83,16028.5654,16124.3208,0
3494,52.89,16028.5654,16124.3208,0
3496,52.95,16028.5654,16124.3208,0
3498,53.01,16028.5654,16124.3208,0
3500,53.06,16028.5654,16124.3208,0
3502,53.10,16028.5654,16124.3208,0
3511,53.14,16028.5654,16124.3208,0
3512,53.19,16028.5654,16124.3208,0
3514,53.23,16028.5654,16124.3208,0
3516,53.27,16028.5654,16124.3208,0
3539,53.31,16028.5654,16124.3208,0
3547,53.36,16028.5654,16124.3208,0
3548,53.40,16028.5654,16124.3208,0
3551,53.43,16028.5654,16124.3208,0
3552,53.48,16028.5654,16124.3208,0
3553,53.48,16124.3208,16124.3208,1
3554,53.59,15299.0982,16124.3208,0
3555,53.64,15299.0982,16124.3208,0
3556,53.70,15481.2597,16124.3208,0
3557,53.74,15551.5901,16124.3208,0
3558,53.82,15551.5901,16124.3208,0
3559,53.86,15625.2655,16124.3208,0
3560,53.92,15625.2655,16124.3208,0
3561,53.97,15625.2655,16124.3208,0
3562,54.04,15625.2655,16124.3208,0
3563,54.08,15625.2655,16124.3208,0
3564,54.12,15905.1880,16124.3208,0
3565,54.16,15917.6400,16124.3208,0
3567,54.23,15917.6400,16124.3208,0
3569,54.28,15917.6400,16124.3208,0
3570,54.32,15917.6400,16124.3208,0
3571,54.36,15917.6400,16124.3208,0
3572,54.39,15917.6400,16124.3208,0
3573,54.42,15917.6400,16124.3208,0
3574,54.45,15917.6400,16124.3208,0
3575,54.48,15917.6400,16124.3208,0
3576,54.52,15917.6400,16124.3208,0
3577,54.56,15917.6400,16124.3208,0
3578,54.60,15923.8473,16124.3208,0
3579,54.64,16027.4660,16124.3208,0
3580,54.69,16027.4660,16124.3208,0
3581,54.75,16027.4660,16124.3208,0
3582,54.79,16027.4660,16124.3208,0
3583,54.83,16027.4660,16124.3208,0
3584,54.87,16042.6862,16124.3208,0
3585,54.93,16042.6862,16124.3208,0
3586,54.98,16042.6862,16124.3208,0
3587,55.02,16042.6862,16124.3208,0
3588,55.07,16042.6862,16124.3208,0
3591,55.07,16042.6862,16124.3208,0
3593,55.11,16042.6862,16124.3208,0
3594,55.15,16042.6862,16124.3208,0
3596,55.18,16042.6862,16124.3208,0
3597,55.18,16042.6862,16124.3208,0
3598,55.24,16042.6862,16124.3208,0
3599,55.29,16042.6862,16124.3208,0
3600,55.29,16042.6862,16124.3208,0
3603,55.33,16042.6862,16124.3208,0
3604,55.37,16042.6862,16124.3208,0
3606,55.37,16042.6862,16124.3208,0
3607,55.40,16042.6862,16124.3208,0
3609,55.44,16042.6862,16124.3208,0
3610,55.49,16042.6862,16124.3208,0
3611,55.53,16042.6862,16124.3208,0
3612,55.56,16042.6862,16124.3208,0
3616,55.56,16042.6862,16124.3208,0
3617,55.59,16042.6862,16124.3208,0
3618,55.63,16042.6862,16124.3208,0
3619,55.67,16042.6862,16124.3208,0
3621,55.70,16042.6862,16124.3208,0
3623,55.74,16042.6862,16124.3208,0
3624,55.77,16042.6862,16124.3208,0
3625,55.77,16042.6862,16124.3208,0
3626,55.77,16042.6862,16124.3208,0
3627,55.81,16056.3950,16124.3208,0
3628,55.84,16056.3950,16124.3208,0
3629,55.91,16056.3950,16124.3208,0
3630,55.96,16056.3950,16124.3208,0
3631,56.02,16056.3950,16124.3208,0
3633,56.06,16056.3950,16124.3208,0
3634,56.10,16056.3950,16124.3208,0
3635,56.10,16056.3950,16124.3208,0
3636,56.14,16056.3950,16124.3208,0
3637,56.17,16056.3950,16124.3208,0
3638,56.21,16056.3950,16124.3208,0
3639,56.24,16056.3950,16124.3208,0
3640,56.27,16056.3950,16124.3208,0
3642,56.27,16056.3950,16124.3208,0
3643,56.31,16056.3950,16124.3208,0
3645,56.31,16056.3950,16124.3208,0
3646,56.31,16056.3950,16124.3208,0
3652,56.36,16056.3950,16124.3208,0
3655,56.36,16056.3950,16124.3208,0
3656,56.36,16056.3950,16124.3208,0
3657,56.40,16056.3950,16124.3208,0
3662,56.46,16056.3950,16124.3208,0
3668,56.49,16056.3950,16124.3208,0
3670,56.53,16056.3950,16124.3208,0
3671,56.58,16056.3950,16124.3208,0
3679,56.62,16056.3950,16124.3208,0
3680,56.66,16056.3950,16124.3208,0
3686,56.71,16056.3950,16124.3208,0
3691,56.74,16056.3950,16124.3208,0
3708,56.78,16056.3950,16124.3208,0
3709,56.83,16056.3950,16124.3208,0
3714,56.87,16056.3950,16124.3208,0
3715,56.91,16056.3950,16124.3208,0
3721,56.95,16056.3950,16124.3208,0
3723,56.98,16056.3950,16124.3208,0
3725,57.02,16056.3950,16124.3208,0
3726,57.06,16056.3950,16124.3208,0
3727,57.06,16124.3208,16124.3208,1
3728,57.13,14999.8170,16124.3208,0
3729,57.18,14999.8170,16124.3208,0
3730,57.22,14999.8170,16124.3208,0
3731,57.26,15014.3406,16124.3208,0
3732,57.30,15167.2234,16124.3208,0
3733,57.34,15240.9013,16124.3208,0
3734,57.40,15240.9013,16124.3208,0
3735,57.44,15240.9013,16124.3208,0
3736,57.50,15240.9013,16124.3208,0
3737,57.54,15240.9013,16124.3208,0
3738,57.58,15240.9013,16124.3208,0
3739,57.61,15240.9013,16124.3208,0
3740,57.65,15240.9013,16124.3208,0
3741,57.70,15240.9013,16124.3208,0
3742,57.74,15240.9013,16124.3208,0
3743,57.74,15240.9013,16124.3208,0
3744,57.78,15240.9013,16124.3208,0
3745,57.81,15240.9013,16124.3208,0
3746,57.85,15240.9013,16124.3208,0
3747,57.85,15240.9013,16124.3208,0
3748,57.89,15240.9013,16124.3208,0
3749,57.93,15438.8146,16124.3208,0
3750,57.98,15438.8146,16124.3208,0
3751,58.05,15438.8146,16124.3208,0
3752,58.08,15541.0539,16124.3208,0
3753,58.15,15541.0539,16124.3208,0
3754,58.18,15541.0539,16124.3208,0
3755,58.23,15579.9015,16124.3208,0
3756,58.27,15579.9015,16124.3208,0
3757,58.31,15579.9015,16124.3208,0
3758,58.37,15784.4654,16124.3208,0
3759,58.45,15784.4654,16124.3208,0
3760,58.51,15884.0334,16124.3208,0
3761,58.58,15884.0334,16124.3208,0
3762,58.65,15884.0334,16124.3208,0
3763,58.69,15884.0334,16124.3208,0
3764,58.76,16017.6118,16124.3208,0
3765,58.82,16017.6118,16124.3208,0
3766,58.88,16022.8433,16124.3208,0
3767,58.94,16231.1426,16231.1426,0
3768,59.01,16231.1426,16231.1426,0
3769,59.06,16239.8192,16239.8192,0
3770,59.12,16267.9620,16267.9620,0
3771,59.21,16267.9620,16267.9620,0
3772,59.27,16283.5362,16283.5362,0
3773,59.33,16292.1645,16292.1645,0
3775,59.38,16310.5024,16310.5024,0
3776,59.42,16310.5024,16310.5024,0
3778,59.47,16310.5024,16310.5024,0
3780,59.56,16310.5024,16310.5024,0
3781,59.61,16310.5024,16310.5024,0
3782,59.63,16310.5024,16310.5024,0
3783,59.67,16310.5024,16310.5024,0
3784,59.71,16310.5024,16310.5024,0
3785,59.76,16310.5024,16310.5024,0
3786,59.80,16310.5024,16310.5024,0
3787,59.84,16310.5024,16310.5024,0
3788,59.88,16315.3458,16315.3458,0
3789,59.97,16317.6914,16317.6914,0
3790,60.02,16317.6914,16317.6914,0
3791,60.10,16317.6914,16317.6914,0
3792,60.16,16317.6914,16317.6914,0
3793,60.20,16317.6914,16317.6914,0
3794,60.26,16317.6914,16317.6914,0
3795,60.26,16317.6914,16317.6914,0
3796,60.30,16317.6914,16317.6914,0
3798,60.31,16317.6914,16317.6914,0
3799,60.31,16317.6914,16317.6914,0
3801,60.35,16317.6914,16317.6914,0
3804,60.40,16317.6914,16317.6914,0
3805,60.40,16317.6914,16317.6914,0
3807,60.40,16317.6914,16317.6914,0
3809,60.44,16317.6914,16317.6914,0
3812,60.44,16317.6914,16317.6914,0
3816,60.51,16317.6914,16317.6914,0
3819,60.55,16317.6914,16317.6914,0
3820,60.59,16317.6914,16317.6914,0
3828,60.63,16317.6914,16317.6914,0
3834,60.67,16317.6914,16317.6914,0
3838,60.70,16317.6914,16317.6914,0
3839,60.76,16317.6914,16317.6914,0
3840,60.81,16317.6914,16317.6914,0
3842,60.85,16317.6914,16317.6914,0
3845,60.90,16317.6914,16317.6914,0
3846,60.95,16317.6914,16317.6914,0
3851,61.00,16317.6914,16317.6914,0
3855,61.04,16317.6914,16317.6914,0
3856,61.09,16317.6914,16317.6914,0
3858,61.14,16317.6914,16317.6914,0
3861,61.20,16317.6914,16317.6914,0
3863,61.23,16317.6914,16317.6914,0
3866,61.28,16317.6914,16317.6914,0
3868,61.34,16317.6914,16317.6914,0
3869,61.39,16317.6914,16317.6914,0
3876,61.44,16317.6914,16317.6914,0
3878,61.49,16317.6914,16317.6914,0
3880,61.53,16317.6914,16317.6914,0
3886,61.58,16317.6914,16317.6914,0
3887,61.58,16317.6914,16317.6914,1
3888,61.71,16111.8655,16317.6914,0
3889,61.78,16317.6914,16317.6914,0
3891,61.78,16317.6914,16317.6914,0
3892,61.78,16317.6914,16317.6914,0
3893,61.78,16317.6914,16317.6914,0
3894,61.78,16317.6914,16317.6914,0
3895,61.81,16317.6914,16317.6914,0
3896,61.84,16317.6914,16317.6914,0
3897,61.84,16317.6914,16317.6914,0
3898,61.84,16317.6914,16317.6914,0
3899,61.84,16317.6914,16317.6914,0
3900,61.84,16317.6914,16317.6914,0
3902,61.84,16317.6914,16317.6914,0
3903,61.84,16317.6914,16317.6914,0
3906,61.84,16317.6914,16317.6914,0
3907,61.84,16317.6914,16317.6914,0
3908,61.84,16317.6914,16317.6914,0
3909,61.84,16317.6914,16317.6914,0
3910,61.84,16317.6914,16317.6914,0
3911,61.84,16317.6914,16317.6914,0
3912,61.84,16317.6914,16317.6914,0
3913,61.84,16317.6914,16317.6914,0
3914,61.84,16317.6914,16317.6914,0
3916,61.84,16317.6914,16317.6914,0
3917,61.84,16317.6914,16317.6914,0
3918,61.84,16317.6914,16317.6914,0
3920,61.84,16317.6914,16317.6914,0
3921,61.84,16317.6914,16317.6914,0
3927,61.84,16317.6914,16317.6914,0
3930,61.84,16317.6914,16317.6914,0
3935,61.84,16317.6914,16317.6914,0
3936,61.84,16317.6914,16317.6914,0
3939,61.84,16317.6914,16317.6914,0
3943,61.84,16317.6914,16317.6914,0
3946,61.84,16317.6914,16317.6914,0
3952,61.84,16317.6914,16317.6914,0
3962,61.84,16317.6914,16317.6914,0
3963,61.84,16317.6914,16317.6914,0
3970,61.84,16317.6914,16317.6914,0
3971,61.84,16317.6914,16317.6914,0
3973,61.84,16317.6914,16317.6914,0
3974,61.84,16317.6914,16317.6914,1
3975,61.93,16118.3993,16317.6914,0
3976,61.97,16278.4853,16317.6914,0
3977,62.02,16290.8990,16317.6914,0
3980,62.09,16290.8990,16317.6914,0
3982,62.16,16290.8990,16317.6914,0
3983,62.20,16290.8990,16317.6914,0
3984,62.24,16290.8990,16317.6914,0
3985,62.24,16290.8990,16317.6914,0
3986,62.29,16290.8990,16317.6914,0
3987,62.29,16290.8990,16317.6914,0
3988,62.34,16290.8990,16317.6914,0
3989,62.34,16290.8990,16317.6914,0
3991,62.34,16290.8990,16317.6914,0
3992,62.38,16290.8990,16317.6914,0
4000,62.43,16290.8990,16317.6914,0
4012,62.47,16290.8990,16317.6914,0
4016,62.50,16290.8990,16317.6914,0
4019,62.55,16290.8990,16317.6914,0
4049,62.59,16290.8990,16317.6914,0
4052,62.62,16290.8990,16317.6914,0
4055,62.67,16290.8990,16317.6914,0
4058,62.70,16290.8990,16317.6914,0
4068,62.74,16290.8990,16317.6914,0
4072,62.78,16290.8990,16317.6914,0
4080,62.82,16290.8990,16317.6914,0
4092,62.87,16290.8990,16317.6914,0
4095,62.91,16290.8990,16317.6914,0
4096,62.95,16290.8990,16317.6914,0
4102,62.99,16290.8990,16317.6914,0
4113,63.03,16290.8990,16317.6914,0
4116,63.07,16290.8990,16317.6914,0
4119,63.11,16290.8990,16317.6914,0
4120,63.15,16290.8990,16317.6914,0
4123,63.19,16290.8990,16317.6914,0
4137,63.23,16290.8990,16317.6914,0
4138,63.28,16290.8990,16317.6914,0
4139,63.28,16317.6914,16317.6914,1
4140,63.37,15953.3845,16317.6914,0
4141,63.42,15962.6112,16317.6914,0
4142,63.44,15962.6112,16317.6914,0
4143,63.48,15962.6112,16317.6914,0
4144,63.51,15962.6112,16317.6914,0
4145,63.56,15974.0479,16317.6914,0
4146,63.60,15974.0479,16317.6914,0
4147,63.67,15974.0479,16317.6914,0
4150,63.74,15974.0479,16317.6914,0
4151,63.78,15974.0479,16317.6914,0
4152,63.82,15974.0479,16317.6914,0
4154,63.86,15974.0479,16317.6914,0
4155,63.86,15974.0479,16317.6914,0
4156,63.90,15974.0479,16317.6914,0
4158,63.94,15974.0479,16317.6914,0
4161,63.94,15974.0479,16317.6914,0
4162,63.98,15974.0479,16317.6914,0
4163,63.98,15974.0479,16317.6914,0
4164,63.98,15974.0479,16317.6914,0
4165,64.02,15974.0479,16317.6914,0
4167,64.02,15974.0479,16317.6914,0
4168,64.06,15974.0479,16317.6914,0
4174,64.09,15974.0479,16317.6914,0
4175,64.09,15974.0479,16317.6914,0
4176,64.13,15974.0479,16317.6914,0
4178,64.17,15974.0479,16317.6914,0
4182,64.21,15974.0479,16317.6914,0
4184,64.25,15974.0479,16317.6914,0
4186,64.30,15974.0479,16317.6914,0
4187,64.34,15974.0479,16317.6914,0
4192,64.38,15974.0479,16317.6914,0
4196,64.41,15974.0479,16317.6914,0
4199,64.45,15974.0479,16317.6914,0
4203,64.49,15974.0479,16317.6914,0
4205,64.52,15974.0479,16317.6914,0
4216,64.56,15974.0479,16317.6914,0
4223,64.60,15974.0479,16317.6914,0
4228,64.64,15974.0479,16317.6914,0
4229,64.68,15974.0479,16317.6914,0
4238,64.74,15976.1814,16317.6914,0
4239,64.80,15976.1814,16317.6914,0
4240,64.86,16011.1567,16317.6914,0
4241,64.90,16011.1567,16317.6914,0
4244,64.96,16011.1567,16317.6914,0
4246,65.04,16011.1567,16317.6914,0
4248,65.09,16018.9561,16317.6914,0
4249,65.11,16018.9561,16317.6914,0
4250,65.19,16018.9561,16317.6914,0
4251,65.24,16018.9561,16317.6914,0
4252,65.28,16018.9561,16317.6914,0
4253,65.34,16056.1992,16317.6914,0
4254,65.42,16056.1992,16317.6914,0
4255,65.50,16056.1992,16317.6914,0
4258,65.56,16056.1992,16317.6914,0
4259,65.62,16056.1992,16317.6914,0
4260,65.66,16056.1992,16317.6914,0
4261,65.72,16056.1992,16317.6914,0
4262,65.77,16056.1992,16317.6914,0
4263,65.82,16145.0198,16317.6914,0
4264,65.88,16145.0198,16317.6914,0
4265,65.95,16182.0549,16317.6914,0
4266,66.03,16182.0549,16317.6914,0
4267,66.09,16182.0549,16317.6914,0
4268,66.15,16182.0549,16317.6914,0
4269,66.23,16189.4915,16317.6914,0
4270,66.29,16189.4915,16317.6914,0
4272,66.32,16189.4915,16317.6914,0
4273,66.38,16189.4915,16317.6914,0
4275,66.43,16189.4915,16317.6914,0
4276,66.43,16189.4915,16317.6914,0
4277,66.47,16189.4915,16317.6914,0
4278,66.52,16189.4915,16317.6914,0
4279,66.57,16189.4915,16317.6914,0
4280,66.57,16189.4915,16317.6914,0
4281,66.62,16189.4915,16317.6914,0
4282,66.66,16189.4915,16317.6914,0
4283,66.66,16189.4915,16317.6914,0
4284,66.66,16189.4915,16317.6914,0
4285,66.71,16189.4915,16317.6914,0
4287,66.76,16189.4915,16317.6914,0
4288,66.81,16189.4915,16317.6914,0
4291,66.81,16189.4915,16317.6914,0
4293,66.81,16189.4915,16317.6914,0
4298,66.85,16189.4915,16317.6914,0
4314,66.90,16189.4915,16317.6914,0
4324,66.94,16189.4915,16317.6914,0
4326,66.98,16189.4915,16317.6914,0
4335,67.03,16189.4915,16317.6914,0
4337,67.08,16189.4915,16317.6914,0
4342,67.20,16189.4915,16317.6914,0
4346,67.24,16189.4915,16317.6914,0
4357,67.29,16189.4915,16317.6914,0
4359,67.35,16189.4915,16317.6914,0
4360,67.39,16189.4915,16317.6914,0
4386,67.44,16189.4915,16317.6914,0
4399,67.48,16189.4915,16317.6914,0
4400,67.54,16189.4915,16317.6914,0
4401,67.58,16189.4915,16317.6914,0
4402,67.64,16189.4915,16317.6914,0
4405,67.68,16189.4915,16317.6914,0
4406,67.72,16189.4915,16317.6914,0
4407,67.76,16189.4915,16317.6914,0
4408,67.80,16189.4915,16317.6914,0
4410,67.85,16189.4915,16317.6914,0
4415,67.90,16189.4915,16317.6914,0
4424,67.94,16189.4915,16317.6914,0
4425,67.98,16189.4915,16317.6914,0
4426,67.98,16317.6914,16317.6914,1
4427,68.12,15738.5360,16317.6914,0
4428,68.20,15738.5360,16317.6914,0
4429,68.25,15738.5360,16317.6914,0
4430,68.32,15766.5236,16317.6914,0
4431,68.39,15766.5236,16317.6914,0
4432,68.45,15766.5236,16317.6914,0
4433,68.51,15943.6010,16317.6914,0
4434,68.57,15962.7093,16317.6914,0
4435,68.62,16011.1309,16317.6914,0
4437,68.69,16011.1309,16317.6914,0
4438,68.74,16011.1309,16317.6914,0
4439,68.80,16183.9815,16317.6914,0
4440,68.87,16195.2880,16317.6914,0
4442,68.92,16195.2880,16317.6914,0
4443,69.02,16196.4894,16317.6914,0
4444,69.11,16196.4894,16317.6914,0
4445,69.18,16196.4894,16317.6914,0
4446,69.22,16196.4894,16317.6914,0
4447,69.27,16196.4894,16317.6914,0
4448,69.32,16196.4894,16317.6914,0
4449,69.36,16196.4894,16317.6914,0
4450,69.41,16196.4894,16317.6914,0
4451,69.45,16196.4894,16317.6914,0
4452,69.50,16196.4894,16317.6914,0
4453,69.50,16196.4894,16317.6914,0
4454,69.55,16196.4894,16317.6914,0
4455,69.60,16196.4894,16317.6914,0
4456,69.60,16196.4894,16317.6914,0
4457,69.65,16196.4894,16317.6914,0
4458,69.66,16196.4894,16317.6914,0
4459,69.66,16196.4894,16317.6914,0
4460,69.66,16196.4894,16317.6914,0
4461,69.66,16196.4894,16317.6914,0
4464,69.71,16196.4894,16317.6914,0
4470,69.71,16196.4894,16317.6914,0
4472,69.74,16196.4894,16317.6914,0
4473,69.79,16196.4894,16317.6914,0
4478,69.85,16196.4894,16317.6914,0
4482,69.89,16196.4894,16317.6914,0
4484,69.94,16196.4894,16317.6914,0
4486,69.98,16196.4894,16317.6914,0
4487,70.03,16196.4894,16317.6914,0
4488,70.03,16317.6914,16317.6914,1
4489,70.17,15493.4528,16317.6914,0
4490,70.24,15493.9618,16317.6914,0
4491,70.29,15689.4837,16317.6914,0
4492,70.35,15689.4837,16317.6914,0
4493,70.39,15689.4837,16317.6914,0
4494,70.43,15689.4837,16317.6914,0
4495,70.45,15689.4837,16317.6914,0
4496,70.51,15691.1806,16317.6914,0
4497,70.57,15739.6756,16317.6914,0
4498,70.63,15810.0867,16317.6914,0
4499,70.70,15810.0867,16317.6914,0
4500,70.78,15810.0867,16317.6914,0
4501,70.84,15810.0867,16317.6914,0
4502,70.89,15810.0867,16317.6914,0
4503,70.95,15810.0867,16317.6914,0
4504,71.01,16096.4499,16317.6914,0
4505,71.09,16096.4499,16317.6914,0
4506,71.14,16262.5368,16317.6914,0
4511,71.22,16262.5368,16317.6914,0
4512,71.30,16262.5368,16317.6914,0
4513,71.30,16262.5368,16317.6914,0
4514,71.36,16262.5368,16317.6914,0
4515,71.41,16262.5368,16317.6914,0
4516,71.46,16263.6828,16317.6914,0
4519,71.54,16263.6828,16317.6914,0
4522,71.54,16263.6828,16317.6914,0
4523,71.61,16263.6828,16317.6914,0
4524,71.67,16263.6828,16317.6914,0
4525,71.72,16263.6828,16317.6914,0
4526,71.72,16263.6828,16317.6914,0
4527,71.72,16263.6828,16317.6914,0
4528,71.78,16263.6828,16317.6914,0
4529,71.78,16263.6828,16317.6914,0
4530,71.78,16263.6828,16317.6914,0
4532,71.83,16263.6828,16317.6914,0
4538,71.89,16263.6828,16317.6914,0
4539,71.93,16263.6828,16317.6914,0
4544,71.97,16263.6828,16317.6914,0
4545,72.02,16263.6828,16317.6914,0
4546,72.07,16263.6828,16317.6914,0
4552,72.12,16263.6828,16317.6914,0
4553,72.17,16263.6828,16317.6914,0
4564,72.20,16263.6828,16317.6914,0
4568,72.25,16263.6828,16317.6914,0
4569,72.31,16263.6828,16317.6914,0
4581,72.36,16263.6828,16317.6914,0
4582,72.41,16263.6828,16317.6914,0
4583,72.46,16263.6828,16317.6914,0
4586,72.51,16263.6828,16317.6914,0
4590,72.55,16263.6828,16317.6914,0
4599,72.60,16263.6828,16317.6914,0
4604,72.65,16263.6828,16317.6914,0
4605,72.70,16263.6828,16317.6914,0
4613,72.76,16263.6828,16317.6914,0
4614,72.80,16263.6828,16317.6914,0
4615,72.80,16317.6914,16317.6914,1
4616,72.91,15176.7310,16317.6914,0
4617,72.95,15485.4341,16317.6914,0
4618,73.01,15485.4341,16317.6914,0
4619,73.05,15498.5919,16317.6914,0
4620,73.08,15498.5919,16317.6914,0
4621,73.15,15498.5919,16317.6914,0
4622,73.21,15498.5919,16317.6914,0
4623,73.25,15723.9977,16317.6914,0
4624,73.32,15723.9977,16317.6914,0
4625,73.36,15723.9977,16317.6914,0
4626,73.41,15924.0505,16317.6914,0
4627,73.45,15924.0505,16317.6914,0
4628,73.52,15924.0505,16317.6914,0
4629,73.57,15971.9346,16317.6914,0
4630,73.62,15984.8691,16317.6914,0
4631,73.69,15984.8691,16317.6914,0
4632,73.74,15993.1717,16317.6914,0
4634,73.82,15993.1717,16317.6914,0
4635,73.85,15993.1717,16317.6914,0
4636,73.89,15993.1717,16317.6914,0
4637,73.93,15993.1717,16317.6914,0
4638,73.98,15993.1717,16317.6914,0
4639,74.03,15993.1717,16317.6914,0
4640,74.08,15993.1717,16317.6914,0
4641,74.13,15993.1717,16317.6914,0
4642,74.13,15993.1717,16317.6914,0
4643,74.17,15993.1717,16317.6914,0
4644,74.18,15993.1717,16317.6914,0
4645,74.24,15993.1717,16317.6914,0
4647,74.24,15993.1717,16317.6914,0
4648,74.29,15993.1717,16317.6914,0
4653,74.32,15993.1717,16317.6914,0
4657,74.32,15993.1717,16317.6914,0
4666,74.37,15993.1717,16317.6914,0
4669,74.37,15993.1717,16317.6914,0
4670,74.37,15993.1717,16317.6914,0
4675,74.42,15993.1717,16317.6914,0
4676,74.47,15993.1717,16317.6914,0
4685,74.51,15993.1717,16317.6914,0
4686,74.56,15993.1717,16317.6914,0
4691,74.60,15993.1717,16317.6914,0
4692,74.64,15993.1717,16317.6914,0
4696,74.69,15993.1717,16317.6914,0
4699,74.72,15993.1717,16317.6914,0
4710,74.76,15993.1717,16317.6914,0
4711,74.81,15993.1717,16317.6914,0
4712,74.86,15993.1717,16317.6914,0
4721,74.91,15993.1717,16317.6914,0
4722,74.96,15993.1717,16317.6914,0
4726,75.00,15993.1717,16317.6914,0
4731,75.05,15993.1717,16317.6914,0
4732,75.05,16317.6914,16317.6914,1
4733,75.13,15235.7442,16317.6914,0
4734,75.19,15486.8506,16317.6914,0
4735,75.26,15486.8506,16317.6914,0
4736,75.34,15486.8506,16317.6914,0
4737,75.40,15486.8506,16317.6914,0
4738,75.45,15487.9506,16317.6914,0
4739,75.53,15487.9506,16317.6914,0
4740,75.58,15487.9506,16317.6914,0
4741,75.65,15487.9506,16317.6914,0
4742,75.70,15487.9506,16317.6914,0
4743,75.76,15487.9506,16317.6914,0
4744,75.81,15487.9506,16317.6914,0
4745,75.86,15487.9506,16317.6914,0
4746,75.92,15487.9506,16317.6914,0
4747,75.98,15701.5959,16317.6914,0
4748,76.06,15701.5959,16317.6914,0
4749,76.12,15701.5959,16317.6914,0
4750,76.20,15701.5959,16317.6914,0
4751,76.25,15701.5959,16317.6914,0
4752,76.30,15701.5959,16317.6914,0
4753,76.36,15701.5959,16317.6914,0
4754,76.42,15701.5959,16317.6914,0
4755,76.48,15701.5959,16317.6914,0
4756,76.53,15701.5959,16317.6914,0
4757,76.59,15701.5959,16317.6914,0
4758,76.65,15887.7280,16317.6914,0
4759,76.71,16055.3130,16317.6914,0
4760,76.78,16055.3130,16317.6914,0
4761,76.85,16055.3130,16317.6914,0
4762,76.88,16055.3130,16317.6914,0
4763,76.94,16055.3130,16317.6914,0
4764,77.00,16055.3130,16317.6914,0
4765,77.06,16205.6331,16317.6914,0
4766,77.12,16221.5590,16317.6914,0
4767,77.16,16234.3618,16317.6914,0
4768,77.22,16234.3618,16317.6914,0
4769,77.27,16234.3618,16317.6914,0
4772,77.33,16234.3618,16317.6914,0
4774,77.41,16234.3618,16317.6914,0
4775,77.46,16234.3618,16317.6914,0
4776,77.50,16234.3618,16317.6914,0
4777,77.54,16234.3618,16317.6914,0
4778,77.58,16234.3618,16317.6914,0
4779,77.58,16234.3618,16317.6914,0
4780,77.63,16234.3618,16317.6914,0
4781,77.67,16234.3618,16317.6914,0
4782,77.71,16234.3618,16317.6914,0
4783,77.71,16234.3618,16317.6914,0
4784,77.77,16234.3618,16317.6914,0
4786,77.77,16234.3618,16317.6914,0
4787,77.77,16234.3618,16317.6914,0
4789,77.81,16234.3618,16317.6914,0
4790,77.85,16234.3618,16317.6914,0
4791,77.85,16234.3618,16317.6914,0
4792,77.85,16234.3618,16317.6914,0
4793,77.90,16234.3618,16317.6914,0
4794,77.90,16234.3618,16317.6914,0
4795,77.94,16234.3618,16317.6914,0
4796,77.94,16234.3618,16317.6914,0
4797,77.98,16234.3618,16317.6914,0
4798,78.02,16234.3618,16317.6914,0
4802,78.06,16234.3618,16317.6914,0
4804,78.06,16234.3618,16317.6914,0
4807,78.06,16234.3618,16317.6914,0
4811,78.10,16234.3618,16317.6914,0
4812,78.14,16234.3618,16317.6914,0
4813,78.18,16234.3618,16317.6914,0
4817,78.22,16234.3618,16317.6914,0
4825,78.25,16234.3618,16317.6914,0
4835,78.30,16234.3618,16317.6914,0
4836,78.34,16234.3618,16317.6914,0
4837,78.37,16234.3618,16317.6914,0
4839,78.42,16234.3618,16317.6914,0
4843,78.45,16234.3618,16317.6914,0
4854,78.50,16234.3618,16317.6914,0
4859,78.54,16234.3618,16317.6914,0
4861,78.58,16234.3618,16317.6914,0
4862,78.62,16234.3618,16317.6914,0
4866,78.66,16234.3618,16317.6914,0
4871,78.70,16234.3618,16317.6914,0
4883,78.74,16234.3618,16317.6914,0
4890,78.83,16234.3618,16317.6914,0
4891,78.88,16234.3618,16317.6914,0
4893,78.93,16234.3618,16317.6914,0
4894,78.93,16317.6914,16317.6914,1
4895,79.04,15141.5089,16317.6914,0
4896,79.12,15141.5089,16317.6914,0
4897,79.19,15141.5089,16317.6914,0
4898,79.25,15383.7340,16317.6914,0
4899,79.30,15503.7991,16317.6914,0
4900,79.36,15503.7991,16317.6914,0
4901,79.44,15503.7991,16317.6914,0
4902,79.51,15503.7991,16317.6914,0
4903,79.56,15503.7991,16317.6914,0
4904,79.60,15503.7991,16317.6914,0
4905,79.66,15535.0560,16317.6914,0
4906,79.72,15535.0560,16317.6914,0
4907,79.80,15535.0560,16317.6914,0
4908,79.80,15535.0560,16317.6914,0
4909,79.86,15535.0560,16317.6914,0
4910,79.90,15535.0560,16317.6914,0
4911,79.95,15541.9606,16317.6914,0
4912,80.01,15541.9606,16317.6914,0
4913,80.08,15740.6534,16317.6914,0
4914,80.12,15892.4830,16317.6914,0
4915,80.17,16097.8846,16317.6914,0
4916,80.21,16292.8195,16317.6914,0
4917,80.27,16293.0839,16317.6914,0
4918,80.34,16293.0839,16317.6914,0
4920,80.38,16293.0839,16317.6914,0
4921,80.45,16293.0839,16317.6914,0
4922,80.48,16293.0839,16317.6914,0
4923,80.48,16293.0839,16317.6914,0
4924,80.53,16293.0839,16317.6914,0
4925,80.53,16293.0839,16317.6914,0
4926,80.57,16294.2789,16317.6914,0
4927,80.62,16294.2789,16317.6914,0
4928,80.68,16294.2789,16317.6914,0
4929,80.72,16294.2789,16317.6914,0
4930,80.79,16296.7677,16317.6914,0
4931,80.87,16296.7677,16317.6914,0
4932,80.92,16309.1932,16317.6914,0
4933,80.99,16309.1932,16317.6914,0
4936,81.06,16309.1932,16317.6914,0
4937,81.11,16309.1932,16317.6914,0
4940,81.16,16309.1932,16317.6914,0
4941,81.21,16309.1932,16317.6914,0
4942,81.26,16309.1932,16317.6914,0
4943,81.31,16309.1932,16317.6914,0
4945,81.31,16309.1932,16317.6914,0
4946,81.36,16309.1932,16317.6914,0
4950,81.36,16309.1932,16317.6914,0
4952,81.36,16309.1932,16317.6914,0
4955,81.41,16309.1932,16317.6914,0
4957,81.41,16309.1932,16317.6914,0
4958,81.46,16309.1932,16317.6914,0
4959,81.51,16309.1932,16317.6914,0
4960,81.51,16309.1932,16317.6914,0
4961,81.56,16309.1932,16317.6914,0
4962,81.61,16309.1932,16317.6914,0
4963,81.64,16309.1932,16317.6914,0
4969,81.69,16309.1932,16317.6914,0
4970,81.75,16309.1932,16317.6914,0
4971,81.79,16309.1932,16317.6914,0
4973,81.85,16309.1932,16317.6914,0
4983,81.90,16309.1932,16317.6914,0
4984,81.94,16309.1932,16317.6914,0
4986,81.98,16309.1932,16317.6914,0
4987,82.03,16309.1932,16317.6914,0
4988,82.08,16309.1932,16317.6914,0
4991,82.11,16309.1932,16317.6914,0
4998,82.17,16309.1932,16317.6914,0
5004,82.22,16309.1932,16317.6914,0
5005,82.25,16309.1932,16317.6914,0
5017,82.28,16309.1932,16317.6914,0
5022,82.33,16309.1932,16317.6914,0
5028,82.37,16309.1932,16317.6914,0
5032,82.40,16309.1932,16317.6914,0
5035,82.44,16309.1932,16317.6914,0
5036,82.44,16317.6914,16317.6914,1
5037,82.56,14574.9481,16317.6914,0
5038,82.61,14574.9481,16317.6914,0
5039,82.68,14574.9481,16317.6914,0
5040,82.74,14835.4596,16317.6914,0
5041,82.81,14835.4596,16317.6914,0
5042,82.89,14835.4596,16317.6914,0
5043,82.94,14835.4596,16317.6914,0
5044,82.99,14835.4596,16317.6914,0
5045,83.05,14835.4596,16317.6914,0
5046,83.10,14835.4596,16317.6914,0
5047,83.16,14835.4596,16317.6914,0
5048,83.21,14873.4577,16317.6914,0
5049,83.27,14873.4577,16317.6914,0
5050,83.32,14873.4577,16317.6914,0
5051,83.38,15280.4030,16317.6914,0
5052,83.43,15301.9763,16317.6914,0
5053,83.48,15455.9160,16317.6914,0
5054,83.58,15455.9160,16317.6914,0
5055,83.65,15455.9160,16317.6914,0
5056,83.70,15455.9160,16317.6914,0
5057,83.76,15606.4408,16317.6914,0
5058,83.81,15627.0126,16317.6914,0
5062,83.89,15627.0126,16317.6914,0
5063,83.95,15633.9998,16317.6914,0
5064,84.02,15633.9998,16317.6914,0
5065,84.10,15633.9998,16317.6914,0
5066,84.16,15679.2094,16317.6914,0
5067,84.22,15844.0619,16317.6914,0
5069,84.30,15844.0619,16317.6914,0
5070,84.35,15844.0619,16317.6914,0
5071,84.40,15851.3554,16317.6914,0
5072,84.47,15851.3554,16317.6914,0
5073,84.53,15872.0139,16317.6914,0
5074,84.57,15872.0139,16317.6914,0
5075,84.65,15873.1137,16317.6914,0
5076,84.69,15873.1137,16317.6914,0
5077,84.77,15873.1137,16317.6914,0
5078,84.81,15873.1137,16317.6914,0
5079,84.86,15927.0319,16317.6914,0
5080,84.91,15927.0319,16317.6914,0
5081,84.94,15927.0319,16317.6914,0
5082,85.01,15927.0319,16317.6914,0
5083,85.04,15927.0319,16317.6914,0
5084,85.08,15927.0319,16317.6914,0
5087,85.13,15927.0319,16317.6914,0
5089,85.17,15927.0319,16317.6914,0
5090,85.20,15927.0319,16317.6914,0
5091,85.24,15927.0319,16317.6914,0
5092,85.29,15927.0319,16317.6914,0
5093,85.29,15927.0319,16317.6914,0
5094,85.33,15927.0319,16317.6914,0
5095,85.37,15927.0319,16317.6914,0
5097,85.41,15927.0319,16317.6914,0
5099,85.41,15927.0319,16317.6914,0
5100,85.41,15927.0319,16317.6914,0
5101,85.45,15929.6772,16317.6914,0
5103,85.52,15929.6772,16317.6914,0
5105,85.56,15929.6772,16317.6914,0
5106,85.60,15929.6772,16317.6914,0
5107,85.63,15929.6772,16317.6914,0
5108,85.68,15929.9981,16317.6914,0
5109,85.75,15929.9981,16317.6914,0
5110,85.79,15929.9981,16317.6914,0
5111,85.83,15942.7482,16317.6914,0
5112,85.90,15942.7482,16317.6914,0
5113,85.97,15942.7482,16317.6914,0
5114,86.01,15942.7482,16317.6914,0
5115,86.05,15942.7482,16317.6914,0
5116,86.10,15942.7482,16317.6914,0
5117,86.13,15942.7482,16317.6914,0
5118,86.17,15942.7482,16317.6914,0
5120,86.22,15942.7482,16317.6914,0
5121,86.25,15942.7482,16317.6914,0
5122,86.29,15942.7482,16317.6914,0
5123,86.32,15942.7482,16317.6914,0
5124,86.32,15942.7482,16317.6914,0
5125,86.36,15942.7482,16317.6914,0
5127,86.40,15942.7482,16317.6914,0
5129,86.40,15942.7482,16317.6914,0
5130,86.43,15942.7482,16317.6914,0
5131,86.43,15942.7482,16317.6914,0
5132,86.47,15942.7482,16317.6914,0
5133,86.47,15942.7482,16317.6914,0
5134,86.50,15942.7482,16317.6914,0
5135,86.50,15942.7482,16317.6914,0
5136,86.54,15942.7482,16317.6914,0
5137,86.60,15942.7482,16317.6914,0
5140,86.60,15942.7482,16317.6914,0
5141,86.63,15942.7482,16317.6914,0
5142,86.63,15942.7482,16317.6914,0
5143,86.67,15942.7482,16317.6914,0
5145,86.70,15942.7482,16317.6914,0
5147,86.70,15942.7482,16317.6914,0
5148,86.74,15942.7482,16317.6914,0
5149,86.78,15942.7482,16317.6914,0
5151,86.82,15942.7482,16317.6914,0
5152,86.86,15942.7482,16317.6914,0
5154,86.86,15942.7482,16317.6914,0
5155,86.86,15942.7482,16317.6914,0
5159,86.90,15942.7482,16317.6914,0
5169,86.90,15942.7482,16317.6914,0
5170,86.90,15942.7482,16317.6914,0
5171,86.90,15942.7482,16317.6914,0
5172,86.90,15942.7482,16317.6914,0
5179,86.93,15942.7482,16317.6914,0
5180,86.93,16317.6914,16317.6914,1
5181,87.05,14901.6519,16317.6914,0
5182,87.11,14911.2081,16317.6914,0
5183,87.16,15003.4904,16317.6914,0
5184,87.22,15003.4904,16317.6914,0
5185,87.29,15003.4904,16317.6914,0
5186,87.35,15003.4904,16317.6914,0
5187,87.42,15003.4904,16317.6914,0
5188,87.48,15003.4904,16317.6914,0
5189,87.53,15003.4904,16317.6914,0
5190,87.58,15039.3879,16317.6914,0
5191,87.65,15039.3879,16317.6914,0
5192,87.70,15039.3879,16317.6914,0
5193,87.75,15120.0403,16317.6914,0
5194,87.82,15120.0403,16317.6914,0
5195,87.87,15120.0403,16317.6914,0
5196,87.92,15124.5135,16317.6914,0
5197,88.00,15124.5135,16317.6914,0
5198,88.00,15124.5135,16317.6914,0
5199,88.05,15261.5567,16317.6914,0
5200,88.10,15261.5567,16317.6914,0
5201,88.17,15261.5567,16317.6914,0
5203,88.24,15261.5567,16317.6914,0
5205,88.29,15261.5567,16317.6914,0
5206,88.29,15261.5567,16317.6914,0
5207,88.34,15262.1246,16317.6914,0
5208,88.40,15262.1246,16317.6914,0
5209,88.45,15262.1246,16317.6914,0
5210,88.45,15262.1246,16317.6914,0
5211,88.50,15449.6866,16317.6914,0
5212,88.57,15449.6866,16317.6914,0
5213,88.64,15449.6866,16317.6914,0
5214,88.69,15449.6866,16317.6914,0
5215,88.69,15449.6866,16317.6914,0
5219,88.74,15449.6866,16317.6914,0
5221,88.79,15449.6866,16317.6914,0
5222,88.84,15453.8467,16317.6914,0
5223,88.90,15453.8467,16317.6914,0
5224,88.97,15453.8467,16317.6914,0
5225,89.02,15453.8467,16317.6914,0
5226,89.07,15453.8467,16317.6914,0
5227,89.12,15453.8467,16317.6914,0
5228,89.17,15528.8858,16317.6914,0
5229,89.23,15528.8858,16317.6914,0
5230,89.30,15528.8858,16317.6914,0
5231,89.35,15629.2979,16317.6914,0
5233,89.42,15629.2979,16317.6914,0
5234,89.48,15629.2979,16317.6914,0
5236,89.50,15629.2979,16317.6914,0
5237,89.54,15629.2979,16317.6914,0
5240,89.59,15629.2979,16317.6914,0
5241,89.64,15629.2979,16317.6914,0
5242,89.69,15629.2979,16317.6914,0
5243,89.74,15629.2979,16317.6914,0
5244,89.79,15629.2979,16317.6914,0
5246,89.85,15633.0716,16317.6914,0
5247,89.91,15633.0716,16317.6914,0
5248,89.96,15633.0716,16317.6914,0
5249,90.01,15633.0716,16317.6914,0
5250,90.05,15790.7421,16317.6914,0
5251,90.12,15792.6754,16317.6914,0
5252,90.17,15792.6754,16317.6914,0
5253,90.22,15792.6754,16317.6914,0
5254,90.26,15899.2303,16317.6914,0
5255,90.30,16137.3907,16317.6914,0
5256,90.34,16145.9787,16317.6914,0
5258,90.41,16145.9787,16317.6914,0
5259,90.45,16145.9787,16317.6914,0
5261,90.51,16145.9787,16317.6914,0
5262,90.55,16145.9787,16317.6914,0
5263,90.55,16145.9787,16317.6914,0
5266,90.60,16145.9787,16317.6914,0
5267,90.60,16145.9787,16317.6914,0
5269,90.64,16145.9787,16317.6914,0
5270,90.64,16145.9787,16317.6914,0
5271,90.68,16145.9787,16317.6914,0
5273,90.68,16145.9787,16317.6914,0
5274,90.71,16145.9787,16317.6914,0
5277,90.75,16145.9787,16317.6914,0
5279,90.75,16145.9787,16317.6914,0
5280,90.75,16145.9787,16317.6914,0
5281,90.79,16145.9787,16317.6914,0
5285,90.84,16145.9787,16317.6914,0
5287,90.88,16145.9787,16317.6914,0
5290,90.92,16145.9787,16317.6914,0
5297,90.96,16145.9787,16317.6914,0
5299,91.00,16145.9787,16317.6914,0
5300,91.04,16145.9787,16317.6914,0
5303,91.07,16145.9787,16317.6914,0
5306,91.13,16145.9787,16317.6914,0
5307,91.16,16145.9787,16317.6914,0
5311,91.20,16145.9787,16317.6914,0
5316,91.25,16145.9787,16317.6914,0
5322,91.28,16145.9787,16317.6914,0
5325,91.33,16145.9787,16317.6914,0
5327,91.37,16145.9787,16317.6914,0
5329,91.41,16145.9787,16317.6914,0
5334,91.44,16145.9787,16317.6914,0
5335,91.44,16317.6914,16317.6914,1
5336,91.54,14902.8918,16317.6914,0
5337,91.60,14902.8918,16317.6914,0
5338,91.65,14902.8918,16317.6914,0
5339,91.69,14902.8918,16317.6914,0
5340,91.72,14902.8918,16317.6914,0
5341,91.76,14902.8918,16317.6914,0
5342,91.81,14902.8918,16317.6914,0
5343,91.86,15013.1811,16317.6914,0
5344,91.92,15013.1811,16317.6914,0
5345,91.96,15013.1811,16317.6914,0
5346,92.03,15013.1811,16317.6914,0
5347,92.08,15013.1811,16317.6914,0
5348,92.12,15102.4897,16317.6914,0
5349,92.17,15102.4897,16317.6914,0
5350,92.22,15229.3485,16317.6914,0
5351,92.28,15229.3485,16317.6914,0
5352,92.33,15229.3485,16317.6914,0
5353,92.38,15443.1932,16317.6914,0
5354,92.43,15443.1932,16317.6914,0
5355,92.50,15444.2824,16317.6914,0
5356,92.55,15444.2824,16317.6914,0
5357,92.61,15681.0502,16317.6914,0
5358,92.68,15681.0502,16317.6914,0
5359,92.73,15681.0502,16317.6914,0
5360,92.78,15681.0502,16317.6914,0
5361,92.80,15681.0502,16317.6914,0
5362,92.85,15681.0502,16317.6914,0
5363,92.90,15681.0502,16317.6914,0
5364,92.95,15681.0502,16317.6914,0
5365,93.00,15795.6914,16317.6914,0
5366,93.06,15795.6914,16317.6914,0
5367,93.13,15795.6914,16317.6914,0
5368,93.21,15987.1313,16317.6914,0
5369,93.28,15987.1313,16317.6914,0
5370,93.34,16033.7977,16317.6914,0
5371,93.38,16086.8738,16317.6914,0
5372,93.45,16086.8738,16317.6914,0
5373,93.49,16112.0468,16317.6914,0
5374,93.55,16112.0468,16317.6914,0
5375,93.59,16112.0468,16317.6914,0
5376,93.65,16112.0468,16317.6914,0
5377,93.69,16112.0468,16317.6914,0
5378,93.73,16112.0468,16317.6914,0
5380,93.77,16112.0468,16317.6914,0
5381,93.82,16112.0468,16317.6914,0
5382,93.86,16112.0468,16317.6914,0
5383,93.91,16112.0468,16317.6914,0
5384,93.94,16112.0468,16317.6914,0
5385,93.94,16112.0468,16317.6914,0
5386,93.98,16120.6168,16317.6914,0
5388,94.04,16120.6168,16317.6914,0
5389,94.11,16120.6168,16317.6914,0
5390,94.17,16120.6168,16317.6914,0
5391,94.20,16120.6168,16317.6914,0
5392,94.24,16120.6168,16317.6914,0
5393,94.28,16120.6168,16317.6914,0
5394,94.32,16120.6168,16317.6914,0
5395,94.35,16120.6168,16317.6914,0
5398,94.40,16120.6168,16317.6914,0
5399,94.40,16120.6168,16317.6914,0
5400,94.45,16120.6168,16317.6914,0
5402,94.48,16120.6168,16317.6914,0
5405,94.53,16120.6168,16317.6914,0
5407,94.53,16120.6168,16317.6914,0
5408,94.57,16120.6168,16317.6914,0
5409,94.57,16120.6168,16317.6914,0
5411,94.57,16120.6168,16317.6914,0
5412,94.61,16120.6168,16317.6914,0
5418,94.61,16120.6168,16317.6914,0
5419,94.65,16120.6168,16317.6914,0
5420,94.65,16120.6168,16317.6914,0
5422,94.70,16120.6168,16317.6914,0
5423,94.74,16120.6168,16317.6914,0
5431,94.78,16120.6168,16317.6914,0
5435,94.82,16120.6168,16317.6914,0
5437,94.85,16120.6168,16317.6914,0
5440,94.88,16120.6168,16317.6914,0
5443,94.94,16120.6168,16317.6914,0
5448,94.97,16120.6168,16317.6914,0
5449,94.97,16317.6914,16317.6914,1
5450,95.05,13441.8983,16317.6914,0
5451,95.11,13441.8983,16317.6914,0
5452,95.15,13441.8983,16317.6914,0
5453,95.18,13441.8983,16317.6914,0
5454,95.24,13441.8983,16317.6914,0
5455,95.27,13441.8983,16317.6914,0
5456,95.30,13441.8983,16317.6914,0
5457,95.34,13441.8983,16317.6914,0
5458,95.39,13470.5059,16317.6914,0
5459,95.44,13470.5059,16317.6914,0
5460,95.49,13768.7166,16317.6914,0
5461,95.53,14011.0046,16317.6914,0
5462,95.57,14094.3870,16317.6914,0
5463,95.63,14094.3870,16317.6914,0
5464,95.66,14094.3870,16317.6914,0
5465,95.70,14292.1209,16317.6914,0
5466,95.74,14442.2446,16317.6914,0
5467,95.78,14442.2446,16317.6914,0
5468,95.83,14442.4493,16317.6914,0
5469,95.87,14500.6214,16317.6914,0
5470,95.93,14500.6214,16317.6914,0
5471,95.96,14500.9080,16317.6914,0
5472,96.02,14503.0786,16317.6914,0
5473,96.07,14503.0786,16317.6914,0
5474,96.11,14600.8140,16317.6914,0
5475,96.17,14600.8140,16317.6914,0
5476,96.21,14600.8140,16317.6914,0
5477,96.27,14600.8140,16317.6914,0
5478,96.29,14600.8140,16317.6914,0
5479,96.34,14600.8140,16317.6914,0
5480,96.37,14600.8140,16317.6914,0
5482,96.41,14600.8140,16317.6914,0
5484,96.45,14600.8140,16317.6914,0
5485,96.50,14600.8140,16317.6914,0
5486,96.50,14600.8140,16317.6914,0
5487,96.50,14600.8140,16317.6914,0
5489,96.55,14600.8140,16317.6914,0
5490,96.58,14600.8140,16317.6914,0
5491,96.58,14600.8140,16317.6914,0
5492,96.61,14600.8140,16317.6914,0
5493,96.62,14600.8140,16317.6914,0
5494,96.65,14600.8140,16317.6914,0
5496,96.70,14600.8140,16317.6914,0
5500,96.73,14600.8140,16317.6914,0
5507,96.77,14600.8140,16317.6914,0
5509,96.80,14600.8140,16317.6914,0
5517,96.84,14600.8140,16317.6914,0
5519,96.89,14600.8140,16317.6914,0
5521,96.93,14600.8140,16317.6914,0
5535,96.96,14600.8140,16317.6914,0
5538,97.01,14600.8140,16317.6914,0
5550,97.05,14600.8140,16317.6914,0
5555,97.08,14600.8140,16317.6914,0
5574,97.13,14600.8140,16317.6914,0
5575,97.17,14600.8140,16317.6914,0
5578,97.20,14600.8140,16317.6914,0
5583,97.24,14600.8140,16317.6914,0
5587,97.28,14600.8140,16317.6914,0
5588,97.31,14600.8140,16317.6914,0
5599,97.35,14600.8140,16317.6914,0
5600,97.35,16317.6914,16317.6914,1
5601,97.41,13594.4766,16317.6914,0
5602,97.46,13606.8587,16317.6914,0
5603,97.54,13606.8587,16317.6914,0
5604,97.58,13766.9065,16317.6914,0
5605,97.63,13766.9065,16317.6914,0
5606,97.68,13766.9065,16317.6914,0
5607,97.71,13766.9065,16317.6914,0
5608,97.74,13766.9065,16317.6914,0
5609,97.77,13793.3134,16317.6914,0
5610,97.83,13807.3444,16317.6914,0
5611,97.87,14205.1800,16317.6914,0
5612,97.92,14208.3523,16317.6914,0
5613,97.97,14208.3523,16317.6914,0
5614,98.03,14229.4948,16317.6914,0
5615,98.08,14229.9908,16317.6914,0
5616,98.13,14229.9908,16317.6914,0
5617,98.17,14229.9908,16317.6914,0
5618,98.23,14241.9518,16317.6914,0
5619,98.27,14241.9518,16317.6914,0
5620,98.31,14241.9518,16317.6914,0
5621,98.36,14241.9518,16317.6914,0
5622,98.42,14241.9518,16317.6914,0
5623,98.45,14255.6065,16317.6914,0
5624,98.51,14255.6065,16317.6914,0
5625,98.55,14255.6065,16317.6914,0
5626,98.67,14255.6065,16317.6914,0
5627,98.71,14255.6065,16317.6914,0
5628,98.75,14255.6065,16317.6914,0
5629,98.79,14255.6065,16317.6914,0
5630,98.84,14255.6065,16317.6914,0
5631,98.87,14255.6065,16317.6914,0
5632,98.91,14271.7570,16317.6914,0
5633,98.95,14626.5874,16317.6914,0
5634,99.01,14626.5874,16317.6914,0
5635,99.05,14626.5874,16317.6914,0
5636,99.09,14672.9360,16317.6914,0
5637,99.13,14672.9360,16317.6914,0
5638,99.17,14701.9898,16317.6914,0
5639,99.23,14701.9898,16317.6914,0
5640,99.26,14701.9898,16317.6914,0
5641,99.31,14756.8433,16317.6914,0
5642,99.37,14756.8433,16317.6914,0
5643,99.43,14756.8433,16317.6914,0
5644,99.46,14756.8433,16317.6914,0
5645,99.51,14794.9283,16317.6914,0
5646,99.61,14920.2202,16317.6914,0
5647,99.69,14970.7500,16317.6914,0
5648,99.80,14982.4937,16317.6914,0
5649,99.94,14982.4937,16317.6914,0
5650,100.07,14982.4937,16317.6914,0
5652,100.13,14982.4937,16317.6914,0
5655,100.24,14982.4937,16317.6914,0
5656,100.29,14982.4937,16317.6914,0
5657,100.40,14988.6437,16317.6914,0
5658,100.49,14988.6437,16317.6914,0
5659,100.62,14988.6437,16317.6914,0
5661,100.75,14988.6437,16317.6914,0
5662,100.81,14999.9532,16317.6914,0
5663,100.91,14999.9532,16317.6914,0
5665,101.07,15004.2577,16317.6914,0
5666,101.17,15004.2577,16317.6914,0
5669,101.29,15004.2577,16317.6914,0
5670,101.41,15004.2577,16317.6914,0
5671,101.48,15031.0561,16317.6914,0
5672,101.62,15077.4256,16317.6914,0
5676,101.71,15077.4256,16317.6914,0
5677,101.80,15077.4256,16317.6914,0
5678,101.93,15077.6268,16317.6914,0
5680,102.02,15077.6268,16317.6914,0
5681,102.06,15078.0345,16317.6914,0
5682,102.15,15123.4831,16317.6914,0
5683,102.27,15123.4831,16317.6914,0
5684,102.39,15123.4831,16317.6914,0
5687,102.45,15131.9501,16317.6914,0
5688,102.52,15131.9501,16317.6914,0
5689,102.63,15131.9501,16317.6914,0
5692,102.66,15131.9501,16317.6914,0
5695,102.66,15131.9501,16317.6914,0
5696,102.75,15131.9501,16317.6914,0
5697,102.80,15131.9501,16317.6914,0
5698,102.89,15153.5976,16317.6914,0
5700,102.97,15153.5976,16317.6914,0
5702,103.04,15153.5976,16317.6914,0
5703,103.15,15153.5976,16317.6914,0
5704,103.24,15153.5976,16317.6914,0
5705,103.31,15153.5976,16317.6914,0
5707,103.45,15153.5976,16317.6914,0
5710,103.45,15153.5976,16317.6914,0
5712,103.59,15153.5976,16317.6914,0
5713,103.59,15153.5976,16317.6914,0
5714,103.63,15153.5976,16317.6914,0
5715,103.68,15153.5976,16317.6914,0
5716,103.72,15153.5976,16317.6914,0
5719,103.80,15153.5976,16317.6914,0
5720,103.85,15153.5976,16317.6914,0
5721,103.85,15153.5976,16317.6914,0
5723,103.97,15153.5976,16317.6914,0
5724,104.05,15153.5976,16317.6914,0
5726,104.18,15153.5976,16317.6914,0
5727,104.33,15153.5976,16317.6914,0
5729,104.38,15153.5976,16317.6914,0
5732,104.38,15153.5976,16317.6914,0
5733,104.38,15153.5976,16317.6914,0
5734,104.38,15153.5976,16317.6914,0
5735,104.45,15153.5976,16317.6914,0
5737,104.45,15153.5976,16317.6914,0
5738,104.58,15153.5976,16317.6914,0
5739,104.64,15153.5976,16317.6914,0
5754,104.69,15153.5976,16317.6914,0
5755,104.85,15153.5976,16317.6914,0
5777,104.90,15153.5976,16317.6914,0
5787,105.03,15153.5976,16317.6914,0
5788,105.12,15153.5976,16317.6914,0
5790,105.24,15153.5976,16317.6914,0
5793,105.34,15153.5976,16317.6914,0
5794,105.34,16317.6914,16317.6914,1
5795,105.42,14025.0615,16317.6914,0
5796,105.45,14268.9339,16317.6914,0
5797,105.50,14268.9339,16317.6914,0
5798,105.54,14268.9339,16317.6914,0
5799,105.59,14268.9339,16317.6914,0
5800,105.62,14274.8448,16317.6914,0
5801,105.66,14281.5969,16317.6914,0
5802,105.70,14428.7401,16317.6914,0
5803,105.74,14556.2978,16317.6914,0
5804,105.79,14556.2978,16317.6914,0
5805,105.82,14750.6971,16317.6914,0
5806,105.88,14750.6971,16317.6914,0
5807,105.91,14750.6971,16317.6914,0
5808,105.97,14750.6971,16317.6914,0
5810,106.03,14750.6971,16317.6914,0
5811,106.06,14750.6971,16317.6914,0
5812,106.11,14758.9419,16317.6914,0
5813,106.17,14864.9591,16317.6914,0
5814,106.22,14966.5953,16317.6914,0
5815,106.29,14966.5953,16317.6914,0
5816,106.33,14966.5953,16317.6914,0
5817,106.38,14978.0554,16317.6914,0
5818,106.45,14978.0554,16317.6914,0
5819,106.50,14978.0554,16317.6914,0
5820,106.55,14978.0554,16317.6914,0
5821,106.62,14978.0554,16317.6914,0
5822,106.68,14978.0554,16317.6914,0
5823,106.73,14989.6368,16317.6914,0
5824,106.79,14989.6368,16317.6914,0
5825,106.84,14989.6368,16317.6914,0
5826,106.90,14989.6368,16317.6914,0
5827,106.95,15176.2633,16317.6914,0
5828,107.01,15176.2633,16317.6914,0
5829,107.08,15207.7843,16317.6914,0
5830,107.15,15207.7843,16317.6914,0
5831,107.20,15207.7843,16317.6914,0
5832,107.27,15207.7843,16317.6914,0
5833,107.32,15245.1003,16317.6914,0
5834,107.40,15246.5943,16317.6914,0
5835,107.46,15246.5943,16317.6914,0
5836,107.53,15246.5943,16317.6914,0
5837,107.58,15246.5943,16317.6914,0
5838,107.63,15246.5943,16317.6914,0
5839,107.69,15415.2648,16317.6914,0
5840,107.75,15415.2648,16317.6914,0
5841,107.81,15415.2648,16317.6914,0
5842,107.85,15415.2648,16317.6914,0
5843,107.89,15415.2648,16317.6914,0
5844,107.95,15415.2648,16317.6914,0
5845,108.02,15415.2648,16317.6914,0
5846,108.06,15427.0801,16317.6914,0
5847,108.10,15427.0801,16317.6914,0
5848,108.13,15427.0801,16317.6914,0
5850,108.18,15427.0801,16317.6914,0
5852,108.24,15427.0801,16317.6914,0
5853,108.27,15427.0801,16317.6914,0
5854,108.30,15427.0801,16317.6914,0
5855,108.34,15427.0801,16317.6914,0
5856,108.38,15427.0801,16317.6914,0
5857,108.41,15427.0801,16317.6914,0
5859,108.47,15427.0801,16317.6914,0
5860,108.50,15427.0801,16317.6914,0
5862,108.53,15427.0801,16317.6914,0
5863,108.59,15427.0801,16317.6914,0
5864,108.63,15427.0801,16317.6914,0
5866,108.66,15427.0801,16317.6914,0
5868,108.67,15427.0801,16317.6914,0
5869,108.70,15427.0801,16317.6914,0
5870,108.73,15427.0801,16317.6914,0
5871,108.73,15427.0801,16317.6914,0
5872,108.73,15427.0801,16317.6914,0
5873,108.79,15427.0801,16317.6914,0
5874,108.83,15427.0801,16317.6914,0
5876,108.83,15427.0801,16317.6914,0
5877,108.86,15427.0801,16317.6914,0
5878,108.90,15427.0801,16317.6914,0
5882,108.93,15427.0801,16317.6914,0
5887,108.98,15427.0801,16317.6914,0
5895,109.01,15427.0801,16317.6914,0
5896,109.06,15427.0801,16317.6914,0
5899,109.09,15555.7294,16317.6914,0
5900,109.12,15650.2019,16317.6914,0
5901,109.19,15650.2019,16317.6914,0
5902,109.25,15650.2019,16317.6914,0
5903,109.30,15650.2019,16317.6914,0
5904,109.36,15650.2019,16317.6914,0
5905,109.40,15650.2019,16317.6914,0
5906,109.44,15650.2019,16317.6914,0
5907,109.47,15650.2019,16317.6914,0
5908,109.51,15650.2019,16317.6914,0
5909,109.51,15650.2019,16317.6914,0
5910,109.55,15650.2019,16317.6914,0
5911,109.59,15653.1171,16317.6914,0
5912,109.63,15653.1171,16317.6914,0
5913,109.69,15653.1171,16317.6914,0
5914,109.76,15653.1171,16317.6914,0
5915,109.81,15653.1171,16317.6914,0
5916,109.85,15662.8129,16317.6914,0
5917,109.89,15662.8129,16317.6914,0
5918,109.95,15662.8129,16317.6914,0
5919,109.98,15662.8129,16317.6914,0
5921,110.05,15662.8129,16317.6914,0
5922,110.09,15662.8129,16317.6914,0
5925,110.09,15662.8129,16317.6914,0
5926,110.13,15662.8129,16317.6914,0
5928,110.16,15662.8129,16317.6914,0
5929,110.20,15662.8129,16317.6914,0
5930,110.23,15662.8129,16317.6914,0
5933,110.23,15662.8129,16317.6914,0
5935,110.27,15662.8129,16317.6914,0
5937,110.31,15662.8129,16317.6914,0
5938,110.36,15662.8129,16317.6914,0
5940,110.36,15662.8129,16317.6914,0
5945,110.39,15662.8129,16317.6914,0
5948,110.39,15662.8129,16317.6914,0
5953,110.45,15662.8129,16317.6914,0
5955,110.48,15662.8129,16317.6914,0
5964,110.52,15662.8129,16317.6914,0
5973,110.55,15662.8129,16317.6914,0
5981,110.61,15662.8129,16317.6914,0
5988,110.65,15662.8129,16317.6914,0
5992,110.68,15662.8129,16317.6914,0
5998,110.72,15662.8129,16317.6914,0
6005,110.75,15662.8129,16317.6914,0
6006,110.80,15662.8129,16317.6914,0
6007,110.84,15662.8129,16317.6914,0
6013,110.90,15662.8129,16317.6914,0
6014,110.93,15662.8129,16317.6914,0
6022,110.97,15662.8129,16317.6914,0
6034,111.01,15662.8129,16317.6914,0
6036,111.05,15662.8129,16317.6914,0
6037,111.07,15662.8129,16317.6914,0
6038,111.11,15662.8129,16317.6914,0
6039,111.11,16317.6914,16317.6914,1
6040,111.18,13943.8263,16317.6914,0
6041,111.23,13943.8263,16317.6914,0
6042,111.26,13943.8263,16317.6914,0
6043,111.31,14271.8461,16317.6914,0
6044,111.37,14321.3933,16317.6914,0
6045,111.41,14537.1831,16317.6914,0
6046,111.46,14537.1831,16317.6914,0
6047,111.52,14537.1831,16317.6914,0
6048,111.58,14537.1831,16317.6914,0
6049,111.62,14537.1831,16317.6914,0
6050,111.66,14537.1831,16317.6914,0
6051,111.69,14537.1831,16317.6914,0
6052,111.73,14724.2768,16317.6914,0
6053,111.79,14726.6173,16317.6914,0
6054,111.84,14726.6173,16317.6914,0
6055,111.89,14726.6173,16317.6914,0
6056,111.89,14726.6173,16317.6914,0
6057,111.94,14726.6173,16317.6914,0
6058,111.99,14726.6173,16317.6914,0
6059,112.04,14726.6173,16317.6914,0
6060,112.08,14726.6173,16317.6914,0
6061,112.13,14726.6173,16317.6914,0
6062,112.18,14895.9076,16317.6914,0
6063,112.25,14895.9076,16317.6914,0
6064,112.31,15113.0900,16317.6914,0
6065,112.37,15113.0900,16317.6914,0
6066,112.43,15280.6817,16317.6914,0
6067,112.48,15481.3699,16317.6914,0
6068,112.55,15494.1142,16317.6914,0
6069,112.59,15500.1906,16317.6914,0
6070,112.67,15505.7344,16317.6914,0
6071,112.72,15505.7344,16317.6914,0
6072,112.78,15505.7344,16317.6914,0
6073,112.85,15505.7344,16317.6914,0
6074,112.92,15505.7344,16317.6914,0
6075,112.98,15505.7344,16317.6914,0
6076,113.03,15505.7344,16317.6914,0
6077,113.08,15519.4188,16317.6914,0
6078,113.15,15519.4188,16317.6914,0
6079,113.20,15569.8179,16317.6914,0
6080,113.27,15580.8764,16317.6914,0
6081,113.31,15580.8764,16317.6914,0
6082,113.39,15580.8764,16317.6914,0
6083,113.43,15580.8764,16317.6914,0
6084,113.48,15708.4351,16317.6914,0
6085,113.53,15708.4351,16317.6914,0
6086,113.59,15747.9969,16317.6914,0
6087,113.65,15747.9969,16317.6914,0
6088,113.70,15837.7099,16317.6914,0
6089,113.77,15837.7099,16317.6914,0
6090,113.83,15839.4129,16317.6914,0
6091,113.89,15839.4129,16317.6914,0
6092,113.96,15839.4129,16317.6914,0
6093,114.00,15839.4129,16317.6914,0
6094,114.07,15839.4129,16317.6914,0
6095,114.13,15839.4129,16317.6914,0
6096,114.18,15883.4374,16317.6914,0
6097,114.23,15941.3035,16317.6914,0
6098,114.31,15941.3035,16317.6914,0
6099,114.37,15950.1233,16317.6914,0
6100,114.42,16186.4332,16317.6914,0
6101,114.47,16269.9237,16317.6914,0
6103,114.55,16269.9237,16317.6914,0
6104,114.60,16269.9237,16317.6914,0
6105,114.67,16269.9237,16317.6914,0
6106,114.71,16269.9237,16317.6914,0
6107,114.75,16270.3520,16317.6914,0
6108,114.80,16297.6322,16317.6914,0
6109,114.87,16297.6322,16317.6914,0
6110,114.91,16297.6322,16317.6914,0
6111,114.97,16520.6059,16520.6059,0
6112,115.02,16520.6059,16520.6059,0
6113,115.06,16520.6059,16520.6059,0
6115,115.11,16520.6059,16520.6059,0
6116,115.17,16520.6059,16520.6059,0
6117,115.21,16520.6059,16520.6059,0
6119,115.24,16520.6059,16520.6059,0
6120,115.31,16520.6059,16520.6059,0
6122,115.35,16520.6059,16520.6059,0
6123,115.39,16520.6059,16520.6059,0
6124,115.44,16520.6059,16520.6059,0
6125,115.49,16520.6059,16520.6059,0
6126,115.53,16520.6059,16520.6059,0
6127,115.58,16520.6059,16520.6059,0
6132,115.63,16615.9415,16615.9415,0
6133,115.69,16615.9415,16615.9415,0
6134,115.76,16615.9415,16615.9415,0
6135,115.81,16615.9415,16615.9415,0
6136,115.85,16615.9415,16615.9415,0
6137,115.89,16615.9415,16615.9415,0
6138,115.94,16664.4776,16664.4776,0
6139,116.01,16664.4776,16664.4776,0
6140,116.07,16670.5394,16670.5394,0
6143,116.11,16670.5394,16670.5394,0
6145,116.17,16670.5394,16670.5394,0
6146,116.23,16670.5394,16670.5394,0
6147,116.30,16670.7847,16670.7847,0
6148,116.36,16670.7847,16670.7847,0
6151,116.41,16670.7847,16670.7847,0
6152,116.45,16670.7847,16670.7847,0
6154,116.49,16670.7847,16670.7847,0
6156,116.52,16670.7847,16670.7847,0
6157,116.56,16670.7847,16670.7847,0
6158,116.62,16670.7847,16670.7847,0
6159,116.68,16670.7847,16670.7847,0
6161,116.68,16670.7847,16670.7847,0
6162,116.71,16670.7847,16670.7847,0
6163,116.80,16670.7847,16670.7847,0
6164,116.83,16670.7847,16670.7847,0
6165,116.88,16670.7847,16670.7847,0
6166,116.92,16670.7847,16670.7847,0
6167,116.97,16670.7847,16670.7847,0
6168,117.02,16670.7847,16670.7847,0
6169,117.02,16670.7847,16670.7847,0
6170,117.06,16670.7847,16670.7847,0
6171,117.06,16670.7847,16670.7847,0
6172,117.06,16670.7847,16670.7847,0
6174,117.10,16670.7847,16670.7847,0
6177,117.14,16670.7847,16670.7847,0
6178,117.18,16670.7847,16670.7847,0
6180,117.22,16670.7847,16670.7847,0
6181,117.25,16670.7847,16670.7847,0
6183,117.29,16670.7847,16670.7847,0
6184,117.29,16670.7847,16670.7847,0
6185,117.36,16670.7847,16670.7847,0
6186,117.40,16670.7847,16670.7847,0
6189,117.44,16670.7847,16670.7847,0
6190,117.44,16670.7847,16670.7847,0
6191,117.50,16670.7847,16670.7847,0
6192,117.50,16670.7847,16670.7847,0
6193,117.54,16670.7847,16670.7847,0
6195,117.57,16670.7847,16670.7847,0
6196,117.61,16670.7847,16670.7847,0
6200,117.67,16670.7847,16670.7847,0
6201,117.67,16670.7847,16670.7847,0
6202,117.71,16670.7847,16670.7847,0
6204,117.75,16670.7847,16670.7847,0
6205,117.79,16670.7847,16670.7847,0
6206,117.83,16670.7847,16670.7847,0
6208,117.83,16670.7847,16670.7847,0
6209,117.88,16670.7847,16670.7847,0
6210,117.88,16670.7847,16670.7847,0
6213,117.92,16770.8271,16770.8271,0
6214,117.97,16770.8271,16770.8271,0
6215,118.03,16770.8271,16770.8271,0
6216,118.09,16770.8271,16770.8271,0
6217,118.12,16770.8271,16770.8271,0
6218,118.16,16770.8271,16770.8271,0
6219,118.20,16770.8271,16770.8271,0
6222,118.24,16770.8271,16770.8271,0
6225,118.28,16770.8271,16770.8271,0
6227,118.32,16770.8271,16770.8271,0
6229,118.36,16770.8271,16770.8271,0
6230,118.40,16770.8271,16770.8271,0
6232,118.43,16770.8271,16770.8271,0
6233,118.43,16770.8271,16770.8271,0
6235,118.49,16770.8271,16770.8271,0
6236,118.53,16770.8271,16770.8271,0
6237,118.57,16770.8271,16770.8271,0
6239,118.57,16770.8271,16770.8271,0
6240,118.57,16770.8271,16770.8271,0
6242,118.61,16770.8271,16770.8271,0
6244,118.61,16770.8271,16770.8271,0
6245,118.64,16770.8271,16770.8271,0
6246,118.69,16770.8271,16770.8271,0
6248,118.69,16770.8271,16770.8271,0
6250,118.69,16770.8271,16770.8271,0
6251,118.69,16770.8271,16770.8271,0
6252,118.72,16770.8271,16770.8271,0
6253,118.72,16770.8271,16770.8271,0
6255,118.76,16770.8271,16770.8271,0
6256,118.76,16770.8271,16770.8271,0
6258,118.80,16770.8271,16770.8271,0
6268,118.85,16770.8271,16770.8271,0
6283,118.88,16770.8271,16770.8271,0
6284,118.93,16770.8271,16770.8271,0
6286,118.97,16770.8271,16770.8271,0
6287,119.01,16770.8271,16770.8271,0
6292,119.07,16770.8271,16770.8271,0
6305,119.11,16770.8271,16770.8271,0
6307,119.15,16770.8271,16770.8271,0
6316,119.18,16770.8271,16770.8271,0
6318,119.22,16770.8271,16770.8271,0
6319,119.28,16770.8271,16770.8271,0
6321,119.33,16770.8271,16770.8271,0
6322,119.38,16770.8271,16770.8271,0
6325,119.42,16770.8271,16770.8271,0
6327,119.46,16770.8271,16770.8271,0
6328,119.46,16770.8271,16770.8271,1
6329,119.55,16556.3411,16770.8271,0
6330,119.59,16556.3411,16770.8271,0
6331,119.64,16749.0668,16770.8271,0
6332,119.70,16749.0668,16770.8271,0
6333,119.76,16749.0668,16770.8271,0
6334,119.79,16884.3384,16884.3384,0
6335,119.86,16884.3384,16884.3384,0
6336,119.90,17078.7375,17078.7375,0
6337,119.93,17078.7375,17078.7375,0
6338,119.99,17078.7375,17078.7375,0
6341,120.04,17078.7375,17078.7375,0
6342,120.08,17078.7375,17078.7375,0
6343,120.14,17078.7375,17078.7375,0
6344,120.20,17078.7375,17078.7375,0
6346,120.25,17078.7375,17078.7375,0
6347,120.28,17078.7375,17078.7375,0
6348,120.28,17078.7375,17078.7375,0
6349,120.32,17078.7375,17078.7375,0
6350,120.38,17078.7375,17078.7375,0
6351,120.41,17078.7375,17078.7375,0
6352,120.45,17078.7375,17078.7375,0
6353,120.48,17078.7375,17078.7375,0
6354,120.48,17078.7375,17078.7375,0
6355,120.52,17078.7375,17078.7375,0
6357,120.52,17078.7375,17078.7375,0
6358,120.52,17078.7375,17078.7375,0
6359,120.56,17078.7375,17078.7375,0
6363,120.60,17078.7375,17078.7375,0
6370,120.65,17078.7375,17078.7375,0
6371,120.65,17078.7375,17078.7375,0
6379,120.69,17078.7375,17078.7375,0
6382,120.75,17078.7375,17078.7375,0
6383,120.80,17078.7375,17078.7375,0
6384,120.83,17078.7375,17078.7375,0
6387,120.87,17078.7375,17078.7375,0
6388,120.91,17078.7375,17078.7375,0
6390,120.96,17078.7375,17078.7375,0
6391,121.00,17078.7375,17078.7375,0
6392,121.00,17078.7375,17078.7375,1
6393,121.06,16884.3384,17078.7375,0
6394,121.12,16884.3384,17078.7375,0
6395,121.18,16884.3384,17078.7375,0
6396,121.24,16884.3384,17078.7375,0
6397,121.28,16884.3384,17078.7375,0
6398,121.28,16884.3384,17078.7375,0
6399,121.31,17078.7375,17078.7375,0
6400,121.34,17078.7375,17078.7375,0
6403,121.37,17078.7375,17078.7375,0
6405,121.37,17078.7375,17078.7375,0
6406,121.37,17078.7375,17078.7375,0
6407,121.37,17078.7375,17078.7375,0
6408,121.37,17078.7375,17078.7375,0
6409,121.37,17078.7375,17078.7375,0
6411,121.37,17078.7375,17078.7375,0
6412,121.37,17078.7375,17078.7375,0
6414,121.37,17078.7375,17078.7375,0
6415,121.37,17078.7375,17078.7375,0
6416,121.37,17078.7375,17078.7375,0
6417,121.37,17078.7375,17078.7375,0
6418,121.37,17078.7375,17078.7375,0
6419,121.37,17078.7375,17078.7375,0
6420,121.37,17078.7375,17078.7375,0
6424,121.37,17078.7375,17078.7375,0
6426,121.37,17078.7375,17078.7375,0
6427,121.37,17078.7375,17078.7375,0
6429,121.37,17078.7375,17078.7375,0
6431,121.37,17078.7375,17078.7375,0
6432,121.37,17078.7375,17078.7375,0
6434,121.37,17078.7375,17078.7375,0
6444,121.37,17078.7375,17078.7375,0
6449,121.37,17078.7375,17078.7375,0
6450,121.37,17078.7375,17078.7375,0
6454,121.37,17078.7375,17078.7375,0
6457,121.37,17078.7375,17078.7375,0
6461,121.37,17078.7375,17078.7375,0
6466,121.37,17078.7375,17078.7375,0
6467,121.37,17078.7375,17078.7375,1
6468,121.48,16727.4638,17078.7375,0
6469,121.52,16943.4668,17078.7375,0
6470,121.56,16943.4668,17078.7375,0
6471,121.61,16943.4668,17078.7375,0
6472,121.64,17078.7375,17078.7375,0
6474,121.67,17078.7375,17078.7375,0
6475,121.70,17078.7375,17078.7375,0
6478,121.70,17078.7375,17078.7375,0
6479,121.70,17078.7375,17078.7375,0
6481,121.70,17078.7375,17078.7375,0
6483,121.70,17078.7375,17078.7375,0
6484,121.70,17078.7375,17078.7375,0
6488,121.70,17078.7375,17078.7375,0
6489,121.70,17078.7375,17078.7375,0
6490,121.70,17078.7375,17078.7375,0
6492,121.70,17078.7375,17078.7375,0
6495,121.70,17078.7375,17078.7375,0
6496,121.70,17078.7375,17078.7375,0
6497,121.70,17078.7375,17078.7375,0
6498,121.70,17078.7375,17078.7375,0
6501,121.70,17078.7375,17078.7375,0
6503,121.70,17078.7375,17078.7375,0
6505,121.70,17078.7375,17078.7375,0
6506,121.70,17078.7375,17078.7375,0
6510,121.70,17078.7375,17078.7375,0
6512,121.70,17078.7375,17078.7375,0
6514,121.70,17078.7375,17078.7375,0
6515,121.70,17078.7375,17078.7375,0
6516,121.70,17078.7375,17078.7375,0
6520,121.70,17078.7375,17078.7375,0
6522,121.70,17078.7375,17078.7375,0
6523,121.70,17078.7375,17078.7375,0
6524,121.70,17078.7375,17078.7375,0
6526,121.70,17078.7375,17078.7375,0
6527,121.70,17078.7375,17078.7375,0
6528,121.70,17078.7375,17078.7375,1
6529,121.79,16740.1890,17078.7375,0
6530,121.83,16931.4967,17078.7375,0
6531,121.87,16931.4967,17078.7375,0
6532,121.91,16931.4967,17078.7375,0
6533,121.98,16931.4967,17078.7375,0
6534,122.01,16931.4967,17078.7375,0
6535,122.07,16931.4967,17078.7375,0
6536,122.11,17078.7375,17078.7375,0
6537,122.11,17078.7375,17078.7375,0
6538,122.11,17078.7375,17078.7375,0
6539,122.14,17078.7375,17078.7375,0
6540,122.14,17078.7375,17078.7375,0
6541,122.14,17078.7375,17078.7375,0
6543,122.14,17078.7375,17078.7375,0
6544,122.14,17078.7375,17078.7375,0
6545,122.17,17078.7375,17078.7375,0
6547,122.17,17078.7375,17078.7375,0
6548,122.17,17078.7375,17078.7375,0
6549,122.17,17078.7375,17078.7375,0
6551,122.17,17078.7375,17078.7375,0
6552,122.17,17078.7375,17078.7375,0
6553,122.17,17078.7375,17078.7375,0
6556,122.17,17078.7375,17078.7375,0
6557,122.17,17078.7375,17078.7375,0
6559,122.17,17078.7375,17078.7375,0
6560,122.17,17078.7375,17078.7375,0
6561,122.17,17078.7375,17078.7375,0
6562,122.17,17078.7375,17078.7375,0
6565,122.17,17078.7375,17078.7375,0
6566,122.17,17078.7375,17078.7375,0
6567,122.17,17078.7375,17078.7375,0
6571,122.17,17078.7375,17078.7375,0
6572,122.17,17078.7375,17078.7375,0
6574,122.17,17078.7375,17078.7375,0
6577,122.17,17078.7375,17078.7375,0
6578,122.17,17078.7375,17078.7375,0
6585,122.17,17078.7375,17078.7375,0
6587,122.17,17078.7375,17078.7375,0
6588,122.17,17078.7375,17078.7375,1
6589,122.25,16534.0825,17078.7375,0
6590,122.30,16709.6555,17078.7375,0
6591,122.35,16832.5776,17078.7375,0
6592,122.42,16832.5776,17078.7375,0
6593,122.47,16832.5776,17078.7375,0
6594,122.51,16980.6908,17078.7375,0
6595,122.57,16980.6908,17078.7375,0
6596,122.62,16980.6908,17078.7375,0
6597,122.66,16980.6908,17078.7375,0
6598,122.71,16980.6908,17078.7375,0
6599,122.75,16980.6908,17078.7375,0
6600,122.80,16980.6908,17078.7375,0
6601,122.84,16980.6908,17078.7375,0
6602,122.87,16980.6908,17078.7375,0
6603,122.91,16980.6908,17078.7375,0
6604,122.95,16980.6908,17078.7375,0
6605,122.95,16980.6908,17078.7375,0
6606,122.99,16980.6908,17078.7375,0
6607,122.99,16980.6908,17078.7375,0
6608,123.02,16980.6908,17078.7375,0
6609,123.02,16980.6908,17078.7375,0
6610,123.06,16980.6908,17078.7375,0
6611,123.06,16980.6908,17078.7375,0
6612,123.10,17013.4534,17078.7375,0
6613,123.17,17013.4534,17078.7375,0
6615,123.21,17013.4534,17078.7375,0
6616,123.28,17013.4534,17078.7375,0
6617,123.31,17013.4534,17078.7375,0
6618,123.35,17013.4534,17078.7375,0
6619,123.39,17013.4534,17078.7375,0
6620,123.39,17013.4534,17078.7375,0
6621,123.39,17013.4534,17078.7375,0
6622,123.43,17013.4534,17078.7375,0
6623,123.47,17013.4534,17078.7375,0
6625,123.47,17013.4534,17078.7375,0
6626,123.52,17013.4534,17078.7375,0
6627,123.52,17013.4534,17078.7375,0
6628,123.52,17013.4534,17078.7375,0
6629,123.52,17013.4534,17078.7375,0
6630,123.55,17013.4534,17078.7375,0
6632,123.60,17013.4534,17078.7375,0
6633,123.64,17013.4534,17078.7375,0
6634,123.70,17013.4534,17078.7375,0
6635,123.75,17013.4534,17078.7375,0
6636,123.80,17013.4534,17078.7375,0
6640,123.84,17013.4534,17078.7375,0
6641,123.88,17013.4534,17078.7375,0
6643,123.92,17013.4534,17078.7375,0
6646,123.96,17013.4534,17078.7375,0
6647,124.00,17013.4534,17078.7375,0
6652,124.05,17013.4534,17078.7375,0
6660,124.10,17013.4534,17078.7375,0
6663,124.16,17013.4534,17078.7375,0
6680,124.20,17013.4534,17078.7375,0
6681,124.25,17013.4534,17078.7375,0
6688,124.30,17013.4534,17078.7375,0
6689,124.30,17078.7375,17078.7375,1
6690,124.40,16470.6768,17078.7375,0
6691,124.47,16470.6768,17078.7375,0
6692,124.56,16470.6768,17078.7375,0
6693,124.60,16470.6768,17078.7375,0
6695,124.65,16470.6768,17078.7375,0
6696,124.71,16470.6768,17078.7375,0
6699,124.76,16470.6768,17078.7375,0
6701,124.81,16497.9895,17078.7375,0
6702,124.86,16686.7933,17078.7375,0
6703,124.91,16696.8099,17078.7375,0
6704,124.97,16696.8099,17078.7375,0
6705,125.03,16703.7752,17078.7375,0
6706,125.08,16703.7752,17078.7375,0
6707,125.12,16892.8449,17078.7375,0
6708,125.16,16907.0483,17078.7375,0
6709,125.22,16907.0483,17078.7375,0
6710,125.28,16907.0483,17078.7375,0
6712,125.32,16907.0483,17078.7375,0
6715,125.32,16907.0483,17078.7375,0
6716,125.37,16907.0483,17078.7375,0
6720,125.40,16907.0483,17078.7375,0
6721,125.43,16907.0483,17078.7375,0
6723,125.47,16907.0483,17078.7375,0
6724,125.47,16907.0483,17078.7375,0
6725,125.52,16907.0483,17078.7375,0
6726,125.56,16907.0483,17078.7375,0
6727,125.57,16907.0483,17078.7375,0
6728,125.61,16907.0483,17078.7375,0
6729,125.65,16917.0237,17078.7375,0
6730,125.70,16917.0237,17078.7375,0
6734,125.75,16917.0237,17078.7375,0
6735,125.79,16917.0237,17078.7375,0
6736,125.83,16917.1087,17078.7375,0
6737,125.89,16917.1087,17078.7375,0
6738,125.96,16917.1087,17078.7375,0
6740,125.96,16917.1087,17078.7375,0
6742,125.96,16917.1087,17078.7375,0
6743,126.01,16917.1087,17078.7375,0
6744,126.04,16917.1087,17078.7375,0
6746,126.04,16917.1087,17078.7375,0
6747,126.08,16917.1087,17078.7375,0
6748,126.08,16917.1087,17078.7375,0
6750,126.08,16917.1087,17078.7375,0
6751,126.12,16917.1087,17078.7375,0
6752,126.17,16917.1087,17078.7375,0
6753,126.17,16917.1087,17078.7375,0
6754,126.20,16917.1087,17078.7375,0
6756,126.26,16917.1087,17078.7375,0
6758,126.30,16917.1087,17078.7375,0
6759,126.33,16917.1087,17078.7375,0
6761,126.37,16917.1087,17078.7375,0
6762,126.40,16917.1087,17078.7375,0
6763,126.44,16917.1087,17078.7375,0
6766,126.48,16917.1087,17078.7375,0
6767,126.52,16917.1087,17078.7375,0
6769,126.55,16917.1087,17078.7375,0
6773,126.61,16917.1087,17078.7375,0
6775,126.64,16917.1087,17078.7375,0
6784,126.70,16917.1087,17078.7375,0
6789,126.74,16917.1087,17078.7375,0
6797,126.80,16917.1087,17078.7375,0
6802,126.85,16917.1087,17078.7375,0
6803,126.85,17078.7375,17078.7375,1
6804,126.93,16236.1956,17078.7375,0
6805,126.97,16236.1956,17078.7375,0
6806,127.04,16236.1956,17078.7375,0
6807,127.08,16236.1956,17078.7375,0
6808,127.12,16236.1956,17078.7375,0
6809,127.17,16236.1956,17078.7375,0
6810,127.24,16236.1956,17078.7375,0
6811,127.28,16236.1956,17078.7375,0
6812,127.32,16236.1956,17078.7375,0
6813,127.36,16236.1956,17078.7375,0
6814,127.41,16236.1956,17078.7375,0
6815,127.44,16236.1956,17078.7375,0
6816,127.48,16236.1956,17078.7375,0
6817,127.53,16236.1956,17078.7375,0
6818,127.57,16420.7796,17078.7375,0
6819,127.62,16461.5653,17078.7375,0
6820,127.69,16461.5653,17078.7375,0
6821,127.74,16461.5653,17078.7375,0
6822,127.79,16523.3716,17078.7375,0
6823,127.84,16523.3716,17078.7375,0
6824,127.90,16523.3716,17078.7375,0
6825,127.97,16523.3716,17078.7375,0
6826,128.02,16523.3716,17078.7375,0
6827,128.05,16523.3716,17078.7375,0
6828,128.10,16646.8217,17078.7375,0
6829,128.17,16646.8217,17078.7375,0
6830,128.20,16664.0483,17078.7375,0
6831,128.27,16665.7464,17078.7375,0
6832,128.32,16665.7464,17078.7375,0
6833,128.40,16665.7464,17078.7375,0
6834,128.46,16665.7661,17078.7375,0
6835,128.52,16665.7661,17078.7375,0
6836,128.52,16665.7661,17078.7375,0
6837,128.57,16665.7661,17078.7375,0
6838,128.62,16665.7661,17078.7375,0
6839,128.68,16665.7661,17078.7375,0
6843,128.72,16671.5466,17078.7375,0
6844,128.79,16671.5466,17078.7375,0
6845,128.82,16671.5466,17078.7375,0
6846,128.86,16671.5466,17078.7375,0
6848,128.89,16671.5466,17078.7375,0
6850,128.93,16671.5466,17078.7375,0
6851,128.97,16671.5466,17078.7375,0
6852,129.02,16671.5466,17078.7375,0
6853,129.05,16671.5466,17078.7375,0
6855,129.11,16671.5466,17078.7375,0
6856,129.15,16671.5466,17078.7375,0
6857,129.18,16671.5466,17078.7375,0
6858,129.22,16671.7794,17078.7375,0
6860,129.29,16671.7794,17078.7375,0
6861,129.33,16671.7794,17078.7375,0
6862,129.37,16671.7794,17078.7375,0
6863,129.43,16671.7794,17078.7375,0
6865,129.44,16671.7794,17078.7375,0
6866,129.48,16671.7794,17078.7375,0
6868,129.52,16671.7794,17078.7375,0
6869,129.55,16671.7794,17078.7375,0
6870,129.55,16671.7794,17078.7375,0
6871,129.61,16671.7794,17078.7375,0
6872,129.64,16671.7794,17078.7375,0
6874,129.68,16671.7794,17078.7375,0
6877,129.68,16671.7794,17078.7375,0
6878,129.71,16671.7794,17078.7375,0
6879,129.71,16671.7794,17078.7375,0
6880,129.71,16671.7794,17078.7375,0
6882,129.75,16671.7794,17078.7375,0
6883,129.79,16671.7794,17078.7375,0
6885,129.85,16671.7794,17078.7375,0
6886,129.88,16671.7794,17078.7375,0
6887,129.93,16671.7794,17078.7375,0
6888,129.96,16671.7794,17078.7375,0
6889,130.00,16671.7794,17078.7375,0
6890,130.00,16671.7794,17078.7375,0
6892,130.05,16671.7794,17078.7375,0
6893,130.05,16671.7794,17078.7375,0
6894,130.09,16671.7794,17078.7375,0
6896,130.09,16671.7794,17078.7375,0
6898,130.13,16671.7794,17078.7375,0
6899,130.16,16671.7794,17078.7375,0
6900,130.19,16734.5559,17078.7375,0
6901,130.25,16734.5559,17078.7375,0
6903,130.32,16734.5559,17078.7375,0
6904,130.37,16734.5559,17078.7375,0
6906,130.37,16734.5559,17078.7375,0
6907,130.40,16734.5559,17078.7375,0
6908,130.43,16734.5559,17078.7375,0
6910,130.48,16734.5559,17078.7375,0
6911,130.51,16734.5559,17078.7375,0
6912,130.55,16734.5559,17078.7375,0
6913,130.55,16734.5559,17078.7375,0
6914,130.55,16734.5559,17078.7375,0
6915,130.61,16734.5559,17078.7375,0
6916,130.67,16734.5559,17078.7375,0
6917,130.71,16734.5559,17078.7375,0
6918,130.75,16734.5559,17078.7375,0
6919,130.78,16734.5559,17078.7375,0
6920,130.81,16734.5559,17078.7375,0
6921,130.85,16734.5559,17078.7375,0
6922,130.88,16734.5559,17078.7375,0
6923,130.93,16734.5559,17078.7375,0
6924,130.97,16734.5559,17078.7375,0
6926,131.02,16734.5559,17078.7375,0
6928,131.06,16734.5559,17078.7375,0
6929,131.06,16734.5559,17078.7375,0
6930,131.06,16734.5559,17078.7375,0
6931,131.10,16734.5559,17078.7375,0
6932,131.10,16734.5559,17078.7375,0
6934,131.10,16734.5559,17078.7375,0
6935,131.14,16734.5559,17078.7375,0
6937,131.14,16734.5559,17078.7375,0
6938,131.14,16734.5559,17078.7375,0
6939,131.19,16734.5559,17078.7375,0
6944,131.23,16734.5559,17078.7375,0
6945,131.27,16734.5559,17078.7375,0
6946,131.32,16734.5559,17078.7375,0
6949,131.38,16734.5559,17078.7375,0
6950,131.41,16734.5559,17078.7375,0
6951,131.45,16734.5559,17078.7375,0
6952,131.45,17078.7375,17078.7375,1
6953,131.54,16187.1362,17078.7375,0
6954,131.60,16202.6084,17078.7375,0
6955,131.67,16212.5812,17078.7375,0
6956,131.75,16212.5812,17078.7375,0
6957,131.82,16212.6120,17078.7375,0
6958,131.87,16366.7929,17078.7375,0
6959,131.91,16600.2036,17078.7375,0
6960,131.95,16698.3837,17078.7375,0
6961,131.99,16723.1004,17078.7375,0
6963,132.07,16723.1004,17078.7375,0
6965,132.10,16725.0932,17078.7375,0
6966,132.16,16725.0932,17078.7375,0
6967,132.19,16725.0932,17078.7375,0
6969,132.25,16725.0932,17078.7375,0
6970,132.29,16725.0932,17078.7375,0
6971,132.32,16725.0932,17078.7375,0
6972,132.35,16725.0932,17078.7375,0
6973,132.38,16725.0932,17078.7375,0
6974,132.42,16725.0932,17078.7375,0
6976,132.47,16725.0932,17078.7375,0
6977,132.47,16725.0932,17078.7375,0
6978,132.50,16725.0932,17078.7375,0
6980,132.54,16725.0932,17078.7375,0
6982,132.54,16725.0932,17078.7375,0
6983,132.57,16725.0932,17078.7375,0
6984,132.61,16725.0932,17078.7375,0
6985,132.64,16752.5812,17078.7375,0
6986,132.69,16752.5812,17078.7375,0
6987,132.73,16752.5812,17078.7375,0
6988,132.79,16752.5812,17078.7375,0
6989,132.84,16752.5812,17078.7375,0
6993,132.88,16752.5812,17078.7375,0
6994,132.90,16752.5812,17078.7375,0
6995,132.95,16752.5812,17078.7375,0
6997,133.00,16752.5812,17078.7375,0
6998,133.04,16752.5812,17078.7375,0
6999,133.09,16752.5812,17078.7375,0
7000,133.09,16752.5812,17078.7375,0
7001,133.12,16752.5812,17078.7375,0
7002,133.16,16752.5812,17078.7375,0
7006,133.20,16752.5812,17078.7375,0
7007,133.25,16752.5812,17078.7375,0
7012,133.29,16752.5812,17078.7375,0
7018,133.34,16752.5812,17078.7375,0
7019,133.40,16752.5812,17078.7375,0
7021,133.44,16752.5812,17078.7375,0
7022,133.48,16752.5812,17078.7375,0
7023,133.52,16752.5812,17078.7375,0
7032,133.56,16752.5812,17078.7375,0
7034,133.60,16752.5812,17078.7375,0
7035,133.64,16752.5812,17078.7375,0
7037,133.68,16752.5812,17078.7375,0
7042,133.71,16752.5812,17078.7375,0
7045,133.75,16752.5812,17078.7375,0
7047,133.79,16800.2265,17078.7375,0
7048,133.86,16800.2265,17078.7375,0
7049,133.90,16952.1741,17078.7375,0
7050,133.96,16958.9162,17078.7375,0
7051,134.00,16979.1655,17078.7375,0
7052,134.05,16979.1655,17078.7375,0
7053,134.11,16979.1655,17078.7375,0
7054,134.18,16979.1655,17078.7375,0
7055,134.22,16979.1655,17078.7375,0
7056,134.25,16979.1655,17078.7375,0
7057,134.25,16979.1655,17078.7375,0
7058,134.31,16979.1655,17078.7375,0
7059,134.31,16979.1655,17078.7375,0
7062,134.31,16979.1655,17078.7375,0
7064,134.34,16979.1655,17078.7375,0
7065,134.34,16979.1655,17078.7375,0
7067,134.34,16979.1655,17078.7375,0
7069,134.38,16979.1655,17078.7375,0
7071,134.42,16979.1655,17078.7375,0
7073,134.45,16979.1655,17078.7375,0
7074,134.53,16979.1655,17078.7375,0
7084,134.57,16979.1655,17078.7375,0
7099,134.61,16979.1655,17078.7375,0
7105,134.65,16979.1655,17078.7375,0
7107,134.70,16979.1655,17078.7375,0
7110,134.75,16979.1655,17078.7375,0
7111,134.79,16979.1655,17078.7375,0
7113,134.83,16979.1655,17078.7375,0
7119,134.87,16979.1655,17078.7375,0
7123,134.91,16979.1655,17078.7375,0
7124,134.96,16979.1655,17078.7375,0
7125,135.01,16979.1655,17078.7375,0
7126,135.01,17078.7375,17078.7375,1
7127,135.13,15560.6337,17078.7375,0
7128,135.20,15560.6337,17078.7375,0
7129,135.25,15571.8504,17078.7375,0
7130,135.32,15571.8504,17078.7375,0
7131,135.39,15571.8504,17078.7375,0
7132,135.45,15571.8504,17078.7375,0
7133,135.49,15571.8504,17078.7375,0
7134,135.55,15571.8504,17078.7375,0
7135,135.60,15571.8504,17078.7375,0
7136,135.66,15837.0670,17078.7375,0
7137,135.73,15837.0670,17078.7375,0
7138,135.78,15837.0670,17078.7375,0
7139,135.84,15837.0670,17078.7375,0
7140,135.90,15837.0670,17078.7375,0
7141,135.94,15837.0670,17078.7375,0
7142,135.98,16022.2111,17078.7375,0
7143,136.02,16161.3163,17078.7375,0
7144,136.08,16161.3163,17078.7375,0
7145,136.12,16356.5702,17078.7375,0
7146,136.16,16507.0585,17078.7375,0
7147,136.19,16561.0134,17078.7375,0
7148,136.25,16564.2025,17078.7375,0
7149,136.30,16580.7394,17078.7375,0
7150,136.34,16679.0640,17078.7375,0
7151,136.39,16679.0640,17078.7375,0
7152,136.43,16679.0640,17078.7375,0
7153,136.47,16738.6380,17078.7375,0
7154,136.53,16738.6380,17078.7375,0
7155,136.58,16738.6380,17078.7375,0
7156,136.63,16738.6380,17078.7375,0
7157,136.67,16738.6380,17078.7375,0
7158,136.67,16738.6380,17078.7375,0
7163,136.71,16738.6380,17078.7375,0
7164,136.75,16959.4950,17078.7375,0
7165,136.80,16959.4950,17078.7375,0
7166,136.84,16959.4950,17078.7375,0
7167,136.88,16959.4950,17078.7375,0
7168,136.92,16959.4950,17078.7375,0
7170,136.98,16984.6937,17078.7375,0
7171,137.04,16984.6937,17078.7375,0
7172,137.10,16984.6937,17078.7375,0
7173,137.13,16984.6937,17078.7375,0
7174,137.17,16984.6937,17078.7375,0
7175,137.20,17123.7316,17123.7316,0
7176,137.25,17123.7316,17123.7316,0
7177,137.31,17123.7316,17123.7316,0
7178,137.37,17123.7316,17123.7316,0
7179,137.44,17123.7316,17123.7316,0
7180,137.44,17123.7316,17123.7316,0
7182,137.47,17123.7316,17123.7316,0
7185,137.54,17123.7316,17123.7316,0
7192,137.59,17123.7316,17123.7316,0
7194,137.64,17123.7316,17123.7316,0
7196,137.69,17123.7316,17123.7316,0
7199,137.72,17123.7316,17123.7316,0
7200,137.76,17123.7316,17123.7316,0
7210,137.80,17123.7316,17123.7316,0
7214,137.84,17123.7316,17123.7316,0
7217,137.88,17123.7316,17123.7316,0
7218,137.93,17123.7316,17123.7316,0
7225,137.97,17123.7316,17123.7316,0
7226,138.02,17123.7316,17123.7316,0
7230,138.06,17123.7316,17123.7316,0
7231,138.06,17123.7316,17123.7316,1
7232,138.16,16929.3316,17123.7316,0
7235,138.18,16929.3316,17123.7316,0
7236,138.22,16929.3316,17123.7316,0
7237,138.26,17123.7316,17123.7316,0
7238,138.26,17123.7316,17123.7316,0
7239,138.29,17123.7316,17123.7316,0
7240,138.31,17123.7316,17123.7316,0
7243,138.32,17123.7316,17123.7316,0
7245,138.32,17123.7316,17123.7316,0
7246,138.32,17123.7316,17123.7316,0
7249,138.32,17123.7316,17123.7316,0
7252,138.32,17123.7316,17123.7316,0
7254,138.32,17123.7316,17123.7316,0
7255,138.32,17123.7316,17123.7316,0
7258,138.32,17123.7316,17123.7316,0
7259,138.32,17123.7316,17123.7316,0
7261,138.32,17123.7316,17123.7316,0
7265,138.32,17123.7316,17123.7316,0
7271,138.32,17123.7316,17123.7316,0
7273,138.32,17123.7316,17123.7316,0
7274,138.32,17123.7316,17123.7316,0
7279,138.32,17123.7316,17123.7316,0
7281,138.32,17123.7316,17123.7316,0
7282,138.32,17123.7316,17123.7316,1
7283,138.42,16772.4569,17123.7316,0
7284,138.47,16772.4569,17123.7316,0
7285,138.51,16772.4569,17123.7316,0
7286,138.55,16923.7708,17123.7316,0
7287,138.61,16923.7708,17123.7316,0
7288,138.68,16923.7708,17123.7316,0
7289,138.72,17059.7886,17123.7316,0
7290,138.78,17059.7886,17123.7316,0
7291,138.82,17269.0472,17269.0472,0
7292,138.89,17269.0472,17269.0472,0
7293,138.93,17269.0472,17269.0472,0
7294,138.96,17269.0472,17269.0472,0
7295,139.01,17269.0472,17269.0472,0
7296,139.05,17429.2535,17429.2535,0
7297,139.09,17447.4809,17447.4809,0
7298,139.16,17456.5384,17456.5384,0
7299,139.23,17456.5384,17456.5384,0
7300,139.28,17456.5384,17456.5384,0
7301,139.33,17456.5384,17456.5384,0
7302,139.36,17456.5384,17456.5384,0
7303,139.40,17551.3343,17551.3343,0
7304,139.47,17551.3343,17551.3343,0
7305,139.54,17551.3343,17551.3343,0
7306,139.57,17551.3343,17551.3343,0
7307,139.64,17551.3343,17551.3343,0
7308,139.68,17551.3343,17551.3343,0
7309,139.72,17551.3343,17551.3343,0
7310,139.76,17669.1324,17669.1324,0
7311,139.80,17721.3083,17721.3083,0
7312,139.85,17721.3083,17721.3083,0
7313,139.90,17721.3083,17721.3083,0
7314,139.94,17727.3019,17727.3019,0
7315,140.01,17727.3019,17727.3019,0
7316,140.05,17727.3019,17727.3019,0
7317,140.10,17727.3019,17727.3019,0
7319,140.14,17729.0910,17729.0910,0
7320,140.21,17729.0910,17729.0910,0
7321,140.25,17729.0910,17729.0910,0
7322,140.25,17729.0910,17729.0910,0
7324,140.30,17729.0910,17729.0910,0
7325,140.34,17729.0910,17729.0910,0
7326,140.38,17729.0910,17729.0910,0
7327,140.42,17729.0910,17729.0910,0
7328,140.46,17729.0910,17729.0910,0
7330,140.53,17729.0910,17729.0910,0
7335,140.53,17729.0910,17729.0910,0
7336,140.58,17729.0910,17729.0910,0
7342,140.58,17729.0910,17729.0910,0
7345,140.58,17729.0910,17729.0910,0
7347,140.58,17729.0910,17729.0910,0
7348,140.62,17729.0910,17729.0910,0
7349,140.69,17729.0910,17729.0910,0
7350,140.73,17729.0910,17729.0910,0
7353,140.77,17729.0910,17729.0910,0
7361,140.80,17729.0910,17729.0910,0
7366,140.86,17729.0910,17729.0910,0
7368,140.90,17729.0910,17729.0910,0
7371,140.94,17729.0910,17729.0910,0
7374,140.98,17729.0910,17729.0910,0
7375,140.98,17729.0910,17729.0910,1
7376,141.07,17729.0910,17729.0910,0
7378,141.10,17729.0910,17729.0910,0
7379,141.13,17729.0910,17729.0910,0
7381,141.13,17729.0910,17729.0910,0
7382,141.14,17729.0910,17729.0910,0
7383,141.14,17729.0910,17729.0910,0
7384,141.14,17729.0910,17729.0910,0
7386,141.14,17729.0910,17729.0910,0
7387,141.14,17729.0910,17729.0910,0
7388,141.14,17729.0910,17729.0910,0
7391,141.14,17729.0910,17729.0910,0
7394,141.14,17729.0910,17729.0910,0
7396,141.14,17729.0910,17729.0910,0
7397,141.14,17729.0910,17729.0910,0
7398,141.14,17729.0910,17729.0910,0
7400,141.14,17729.0910,17729.0910,0
7402,141.14,17729.0910,17729.0910,0
7403,141.14,17729.0910,17729.0910,0
7406,141.14,17729.0910,17729.0910,0
7407,141.14,17729.0910,17729.0910,0
7414,141.14,17729.0910,17729.0910,0
7416,141.14,17729.0910,17729.0910,0
7424,141.14,17729.0910,17729.0910,0
7426,141.14,17729.0910,17729.0910,0
7427,141.14,17729.0910,17729.0910,1
7428,141.21,17385.5337,17729.0910,0
7429,141.28,17385.5337,17729.0910,0
7430,141.35,17385.5337,17729.0910,0
7431,141.38,17385.5337,17729.0910,0
7432,141.43,17385.5337,17729.0910,0
7433,141.46,17407.1354,17729.0910,0
7434,141.50,17407.1354,17729.0910,0
7435,141.57,17407.1354,17729.0910,0
7436,141.62,17593.0742,17729.0910,0
7437,141.68,17593.0742,17729.0910,0
7438,141.75,17593.0742,17729.0910,0
7439,141.79,17729.0910,17729.0910,0
7440,141.82,17729.0910,17729.0910,0
7442,141.83,17729.0910,17729.0910,0
7443,141.83,17729.0910,17729.0910,0
7444,141.83,17729.0910,17729.0910,0
7445,141.83,17729.0910,17729.0910,0
7447,141.83,17729.0910,17729.0910,0
7448,141.86,17729.0910,17729.0910,0
7450,141.86,17729.0910,17729.0910,0
7451,141.86,17729.0910,17729.0910,0
7452,141.86,17729.0910,17729.0910,0
7453,141.86,17729.0910,17729.0910,0
7454,141.86,17729.0910,17729.0910,0
7456,141.86,17729.0910,17729.0910,0
7458,141.86,17729.0910,17729.0910,0
7460,141.86,17729.0910,17729.0910,0
7461,141.86,17729.0910,17729.0910,0
7463,141.86,17729.0910,17729.0910,0
7464,141.86,17729.0910,17729.0910,0
7466,141.86,17729.0910,17729.0910,0
7467,141.86,17729.0910,17729.0910,0
7469,141.86,17729.0910,17729.0910,0
7474,141.86,17729.0910,17729.0910,0
7477,141.86,17729.0910,17729.0910,0
7478,141.86,17729.0910,17729.0910,1
7479,141.95,17260.4987,17729.0910,0
7480,142.00,17507.1481,17729.0910,0
7481,142.04,17658.4974,17729.0910,0
7483,142.11,17658.4974,17729.0910,0
7484,142.18,17658.4974,17729.0910,0
7486,142.22,17658.4974,17729.0910,0
7487,142.25,17658.4974,17729.0910,0
7488,142.29,17658.4974,17729.0910,0
7489,142.34,17658.4974,17729.0910,0
7491,142.39,17658.4974,17729.0910,0
7494,142.39,17658.4974,17729.0910,0
7495,142.39,17658.4974,17729.0910,0
7497,142.39,17658.4974,17729.0910,0
7498,142.42,17658.4974,17729.0910,0
7499,142.47,17658.4974,17729.0910,0
7501,142.51,17658.4974,17729.0910,0
7506,142.55,17658.4974,17729.0910,0
7518,142.59,17658.4974,17729.0910,0
7521,142.64,17658.4974,17729.0910,0
7526,142.68,17658.4974,17729.0910,0
7527,142.72,17658.4974,17729.0910,0
7529,142.78,17658.4974,17729.0910,0
7533,142.81,17658.4974,17729.0910,0
7538,142.85,17658.4974,17729.0910,0
7539,142.85,17729.0910,17729.0910,1
7540,142.95,17179.3082,17729.0910,0
7541,143.02,17179.3082,17729.0910,0
7542,143.06,17179.3082,17729.0910,0
7543,143.14,17179.3082,17729.0910,0
7544,143.18,17179.3082,17729.0910,0
7545,143.22,17179.3082,17729.0910,0
7546,143.26,17179.3082,17729.0910,0
7547,143.31,17179.3082,17729.0910,0
7548,143.35,17179.3082,17729.0910,0
7549,143.40,17179.3082,17729.0910,0
7550,143.45,17355.3996,17729.0910,0
7551,143.53,17355.3996,17729.0910,0
7552,143.57,17355.3996,17729.0910,0
7553,143.61,17355.3996,17729.0910,0
7554,143.66,17472.4464,17729.0910,0
7555,143.72,17472.4464,17729.0910,0
7556,143.77,17472.4464,17729.0910,0
7557,143.81,17472.4464,17729.0910,0
7558,143.88,17613.4763,17729.0910,0
7559,143.92,17613.4763,17729.0910,0
7560,144.00,17613.4763,17729.0910,0
7561,144.06,17613.4763,17729.0910,0
7562,144.12,17647.9212,17729.0910,0
7563,144.17,17647.9212,17729.0910,0
7564,144.25,17647.9212,17729.0910,0
7565,144.30,17647.9212,17729.0910,0
7566,144.36,17647.9212,17729.0910,0
7567,144.45,17647.9212,17729.0910,0
7568,144.49,17647.9212,17729.0910,0
7569,144.53,17647.9212,17729.0910,0
7570,144.59,17647.9212,17729.0910,0
7571,144.63,17647.9212,17729.0910,0
7572,144.68,17653.9715,17729.0910,0
7573,144.76,17653.9715,17729.0910,0
7574,144.83,17653.9715,17729.0910,0
7576,144.88,17653.9715,17729.0910,0
7577,144.93,17653.9715,17729.0910,0
7578,144.96,17653.9715,17729.0910,0
7580,145.01,17655.4408,17729.0910,0
7581,145.05,17655.4408,17729.0910,0
7582,145.13,17655.4408,17729.0910,0
7583,145.21,17658.3481,17729.0910,0
7584,145.24,17658.3481,17729.0910,0
7585,145.29,17658.3481,17729.0910,0
7586,145.36,17658.3481,17729.0910,0
7587,145.40,17658.3481,17729.0910,0
7588,145.48,17658.3481,17729.0910,0
7589,145.52,17658.3481,17729.0910,0
7590,145.56,17658.3481,17729.0910,0
7593,145.57,17658.3481,17729.0910,0
7594,145.61,17658.3481,17729.0910,0
7595,145.65,17658.3481,17729.0910,0
7596,145.69,17658.3481,17729.0910,0
7597,145.73,17658.3481,17729.0910,0
7598,145.78,17658.3481,17729.0910,0
7599,145.82,17658.3481,17729.0910,0
7600,145.87,17658.3481,17729.0910,0
7601,145.91,17658.3481,17729.0910,0
7602,145.96,17658.3481,17729.0910,0
7605,146.02,17658.3481,17729.0910,0
7606,146.02,17658.3481,17729.0910,0
7607,146.02,17658.3481,17729.0910,0
7608,146.02,17658.3481,17729.0910,0
7611,146.07,17658.3481,17729.0910,0
7612,146.11,17658.3481,17729.0910,0
7614,146.11,17658.3481,17729.0910,0
7617,146.11,17658.3481,17729.0910,0
7618,146.11,17658.3481,17729.0910,0
7619,146.16,17658.3481,17729.0910,0
7621,146.23,17658.3481,17729.0910,0
7622,146.27,17658.3481,17729.0910,0
7623,146.27,17658.3481,17729.0910,0
7627,146.27,17658.3481,17729.0910,0
7630,146.32,17658.3481,17729.0910,0
7631,146.32,17729.0910,17729.0910,1
7632,146.40,17320.2805,17729.0910,0
7633,146.47,17320.2805,17729.0910,0
7634,146.51,17320.2805,17729.0910,0
7635,146.59,17320.2805,17729.0910,0
7636,146.62,17320.2805,17729.0910,0
7637,146.67,17506.6595,17729.0910,0
7638,146.71,17699.5474,17729.0910,0
7639,146.78,17699.5474,17729.0910,0
7640,146.87,17699.5474,17729.0910,0
7641,146.92,17699.5474,17729.0910,0
7642,146.96,17699.5474,17729.0910,0
7643,147.00,17699.5474,17729.0910,0
7644,147.04,17699.5474,17729.0910,0
7645,147.08,17699.5474,17729.0910,0
7646,147.12,17699.5474,17729.0910,0
7647,147.16,17699.5474,17729.0910,0
7648,147.20,17712.8767,17729.0910,0
7649,147.24,17712.8767,17729.0910,0
7650,147.32,17712.8767,17729.0910,0
7651,147.35,17712.8767,17729.0910,0
7652,147.39,17712.8767,17729.0910,0
7653,147.44,17723.4368,17729.0910,0
7655,147.51,17723.4368,17729.0910,0
7656,147.55,17723.4368,17729.0910,0
7657,147.60,17723.4368,17729.0910,0
7658,147.70,17723.4368,17729.0910,0
7659,147.75,17723.4368,17729.0910,0
7660,147.79,17723.4368,17729.0910,0
7661,147.84,17723.4368,17729.0910,0
7662,147.84,17723.4368,17729.0910,0
7663,147.89,17723.4368,17729.0910,0
7664,147.89,17723.4368,17729.0910,0
7665,147.93,17723.4368,17729.0910,0
7666,147.93,17723.4368,17729.0910,0
7669,147.97,17723.4368,17729.0910,0
7670,148.02,17723.4368,17729.0910,0
7671,148.02,17723.4368,17729.0910,0
7672,148.02,17723.4368,17729.0910,0
7676,148.07,17723.4368,17729.0910,0
7677,148.12,17723.4368,17729.0910,0
7678,148.16,17723.4368,17729.0910,0
7683,148.20,17723.4368,17729.0910,0
7685,148.24,17723.4368,17729.0910,0
7687,148.27,17723.4368,17729.0910,0
7689,148.32,17723.4368,17729.0910,0
7693,148.37,17723.4368,17729.0910,0
7694,148.37,17729.0910,17729.0910,1
7695,148.48,16734.9359,17729.0910,0
7696,148.53,16736.7367,17729.0910,0
7697,148.58,16783.4278,17729.0910,0
7698,148.65,16783.4278,17729.0910,0
7699,148.73,16783.4278,17729.0910,0
7700,148.78,16863.2165,17729.0910,0
7701,148.83,17138.3331,17729.0910,0
7702,148.88,17138.3331,17729.0910,0
7703,148.93,17166.0192,17729.0910,0
7704,149.00,17166.0192,17729.0910,0
7705,149.05,17166.0192,17729.0910,0
7706,149.10,17166.0192,17729.0910,0
7707,149.14,17166.0192,17729.0910,0
7708,149.19,17166.0192,17729.0910,0
7709,149.23,17166.0192,17729.0910,0
7710,149.28,17211.3177,17729.0910,0
7711,149.37,17211.3177,17729.0910,0
7712,149.45,17211.3177,17729.0910,0
7713,149.49,17211.3177,17729.0910,0
7714,149.54,17211.3177,17729.0910,0
7715,149.60,17244.3701,17729.0910,0
7716,149.64,17314.6647,17729.0910,0
7717,149.68,17314.6647,17729.0910,0
7718,149.76,17314.6647,17729.0910,0
7720,149.81,17314.6647,17729.0910,0
7724,149.85,17314.6647,17729.0910,0
7725,149.93,17314.6647,17729.0910,0
7726,149.97,17314.6647,17729.0910,0
7727,149.97,17314.6647,17729.0910,0
7728,150.01,17318.5921,17729.0910,0
7729,150.08,17318.9462,17729.0910,0
7730,150.12,17318.9462,17729.0910,0
7731,150.19,17318.9462,17729.0910,0
7732,150.23,17318.9462,17729.0910,0
7733,150.29,17318.9462,17729.0910,0
7734,150.29,17318.9462,17729.0910,0
7735,150.33,17377.7832,17729.0910,0
7736,150.38,17377.7832,17729.0910,0
7737,150.42,17377.7832,17729.0910,0
7738,150.49,17377.7832,17729.0910,0
7739,150.57,17377.7832,17729.0910,0
7742,150.61,17377.7832,17729.0910,0
7743,150.65,17377.7832,17729.0910,0
7744,150.69,17377.7832,17729.0910,0
7745,150.69,17377.7832,17729.0910,0
7746,150.73,17377.7832,17729.0910,0
7747,150.77,17377.7832,17729.0910,0
7748,150.77,17377.7832,17729.0910,0
7749,150.81,17377.7832,17729.0910,0
7750,150.81,17377.7832,17729.0910,0
7751,150.81,17377.7832,17729.0910,0
7753,150.85,17377.7832,17729.0910,0
7757,150.89,17377.7832,17729.0910,0
7762,150.93,17377.7832,17729.0910,0
7764,150.98,17377.7832,17729.0910,0
7769,151.02,17377.7832,17729.0910,0
7774,151.06,17377.7832,17729.0910,0
7775,151.06,17729.0910,17729.0910,1
7776,151.16,16658.7633,17729.0910,0
7777,151.23,16658.7633,17729.0910,0
7778,151.31,16658.7633,17729.0910,0
7779,151.36,16658.7633,17729.0910,0
7780,151.41,16794.1666,17729.0910,0
7781,151.45,16920.2314,17729.0910,0
7782,151.59,16920.2314,17729.0910,0
7783,151.66,16920.2314,17729.0910,0
7784,151.70,17145.7777,17729.0910,0
7785,151.78,17145.7777,17729.0910,0
7786,151.84,17145.7777,17729.0910,0
7787,151.91,17269.6440,17729.0910,0
7788,151.96,17269.6440,17729.0910,0
7789,152.03,17269.6440,17729.0910,0
7790,152.07,17276.2874,17729.0910,0
7791,152.11,17314.6261,17729.0910,0
7792,152.16,17328.1598,17729.0910,0
7793,152.20,17388.0462,17729.0910,0
7794,152.27,17388.0462,17729.0910,0
7795,152.33,17522.1407,17729.0910,0
7796,152.37,17591.4501,17729.0910,0
7797,152.44,17672.0422,17729.0910,0
7798,152.49,17672.0422,17729.0910,0
7799,152.56,17675.1195,17729.0910,0
7800,152.63,17675.1195,17729.0910,0
7801,152.68,17697.5937,17729.0910,0
7802,152.72,17697.5937,17729.0910,0
7803,152.76,17697.5937,17729.0910,0
7805,152.80,17697.5937,17729.0910,0
7808,152.87,17700.9739,17729.0910,0
7809,152.94,17700.9739,17729.0910,0
7811,152.99,17704.6088,17729.0910,0
7812,153.04,17704.6088,17729.0910,0
7813,153.11,17704.6088,17729.0910,0
7814,153.18,17755.3436,17755.3436,0
7816,153.25,17755.3436,17755.3436,0
7818,153.32,17755.3436,17755.3436,0
7819,153.36,17755.3436,17755.3436,0
7821,153.40,17755.3436,17755.3436,0
7822,153.45,17755.4701,17755.4701,0
7823,153.49,17755.4701,17755.4701,0
7824,153.52,17755.4701,17755.4701,0
7826,153.56,17755.4701,17755.4701,0
7827,153.60,17755.4701,17755.4701,0
7828,153.65,17755.4701,17755.4701,0
7829,153.73,17755.4701,17755.4701,0
7830,153.77,17755.4701,17755.4701,0
7832,153.82,17755.4701,17755.4701,0
7833,153.85,17755.4701,17755.4701,0
7834,153.86,17755.4701,17755.4701,0
7836,153.89,17755.4701,17755.4701,0
7837,153.93,17755.4701,17755.4701,0
7838,153.97,17755.4701,17755.4701,0
7839,154.01,17755.4701,17755.4701,0
7840,154.06,17755.4701,17755.4701,0
7841,154.10,17755.4701,17755.4701,0
7844,154.10,17755.4701,17755.4701,0
7846,154.10,17755.4701,17755.4701,0
7849,154.14,17755.4701,17755.4701,0
7851,154.18,17755.4701,17755.4701,0
7854,154.18,17755.4701,17755.4701,0
7856,154.22,17755.4701,17755.4701,0
7857,154.22,17755.4701,17755.4701,0
7858,154.22,17755.4701,17755.4701,0
7862,154.22,17755.4701,17755.4701,0
7868,154.26,17755.4701,17755.4701,0
7869,154.26,17755.4701,17755.4701,1
7870,154.38,17561.0701,17755.4701,0
7871,154.45,17561.0701,17755.4701,0
7872,154.49,17561.0701,17755.4701,0
7873,154.54,17561.0701,17755.4701,0
7874,154.58,17561.0701,17755.4701,0
7875,154.63,17561.0701,17755.4701,0
7876,154.67,17561.0701,17755.4701,0
7877,154.72,17609.3860,17755.4701,0
7879,154.80,17609.3860,17755.4701,0
7880,154.85,17609.3860,17755.4701,0
7881,154.89,17609.3860,17755.4701,0
7882,154.97,17609.3860,17755.4701,0
7883,155.01,17609.3860,17755.4701,0
7885,155.06,17609.3860,17755.4701,0
7886,155.10,17609.3860,17755.4701,0
7887,155.14,17619.4523,17755.4701,0
7888,155.22,17619.4523,17755.4701,0
7889,155.27,17619.4523,17755.4701,0
7890,155.35,17619.4523,17755.4701,0
7891,155.39,17619.4523,17755.4701,0
7892,155.40,17619.4523,17755.4701,0
7893,155.40,17619.4523,17755.4701,0
7894,155.44,17755.4701,17755.4701,0
7895,155.48,17755.4701,17755.4701,0
7896,155.51,17755.4701,17755.4701,0
7897,155.51,17755.4701,17755.4701,0
7899,155.51,17755.4701,17755.4701,0
7902,155.52,17755.4701,17755.4701,0
7903,155.52,17755.4701,17755.4701,0
7904,155.52,17755.4701,17755.4701,0
7906,155.52,17755.4701,17755.4701,0
7907,155.52,17755.4701,17755.4701,0
7909,155.52,17755.4701,17755.4701,0
7910,155.52,17755.4701,17755.4701,0
7911,155.52,17755.4701,17755.4701,0
7912,155.52,17755.4701,17755.4701,0
7913,155.52,17755.4701,17755.4701,0
7914,155.52,17755.4701,17755.4701,0
7915,155.52,17755.4701,17755.4701,0
7918,155.52,17755.4701,17755.4701,0
7921,155.52,17755.4701,17755.4701,0
7924,155.52,17755.4701,17755.4701,0
7927,155.52,17755.4701,17755.4701,0
7928,155.52,17755.4701,17755.4701,0
7929,155.52,17755.4701,17755.4701,0
7930,155.52,17755.4701,17755.4701,0
7935,155.52,17755.4701,17755.4701,0
7936,155.52,17755.4701,17755.4701,0
7937,155.52,17755.4701,17755.4701,0
7938,155.52,17755.4701,17755.4701,1
7939,155.63,17411.9135,17755.4701,0
7940,155.70,17411.9135,17755.4701,0
7941,155.74,17433.5134,17755.4701,0
7942,155.81,17433.5134,17755.4701,0
7943,155.89,17433.5134,17755.4701,0
7944,155.92,17433.5134,17755.4701,0
7945,155.96,17433.5134,17755.4701,0
7946,156.00,17433.5134,17755.4701,0
7947,156.04,17561.0701,17755.4701,0
7948,156.07,17561.0701,17755.4701,0
7949,156.11,17561.0701,17755.4701,0
7950,156.11,17561.0701,17755.4701,0
7951,156.16,17609.3860,17755.4701,0
7952,156.25,17609.3860,17755.4701,0
7953,156.33,17609.3860,17755.4701,0
7954,156.33,17609.3860,17755.4701,0
7957,156.39,17609.3860,17755.4701,0
7958,156.39,17609.3860,17755.4701,0
7959,156.39,17609.3860,17755.4701,0
7960,156.39,17609.3860,17755.4701,0
7963,156.47,17609.3860,17755.4701,0
7965,156.47,17609.3860,17755.4701,0
7966,156.51,17609.3860,17755.4701,0
7967,156.55,17609.3860,17755.4701,0
7968,156.55,17609.3860,17755.4701,0
7969,156.55,17609.3860,17755.4701,0
7971,156.59,17609.3860,17755.4701,0
7972,156.64,17619.4523,17755.4701,0
7973,156.71,17619.4523,17755.4701,0
7974,156.75,17619.4523,17755.4701,0
7975,156.79,17619.4523,17755.4701,0
7976,156.85,17619.4523,17755.4701,0
7977,156.89,17755.4701,17755.4701,0
7978,156.93,17755.4701,17755.4701,0
7979,156.93,17755.4701,17755.4701,0
7981,156.94,17755.4701,17755.4701,0
7982,156.97,17755.4701,17755.4701,0
7983,156.97,17755.4701,17755.4701,0
7984,156.97,17755.4701,17755.4701,0
7986,156.97,17755.4701,17755.4701,0
7988,156.97,17755.4701,17755.4701,0
7989,156.97,17755.4701,17755.4701,0
7990,156.97,17755.4701,17755.4701,0
7991,156.97,17755.4701,17755.4701,0
7992,156.97,17755.4701,17755.4701,0
7993,156.97,17755.4701,17755.4701,0
7994,156.97,17755.4701,17755.4701,0
7995,156.97,17755.4701,17755.4701,0
7997,156.97,17755.4701,17755.4701,0
7998,156.97,17755.4701,17755.4701,0
8000,156.97,17755.4701,17755.4701,0
8002,156.97,17755.4701,17755.4701,0
8003,156.97,17755.4701,17755.4701,0
8004,156.97,17755.4701,17755.4701,0
8005,156.97,17755.4701,17755.4701,0
8006,156.97,17755.4701,17755.4701,0
8009,156.97,17755.4701,17755.4701,0
8012,156.97,17755.4701,17755.4701,0
8013,156.97,17755.4701,17755.4701,0
8014,156.97,17755.4701,17755.4701,1
8015,157.06,17424.1788,17755.4701,0
8016,157.13,17424.1788,17755.4701,0
8017,157.21,17424.1788,17755.4701,0
8018,157.24,17424.1788,17755.4701,0
8019,157.29,17604.8323,17755.4701,0
8020,157.36,17604.8323,17755.4701,0
8021,157.42,17604.8323,17755.4701,0
8022,157.50,17604.8323,17755.4701,0
8023,157.57,17755.4701,17755.4701,0
8025,157.58,17755.4701,17755.4701,0
8026,157.63,17755.4701,17755.4701,0
8027,157.63,17755.4701,17755.4701,0
8028,157.66,17755.4701,17755.4701,0
8031,157.66,17755.4701,17755.4701,0
8033,157.66,17755.4701,17755.4701,0
8034,157.66,17755.4701,17755.4701,0
8035,157.66,17755.4701,17755.4701,0
8037,157.66,17755.4701,17755.4701,0
8039,157.66,17755.4701,17755.4701,0
8040,157.66,17755.4701,17755.4701,0
8042,157.66,17755.4701,17755.4701,0
8044,157.66,17755.4701,17755.4701,0
8049,157.66,17755.4701,17755.4701,0
8050,157.66,17755.4701,17755.4701,0
8051,157.66,17755.4701,17755.4701,0
8052,157.66,17755.4701,17755.4701,0
8053,157.66,17755.4701,17755.4701,0
8054,157.66,17755.4701,17755.4701,0
8055,157.66,17755.4701,17755.4701,0
8056,157.66,17755.4701,17755.4701,0
8060,157.67,17755.4701,17755.4701,0
8065,157.67,17755.4701,17755.4701,0
8067,157.67,17755.4701,17755.4701,0
8069,157.67,17755.4701,17755.4701,0
8073,157.67,17755.4701,17755.4701,0
8074,157.67,17755.4701,17755.4701,1
8075,157.77,17225.3797,17755.4701,0
8076,157.81,17225.3797,17755.4701,0
8077,157.84,17225.3797,17755.4701,0
8078,157.92,17225.3797,17755.4701,0
8079,157.97,17225.3797,17755.4701,0
8080,158.01,17225.3797,17755.4701,0
8081,158.05,17225.3797,17755.4701,0
8082,158.10,17407.3481,17755.4701,0
8083,158.17,17407.3481,17755.4701,0
8085,158.25,17407.3481,17755.4701,0
8086,158.29,17407.3481,17755.4701,0
8088,158.33,17407.3481,17755.4701,0
8089,158.37,17407.3481,17755.4701,0
8090,158.42,17407.3481,17755.4701,0
8091,158.46,17407.3481,17755.4701,0
8092,158.46,17407.3481,17755.4701,0
8094,158.46,17407.3481,17755.4701,0
8095,158.51,17418.0258,17755.4701,0
8096,158.56,17418.0258,17755.4701,0
8097,158.62,17428.2796,17755.4701,0
8098,158.70,17428.2796,17755.4701,0
8099,158.74,17428.2796,17755.4701,0
8100,158.82,17428.2796,17755.4701,0
8101,158.86,17428.2796,17755.4701,0
8102,158.90,17428.2796,17755.4701,0
8103,158.95,17604.8788,17755.4701,0
8104,159.03,17604.8788,17755.4701,0
8105,159.08,17746.8444,17755.4701,0
8107,159.16,17746.8444,17755.4701,0
8109,159.24,17746.8444,17755.4701,0
8110,159.28,17746.8444,17755.4701,0
8111,159.28,17746.8444,17755.4701,0
8113,159.32,17746.8444,17755.4701,0
8114,159.36,17746.8444,17755.4701,0
8116,159.40,17746.8444,17755.4701,0
8117,159.44,17746.8444,17755.4701,0
8118,159.48,17746.8444,17755.4701,0
8119,159.52,17746.8444,17755.4701,0
8120,159.52,17746.8444,17755.4701,0
8121,159.56,17746.8444,17755.4701,0
8122,159.61,17746.8444,17755.4701,0
8123,159.67,17746.8444,17755.4701,0
8124,159.71,17746.8444,17755.4701,0
8125,159.72,17746.8444,17755.4701,0
8126,159.76,17746.8444,17755.4701,0
8127,159.76,17746.8444,17755.4701,0
8128,159.80,17746.8444,17755.4701,0
8129,159.84,17746.8444,17755.4701,0
8130,159.84,17746.8444,17755.4701,0
8131,159.84,17746.8444,17755.4701,0
8133,159.84,17746.8444,17755.4701,0
8134,159.84,17746.8444,17755.4701,0
8135,159.88,17746.8444,17755.4701,0
8136,159.88,17746.8444,17755.4701,0
8137,159.92,17828.1016,17828.1016,0
8138,160.00,17828.1016,17828.1016,0
8141,160.04,17831.2803,17831.2803,0
8142,160.09,17831.2803,17831.2803,0
8143,160.17,17831.2803,17831.2803,0
8144,160.24,17831.2803,17831.2803,0
8148,160.30,17831.2803,17831.2803,0
8149,160.35,17831.2803,17831.2803,0
8153,160.35,17831.2803,17831.2803,0
8155,160.35,17831.2803,17831.2803,0
8156,160.39,17831.2803,17831.2803,0
8157,160.43,17831.2803,17831.2803,0
8158,160.47,17831.2803,17831.2803,0
8159,160.51,17831.2803,17831.2803,0
8160,160.55,17831.2803,17831.2803,0
8163,160.55,17831.2803,17831.2803,0
8166,160.60,17831.2803,17831.2803,0
8167,160.64,17831.2803,17831.2803,0
8168,160.68,17831.2803,17831.2803,0
8169,160.69,17831.2803,17831.2803,0
8171,160.72,17831.2803,17831.2803,0
8173,160.77,17831.2803,17831.2803,0
8174,160.81,17831.2803,17831.2803,0
8177,160.81,17831.2803,17831.2803,0
8179,160.81,17831.2803,17831.2803,0
8181,160.85,17831.2803,17831.2803,0
8185,160.89,17831.2803,17831.2803,0
8186,160.89,17831.2803,17831.2803,0
8188,160.92,17831.2803,17831.2803,0
8192,160.92,17831.2803,17831.2803,0
8210,160.93,17831.2803,17831.2803,0
8220,160.93,17831.2803,17831.2803,0
8221,160.97,17831.2803,17831.2803,0
8222,160.97,17831.2803,17831.2803,1
8223,161.08,17636.8803,17831.2803,0
8224,161.15,17636.8803,17831.2803,0
8225,161.19,17636.8803,17831.2803,0
8226,161.24,17636.8803,17831.2803,0
8227,161.28,17636.8803,17831.2803,0
8228,161.32,17636.8803,17831.2803,0
8229,161.36,17831.2803,17831.2803,0
8230,161.37,17831.2803,17831.2803,0
8233,161.40,17831.2803,17831.2803,0
8235,161.40,17831.2803,17831.2803,0
8237,161.40,17831.2803,17831.2803,0
8238,161.40,17831.2803,17831.2803,0
8239,161.40,17831.2803,17831.2803,0
8240,161.40,17831.2803,17831.2803,0
8241,161.40,17831.2803,17831.2803,0
8243,161.40,17831.2803,17831.2803,0
8244,161.40,17831.2803,17831.2803,0
8245,161.40,17831.2803,17831.2803,0
8246,161.44,17831.2803,17831.2803,0
8247,161.44,17831.2803,17831.2803,0
8248,161.44,17831.2803,17831.2803,0
8249,161.44,17831.2803,17831.2803,0
8251,161.44,17831.2803,17831.2803,0
8252,161.44,17831.2803,17831.2803,0
8253,161.44,17831.2803,17831.2803,0
8254,161.44,17831.2803,17831.2803,0
8255,161.44,17831.2803,17831.2803,0
8257,161.44,17831.2803,17831.2803,0
8259,161.44,17831.2803,17831.2803,0
8260,161.44,17831.2803,17831.2803,0
8261,161.44,17831.2803,17831.2803,0
8262,161.44,17831.2803,17831.2803,0
8263,161.44,17831.2803,17831.2803,0
8265,161.44,17831.2803,17831.2803,0
8267,161.44,17831.2803,17831.2803,0
8270,161.44,17831.2803,17831.2803,0
8281,161.44,17831.2803,17831.2803,0
8282,161.44,17831.2803,17831.2803,1
8283,161.54,17487.7226,17831.2803,0
8284,161.58,17487.7226,17831.2803,0
8285,161.61,17628.1219,17831.2803,0
8286,161.66,17628.1219,17831.2803,0
8287,161.73,17628.1219,17831.2803,0
8288,161.77,17831.2803,17831.2803,0
8290,161.78,17831.2803,17831.2803,0
8291,161.81,17831.2803,17831.2803,0
8293,161.81,17831.2803,17831.2803,0
8295,161.85,17831.2803,17831.2803,0
8297,161.85,17831.2803,17831.2803,0
8298,161.85,17831.2803,17831.2803,0
8300,161.85,17831.2803,17831.2803,0
8301,161.85,17831.2803,17831.2803,0
8302,161.85,17831.2803,17831.2803,0
8304,161.85,17831.2803,17831.2803,0
8305,161.85,17831.2803,17831.2803,0
8306,161.85,17831.2803,17831.2803,0
8308,161.85,17831.2803,17831.2803,0
8309,161.85,17831.2803,17831.2803,0
8310,161.85,17831.2803,17831.2803,0
8312,161.85,17831.2803,17831.2803,0
8313,161.85,17831.2803,17831.2803,0
8316,161.85,17831.2803,17831.2803,0
8317,161.85,17831.2803,17831.2803,0
8318,161.85,17831.2803,17831.2803,0
8319,161.85,17831.2803,17831.2803,0
8320,161.85,17831.2803,17831.2803,0
8323,161.85,17831.2803,17831.2803,0
8324,161.85,17831.2803,17831.2803,0
8330,161.85,17831.2803,17831.2803,0
8334,161.85,17831.2803,17831.2803,0
8339,161.85,17831.2803,17831.2803,0
8340,161.85,17831.2803,17831.2803,0
8353,161.85,17831.2803,17831.2803,0
8370,161.85,17831.2803,17831.2803,0
8371,161.85,17831.2803,17831.2803,1
8372,161.96,17253.6637,17831.2803,0
8373,162.01,17253.6637,17831.2803,0
8374,162.06,17499.8716,17831.2803,0
8375,162.10,17609.9208,17831.2803,0
8376,162.17,17609.9208,17831.2803,0
8377,162.22,17609.9208,17831.2803,0
8378,162.26,17609.9208,17831.2803,0
8379,162.30,17609.9208,17831.2803,0
8380,162.36,17609.9208,17831.2803,0
8382,162.44,17609.9208,17831.2803,0
8383,162.48,17609.9208,17831.2803,0
8384,162.52,17609.9208,17831.2803,0
8385,162.56,17760.7150,17831.2803,0
8386,162.64,17760.7150,17831.2803,0
8387,162.74,17760.7150,17831.2803,0
8388,162.79,17760.7150,17831.2803,0
8389,162.83,17760.7150,17831.2803,0
8390,162.86,17760.7150,17831.2803,0
8391,162.90,17760.7150,17831.2803,0
8392,162.90,17760.7150,17831.2803,0
8393,162.95,17760.7150,17831.2803,0
8394,162.95,17760.7150,17831.2803,0
8395,163.01,17760.7150,17831.2803,0
8396,163.01,17760.7150,17831.2803,0
8397,163.05,17760.7150,17831.2803,0
8400,163.10,17760.7150,17831.2803,0
8401,163.10,17760.7150,17831.2803,0
8404,163.10,17760.7150,17831.2803,0
8405,163.14,17760.7150,17831.2803,0
8407,163.18,17760.7150,17831.2803,0
8409,163.22,17760.7150,17831.2803,0
8410,163.22,17760.7150,17831.2803,0
8411,163.26,17760.7150,17831.2803,0
8413,163.26,17760.7150,17831.2803,0
8416,163.31,17760.7150,17831.2803,0
8417,163.35,17760.7150,17831.2803,0
8419,163.39,17760.7150,17831.2803,0
8421,163.43,17760.7150,17831.2803,0
8426,163.47,17760.7150,17831.2803,0
8427,163.47,17831.2803,17831.2803,1
8428,163.56,17268.5572,17831.2803,0
8429,163.64,17268.5572,17831.2803,0
8430,163.68,17460.4854,17831.2803,0
8431,163.73,17631.5510,17831.2803,0
8432,163.80,17631.5510,17831.2803,0
8433,163.84,17634.9119,17831.2803,0
8435,163.90,17634.9119,17831.2803,0
8436,163.95,17634.9119,17831.2803,0
8438,164.02,17634.9119,17831.2803,0
8439,164.06,17634.9119,17831.2803,0
8440,164.10,17634.9119,17831.2803,0
8441,164.14,17634.9119,17831.2803,0
8442,164.14,17634.9119,17831.2803,0
8444,164.18,17634.9119,17831.2803,0
8446,164.23,17634.9119,17831.2803,0
8447,164.28,17634.9119,17831.2803,0
8448,164.32,17634.9119,17831.2803,0
8450,164.35,17634.9119,17831.2803,0
8452,164.39,17634.9119,17831.2803,0
8453,164.44,17634.9119,17831.2803,0
8454,164.48,17634.9119,17831.2803,0
8456,164.48,17634.9119,17831.2803,0
8457,164.52,17634.9119,17831.2803,0
8458,164.56,17634.9119,17831.2803,0
8459,164.60,17634.9119,17831.2803,0
8460,164.60,17634.9119,17831.2803,0
8461,164.64,17634.9119,17831.2803,0
8463,164.64,17634.9119,17831.2803,0
8465,164.67,17634.9119,17831.2803,0
8467,164.71,17634.9119,17831.2803,0
8469,164.71,17634.9119,17831.2803,0
8470,164.75,17634.9119,17831.2803,0
8471,164.80,17634.9119,17831.2803,0
8473,164.84,17634.9119,17831.2803,0
8474,164.88,17634.9119,17831.2803,0
8475,164.88,17634.9119,17831.2803,0
8476,164.88,17634.9119,17831.2803,0
8478,164.92,17634.9119,17831.2803,0
8479,164.92,17634.9119,17831.2803,0
8481,164.92,17634.9119,17831.2803,0
8482,164.96,17634.9119,17831.2803,0
8483,164.96,17634.9119,17831.2803,0
8486,164.96,17634.9119,17831.2803,0
8487,164.96,17634.9119,17831.2803,0
8488,164.96,17634.9119,17831.2803,0
8489,164.96,17634.9119,17831.2803,0
8491,165.00,17634.9119,17831.2803,0
8493,165.05,17634.9119,17831.2803,0
8494,165.05,17634.9119,17831.2803,0
8498,165.05,17634.9119,17831.2803,0
8499,165.05,17831.2803,17831.2803,1
8500,165.14,17191.6654,17831.2803,0
8501,165.21,17191.6654,17831.2803,0
8502,165.28,17191.6654,17831.2803,0
8503,165.32,17191.6654,17831.2803,0
8504,165.36,17200.0650,17831.2803,0
8505,165.41,17200.0650,17831.2803,0
8506,165.45,17200.0650,17831.2803,0
8507,165.53,17200.0650,17831.2803,0
8508,165.56,17200.0650,17831.2803,0
8509,165.61,17296.2587,17831.2803,0
8510,165.68,17296.2587,17831.2803,0
8511,165.75,17296.2587,17831.2803,0
8512,165.79,17480.7559,17831.2803,0
8513,165.84,17672.5098,17831.2803,0
8514,165.91,17672.5098,17831.2803,0
8515,165.98,17672.5098,17831.2803,0
8516,166.02,17672.5098,17831.2803,0
8517,166.05,17672.5098,17831.2803,0
8518,166.10,17818.9981,17831.2803,0
8519,166.17,17818.9981,17831.2803,0
8520,166.25,17818.9981,17831.2803,0
8521,166.30,17818.9981,17831.2803,0
8522,166.35,17831.2803,17831.2803,0
8523,166.38,17831.2803,17831.2803,0
8526,166.41,17831.2803,17831.2803,0
8527,166.42,17831.2803,17831.2803,0
8528,166.42,17831.2803,17831.2803,0
8530,166.42,17831.2803,17831.2803,0
8533,166.42,17831.2803,17831.2803,0
8534,166.42,17831.2803,17831.2803,0
8535,166.42,17831.2803,17831.2803,0
8536,166.42,17831.2803,17831.2803,0
8537,166.42,17831.2803,17831.2803,0
8538,166.42,17831.2803,17831.2803,0
8539,166.42,17831.2803,17831.2803,0
8540,166.42,17831.2803,17831.2803,0
8541,166.42,17831.2803,17831.2803,0
8542,166.42,17831.2803,17831.2803,0
8543,166.42,17831.2803,17831.2803,0
8545,166.42,17831.2803,17831.2803,0
8547,166.42,17831.2803,17831.2803,0
8548,166.42,17831.2803,17831.2803,0
8550,166.42,17831.2803,17831.2803,0
8551,166.42,17831.2803,17831.2803,0
8552,166.42,17831.2803,17831.2803,0
8553,166.42,17831.2803,17831.2803,0
8557,166.42,17831.2803,17831.2803,0
8559,166.42,17831.2803,17831.2803,0
8560,166.42,17831.2803,17831.2803,0
8561,166.42,17831.2803,17831.2803,0
8563,166.42,17831.2803,17831.2803,0
8566,166.42,17831.2803,17831.2803,0
8568,166.42,17831.2803,17831.2803,0
8569,166.42,17831.2803,17831.2803,1
8570,166.52,16997.9695,17831.2803,0
8571,166.59,17214.9227,17831.2803,0
8572,166.65,17214.9227,17831.2803,0
8573,166.69,17214.9227,17831.2803,0
8574,166.77,17219.8465,17831.2803,0
8575,166.85,17219.8465,17831.2803,0
8576,166.92,17219.8465,17831.2803,0
8577,166.97,17247.8003,17831.2803,0
8578,167.03,17291.1774,17831.2803,0
8579,167.07,17291.1774,17831.2803,0
8580,167.15,17291.1774,17831.2803,0
8581,167.20,17291.1774,17831.2803,0
8582,167.27,17291.1774,17831.2803,0
8583,167.32,17291.1774,17831.2803,0
8584,167.36,17291.1774,17831.2803,0
8585,167.41,17291.1774,17831.2803,0
8586,167.41,17291.1774,17831.2803,0
8587,167.45,17291.1774,17831.2803,0
8588,167.50,17291.1774,17831.2803,0
8589,167.55,17323.7048,17831.2803,0
8590,167.60,17323.7048,17831.2803,0
8591,167.68,17323.7048,17831.2803,0
8593,167.74,17334.2455,17831.2803,0
8594,167.79,17334.2455,17831.2803,0
8595,167.88,17334.2455,17831.2803,0
8597,167.96,17339.7591,17831.2803,0
8598,168.04,17339.7591,17831.2803,0
8599,168.09,17339.7591,17831.2803,0
8600,168.24,17339.7591,17831.2803,0
8603,168.24,17339.7591,17831.2803,0
8604,168.32,17339.7591,17831.2803,0
8605,168.37,17339.7591,17831.2803,0
8606,168.42,17339.7591,17831.2803,0
8607,168.47,17339.7591,17831.2803,0
8609,168.51,17356.0342,17831.2803,0
8610,168.59,17356.0342,17831.2803,0
8611,168.65,17356.0342,17831.2803,0
8612,168.72,17356.0342,17831.2803,0
8613,168.82,17356.0342,17831.2803,0
8614,168.87,17356.0342,17831.2803,0
8615,168.91,17373.0092,17831.2803,0
8616,168.98,17373.7210,17831.2803,0
8618,169.06,17375.7968,17831.2803,0
8619,169.14,17375.7968,17831.2803,0
8621,169.21,17375.7968,17831.2803,0
8622,169.26,17375.7968,17831.2803,0
8623,169.31,17384.9225,17831.2803,0
8624,169.37,17384.9225,17831.2803,0
8625,169.42,17515.3024,17831.2803,0
8626,169.50,17515.3024,17831.2803,0
8627,169.55,17515.3024,17831.2803,0
8628,169.59,17515.3024,17831.2803,0
8629,169.64,17515.3024,17831.2803,0
8630,169.69,17590.6222,17831.2803,0
8631,169.77,17590.6222,17831.2803,0
8632,169.81,17590.6222,17831.2803,0
8633,169.88,17590.6222,17831.2803,0
8634,169.92,17590.6222,17831.2803,0
8635,169.98,17590.6222,17831.2803,0
8636,170.02,17590.6222,17831.2803,0
8637,170.07,17590.6222,17831.2803,0
8638,170.11,17590.6222,17831.2803,0
8639,170.15,17590.6222,17831.2803,0
8640,170.19,17590.6222,17831.2803,0
8641,170.24,17738.6977,17831.2803,0
8642,170.32,17743.9313,17831.2803,0
8643,170.39,17743.9313,17831.2803,0
8644,170.44,17893.8871,17893.8871,0
8645,170.51,17893.8871,17893.8871,0
8647,170.55,17893.8871,17893.8871,0
8648,170.62,17893.8871,17893.8871,0
8650,170.68,17893.8871,17893.8871,0
8651,170.68,17893.8871,17893.8871,0
8653,170.72,17893.8871,17893.8871,0
8656,170.76,17893.8871,17893.8871,0
8657,170.79,17894.1331,17894.1331,0
8660,170.89,17894.1331,17894.1331,0
8661,170.94,17894.1331,17894.1331,0
8662,170.98,17894.1331,17894.1331,0
8663,171.06,17894.1331,17894.1331,0
8664,171.10,17894.1331,17894.1331,0
8666,171.13,17894.1331,17894.1331,0
8668,171.17,17894.1331,17894.1331,0
8669,171.17,17894.1331,17894.1331,0
8670,171.17,17894.1331,17894.1331,0
8671,171.22,17894.1331,17894.1331,0
8672,171.22,17894.1331,17894.1331,0
8673,171.25,17894.1331,17894.1331,0
8674,171.25,17894.1331,17894.1331,0
8675,171.25,17894.1331,17894.1331,0
8676,171.25,17894.1331,17894.1331,0
8677,171.29,17894.1331,17894.1331,0
8678,171.34,17894.1331,17894.1331,0
8679,171.39,17894.1331,17894.1331,0
8680,171.44,17894.1331,17894.1331,0
8683,171.49,17894.1331,17894.1331,0
8684,171.49,17894.1331,17894.1331,0
8686,171.53,17894.1331,17894.1331,0
8687,171.53,17894.1331,17894.1331,0
8688,171.53,17894.1331,17894.1331,0
8689,171.53,17894.1331,17894.1331,0
8692,171.58,17894.1331,17894.1331,0
8693,171.61,17894.1331,17894.1331,0
8695,171.66,17894.1331,17894.1331,0
8697,171.71,17894.1331,17894.1331,0
8699,171.71,17894.1331,17894.1331,0
8700,171.71,17894.1331,17894.1331,0
8701,171.75,17894.1331,17894.1331,0
8702,171.80,17894.1331,17894.1331,0
8704,171.80,17894.1331,17894.1331,0
8706,171.85,17894.1331,17894.1331,0
8707,171.90,17894.1331,17894.1331,0
8708,171.90,17894.1331,17894.1331,1
8709,172.01,17699.7352,17894.1331,0
8710,172.05,17894.1331,17894.1331,0
8711,172.09,17894.1331,17894.1331,0
8712,172.12,17894.1331,17894.1331,0
8713,172.13,17894.1331,17894.1331,0
8714,172.13,17894.1331,17894.1331,0
8716,172.13,17894.1331,17894.1331,0
8718,172.13,17894.1331,17894.1331,0
8719,172.13,17894.1331,17894.1331,0
8720,172.13,17894.1331,17894.1331,0
8721,172.13,17894.1331,17894.1331,0
8722,172.13,17894.1331,17894.1331,0
8723,172.13,17894.1331,17894.1331,0
8725,172.13,17894.1331,17894.1331,0
8727,172.13,17894.1331,17894.1331,0
8730,172.13,17894.1331,17894.1331,0
8732,172.13,17894.1331,17894.1331,0
8733,172.13,17894.1331,17894.1331,0
8734,172.13,17894.1331,17894.1331,0
8735,172.13,17894.1331,17894.1331,0
8736,172.13,17894.1331,17894.1331,0
8737,172.13,17894.1331,17894.1331,0
8738,172.13,17894.1331,17894.1331,0
8739,172.13,17894.1331,17894.1331,0
8740,172.13,17894.1331,17894.1331,0
8742,172.13,17894.1331,17894.1331,0
8743,172.13,17894.1331,17894.1331,0
8745,172.13,17894.1331,17894.1331,0
8746,172.13,17894.1331,17894.1331,0
8747,172.13,17894.1331,17894.1331,0
8748,172.13,17894.1331,17894.1331,0
8750,172.13,17894.1331,17894.1331,0
8753,172.13,17894.1331,17894.1331,0
8754,172.13,17894.1331,17894.1331,0
8756,172.13,17894.1331,17894.1331,0
8758,172.13,17894.1331,17894.1331,0
8764,172.13,17894.1331,17894.1331,0
8765,172.13,17894.1331,17894.1331,0
8766,172.13,17894.1331,17894.1331,1
8767,172.26,17535.0802,17894.1331,0
8768,172.36,17535.0802,17894.1331,0
8769,172.41,17757.2962,17894.1331,0
8770,172.45,17894.1331,17894.1331,0
8771,172.49,17894.1331,17894.1331,0
8773,172.49,17894.1331,17894.1331,0
8774,172.52,17894.1331,17894.1331,0
8775,172.53,17894.1331,17894.1331,0
8776,172.53,17894.1331,17894.1331,0
8777,172.53,17894.1331,17894.1331,0
8778,172.53,17894.1331,17894.1331,0
8779,172.53,17894.1331,17894.1331,0
8780,172.53,17894.1331,17894.1331,0
8781,172.53,17894.1331,17894.1331,0
8783,172.53,17894.1331,17894.1331,0
8784,172.53,17894.1331,17894.1331,0
8785,172.53,17894.1331,17894.1331,0
8786,172.53,17894.1331,17894.1331,0
8787,172.53,17894.1331,17894.1331,0
8788,172.53,17894.1331,17894.1331,0
8789,172.53,17894.1331,17894.1331,0
8790,172.53,17894.1331,17894.1331,0
8791,172.53,17894.1331,17894.1331,0
8792,172.53,17894.1331,17894.1331,0
8794,172.53,17894.1331,17894.1331,0
8795,172.53,17894.1331,17894.1331,0
8796,172.53,17894.1331,17894.1331,0
8797,172.53,17894.1331,17894.1331,0
8800,172.53,17894.1331,17894.1331,0
8801,172.53,17894.1331,17894.1331,0
8805,172.53,17894.1331,17894.1331,0
8806,172.53,17894.1331,17894.1331,0
8807,172.53,17894.1331,17894.1331,0
8808,172.53,17894.1331,17894.1331,0
8810,172.53,17894.1331,17894.1331,0
8820,172.53,17894.1331,17894.1331,0
8825,172.53,17894.1331,17894.1331,0
8831,172.53,17894.1331,17894.1331,0
8832,172.53,17894.1331,17894.1331,0
8835,172.53,17894.1331,17894.1331,0
8836,172.53,17894.1331,17894.1331,1
8837,172.62,17554.0851,17894.1331,0
8838,172.67,17554.0851,17894.1331,0
8839,172.71,17702.3088,17894.1331,0
8840,172.75,17894.1331,17894.1331,0
8845,172.79,17894.1331,17894.1331,0
8846,172.83,17894.1331,17894.1331,0
8847,172.83,17894.1331,17894.1331,0
8848,172.83,17894.1331,17894.1331,0
8849,172.83,17894.1331,17894.1331,0
8850,172.83,17894.1331,17894.1331,0
8852,172.83,17894.1331,17894.1331,0
8853,172.83,17894.1331,17894.1331,0
8854,172.83,17894.1331,17894.1331,0
8855,172.83,17894.1331,17894.1331,0
8856,172.83,17894.1331,17894.1331,0
8858,172.83,17894.1331,17894.1331,0
8859,172.83,17894.1331,17894.1331,0
8860,172.83,17894.1331,17894.1331,0
8861,172.83,17894.1331,17894.1331,0
8862,172.83,17894.1331,17894.1331,0
8863,172.83,17894.1331,17894.1331,0
8864,172.83,17894.1331,17894.1331,0
8865,172.83,17894.1331,17894.1331,0
8866,172.83,17894.1331,17894.1331,0
8867,172.83,17894.1331,17894.1331,0
8868,172.83,17894.1331,17894.1331,0
8869,172.83,17894.1331,17894.1331,0
8871,172.83,17894.1331,17894.1331,0
8872,172.83,17894.1331,17894.1331,0
8875,172.83,17894.1331,17894.1331,0
8877,172.83,17894.1331,17894.1331,0
8879,172.83,17894.1331,17894.1331,0
8880,172.83,17894.1331,17894.1331,0
8881,172.83,17894.1331,17894.1331,0
8882,172.83,17894.1331,17894.1331,0
8885,172.83,17894.1331,17894.1331,0
8887,172.83,17894.1331,17894.1331,0
8888,172.83,17894.1331,17894.1331,0
8890,172.83,17894.1331,17894.1331,0
8891,172.83,17894.1331,17894.1331,0
8892,172.83,17894.1331,17894.1331,1
8893,172.93,17307.8208,17894.1331,0
8894,172.98,17307.8208,17894.1331,0
8895,173.05,17307.8208,17894.1331,0
8896,173.13,17307.8208,17894.1331,0
8897,173.17,17307.8208,17894.1331,0
8898,173.21,17307.8208,17894.1331,0
8899,173.26,17307.8208,17894.1331,0
8900,173.30,17498.3080,17894.1331,0
8901,173.39,17498.3080,17894.1331,0
8902,173.47,17498.3080,17894.1331,0
8903,173.51,17498.3080,17894.1331,0
8904,173.56,17498.3080,17894.1331,0
8905,173.60,17499.3756,17894.1331,0
8906,173.65,17622.4430,17894.1331,0
8907,173.70,17768.2757,17894.1331,0
8908,173.79,17772.5969,17894.1331,0
8909,173.85,17772.5969,17894.1331,0
8910,173.90,17772.5969,17894.1331,0
8911,173.95,17772.5969,17894.1331,0
8912,173.99,17772.5969,17894.1331,0
8913,174.07,17772.5969,17894.1331,0
8914,174.16,17772.5969,17894.1331,0
8915,174.20,17772.5969,17894.1331,0
8916,174.24,17772.5969,17894.1331,0
8917,174.29,17772.5969,17894.1331,0
8919,174.34,17772.5969,17894.1331,0
8920,174.38,17772.5969,17894.1331,0
8922,174.38,17772.5969,17894.1331,0
8925,174.43,17772.5969,17894.1331,0
8926,174.47,17772.5969,17894.1331,0
8927,174.52,17772.5969,17894.1331,0
8928,174.56,17772.5969,17894.1331,0
8929,174.56,17772.5969,17894.1331,0
8930,174.60,17772.5969,17894.1331,0
8931,174.64,17772.5969,17894.1331,0
8932,174.68,17772.5969,17894.1331,0
8934,174.68,17772.5969,17894.1331,0
8935,174.73,17772.5969,17894.1331,0
8936,174.77,17772.5969,17894.1331,0
8937,174.82,17772.5969,17894.1331,0
8938,174.86,17772.5969,17894.1331,0
8939,174.90,17772.5969,17894.1331,0
8940,174.95,17772.5969,17894.1331,0
8941,174.95,17772.5969,17894.1331,0
8949,174.95,17772.5969,17894.1331,0
8950,174.99,17772.5969,17894.1331,0
8953,174.99,17772.5969,17894.1331,0
8954,174.99,17772.5969,17894.1331,0
8955,174.99,17772.5969,17894.1331,0
8958,174.99,17772.5969,17894.1331,0
8959,175.04,17772.5969,17894.1331,0
8961,175.08,17772.5969,17894.1331,0
8962,175.08,17772.5969,17894.1331,0
8964,175.08,17772.5969,17894.1331,0
8965,175.12,17772.5969,17894.1331,0
8967,175.12,17772.5969,17894.1331,0
8968,175.12,17772.5969,17894.1331,0
8970,175.12,17772.5969,17894.1331,0
8975,175.12,17772.5969,17894.1331,0
8977,175.17,17772.5969,17894.1331,0
8979,175.17,17772.5969,17894.1331,0
8985,175.17,17772.5969,17894.1331,0
8986,175.17,17894.1331,17894.1331,1
8987,175.28,17445.5431,17894.1331,0
8988,175.33,17445.5431,17894.1331,0
8989,175.38,17633.4839,17894.1331,0
8990,175.44,17633.4839,17894.1331,0
8991,175.48,17787.5277,17894.1331,0
8992,175.56,17787.5277,17894.1331,0
8993,175.60,17787.5277,17894.1331,0
8994,175.66,17862.7326,17894.1331,0
8995,175.74,17862.7326,17894.1331,0
8996,175.82,17862.7326,17894.1331,0
8997,175.86,17862.7326,17894.1331,0
8998,175.91,17862.7326,17894.1331,0
8999,175.95,17862.7326,17894.1331,0
9000,175.98,17862.7326,17894.1331,0
9001,176.02,17894.1331,17894.1331,0
9002,176.06,17894.1331,17894.1331,0
9003,176.10,17894.1331,17894.1331,0
9005,176.10,17894.1331,17894.1331,0
9006,176.10,17894.1331,17894.1331,0
9007,176.10,17894.1331,17894.1331,0
9009,176.10,17894.1331,17894.1331,0
9010,176.10,17894.1331,17894.1331,0
9015,176.10,17894.1331,17894.1331,0
9016,176.10,17894.1331,17894.1331,0
9018,176.10,17894.1331,17894.1331,0
9019,176.10,17894.1331,17894.1331,0
9020,176.10,17894.1331,17894.1331,0
9021,176.10,17894.1331,17894.1331,0
9022,176.10,17894.1331,17894.1331,0
9024,176.10,17894.1331,17894.1331,0
9025,176.10,17894.1331,17894.1331,0
9026,176.10,17894.1331,17894.1331,0
9027,176.10,17894.1331,17894.1331,0
9028,176.10,17894.1331,17894.1331,0
9029,176.10,17894.1331,17894.1331,0
9030,176.10,17894.1331,17894.1331,0
9031,176.10,17894.1331,17894.1331,0
9032,176.10,17894.1331,17894.1331,0
9033,176.10,17894.1331,17894.1331,0
9034,176.10,17894.1331,17894.1331,0
9035,176.10,17894.1331,17894.1331,0
9037,176.10,17894.1331,17894.1331,0
9042,176.10,17894.1331,17894.1331,0
9043,176.10,17894.1331,17894.1331,0
9045,176.10,17894.1331,17894.1331,0
9046,176.10,17894.1331,17894.1331,0
9048,176.10,17894.1331,17894.1331,0
9064,176.10,17894.1331,17894.1331,0
9066,176.10,17894.1331,17894.1331,0
9067,176.10,17894.1331,17894.1331,0
9078,176.10,17894.1331,17894.1331,0
9079,176.10,17894.1331,17894.1331,1
9080,176.20,17122.1502,17894.1331,0
9081,176.24,17122.1502,17894.1331,0
9082,176.29,17272.2349,17894.1331,0
9083,176.37,17272.2349,17894.1331,0
9084,176.41,17272.2349,17894.1331,0
9085,176.45,17272.2349,17894.1331,0
9086,176.49,17272.7734,17894.1331,0
9087,176.57,17272.7734,17894.1331,0
9088,176.61,17362.2305,17894.1331,0
9089,176.66,17387.9600,17894.1331,0
9090,176.70,17401.8561,17894.1331,0
9092,176.75,17401.8561,17894.1331,0
9093,176.83,17401.8561,17894.1331,0
9094,176.88,17401.8561,17894.1331,0
9095,176.92,17401.8561,17894.1331,0
9096,176.96,17431.5436,17894.1331,0
9097,177.03,17431.5436,17894.1331,0
9098,177.07,17580.5981,17894.1331,0
9099,177.15,17580.5981,17894.1331,0
9100,177.19,17789.6662,17894.1331,0
9102,177.27,17789.6662,17894.1331,0
9104,177.35,17789.6662,17894.1331,0
9105,177.39,17789.6662,17894.1331,0
9106,177.44,17789.6662,17894.1331,0
9107,177.44,17789.6662,17894.1331,0
9108,177.48,17789.6662,17894.1331,0
9109,177.51,17789.6662,17894.1331,0
9110,177.51,17789.6662,17894.1331,0
9111,177.55,17789.6662,17894.1331,0
9112,177.60,17789.6662,17894.1331,0
9113,177.65,17789.6662,17894.1331,0
9114,177.70,17789.6662,17894.1331,0
9115,177.70,17789.6662,17894.1331,0
9119,177.73,17789.6662,17894.1331,0
9121,177.78,17789.6662,17894.1331,0
9123,177.78,17789.6662,17894.1331,0
9125,177.78,17789.6662,17894.1331,0
9126,177.82,17789.6662,17894.1331,0
9127,177.82,17789.6662,17894.1331,0
9128,177.87,17789.6662,17894.1331,0
9131,177.92,17789.6662,17894.1331,0
9132,177.96,17789.6662,17894.1331,0
9135,178.00,17789.6662,17894.1331,0
9136,178.05,17789.6662,17894.1331,0
9137,178.05,17894.1331,17894.1331,1
9138,178.15,16899.8149,17894.1331,0
9139,178.22,16899.8149,17894.1331,0
9140,178.31,16899.8149,17894.1331,0
9141,178.35,16899.8149,17894.1331,0
9142,178.40,16940.2986,17894.1331,0
9143,178.48,16940.2986,17894.1331,0
9144,178.53,16940.2986,17894.1331,0
9145,178.57,16940.2986,17894.1331,0
9146,178.62,16940.2986,17894.1331,0
9147,178.70,16941.2500,17894.1331,0
9148,178.75,17182.6909,17894.1331,0
9149,178.79,17518.7364,17894.1331,0
9150,178.86,17518.7364,17894.1331,0
9151,178.93,17518.7364,17894.1331,0
9152,178.97,17518.7364,17894.1331,0
9153,179.01,17518.7364,17894.1331,0
9154,179.05,17575.8322,17894.1331,0
9155,179.12,17576.0740,17894.1331,0
9158,179.20,17576.0740,17894.1331,0
9159,179.23,17580.3654,17894.1331,0
9160,179.27,17624.0376,17894.1331,0
9161,179.32,17624.0376,17894.1331,0
9162,179.36,17637.6152,17894.1331,0
9163,179.40,17637.6152,17894.1331,0
9164,179.47,17637.6152,17894.1331,0
9165,179.52,17637.6152,17894.1331,0
9166,179.56,17637.6152,17894.1331,0
9168,179.61,17637.6152,17894.1331,0
9169,179.68,17637.6152,17894.1331,0
9170,179.72,17637.6152,17894.1331,0
9172,179.76,17637.6152,17894.1331,0
9175,179.76,17637.6152,17894.1331,0
9176,179.76,17637.6152,17894.1331,0
9178,179.80,17637.6152,17894.1331,0
9179,179.80,17637.6152,17894.1331,0
9180,179.84,17637.6152,17894.1331,0
9181,179.88,17637.6152,17894.1331,0
9182,179.92,17637.6152,17894.1331,0
9183,179.92,17637.6152,17894.1331,0
9184,179.96,17637.6152,17894.1331,0
9185,180.00,17637.6152,17894.1331,0
9186,180.04,17637.6152,17894.1331,0
9190,180.04,17637.6152,17894.1331,0
9191,180.07,17637.6152,17894.1331,0
9193,180.08,17637.6152,17894.1331,0
9194,180.08,17637.6152,17894.1331,0
9196,180.11,17637.6152,17894.1331,0
9205,180.15,17637.6152,17894.1331,0
9206,180.20,17637.6152,17894.1331,0
9216,180.25,17637.6152,17894.1331,0
9219,180.29,17637.6152,17894.1331,0
9220,180.29,17894.1331,17894.1331,1
9221,180.38,16977.5057,17894.1331,0
9222,180.45,16977.5057,17894.1331,0
9223,180.49,16977.5057,17894.1331,0
9224,180.54,16982.9225,17894.1331,0
9225,180.60,16982.9225,17894.1331,0
9226,180.65,17207.8444,17894.1331,0
9227,180.70,17207.8444,17894.1331,0
9228,180.74,17207.8444,17894.1331,0
9229,180.79,17207.8444,17894.1331,0
9230,180.83,17362.4466,17894.1331,0
9231,180.89,17570.6968,17894.1331,0
9232,180.94,17570.6968,17894.1331,0
9233,181.01,17570.6968,17894.1331,0
9234,181.04,17570.6968,17894.1331,0
9235,181.08,17570.6968,17894.1331,0
9236,181.16,17570.6968,17894.1331,0
9237,181.21,17736.4114,17894.1331,0
9238,181.28,17736.4114,17894.1331,0
9239,181.35,17736.4114,17894.1331,0
9240,181.42,17736.4114,17894.1331,0
9241,181.47,17736.4114,17894.1331,0
9242,181.50,17924.2724,17924.2724,0
9243,181.54,17924.2724,17924.2724,0
9244,181.58,17939.0742,17939.0742,0
9246,181.63,17939.0742,17939.0742,0
9247,181.71,17939.0742,17939.0742,0
9248,181.75,17939.0742,17939.0742,0
9249,181.79,17939.0742,17939.0742,0
9250,181.82,17939.0742,17939.0742,0
9254,181.87,17939.0742,17939.0742,0
9255,181.92,17939.0742,17939.0742,0
9256,181.95,17939.0742,17939.0742,0
9262,181.95,17939.0742,17939.0742,0
9263,181.95,17939.0742,17939.0742,0
9264,181.99,17939.0742,17939.0742,0
9265,182.03,17939.0742,17939.0742,0
9266,182.06,17939.0742,17939.0742,0
9269,182.10,17939.0742,17939.0742,0
9272,182.15,17939.0742,17939.0742,0
9273,182.19,17939.0742,17939.0742,0
9288,182.23,17939.0742,17939.0742,0
9295,182.28,17939.0742,17939.0742,0
9296,182.28,17939.0742,17939.0742,1
9297,182.35,17939.0742,17939.0742,0
9298,182.35,17939.0742,17939.0742,0
9299,182.35,17939.0742,17939.0742,0
9300,182.39,17939.0742,17939.0742,0
9301,182.39,17939.0742,17939.0742,0
9302,182.42,17939.0742,17939.0742,0
9303,182.42,17939.0742,17939.0742,0
9305,182.43,17939.0742,17939.0742,0
9306,182.43,17939.0742,17939.0742,0
9307,182.43,17939.0742,17939.0742,0
9309,182.43,17939.0742,17939.0742,0
9313,182.43,17939.0742,17939.0742,0
9318,182.43,17939.0742,17939.0742,0
9319,182.43,17939.0742,17939.0742,0
9321,182.43,17939.0742,17939.0742,0
9322,182.43,17939.0742,17939.0742,0
9330,182.43,17939.0742,17939.0742,0
9332,182.43,17939.0742,17939.0742,0
9340,182.43,17939.0742,17939.0742,0
9341,182.43,17939.0742,17939.0742,1
9342,182.52,17699.2825,17939.0742,0
9343,182.59,17699.2825,17939.0742,0
9344,182.66,17699.2825,17939.0742,0
9345,182.71,17699.2825,17939.0742,0
9346,182.75,17699.2825,17939.0742,0
9347,182.80,17699.2825,17939.0742,0
9348,182.84,17709.6118,17939.0742,0
9349,182.91,17709.6118,17939.0742,0
9350,182.95,17709.6118,17939.0742,0
9351,182.99,17721.6110,17939.0742,0
9353,183.07,17721.6110,17939.0742,0
9354,183.11,17738.3656,17939.0742,0
9356,183.19,17738.3656,17939.0742,0
9359,183.23,17738.3656,17939.0742,0
9361,183.27,17738.6204,17939.0742,0
9362,183.35,17738.6204,17939.0742,0
9364,183.43,17738.6204,17939.0742,0
9365,183.48,17738.6204,17939.0742,0
9366,183.51,17738.6204,17939.0742,0
9368,183.55,17738.6204,17939.0742,0
9369,183.55,17738.6204,17939.0742,0
9370,183.59,17738.6204,17939.0742,0
9371,183.64,17738.6204,17939.0742,0
9372,183.68,17738.6204,17939.0742,0
9374,183.72,17738.6204,17939.0742,0
9376,183.77,17738.6204,17939.0742,0
9377,183.77,17738.6204,17939.0742,0
9378,183.81,17738.6204,17939.0742,0
9379,183.85,17738.6204,17939.0742,0
9380,183.89,17738.6204,17939.0742,0
9381,183.89,17738.6204,17939.0742,0
9382,183.89,17738.6204,17939.0742,0
9383,183.89,17738.6204,17939.0742,0
9384,183.93,17738.6204,17939.0742,0
9385,183.93,17738.6204,17939.0742,0
9386,183.97,17738.6204,17939.0742,0
9387,184.01,17738.6204,17939.0742,0
9388,184.01,17738.6204,17939.0742,0
9390,184.04,17738.6204,17939.0742,0
9391,184.08,17738.6204,17939.0742,0
9392,184.12,17738.6204,17939.0742,0
9393,184.12,17738.6204,17939.0742,0
9394,184.12,17738.6204,17939.0742,0
9395,184.16,17738.6204,17939.0742,0
9397,184.16,17738.6204,17939.0742,0
9399,184.16,17738.6204,17939.0742,0
9400,184.20,17738.6204,17939.0742,0
9404,184.20,17738.6204,17939.0742,0
9409,184.24,17738.6204,17939.0742,0
9416,184.28,17738.6204,17939.0742,0
9417,184.28,17939.0742,17939.0742,1
9418,184.39,17341.9609,17939.0742,0
9419,184.43,17341.9609,17939.0742,0
9420,184.47,17341.9609,17939.0742,0
9421,184.52,17598.7901,17939.0742,0
9422,184.57,17598.7901,17939.0742,0
9423,184.65,17598.7901,17939.0742,0
9424,184.68,17598.7901,17939.0742,0
9425,184.72,17598.7901,17939.0742,0
9426,184.77,17598.7901,17939.0742,0
9427,184.84,17598.7901,17939.0742,0
9428,184.84,17598.7901,17939.0742,0
9429,184.87,17598.7901,17939.0742,0
9430,184.92,17790.9429,17939.0742,0
9431,185.00,17790.9429,17939.0742,0
9432,185.05,17790.9429,17939.0742,0
9433,185.13,17790.9429,17939.0742,0
9434,185.17,17939.0742,17939.0742,0
9435,185.21,17939.0742,17939.0742,0
9436,185.21,17939.0742,17939.0742,0
9437,185.24,17939.0742,17939.0742,0
9438,185.24,17939.0742,17939.0742,0
9439,185.24,17939.0742,17939.0742,0
9441,185.25,17939.0742,17939.0742,0
9443,185.25,17939.0742,17939.0742,0
9450,185.25,17939.0742,17939.0742,0
9451,185.25,17939.0742,17939.0742,0
9454,185.25,17939.0742,17939.0742,0
9456,185.25,17939.0742,17939.0742,0
9459,185.25,17939.0742,17939.0742,0
9462,185.25,17939.0742,17939.0742,0
9464,185.25,17939.0742,17939.0742,0
9467,185.25,17939.0742,17939.0742,0
9468,185.25,17939.0742,17939.0742,0
9471,185.25,17939.0742,17939.0742,0
9480,185.25,17939.0742,17939.0742,0
9481,185.25,17939.0742,17939.0742,1
9482,185.34,17269.5610,17939.0742,0
9483,185.42,17269.5610,17939.0742,0
9484,185.49,17269.5610,17939.0742,0
9485,185.53,17269.5610,17939.0742,0
9486,185.57,17269.5610,17939.0742,0
9487,185.62,17269.5610,17939.0742,0
9488,185.66,17269.5610,17939.0742,0
9489,185.70,17269.5610,17939.0742,0
9490,185.74,17269.5610,17939.0742,0
9491,185.79,17269.5610,17939.0742,0
9492,185.83,17269.5610,17939.0742,0
9493,185.87,17269.5610,17939.0742,0
9494,185.93,17458.3916,17939.0742,0
9495,185.98,17458.3916,17939.0742,0
9496,186.05,17458.3916,17939.0742,0
9497,186.13,17458.3916,17939.0742,0
9498,186.17,17458.3916,17939.0742,0
9499,186.21,17498.2321,17939.0742,0
9500,186.28,17498.2321,17939.0742,0
9501,186.33,17498.2321,17939.0742,0
9502,186.37,17498.2321,17939.0742,0
9504,186.42,17498.2321,17939.0742,0
9505,186.46,17498.2321,17939.0742,0
9508,186.51,17511.0383,17939.0742,0
9509,186.56,17642.0114,17939.0742,0
9510,186.64,17642.0114,17939.0742,0
9511,186.69,17642.0114,17939.0742,0
9512,186.74,17789.5363,17939.0742,0
9513,186.81,17789.5363,17939.0742,0
9514,186.89,17789.5363,17939.0742,0
9515,186.95,17939.0742,17939.0742,0
9516,186.99,17939.0742,17939.0742,0
9519,187.02,17939.0742,17939.0742,0
9520,187.03,17939.0742,17939.0742,0
9521,187.03,17939.0742,17939.0742,0
9522,187.03,17939.0742,17939.0742,0
9523,187.03,17939.0742,17939.0742,0
9526,187.03,17939.0742,17939.0742,0
9527,187.03,17939.0742,17939.0742,0
9528,187.03,17939.0742,17939.0742,0
9530,187.03,17939.0742,17939.0742,0
9532,187.03,17939.0742,17939.0742,0
9535,187.03,17939.0742,17939.0742,0
9539,187.03,17939.0742,17939.0742,0
9543,187.03,17939.0742,17939.0742,0
9550,187.03,17939.0742,17939.0742,0
9557,187.03,17939.0742,17939.0742,0
9559,187.03,17939.0742,17939.0742,0
9564,187.03,17939.0742,17939.0742,0
9565,187.03,17939.0742,17939.0742,1
9566,187.14,17357.1565,17939.0742,0
9567,187.23,17357.6614,17939.0742,0
9568,187.27,17357.6614,17939.0742,0
9569,187.30,17357.6614,17939.0742,0
9570,187.35,17491.0299,17939.0742,0
9571,187.40,17491.0299,17939.0742,0
9572,187.44,17676.3756,17939.0742,0
9573,187.53,17676.3756,17939.0742,0
9574,187.57,17709.6703,17939.0742,0
9575,187.62,17709.6703,17939.0742,0
9577,187.70,17709.6703,17939.0742,0
9578,187.74,17709.6703,17939.0742,0
9580,187.77,17709.6703,17939.0742,0
9581,187.82,17709.6703,17939.0742,0
9582,187.89,17709.6703,17939.0742,0
9583,187.93,17709.6703,17939.0742,0
9584,187.98,17709.6703,17939.0742,0
9585,188.02,17709.6703,17939.0742,0
9586,188.06,17709.6703,17939.0742,0
9590,188.10,17709.6703,17939.0742,0
9592,188.14,17709.6703,17939.0742,0
9593,188.14,17709.6703,17939.0742,0
9595,188.18,17709.6703,17939.0742,0
9596,188.22,17712.2715,17939.0742,0
9597,188.30,17712.2715,17939.0742,0
9598,188.34,17712.2715,17939.0742,0
9599,188.42,17712.2715,17939.0742,0
9600,188.47,17712.2715,17939.0742,0
9601,188.51,17712.2715,17939.0742,0
9602,188.54,17712.2715,17939.0742,0
9603,188.59,17786.0512,17939.0742,0
9604,188.63,17939.0742,17939.0742,0
9605,188.66,17939.0742,17939.0742,0
9608,188.70,17939.0742,17939.0742,0
9609,188.71,17939.0742,17939.0742,0
9610,188.71,17939.0742,17939.0742,0
9612,188.71,17939.0742,17939.0742,0
9613,188.71,17939.0742,17939.0742,0
9614,188.71,17939.0742,17939.0742,0
9618,188.71,17939.0742,17939.0742,0
9620,188.71,17939.0742,17939.0742,0
9629,188.71,17939.0742,17939.0742,0
9630,188.71,17939.0742,17939.0742,0
9633,188.71,17939.0742,17939.0742,0
9634,188.71,17939.0742,17939.0742,0
9639,188.71,17939.0742,17939.0742,0
9641,188.71,17939.0742,17939.0742,0
9645,188.71,17939.0742,17939.0742,0
9646,188.71,17939.0742,17939.0742,0
9648,188.71,17939.0742,17939.0742,0
9649,188.71,17939.0742,17939.0742,1
9650,188.81,17139.4107,17939.0742,0
9651,188.88,17139.4107,17939.0742,0
9652,188.94,17349.0305,17939.0742,0
9653,189.02,17349.0305,17939.0742,0
9654,189.18,17349.0305,17939.0742,0
9655,189.26,17349.0305,17939.0742,0
9656,189.30,17349.0305,17939.0742,0
9657,189.35,17349.0305,17939.0742,0
9658,189.39,17349.0305,17939.0742,0
9659,189.43,17349.0305,17939.0742,0
9660,189.47,17349.0305,17939.0742,0
9661,189.51,17349.0305,17939.0742,0
9662,189.56,17349.5796,17939.0742,0
9663,189.63,17349.5796,17939.0742,0
9664,189.71,17349.5796,17939.0742,0
9665,189.76,17349.5796,17939.0742,0
9666,189.79,17349.5796,17939.0742,0
9667,189.85,17349.5796,17939.0742,0
9668,189.89,17492.9977,17939.0742,0
9669,189.98,17492.9977,17939.0742,0
9670,190.05,17492.9977,17939.0742,0
9671,190.13,17492.9977,17939.0742,0
9672,190.18,17659.9666,17939.0742,0
9673,190.26,17659.9666,17939.0742,0
9674,190.35,17659.9666,17939.0742,0
9675,190.41,17798.7438,17939.0742,0
9676,190.48,17798.7438,17939.0742,0
9677,190.55,17798.7438,17939.0742,0
9678,190.59,17798.7438,17939.0742,0
9679,190.63,17798.7438,17939.0742,0
9680,190.68,17798.7438,17939.0742,0
9681,190.72,17798.7438,17939.0742,0
9682,190.76,17973.2394,17973.2394,0
9683,190.84,17973.2394,17973.2394,0
9684,190.88,17973.2394,17973.2394,0
9685,190.92,17973.2394,17973.2394,0
9686,190.96,17973.2394,17973.2394,0
9687,190.99,17973.2394,17973.2394,0
9688,191.03,17973.2394,17973.2394,0
9689,191.07,18063.0641,18063.0641,0
9690,191.14,18063.0641,18063.0641,0
9692,191.23,18063.0641,18063.0641,0
9693,191.27,18063.0641,18063.0641,0
9694,191.31,18063.0641,18063.0641,0
9695,191.36,18063.0641,18063.0641,0
9698,191.39,18063.0641,18063.0641,0
9699,191.39,18063.0641,18063.0641,0
9701,191.44,18063.0641,18063.0641,0
9702,191.48,18063.0641,18063.0641,0
9704,191.48,18063.0641,18063.0641,0
9706,191.52,18063.0641,18063.0641,0
9707,191.52,18063.0641,18063.0641,0
9709,191.57,18063.0641,18063.0641,0
9710,191.61,18063.0641,18063.0641,0
9711,191.65,18063.0641,18063.0641,0
9720,191.65,18063.0641,18063.0641,0
9721,191.70,18063.0641,18063.0641,0
9722,191.75,18063.0641,18063.0641,0
9723,191.80,18063.0641,18063.0641,0
9727,191.80,18063.0641,18063.0641,0
9728,191.84,18063.0641,18063.0641,0
9730,191.88,18063.0641,18063.0641,0
9735,191.92,18063.0641,18063.0641,0
9740,191.97,18063.0641,18063.0641,0
9742,192.01,18063.0641,18063.0641,0
9748,192.05,18063.0641,18063.0641,0
9758,192.09,18063.0641,18063.0641,0
9759,192.09,18063.0641,18063.0641,1
9760,192.20,17868.6648,18063.0641,0
9761,192.24,18063.0641,18063.0641,0
9762,192.24,18063.0641,18063.0641,0
9763,192.28,18063.0641,18063.0641,0
9766,192.28,18063.0641,18063.0641,0
9767,192.28,18063.0641,18063.0641,0
9768,192.32,18063.0641,18063.0641,0
9769,192.32,18063.0641,18063.0641,0
9770,192.32,18063.0641,18063.0641,0
9772,192.32,18063.0641,18063.0641,0
9773,192.32,18063.0641,18063.0641,0
9774,192.32,18063.0641,18063.0641,0
9777,192.32,18063.0641,18063.0641,0
9781,192.32,18063.0641,18063.0641,0
9786,192.32,18063.0641,18063.0641,0
9787,192.32,18063.0641,18063.0641,0
9791,192.32,18063.0641,18063.0641,0
9805,192.32,18063.0641,18063.0641,0
9806,192.32,18063.0641,18063.0641,0
9809,192.32,18063.0641,18063.0641,0
9811,192.32,18063.0641,18063.0641,0
9818,192.32,18063.0641,18063.0641,0
9819,192.32,18063.0641,18063.0641,0
9821,192.32,18063.0641,18063.0641,0
9828,192.32,18063.0641,18063.0641,0
9831,192.32,18063.0641,18063.0641,0
9835,192.32,18063.0641,18063.0641,0
9837,192.32,18063.0641,18063.0641,0
9839,192.32,18063.0641,18063.0641,0
9840,192.32,18063.0641,18063.0641,1
9841,192.44,17704.0098,18063.0641,0
9842,192.49,17704.0098,18063.0641,0
9843,192.53,17732.4524,18063.0641,0
9844,192.60,17732.4524,18063.0641,0
9845,192.70,17732.4524,18063.0641,0
9846,192.74,17742.3518,18063.0641,0
9847,192.78,17742.3518,18063.0641,0
9848,192.85,17742.3518,18063.0641,0
9849,192.90,17881.1368,18063.0641,0
9850,193.01,17881.1368,18063.0641,0
9851,193.06,17881.1368,18063.0641,0
9854,193.09,17881.1368,18063.0641,0
9858,193.13,17881.1368,18063.0641,0
9859,193.20,17881.1368,18063.0641,0
9860,193.24,17881.1368,18063.0641,0
9861,193.29,17881.1368,18063.0641,0
9862,193.33,17881.1368,18063.0641,0
9863,193.36,17881.1368,18063.0641,0
9866,193.36,17881.1368,18063.0641,0
9867,193.36,17881.1368,18063.0641,0
9868,193.40,17881.1368,18063.0641,0
9869,193.40,17881.1368,18063.0641,0
9871,193.44,17881.1368,18063.0641,0
9872,193.48,17881.1368,18063.0641,0
9873,193.52,17881.1368,18063.0641,0
9874,193.52,17881.1368,18063.0641,0
9875,193.57,17881.1368,18063.0641,0
9876,193.57,17881.1368,18063.0641,0
9877,193.62,17881.1368,18063.0641,0
9878,193.66,17881.1368,18063.0641,0
9879,193.66,17881.1368,18063.0641,0
9880,193.66,17881.1368,18063.0641,0
9883,193.69,17881.1368,18063.0641,0
9888,193.69,17881.1368,18063.0641,0
9889,193.69,17881.1368,18063.0641,0
9890,193.73,17881.1368,18063.0641,0
9891,193.78,17881.1368,18063.0641,0
9893,193.81,17881.1368,18063.0641,0
9897,193.86,17881.1368,18063.0641,0
9898,193.86,17881.1368,18063.0641,0
9899,193.91,17881.1368,18063.0641,0
9900,193.94,17881.1368,18063.0641,0
9905,193.98,17881.1368,18063.0641,0
9907,194.02,17881.1368,18063.0641,0
9908,194.06,17881.1368,18063.0641,0
9909,194.06,18063.0641,18063.0641,1
9910,194.15,17656.2493,18063.0641,0
9911,194.20,17805.2961,18063.0641,0
9912,194.24,18063.0641,18063.0641,0
9913,194.27,18063.0641,18063.0641,0
9914,194.31,18063.0641,18063.0641,0
9915,194.31,18063.0641,18063.0641,0
9916,194.31,18063.0641,18063.0641,0
9917,194.31,18063.0641,18063.0641,0
9918,194.31,18063.0641,18063.0641,0
9919,194.31,18063.0641,18063.0641,0
9921,194.32,18063.0641,18063.0641,0
9922,194.32,18063.0641,18063.0641,0
9923,194.32,18063.0641,18063.0641,0
9924,194.32,18063.0641,18063.0641,0
9925,194.32,18063.0641,18063.0641,0
9926,194.32,18063.0641,18063.0641,0
9927,194.32,18063.0641,18063.0641,0
9928,194.32,18063.0641,18063.0641,0
9929,194.32,18063.0641,18063.0641,0
9930,194.32,18063.0641,18063.0641,0
9932,194.32,18063.0641,18063.0641,0
9933,194.32,18063.0641,18063.0641,0
9936,194.32,18063.0641,18063.0641,0
9938,194.32,18063.0641,18063.0641,0
9939,194.32,18063.0641,18063.0641,0
9943,194.32,18063.0641,18063.0641,0
9944,194.32,18063.0641,18063.0641,0
9945,194.32,18063.0641,18063.0641,0
9946,194.32,18063.0641,18063.0641,0
9949,194.32,18063.0641,18063.0641,0
9950,194.32,18063.0641,18063.0641,1
9951,194.43,17367.4249,18063.0641,0
9952,194.50,17367.4249,18063.0641,0
9953,194.58,17367.4249,18063.0641,0
9954,194.62,17367.4249,18063.0641,0
9955,194.67,17549.5384,18063.0641,0
9956,194.74,17549.5384,18063.0641,0
9957,194.80,17724.5292,18063.0641,0
9958,194.87,17724.5292,18063.0641,0
9959,194.94,17724.5292,18063.0641,0
9960,194.99,17737.5526,18063.0641,0
9961,195.03,17737.5526,18063.0641,0
9962,195.10,17737.5526,18063.0641,0
9963,195.14,17925.7919,18063.0641,0
9964,195.18,17936.2762,18063.0641,0
9965,195.29,17936.2762,18063.0641,0
9967,195.33,17936.2762,18063.0641,0
9968,195.41,17936.5277,18063.0641,0
9969,195.48,17936.5277,18063.0641,0
9972,195.49,17936.5277,18063.0641,0
9974,195.56,17936.5277,18063.0641,0
9976,195.61,17936.5277,18063.0641,0
9977,195.61,17936.5277,18063.0641,0
9978,195.61,17936.5277,18063.0641,0
9979,195.61,17936.5277,18063.0641,0
9980,195.61,17936.5277,18063.0641,0
9985,195.66,17936.5277,18063.0641,0
9986,195.70,17936.5277,18063.0641,0
9992,195.75,17936.5277,18063.0641,0
9993,195.80,17936.5277,18063.0641,0
9999,195.84,17936.5277,18063.0641,0
10000,195.89,17936.5277,18063.0641,0
10011,195.94,17936.5277,18063.0641,0
10012,195.98,17936.5277,18063.0641,0
10013,196.04,17936.5277,18063.0641,0
10014,196.08,17936.5277,18063.0641,0
10016,196.13,17936.5277,18063.0641,0
10018,196.17,17936.5277,18063.0641,0
10026,196.22,17936.5277,18063.0641,0
10027,196.22,18063.0641,18063.0641,1
10028,196.31,17463.7046,18063.0641,0
10029,196.38,17463.7046,18063.0641,0
10030,196.43,17476.8225,18063.0641,0
10031,196.47,17476.8225,18063.0641,0
10032,196.51,17476.8225,18063.0641,0
10033,196.56,17476.8225,18063.0641,0
10034,196.60,17476.8225,18063.0641,0
10035,196.64,17476.8225,18063.0641,0
10036,196.72,17476.8225,18063.0641,0
10037,196.79,17476.8225,18063.0641,0
10038,196.83,17476.8225,18063.0641,0
10039,196.87,17476.8225,18063.0641,0
10040,196.92,17476.8225,18063.0641,0
10041,196.97,17508.8332,18063.0641,0
10042,197.04,17508.8332,18063.0641,0
10043,197.11,17508.8332,18063.0641,0
10044,197.15,17508.8332,18063.0641,0
10045,197.20,17509.0460,18063.0641,0
10046,197.24,17514.9223,18063.0641,0
10047,197.29,17517.1020,18063.0641,0
10048,197.36,17517.1020,18063.0641,0
10049,197.40,17593.8550,18063.0641,0
10050,197.47,17593.8550,18063.0641,0
10051,197.51,17608.9572,18063.0641,0
10052,197.60,17613.8171,18063.0641,0
10053,197.68,17613.8171,18063.0641,0
10054,197.73,17615.9059,18063.0641,0
10055,197.80,17615.9059,18063.0641,0
10056,197.84,17615.9059,18063.0641,0
10057,197.88,17811.7147,18063.0641,0
10058,197.95,17811.7147,18063.0641,0
10059,197.99,17811.7147,18063.0641,0
10060,198.07,17811.7147,18063.0641,0
10061,198.13,17811.7147,18063.0641,0
10062,198.17,17811.7147,18063.0641,0
10063,198.22,17811.7147,18063.0641,0
10064,198.22,17811.7147,18063.0641,0
10065,198.26,17811.7147,18063.0641,0
10068,198.31,17811.7147,18063.0641,0
10069,198.34,17811.7147,18063.0641,0
10070,198.34,17811.7147,18063.0641,0
10071,198.38,17811.7147,18063.0641,0
10072,198.42,17813.1385,18063.0641,0
10073,198.49,17813.1385,18063.0641,0
10076,198.57,17813.1385,18063.0641,0
10077,198.61,17813.1385,18063.0641,0
10078,198.61,17813.1385,18063.0641,0
10079,198.66,17813.1385,18063.0641,0
10080,198.70,17813.1385,18063.0641,0
10081,198.73,17813.1385,18063.0641,0
10083,198.79,17813.1385,18063.0641,0
10084,198.79,17813.1385,18063.0641,0
10085,198.79,17813.1385,18063.0641,0
10086,198.82,17813.1385,18063.0641,0
10088,198.82,17813.1385,18063.0641,0
10090,198.82,17813.1385,18063.0641,0
10091,198.87,17813.1385,18063.0641,0
10092,198.92,17813.1385,18063.0641,0
10093,198.96,17813.1385,18063.0641,0
10094,199.01,17813.1385,18063.0641,0
10098,199.06,17813.1385,18063.0641,0
10099,199.09,17813.1385,18063.0641,0
10101,199.09,17813.1385,18063.0641,0
10102,199.09,17813.1385,18063.0641,0
10103,199.09,17813.1385,18063.0641,0
10105,199.14,17813.1385,18063.0641,0
10108,199.14,17813.1385,18063.0641,0
10110,199.19,17813.1385,18063.0641,0
10113,199.23,17813.1385,18063.0641,0
10119,199.28,17813.1385,18063.0641,0
10120,199.28,18063.0641,18063.0641,1
10121,199.40,17053.2216,18063.0641,0
10122,199.47,17053.2216,18063.0641,0
10123,199.52,17053.2216,18063.0641,0
10124,199.56,17053.2216,18063.0641,0
10125,199.61,17053.2216,18063.0641,0
10126,199.61,17053.2216,18063.0641,0
10127,199.65,17067.2410,18063.0641,0
10128,199.72,17067.2410,18063.0641,0
10129,199.79,17067.2410,18063.0641,0
10130,199.83,17067.2410,18063.0641,0
10131,199.87,17214.8986,18063.0641,0
10132,199.91,17230.0723,18063.0641,0
10135,199.98,17230.0723,18063.0641,0
10136,200.01,17230.0723,18063.0641,0
10137,200.05,17230.0723,18063.0641,0
10138,200.10,17230.0723,18063.0641,0
10139,200.13,17230.0723,18063.0641,0
10140,200.18,17230.0723,18063.0641,0
10141,200.22,17230.0723,18063.0641,0
10142,200.27,17230.0723,18063.0641,0
10143,200.30,17230.0723,18063.0641,0
10144,200.30,17230.0723,18063.0641,0
10145,200.35,17230.0723,18063.0641,0
10146,200.38,17230.0723,18063.0641,0
10147,200.41,17230.0723,18063.0641,0
10148,200.45,17230.0723,18063.0641,0
10149,200.49,17230.0723,18063.0641,0
10150,200.49,17230.0723,18063.0641,0
10151,200.53,17230.0723,18063.0641,0
10152,200.56,17230.9326,18063.0641,0
10154,200.63,17230.9326,18063.0641,0
10155,200.69,17230.9326,18063.0641,0
10157,200.72,17230.9326,18063.0641,0
10159,200.76,17230.9326,18063.0641,0
10160,200.80,17230.9326,18063.0641,0
10161,200.83,17230.9326,18063.0641,0
10164,200.87,17230.9326,18063.0641,0
10165,200.91,17230.9326,18063.0641,0
10166,200.94,17230.9326,18063.0641,0
10167,200.94,17230.9326,18063.0641,0
10168,200.94,17230.9326,18063.0641,0
10169,200.98,17230.9326,18063.0641,0
10171,201.01,17230.9326,18063.0641,0
10172,201.06,17230.9326,18063.0641,0
10173,201.11,17230.9326,18063.0641,0
10175,201.14,17230.9326,18063.0641,0
10176,201.14,17230.9326,18063.0641,0
10178,201.17,17230.9326,18063.0641,0
10181,201.17,17230.9326,18063.0641,0
10183,201.22,17230.9326,18063.0641,0
10188,201.25,17230.9326,18063.0641,0
10189,201.25,17230.9326,18063.0641,0
10191,201.25,17230.9326,18063.0641,0
10192,201.29,17230.9326,18063.0641,0
10193,201.34,17230.9326,18063.0641,0
10199,201.40,17230.9326,18063.0641,0
10200,201.43,17230.9326,18063.0641,0
10201,201.48,17230.9326,18063.0641,0
10202,201.53,17230.9326,18063.0641,0
10204,201.58,17230.9326,18063.0641,0
10205,201.63,17230.9326,18063.0641,0
10206,201.63,17230.9326,18063.0641,0
10211,201.67,17230.9326,18063.0641,0
10230,201.70,17230.9326,18063.0641,0
10233,201.74,17230.9326,18063.0641,0
10234,201.78,17230.9326,18063.0641,0
10235,201.78,18063.0641,18063.0641,1
10236,201.90,17042.8886,18063.0641,0
10237,201.95,17042.8886,18063.0641,0
10238,201.99,17042.8886,18063.0641,0
10239,202.05,17066.0145,18063.0641,0
10240,202.13,17066.0145,18063.0641,0
10241,202.17,17066.0145,18063.0641,0
10242,202.21,17066.0145,18063.0641,0
10243,202.25,17073.3668,18063.0641,0
10244,202.33,17073.3668,18063.0641,0
10245,202.40,17073.3668,18063.0641,0
10246,202.44,17073.3668,18063.0641,0
10247,202.48,17073.3668,18063.0641,0
10248,202.52,17073.3668,18063.0641,0
10249,202.56,17073.3668,18063.0641,0
10250,202.61,17073.3668,18063.0641,0
10251,202.66,17411.8342,18063.0641,0
10252,202.71,17455.7980,18063.0641,0
10253,202.76,17701.5675,18063.0641,0
10254,202.81,17725.6156,18063.0641,0
10255,202.88,17725.6156,18063.0641,0
10256,202.92,17725.6156,18063.0641,0
10257,202.99,17725.6156,18063.0641,0
10258,203.03,17784.0481,18063.0641,0
10259,203.08,17872.7565,18063.0641,0
10260,203.12,17872.7565,18063.0641,0
10261,203.16,17885.9676,18063.0641,0
10262,203.24,17885.9676,18063.0641,0
10265,203.28,17885.9676,18063.0641,0
10267,203.32,17885.9676,18063.0641,0
10268,203.35,17885.9676,18063.0641,0
10269,203.40,17885.9676,18063.0641,0
10270,203.44,17885.9676,18063.0641,0
10271,203.49,17885.9676,18063.0641,0
10272,203.49,17885.9676,18063.0641,0
10273,203.55,17885.9676,18063.0641,0
10274,203.59,17885.9676,18063.0641,0
10275,203.64,17885.9676,18063.0641,0
10276,203.67,17885.9676,18063.0641,0
10277,203.67,17885.9676,18063.0641,0
10278,203.67,17885.9676,18063.0641,0
10279,203.71,17890.3638,18063.0641,0
10280,203.79,17890.3638,18063.0641,0
10281,203.87,17890.3638,18063.0641,0
10282,203.91,17902.6255,18063.0641,0
10283,203.99,17902.8717,18063.0641,0
10284,204.04,17902.8717,18063.0641,0
10285,204.12,17902.8717,18063.0641,0
10288,204.13,17902.8717,18063.0641,0
10289,204.17,17902.8717,18063.0641,0
10291,204.21,17902.8717,18063.0641,0
10292,204.25,17902.8717,18063.0641,0
10293,204.29,17902.8717,18063.0641,0
10294,204.34,17902.8717,18063.0641,0
10295,204.34,17902.8717,18063.0641,0
10296,204.38,17902.8717,18063.0641,0
10297,204.45,17902.8717,18063.0641,0
10298,204.45,17902.8717,18063.0641,0
10299,204.50,17902.8717,18063.0641,0
10300,204.55,17902.8717,18063.0641,0
10301,204.59,17902.8717,18063.0641,0
10302,204.60,17902.8717,18063.0641,0
10303,204.60,17902.8717,18063.0641,0
10304,204.60,17902.8717,18063.0641,0
10305,204.64,17902.8717,18063.0641,0
10308,204.68,17902.8717,18063.0641,0
10309,204.72,17902.8717,18063.0641,0
10312,204.77,17902.8717,18063.0641,0
10313,204.82,17902.8717,18063.0641,0
10335,204.87,17902.8717,18063.0641,0
10336,204.87,18063.0641,18063.0641,1
10337,204.98,16814.1193,18063.0641,0
10338,205.03,16814.1193,18063.0641,0
10339,205.08,17072.2230,18063.0641,0
10340,205.15,17072.2230,18063.0641,0
10341,205.19,17224.6364,18063.0641,0
10342,205.23,17242.8221,18063.0641,0
10343,205.31,17242.8221,18063.0641,0
10344,205.37,17242.8221,18063.0641,0
10345,205.42,17242.8221,18063.0641,0
10347,205.46,17242.8221,18063.0641,0
10348,205.49,17242.8221,18063.0641,0
10350,205.53,17357.5195,18063.0641,0
10351,205.60,17357.5195,18063.0641,0
10352,205.64,17357.5195,18063.0641,0
10353,205.68,17357.5195,18063.0641,0
10354,205.75,17357.5195,18063.0641,0
10355,205.80,17357.5195,18063.0641,0
10356,205.84,17357.5195,18063.0641,0
10357,205.89,17563.0666,18063.0641,0
10358,205.96,17563.0666,18063.0641,0
10359,206.01,17563.0666,18063.0641,0
10360,206.08,17563.0666,18063.0641,0
10361,206.12,17563.0666,18063.0641,0
10362,206.17,17711.1708,18063.0641,0
10363,206.22,17724.4345,18063.0641,0
10365,206.27,17908.6832,18063.0641,0
10366,206.32,17908.6832,18063.0641,0
10367,206.36,18070.0277,18070.0277,0
10368,206.40,18083.4762,18083.4762,0
10373,206.49,18083.4762,18083.4762,0
10374,206.53,18083.4762,18083.4762,0
10376,206.58,18083.4762,18083.4762,0
10377,206.62,18083.4762,18083.4762,0
10378,206.65,18083.4762,18083.4762,0
10379,206.70,18083.4762,18083.4762,0
10380,206.73,18083.4762,18083.4762,0
10381,206.78,18083.4762,18083.4762,0
10383,206.83,18083.4762,18083.4762,0
10384,206.87,18083.4762,18083.4762,0
10386,206.90,18083.4762,18083.4762,0
10390,206.90,18083.4762,18083.4762,0
10391,206.95,18083.4762,18083.4762,0
10392,206.95,18083.4762,18083.4762,0
10397,206.99,18083.4762,18083.4762,0
10400,207.03,18083.4762,18083.4762,0
10401,207.07,18083.4762,18083.4762,0
10403,207.12,18083.4762,18083.4762,0
10409,207.16,18083.4762,18083.4762,0
10410,207.16,18083.4762,18083.4762,1
10411,207.27,17889.0762,18083.4762,0
10412,207.32,18083.4762,18083.4762,0
10415,207.35,18083.4762,18083.4762,0
10416,207.35,18083.4762,18083.4762,0
10417,207.36,18083.4762,18083.4762,0
10418,207.39,18083.4762,18083.4762,0
10419,207.39,18083.4762,18083.4762,0
10420,207.39,18083.4762,18083.4762,0
10421,207.39,18083.4762,18083.4762,0
10423,207.39,18083.4762,18083.4762,0
10424,207.39,18083.4762,18083.4762,0
10425,207.39,18083.4762,18083.4762,0
10426,207.39,18083.4762,18083.4762,0
10427,207.39,18083.4762,18083.4762,0
10429,207.39,18083.4762,18083.4762,0
10430,207.39,18083.4762,18083.4762,0
10432,207.39,18083.4762,18083.4762,0
10441,207.39,18083.4762,18083.4762,0
10442,207.39,18083.4762,18083.4762,0
10448,207.39,18083.4762,18083.4762,0
10456,207.39,18083.4762,18083.4762,0
10457,207.39,18083.4762,18083.4762,1
10458,207.50,17724.4224,18083.4762,0
10459,207.58,17724.4224,18083.4762,0
10460,207.63,17724.4224,18083.4762,0
10461,207.68,17724.4224,18083.4762,0
10462,207.74,17724.4224,18083.4762,0
10463,207.74,17724.4224,18083.4762,0
10464,207.79,17724.4224,18083.4762,0
10465,207.79,17724.4224,18083.4762,0
10466,207.83,17724.4224,18083.4762,0
10467,207.88,17724.4224,18083.4762,0
10468,207.93,17843.6860,18083.4762,0
10469,208.00,17860.4401,18083.4762,0
10470,208.04,18083.4762,18083.4762,0
10471,208.05,18083.4762,18083.4762,0
10472,208.08,18083.4762,18083.4762,0
10473,208.08,18083.4762,18083.4762,0
10474,208.08,18083.4762,18083.4762,0
10475,208.08,18083.4762,18083.4762,0
10477,208.08,18083.4762,18083.4762,0
10478,208.12,18083.4762,18083.4762,0
10479,208.12,18083.4762,18083.4762,0
10480,208.12,18083.4762,18083.4762,0
10483,208.12,18083.4762,18083.4762,0
10484,208.12,18083.4762,18083.4762,0
10486,208.12,18083.4762,18083.4762,0
10492,208.12,18083.4762,18083.4762,0
10495,208.12,18083.4762,18083.4762,0
10497,208.12,18083.4762,18083.4762,0
10507,208.12,18083.4762,18083.4762,0
10508,208.12,18083.4762,18083.4762,0
10510,208.12,18083.4762,18083.4762,0
10511,208.12,18083.4762,18083.4762,0
10512,208.12,18083.4762,18083.4762,1
10513,208.21,17486.3647,18083.4762,0
10514,208.29,17486.3647,18083.4762,0
10515,208.36,17486.3647,18083.4762,0
10516,208.40,17486.3647,18083.4762,0
10517,208.45,17743.1957,18083.4762,0
10518,208.50,17935.3503,18083.4762,0
10519,208.58,17935.3503,18083.4762,0
10520,208.62,17935.3503,18083.4762,0
10521,208.67,17935.3503,18083.4762,0
10523,208.71,18083.4762,18083.4762,0
10524,208.74,18083.4762,18083.4762,0
10525,208.75,18083.4762,18083.4762,0
10527,208.75,18083.4762,18083.4762,0
10529,208.75,18083.4762,18083.4762,0
10530,208.78,18083.4762,18083.4762,0
10531,208.78,18083.4762,18083.4762,0
10532,208.78,18083.4762,18083.4762,0
10534,208.78,18083.4762,18083.4762,0
10535,208.78,18083.4762,18083.4762,0
10537,208.78,18083.4762,18083.4762,0
10538,208.78,18083.4762,18083.4762,0
10539,208.78,18083.4762,18083.4762,0
10540,208.78,18083.4762,18083.4762,0
10549,208.78,18083.4762,18083.4762,0
10555,208.78,18083.4762,18083.4762,0
10561,208.78,18083.4762,18083.4762,0
10562,208.78,18083.4762,18083.4762,0
10570,208.78,18083.4762,18083.4762,0
10571,208.78,18083.4762,18083.4762,0
10572,208.78,18083.4762,18083.4762,1
10573,208.87,17510.6697,18083.4762,0
10574,208.94,17510.6697,18083.4762,0
10575,209.02,17510.6697,18083.4762,0
10576,209.06,17700.3990,18083.4762,0
10577,209.11,17700.3990,18083.4762,0
10578,209.16,17709.5638,18083.4762,0
10579,209.23,17709.5638,18083.4762,0
10580,209.28,17709.5638,18083.4762,0
10581,209.33,17709.5638,18083.4762,0
10582,209.38,17881.2181,18083.4762,0
10583,209.43,17897.2990,18083.4762,0
10584,209.47,18044.6434,18083.4762,0
10585,209.56,18044.6434,18083.4762,0
10588,209.64,18046.7955,18083.4762,0
10589,209.72,18046.7955,18083.4762,0
10590,209.77,18046.7955,18083.4762,0
10592,209.82,18046.7955,18083.4762,0
10593,209.90,18046.7955,18083.4762,0
10594,209.95,18046.7955,18083.4762,0
10596,209.95,18046.7955,18083.4762,0
10597,210.00,18046.7955,18083.4762,0
10598,210.04,18053.6517,18083.4762,0
10599,210.09,18053.6517,18083.4762,0
10601,210.14,18053.6517,18083.4762,0
10603,210.22,18053.6517,18083.4762,0
10604,210.26,18053.6496,18083.4762,0
10607,210.34,18053.6496,18083.4762,0
10608,210.39,18053.6496,18083.4762,0
10609,210.43,18053.6496,18083.4762,0
10611,210.48,18053.6496,18083.4762,0
10615,210.53,18053.6496,18083.4762,0
10616,210.57,18053.6517,18083.4762,0
10618,210.66,18053.6517,18083.4762,0
10619,210.70,18053.6496,18083.4762,0
10620,210.73,18053.6496,18083.4762,0
10622,210.74,18053.6496,18083.4762,0
10623,210.84,18053.6496,18083.4762,0
10624,210.84,18053.6496,18083.4762,0
10625,210.88,18053.6517,18083.4762,0
10626,210.88,18053.6517,18083.4762,0
10627,210.93,18053.6517,18083.4762,0
10630,211.01,18053.6496,18083.4762,0
10631,211.04,18053.6496,18083.4762,0
10632,211.08,18053.6496,18083.4762,0
10633,211.13,18053.6496,18083.4762,0
10634,211.13,18053.6496,18083.4762,0
10635,211.13,18053.6496,18083.4762,0
10636,211.17,18053.6496,18083.4762,0
10638,211.17,18053.6496,18083.4762,0
10639,211.22,18053.6496,18083.4762,0
10640,211.27,18053.6496,18083.4762,0
10641,211.27,18053.6496,18083.4762,0
10644,211.27,18053.6496,18083.4762,0
10645,211.32,18053.6496,18083.4762,0
10646,211.32,18053.6496,18083.4762,0
10647,211.36,18053.6517,18083.4762,0
10648,211.44,18053.6517,18083.4762,0
10649,211.51,18053.6496,18083.4762,0
10650,211.55,18053.6496,18083.4762,0
10651,211.59,18053.6496,18083.4762,0
10652,211.59,18053.6496,18083.4762,0
10653,211.59,18053.6496,18083.4762,0
10657,211.64,18053.6517,18083.4762,0
10658,211.68,18053.6517,18083.4762,0
10660,211.68,18053.6517,18083.4762,0
10661,211.69,18053.6517,18083.4762,0
10662,211.69,18053.6517,18083.4762,0
10665,211.69,18053.6517,18083.4762,0
10666,211.73,18053.6517,18083.4762,0
10667,211.76,18053.6517,18083.4762,0
10668,211.81,18053.6496,18083.4762,0
10669,211.81,18053.6496,18083.4762,0
10670,211.85,18053.6496,18083.4762,0
10671,211.89,18053.6517,18083.4762,0
10673,211.95,18053.6517,18083.4762,0
10675,212.03,18053.6496,18083.4762,0
10678,212.06,18053.6496,18083.4762,0
10679,212.10,18053.6496,18083.4762,0
10680,212.10,18053.6496,18083.4762,0
10681,212.10,18053.6496,18083.4762,0
10682,212.14,18053.6517,18083.4762,0
10683,212.15,18053.6517,18083.4762,0
10688,212.15,18053.6517,18083.4762,0
10689,212.20,18053.6517,18083.4762,0
10690,212.28,18053.6517,18083.4762,0
10691,212.31,18053.6517,18083.4762,0
10693,212.31,18053.6517,18083.4762,0
10694,212.35,18053.6517,18083.4762,0
10698,212.35,18053.6517,18083.4762,0
10699,212.35,18053.6517,18083.4762,0
10700,212.40,18053.6496,18083.4762,0
10702,212.45,18053.6496,18083.4762,0
10703,212.49,18053.6496,18083.4762,0
10704,212.54,18053.6496,18083.4762,0
10705,212.54,18053.6496,18083.4762,0
10706,212.54,18053.6496,18083.4762,0
10707,212.62,18053.6517,18083.4762,0
10708,212.67,18053.6517,18083.4762,0
10709,212.67,18053.6517,18083.4762,0
10710,212.75,18053.6496,18083.4762,0
10711,212.78,18053.6496,18083.4762,0
10713,212.79,18053.6496,18083.4762,0
10715,212.84,18053.6496,18083.4762,0
10716,212.91,18053.6517,18083.4762,0
10717,212.96,18053.6517,18083.4762,0
10718,212.96,18053.6517,18083.4762,0
10719,212.96,18053.6517,18083.4762,0
10721,213.00,18053.6517,18083.4762,0
10723,213.03,18053.6517,18083.4762,0
10725,213.03,18053.6517,18083.4762,0
10726,213.08,18053.6496,18083.4762,0
10727,213.08,18053.6496,18083.4762,0
10729,213.09,18053.6496,18083.4762,0
10730,213.12,18053.6496,18083.4762,0
10731,213.16,18053.6517,18083.4762,0
10732,213.20,18053.6517,18083.4762,0
10733,213.25,18053.6517,18083.4762,0
10734,213.28,18053.6517,18083.4762,0
10735,213.28,18053.6517,18083.4762,0
10736,213.32,18053.6517,18083.4762,0
10737,213.32,18053.6517,18083.4762,0
10738,213.36,18053.6496,18083.4762,0
10740,213.37,18053.6496,18083.4762,0
10741,213.41,18053.6496,18083.4762,0
10743,213.41,18053.6496,18083.4762,0
10744,213.41,18053.6496,18083.4762,0
10746,213.45,18053.6517,18083.4762,0
10748,213.49,18053.6517,18083.4762,0
10749,213.52,18053.6517,18083.4762,0
10750,213.53,18053.6517,18083.4762,0
10751,213.57,18053.6496,18083.4762,0
10752,213.61,18053.6496,18083.4762,0
10753,213.65,18053.6517,18083.4762,0
10754,213.68,18053.6517,18083.4762,0
10755,213.72,18053.6517,18083.4762,0
10756,213.72,18053.6517,18083.4762,0
10758,213.72,18053.6517,18083.4762,0
10759,213.72,18053.6517,18083.4762,0
10760,213.72,18053.6517,18083.4762,0
10761,213.72,18053.6517,18083.4762,0
10764,213.72,18053.6517,18083.4762,0
10765,213.72,18053.6517,18083.4762,0
10766,213.72,18053.6517,18083.4762,0
10767,213.72,18053.6517,18083.4762,0
10768,213.77,18053.6496,18083.4762,0
10769,213.80,18053.6496,18083.4762,0
10770,213.80,18053.6496,18083.4762,0
10771,213.84,18053.6496,18083.4762,0
10772,213.84,18053.6496,18083.4762,0
10773,213.88,18053.6517,18083.4762,0
10774,213.95,18053.6496,18083.4762,0
10775,213.99,18053.6496,18083.4762,0
10777,214.04,18053.6517,18083.4762,0
10779,214.12,18053.6496,18083.4762,0
10780,214.19,18053.6517,18083.4762,0
10781,214.29,18053.6496,18083.4762,0
10783,214.30,18053.6496,18083.4762,0
10785,214.30,18053.6496,18083.4762,0
10788,214.33,18053.6496,18083.4762,0
10789,214.33,18053.6496,18083.4762,0
10790,214.33,18053.6496,18083.4762,0
10793,214.33,18053.6496,18083.4762,0
10794,214.33,18053.6496,18083.4762,0
10795,214.33,18053.6496,18083.4762,0
10796,214.38,18053.6517,18083.4762,0
10797,214.41,18053.6517,18083.4762,0
10798,214.42,18053.6517,18083.4762,0
10799,214.42,18053.6517,18083.4762,0
10802,214.45,18053.6517,18083.4762,0
10806,214.45,18053.6517,18083.4762,0
10807,214.45,18053.6517,18083.4762,0
10809,214.45,18053.6517,18083.4762,0
10810,214.45,18053.6517,18083.4762,0
10811,214.45,18053.6517,18083.4762,0
10813,214.45,18053.6517,18083.4762,0
10815,214.45,18053.6517,18083.4762,0
10816,214.45,18053.6517,18083.4762,0
10819,214.50,18053.6496,18083.4762,0
10820,214.53,18053.6496,18083.4762,0
10821,214.54,18053.6496,18083.4762,0
10822,214.57,18053.6496,18083.4762,0
10823,214.57,18053.6496,18083.4762,0
10824,214.61,18053.6517,18083.4762,0
10826,214.65,18053.6517,18083.4762,0
10827,214.68,18053.6517,18083.4762,0
10828,214.68,18053.6517,18083.4762,0
10829,214.69,18053.6517,18083.4762,0
10831,214.69,18053.6517,18083.4762,0
10833,214.69,18053.6517,18083.4762,0
10834,214.73,18053.6496,18083.4762,0
10835,214.76,18053.6496,18083.4762,0
10836,214.77,18053.6496,18083.4762,0
10839,214.81,18053.6496,18083.4762,0
10840,214.81,18053.6496,18083.4762,0
10842,214.81,18053.6496,18083.4762,0
10843,214.81,18053.6496,18083.4762,0
10844,214.81,18053.6496,18083.4762,0
10845,214.81,18053.6496,18083.4762,0
10846,214.81,18053.6496,18083.4762,0
10847,214.81,18053.6496,18083.4762,0
10849,214.81,18053.6496,18083.4762,0
10851,214.85,18053.6517,18083.4762,0
10852,214.86,18053.6517,18083.4762,0
10853,214.94,18053.6496,18083.4762,0
10856,215.02,18053.6517,18083.4762,0
10857,215.05,18053.6517,18083.4762,0
10860,215.06,18053.6517,18083.4762,0
10861,215.06,18053.6517,18083.4762,0
10862,215.06,18053.6517,18083.4762,0
10863,215.06,18053.6517,18083.4762,0
10864,215.06,18053.6517,18083.4762,0
10865,215.09,18053.6517,18083.4762,0
10866,215.09,18053.6517,18083.4762,0
10867,215.09,18053.6517,18083.4762,0
10870,215.09,18053.6517,18083.4762,0
10872,215.14,18053.6496,18083.4762,0
10873,215.21,18053.6517,18083.4762,0
10874,215.25,18053.6517,18083.4762,0
10878,215.25,18053.6517,18083.4762,0
10879,215.26,18053.6517,18083.4762,0
10880,215.30,18053.6496,18083.4762,0
10881,215.37,18053.6517,18083.4762,0
10883,215.41,18053.6517,18083.4762,0
10884,215.42,18053.6517,18083.4762,0
10885,215.42,18053.6517,18083.4762,0
10886,215.42,18053.6517,18083.4762,0
10888,215.42,18053.6517,18083.4762,0
10889,215.45,18053.6517,18083.4762,0
10891,215.45,18053.6517,18083.4762,0
10892,215.49,18053.6496,18083.4762,0
10893,215.57,18053.6517,18083.4762,0
10894,215.65,18053.6496,18083.4762,0
10895,215.68,18053.6496,18083.4762,0
10896,215.76,18053.6517,18083.4762,0
10898,215.80,18053.6517,18083.4762,0
10899,215.80,18053.6517,18083.4762,0
10900,215.80,18053.6517,18083.4762,0
10902,215.84,18053.6496,18083.4762,0
10903,215.92,18053.6517,18083.4762,0
10904,215.93,18053.6517,18083.4762,0
10906,215.93,18053.6517,18083.4762,0
10908,215.96,18053.6517,18083.4762,0
10909,215.96,18053.6517,18083.4762,0
10910,215.96,18053.6517,18083.4762,0
10911,215.96,18053.6517,18083.4762,0
10912,216.00,18053.6517,18083.4762,0
10913,216.00,18053.6517,18083.4762,0
10914,216.00,18053.6517,18083.4762,0
10915,216.00,18053.6517,18083.4762,0
10916,216.00,18053.6517,18083.4762,0
10917,216.00,18053.6517,18083.4762,0
10918,216.04,18053.6496,18083.4762,0
10919,216.08,18053.6496,18083.4762,0
10920,216.11,18053.6496,18083.4762,0
10922,216.12,18053.6496,18083.4762,0
10923,216.16,18053.6517,18083.4762,0
10924,216.17,18053.6517,18083.4762,0
10926,216.20,18053.6517,18083.4762,0
10927,216.24,18053.6517,18083.4762,0
10928,216.28,18053.6496,18083.4762,0
10929,216.31,18053.6496,18083.4762,0
10930,216.35,18053.6496,18083.4762,0
10931,216.35,18053.6496,18083.4762,0
10932,216.35,18053.6496,18083.4762,0
10933,216.35,18053.6496,18083.4762,0
10934,216.39,18053.6517,18083.4762,0
10936,216.48,18053.6496,18083.4762,0
10937,216.48,18053.6496,18083.4762,0
10939,216.52,18053.6496,18083.4762,0
10940,216.52,18053.6496,18083.4762,0
10941,216.52,18053.6496,18083.4762,0
10944,216.52,18053.6496,18083.4762,0
10945,216.52,18053.6496,18083.4762,0
10946,216.52,18053.6496,18083.4762,0
10947,216.56,18053.6517,18083.4762,0
10948,216.59,18053.6517,18083.4762,0
10949,216.60,18053.6517,18083.4762,0
10950,216.60,18053.6517,18083.4762,0
10951,216.63,18053.6517,18083.4762,0
10953,216.64,18053.6517,18083.4762,0
10955,216.68,18053.6496,18083.4762,0
10956,216.72,18053.6496,18083.4762,0
10957,216.72,18053.6496,18083.4762,0
10959,216.77,18053.6496,18083.4762,0
10960,216.77,18053.6496,18083.4762,0
10961,216.81,18053.6517,18083.4762,0
10963,216.82,18053.6517,18083.4762,0
10964,216.82,18053.6517,18083.4762,0
10967,216.86,18053.6517,18083.4762,0
10968,216.86,18053.6517,18083.4762,0
10969,216.89,18053.6517,18083.4762,0
10970,216.89,18053.6517,18083.4762,0
10972,216.89,18053.6517,18083.4762,0
10974,216.89,18053.6517,18083.4762,0
10975,216.89,18053.6517,18083.4762,0
10976,216.89,18053.6517,18083.4762,0
10977,216.89,18053.6517,18083.4762,0
10978,216.89,18053.6517,18083.4762,0
10979,216.93,18053.6496,18083.4762,0
10980,216.97,18053.6496,18083.4762,0
10981,217.00,18053.6496,18083.4762,0
10982,217.00,18053.6496,18083.4762,0
10983,217.04,18053.6517,18083.4762,0
10984,217.08,18053.6517,18083.4762,0
10985,217.11,18053.6517,18083.4762,0
10986,217.11,18053.6517,18083.4762,0
10987,217.11,18053.6517,18083.4762,0
10988,217.11,18053.6517,18083.4762,0
10989,217.12,18053.6517,18083.4762,0
10993,217.12,18053.6517,18083.4762,0
10994,217.12,18053.6517,18083.4762,0
10996,217.16,18053.6496,18083.4762,0
10997,217.17,18053.6496,18083.4762,0
10998,217.20,18053.6496,18083.4762,0
10999,217.20,18053.6496,18083.4762,0
11000,217.23,18053.6496,18083.4762,0
11001,217.28,18053.6517,18083.4762,0
11002,217.31,18053.6517,18083.4762,0
11003,217.31,18053.6517,18083.4762,0
11004,217.39,18053.6496,18083.4762,0
11005,217.39,18053.6496,18083.4762,0
11006,217.39,18053.6496,18083.4762,0
11007,217.43,18053.6496,18083.4762,0
11008,217.46,18053.6496,18083.4762,0
11012,217.47,18053.6496,18083.4762,0
11013,217.51,18053.6517,18083.4762,0
11014,217.54,18053.6517,18083.4762,0
11015,217.54,18053.6517,18083.4762,0
11016,217.55,18053.6517,18083.4762,0
11017,217.55,18053.6517,18083.4762,0
11019,217.55,18053.6517,18083.4762,0
11020,217.59,18053.6496,18083.4762,0
11021,217.67,18053.6517,18083.4762,0
11022,217.70,18053.6517,18083.4762,0
11023,217.74,18053.6517,18083.4762,0
11024,217.74,18053.6517,18083.4762,0
11025,217.74,18053.6517,18083.4762,0
11026,217.74,18053.6517,18083.4762,0
11028,217.74,18053.6517,18083.4762,0
11029,217.74,18053.6517,18083.4762,0
11030,217.79,18053.6496,18083.4762,0
11031,217.82,18053.6496,18083.4762,0
11032,217.90,18053.6517,18083.4762,0
11033,217.90,18053.6517,18083.4762,0
11034,217.94,18053.6517,18083.4762,0
11036,217.94,18053.6517,18083.4762,0
11040,217.94,18053.6517,18083.4762,0
11041,217.94,18053.6517,18083.4762,0
11042,217.98,18053.6496,18083.4762,0
11043,218.02,18053.6496,18083.4762,0
11045,218.02,18053.6496,18083.4762,0
11047,218.03,18053.6496,18083.4762,0
11048,218.06,18053.6496,18083.4762,0
11050,218.06,18053.6496,18083.4762,0
11051,218.06,18053.6496,18083.4762,0
11053,218.06,18053.6496,18083.4762,0
11054,218.06,18053.6496,18083.4762,0
11055,218.06,18053.6496,18083.4762,0
11056,218.06,18053.6496,18083.4762,0
11058,218.06,18053.6496,18083.4762,0
11059,218.06,18053.6496,18083.4762,0
11060,218.10,18053.6517,18083.4762,0
11062,218.14,18053.6517,18083.4762,0
11068,218.19,18053.6496,18083.4762,0
11069,218.22,18053.6496,18083.4762,0
11071,218.23,18053.6496,18083.4762,0
11072,218.26,18053.6496,18083.4762,0
11073,218.30,18053.6517,18083.4762,0
11074,218.34,18053.6517,18083.4762,0
11075,218.34,18053.6517,18083.4762,0
11076,218.37,18053.6517,18083.4762,0
11077,218.38,18053.6517,18083.4762,0
11078,218.38,18053.6517,18083.4762,0
11079,218.38,18053.6517,18083.4762,0
11081,218.42,18053.6496,18083.4762,0
11082,218.50,18053.6517,18083.4762,0
11083,218.57,18053.6496,18083.4762,0
11084,218.61,18053.6496,18083.4762,0
11085,218.61,18053.6496,18083.4762,0
11086,218.61,18053.6496,18083.4762,0
11088,218.62,18053.6496,18083.4762,0
11089,218.69,18053.6517,18083.4762,0
11090,218.70,18053.6517,18083.4762,0
11093,218.74,18053.6517,18083.4762,0
11094,218.74,18053.6517,18083.4762,0
11096,218.77,18053.6517,18083.4762,0
11098,218.77,18053.6517,18083.4762,0
11099,218.77,18053.6517,18083.4762,0
11100,218.81,18053.6496,18083.4762,0
11101,218.85,18053.6496,18083.4762,0
11102,218.85,18053.6496,18083.4762,0
11103,218.85,18053.6496,18083.4762,0
11104,218.89,18053.6496,18083.4762,0
11105,218.89,18053.6496,18083.4762,0
11107,218.89,18053.6496,18083.4762,0
11108,218.89,18053.6496,18083.4762,0
11110,218.93,18053.6517,18083.4762,0
11111,218.94,18053.6517,18083.4762,0
11112,218.97,18053.6517,18083.4762,0
11113,218.97,18053.6517,18083.4762,0
11114,219.01,18053.6517,18083.4762,0
11115,219.01,18053.6517,18083.4762,0
11118,219.01,18053.6517,18083.4762,0
11119,219.01,18053.6517,18083.4762,0
11123,219.01,18053.6517,18083.4762,0
11124,219.01,18053.6517,18083.4762,0
11126,219.01,18053.6517,18083.4762,0
11127,219.05,18053.6496,18083.4762,0
11128,219.13,18053.6517,18083.4762,0
11129,219.17,18053.6517,18083.4762,0
11130,219.20,18053.6517,18083.4762,0
11131,219.20,18053.6517,18083.4762,0
11132,219.21,18053.6517,18083.4762,0
11133,219.25,18053.6496,18083.4762,0
11134,219.25,18053.6496,18083.4762,0
11136,219.29,18053.6496,18083.4762,0
11139,219.29,18053.6496,18083.4762,0
11140,219.29,18053.6496,18083.4762,0
11141,219.32,18053.6496,18083.4762,0
11143,219.32,18053.6496,18083.4762,0
11144,219.37,18053.6517,18083.4762,0
11145,219.37,18053.6517,18083.4762,0
11146,219.37,18053.6517,18083.4762,0
11147,219.45,18053.6496,18083.4762,0
11148,219.45,18053.6496,18083.4762,0
11149,219.49,18053.6496,18083.4762,0
11150,219.52,18053.6496,18083.4762,0
11151,219.52,18053.6496,18083.4762,0
11152,219.52,18053.6496,18083.4762,0
11153,219.52,18053.6496,18083.4762,0
11154,219.52,18053.6496,18083.4762,0
11155,219.56,18053.6517,18083.4762,0
11161,219.57,18053.6517,18083.4762,0
11162,219.57,18053.6517,18083.4762,0
11165,219.57,18053.6517,18083.4762,0
11166,219.57,18053.6517,18083.4762,0
11167,219.57,18053.6517,18083.4762,0
11168,219.61,18053.6517,18083.4762,0
11169,219.65,18053.6496,18083.4762,0
11170,219.66,18053.6496,18083.4762,0
11172,219.66,18053.6496,18083.4762,0
11173,219.74,18053.6517,18083.4762,0
11175,219.77,18053.6517,18083.4762,0
11177,219.77,18053.6517,18083.4762,0
11178,219.81,18053.6517,18083.4762,0
11181,219.81,18053.6517,18083.4762,0
11182,219.81,18053.6517,18083.4762,0
11183,219.81,18053.6517,18083.4762,0
11185,219.81,18053.6517,18083.4762,0
11186,219.81,18053.6517,18083.4762,0
11187,219.86,18053.6496,18083.4762,0
11188,219.89,18053.6496,18083.4762,0
11189,219.89,18053.6496,18083.4762,0
11191,219.90,18053.6496,18083.4762,0
11192,219.90,18053.6496,18083.4762,0
11193,219.90,18053.6496,18083.4762,0
11194,219.90,18053.6496,18083.4762,0
11196,219.94,18053.6517,18083.4762,0
11197,219.95,18053.6517,18083.4762,0
11199,219.99,18053.6517,18083.4762,0
11200,220.03,18053.6496,18083.4762,0
11201,220.06,18053.6496,18083.4762,0
11202,220.10,18053.6496,18083.4762,0
11203,220.10,18053.6496,18083.4762,0
11204,220.10,18053.6496,18083.4762,0
11205,220.10,18053.6496,18083.4762,0
11206,220.10,18053.6496,18083.4762,0
11207,220.10,18053.6496,18083.4762,0
11208,220.10,18053.6496,18083.4762,0
11211,220.15,18053.6517,18083.4762,0
11214,220.23,18053.6496,18083.4762,0
11218,220.27,18053.6496,18083.4762,0
11219,220.34,18053.6517,18083.4762,0
11222,220.38,18053.6517,18083.4762,0
11224,220.38,18053.6517,18083.4762,0
11225,220.39,18053.6517,18083.4762,0
11226,220.39,18053.6517,18083.4762,0
11227,220.39,18053.6517,18083.4762,0
11228,220.39,18053.6517,18083.4762,0
11229,220.39,18053.6517,18083.4762,0
11230,220.39,18053.6517,18083.4762,0
11231,220.39,18053.6517,18083.4762,0
11232,220.39,18053.6517,18083.4762,0
11233,220.43,18053.6496,18083.4762,0
11234,220.44,18053.6496,18083.4762,0
11236,220.47,18053.6496,18083.4762,0
11237,220.47,18053.6496,18083.4762,0
11238,220.55,18053.6517,18083.4762,0
11239,220.58,18053.6517,18083.4762,0
11242,220.65,18053.6496,18083.4762,0
11243,220.68,18053.6496,18083.4762,0
11244,220.76,18053.6517,18083.4762,0
11246,220.77,18053.6517,18083.4762,0
11247,220.80,18053.6517,18083.4762,0
11248,220.80,18053.6517,18083.4762,0
11249,220.84,18053.6517,18083.4762,0
11250,220.88,18053.6496,18083.4762,0
11251,220.91,18053.6496,18083.4762,0
11252,220.95,18053.6496,18083.4762,0
11254,220.95,18053.6496,18083.4762,0
11255,220.95,18053.6496,18083.4762,0
11256,221.00,18053.6517,18083.4762,0
11257,221.03,18053.6517,18083.4762,0
11259,221.04,18053.6517,18083.4762,0
11260,221.04,18053.6517,18083.4762,0
11261,221.04,18053.6517,18083.4762,0
11263,221.07,18053.6517,18083.4762,0
11264,221.07,18053.6517,18083.4762,0
11265,221.12,18053.6496,18083.4762,0
11267,221.13,18053.6496,18083.4762,0
11269,221.16,18053.6496,18083.4762,0
11270,221.16,18053.6496,18083.4762,0
11272,221.16,18053.6496,18083.4762,0
11273,221.16,18053.6496,18083.4762,0
11274,221.20,18053.6517,18083.4762,0
11275,221.24,18053.6517,18083.4762,0
11278,221.24,18053.6517,18083.4762,0
11279,221.28,18053.6517,18083.4762,0
11280,221.28,18053.6517,18083.4762,0
11281,221.28,18053.6517,18083.4762,0
11282,221.28,18053.6517,18083.4762,0
11284,221.32,18053.6496,18083.4762,0
11285,221.36,18053.6496,18083.4762,0
11286,221.39,18053.6496,18083.4762,0
11287,221.40,18053.6496,18083.4762,0
11288,221.40,18053.6496,18083.4762,0
11289,221.40,18053.6496,18083.4762,0
11290,221.40,18053.6496,18083.4762,0
11291,221.40,18053.6496,18083.4762,0
11292,221.40,18053.6496,18083.4762,0
11293,221.40,18053.6496,18083.4762,0
11294,221.40,18053.6496,18083.4762,0
11295,221.44,18053.6517,18083.4762,0
11296,221.44,18053.6517,18083.4762,0
11298,221.48,18053.6517,18083.4762,0
11299,221.51,18053.6517,18083.4762,0
11300,221.51,18053.6517,18083.4762,0
11301,221.57,18053.6517,18083.4762,0
11302,221.57,18053.6517,18083.4762,0
11303,221.57,18053.6517,18083.4762,0
11304,221.57,18053.6517,18083.4762,0
11305,221.57,18053.6517,18083.4762,0
11307,221.61,18053.6496,18083.4762,0
11308,221.65,18053.6496,18083.4762,0
11309,221.65,18053.6496,18083.4762,0
11311,221.65,18053.6496,18083.4762,0
11312,221.65,18053.6496,18083.4762,0
11314,221.65,18053.6496,18083.4762,0
11315,221.69,18053.6496,18083.4762,0
11316,221.69,18053.6496,18083.4762,0
11317,221.69,18053.6496,18083.4762,0
11318,221.69,18053.6496,18083.4762,0
11319,221.73,18053.6517,18083.4762,0
11320,221.74,18053.6517,18083.4762,0
11322,221.74,18053.6517,18083.4762,0
11323,221.82,18053.6496,18083.4762,0
11324,221.85,18053.6496,18083.4762,0
11325,221.85,18053.6496,18083.4762,0
11326,221.89,18053.6517,18083.4762,0
11328,221.90,18053.6517,18083.4762,0
11329,221.94,18053.6517,18083.4762,0
11332,221.97,18053.6517,18083.4762,0
11335,221.97,18053.6517,18083.4762,0
11336,221.97,18053.6517,18083.4762,0
11337,221.97,18053.6517,18083.4762,0
11338,221.97,18053.6517,18083.4762,0
11339,221.97,18053.6517,18083.4762,0
11341,221.97,18053.6517,18083.4762,0
11342,221.97,18053.6517,18083.4762,0
11344,222.01,18053.6496,18083.4762,0
11345,222.09,18053.6517,18083.4762,0
11346,222.09,18053.6517,18083.4762,0
11348,222.10,18053.6517,18083.4762,0
11349,222.13,18053.6517,18083.4762,0
11351,222.17,18053.6517,18083.4762,0
11352,222.17,18053.6517,18083.4762,0
11353,222.17,18053.6517,18083.4762,0
11354,222.17,18053.6517,18083.4762,0
11355,222.17,18053.6517,18083.4762,0
11357,222.17,18053.6517,18083.4762,0
11358,222.17,18053.6517,18083.4762,0
11359,222.17,18053.6517,18083.4762,0
11360,222.21,18053.6496,18083.4762,0
11361,222.21,18053.6496,18083.4762,0
11362,222.29,18053.6517,18083.4762,0
11363,222.37,18053.6496,18083.4762,0
11364,222.37,18053.6496,18083.4762,0
11366,222.41,18053.6496,18083.4762,0
11368,222.45,18053.6517,18083.4762,0
11370,222.49,18053.6517,18083.4762,0
11373,222.49,18053.6517,18083.4762,0
11374,222.50,18053.6517,18083.4762,0
11376,222.50,18053.6517,18083.4762,0
11377,222.50,18053.6517,18083.4762,0
11378,222.54,18053.6517,18083.4762,0
11379,222.54,18053.6517,18083.4762,0
11381,222.54,18053.6517,18083.4762,0
11383,222.59,18053.6496,18083.4762,0
11384,222.66,18053.6517,18083.4762,0
11386,222.67,18053.6517,18083.4762,0
11387,222.75,18053.6496,18083.4762,0
11388,222.83,18053.6517,18083.4762,0
11390,222.84,18053.6517,18083.4762,0
11391,222.87,18053.6517,18083.4762,0
11392,222.91,18053.6496,18083.4762,0
11393,222.92,18053.6496,18083.4762,0
11394,222.95,18053.6496,18083.4762,0
11395,222.95,18053.6496,18083.4762,0
11396,223.03,18053.6517,18083.4762,0
11397,223.03,18053.6517,18083.4762,0
11399,223.04,18053.6517,18083.4762,0
11401,223.07,18053.6517,18083.4762,0
11403,223.10,18053.6517,18083.4762,0
11406,223.10,18053.6517,18083.4762,0
11407,223.10,18053.6517,18083.4762,0
11408,223.10,18053.6517,18083.4762,0
11409,223.10,18053.6517,18083.4762,0
11411,223.10,18053.6517,18083.4762,0
11412,223.10,18053.6517,18083.4762,0
11413,223.15,18053.6496,18083.4762,0
11414,223.18,18053.6496,18083.4762,0
11415,223.21,18053.6496,18083.4762,0
11417,223.26,18053.6517,18083.4762,0
11418,223.29,18053.6517,18083.4762,0
11419,223.37,18053.6496,18083.4762,0
11421,223.38,18053.6496,18083.4762,0
11422,223.38,18053.6496,18083.4762,0
11423,223.38,18053.6496,18083.4762,0
11425,223.41,18053.6496,18083.4762,0
11426,223.41,18053.6496,18083.4762,0
11428,223.41,18053.6496,18083.4762,0
11429,223.41,18053.6496,18083.4762,0
11431,223.45,18053.6496,18083.4762,0
11432,223.45,18053.6496,18083.4762,0
11434,223.49,18053.6517,18083.4762,0
11435,223.50,18053.6517,18083.4762,0
11437,223.50,18053.6517,18083.4762,0
11438,223.58,18053.6496,18083.4762,0
11439,223.61,18053.6496,18083.4762,0
11440,223.61,18053.6496,18083.4762,0
11443,223.62,18053.6496,18083.4762,0
11444,223.62,18053.6496,18083.4762,0
11445,223.62,18053.6496,18083.4762,0
11446,223.62,18053.6496,18083.4762,0
11448,223.65,18053.6496,18083.4762,0
11450,223.69,18053.6517,18083.4762,0
11451,223.73,18053.6517,18083.4762,0
11453,223.74,18053.6517,18083.4762,0
11454,223.74,18053.6517,18083.4762,0
11455,223.74,18053.6517,18083.4762,0
11458,223.74,18053.6517,18083.4762,0
11460,223.77,18053.6517,18083.4762,0
11461,223.81,18053.6496,18083.4762,0
11462,223.89,18053.6517,18083.4762,0
11466,223.90,18053.6517,18083.4762,0
11467,223.93,18053.6517,18083.4762,0
11469,223.93,18053.6517,18083.4762,0
11470,223.97,18053.6517,18083.4762,0
11472,223.97,18053.6517,18083.4762,0
11473,223.97,18053.6517,18083.4762,0
11476,223.97,18053.6517,18083.4762,0
11477,223.97,18053.6517,18083.4762,0
11478,223.97,18053.6517,18083.4762,0
11479,223.97,18053.6517,18083.4762,0
11480,223.97,18053.6517,18083.4762,0
11481,224.01,18053.6496,18083.4762,0
11482,224.04,18053.6496,18083.4762,0
11483,224.05,18053.6496,18083.4762,0
11484,224.05,18053.6496,18083.4762,0
11485,224.05,18053.6496,18083.4762,0
11487,224.05,18053.6496,18083.4762,0
11488,224.08,18053.6496,18083.4762,0
11489,224.08,18053.6496,18083.4762,0
11490,224.08,18053.6496,18083.4762,0
11491,224.08,18053.6496,18083.4762,0
11492,224.13,18053.6517,18083.4762,0
11496,224.16,18053.6517,18083.4762,0
11497,224.20,18053.6517,18083.4762,0
11498,224.20,18053.6517,18083.4762,0
11499,224.20,18053.6517,18083.4762,0
11500,224.20,18053.6517,18083.4762,0
11501,224.20,18053.6517,18083.4762,0
11505,224.25,18053.6496,18083.4762,0
11506,224.32,18053.6517,18083.4762,0
11507,224.36,18053.6517,18083.4762,0
11508,224.36,18053.6517,18083.4762,0
11509,224.36,18053.6517,18083.4762,0
11511,224.40,18053.6517,18083.4762,0
11513,224.40,18053.6517,18083.4762,0
11514,224.40,18053.6517,18083.4762,0
11515,224.40,18053.6517,18083.4762,0
11516,224.40,18053.6517,18083.4762,0
11517,224.44,18053.6496,18083.4762,0
11518,224.48,18053.6496,18083.4762,0
11520,224.51,18053.6496,18083.4762,0
11521,224.51,18053.6496,18083.4762,0
11522,224.52,18053.6496,18083.4762,0
11523,224.56,18053.6517,18083.4762,0
11525,224.57,18053.6517,18083.4762,0
11526,224.60,18053.6517,18083.4762,0
11527,224.64,18053.6517,18083.4762,0
11528,224.64,18053.6517,18083.4762,0
11529,224.64,18053.6517,18083.4762,0
11530,224.64,18053.6517,18083.4762,0
11531,224.64,18053.6517,18083.4762,0
11533,224.64,18053.6517,18083.4762,0
11534,224.68,18053.6496,18083.4762,0
11535,224.71,18053.6496,18083.4762,0
11536,224.75,18053.6496,18083.4762,0
11537,224.79,18053.6517,18083.4762,0
11538,224.82,18053.6517,18083.4762,0
11540,224.83,18053.6517,18083.4762,0
11541,224.83,18053.6517,18083.4762,0
11542,224.86,18053.6517,18083.4762,0
11543,224.86,18053.6517,18083.4762,0
11545,224.86,18053.6517,18083.4762,0
11546,224.86,18053.6517,18083.4762,0
11547,224.86,18053.6517,18083.4762,0
11548,224.86,18053.6517,18083.4762,0
11549,224.86,18053.6517,18083.4762,0
11550,224.86,18053.6517,18083.4762,0
11551,224.86,18053.6517,18083.4762,0
11552,224.86,18053.6517,18083.4762,0
11553,224.91,18053.6496,18083.4762,0
11555,224.95,18053.6496,18083.4762,0
11556,224.95,18053.6496,18083.4762,0
11557,224.95,18053.6496,18083.4762,0
11558,224.95,18053.6496,18083.4762,0
11559,225.03,18053.6517,18083.4762,0
11561,225.04,18053.6517,18083.4762,0
11562,225.07,18053.6517,18083.4762,0
11563,225.07,18053.6517,18083.4762,0
11564,225.11,18053.6517,18083.4762,0
11565,225.11,18053.6517,18083.4762,0
11566,225.11,18053.6517,18083.4762,0
11567,225.11,18053.6517,18083.4762,0
11568,225.11,18053.6517,18083.4762,0
11569,225.11,18053.6517,18083.4762,0
11570,225.11,18053.6517,18083.4762,0
11571,225.15,18053.6496,18083.4762,0
11573,225.19,18053.6496,18083.4762,0
11576,225.22,18053.6496,18083.4762,0
11577,225.22,18053.6496,18083.4762,0
11579,225.22,18053.6496,18083.4762,0
11580,225.26,18053.6517,18083.4762,0
11582,225.27,18053.6517,18083.4762,0
11583,225.27,18053.6517,18083.4762,0
11586,225.27,18053.6517,18083.4762,0
11587,225.27,18053.6517,18083.4762,0
11588,225.35,18053.6496,18083.4762,0
11589,225.43,18053.6517,18083.4762,0
11590,225.46,18053.6517,18083.4762,0
11592,225.51,18053.6496,18083.4762,0
11593,225.51,18053.6496,18083.4762,0
11594,225.51,18053.6496,18083.4762,0
11595,225.55,18053.6496,18083.4762,0
11596,225.55,18053.6496,18083.4762,0
11598,225.55,18053.6496,18083.4762,0
11599,225.55,18053.6496,18083.4762,0
11600,225.55,18053.6496,18083.4762,0
11601,225.55,18053.6496,18083.4762,0
11603,225.55,18053.6496,18083.4762,0
11604,225.63,18053.6517,18083.4762,0
11605,225.63,18053.6517,18083.4762,0
11607,225.67,18053.6517,18083.4762,0
11608,225.75,18053.6496,18083.4762,0
11609,225.82,18053.6517,18083.4762,0
11610,225.86,18053.6517,18083.4762,0
11611,225.86,18053.6517,18083.4762,0
11612,225.86,18053.6517,18083.4762,0
11613,225.86,18053.6517,18083.4762,0
11614,225.91,18053.6496,18083.4762,0
11615,225.91,18053.6496,18083.4762,0
11616,225.91,18053.6496,18083.4762,0
11617,225.95,18053.6496,18083.4762,0
11618,226.02,18053.6517,18083.4762,0
11620,226.10,18053.6496,18083.4762,0
11621,226.14,18053.6496,18083.4762,0
11623,226.14,18053.6496,18083.4762,0
11625,226.18,18053.6496,18083.4762,0
11627,226.18,18053.6496,18083.4762,0
11628,226.18,18053.6496,18083.4762,0
11629,226.18,18053.6496,18083.4762,0
11630,226.18,18053.6496,18083.4762,0
11631,226.18,18053.6496,18083.4762,0
11632,226.24,18053.6517,18083.4762,0
11635,226.32,18053.6496,18083.4762,0
11636,226.36,18053.6496,18083.4762,0
11637,226.36,18053.6496,18083.4762,0
11638,226.41,18053.6517,18083.4762,0
11639,226.44,18053.6517,18083.4762,0
11640,226.44,18053.6517,18083.4762,0
11641,226.48,18053.6517,18083.4762,0
11643,226.48,18053.6517,18083.4762,0
11644,226.52,18053.6496,18083.4762,0
11645,226.56,18053.6496,18083.4762,0
11646,226.59,18053.6496,18083.4762,0
11647,226.60,18053.6496,18083.4762,0
11648,226.64,18053.6517,18083.4762,0
11650,226.65,18053.6517,18083.4762,0
11654,226.65,18053.6517,18083.4762,0
11655,226.65,18053.6517,18083.4762,0
11656,226.68,18053.6517,18083.4762,0
11657,226.73,18053.6496,18083.4762,0
11659,226.81,18053.6517,18083.4762,0
11660,226.84,18053.6517,18083.4762,0
11661,226.84,18053.6517,18083.4762,0
11662,226.85,18053.6517,18083.4762,0
11663,226.88,18053.6517,18083.4762,0
11664,226.92,18053.6496,18083.4762,0
11665,226.96,18053.6496,18083.4762,0
11666,226.96,18053.6496,18083.4762,0
11667,226.99,18053.6496,18083.4762,0
11668,227.04,18053.6517,18083.4762,0
11670,227.07,18053.6517,18083.4762,0
11671,227.11,18053.6517,18083.4762,0
11672,227.11,18053.6517,18083.4762,0
11673,227.11,18053.6517,18083.4762,0
11674,227.11,18053.6517,18083.4762,0
11678,227.11,18053.6517,18083.4762,0
11679,227.11,18053.6517,18083.4762,0
11681,227.11,18053.6517,18083.4762,0
11682,227.11,18053.6517,18083.4762,0
11683,227.11,18053.6517,18083.4762,0
11685,227.16,18053.6496,18083.4762,0
11686,227.16,18053.6496,18083.4762,0
11687,227.16,18053.6496,18083.4762,0
11689,227.16,18053.6496,18083.4762,0
11690,227.20,18053.6496,18083.4762,0
11691,227.20,18053.6496,18083.4762,0
11692,227.20,18053.6496,18083.4762,0
11693,227.20,18053.6496,18083.4762,0
11694,227.24,18053.6517,18083.4762,0
11695,227.28,18053.6517,18083.4762,0
11697,227.28,18053.6517,18083.4762,0
11698,227.28,18053.6517,18083.4762,0
11700,227.28,18053.6517,18083.4762,0
11702,227.32,18053.6517,18083.4762,0
11703,227.32,18053.6517,18083.4762,0
11707,227.32,18053.6517,18083.4762,0
11709,227.32,18053.6517,18083.4762,0
11710,227.32,18053.6517,18083.4762,0
11711,227.36,18053.6496,18083.4762,0
11712,227.44,18053.6517,18083.4762,0
11713,227.51,18053.6496,18083.4762,0
11714,227.55,18053.6496,18083.4762,0
11715,227.58,18053.6496,18083.4762,0
11716,227.58,18053.6496,18083.4762,0
11717,227.62,18053.6517,18083.4762,0
11718,227.70,18053.6496,18083.4762,0
11719,227.73,18053.6496,18083.4762,0
11720,227.73,18053.6496,18083.4762,0
11721,227.74,18053.6496,18083.4762,0
11722,227.78,18053.6517,18083.4762,0
11723,227.82,18053.6517,18083.4762,0
11725,227.85,18053.6517,18083.4762,0
11726,227.86,18053.6517,18083.4762,0
11727,227.90,18053.6496,18083.4762,0
11728,227.93,18053.6496,18083.4762,0
11729,227.93,18053.6496,18083.4762,0
11730,227.98,18053.6517,18083.4762,0
11731,228.05,18053.6496,18083.4762,0
11732,228.09,18053.6496,18083.4762,0
11734,228.13,18053.6496,18083.4762,0
11735,228.13,18053.6496,18083.4762,0
11736,228.13,18053.6496,18083.4762,0
11737,228.17,18053.6517,18083.4762,0
11740,228.18,18053.6517,18083.4762,0
11741,228.22,18053.6517,18083.4762,0
11742,228.25,18053.6517,18083.4762,0
11743,228.25,18053.6517,18083.4762,0
11744,228.25,18053.6517,18083.4762,0
11746,228.25,18053.6517,18083.4762,0
11747,228.25,18053.6517,18083.4762,0
11748,228.25,18053.6517,18083.4762,0
11749,228.25,18053.6517,18083.4762,0
11751,228.25,18053.6517,18083.4762,0
11752,228.25,18053.6517,18083.4762,0
11753,228.29,18053.6496,18083.4762,0
11756,228.33,18053.6496,18083.4762,0
11757,228.34,18053.6496,18083.4762,0
11758,228.34,18053.6496,18083.4762,0
11759,228.34,18053.6496,18083.4762,0
11760,228.41,18053.6517,18083.4762,0
11761,228.45,18053.6517,18083.4762,0
11763,228.45,18053.6517,18083.4762,0
11764,228.48,18053.6517,18083.4762,0
11765,228.49,18053.6517,18083.4762,0
11766,228.53,18053.6496,18083.4762,0
11768,228.54,18053.6496,18083.4762,0
11769,228.62,18053.6517,18083.4762,0
11770,228.69,18053.6496,18083.4762,0
11771,228.70,18053.6496,18083.4762,0
11773,228.70,18053.6496,18083.4762,0
11775,228.74,18053.6496,18083.4762,0
11776,228.77,18053.6496,18083.4762,0
11777,228.77,18053.6496,18083.4762,0
11778,228.77,18053.6496,18083.4762,0
11782,228.77,18053.6496,18083.4762,0
11784,228.77,18053.6496,18083.4762,0
11785,228.77,18053.6496,18083.4762,0
11786,228.81,18053.6517,18083.4762,0
11788,228.85,18053.6517,18083.4762,0
11792,228.85,18053.6517,18083.4762,0
11793,228.85,18053.6517,18083.4762,0
11795,228.88,18053.6517,18083.4762,0
11796,228.88,18053.6517,18083.4762,0
11797,228.89,18053.6517,18083.4762,0
11798,228.89,18053.6517,18083.4762,0
11800,228.93,18053.6496,18083.4762,0
11801,229.01,18053.6517,18083.4762,0
11802,229.02,18053.6517,18083.4762,0
11803,229.05,18053.6517,18083.4762,0
11804,229.05,18053.6517,18083.4762,0
11805,229.05,18053.6517,18083.4762,0
11806,229.05,18053.6517,18083.4762,0
11808,229.05,18053.6517,18083.4762,0
11809,229.05,18053.6517,18083.4762,0
11811,229.10,18053.6496,18083.4762,0
11812,229.13,18053.6496,18083.4762,0
11813,229.13,18053.6496,18083.4762,0
11815,229.17,18053.6496,18083.4762,0
11816,229.17,18053.6496,18083.4762,0
11817,229.17,18053.6496,18083.4762,0
11818,229.21,18053.6517,18083.4762,0
11820,229.25,18053.6517,18083.4762,0
11821,229.28,18053.6517,18083.4762,0
11822,229.28,18053.6517,18083.4762,0
11824,229.29,18053.6517,18083.4762,0
11826,229.29,18053.6517,18083.4762,0
11827,229.29,18053.6517,18083.4762,0
11829,229.29,18053.6517,18083.4762,0
11830,229.33,18053.6496,18083.4762,0
11832,229.37,18053.6496,18083.4762,0
11833,229.40,18053.6496,18083.4762,0
11834,229.41,18053.6496,18083.4762,0
11835,229.45,18053.6517,18083.4762,0
11836,229.49,18053.6517,18083.4762,0
11838,229.52,18053.6517,18083.4762,0
11839,229.52,18053.6517,18083.4762,0
11840,229.52,18053.6517,18083.4762,0
11841,229.52,18053.6517,18083.4762,0
11843,229.52,18053.6517,18083.4762,0
11845,229.52,18053.6517,18083.4762,0
11846,229.52,18053.6517,18083.4762,0
11847,229.52,18053.6517,18083.4762,0
11848,229.57,18053.6496,18083.4762,0
11852,229.60,18053.6496,18083.4762,0
11853,229.61,18053.6496,18083.4762,0
11854,229.69,18053.6517,18083.4762,0
11855,229.72,18053.6517,18083.4762,0
11856,229.80,18053.6496,18083.4762,0
11857,229.80,18053.6496,18083.4762,0
11858,229.80,18053.6496,18083.4762,0
11859,229.80,18053.6496,18083.4762,0
11860,229.88,18053.6517,18083.4762,0
11861,229.91,18053.6517,18083.4762,0
11862,229.99,18053.6496,18083.4762,0
11863,230.06,18053.6517,18083.4762,0
11864,230.10,18053.6517,18083.4762,0
11865,230.13,18053.6517,18083.4762,0
11868,230.13,18053.6517,18083.4762,0
11869,230.13,18053.6517,18083.4762,0
11870,230.13,18053.6517,18083.4762,0
11871,230.14,18053.6517,18083.4762,0
11872,230.14,18053.6517,18083.4762,0
11873,230.18,18053.6496,18083.4762,0
11874,230.26,18053.6517,18083.4762,0
11875,230.34,18053.6496,18083.4762,0
11876,230.41,18053.6517,18083.4762,0
11877,230.45,18053.6517,18083.4762,0
11878,230.45,18053.6517,18083.4762,0
11879,230.45,18053.6517,18083.4762,0
11880,230.53,18053.6496,18083.4762,0
11881,230.60,18053.6517,18083.4762,0
11882,230.61,18053.6517,18083.4762,0
11883,230.61,18053.6517,18083.4762,0
11884,230.64,18053.6517,18083.4762,0
11885,230.68,18053.6517,18083.4762,0
11886,230.68,18053.6517,18083.4762,0
11888,230.68,18053.6517,18083.4762,0
11889,230.68,18053.6517,18083.4762,0
11890,230.72,18053.6496,18083.4762,0
11892,230.76,18053.6496,18083.4762,0
11893,230.80,18053.6517,18083.4762,0
11894,230.84,18053.6517,18083.4762,0
11896,230.88,18053.6517,18083.4762,0
11897,230.92,18053.6496,18083.4762,0
11899,230.93,18053.6496,18083.4762,0
11900,230.93,18053.6496,18083.4762,0
11901,230.96,18053.6496,18083.4762,0
11902,230.96,18053.6496,18083.4762,0
11904,230.96,18053.6496,18083.4762,0
11907,231.00,18053.6496,18083.4762,0
11908,231.06,18053.6517,18083.4762,0
11909,231.07,18053.6517,18083.4762,0
11910,231.10,18053.6517,18083.4762,0
11911,231.10,18053.6517,18083.4762,0
11912,231.18,18053.6496,18083.4762,0
11913,231.21,18053.6496,18083.4762,0
11914,231.25,18053.6517,18083.4762,0
11915,231.29,18053.6517,18083.4762,0
11916,231.29,18053.6517,18083.4762,0
11917,231.29,18053.6517,18083.4762,0
11918,231.29,18053.6517,18083.4762,0
11919,231.37,18053.6496,18083.4762,0
11920,231.37,18053.6496,18083.4762,0
11921,231.41,18053.6496,18083.4762,0
11923,231.41,18053.6496,18083.4762,0
11924,231.45,18053.6517,18083.4762,0
11925,231.46,18053.6517,18083.4762,0
11926,231.49,18053.6517,18083.4762,0
11927,231.49,18053.6517,18083.4762,0
11928,231.49,18053.6517,18083.4762,0
11929,231.49,18053.6517,18083.4762,0
11930,231.52,18053.6517,18083.4762,0
11931,231.52,18053.6517,18083.4762,0
11933,231.57,18053.6496,18083.4762,0
11935,231.61,18053.6496,18083.4762,0
11936,231.61,18053.6496,18083.4762,0
11937,231.61,18053.6496,18083.4762,0
11938,231.61,18053.6496,18083.4762,0
11941,231.65,18053.6496,18083.4762,0
11942,231.69,18053.6517,18083.4762,0
11944,231.70,18053.6517,18083.4762,0
11946,231.70,18053.6517,18083.4762,0
11947,231.70,18053.6517,18083.4762,0
11948,231.73,18053.6517,18083.4762,0
11949,231.73,18053.6517,18083.4762,0
11950,231.73,18053.6517,18083.4762,0
11951,231.73,18053.6517,18083.4762,0
11952,231.81,18053.6496,18083.4762,0
11953,231.85,18053.6496,18083.4762,0
11954,231.85,18053.6496,18083.4762,0
11956,231.89,18053.6496,18083.4762,0
11957,231.89,18053.6496,18083.4762,0
11958,231.89,18053.6496,18083.4762,0
11960,231.89,18053.6496,18083.4762,0
11961,231.89,18053.6496,18083.4762,0
11962,231.89,18053.6496,18083.4762,0
11963,231.93,18053.6517,18083.4762,0
11964,231.97,18053.6517,18083.4762,0
11965,231.97,18053.6517,18083.4762,0
11967,231.98,18053.6517,18083.4762,0
11969,232.01,18053.6517,18083.4762,0
11970,232.06,18053.6496,18083.4762,0
11971,232.13,18053.6517,18083.4762,0
11972,232.17,18053.6517,18083.4762,0
11973,232.17,18053.6517,18083.4762,0
11974,232.22,18053.6496,18083.4762,0
11975,232.29,18053.6517,18083.4762,0
11976,232.33,18053.6517,18083.4762,0
11977,232.33,18053.6517,18083.4762,0
11978,232.40,18053.6496,18083.4762,0
11979,232.44,18053.6496,18083.4762,0
11982,232.52,18053.6517,18083.4762,0
11983,232.52,18053.6517,18083.4762,0
11984,232.56,18053.6517,18083.4762,0
11985,232.64,18053.6496,18083.4762,0
11986,232.67,18053.6496,18083.4762,0
11988,232.68,18053.6496,18083.4762,0
11989,232.68,18053.6496,18083.4762,0
11990,232.68,18053.6496,18083.4762,0
11992,232.71,18053.6496,18083.4762,0
11994,232.71,18053.6496,18083.4762,0
11995,232.76,18053.6517,18083.4762,0
11996,232.79,18053.6517,18083.4762,0
11997,232.82,18053.6517,18083.4762,0
12000,232.83,18053.6517,18083.4762,0
12001,232.83,18053.6517,18083.4762,0
12002,232.83,18053.6517,18083.4762,0
12005,232.87,18053.6496,18083.4762,0
12006,232.91,18053.6496,18083.4762,0
12007,232.91,18053.6496,18083.4762,0
12008,232.91,18053.6496,18083.4762,0
12009,232.94,18053.6496,18083.4762,0
12011,232.94,18053.6496,18083.4762,0
12012,232.94,18053.6496,18083.4762,0
12013,232.99,18053.6517,18083.4762,0
12014,233.02,18053.6517,18083.4762,0
12015,233.02,18053.6517,18083.4762,0
12017,233.03,18053.6517,18083.4762,0
12018,233.03,18053.6517,18083.4762,0
12020,233.03,18053.6517,18083.4762,0
12021,233.03,18053.6517,18083.4762,0
12022,233.08,18053.6496,18083.4762,0
12023,233.11,18053.6496,18083.4762,0
12024,233.14,18053.6496,18083.4762,0
12026,233.15,18053.6496,18083.4762,0
12027,233.19,18053.6517,18083.4762,0
12028,233.20,18053.6517,18083.4762,0
12029,233.20,18053.6517,18083.4762,0
12030,233.23,18053.6517,18083.4762,0
12032,233.24,18053.6517,18083.4762,0
12035,233.28,18053.6496,18083.4762,0
12036,233.31,18053.6496,18083.4762,0
12037,233.32,18053.6496,18083.4762,0
12038,233.32,18053.6496,18083.4762,0
12040,233.32,18053.6496,18083.4762,0
12041,233.32,18053.6496,18083.4762,0
12042,233.40,18053.6517,18083.4762,0
12043,233.43,18053.6517,18083.4762,0
12044,233.48,18053.6496,18083.4762,0
12045,233.48,18053.6496,18083.4762,0
12046,233.56,18053.6517,18083.4762,0
12047,233.59,18053.6517,18083.4762,0
12049,233.60,18053.6517,18083.4762,0
12051,233.63,18053.6517,18083.4762,0
12052,233.63,18053.6517,18083.4762,0
12053,233.63,18053.6517,18083.4762,0
12054,233.63,18053.6517,18083.4762,0
12055,233.63,18053.6517,18083.4762,0
12057,233.63,18053.6517,18083.4762,0
12058,233.63,18053.6517,18083.4762,0
12059,233.63,18053.6517,18083.4762,0
12062,233.63,18053.6517,18083.4762,0
12063,233.63,18053.6517,18083.4762,0
12064,233.63,18053.6517,18083.4762,0
12065,233.63,18053.6517,18083.4762,0
12066,233.68,18053.6496,18083.4762,0
12068,233.69,18053.6496,18083.4762,0
12069,233.72,18053.6496,18083.4762,0
12070,233.72,18053.6496,18083.4762,0
12071,233.77,18053.6517,18083.4762,0
12072,233.80,18053.6517,18083.4762,0
12073,233.80,18053.6517,18083.4762,0
12074,233.84,18053.6517,18083.4762,0
12075,233.84,18053.6517,18083.4762,0
12076,233.88,18053.6496,18083.4762,0
12078,233.92,18053.6496,18083.4762,0
12079,233.99,18053.6517,18083.4762,0
12082,234.03,18053.6517,18083.4762,0
12084,234.04,18053.6517,18083.4762,0
12086,234.04,18053.6517,18083.4762,0
12087,234.04,18053.6517,18083.4762,0
12088,234.07,18053.6517,18083.4762,0
12089,234.07,18053.6517,18083.4762,0
12090,234.07,18053.6517,18083.4762,0
12091,234.07,18053.6517,18083.4762,0
12092,234.07,18053.6517,18083.4762,0
12093,234.07,18053.6517,18083.4762,0
12094,234.07,18053.6517,18083.4762,0
12097,234.12,18053.6496,18083.4762,0
12098,234.19,18053.6517,18083.4762,0
12099,234.27,18053.6496,18083.4762,0
12100,234.30,18053.6496,18083.4762,0
12101,234.30,18053.6496,18083.4762,0
12104,234.38,18053.6517,18083.4762,0
12105,234.39,18053.6517,18083.4762,0
12106,234.47,18053.6496,18083.4762,0
12107,234.47,18053.6496,18083.4762,0
12108,234.51,18053.6496,18083.4762,0
12109,234.51,18053.6496,18083.4762,0
12110,234.51,18053.6496,18083.4762,0
12112,234.55,18053.6517,18083.4762,0
12113,234.63,18053.6496,18083.4762,0
12114,234.66,18053.6496,18083.4762,0
12119,234.67,18053.6496,18083.4762,0
12120,234.67,18053.6496,18083.4762,0
12121,234.67,18053.6496,18083.4762,0
12122,234.67,18053.6496,18083.4762,0
12125,234.67,18053.6496,18083.4762,0
12126,234.67,18053.6496,18083.4762,0
12128,234.67,18053.6496,18083.4762,0
12129,234.67,18053.6496,18083.4762,0
12130,234.67,18053.6496,18083.4762,0
12131,234.71,18053.6517,18083.4762,0
12134,234.72,18053.6517,18083.4762,0
12135,234.76,18053.6517,18083.4762,0
12138,234.76,18053.6517,18083.4762,0
12139,234.84,18053.6517,18083.4762,0
12141,234.84,18053.6517,18083.4762,0
12143,234.84,18053.6517,18083.4762,0
12144,234.84,18053.6517,18083.4762,0
12145,234.89,18053.6496,18083.4762,0
12146,234.92,18053.6496,18083.4762,0
12148,234.92,18053.6496,18083.4762,0
12151,234.97,18053.6517,18083.4762,0
12152,235.00,18053.6517,18083.4762,0
12153,235.04,18053.6517,18083.4762,0
12154,235.04,18053.6517,18083.4762,0
12155,235.04,18053.6517,18083.4762,0
12156,235.04,18053.6517,18083.4762,0
12157,235.04,18053.6517,18083.4762,0
12158,235.04,18053.6517,18083.4762,0
12159,235.08,18053.6496,18083.4762,0
12160,235.09,18053.6496,18083.4762,0
12161,235.12,18053.6496,18083.4762,0
12162,235.12,18053.6496,18083.4762,0
12164,235.13,18053.6496,18083.4762,0
12165,235.16,18053.6496,18083.4762,0
12166,235.16,18053.6496,18083.4762,0
12168,235.20,18053.6517,18083.4762,0
12169,235.24,18053.6517,18083.4762,0
12170,235.27,18053.6517,18083.4762,0
12171,235.27,18053.6517,18083.4762,0
12173,235.32,18053.6496,18083.4762,0
12175,235.42,18053.6517,18083.4762,0
12176,235.46,18053.6517,18083.4762,0
12177,235.50,18053.6496,18083.4762,0
12180,235.54,18053.6496,18083.4762,0
12183,235.58,18053.6517,18083.4762,0
12186,235.62,18053.6517,18083.4762,0
12187,235.66,18053.6517,18083.4762,0
12188,235.66,18053.6517,18083.4762,0
12189,235.66,18053.6517,18083.4762,0
12190,235.66,18053.6517,18083.4762,0
12191,235.66,18053.6517,18083.4762,0
12192,235.66,18053.6517,18083.4762,0
12194,235.66,18053.6517,18083.4762,0
12195,235.66,18053.6517,18083.4762,0
12196,235.70,18053.6496,18083.4762,0
12197,235.74,18053.6496,18083.4762,0
12199,235.82,18053.6517,18083.4762,0
12202,235.86,18053.6517,18083.4762,0
12203,235.86,18053.6517,18083.4762,0
12204,235.86,18053.6517,18083.4762,0
12206,235.94,18053.6496,18083.4762,0
12207,235.97,18053.6496,18083.4762,0
12208,235.97,18053.6496,18083.4762,0
12210,236.02,18053.6517,18083.4762,0
12212,236.10,18053.6496,18083.4762,0
12213,236.11,18053.6496,18083.4762,0
12214,236.11,18053.6496,18083.4762,0
12215,236.11,18053.6496,18083.4762,0
12217,236.11,18053.6496,18083.4762,0
12218,236.15,18053.6496,18083.4762,0
12219,236.15,18053.6496,18083.4762,0
12220,236.15,18053.6496,18083.4762,0
12221,236.19,18053.6517,18083.4762,0
12222,236.22,18053.6517,18083.4762,0
12223,236.22,18053.6517,18083.4762,0
12224,236.27,18053.6496,18083.4762,0
12227,236.31,18053.6496,18083.4762,0
12228,236.31,18053.6496,18083.4762,0
12229,236.35,18053.6517,18083.4762,0
12230,236.35,18053.6517,18083.4762,0
12231,236.35,18053.6517,18083.4762,0
12232,236.39,18053.6517,18083.4762,0
12233,236.39,18053.6517,18083.4762,0
12234,236.43,18053.6496,18083.4762,0
12235,236.44,18053.6496,18083.4762,0
12236,236.44,18053.6496,18083.4762,0
12237,236.51,18053.6517,18083.4762,0
12238,236.57,18053.6517,18083.4762,0
12240,236.57,18053.6517,18083.4762,0
12241,236.57,18053.6517,18083.4762,0
12242,236.57,18053.6517,18083.4762,0
12243,236.62,18053.6496,18083.4762,0
12244,236.70,18053.6517,18083.4762,0
12245,236.70,18053.6517,18083.4762,0
12246,236.73,18053.6517,18083.4762,0
12248,236.74,18053.6517,18083.4762,0
12249,236.77,18053.6517,18083.4762,0
12251,236.77,18053.6517,18083.4762,0
12252,236.77,18053.6517,18083.4762,0
12253,236.77,18053.6517,18083.4762,0
12254,236.77,18053.6517,18083.4762,0
12255,236.77,18053.6517,18083.4762,0
12257,236.82,18053.6496,18083.4762,0
12259,236.85,18053.6496,18083.4762,0
12260,236.89,18053.6496,18083.4762,0
12261,236.89,18053.6496,18083.4762,0
12262,236.89,18053.6496,18083.4762,0
12264,236.94,18053.6517,18083.4762,0
12265,236.97,18053.6517,18083.4762,0
12266,237.01,18053.6496,18083.4762,0
12268,237.05,18053.6496,18083.4762,0
12269,237.06,18053.6496,18083.4762,0
12270,237.10,18053.6517,18083.4762,0
12272,237.14,18053.6517,18083.4762,0
12274,237.14,18053.6517,18083.4762,0
12275,237.22,18053.6496,18083.4762,0
12277,237.30,18053.6517,18083.4762,0
12278,237.38,18053.6496,18083.4762,0
12279,237.38,18053.6496,18083.4762,0
12281,237.46,18053.6517,18083.4762,0
12282,237.50,18053.6517,18083.4762,0
12283,237.53,18053.6517,18083.4762,0
12284,237.58,18053.6496,18083.4762,0
12285,237.58,18053.6496,18083.4762,0
12287,237.62,18053.6496,18083.4762,0
12290,237.62,18053.6496,18083.4762,0
12291,237.70,18053.6517,18083.4762,0
12293,237.78,18053.6496,18083.4762,0
12295,237.82,18053.6496,18083.4762,0
12296,237.85,18053.6496,18083.4762,0
12298,237.90,18053.6517,18083.4762,0
12299,237.98,18053.6496,18083.4762,0
12301,238.02,18053.6496,18083.4762,0
12302,238.02,18053.6496,18083.4762,0
12303,238.02,18053.6496,18083.4762,0
12304,238.06,18053.6517,18083.4762,0
12307,238.15,18053.6496,18083.4762,0
12308,238.18,18053.6496,18083.4762,0
12309,238.18,18053.6496,18083.4762,0
12310,238.19,18053.6496,18083.4762,0
12311,238.19,18053.6496,18083.4762,0
12312,238.19,18053.6496,18083.4762,0
12313,238.19,18053.6496,18083.4762,0
12314,238.19,18053.6496,18083.4762,0
12316,238.24,18053.6517,18083.4762,0
12317,238.24,18053.6517,18083.4762,0
12318,238.28,18053.6517,18083.4762,0
12321,238.28,18053.6517,18083.4762,0
12322,238.31,18053.6517,18083.4762,0
12324,238.31,18053.6517,18083.4762,0
12325,238.31,18053.6517,18083.4762,0
12326,238.31,18053.6517,18083.4762,0
12327,238.31,18053.6517,18083.4762,0
12328,238.31,18053.6517,18083.4762,0
12329,238.31,18053.6517,18083.4762,0
12330,238.31,18053.6517,18083.4762,0
12331,238.32,18053.6517,18083.4762,0
12332,238.32,18053.6517,18083.4762,0
12333,238.32,18053.6517,18083.4762,0
12335,238.36,18053.6496,18083.4762,0
12336,238.39,18053.6496,18083.4762,0
12337,238.43,18053.6496,18083.4762,0
12338,238.43,18053.6496,18083.4762,0
12339,238.43,18053.6496,18083.4762,0
12340,238.48,18053.6517,18083.4762,0
12341,238.56,18053.6496,18083.4762,0
12347,238.60,18053.6496,18083.4762,0
12348,238.61,18053.6496,18083.4762,0
12349,238.69,18053.6517,18083.4762,0
12350,238.69,18053.6517,18083.4762,0
12352,238.73,18053.6517,18083.4762,0
12354,238.73,18053.6517,18083.4762,0
12355,238.73,18053.6517,18083.4762,0
12356,238.78,18053.6496,18083.4762,0
12358,238.86,18053.6517,18083.4762,0
12359,238.90,18053.6517,18083.4762,0
12360,238.90,18053.6517,18083.4762,0
12363,238.94,18053.6517,18083.4762,0
12364,238.94,18053.6517,18083.4762,0
12365,238.94,18053.6517,18083.4762,0
12366,238.94,18053.6517,18083.4762,0
12368,238.94,18053.6517,18083.4762,0
12370,238.98,18053.6496,18083.4762,0
12372,239.02,18053.6496,18083.4762,0
12373,239.06,18053.6496,18083.4762,0
12374,239.06,18053.6496,18083.4762,0
12375,239.06,18053.6496,18083.4762,0
12376,239.10,18053.6517,18083.4762,0
12379,239.14,18053.6517,18083.4762,0
12380,239.14,18053.6517,18083.4762,0
12381,239.17,18053.6517,18083.4762,0
12382,239.18,18053.6517,18083.4762,0
12384,239.18,18053.6517,18083.4762,0
12385,239.22,18053.6496,18083.4762,0
12386,239.26,18053.6496,18083.4762,0
12387,239.26,18053.6496,18083.4762,0
12388,239.26,18053.6496,18083.4762,0
12390,239.26,18053.6496,18083.4762,0
12391,239.26,18053.6496,18083.4762,0
12392,239.26,18053.6496,18083.4762,0
12393,239.34,18053.6517,18083.4762,0
12394,239.38,18053.6517,18083.4762,0
12395,239.41,18053.6517,18083.4762,0
12396,239.41,18053.6517,18083.4762,0
12398,239.42,18053.6517,18083.4762,0
12399,239.42,18053.6517,18083.4762,0
12400,239.42,18053.6517,18083.4762,0
12401,239.42,18053.6517,18083.4762,0
12403,239.42,18053.6517,18083.4762,0
12404,239.46,18053.6496,18083.4762,0
12405,239.50,18053.6496,18083.4762,0
12406,239.50,18053.6496,18083.4762,0
12407,239.54,18053.6496,18083.4762,0
12408,239.54,18053.6496,18083.4762,0
12410,239.54,18053.6496,18083.4762,0
12411,239.54,18053.6496,18083.4762,0
12412,239.54,18053.6496,18083.4762,0
12413,239.54,18053.6496,18083.4762,0
12415,239.54,18053.6496,18083.4762,0
12416,239.59,18053.6517,18083.4762,0
12418,239.63,18053.6517,18083.4762,0
12420,239.63,18053.6517,18083.4762,0
12421,239.63,18053.6517,18083.4762,0
12422,239.63,18053.6517,18083.4762,0
12423,239.72,18053.6496,18083.4762,0
12425,239.76,18053.6496,18083.4762,0
12426,239.76,18053.6496,18083.4762,0
12427,239.76,18053.6496,18083.4762,0
12428,239.80,18053.6496,18083.4762,0
12429,239.80,18053.6496,18083.4762,0
12430,239.80,18053.6496,18083.4762,0
12431,239.80,18053.6496,18083.4762,0
12432,239.84,18053.6517,18083.4762,0
12433,239.85,18053.6517,18083.4762,0
12434,239.85,18053.6517,18083.4762,0
12436,239.88,18053.6517,18083.4762,0
12439,239.92,18053.6517,18083.4762,0
12440,239.92,18053.6517,18083.4762,0
12441,239.96,18053.6496,18083.4762,0
12442,239.97,18053.6496,18083.4762,0
12443,240.05,18053.6517,18083.4762,0
12445,240.09,18053.6517,18083.4762,0
12446,240.12,18053.6517,18083.4762,0
12447,240.12,18053.6517,18083.4762,0
12448,240.13,18053.6517,18083.4762,0
12449,240.17,18053.6496,18083.4762,0
12450,240.18,18053.6496,18083.4762,0
12452,240.18,18053.6496,18083.4762,0
12453,240.18,18053.6496,18083.4762,0
12455,240.18,18053.6496,18083.4762,0
12456,240.18,18053.6496,18083.4762,0
12457,240.22,18053.6496,18083.4762,0
12458,240.22,18053.6496,18083.4762,0
12459,240.25,18053.6496,18083.4762,0
12460,240.25,18053.6496,18083.4762,0
12463,240.25,18053.6496,18083.4762,0
12464,240.25,18053.6496,18083.4762,0
12465,240.25,18053.6496,18083.4762,0
12467,240.25,18053.6496,18083.4762,0
12469,240.25,18053.6496,18083.4762,0
12470,240.25,18053.6496,18083.4762,0
12474,240.30,18053.6517,18083.4762,0
12475,240.30,18053.6517,18083.4762,0
12476,240.34,18053.6517,18083.4762,0
12480,240.43,18053.6496,18083.4762,0
12481,240.47,18053.6496,18083.4762,0
12482,240.47,18053.6496,18083.4762,0
12483,240.47,18053.6496,18083.4762,0
12484,240.51,18053.6517,18083.4762,0
12485,240.59,18053.6496,18083.4762,0
12486,240.60,18053.6496,18083.4762,0
12487,240.60,18053.6496,18083.4762,0
12489,240.64,18053.6496,18083.4762,0
12490,240.64,18053.6496,18083.4762,0
12491,240.67,18053.6496,18083.4762,0
12492,240.67,18053.6496,18083.4762,0
12493,240.71,18053.6517,18083.4762,0
12494,240.72,18053.6517,18083.4762,0
12495,240.72,18053.6517,18083.4762,0
12496,240.75,18053.6517,18083.4762,0
12497,240.79,18053.6517,18083.4762,0
12498,240.79,18053.6517,18083.4762,0
12499,240.83,18053.6496,18083.4762,0
12500,240.87,18053.6496,18083.4762,0
12501,240.87,18053.6496,18083.4762,0
12502,240.91,18053.6517,18083.4762,0
12503,240.92,18053.6517,18083.4762,0
12504,240.96,18053.6517,18083.4762,0
12505,241.00,18053.6496,18083.4762,0
12506,241.04,18053.6496,18083.4762,0
12507,241.04,18053.6496,18083.4762,0
12508,241.09,18053.6517,18083.4762,0
12513,241.10,18053.6517,18083.4762,0
12514,241.13,18053.6517,18083.4762,0
12515,241.17,18053.6517,18083.4762,0
12516,241.17,18053.6517,18083.4762,0
12517,241.17,18053.6517,18083.4762,0
12518,241.17,18053.6517,18083.4762,0
12520,241.21,18053.6496,18083.4762,0
12521,241.29,18053.6517,18083.4762,0
12522,241.30,18053.6517,18083.4762,0
12523,241.33,18053.6517,18083.4762,0
12524,241.33,18053.6517,18083.4762,0
12526,241.37,18053.6517,18083.4762,0
12527,241.37,18053.6517,18083.4762,0
12529,241.37,18053.6517,18083.4762,0
12530,241.37,18053.6517,18083.4762,0
12531,241.37,18053.6517,18083.4762,0
12536,241.37,18053.6517,18083.4762,0
12539,241.37,18053.6517,18083.4762,0
12540,241.37,18053.6517,18083.4762,0
12541,241.37,18053.6517,18083.4762,0
12542,241.37,18053.6517,18083.4762,0
12543,241.37,18053.6517,18083.4762,0
12544,241.41,18053.6496,18083.4762,0
12546,241.42,18053.6496,18083.4762,0
12548,241.50,18053.6517,18083.4762,0
12550,241.54,18053.6517,18083.4762,0
12551,241.54,18053.6517,18083.4762,0
12552,241.54,18053.6517,18083.4762,0
12553,241.58,18053.6496,18083.4762,0
12554,241.62,18053.6496,18083.4762,0
12555,241.62,18053.6496,18083.4762,0
12556,241.62,18053.6496,18083.4762,0
12558,241.63,18053.6496,18083.4762,0
12559,241.67,18053.6517,18083.4762,0
12560,241.77,18053.6496,18083.4762,0
12562,241.81,18053.6496,18083.4762,0
12563,241.84,18053.6496,18083.4762,0
12564,241.84,18053.6496,18083.4762,0
12565,241.85,18053.6496,18083.4762,0
12566,241.85,18053.6496,18083.4762,0
12567,241.85,18053.6496,18083.4762,0
12568,241.89,18053.6517,18083.4762,0
12571,241.97,18053.6496,18083.4762,0
12572,242.01,18053.6496,18083.4762,0
12573,242.01,18053.6496,18083.4762,0
12574,242.04,18053.6496,18083.4762,0
12576,242.09,18053.6517,18083.4762,0
12577,242.12,18053.6517,18083.4762,0
12578,242.12,18053.6517,18083.4762,0
12579,242.16,18053.6517,18083.4762,0
12582,242.16,18053.6517,18083.4762,0
12583,242.16,18053.6517,18083.4762,0
12584,242.16,18053.6517,18083.4762,0
12586,242.21,18053.6496,18083.4762,0
12587,242.24,18053.6496,18083.4762,0
12588,242.29,18053.6517,18083.4762,0
12589,242.36,18053.6496,18083.4762,0
12591,242.37,18053.6496,18083.4762,0
12592,242.41,18053.6496,18083.4762,0
12594,242.41,18053.6496,18083.4762,0
12597,242.41,18053.6496,18083.4762,0
12598,242.44,18053.6496,18083.4762,0
12601,242.44,18053.6496,18083.4762,0
12602,242.48,18053.6517,18083.4762,0
12603,242.49,18053.6517,18083.4762,0
12604,242.52,18053.6517,18083.4762,0
12605,242.52,18053.6517,18083.4762,0
12606,242.56,18053.6517,18083.4762,0
12607,242.60,18053.6496,18083.4762,0
12608,242.61,18053.6496,18083.4762,0
12609,242.64,18053.6496,18083.4762,0
12610,242.64,18053.6496,18083.4762,0
12613,242.72,18053.6517,18083.4762,0
12614,242.80,18053.6496,18083.4762,0
12615,242.83,18053.6496,18083.4762,0
12616,242.88,18053.6517,18083.4762,0
12617,242.95,18053.6496,18083.4762,0
12619,242.99,18053.6496,18083.4762,0
12620,243.00,18053.6496,18083.4762,0
12621,243.00,18053.6496,18083.4762,0
12623,243.00,18053.6496,18083.4762,0
12624,243.03,18053.6496,18083.4762,0
12626,243.03,18053.6496,18083.4762,0
12627,243.08,18053.6517,18083.4762,0
12628,243.11,18053.6517,18083.4762,0
12630,243.12,18053.6517,18083.4762,0
12631,243.12,18053.6517,18083.4762,0
12632,243.12,18053.6517,18083.4762,0
12633,243.12,18053.6517,18083.4762,0
12634,243.12,18053.6517,18083.4762,0
12635,243.16,18053.6496,18083.4762,0
12636,243.20,18053.6496,18083.4762,0
12637,243.20,18053.6496,18083.4762,0
12638,243.24,18053.6496,18083.4762,0
12640,243.24,18053.6496,18083.4762,0
12641,243.24,18053.6496,18083.4762,0
12642,243.24,18053.6496,18083.4762,0
12643,243.28,18053.6517,18083.4762,0
12644,243.32,18053.6517,18083.4762,0
12645,243.32,18053.6517,18083.4762,0
12646,243.36,18053.6517,18083.4762,0
12647,243.36,18053.6517,18083.4762,0
12648,243.40,18053.6496,18083.4762,0
12649,243.41,18053.6496,18083.4762,0
12650,243.41,18053.6496,18083.4762,0
12651,243.48,18053.6517,18083.4762,0
12652,243.52,18053.6517,18083.4762,0
12658,243.52,18053.6517,18083.4762,0
12659,243.53,18053.6517,18083.4762,0
12660,243.56,18053.6517,18083.4762,0
12661,243.56,18053.6517,18083.4762,0
12664,243.56,18053.6517,18083.4762,0
12666,243.56,18053.6517,18083.4762,0
12667,243.61,18053.6496,18083.4762,0
12669,243.69,18053.6517,18083.4762,0
12670,243.69,18053.6517,18083.4762,0
12671,243.73,18053.6517,18083.4762,0
12672,243.81,18053.6496,18083.4762,0
12675,243.84,18053.6496,18083.4762,0
12676,243.88,18053.6496,18083.4762,0
12677,243.88,18053.6496,18083.4762,0
12679,243.93,18053.6517,18083.4762,0
12681,243.96,18053.6517,18083.4762,0
12682,243.96,18053.6517,18083.4762,0
12683,243.96,18053.6517,18083.4762,0
12684,243.97,18053.6517,18083.4762,0
12685,244.00,18053.6517,18083.4762,0
12686,244.04,18053.6496,18083.4762,0
12687,244.05,18053.6496,18083.4762,0
12689,244.09,18053.6496,18083.4762,0
12690,244.09,18053.6496,18083.4762,0
12691,244.09,18053.6496,18083.4762,0
12692,244.09,18053.6496,18083.4762,0
12693,244.12,18053.6496,18083.4762,0
12694,244.12,18053.6496,18083.4762,0
12696,244.12,18053.6496,18083.4762,0
12697,244.16,18053.6517,18083.4762,0
12698,244.20,18053.6517,18083.4762,0
12699,244.20,18053.6517,18083.4762,0
12701,244.25,18053.6496,18083.4762,0
12702,244.26,18053.6496,18083.4762,0
12704,244.26,18053.6496,18083.4762,0
12706,244.29,18053.6496,18083.4762,0
12707,244.37,18053.6517,18083.4762,0
12708,244.37,18053.6517,18083.4762,0
12709,244.41,18053.6517,18083.4762,0
12710,244.41,18053.6517,18083.4762,0
12712,244.41,18053.6517,18083.4762,0
12713,244.45,18053.6517,18083.4762,0
12714,244.45,18053.6517,18083.4762,0
12717,244.49,18053.6496,18083.4762,0
12718,244.50,18053.6496,18083.4762,0
12719,244.53,18053.6496,18083.4762,0
12720,244.53,18053.6496,18083.4762,0
12722,244.53,18053.6496,18083.4762,0
12723,244.53,18053.6496,18083.4762,0
12724,244.53,18053.6496,18083.4762,0
12726,244.61,18053.6517,18083.4762,0
12727,244.62,18053.6517,18083.4762,0
12728,244.62,18053.6517,18083.4762,0
12729,244.65,18053.6517,18083.4762,0
12730,244.73,18053.6496,18083.4762,0
12731,244.73,18053.6496,18083.4762,0
12732,244.73,18053.6496,18083.4762,0
12733,244.73,18053.6496,18083.4762,0
12734,244.77,18053.6496,18083.4762,0
12735,244.80,18053.6496,18083.4762,0
12736,244.80,18053.6496,18083.4762,0
12738,244.81,18053.6496,18083.4762,0
12739,244.81,18053.6496,18083.4762,0
12740,244.81,18053.6496,18083.4762,0
12741,244.81,18053.6496,18083.4762,0
12742,244.85,18053.6517,18083.4762,0
12743,244.90,18053.6517,18083.4762,0
12744,244.93,18053.6517,18083.4762,0
12745,244.98,18053.6496,18083.4762,0
12746,245.01,18053.6496,18083.4762,0
12747,245.01,18053.6496,18083.4762,0
12748,245.04,18053.6496,18083.4762,0
12749,245.09,18053.6517,18083.4762,0
12750,245.09,18053.6517,18083.4762,0
12751,245.13,18053.6517,18083.4762,0
12752,245.13,18053.6517,18083.4762,0
12753,245.16,18053.6517,18083.4762,0
12754,245.16,18053.6517,18083.4762,0
12756,245.21,18053.6496,18083.4762,0
12757,245.22,18053.6496,18083.4762,0
12760,245.25,18053.6496,18083.4762,0
12761,245.25,18053.6496,18083.4762,0
12762,245.25,18053.6496,18083.4762,0
12764,245.25,18053.6496,18083.4762,0
12766,245.25,18053.6496,18083.4762,0
12767,245.30,18053.6517,18083.4762,0
12768,245.30,18053.6517,18083.4762,0
12770,245.34,18053.6517,18083.4762,0
12771,245.34,18053.6517,18083.4762,0
12776,245.37,18053.6517,18083.4762,0
12777,245.37,18053.6517,18083.4762,0
12778,245.37,18053.6517,18083.4762,0
12779,245.37,18053.6517,18083.4762,0
12781,245.37,18053.6517,18083.4762,0
12784,245.42,18053.6496,18083.4762,0
12785,245.49,18053.6517,18083.4762,0
12786,245.53,18053.6517,18083.4762,0
12787,245.53,18053.6517,18083.4762,0
12788,245.57,18053.6496,18083.4762,0
12789,245.58,18053.6496,18083.4762,0
12790,245.61,18053.6496,18083.4762,0
12791,245.64,18053.6496,18083.4762,0
12792,245.64,18053.6496,18083.4762,0
12793,245.64,18053.6496,18083.4762,0
12794,245.69,18053.6517,18083.4762,0
12795,245.69,18053.6517,18083.4762,0
12796,245.77,18053.6496,18083.4762,0
12797,245.85,18053.6517,18083.4762,0
12798,245.88,18053.6517,18083.4762,0
12800,245.92,18053.6517,18083.4762,0
12802,245.93,18053.6517,18083.4762,0
12803,245.93,18053.6517,18083.4762,0
12804,245.93,18053.6517,18083.4762,0
12806,245.93,18053.6517,18083.4762,0
12807,245.93,18053.6517,18083.4762,0
12809,245.97,18053.6496,18083.4762,0
12810,245.98,18053.6496,18083.4762,0
12811,245.98,18053.6496,18083.4762,0
12812,246.01,18053.6496,18083.4762,0
12813,246.01,18053.6496,18083.4762,0
12814,246.05,18053.6517,18083.4762,0
12817,246.14,18053.6496,18083.4762,0
12818,246.14,18053.6496,18083.4762,0
12820,246.18,18053.6496,18083.4762,0
12821,246.22,18053.6517,18083.4762,0
12823,246.26,18053.6517,18083.4762,0
12824,246.30,18053.6496,18083.4762,0
12825,246.34,18053.6496,18083.4762,0
12826,246.34,18053.6496,18083.4762,0
12827,246.34,18053.6496,18083.4762,0
12828,246.34,18053.6496,18083.4762,0
12829,246.38,18053.6496,18083.4762,0
12830,246.38,18053.6496,18083.4762,0
12831,246.38,18053.6496,18083.4762,0
12832,246.38,18053.6496,18083.4762,0
12833,246.38,18053.6496,18083.4762,0
12835,246.38,18053.6496,18083.4762,0
12837,246.38,18053.6496,18083.4762,0
12838,246.42,18053.6517,18083.4762,0
12839,246.46,18053.6517,18083.4762,0
12840,246.49,18053.6517,18083.4762,0
12841,246.50,18053.6517,18083.4762,0
12842,246.50,18053.6517,18083.4762,0
12843,246.54,18053.6496,18083.4762,0
12845,246.58,18053.6496,18083.4762,0
12847,246.59,18053.6496,18083.4762,0
12848,246.63,18053.6517,18083.4762,0
12849,246.63,18053.6517,18083.4762,0
12850,246.67,18053.6517,18083.4762,0
12851,246.67,18053.6517,18083.4762,0
12854,246.67,18053.6517,18083.4762,0
12855,246.75,18053.6496,18083.4762,0
12856,246.83,18053.6517,18083.4762,0
12858,246.84,18053.6517,18083.4762,0
12859,246.87,18053.6517,18083.4762,0
12860,246.87,18053.6517,18083.4762,0
12861,246.87,18053.6517,18083.4762,0
12862,246.95,18053.6496,18083.4762,0
12867,247.03,18053.6517,18083.4762,0
12868,247.07,18053.6517,18083.4762,0
12869,247.07,18053.6517,18083.4762,0
12871,247.11,18053.6496,18083.4762,0
12874,247.15,18053.6496,18083.4762,0
12875,247.15,18053.6496,18083.4762,0
12877,247.16,18053.6496,18083.4762,0
12878,247.20,18053.6517,18083.4762,0
12879,247.23,18053.6517,18083.4762,0
12880,247.27,18053.6517,18083.4762,0
12881,247.27,18053.6517,18083.4762,0
12882,247.27,18053.6517,18083.4762,0
12883,247.33,18053.6496,18083.4762,0
12886,247.37,18053.6496,18083.4762,0
12887,247.37,18053.6496,18083.4762,0
12888,247.38,18053.6496,18083.4762,0
12889,247.38,18053.6496,18083.4762,0
12891,247.38,18053.6496,18083.4762,0
12892,247.38,18053.6496,18083.4762,0
12893,247.45,18053.6517,18083.4762,0
12894,247.46,18053.6517,18083.4762,0
12895,247.46,18053.6517,18083.4762,0
12896,247.49,18053.6517,18083.4762,0
12898,247.53,18053.6517,18083.4762,0
12899,247.57,18053.6496,18083.4762,0
12900,247.61,18053.6496,18083.4762,0
12901,247.64,18053.6496,18083.4762,0
12905,247.65,18053.6496,18083.4762,0
12906,247.65,18053.6496,18083.4762,0
12907,247.65,18053.6496,18083.4762,0
12908,247.65,18053.6496,18083.4762,0
12909,247.70,18053.6517,18083.4762,0
12910,247.70,18053.6517,18083.4762,0
12911,247.74,18053.6517,18083.4762,0
12912,247.77,18053.6517,18083.4762,0
12913,247.77,18053.6517,18083.4762,0
12914,247.81,18053.6496,18083.4762,0
12916,247.82,18053.6496,18083.4762,0
12917,247.82,18053.6496,18083.4762,0
12918,247.86,18053.6496,18083.4762,0
12919,247.89,18053.6496,18083.4762,0
12920,247.89,18053.6496,18083.4762,0
12921,247.89,18053.6496,18083.4762,0
12923,247.89,18053.6496,18083.4762,0
12924,247.89,18053.6496,18083.4762,0
12925,247.89,18053.6496,18083.4762,0
12926,247.93,18053.6517,18083.4762,0
12928,247.97,18053.6517,18083.4762,0
12930,247.98,18053.6517,18083.4762,0
12931,248.01,18053.6517,18083.4762,0
12932,248.01,18053.6517,18083.4762,0
12933,248.01,18053.6517,18083.4762,0
12934,248.01,18053.6517,18083.4762,0
12935,248.06,18053.6496,18083.4762,0
12936,248.09,18053.6496,18083.4762,0
12937,248.09,18053.6496,18083.4762,0
12938,248.09,18053.6496,18083.4762,0
12939,248.09,18053.6496,18083.4762,0
12940,248.13,18053.6496,18083.4762,0
12941,248.13,18053.6496,18083.4762,0
12942,248.13,18053.6496,18083.4762,0
12943,248.13,18053.6496,18083.4762,0
12944,248.17,18053.6517,18083.4762,0
12946,248.18,18053.6517,18083.4762,0
12947,248.22,18053.6517,18083.4762,0
12948,248.25,18053.6517,18083.4762,0
12949,248.29,18053.6496,18083.4762,0
12950,248.33,18053.6496,18083.4762,0
12951,248.42,18053.6517,18083.4762,0
12952,248.45,18053.6517,18083.4762,0
12953,248.49,18053.6517,18083.4762,0
12954,248.49,18053.6517,18083.4762,0
12956,248.54,18053.6496,18083.4762,0
12957,248.57,18053.6496,18083.4762,0
12958,248.61,18053.6496,18083.4762,0
12959,248.61,18053.6496,18083.4762,0
12960,248.65,18053.6517,18083.4762,0
12961,248.68,18053.6517,18083.4762,0
12963,248.69,18053.6517,18083.4762,0
12965,248.73,18053.6517,18083.4762,0
12968,248.77,18053.6496,18083.4762,0
12969,248.80,18053.6496,18083.4762,0
12970,248.88,18053.6517,18083.4762,0
12971,248.91,18053.6517,18083.4762,0
12972,248.95,18053.6517,18083.4762,0
12973,248.95,18053.6517,18083.4762,0
12975,248.95,18053.6517,18083.4762,0
12976,248.96,18053.6517,18083.4762,0
12977,248.96,18053.6517,18083.4762,0
12978,248.96,18053.6517,18083.4762,0
12979,248.96,18053.6517,18083.4762,0
12980,248.96,18053.6517,18083.4762,0
12981,248.96,18053.6517,18083.4762,0
12982,248.96,18053.6517,18083.4762,0
12983,249.00,18053.6496,18083.4762,0
12985,249.08,18053.6517,18083.4762,0
12986,249.09,18053.6517,18083.4762,0
12987,249.12,18053.6517,18083.4762,0
12988,249.16,18053.6517,18083.4762,0
12989,249.16,18053.6517,18083.4762,0
12990,249.16,18053.6517,18083.4762,0
12991,249.16,18053.6517,18083.4762,0
12992,249.16,18053.6517,18083.4762,0
12993,249.20,18053.6496,18083.4762,0
12994,249.28,18053.6517,18083.4762,0
12996,249.29,18053.6517,18083.4762,0
12997,249.29,18053.6517,18083.4762,0
12998,249.29,18053.6517,18083.4762,0
12999,249.32,18053.6517,18083.4762,0
13000,249.36,18053.6496,18083.4762,0
13002,249.40,18053.6496,18083.4762,0
13003,249.41,18053.6496,18083.4762,0
13004,249.44,18053.6496,18083.4762,0
13005,249.44,18053.6496,18083.4762,0
13006,249.44,18053.6496,18083.4762,0
13007,249.49,18053.6517,18083.4762,0
13008,249.57,18053.6496,18083.4762,0
13009,249.60,18053.6496,18083.4762,0
13010,249.61,18053.6496,18083.4762,0
13011,249.61,18053.6496,18083.4762,0
13013,249.61,18053.6496,18083.4762,0
13014,249.65,18053.6496,18083.4762,0
13015,249.65,18053.6496,18083.4762,0
13016,249.69,18053.6517,18083.4762,0
13017,249.72,18053.6517,18083.4762,0
13018,249.76,18053.6517,18083.4762,0
13019,249.76,18053.6517,18083.4762,0
13020,249.76,18053.6517,18083.4762,0
13022,249.77,18053.6517,18083.4762,0
13023,249.77,18053.6517,18083.4762,0
13025,249.77,18053.6517,18083.4762,0
13027,249.77,18053.6517,18083.4762,0
13028,249.77,18053.6517,18083.4762,0
13029,249.77,18053.6517,18083.4762,0
13031,249.77,18053.6517,18083.4762,0
13032,249.77,18053.6517,18083.4762,0
13033,249.81,18053.6496,18083.4762,0
13035,249.85,18053.6496,18083.4762,0
13038,249.85,18053.6496,18083.4762,0
13039,249.88,18053.6496,18083.4762,0
13040,249.89,18053.6496,18083.4762,0
13041,249.89,18053.6496,18083.4762,0
13042,249.93,18053.6517,18083.4762,0
13044,249.97,18053.6517,18083.4762,0
13045,249.97,18053.6517,18083.4762,0
13047,249.97,18053.6517,18083.4762,0
13049,250.01,18053.6517,18083.4762,0
13050,250.01,18053.6517,18083.4762,0
13052,250.01,18053.6517,18083.4762,0
13053,250.01,18053.6517,18083.4762,0
13055,250.05,18053.6496,18083.4762,0
13056,250.08,18053.6496,18083.4762,0
13057,250.12,18053.6496,18083.4762,0
13058,250.16,18053.6517,18083.4762,0
13063,250.20,18053.6517,18083.4762,0
13064,250.23,18053.6517,18083.4762,0
13068,250.23,18053.6517,18083.4762,0
13070,250.24,18053.6517,18083.4762,0
13073,250.24,18053.6517,18083.4762,0
13074,250.24,18053.6517,18083.4762,0
13075,250.24,18053.6517,18083.4762,0
13076,250.28,18053.6496,18083.4762,0
13077,250.31,18053.6496,18083.4762,0
13078,250.39,18053.6517,18083.4762,0
13080,250.47,18053.6496,18083.4762,0
13081,250.50,18053.6496,18083.4762,0
13082,250.50,18053.6496,18083.4762,0
13083,250.53,18053.6496,18083.4762,0
13084,250.53,18053.6496,18083.4762,0
13086,250.54,18053.6496,18083.4762,0
13087,250.54,18053.6496,18083.4762,0
13088,250.59,18053.6517,18083.4762,0
13090,250.63,18053.6517,18083.4762,0
13091,250.67,18053.6496,18083.4762,0
13092,250.75,18053.6517,18083.4762,0
13093,250.78,18053.6517,18083.4762,0
13094,250.86,18053.6496,18083.4762,0
13096,250.90,18053.6496,18083.4762,0
13097,250.94,18053.6517,18083.4762,0
13098,250.98,18053.6517,18083.4762,0
13099,250.98,18053.6517,18083.4762,0
13101,250.98,18053.6517,18083.4762,0
13103,251.02,18053.6496,18083.4762,0
13104,251.06,18053.6496,18083.4762,0
13105,251.06,18053.6496,18083.4762,0
13106,251.09,18053.6496,18083.4762,0
13107,251.09,18053.6496,18083.4762,0
13108,251.14,18053.6517,18083.4762,0
13109,251.17,18053.6517,18083.4762,0
13110,251.20,18053.6517,18083.4762,0
13111,251.25,18053.6496,18083.4762,0
13113,251.26,18053.6496,18083.4762,0
13114,251.29,18053.6496,18083.4762,0
13116,251.32,18053.6496,18083.4762,0
13117,251.32,18053.6496,18083.4762,0
13120,251.37,18053.6517,18083.4762,0
13121,251.40,18053.6517,18083.4762,0
13123,251.41,18053.6517,18083.4762,0
13125,251.41,18053.6517,18083.4762,0
13126,251.44,18053.6517,18083.4762,0
13127,251.44,18053.6517,18083.4762,0
13128,251.48,18053.6496,18083.4762,0
13129,251.49,18053.6496,18083.4762,0
13131,251.49,18053.6496,18083.4762,0
13134,251.49,18053.6496,18083.4762,0
13136,251.53,18053.6496,18083.4762,0
13137,251.56,18053.6496,18083.4762,0
13138,251.56,18053.6496,18083.4762,0
13139,251.60,18053.6517,18083.4762,0
13142,251.64,18053.6517,18083.4762,0
13143,251.72,18053.6496,18083.4762,0
13144,251.80,18053.6517,18083.4762,0
13145,251.83,18053.6517,18083.4762,0
13147,251.83,18053.6517,18083.4762,0
13148,251.84,18053.6517,18083.4762,0
13149,251.84,18053.6517,18083.4762,0
13150,251.88,18053.6496,18083.4762,0
13152,251.89,18053.6496,18083.4762,0
13153,251.97,18053.6517,18083.4762,0
13157,252.00,18053.6517,18083.4762,0
13158,252.04,18053.6517,18083.4762,0
13159,252.04,18053.6517,18083.4762,0
13160,252.09,18053.6496,18083.4762,0
13161,252.12,18053.6496,18083.4762,0
13162,252.15,18053.6496,18083.4762,0
13163,252.16,18053.6496,18083.4762,0
13165,252.16,18053.6496,18083.4762,0
13166,252.16,18053.6496,18083.4762,0
13167,252.16,18053.6496,18083.4762,0
13168,252.16,18053.6496,18083.4762,0
13169,252.20,18053.6517,18083.4762,0
13170,252.24,18053.6517,18083.4762,0
13171,252.24,18053.6517,18083.4762,0
13172,252.24,18053.6517,18083.4762,0
13173,252.24,18053.6517,18083.4762,0
13176,252.25,18053.6517,18083.4762,0
13177,252.28,18053.6517,18083.4762,0
13178,252.28,18053.6517,18083.4762,0
13181,252.28,18053.6517,18083.4762,0
13183,252.28,18053.6517,18083.4762,0
13184,252.33,18053.6496,18083.4762,0
13186,252.33,18053.6496,18083.4762,0
13187,252.41,18053.6517,18083.4762,0
13188,252.51,18053.6496,18083.4762,0
13189,252.52,18053.6496,18083.4762,0
13190,252.55,18053.6496,18083.4762,0
13191,252.59,18053.6496,18083.4762,0
13192,252.59,18053.6496,18083.4762,0
13193,252.59,18053.6496,18083.4762,0
13194,252.63,18053.6517,18083.4762,0
13197,252.67,18053.6517,18083.4762,0
13198,252.67,18053.6517,18083.4762,0
13199,252.75,18053.6496,18083.4762,0
13200,252.78,18053.6496,18083.4762,0
13201,252.82,18053.6496,18083.4762,0
13202,252.82,18053.6496,18083.4762,0
13203,252.86,18053.6517,18083.4762,0
13204,252.89,18053.6517,18083.4762,0
13205,252.89,18053.6517,18083.4762,0
13206,252.90,18053.6517,18083.4762,0
13207,252.90,18053.6517,18083.4762,0
13208,252.90,18053.6517,18083.4762,0
13209,252.90,18053.6517,18083.4762,0
13210,252.93,18053.6517,18083.4762,0
13212,252.94,18053.6517,18083.4762,0
13213,252.94,18053.6517,18083.4762,0
13214,252.94,18053.6517,18083.4762,0
13215,252.98,18053.6496,18083.4762,0
13217,253.06,18053.6517,18083.4762,0
13218,253.07,18053.6517,18083.4762,0
13219,253.07,18053.6517,18083.4762,0
13222,253.15,18053.6496,18083.4762,0
13224,253.19,18053.6496,18083.4762,0
13225,253.19,18053.6496,18083.4762,0
13226,253.23,18053.6496,18083.4762,0
13227,253.27,18053.6517,18083.4762,0
13229,253.28,18053.6517,18083.4762,0
13230,253.31,18053.6517,18083.4762,0
13232,253.31,18053.6517,18083.4762,0
13233,253.35,18053.6517,18083.4762,0
13234,253.35,18053.6517,18083.4762,0
13236,253.35,18053.6517,18083.4762,0
13237,253.35,18053.6517,18083.4762,0
13238,253.35,18053.6517,18083.4762,0
13239,253.35,18053.6517,18083.4762,0
13240,253.35,18053.6517,18083.4762,0
13242,253.35,18053.6517,18083.4762,0
13243,253.35,18053.6517,18083.4762,0
13244,253.35,18053.6517,18083.4762,0
13250,253.39,18053.6496,18083.4762,0
13251,253.42,18053.6496,18083.4762,0
13252,253.46,18053.6496,18083.4762,0
13253,253.46,18053.6496,18083.4762,0
13255,253.47,18053.6496,18083.4762,0
13256,253.47,18053.6496,18083.4762,0
13257,253.47,18053.6496,18083.4762,0
13259,253.47,18053.6496,18083.4762,0
13260,253.47,18053.6496,18083.4762,0
13262,253.51,18053.6517,18083.4762,0
13263,253.51,18053.6517,18083.4762,0
13264,253.51,18053.6517,18083.4762,0
13266,253.55,18053.6517,18083.4762,0
13267,253.55,18053.6517,18083.4762,0
13269,253.55,18053.6517,18083.4762,0
13270,253.55,18053.6517,18083.4762,0
13273,253.55,18053.6517,18083.4762,0
13274,253.58,18053.6517,18083.4762,0
13275,253.58,18053.6517,18083.4762,0
13277,253.58,18053.6517,18083.4762,0
13278,253.63,18053.6496,18083.4762,0
13279,253.66,18053.6496,18083.4762,0
13281,253.70,18053.6496,18083.4762,0
13282,253.70,18053.6496,18083.4762,0
13287,253.70,18053.6496,18083.4762,0
13288,253.75,18053.6517,18083.4762,0
13289,253.75,18053.6517,18083.4762,0
13290,253.75,18053.6517,18083.4762,0
13291,253.79,18053.6517,18083.4762,0
13292,253.79,18053.6517,18083.4762,0
13293,253.82,18053.6517,18083.4762,0
13295,253.82,18053.6517,18083.4762,0
13296,253.82,18053.6517,18083.4762,0
13297,253.82,18053.6517,18083.4762,0
13298,253.87,18053.6496,18083.4762,0
13300,253.88,18053.6496,18083.4762,0
13301,253.88,18053.6496,18083.4762,0
13302,253.88,18053.6496,18083.4762,0
13303,253.91,18053.6496,18083.4762,0
13304,253.91,18053.6496,18083.4762,0
13305,253.94,18053.6496,18083.4762,0
13306,253.99,18053.6517,18083.4762,0
13307,254.02,18053.6517,18083.4762,0
13308,254.03,18053.6517,18083.4762,0
13309,254.03,18053.6517,18083.4762,0
13311,254.03,18053.6517,18083.4762,0
13314,254.03,18053.6517,18083.4762,0
13316,254.06,18053.6517,18083.4762,0
13317,254.06,18053.6517,18083.4762,0
13318,254.06,18053.6517,18083.4762,0
13320,254.06,18053.6517,18083.4762,0
13321,254.06,18053.6517,18083.4762,0
13322,254.11,18053.6496,18083.4762,0
13323,254.11,18053.6496,18083.4762,0
13324,254.15,18053.6496,18083.4762,0
13326,254.18,18053.6496,18083.4762,0
13327,254.18,18053.6496,18083.4762,0
13328,254.18,18053.6496,18083.4762,0
13329,254.23,18053.6517,18083.4762,0
13331,254.31,18053.6496,18083.4762,0
13333,254.35,18053.6496,18083.4762,0
13335,254.35,18053.6496,18083.4762,0
13336,254.43,18053.6517,18083.4762,0
13337,254.46,18053.6517,18083.4762,0
13339,254.50,18053.6517,18083.4762,0
13342,254.50,18053.6517,18083.4762,0
13343,254.51,18053.6517,18083.4762,0
13346,254.51,18053.6517,18083.4762,0
13347,254.51,18053.6517,18083.4762,0
13348,254.55,18053.6496,18083.4762,0
13349,254.59,18053.6496,18083.4762,0
13350,254.59,18053.6496,18083.4762,0
13351,254.59,18053.6496,18083.4762,0
13352,254.59,18053.6496,18083.4762,0
13353,254.63,18053.6517,18083.4762,0
13354,254.71,18053.6496,18083.4762,0
13355,254.72,18053.6496,18083.4762,0
13357,254.75,18053.6496,18083.4762,0
13360,254.75,18053.6496,18083.4762,0
13361,254.75,18053.6496,18083.4762,0
13363,254.75,18053.6496,18083.4762,0
13364,254.80,18053.6517,18083.4762,0
13366,254.83,18053.6517,18083.4762,0
13368,254.87,18053.6517,18083.4762,0
13370,254.87,18053.6517,18083.4762,0
13372,254.87,18053.6517,18083.4762,0
13373,254.87,18053.6517,18083.4762,0
13374,254.87,18053.6517,18083.4762,0
13375,254.87,18053.6517,18083.4762,0
13376,254.87,18053.6517,18083.4762,0
13377,254.87,18053.6517,18083.4762,0
13378,254.87,18053.6517,18083.4762,0
13379,254.87,18053.6517,18083.4762,0
13380,254.87,18053.6517,18083.4762,0
13382,254.87,18053.6517,18083.4762,0
13385,254.87,18053.6517,18083.4762,0
13388,254.87,18053.6517,18083.4762,0
13389,254.87,18053.6517,18083.4762,0
13390,254.92,18053.6496,18083.4762,0
13391,254.95,18053.6496,18083.4762,0
13392,254.98,18053.6496,18083.4762,0
13394,255.03,18053.6517,18083.4762,0
13395,255.04,18053.6517,18083.4762,0
13396,255.07,18053.6517,18083.4762,0
13397,255.07,18053.6517,18083.4762,0
13398,255.07,18053.6517,18083.4762,0
13399,255.07,18053.6517,18083.4762,0
13400,255.07,18053.6517,18083.4762,0
13401,255.15,18053.6496,18083.4762,0
13402,255.22,18053.6517,18083.4762,0
13404,255.23,18053.6517,18083.4762,0
13405,255.27,18053.6517,18083.4762,0
13406,255.31,18053.6496,18083.4762,0
13407,255.34,18053.6496,18083.4762,0
13408,255.35,18053.6496,18083.4762,0
13410,255.40,18053.6517,18083.4762,0
13412,255.44,18053.6517,18083.4762,0
13413,255.44,18053.6517,18083.4762,0
13414,255.47,18053.6517,18083.4762,0
13415,255.47,18053.6517,18083.4762,0
13416,255.47,18053.6517,18083.4762,0
13420,255.47,18053.6517,18083.4762,0
13421,255.47,18053.6517,18083.4762,0
13422,255.47,18053.6517,18083.4762,0
13423,255.52,18053.6496,18083.4762,0
13425,255.56,18053.6496,18083.4762,0
13426,255.56,18053.6496,18083.4762,0
13427,255.59,18053.6496,18083.4762,0
13428,255.59,18053.6496,18083.4762,0
13429,255.59,18053.6496,18083.4762,0
13430,255.59,18053.6496,18083.4762,0
13431,255.59,18053.6496,18083.4762,0
13432,255.64,18053.6517,18083.4762,0
13433,255.64,18053.6517,18083.4762,0
13434,255.68,18053.6517,18083.4762,0
13435,255.68,18053.6517,18083.4762,0
13437,255.68,18053.6517,18083.4762,0
13440,255.68,18053.6517,18083.4762,0
13441,255.71,18053.6517,18083.4762,0
13443,255.71,18053.6517,18083.4762,0
13444,255.76,18053.6496,18083.4762,0
13445,255.79,18053.6496,18083.4762,0
13447,255.83,18053.6496,18083.4762,0
13448,255.83,18053.6496,18083.4762,0
13449,255.83,18053.6496,18083.4762,0
13450,255.83,18053.6496,18083.4762,0
13451,255.87,18053.6517,18083.4762,0
13453,255.91,18053.6517,18083.4762,0
13454,255.91,18053.6517,18083.4762,0
13456,255.91,18053.6517,18083.4762,0
13457,255.95,18053.6496,18083.4762,0
13458,255.99,18053.6496,18083.4762,0
13460,256.00,18053.6496,18083.4762,0
13461,256.00,18053.6496,18083.4762,0
13462,256.00,18053.6496,18083.4762,0
13463,256.00,18053.6496,18083.4762,0
13464,256.00,18053.6496,18083.4762,0
13465,256.03,18053.6496,18083.4762,0
13466,256.03,18053.6496,18083.4762,0
13467,256.03,18053.6496,18083.4762,0
13468,256.03,18053.6496,18083.4762,0
13469,256.03,18053.6496,18083.4762,0
13471,256.07,18053.6517,18083.4762,0
13472,256.15,18053.6496,18083.4762,0
13473,256.18,18053.6496,18083.4762,0
13478,256.19,18053.6496,18083.4762,0
13479,256.19,18053.6496,18083.4762,0
13482,256.27,18053.6517,18083.4762,0
13483,256.30,18053.6517,18083.4762,0
13484,256.30,18053.6517,18083.4762,0
13485,256.34,18053.6517,18083.4762,0
13486,256.34,18053.6517,18083.4762,0
13487,256.34,18053.6517,18083.4762,0
13489,256.35,18053.6517,18083.4762,0
13490,256.35,18053.6517,18083.4762,0
13491,256.35,18053.6517,18083.4762,0
13492,256.39,18053.6496,18083.4762,0
13493,256.42,18053.6496,18083.4762,0
13495,256.43,18053.6496,18083.4762,0
13496,256.43,18053.6496,18083.4762,0
13497,256.43,18053.6496,18083.4762,0
13499,256.43,18053.6496,18083.4762,0
13501,256.47,18053.6496,18083.4762,0
13502,256.47,18053.6496,18083.4762,0
13503,256.51,18053.6517,18083.4762,0
13504,256.54,18053.6517,18083.4762,0
13505,256.54,18053.6517,18083.4762,0
13507,256.63,18053.6496,18083.4762,0
13508,256.66,18053.6496,18083.4762,0
13509,256.69,18053.6496,18083.4762,0
13511,256.74,18053.6517,18083.4762,0
13513,256.78,18053.6517,18083.4762,0
13514,256.78,18053.6517,18083.4762,0
13516,256.78,18053.6517,18083.4762,0
13517,256.78,18053.6517,18083.4762,0
13518,256.78,18053.6517,18083.4762,0
13519,256.82,18053.6517,18083.4762,0
13520,256.86,18053.6496,18083.4762,0
13521,256.94,18053.6517,18083.4762,0
13522,256.97,18053.6517,18083.4762,0
13523,257.00,18053.6517,18083.4762,0
13524,257.01,18053.6517,18083.4762,0
13526,257.01,18053.6517,18083.4762,0
13527,257.01,18053.6517,18083.4762,0
13529,257.01,18053.6517,18083.4762,0
13530,257.01,18053.6517,18083.4762,0
13531,257.01,18053.6517,18083.4762,0
13534,257.01,18053.6517,18083.4762,0
13535,257.01,18053.6517,18083.4762,0
13536,257.01,18053.6517,18083.4762,0
13537,257.01,18053.6517,18083.4762,0
13539,257.01,18053.6517,18083.4762,0
13540,257.06,18053.6496,18083.4762,0
13541,257.09,18053.6496,18083.4762,0
13542,257.09,18053.6496,18083.4762,0
13543,257.15,18053.6517,18083.4762,0
13545,257.19,18053.6517,18083.4762,0
13546,257.23,18053.6517,18083.4762,0
13547,257.23,18053.6517,18083.4762,0
13548,257.23,18053.6517,18083.4762,0
13549,257.23,18053.6517,18083.4762,0
13550,257.23,18053.6517,18083.4762,0
13551,257.27,18053.6496,18083.4762,0
13553,257.28,18053.6496,18083.4762,0
13554,257.32,18053.6496,18083.4762,0
13555,257.32,18053.6496,18083.4762,0
13556,257.32,18053.6496,18083.4762,0
13557,257.32,18053.6496,18083.4762,0
13558,257.35,18053.6496,18083.4762,0
13559,257.35,18053.6496,18083.4762,0
13560,257.35,18053.6496,18083.4762,0
13561,257.35,18053.6496,18083.4762,0
13562,257.35,18053.6496,18083.4762,0
13563,257.39,18053.6517,18083.4762,0
13564,257.47,18053.6496,18083.4762,0
13567,257.51,18053.6496,18083.4762,0
13568,257.51,18053.6496,18083.4762,0
13569,257.51,18053.6496,18083.4762,0
13570,257.55,18053.6517,18083.4762,0
13571,257.59,18053.6517,18083.4762,0
13572,257.59,18053.6517,18083.4762,0
13573,257.59,18053.6517,18083.4762,0
13574,257.62,18053.6517,18083.4762,0
13575,257.67,18053.6496,18083.4762,0
13577,257.68,18053.6496,18083.4762,0
13578,257.75,18053.6517,18083.4762,0
13579,257.83,18053.6496,18083.4762,0
13581,257.87,18053.6496,18083.4762,0
13582,257.87,18053.6496,18083.4762,0
13584,257.88,18053.6496,18083.4762,0
13585,257.88,18053.6496,18083.4762,0
13586,257.88,18053.6496,18083.4762,0
13587,257.92,18053.6517,18083.4762,0
13588,257.92,18053.6517,18083.4762,0
13589,257.96,18053.6517,18083.4762,0
13590,258.00,18053.6496,18083.4762,0
13592,258.08,18053.6517,18083.4762,0
13593,258.12,18053.6517,18083.4762,0
13595,258.15,18053.6517,18083.4762,0
13596,258.20,18053.6496,18083.4762,0
13597,258.20,18053.6496,18083.4762,0
13598,258.28,18053.6517,18083.4762,0
13600,258.29,18053.6517,18083.4762,0
13602,258.29,18053.6517,18083.4762,0
13603,258.29,18053.6517,18083.4762,0
13604,258.29,18053.6517,18083.4762,0
13605,258.29,18053.6517,18083.4762,0
13609,258.32,18053.6517,18083.4762,0
13611,258.32,18053.6517,18083.4762,0
13612,258.32,18053.6517,18083.4762,0
13613,258.32,18053.6517,18083.4762,0
13614,258.36,18053.6517,18083.4762,0
13615,258.36,18053.6517,18083.4762,0
13616,258.36,18053.6517,18083.4762,0
13618,258.36,18053.6517,18083.4762,0
13619,258.36,18053.6517,18083.4762,0
13620,258.36,18053.6517,18083.4762,0
13621,258.36,18053.6517,18083.4762,0
13622,258.36,18053.6517,18083.4762,0
13623,258.40,18053.6496,18083.4762,0
13624,258.41,18053.6496,18083.4762,0
13625,258.44,18053.6496,18083.4762,0
13626,258.47,18053.6496,18083.4762,0
13627,258.47,18053.6496,18083.4762,0
13628,258.47,18053.6496,18083.4762,0
13629,258.52,18053.6517,18083.4762,0
13630,258.55,18053.6517,18083.4762,0
13631,258.58,18053.6517,18083.4762,0
13632,258.58,18053.6517,18083.4762,0
13633,258.63,18053.6496,18083.4762,0
13635,258.71,18053.6517,18083.4762,0
13636,258.80,18053.6496,18083.4762,0
13637,258.84,18053.6496,18083.4762,0
13638,258.88,18053.6517,18083.4762,0
13640,258.89,18053.6517,18083.4762,0
13641,258.97,18053.6496,18083.4762,0
13642,258.98,18053.6496,18083.4762,0
13644,258.98,18053.6496,18083.4762,0
13646,259.06,18053.6517,18083.4762,0
13647,259.06,18053.6517,18083.4762,0
13648,259.10,18053.6517,18083.4762,0
13649,259.13,18053.6517,18083.4762,0
13651,259.13,18053.6517,18083.4762,0
13652,259.13,18053.6517,18083.4762,0
13653,259.13,18053.6517,18083.4762,0
13654,259.13,18053.6517,18083.4762,0
13655,259.13,18053.6517,18083.4762,0
13657,259.18,18053.6496,18083.4762,0
13658,259.21,18053.6496,18083.4762,0
13661,259.22,18053.6496,18083.4762,0
13662,259.22,18053.6496,18083.4762,0
13664,259.26,18053.6517,18083.4762,0
13665,259.30,18053.6517,18083.4762,0
13668,259.31,18053.6517,18083.4762,0
13669,259.31,18053.6517,18083.4762,0
13670,259.31,18053.6517,18083.4762,0
13672,259.31,18053.6517,18083.4762,0
13673,259.38,18053.6496,18083.4762,0
13674,259.42,18053.6496,18083.4762,0
13675,259.45,18053.6496,18083.4762,0
13676,259.45,18053.6496,18083.4762,0
13677,259.49,18053.6517,18083.4762,0
13678,259.50,18053.6517,18083.4762,0
13679,259.53,18053.6517,18083.4762,0
13680,259.53,18053.6517,18083.4762,0
13681,259.53,18053.6517,18083.4762,0
13683,259.54,18053.6517,18083.4762,0
13684,259.54,18053.6517,18083.4762,0
13685,259.54,18053.6517,18083.4762,0
13686,259.57,18053.6517,18083.4762,0
13687,259.57,18053.6517,18083.4762,0
13688,259.57,18053.6517,18083.4762,0
13689,259.61,18053.6496,18083.4762,0
13691,259.62,18053.6496,18083.4762,0
13692,259.62,18053.6496,18083.4762,0
13693,259.66,18053.6496,18083.4762,0
13694,259.69,18053.6496,18083.4762,0
13695,259.69,18053.6496,18083.4762,0
13697,259.69,18053.6496,18083.4762,0
13699,259.69,18053.6496,18083.4762,0
13700,259.69,18053.6496,18083.4762,0
13702,259.73,18053.6517,18083.4762,0
13703,259.74,18053.6517,18083.4762,0
13707,259.74,18053.6517,18083.4762,0
13709,259.78,18053.6517,18083.4762,0
13711,259.78,18053.6517,18083.4762,0
13712,259.78,18053.6517,18083.4762,0
13713,259.85,18053.6496,18083.4762,0
13714,259.89,18053.6496,18083.4762,0
13715,259.96,18053.6517,18083.4762,0
13716,259.99,18053.6517,18083.4762,0
13717,260.00,18053.6517,18083.4762,0
13718,260.00,18053.6517,18083.4762,0
13719,260.00,18053.6517,18083.4762,0
13720,260.04,18053.6496,18083.4762,0
13723,260.12,18053.6517,18083.4762,0
13725,260.20,18053.6496,18083.4762,0
13728,260.28,18053.6517,18083.4762,0
13729,260.29,18053.6517,18083.4762,0
13730,260.29,18053.6517,18083.4762,0
13731,260.37,18053.6496,18083.4762,0
13732,260.37,18053.6496,18083.4762,0
13733,260.40,18053.6496,18083.4762,0
13734,260.40,18053.6496,18083.4762,0
13735,260.40,18053.6496,18083.4762,0
13736,260.40,18053.6496,18083.4762,0
13737,260.45,18053.6517,18083.4762,0
13739,260.46,18053.6517,18083.4762,0
13740,260.46,18053.6517,18083.4762,0
13741,260.53,18053.6496,18083.4762,0
13742,260.57,18053.6496,18083.4762,0
13743,260.64,18053.6517,18083.4762,0
13744,260.68,18053.6517,18083.4762,0
13745,260.72,18053.6496,18083.4762,0
13746,260.73,18053.6496,18083.4762,0
13747,260.76,18053.6496,18083.4762,0
13749,260.80,18053.6496,18083.4762,0
13750,260.80,18053.6496,18083.4762,0
13751,260.80,18053.6496,18083.4762,0
13752,260.80,18053.6496,18083.4762,0
13753,260.80,18053.6496,18083.4762,0
13754,260.80,18053.6496,18083.4762,0
13756,260.80,18053.6496,18083.4762,0
13757,260.80,18053.6496,18083.4762,0
13758,260.80,18053.6496,18083.4762,0
13759,260.84,18053.6517,18083.4762,0
13760,260.87,18053.6517,18083.4762,0
13762,260.88,18053.6517,18083.4762,0
13764,260.88,18053.6517,18083.4762,0
13765,260.88,18053.6517,18083.4762,0
13766,260.88,18053.6517,18083.4762,0
13767,260.88,18053.6517,18083.4762,0
13768,260.88,18053.6517,18083.4762,0
13770,260.92,18053.6517,18083.4762,0
13771,260.96,18053.6496,18083.4762,0
13772,260.99,18053.6496,18083.4762,0
13774,261.00,18053.6496,18083.4762,0
13776,261.00,18053.6496,18083.4762,0
13777,261.04,18053.6496,18083.4762,0
13778,261.04,18053.6496,18083.4762,0
13780,261.04,18053.6496,18083.4762,0
13781,261.04,18053.6496,18083.4762,0
13782,261.08,18053.6517,18083.4762,0
13783,261.11,18053.6517,18083.4762,0
13784,261.15,18053.6517,18083.4762,0
13785,261.15,18053.6517,18083.4762,0
13786,261.15,18053.6517,18083.4762,0
13787,261.19,18053.6496,18083.4762,0
13789,261.23,18053.6496,18083.4762,0
13791,261.26,18053.6496,18083.4762,0
13792,261.27,18053.6496,18083.4762,0
13793,261.27,18053.6496,18083.4762,0
13794,261.31,18053.6517,18083.4762,0
13795,261.31,18053.6517,18083.4762,0
13796,261.31,18053.6517,18083.4762,0
13797,261.31,18053.6517,18083.4762,0
13799,261.35,18053.6517,18083.4762,0
13800,261.35,18053.6517,18083.4762,0
13801,261.39,18053.6517,18083.4762,0
13802,261.39,18053.6517,18083.4762,0
13803,261.39,18053.6517,18083.4762,0
13804,261.39,18053.6517,18083.4762,0
13805,261.39,18053.6517,18083.4762,0
13806,261.39,18053.6517,18083.4762,0
13807,261.43,18053.6496,18083.4762,0
13808,261.46,18053.6496,18083.4762,0
13809,261.47,18053.6496,18083.4762,0
13810,261.47,18053.6496,18083.4762,0
13811,261.50,18053.6496,18083.4762,0
13812,261.50,18053.6496,18083.4762,0
13815,261.50,18053.6496,18083.4762,0
13816,261.55,18053.6517,18083.4762,0
13818,261.59,18053.6517,18083.4762,0
13819,261.59,18053.6517,18083.4762,0
13820,261.62,18053.6517,18083.4762,0
13821,261.62,18053.6517,18083.4762,0
13822,261.67,18053.6496,18083.4762,0
13823,261.67,18053.6496,18083.4762,0
13824,261.71,18053.6496,18083.4762,0
13826,261.75,18053.6496,18083.4762,0
13827,261.75,18053.6496,18083.4762,0
13828,261.75,18053.6496,18083.4762,0
13830,261.75,18053.6496,18083.4762,0
13832,261.75,18053.6496,18083.4762,0
13837,261.79,18053.6517,18083.4762,0
13839,261.80,18053.6517,18083.4762,0
13840,261.83,18053.6517,18083.4762,0
13841,261.83,18053.6517,18083.4762,0
13842,261.87,18053.6517,18083.4762,0
13843,261.87,18053.6517,18083.4762,0
13844,261.87,18053.6517,18083.4762,0
13846,261.87,18053.6517,18083.4762,0
13848,261.87,18053.6517,18083.4762,0
13849,261.87,18053.6517,18083.4762,0
13850,261.87,18053.6517,18083.4762,0
13851,261.91,18053.6496,18083.4762,0
13853,261.95,18053.6496,18083.4762,0
13854,261.98,18053.6496,18083.4762,0
13855,261.99,18053.6496,18083.4762,0
13856,262.03,18053.6517,18083.4762,0
13857,262.06,18053.6517,18083.4762,0
13858,262.11,18053.6496,18083.4762,0
13859,262.11,18053.6496,18083.4762,0
13860,262.19,18053.6517,18083.4762,0
13861,262.22,18053.6517,18083.4762,0
13862,262.23,18053.6517,18083.4762,0
13863,262.26,18053.6517,18083.4762,0
13864,262.26,18053.6517,18083.4762,0
13867,262.27,18053.6517,18083.4762,0
13868,262.27,18053.6517,18083.4762,0
13870,262.27,18053.6517,18083.4762,0
13871,262.27,18053.6517,18083.4762,0
13873,262.27,18053.6517,18083.4762,0
13875,262.27,18053.6517,18083.4762,0
13877,262.31,18053.6496,18083.4762,0
13878,262.34,18053.6496,18083.4762,0
13879,262.38,18053.6496,18083.4762,0
13881,262.38,18053.6496,18083.4762,0
13882,262.38,18053.6496,18083.4762,0
13883,262.38,18053.6496,18083.4762,0
13884,262.38,18053.6496,18083.4762,0
13885,262.38,18053.6496,18083.4762,0
13887,262.43,18053.6517,18083.4762,0
13888,262.46,18053.6517,18083.4762,0
13889,262.49,18053.6517,18083.4762,0
13890,262.49,18053.6517,18083.4762,0
13892,262.50,18053.6517,18083.4762,0
13893,262.54,18053.6496,18083.4762,0
13894,262.62,18053.6517,18083.4762,0
13897,262.65,18053.6517,18083.4762,0
13898,262.66,18053.6517,18083.4762,0
13899,262.66,18053.6517,18083.4762,0
13900,262.66,18053.6517,18083.4762,0
13901,262.66,18053.6517,18083.4762,0
13902,262.66,18053.6517,18083.4762,0
13903,262.66,18053.6517,18083.4762,0
13906,262.66,18053.6517,18083.4762,0
13908,262.66,18053.6517,18083.4762,0
13910,262.66,18053.6517,18083.4762,0
13911,262.66,18053.6517,18083.4762,0
13912,262.66,18053.6517,18083.4762,0
13913,262.70,18053.6496,18083.4762,0
13916,262.71,18053.6496,18083.4762,0
13917,262.79,18053.6517,18083.4762,0
13918,262.82,18053.6517,18083.4762,0
13919,262.82,18053.6517,18083.4762,0
13923,262.83,18053.6517,18083.4762,0
13924,262.86,18053.6517,18083.4762,0
13925,262.86,18053.6517,18083.4762,0
13927,262.91,18053.6496,18083.4762,0
13928,262.91,18053.6496,18083.4762,0
13929,262.94,18053.6496,18083.4762,0
13930,262.94,18053.6496,18083.4762,0
13932,262.95,18053.6496,18083.4762,0
13933,262.98,18053.6496,18083.4762,0
13935,263.02,18053.6517,18083.4762,0
13936,263.03,18053.6517,18083.4762,0
13937,263.11,18053.6496,18083.4762,0
13938,263.14,18053.6496,18083.4762,0
13941,263.14,18053.6496,18083.4762,0
13943,263.14,18053.6496,18083.4762,0
13945,263.14,18053.6496,18083.4762,0
13946,263.18,18053.6496,18083.4762,0
13947,263.22,18053.6517,18083.4762,0
13948,263.26,18053.6517,18083.4762,0
13950,263.26,18053.6517,18083.4762,0
13951,263.30,18053.6517,18083.4762,0
13953,263.30,18053.6517,18083.4762,0
13954,263.30,18053.6517,18083.4762,0
13955,263.30,18053.6517,18083.4762,0
13956,263.30,18053.6517,18083.4762,0
13957,263.30,18053.6517,18083.4762,0
13958,263.30,18053.6517,18083.4762,0
13960,263.30,18053.6517,18083.4762,0
13961,263.30,18053.6517,18083.4762,0
13962,263.34,18053.6496,18083.4762,0
13963,263.38,18053.6496,18083.4762,0
13966,263.46,18053.6517,18083.4762,0
13968,263.47,18053.6517,18083.4762,0
13970,263.50,18053.6517,18083.4762,0
13972,263.50,18053.6517,18083.4762,0
13973,263.53,18053.6517,18083.4762,0
13975,263.53,18053.6517,18083.4762,0
13978,263.53,18053.6517,18083.4762,0
13979,263.53,18053.6517,18083.4762,0
13980,263.53,18053.6517,18083.4762,0
13981,263.60,18053.6496,18083.4762,0
13983,263.63,18053.6496,18083.4762,0
13984,263.64,18053.6496,18083.4762,0
13985,263.72,18053.6517,18083.4762,0
13987,263.80,18053.6496,18083.4762,0
13989,263.81,18053.6496,18083.4762,0
13990,263.84,18053.6496,18083.4762,0
13992,263.87,18053.6496,18083.4762,0
13993,263.92,18053.6517,18083.4762,0
13995,263.95,18053.6517,18083.4762,0
13998,264.03,18053.6496,18083.4762,0
13999,264.11,18053.6517,18083.4762,0
14001,264.15,18053.6517,18083.4762,0
14002,264.18,18053.6517,18083.4762,0
14004,264.18,18053.6517,18083.4762,0
14005,264.18,18053.6517,18083.4762,0
14006,264.19,18053.6517,18083.4762,0
14007,264.19,18053.6517,18083.4762,0
14008,264.19,18053.6517,18083.4762,0
14009,264.19,18053.6517,18083.4762,0
14010,264.19,18053.6517,18083.4762,0
14011,264.19,18053.6517,18083.4762,0
14012,264.19,18053.6517,18083.4762,0
14013,264.19,18053.6517,18083.4762,0
14014,264.23,18053.6496,18083.4762,0
14015,264.26,18053.6496,18083.4762,0
14016,264.27,18053.6496,18083.4762,0
14018,264.35,18053.6517,18083.4762,0
14020,264.39,18053.6517,18083.4762,0
14021,264.39,18053.6517,18083.4762,0
14022,264.42,18053.6517,18083.4762,0
14023,264.42,18053.6517,18083.4762,0
14024,264.42,18053.6517,18083.4762,0
14025,264.42,18053.6517,18083.4762,0
14026,264.42,18053.6517,18083.4762,0
14027,264.42,18053.6517,18083.4762,0
14028,264.42,18053.6517,18083.4762,0
14030,264.42,18053.6517,18083.4762,0
14031,264.42,18053.6517,18083.4762,0
14035,264.42,18053.6517,18083.4762,0
14036,264.47,18053.6496,18083.4762,0
14037,264.50,18053.6496,18083.4762,0
14038,264.50,18053.6496,18083.4762,0
14039,264.51,18053.6496,18083.4762,0
14040,264.58,18053.6517,18083.4762,0
14041,264.59,18053.6517,18083.4762,0
14045,264.59,18053.6517,18083.4762,0
14046,264.59,18053.6517,18083.4762,0
14047,264.59,18053.6517,18083.4762,0
14048,264.67,18053.6496,18083.4762,0
14049,264.70,18053.6496,18083.4762,0
14050,264.70,18053.6496,18083.4762,0
14052,264.71,18053.6496,18083.4762,0
14053,264.75,18053.6496,18083.4762,0
14054,264.75,18053.6496,18083.4762,0
14056,264.75,18053.6496,18083.4762,0
14058,264.75,18053.6496,18083.4762,0
14060,264.75,18053.6496,18083.4762,0
14062,264.75,18053.6496,18083.4762,0
14063,264.75,18053.6496,18083.4762,0
14064,264.75,18053.6496,18083.4762,0
14065,264.75,18053.6496,18083.4762,0
14066,264.75,18053.6496,18083.4762,0
14067,264.75,18053.6496,18083.4762,0
14068,264.79,18053.6517,18083.4762,0
14069,264.82,18053.6517,18083.4762,0
14070,264.86,18053.6517,18083.4762,0
14072,264.86,18053.6517,18083.4762,0
14076,264.86,18053.6517,18083.4762,0
14078,264.91,18053.6496,18083.4762,0
14079,264.91,18053.6496,18083.4762,0
14080,264.91,18053.6496,18083.4762,0
14081,264.95,18053.6496,18083.4762,0
14083,264.95,18053.6496,18083.4762,0
14084,264.95,18053.6496,18083.4762,0
14085,264.98,18053.6496,18083.4762,0
14086,265.03,18053.6517,18083.4762,0
14087,265.06,18053.6517,18083.4762,0
14088,265.07,18053.6517,18083.4762,0
14090,265.07,18053.6517,18083.4762,0
14091,265.07,18053.6517,18083.4762,0
14092,265.07,18053.6517,18083.4762,0
14094,265.07,18053.6517,18083.4762,0
14096,265.07,18053.6517,18083.4762,0
14097,265.10,18053.6517,18083.4762,0
14098,265.10,18053.6517,18083.4762,0
14099,265.10,18053.6517,18083.4762,0
14100,265.10,18053.6517,18083.4762,0
14101,265.10,18053.6517,18083.4762,0
14102,265.10,18053.6517,18083.4762,0
14103,265.10,18053.6517,18083.4762,0
14105,265.15,18053.6496,18083.4762,0
14106,265.15,18053.6496,18083.4762,0
14107,265.23,18053.6517,18083.4762,0
14108,265.24,18053.6517,18083.4762,0
14110,265.24,18053.6517,18083.4762,0
14111,265.32,18053.6496,18083.4762,0
14112,265.39,18053.6517,18083.4762,0
14113,265.43,18053.6517,18083.4762,0
14115,265.43,18053.6517,18083.4762,0
14116,265.46,18053.6517,18083.4762,0
14117,265.46,18053.6517,18083.4762,0
14118,265.46,18053.6517,18083.4762,0
14119,265.51,18053.6496,18083.4762,0
14120,265.54,18053.6496,18083.4762,0
14121,265.58,18053.6496,18083.4762,0
14122,265.58,18053.6496,18083.4762,0
14123,265.62,18053.6517,18083.4762,0
14124,265.63,18053.6517,18083.4762,0
14125,265.63,18053.6517,18083.4762,0
14126,265.66,18053.6517,18083.4762,0
14127,265.69,18053.6517,18083.4762,0
14128,265.69,18053.6517,18083.4762,0
14129,265.74,18053.6496,18083.4762,0
14136,265.75,18053.6496,18083.4762,0
14137,265.75,18053.6496,18083.4762,0
14138,265.78,18053.6496,18083.4762,0
14139,265.81,18053.6496,18083.4762,0
14140,265.86,18053.6517,18083.4762,0
14141,265.86,18053.6517,18083.4762,0
14143,265.90,18053.6517,18083.4762,0
14146,265.94,18053.6496,18083.4762,0
14147,266.02,18053.6517,18083.4762,0
14148,266.02,18053.6517,18083.4762,0
14149,266.06,18053.6517,18083.4762,0
14150,266.10,18053.6496,18083.4762,0
14151,266.18,18053.6517,18083.4762,0
14152,266.21,18053.6517,18083.4762,0
14153,266.21,18053.6517,18083.4762,0
14154,266.21,18053.6517,18083.4762,0
14157,266.21,18053.6517,18083.4762,0
14158,266.26,18053.6496,18083.4762,0
14161,266.29,18053.6496,18083.4762,0
14162,266.30,18053.6496,18083.4762,0
14163,266.30,18053.6496,18083.4762,0
14164,266.30,18053.6496,18083.4762,0
14165,266.30,18053.6496,18083.4762,0
14166,266.30,18053.6496,18083.4762,0
14167,266.33,18053.6496,18083.4762,0
14168,266.38,18053.6517,18083.4762,0
14169,266.41,18053.6517,18083.4762,0
14170,266.45,18053.6496,18083.4762,0
14171,266.49,18053.6496,18083.4762,0
14172,266.49,18053.6496,18083.4762,0
14173,266.52,18053.6496,18083.4762,0
14174,266.52,18053.6496,18083.4762,0
14175,266.52,18053.6496,18083.4762,0
14176,266.52,18053.6496,18083.4762,0
14177,266.52,18053.6496,18083.4762,0
14178,266.57,18053.6517,18083.4762,0
14179,266.60,18053.6517,18083.4762,0
14180,266.63,18053.6517,18083.4762,0
14181,266.64,18053.6517,18083.4762,0
14182,266.64,18053.6517,18083.4762,0
14183,266.64,18053.6517,18083.4762,0
14186,266.64,18053.6517,18083.4762,0
14190,266.69,18053.6496,18083.4762,0
14191,266.72,18053.6496,18083.4762,0
14193,266.72,18053.6496,18083.4762,0
14196,266.72,18053.6496,18083.4762,0
14197,266.72,18053.6496,18083.4762,0
14198,266.73,18053.6496,18083.4762,0
14200,266.77,18053.6517,18083.4762,0
14201,266.80,18053.6517,18083.4762,0
14202,266.80,18053.6517,18083.4762,0
14203,266.84,18053.6517,18083.4762,0
14205,266.85,18053.6517,18083.4762,0
14206,266.85,18053.6517,18083.4762,0
14207,266.89,18053.6496,18083.4762,0
14209,266.97,18053.6517,18083.4762,0
14210,266.98,18053.6517,18083.4762,0
14211,266.98,18053.6517,18083.4762,0
14212,267.05,18053.6496,18083.4762,0
14213,267.09,18053.6496,18083.4762,0
14215,267.13,18053.6496,18083.4762,0
14216,267.13,18053.6496,18083.4762,0
14218,267.13,18053.6496,18083.4762,0
14219,267.17,18053.6517,18083.4762,0
14221,267.26,18053.6496,18083.4762,0
14224,267.29,18053.6496,18083.4762,0
14225,267.30,18053.6496,18083.4762,0
14226,267.34,18053.6517,18083.4762,0
14227,267.42,18053.6496,18083.4762,0
14228,267.45,18053.6496,18083.4762,0
14230,267.46,18053.6496,18083.4762,0
14231,267.49,18053.6496,18083.4762,0
14232,267.49,18053.6496,18083.4762,0
14233,267.50,18053.6496,18083.4762,0
14234,267.50,18053.6496,18083.4762,0
14235,267.54,18053.6517,18083.4762,0
14236,267.58,18053.6517,18083.4762,0
14237,267.61,18053.6517,18083.4762,0
14238,267.65,18053.6496,18083.4762,0
14240,267.69,18053.6496,18083.4762,0
14241,267.70,18053.6496,18083.4762,0
14243,267.70,18053.6496,18083.4762,0
14244,267.73,18053.6496,18083.4762,0
14245,267.73,18053.6496,18083.4762,0
14247,267.77,18053.6517,18083.4762,0
14248,267.78,18053.6517,18083.4762,0
14250,267.78,18053.6517,18083.4762,0
14251,267.86,18053.6496,18083.4762,0
14252,267.89,18053.6496,18083.4762,0
14253,267.93,18053.6517,18083.4762,0
14254,267.97,18053.6517,18083.4762,0
14255,268.00,18053.6517,18083.4762,0
14256,268.01,18053.6517,18083.4762,0
14257,268.01,18053.6517,18083.4762,0
14258,268.01,18053.6517,18083.4762,0
14259,268.01,18053.6517,18083.4762,0
14260,268.01,18053.6517,18083.4762,0
14263,268.01,18053.6517,18083.4762,0
14264,268.01,18053.6517,18083.4762,0
14265,268.01,18053.6517,18083.4762,0
14266,268.05,18053.6496,18083.4762,0
14267,268.09,18053.6496,18083.4762,0
14269,268.13,18053.6496,18083.4762,0
14270,268.13,18053.6496,18083.4762,0
14271,268.17,18053.6517,18083.4762,0
14272,268.18,18053.6517,18083.4762,0
14273,268.25,18053.6496,18083.4762,0
14274,268.29,18053.6496,18083.4762,0
14275,268.29,18053.6496,18083.4762,0
14276,268.32,18053.6496,18083.4762,0
14277,268.37,18053.6517,18083.4762,0
14278,268.45,18053.6496,18083.4762,0
14279,268.52,18053.6517,18083.4762,0
14280,268.56,18053.6517,18083.4762,0
14281,268.63,18053.6496,18083.4762,0
14282,268.64,18053.6496,18083.4762,0
14283,268.67,18053.6496,18083.4762,0
14284,268.71,18053.6496,18083.4762,0
14286,268.75,18053.6517,18083.4762,0
14289,268.76,18053.6517,18083.4762,0
14291,268.79,18053.6517,18083.4762,0
14293,268.84,18053.6496,18083.4762,0
14294,268.87,18053.6496,18083.4762,0
14296,268.88,18053.6496,18083.4762,0
14297,268.88,18053.6496,18083.4762,0
14298,268.91,18053.6496,18083.4762,0
14299,268.91,18053.6496,18083.4762,0
14303,268.91,18053.6496,18083.4762,0
14304,268.96,18053.6517,18083.4762,0
14306,268.99,18053.6517,18083.4762,0
14307,269.00,18053.6517,18083.4762,0
14309,269.00,18053.6517,18083.4762,0
14310,269.00,18053.6517,18083.4762,0
14312,269.00,18053.6517,18083.4762,0
14313,269.00,18053.6517,18083.4762,0
14314,269.03,18053.6517,18083.4762,0
14315,269.10,18053.6496,18083.4762,0
14316,269.13,18053.6496,18083.4762,0
14317,269.13,18053.6496,18083.4762,0
14318,269.13,18053.6496,18083.4762,0
14321,269.14,18053.6496,18083.4762,0
14322,269.14,18053.6496,18083.4762,0
14323,269.17,18053.6496,18083.4762,0
14324,269.22,18053.6517,18083.4762,0
14325,269.25,18053.6517,18083.4762,0
14326,269.25,18053.6517,18083.4762,0
14327,269.25,18053.6517,18083.4762,0
14328,269.25,18053.6517,18083.4762,0
14329,269.25,18053.6517,18083.4762,0
14330,269.25,18053.6517,18083.4762,0
14331,269.25,18053.6517,18083.4762,0
14332,269.29,18053.6517,18083.4762,0
14333,269.29,18053.6517,18083.4762,0
14334,269.29,18053.6517,18083.4762,0
14335,269.29,18053.6517,18083.4762,0
14336,269.29,18053.6517,18083.4762,0
14337,269.29,18053.6517,18083.4762,0
14338,269.29,18053.6517,18083.4762,0
14339,269.29,18053.6517,18083.4762,0
14340,269.33,18053.6517,18083.4762,0
14343,269.34,18053.6517,18083.4762,0
14344,269.38,18053.6496,18083.4762,0
14345,269.44,18053.6496,18083.4762,0
14346,269.44,18053.6496,18083.4762,0
14347,269.44,18053.6496,18083.4762,0
14348,269.44,18053.6496,18083.4762,0
14349,269.48,18053.6496,18083.4762,0
14351,269.48,18053.6496,18083.4762,0
14352,269.52,18053.6517,18083.4762,0
14353,269.56,18053.6517,18083.4762,0
14354,269.60,18053.6496,18083.4762,0
14355,269.60,18053.6496,18083.4762,0
14358,269.64,18053.6496,18083.4762,0
14360,269.68,18053.6517,18083.4762,0
14361,269.69,18053.6517,18083.4762,0
14362,269.72,18053.6517,18083.4762,0
14363,269.76,18053.6517,18083.4762,0
14364,269.76,18053.6517,18083.4762,0
14365,269.76,18053.6517,18083.4762,0
14367,269.76,18053.6517,18083.4762,0
14369,269.80,18053.6496,18083.4762,0
14370,269.81,18053.6496,18083.4762,0
14371,269.81,18053.6496,18083.4762,0
14372,269.84,18053.6496,18083.4762,0
14374,269.88,18053.6496,18083.4762,0
14376,269.88,18053.6496,18083.4762,0
14377,269.88,18053.6496,18083.4762,0
14378,269.88,18053.6496,18083.4762,0
14379,269.88,18053.6496,18083.4762,0
14380,269.88,18053.6496,18083.4762,0
14381,269.92,18053.6517,18083.4762,0
14382,269.96,18053.6517,18083.4762,0
14383,269.99,18053.6517,18083.4762,0
14385,269.99,18053.6517,18083.4762,0
14386,270.00,18053.6517,18083.4762,0
14388,270.00,18053.6517,18083.4762,0
14389,270.00,18053.6517,18083.4762,0
14390,270.04,18053.6496,18083.4762,0
14391,270.08,18053.6496,18083.4762,0
14392,270.11,18053.6496,18083.4762,0
14393,270.15,18053.6517,18083.4762,0
14394,270.16,18053.6517,18083.4762,0
14395,270.16,18053.6517,18083.4762,0
14396,270.19,18053.6517,18083.4762,0
14397,270.19,18053.6517,18083.4762,0
14398,270.22,18053.6517,18083.4762,0
14399,270.27,18053.6496,18083.4762,0
14400,270.27,18053.6496,18083.4762,0
14401,270.31,18053.6496,18083.4762,0
14402,270.34,18053.6496,18083.4762,0
14403,270.34,18053.6496,18083.4762,0
14406,270.34,18053.6496,18083.4762,0
14407,270.34,18053.6496,18083.4762,0
14408,270.34,18053.6496,18083.4762,0
14409,270.34,18053.6496,18083.4762,0
14412,270.34,18053.6496,18083.4762,0
14413,270.34,18053.6496,18083.4762,0
14414,270.39,18053.6517,18083.4762,0
14415,270.42,18053.6517,18083.4762,0
14418,270.46,18053.6517,18083.4762,0
14420,270.46,18053.6517,18083.4762,0
14421,270.46,18053.6517,18083.4762,0
14422,270.46,18053.6517,18083.4762,0
14423,270.46,18053.6517,18083.4762,0
14424,270.46,18053.6517,18083.4762,0
14425,270.46,18053.6517,18083.4762,0
14426,270.46,18053.6517,18083.4762,0
14427,270.50,18053.6496,18083.4762,0
14428,270.54,18053.6496,18083.4762,0
14429,270.54,18053.6496,18083.4762,0
14430,270.58,18053.6496,18083.4762,0
14431,270.62,18053.6517,18083.4762,0
14432,270.65,18053.6517,18083.4762,0
14433,270.69,18053.6517,18083.4762,0
14434,270.69,18053.6517,18083.4762,0
14435,270.73,18053.6496,18083.4762,0
14436,270.74,18053.6496,18083.4762,0
14437,270.77,18053.6496,18083.4762,0
14438,270.85,18053.6517,18083.4762,0
14439,270.85,18053.6517,18083.4762,0
14440,270.85,18053.6517,18083.4762,0
14443,270.89,18053.6517,18083.4762,0
14446,270.89,18053.6517,18083.4762,0
14447,270.89,18053.6517,18083.4762,0
14448,270.94,18053.6496,18083.4762,0
14449,270.97,18053.6496,18083.4762,0
14450,271.01,18053.6517,18083.4762,0
14451,271.05,18053.6517,18083.4762,0
14452,271.08,18053.6517,18083.4762,0
14453,271.09,18053.6517,18083.4762,0
14454,271.09,18053.6517,18083.4762,0
14456,271.09,18053.6517,18083.4762,0
14457,271.09,18053.6517,18083.4762,0
14458,271.09,18053.6517,18083.4762,0
14459,271.13,18053.6496,18083.4762,0
14461,271.14,18053.6496,18083.4762,0
14462,271.14,18053.6496,18083.4762,0
14463,271.18,18053.6496,18083.4762,0
14464,271.18,18053.6496,18083.4762,0
14465,271.18,18053.6496,18083.4762,0
14466,271.22,18053.6517,18083.4762,0
14467,271.29,18053.6496,18083.4762,0
14469,271.33,18053.6496,18083.4762,0
14471,271.33,18053.6496,18083.4762,0
14472,271.37,18053.6496,18083.4762,0
14474,271.37,18053.6496,18083.4762,0
14475,271.37,18053.6496,18083.4762,0
14476,271.42,18053.6496,18083.4762,0
14478,271.42,18053.6496,18083.4762,0
14479,271.46,18053.6517,18083.4762,0
14482,271.47,18053.6517,18083.4762,0
14483,271.50,18053.6517,18083.4762,0
14485,271.50,18053.6517,18083.4762,0
14486,271.50,18053.6517,18083.4762,0
14487,271.50,18053.6517,18083.4762,0
14488,271.50,18053.6517,18083.4762,0
14489,271.50,18053.6517,18083.4762,0
14491,271.50,18053.6517,18083.4762,0
14492,271.50,18053.6517,18083.4762,0
14493,271.54,18053.6517,18083.4762,0
14494,271.54,18053.6517,18083.4762,0
14495,271.58,18053.6496,18083.4762,0
14496,271.59,18053.6496,18083.4762,0
14497,271.66,18053.6517,18083.4762,0
14501,271.74,18053.6496,18083.4762,0
14502,271.78,18053.6496,18083.4762,0
14506,271.78,18053.6496,18083.4762,0
14507,271.78,18053.6496,18083.4762,0
14509,271.79,18053.6496,18083.4762,0
14511,271.79,18053.6496,18083.4762,0
14512,271.83,18053.6517,18083.4762,0
14513,271.84,18053.6517,18083.4762,0
14514,271.87,18053.6517,18083.4762,0
14517,271.92,18053.6496,18083.4762,0
14518,272.00,18053.6517,18083.4762,0
14519,272.03,18053.6517,18083.4762,0
14520,272.11,18053.6496,18083.4762,0
14521,272.14,18053.6496,18083.4762,0
14522,272.14,18053.6496,18083.4762,0
14525,272.15,18053.6496,18083.4762,0
14526,272.18,18053.6496,18083.4762,0
14527,272.18,18053.6496,18083.4762,0
14528,272.22,18053.6517,18083.4762,0
14529,272.26,18053.6517,18083.4762,0
14531,272.30,18053.6517,18083.4762,0
14532,272.30,18053.6517,18083.4762,0
14533,272.30,18053.6517,18083.4762,0
14535,272.30,18053.6517,18083.4762,0
14536,272.30,18053.6517,18083.4762,0
14538,272.30,18053.6517,18083.4762,0
14539,272.30,18053.6517,18083.4762,0
14541,272.30,18053.6517,18083.4762,0
14542,272.30,18053.6517,18083.4762,0
14544,272.34,18053.6496,18083.4762,0
14545,272.38,18053.6496,18083.4762,0
14546,272.38,18053.6496,18083.4762,0
14549,272.39,18053.6496,18083.4762,0
14550,272.42,18053.6496,18083.4762,0
14552,272.42,18053.6496,18083.4762,0
14553,272.42,18053.6496,18083.4762,0
14555,272.42,18053.6496,18083.4762,0
14556,272.42,18053.6496,18083.4762,0
14557,272.42,18053.6496,18083.4762,0
14558,272.46,18053.6517,18083.4762,0
14559,272.54,18053.6496,18083.4762,0
14561,272.58,18053.6496,18083.4762,0
14564,272.58,18053.6496,18083.4762,0
14565,272.58,18053.6496,18083.4762,0
14566,272.61,18053.6496,18083.4762,0
14567,272.61,18053.6496,18083.4762,0
14568,272.66,18053.6517,18083.4762,0
14570,272.66,18053.6517,18083.4762,0
14571,272.74,18053.6496,18083.4762,0
14572,272.78,18053.6496,18083.4762,0
14573,272.81,18053.6496,18083.4762,0
14575,272.82,18053.6496,18083.4762,0
14577,272.82,18053.6496,18083.4762,0
14580,272.86,18053.6517,18083.4762,0
14581,272.94,18053.6496,18083.4762,0
14583,272.95,18053.6496,18083.4762,0
14584,273.03,18053.6517,18083.4762,0
14585,273.06,18053.6517,18083.4762,0
14586,273.09,18053.6517,18083.4762,0
14588,273.10,18053.6517,18083.4762,0
14589,273.10,18053.6517,18083.4762,0
14590,273.10,18053.6517,18083.4762,0
14591,273.10,18053.6517,18083.4762,0
14592,273.10,18053.6517,18083.4762,0
14594,273.10,18053.6517,18083.4762,0
14595,273.10,18053.6517,18083.4762,0
14596,273.10,18053.6517,18083.4762,0
14597,273.10,18053.6517,18083.4762,0
14598,273.10,18053.6517,18083.4762,0
14599,273.10,18053.6517,18083.4762,0
14600,273.10,18053.6517,18083.4762,0
14602,273.10,18053.6517,18083.4762,0
14603,273.10,18053.6517,18083.4762,0
14604,273.10,18053.6517,18083.4762,0
14606,273.14,18053.6496,18083.4762,0
14607,273.18,18053.6496,18083.4762,0
14608,273.21,18053.6496,18083.4762,0
14610,273.22,18053.6496,18083.4762,0
14611,273.22,18053.6496,18083.4762,0
14612,273.22,18053.6496,18083.4762,0
14613,273.22,18053.6496,18083.4762,0
14614,273.22,18053.6496,18083.4762,0
14615,273.22,18053.6496,18083.4762,0
14619,273.26,18053.6517,18083.4762,0
14620,273.30,18053.6517,18083.4762,0
14621,273.30,18053.6517,18083.4762,0
14623,273.33,18053.6517,18083.4762,0
14626,273.33,18053.6517,18083.4762,0
14627,273.33,18053.6517,18083.4762,0
14628,273.34,18053.6517,18083.4762,0
14629,273.34,18053.6517,18083.4762,0
14630,273.38,18053.6496,18083.4762,0
14631,273.39,18053.6496,18083.4762,0
14632,273.42,18053.6496,18083.4762,0
14633,273.45,18053.6496,18083.4762,0
14634,273.45,18053.6496,18083.4762,0
14635,273.45,18053.6496,18083.4762,0
14636,273.45,18053.6496,18083.4762,0
14637,273.45,18053.6496,18083.4762,0
14638,273.50,18053.6517,18083.4762,0
14640,273.53,18053.6517,18083.4762,0
14641,273.54,18053.6517,18083.4762,0
14642,273.57,18053.6517,18083.4762,0
14645,273.57,18053.6517,18083.4762,0
14646,273.57,18053.6517,18083.4762,0
14648,273.57,18053.6517,18083.4762,0
14649,273.57,18053.6517,18083.4762,0
14650,273.57,18053.6517,18083.4762,0
14653,273.57,18053.6517,18083.4762,0
14654,273.57,18053.6517,18083.4762,0
14655,273.62,18053.6496,18083.4762,0
14656,273.62,18053.6496,18083.4762,0
14657,273.65,18053.6496,18083.4762,0
14658,273.65,18053.6496,18083.4762,0
14664,273.69,18053.6496,18083.4762,0
14665,273.69,18053.6496,18083.4762,0
14666,273.69,18053.6496,18083.4762,0
14668,273.69,18053.6496,18083.4762,0
14669,273.69,18053.6496,18083.4762,0
14670,273.69,18053.6496,18083.4762,0
14671,273.73,18053.6517,18083.4762,0
14672,273.77,18053.6517,18083.4762,0
14674,273.82,18053.6496,18083.4762,0
14677,273.85,18053.6496,18083.4762,0
14678,273.86,18053.6496,18083.4762,0
14679,273.86,18053.6496,18083.4762,0
14680,273.86,18053.6496,18083.4762,0
14681,273.86,18053.6496,18083.4762,0
14682,273.86,18053.6496,18083.4762,0
14683,273.94,18053.6517,18083.4762,0
14684,273.97,18053.6517,18083.4762,0
14686,274.01,18053.6517,18083.4762,0
14687,274.01,18053.6517,18083.4762,0
14689,274.01,18053.6517,18083.4762,0
14690,274.01,18053.6517,18083.4762,0
14691,274.01,18053.6517,18083.4762,0
14692,274.08,18053.6496,18083.4762,0
14694,274.12,18053.6496,18083.4762,0
14695,274.12,18053.6496,18083.4762,0
14696,274.15,18053.6496,18083.4762,0
14697,274.15,18053.6496,18083.4762,0
14699,274.15,18053.6496,18083.4762,0
14700,274.20,18053.6517,18083.4762,0
14702,274.23,18053.6517,18083.4762,0
14703,274.31,18053.6496,18083.4762,0
14704,274.39,18053.6517,18083.4762,0
14705,274.42,18053.6517,18083.4762,0
14706,274.42,18053.6517,18083.4762,0
14709,274.46,18053.6517,18083.4762,0
14711,274.50,18053.6496,18083.4762,0
14712,274.51,18053.6496,18083.4762,0
14713,274.54,18053.6496,18083.4762,0
14714,274.54,18053.6496,18083.4762,0
14715,274.58,18053.6496,18083.4762,0
14716,274.58,18053.6496,18083.4762,0
14717,274.58,18053.6496,18083.4762,0
14718,274.58,18053.6496,18083.4762,0
14719,274.58,18053.6496,18083.4762,0
14720,274.58,18053.6496,18083.4762,0
14721,274.58,18053.6496,18083.4762,0
14722,274.62,18053.6517,18083.4762,0
14724,274.66,18053.6517,18083.4762,0
14725,274.69,18053.6517,18083.4762,0
14726,274.70,18053.6517,18083.4762,0
14728,274.70,18053.6517,18083.4762,0
14729,274.70,18053.6517,18083.4762,0
14731,274.70,18053.6517,18083.4762,0
14732,274.74,18053.6496,18083.4762,0
14733,274.82,18053.6517,18083.4762,0
14734,274.85,18053.6517,18083.4762,0
14735,274.88,18053.6517,18083.4762,0
14736,274.89,18053.6517,18083.4762,0
14737,274.89,18053.6517,18083.4762,0
14739,274.89,18053.6517,18083.4762,0
14742,274.93,18053.6496,18083.4762,0
14744,275.02,18053.6517,18083.4762,0
14746,275.05,18053.6517,18083.4762,0
14748,275.09,18053.6517,18083.4762,0
14749,275.09,18053.6517,18083.4762,0
14750,275.09,18053.6517,18083.4762,0
14751,275.09,18053.6517,18083.4762,0
14752,275.13,18053.6496,18083.4762,0
14753,275.16,18053.6496,18083.4762,0
14754,275.17,18053.6496,18083.4762,0
14756,275.17,18053.6496,18083.4762,0
14757,275.22,18053.6496,18083.4762,0
14759,275.25,18053.6496,18083.4762,0
14760,275.25,18053.6496,18083.4762,0
14761,275.25,18053.6496,18083.4762,0
14762,275.25,18053.6496,18083.4762,0
14763,275.25,18053.6496,18083.4762,0
14764,275.30,18053.6517,18083.4762,0
14765,275.30,18053.6517,18083.4762,0
14766,275.33,18053.6517,18083.4762,0
14767,275.34,18053.6517,18083.4762,0
14769,275.34,18053.6517,18083.4762,0
14770,275.34,18053.6517,18083.4762,0
14771,275.34,18053.6517,18083.4762,0
14772,275.34,18053.6517,18083.4762,0
14774,275.37,18053.6517,18083.4762,0
14775,275.42,18053.6496,18083.4762,0
14776,275.45,18053.6496,18083.4762,0
14777,275.45,18053.6496,18083.4762,0
14778,275.49,18053.6517,18083.4762,0
14779,275.53,18053.6517,18083.4762,0
14780,275.56,18053.6517,18083.4762,0
14781,275.56,18053.6517,18083.4762,0
14785,275.56,18053.6517,18083.4762,0
14786,275.56,18053.6517,18083.4762,0
14787,275.56,18053.6517,18083.4762,0
14789,275.56,18053.6517,18083.4762,0
14790,275.56,18053.6517,18083.4762,0
14793,275.56,18053.6517,18083.4762,0
14797,275.61,18053.6496,18083.4762,0
14798,275.64,18053.6496,18083.4762,0
14799,275.64,18053.6496,18083.4762,0
14800,275.72,18053.6517,18083.4762,0
14801,275.72,18053.6517,18083.4762,0
14802,275.72,18053.6517,18083.4762,0
14803,275.72,18053.6517,18083.4762,0
14804,275.76,18053.6517,18083.4762,0
14806,275.76,18053.6517,18083.4762,0
14807,275.76,18053.6517,18083.4762,0
14808,275.76,18053.6517,18083.4762,0
14809,275.79,18053.6517,18083.4762,0
14811,275.79,18053.6517,18083.4762,0
14812,275.79,18053.6517,18083.4762,0
14814,275.84,18053.6496,18083.4762,0
14815,275.91,18053.6517,18083.4762,0
14816,275.95,18053.6517,18083.4762,0
14818,275.96,18053.6517,18083.4762,0
14819,275.99,18053.6517,18083.4762,0
14821,276.03,18053.6496,18083.4762,0
14822,276.11,18053.6517,18083.4762,0
14823,276.14,18053.6517,18083.4762,0
14824,276.18,18053.6517,18083.4762,0
14825,276.18,18053.6517,18083.4762,0
14827,276.22,18053.6496,18083.4762,0
14828,276.26,18053.6496,18083.4762,0
14829,276.26,18053.6496,18083.4762,0
14830,276.33,18053.6517,18083.4762,0
14831,276.34,18053.6517,18083.4762,0
14832,276.37,18053.6517,18083.4762,0
14833,276.37,18053.6517,18083.4762,0
14835,276.41,18053.6517,18083.4762,0
14836,276.41,18053.6517,18083.4762,0
14837,276.41,18053.6517,18083.4762,0
14838,276.41,18053.6517,18083.4762,0
14839,276.46,18053.6496,18083.4762,0
14841,276.49,18053.6496,18083.4762,0
14842,276.57,18053.6517,18083.4762,0
14843,276.60,18053.6517,18083.4762,0
14845,276.64,18053.6517,18083.4762,0
14846,276.64,18053.6517,18083.4762,0
14847,276.68,18053.6496,18083.4762,0
14848,276.76,18053.6517,18083.4762,0
14849,276.79,18053.6517,18083.4762,0
14850,276.87,18053.6496,18083.4762,0
14851,276.90,18053.6496,18083.4762,0
14852,276.91,18053.6496,18083.4762,0
14853,276.91,18053.6496,18083.4762,0
14855,276.91,18053.6496,18083.4762,0
14856,276.95,18053.6496,18083.4762,0
14857,276.95,18053.6496,18083.4762,0
14859,276.95,18053.6496,18083.4762,0
14860,276.95,18053.6496,18083.4762,0
14861,276.95,18053.6496,18083.4762,0
14862,276.99,18053.6517,18083.4762,0
14863,277.07,18053.6496,18083.4762,0
14864,277.07,18053.6496,18083.4762,0
14865,277.07,18053.6496,18083.4762,0
14866,277.11,18053.6496,18083.4762,0
14869,277.14,18053.6496,18083.4762,0
14871,277.14,18053.6496,18083.4762,0
14872,277.14,18053.6496,18083.4762,0
14873,277.14,18053.6496,18083.4762,0
14874,277.14,18053.6496,18083.4762,0
14876,277.14,18053.6496,18083.4762,0
14877,277.14,18053.6496,18083.4762,0
14878,277.14,18053.6496,18083.4762,0
14882,277.14,18053.6496,18083.4762,0
14884,277.14,18053.6496,18083.4762,0
14885,277.19,18053.6517,18083.4762,0
14886,277.22,18053.6517,18083.4762,0
14887,277.22,18053.6517,18083.4762,0
14889,277.27,18053.6496,18083.4762,0
14890,277.30,18053.6496,18083.4762,0
14891,277.38,18053.6517,18083.4762,0
14892,277.39,18053.6517,18083.4762,0
14893,277.39,18053.6517,18083.4762,0
14894,277.39,18053.6517,18083.4762,0
14895,277.46,18053.6496,18083.4762,0
14896,277.47,18053.6496,18083.4762,0
14897,277.47,18053.6496,18083.4762,0
14898,277.50,18053.6496,18083.4762,0
14901,277.55,18053.6517,18083.4762,0
14902,277.58,18053.6517,18083.4762,0
14903,277.62,18053.6517,18083.4762,0
14904,277.66,18053.6496,18083.4762,0
14905,277.70,18053.6496,18083.4762,0
14906,277.70,18053.6496,18083.4762,0
14907,277.70,18053.6496,18083.4762,0
14908,277.70,18053.6496,18083.4762,0
14909,277.70,18053.6496,18083.4762,0
14910,277.70,18053.6496,18083.4762,0
14913,277.75,18053.6517,18083.4762,0
14915,277.78,18053.6517,18083.4762,0
14916,277.79,18053.6517,18083.4762,0
14917,277.82,18053.6517,18083.4762,0
14919,277.82,18053.6517,18083.4762,0
14921,277.87,18053.6496,18083.4762,0
14922,277.90,18053.6496,18083.4762,0
14923,277.94,18053.6517,18083.4762,0
14924,278.02,18053.6496,18083.4762,0
14926,278.10,18053.6517,18083.4762,0
14927,278.10,18053.6517,18083.4762,0
14928,278.10,18053.6517,18083.4762,0
14930,278.14,18053.6517,18083.4762,0
14931,278.22,18053.6496,18083.4762,0
14932,278.25,18053.6496,18083.4762,0
14933,278.30,18053.6517,18083.4762,0
14934,278.33,18053.6517,18083.4762,0
14935,278.33,18053.6517,18083.4762,0
14936,278.33,18053.6517,18083.4762,0
14937,278.36,18053.6517,18083.4762,0
14938,278.37,18053.6517,18083.4762,0
14939,278.37,18053.6517,18083.4762,0
14941,278.37,18053.6517,18083.4762,0
14943,278.44,18053.6496,18083.4762,0
14944,278.47,18053.6496,18083.4762,0
14945,278.50,18053.6496,18083.4762,0
14947,278.55,18053.6517,18083.4762,0
14948,278.59,18053.6517,18083.4762,0
14950,278.60,18053.6517,18083.4762,0
14951,278.60,18053.6517,18083.4762,0
14952,278.60,18053.6517,18083.4762,0
14953,278.60,18053.6517,18083.4762,0
14954,278.63,18053.6517,18083.4762,0
14955,278.63,18053.6517,18083.4762,0
14957,278.63,18053.6517,18083.4762,0
14958,278.63,18053.6517,18083.4762,0
14959,278.63,18053.6517,18083.4762,0
14961,278.63,18053.6517,18083.4762,0
14962,278.63,18053.6517,18083.4762,0
14963,278.67,18053.6496,18083.4762,0
14965,278.75,18053.6517,18083.4762,0
14966,278.76,18053.6517,18083.4762,0
14967,278.76,18053.6517,18083.4762,0
14969,278.79,18053.6517,18083.4762,0
14970,278.84,18053.6496,18083.4762,0
14972,278.85,18053.6496,18083.4762,0
14975,278.85,18053.6496,18083.4762,0
14976,278.88,18053.6496,18083.4762,0
14977,278.88,18053.6496,18083.4762,0
14978,278.88,18053.6496,18083.4762,0
14979,278.92,18053.6517,18083.4762,0
14981,278.93,18053.6517,18083.4762,0
14983,278.93,18053.6517,18083.4762,0
14984,278.93,18053.6517,18083.4762,0
14986,278.97,18053.6517,18083.4762,0
14987,278.97,18053.6517,18083.4762,0
14990,278.97,18053.6517,18083.4762,0
14992,279.00,18053.6517,18083.4762,0
14993,279.04,18053.6496,18083.4762,0
14994,279.05,18053.6496,18083.4762,0
14995,279.08,18053.6496,18083.4762,0
14996,279.08,18053.6496,18083.4762,0
14997,279.16,18053.6517,18083.4762,0
14998,279.19,18053.6517,18083.4762,0
14999,279.24,18053.6496,18083.4762,0
15000,279.27,18053.6496,18083.4762,0
15001,279.31,18053.6496,18083.4762,0
15002,279.31,18053.6496,18083.4762,0
15003,279.31,18053.6496,18083.4762,0
15004,279.31,18053.6496,18083.4762,0
15005,279.35,18053.6517,18083.4762,0
15006,279.38,18053.6517,18083.4762,0
15008,279.42,18053.6517,18083.4762,0
15009,279.42,18053.6517,18083.4762,0
15011,279.47,18053.6496,18083.4762,0
15012,279.50,18053.6496,18083.4762,0
15013,279.50,18053.6496,18083.4762,0
15014,279.51,18053.6496,18083.4762,0
15015,279.54,18053.6496,18083.4762,0
15016,279.54,18053.6496,18083.4762,0
15017,279.58,18053.6517,18083.4762,0
15018,279.66,18053.6496,18083.4762,0
15019,279.73,18053.6517,18083.4762,0
15020,279.74,18053.6517,18083.4762,0
15021,279.74,18053.6517,18083.4762,0
15023,279.78,18053.6517,18083.4762,0
15024,279.85,18053.6496,18083.4762,0
15025,279.89,18053.6496,18083.4762,0
15028,279.90,18053.6496,18083.4762,0
15030,279.90,18053.6496,18083.4762,0
15031,279.90,18053.6496,18083.4762,0
15032,279.90,18053.6496,18083.4762,0
15035,279.90,18053.6496,18083.4762,0
15036,279.94,18053.6517,18083.4762,0
15037,279.97,18053.6517,18083.4762,0
15038,280.01,18053.6517,18083.4762,0
15039,280.01,18053.6517,18083.4762,0
15040,280.05,18053.6496,18083.4762,0
15041,280.06,18053.6496,18083.4762,0
15043,280.14,18053.6517,18083.4762,0
15044,280.17,18053.6517,18083.4762,0
15045,280.17,18053.6517,18083.4762,0
15046,280.25,18053.6496,18083.4762,0
15050,280.28,18053.6496,18083.4762,0
15051,280.33,18053.6517,18083.4762,0
15052,280.40,18053.6496,18083.4762,0
15053,280.41,18053.6496,18083.4762,0
15054,280.49,18053.6517,18083.4762,0
15055,280.56,18053.6496,18083.4762,0
15058,280.60,18053.6496,18083.4762,0
15059,280.60,18053.6496,18083.4762,0
15061,280.60,18053.6496,18083.4762,0
15062,280.61,18053.6496,18083.4762,0
15063,280.61,18053.6496,18083.4762,0
15064,280.64,18053.6496,18083.4762,0
15065,280.64,18053.6496,18083.4762,0
15066,280.64,18053.6496,18083.4762,0
15067,280.64,18053.6496,18083.4762,0
15068,280.68,18053.6517,18083.4762,0
15069,280.69,18053.6517,18083.4762,0
15070,280.72,18053.6517,18083.4762,0
15071,280.76,18053.6517,18083.4762,0
15073,280.76,18053.6517,18083.4762,0
15074,280.76,18053.6517,18083.4762,0
15075,280.76,18053.6517,18083.4762,0
15077,280.80,18053.6496,18083.4762,0
15079,280.84,18053.6496,18083.4762,0
15080,280.87,18053.6496,18083.4762,0
15081,280.87,18053.6496,18083.4762,0
15082,280.92,18053.6517,18083.4762,0
15083,280.95,18053.6517,18083.4762,0
15084,280.98,18053.6517,18083.4762,0
15085,280.99,18053.6517,18083.4762,0
15086,280.99,18053.6517,18083.4762,0
15088,280.99,18053.6517,18083.4762,0
15089,281.03,18053.6496,18083.4762,0
15090,281.04,18053.6496,18083.4762,0
15091,281.04,18053.6496,18083.4762,0
15092,281.07,18053.6496,18083.4762,0
15093,281.15,18053.6517,18083.4762,0
15094,281.16,18053.6517,18083.4762,0
15095,281.23,18053.6496,18083.4762,0
15097,281.27,18053.6496,18083.4762,0
15098,281.31,18053.6517,18083.4762,0
15099,281.32,18053.6517,18083.4762,0
15100,281.40,18053.6496,18083.4762,0
15101,281.40,18053.6496,18083.4762,0
15102,281.44,18053.6496,18083.4762,0
15103,281.44,18053.6496,18083.4762,0
15105,281.44,18053.6496,18083.4762,0
15106,281.47,18053.6496,18083.4762,0
15107,281.47,18053.6496,18083.4762,0
15108,281.47,18053.6496,18083.4762,0
15110,281.47,18053.6496,18083.4762,0
15111,281.51,18053.6517,18083.4762,0
15113,281.52,18053.6517,18083.4762,0
15114,281.56,18053.6517,18083.4762,0
15115,281.56,18053.6517,18083.4762,0
15116,281.56,18053.6517,18083.4762,0
15118,281.56,18053.6517,18083.4762,0
15119,281.59,18053.6517,18083.4762,0
15121,281.59,18053.6517,18083.4762,0
15124,281.59,18053.6517,18083.4762,0
15125,281.59,18053.6517,18083.4762,0
15126,281.59,18053.6517,18083.4762,0
15127,281.59,18053.6517,18083.4762,0
15128,281.63,18053.6496,18083.4762,0
15129,281.67,18053.6496,18083.4762,0
15132,281.68,18053.6496,18083.4762,0
15134,281.72,18053.6517,18083.4762,0
15135,281.75,18053.6517,18083.4762,0
15136,281.83,18053.6496,18083.4762,0
15138,281.87,18053.6496,18083.4762,0
15140,281.88,18053.6496,18083.4762,0
15141,281.91,18053.6496,18083.4762,0
15142,281.91,18053.6496,18083.4762,0
15143,281.95,18053.6517,18083.4762,0
15144,281.96,18053.6517,18083.4762,0
15145,281.96,18053.6517,18083.4762,0
15146,281.99,18053.6517,18083.4762,0
15147,282.03,18053.6517,18083.4762,0
15149,282.03,18053.6517,18083.4762,0
15151,282.03,18053.6517,18083.4762,0
15153,282.03,18053.6517,18083.4762,0
15154,282.03,18053.6517,18083.4762,0
15155,282.07,18053.6496,18083.4762,0
15156,282.11,18053.6496,18083.4762,0
15157,282.14,18053.6496,18083.4762,0
15159,282.14,18053.6496,18083.4762,0
15160,282.15,18053.6496,18083.4762,0
15162,282.19,18053.6517,18083.4762,0
15164,282.23,18053.6517,18083.4762,0
15165,282.26,18053.6517,18083.4762,0
15166,282.26,18053.6517,18083.4762,0
15167,282.27,18053.6517,18083.4762,0
15170,282.27,18053.6517,18083.4762,0
15171,282.31,18053.6496,18083.4762,0
15173,282.35,18053.6496,18083.4762,0
15174,282.43,18053.6517,18083.4762,0
15175,282.46,18053.6517,18083.4762,0
15176,282.46,18053.6517,18083.4762,0
15177,282.46,18053.6517,18083.4762,0
15178,282.47,18053.6517,18083.4762,0
15179,282.50,18053.6517,18083.4762,0
15180,282.54,18053.6496,18083.4762,0
15181,282.58,18053.6496,18083.4762,0
15182,282.61,18053.6496,18083.4762,0
15183,282.61,18053.6496,18083.4762,0
15184,282.66,18053.6517,18083.4762,0
15187,282.69,18053.6517,18083.4762,0
15189,282.73,18053.6517,18083.4762,0
15190,282.73,18053.6517,18083.4762,0
15191,282.73,18053.6517,18083.4762,0
15193,282.73,18053.6517,18083.4762,0
15194,282.73,18053.6517,18083.4762,0
15197,282.73,18053.6517,18083.4762,0
15198,282.73,18053.6517,18083.4762,0
15199,282.73,18053.6517,18083.4762,0
15201,282.73,18053.6517,18083.4762,0
15202,282.73,18053.6517,18083.4762,0
15203,282.73,18053.6517,18083.4762,0
15204,282.78,18053.6496,18083.4762,0
15205,282.81,18053.6496,18083.4762,0
15206,282.81,18053.6496,18083.4762,0
15207,282.85,18053.6517,18083.4762,0
15208,282.86,18053.6517,18083.4762,0
15209,282.89,18053.6517,18083.4762,0
15210,282.93,18053.6517,18083.4762,0
15212,282.93,18053.6517,18083.4762,0
15213,282.98,18053.6496,18083.4762,0
15214,283.01,18053.6496,18083.4762,0
15215,283.01,18053.6496,18083.4762,0
15216,283.01,18053.6496,18083.4762,0
15218,283.05,18053.6496,18083.4762,0
15219,283.05,18053.6496,18083.4762,0
15220,283.09,18053.6517,18083.4762,0
15221,283.13,18053.6517,18083.4762,0
15223,283.17,18053.6517,18083.4762,0
15224,283.17,18053.6517,18083.4762,0
15225,283.17,18053.6517,18083.4762,0
15226,283.17,18053.6517,18083.4762,0
15227,283.17,18053.6517,18083.4762,0
15228,283.17,18053.6517,18083.4762,0
15229,283.17,18053.6517,18083.4762,0
15232,283.21,18053.6496,18083.4762,0
15233,283.29,18053.6517,18083.4762,0
15236,283.33,18053.6517,18083.4762,0
15237,283.36,18053.6517,18083.4762,0
15238,283.36,18053.6517,18083.4762,0
15239,283.36,18053.6517,18083.4762,0
15240,283.37,18053.6517,18083.4762,0
15241,283.37,18053.6517,18083.4762,0
15242,283.41,18053.6496,18083.4762,0
15243,283.45,18053.6496,18083.4762,0
15244,283.49,18053.6517,18083.4762,0
15247,283.57,18053.6496,18083.4762,0
15248,283.61,18053.6496,18083.4762,0
15249,283.61,18053.6496,18083.4762,0
15254,283.65,18053.6496,18083.4762,0
15256,283.65,18053.6496,18083.4762,0
15257,283.65,18053.6496,18083.4762,0
15258,283.65,18053.6496,18083.4762,0
15259,283.65,18053.6496,18083.4762,0
15260,283.65,18053.6496,18083.4762,0
15261,283.65,18053.6496,18083.4762,0
15262,283.65,18053.6496,18083.4762,0
15263,283.65,18053.6496,18083.4762,0
15264,283.65,18053.6496,18083.4762,0
15265,283.69,18053.6517,18083.4762,0
15266,283.73,18053.6517,18083.4762,0
15267,283.73,18053.6517,18083.4762,0
15268,283.73,18053.6517,18083.4762,0
15269,283.73,18053.6517,18083.4762,0
15270,283.73,18053.6517,18083.4762,0
15271,283.76,18053.6517,18083.4762,0
15272,283.81,18053.6496,18083.4762,0
15273,283.81,18053.6496,18083.4762,0
15274,283.81,18053.6496,18083.4762,0
15275,283.85,18053.6496,18083.4762,0
15276,283.85,18053.6496,18083.4762,0
15277,283.88,18053.6496,18083.4762,0
15278,283.88,18053.6496,18083.4762,0
15279,283.92,18053.6517,18083.4762,0
15280,283.96,18053.6517,18083.4762,0
15281,283.96,18053.6517,18083.4762,0
15282,283.96,18053.6517,18083.4762,0
15283,283.96,18053.6517,18083.4762,0
15284,283.96,18053.6517,18083.4762,0
15288,283.96,18053.6517,18083.4762,0
15289,283.96,18053.6517,18083.4762,0
15290,284.01,18053.6496,18083.4762,0
15292,284.09,18053.6517,18083.4762,0
15294,284.10,18053.6517,18083.4762,0
15296,284.17,18053.6496,18083.4762,0
15297,284.18,18053.6496,18083.4762,0
15299,284.22,18053.6496,18083.4762,0
15301,284.25,18053.6496,18083.4762,0
15302,284.25,18053.6496,18083.4762,0
15304,284.25,18053.6496,18083.4762,0
15306,284.29,18053.6517,18083.4762,0
15307,284.30,18053.6517,18083.4762,0
15309,284.34,18053.6517,18083.4762,0
15310,284.34,18053.6517,18083.4762,0
15312,284.38,18053.6496,18083.4762,0
15313,284.42,18053.6496,18083.4762,0
15314,284.42,18053.6496,18083.4762,0
15315,284.42,18053.6496,18083.4762,0
15316,284.42,18053.6496,18083.4762,0
15317,284.42,18053.6496,18083.4762,0
15319,284.42,18053.6496,18083.4762,0
15320,284.42,18053.6496,18083.4762,0
15321,284.47,18053.6517,18083.4762,0
15322,284.47,18053.6517,18083.4762,0
15323,284.51,18053.6517,18083.4762,0
15325,284.51,18053.6517,18083.4762,0
15327,284.51,18053.6517,18083.4762,0
15328,284.59,18053.6496,18083.4762,0
15330,284.63,18053.6496,18083.4762,0
15332,284.63,18053.6496,18083.4762,0
15333,284.67,18053.6496,18083.4762,0
15334,284.71,18053.6517,18083.4762,0
15335,284.74,18053.6517,18083.4762,0
15336,284.75,18053.6517,18083.4762,0
15337,284.75,18053.6517,18083.4762,0
15339,284.79,18053.6517,18083.4762,0
15342,284.79,18053.6517,18083.4762,0
15343,284.79,18053.6517,18083.4762,0
15344,284.83,18053.6496,18083.4762,0
15345,284.83,18053.6496,18083.4762,0
15346,284.83,18053.6496,18083.4762,0
15349,284.87,18053.6496,18083.4762,0
15350,284.87,18053.6496,18083.4762,0
15351,284.87,18053.6496,18083.4762,0
15353,284.87,18053.6496,18083.4762,0
15354,284.97,18053.6517,18083.4762,0
15355,285.00,18053.6517,18083.4762,0
15356,285.01,18053.6517,18083.4762,0
15357,285.04,18053.6517,18083.4762,0
15359,285.05,18053.6517,18083.4762,0
15360,285.05,18053.6517,18083.4762,0
15361,285.05,18053.6517,18083.4762,0
15362,285.05,18053.6517,18083.4762,0
15363,285.05,18053.6517,18083.4762,0
15364,285.05,18053.6517,18083.4762,0
15366,285.05,18053.6517,18083.4762,0
15368,285.05,18053.6517,18083.4762,0
15369,285.05,18053.6517,18083.4762,0
15371,285.05,18053.6517,18083.4762,0
15372,285.05,18053.6517,18083.4762,0
15375,285.09,18053.6496,18083.4762,0
15376,285.12,18053.6496,18083.4762,0
15377,285.13,18053.6496,18083.4762,0
15379,285.13,18053.6496,18083.4762,0
15380,285.13,18053.6496,18083.4762,0
15381,285.13,18053.6496,18083.4762,0
15382,285.17,18053.6496,18083.4762,0
15383,285.17,18053.6496,18083.4762,0
15384,285.17,18053.6496,18083.4762,0
15385,285.17,18053.6496,18083.4762,0
15386,285.21,18053.6517,18083.4762,0
15387,285.24,18053.6517,18083.4762,0
15389,285.28,18053.6517,18083.4762,0
15390,285.29,18053.6517,18083.4762,0
15391,285.29,18053.6517,18083.4762,0
15393,285.29,18053.6517,18083.4762,0
15394,285.29,18053.6517,18083.4762,0
15395,285.29,18053.6517,18083.4762,0
15396,285.29,18053.6517,18083.4762,0
15397,285.29,18053.6517,18083.4762,0
15398,285.33,18053.6496,18083.4762,0
15399,285.37,18053.6496,18083.4762,0
15400,285.40,18053.6496,18083.4762,0
15404,285.40,18053.6496,18083.4762,0
15405,285.45,18053.6517,18083.4762,0
15406,285.48,18053.6517,18083.4762,0
15407,285.48,18053.6517,18083.4762,0
15409,285.49,18053.6517,18083.4762,0
15410,285.53,18053.6496,18083.4762,0
15411,285.61,18053.6517,18083.4762,0
15412,285.64,18053.6517,18083.4762,0
15413,285.67,18053.6517,18083.4762,0
15414,285.67,18053.6517,18083.4762,0
15417,285.72,18053.6496,18083.4762,0
15418,285.76,18053.6496,18083.4762,0
15419,285.76,18053.6496,18083.4762,0
15420,285.76,18053.6496,18083.4762,0
15421,285.79,18053.6496,18083.4762,0
15423,285.80,18053.6496,18083.4762,0
15424,285.84,18053.6517,18083.4762,0
15426,285.88,18053.6517,18083.4762,0
15427,285.88,18053.6517,18083.4762,0
15428,285.92,18053.6496,18083.4762,0
15429,285.93,18053.6496,18083.4762,0
15430,285.96,18053.6496,18083.4762,0
15431,285.96,18053.6496,18083.4762,0
15432,285.96,18053.6496,18083.4762,0
15433,285.96,18053.6496,18083.4762,0
15435,285.96,18053.6496,18083.4762,0
15438,286.00,18053.6496,18083.4762,0
15440,286.00,18053.6496,18083.4762,0
15441,286.00,18053.6496,18083.4762,0
15442,286.00,18053.6496,18083.4762,0
15443,286.00,18053.6496,18083.4762,0
15444,286.00,18053.6496,18083.4762,0
15447,286.04,18053.6517,18083.4762,0
15448,286.05,18053.6517,18083.4762,0
15449,286.08,18053.6517,18083.4762,0
15450,286.08,18053.6517,18083.4762,0
15451,286.11,18053.6517,18083.4762,0
15452,286.16,18053.6496,18083.4762,0
15454,286.24,18053.6517,18083.4762,0
15455,286.24,18053.6517,18083.4762,0
15456,286.28,18053.6517,18083.4762,0
15457,286.31,18053.6517,18083.4762,0
15458,286.31,18053.6517,18083.4762,0
15459,286.36,18053.6496,18083.4762,0
15460,286.39,18053.6496,18083.4762,0
15461,286.43,18053.6517,18083.4762,0
15462,286.44,18053.6517,18083.4762,0
15463,286.44,18053.6517,18083.4762,0
15465,286.48,18053.6517,18083.4762,0
15466,286.48,18053.6517,18083.4762,0
15468,286.55,18053.6496,18083.4762,0
15469,286.56,18053.6496,18083.4762,0
15470,286.56,18053.6496,18083.4762,0
15471,286.59,18053.6496,18083.4762,0
15472,286.59,18053.6496,18083.4762,0
15473,286.59,18053.6496,18083.4762,0
15474,286.67,18053.6517,18083.4762,0
15475,286.70,18053.6517,18083.4762,0
15476,286.70,18053.6517,18083.4762,0
15477,286.70,18053.6517,18083.4762,0
15478,286.78,18053.6496,18083.4762,0
15480,286.79,18053.6496,18083.4762,0
15481,286.82,18053.6496,18083.4762,0
15483,286.82,18053.6496,18083.4762,0
15485,286.87,18053.6517,18083.4762,0
15486,286.90,18053.6517,18083.4762,0
15487,286.94,18053.6496,18083.4762,0
15490,286.95,18053.6496,18083.4762,0
15492,286.95,18053.6496,18083.4762,0
15493,286.95,18053.6496,18083.4762,0
15495,286.99,18053.6496,18083.4762,0
15497,287.02,18053.6496,18083.4762,0
15498,287.06,18053.6517,18083.4762,0
15499,287.10,18053.6517,18083.4762,0
15500,287.18,18053.6496,18083.4762,0
15501,287.18,18053.6496,18083.4762,0
15502,287.22,18053.6496,18083.4762,0
15503,287.25,18053.6496,18083.4762,0
15504,287.25,18053.6496,18083.4762,0
15506,287.25,18053.6496,18083.4762,0
15507,287.25,18053.6496,18083.4762,0
15508,287.25,18053.6496,18083.4762,0
15510,287.25,18053.6496,18083.4762,0
15512,287.30,18053.6517,18083.4762,0
15513,287.37,18053.6496,18083.4762,0
15515,287.41,18053.6496,18083.4762,0
15516,287.49,18053.6517,18083.4762,0
15517,287.52,18053.6517,18083.4762,0
15518,287.53,18053.6517,18083.4762,0
15519,287.56,18053.6517,18083.4762,0
15522,287.56,18053.6517,18083.4762,0
15523,287.56,18053.6517,18083.4762,0
15524,287.56,18053.6517,18083.4762,0
15525,287.56,18053.6517,18083.4762,0
15526,287.56,18053.6517,18083.4762,0
15527,287.56,18053.6517,18083.4762,0
15528,287.61,18053.6496,18083.4762,0
15531,287.65,18053.6496,18083.4762,0
15533,287.65,18053.6496,18083.4762,0
15534,287.65,18053.6496,18083.4762,0
15535,287.69,18053.6517,18083.4762,0
15536,287.73,18053.6517,18083.4762,0
15537,287.73,18053.6517,18083.4762,0
15538,287.73,18053.6517,18083.4762,0
15539,287.73,18053.6517,18083.4762,0
15542,287.77,18053.6517,18083.4762,0
15543,287.77,18053.6517,18083.4762,0
15544,287.77,18053.6517,18083.4762,0
15547,287.77,18053.6517,18083.4762,0
15548,287.77,18053.6517,18083.4762,0
15550,287.77,18053.6517,18083.4762,0
15551,287.77,18053.6517,18083.4762,0
15553,287.77,18053.6517,18083.4762,0
15559,287.77,18053.6517,18083.4762,0
15560,287.77,18053.6517,18083.4762,0
15563,287.77,18053.6517,18083.4762,0
15565,287.77,18053.6517,18083.4762,0
15566,287.77,18053.6517,18083.4762,0
15567,287.84,18053.6496,18083.4762,0
15569,287.85,18053.6496,18083.4762,0
15570,287.85,18053.6496,18083.4762,0
15571,287.88,18053.6496,18083.4762,0
15572,287.88,18053.6496,18083.4762,0
15573,287.88,18053.6496,18083.4762,0
15575,287.88,18053.6496,18083.4762,0
15577,287.88,18053.6496,18083.4762,0
15578,287.88,18053.6496,18083.4762,0
15579,287.92,18053.6496,18083.4762,0
15580,287.92,18053.6496,18083.4762,0
15581,287.96,18053.6517,18083.4762,0
15582,287.99,18053.6517,18083.4762,0
15583,287.99,18053.6517,18083.4762,0
15585,288.00,18053.6517,18083.4762,0
15586,288.00,18053.6517,18083.4762,0
15588,288.04,18053.6517,18083.4762,0
15589,288.04,18053.6517,18083.4762,0
15590,288.04,18053.6517,18083.4762,0
15592,288.04,18053.6517,18083.4762,0
15597,288.04,18053.6517,18083.4762,0
15598,288.08,18053.6496,18083.4762,0
15599,288.09,18053.6496,18083.4762,0
15600,288.12,18053.6496,18083.4762,0
15601,288.16,18053.6517,18083.4762,0
15602,288.17,18053.6517,18083.4762,0
15603,288.17,18053.6517,18083.4762,0
15604,288.17,18053.6517,18083.4762,0
15605,288.20,18053.6517,18083.4762,0
15607,288.21,18053.6517,18083.4762,0
15608,288.21,18053.6517,18083.4762,0
15609,288.24,18053.6517,18083.4762,0
15611,288.24,18053.6517,18083.4762,0
15612,288.24,18053.6517,18083.4762,0
15613,288.24,18053.6517,18083.4762,0
15615,288.28,18053.6496,18083.4762,0
15616,288.29,18053.6496,18083.4762,0
15617,288.32,18053.6496,18083.4762,0
15619,288.33,18053.6496,18083.4762,0
15620,288.37,18053.6517,18083.4762,0
15621,288.37,18053.6517,18083.4762,0
15622,288.45,18053.6496,18083.4762,0
15625,288.53,18053.6517,18083.4762,0
15627,288.57,18053.6517,18083.4762,0
15629,288.61,18053.6517,18083.4762,0
15630,288.65,18053.6496,18083.4762,0
15631,288.66,18053.6496,18083.4762,0
15633,288.69,18053.6496,18083.4762,0
15635,288.69,18053.6496,18083.4762,0
15636,288.69,18053.6496,18083.4762,0
15639,288.74,18053.6517,18083.4762,0
15640,288.77,18053.6517,18083.4762,0
15641,288.78,18053.6517,18083.4762,0
15642,288.78,18053.6517,18083.4762,0
15644,288.78,18053.6517,18083.4762,0
15645,288.81,18053.6517,18083.4762,0
15646,288.81,18053.6517,18083.4762,0
15647,288.81,18053.6517,18083.4762,0
15648,288.81,18053.6517,18083.4762,0
15650,288.81,18053.6517,18083.4762,0
15652,288.81,18053.6517,18083.4762,0
15653,288.86,18053.6496,18083.4762,0
15654,288.89,18053.6496,18083.4762,0
15656,288.90,18053.6496,18083.4762,0
15657,288.93,18053.6496,18083.4762,0
15658,288.98,18053.6517,18083.4762,0
15660,289.02,18053.6517,18083.4762,0
15661,289.02,18053.6517,18083.4762,0
15663,289.05,18053.6517,18083.4762,0
15665,289.05,18053.6517,18083.4762,0
15666,289.05,18053.6517,18083.4762,0
15667,289.05,18053.6517,18083.4762,0
15668,289.10,18053.6496,18083.4762,0
15669,289.17,18053.6517,18083.4762,0
15670,289.21,18053.6517,18083.4762,0
15671,289.24,18053.6517,18083.4762,0
15672,289.24,18053.6517,18083.4762,0
15673,289.24,18053.6517,18083.4762,0
15674,289.24,18053.6517,18083.4762,0
15675,289.24,18053.6517,18083.4762,0
15677,289.25,18053.6517,18083.4762,0
15678,289.25,18053.6517,18083.4762,0
15681,289.25,18053.6517,18083.4762,0
15683,289.29,18053.6496,18083.4762,0
15684,289.33,18053.6496,18083.4762,0
15685,289.37,18053.6517,18083.4762,0
15687,289.38,18053.6517,18083.4762,0
15688,289.38,18053.6517,18083.4762,0
15689,289.41,18053.6517,18083.4762,0
15690,289.41,18053.6517,18083.4762,0
15691,289.45,18053.6517,18083.4762,0
15692,289.45,18053.6517,18083.4762,0
15694,289.45,18053.6517,18083.4762,0
15696,289.49,18053.6496,18083.4762,0
15697,289.52,18053.6496,18083.4762,0
15698,289.53,18053.6496,18083.4762,0
15699,289.53,18053.6496,18083.4762,0
15700,289.53,18053.6496,18083.4762,0
15701,289.56,18053.6496,18083.4762,0
15702,289.56,18053.6496,18083.4762,0
15705,289.61,18053.6517,18083.4762,0
15706,289.68,18053.6496,18083.4762,0
15707,289.76,18053.6517,18083.4762,0
15708,289.79,18053.6517,18083.4762,0
15710,289.80,18053.6517,18083.4762,0
15711,289.83,18053.6517,18083.4762,0
15713,289.84,18053.6517,18083.4762,0
15714,289.84,18053.6517,18083.4762,0
15715,289.84,18053.6517,18083.4762,0
15716,289.84,18053.6517,18083.4762,0
15717,289.88,18053.6496,18083.4762,0
15719,289.96,18053.6517,18083.4762,0
15720,289.96,18053.6517,18083.4762,0
15721,289.96,18053.6517,18083.4762,0
15723,289.97,18053.6517,18083.4762,0
15724,289.97,18053.6517,18083.4762,0
15725,290.00,18053.6517,18083.4762,0
15726,290.00,18053.6517,18083.4762,0
15727,290.00,18053.6517,18083.4762,0
15729,290.00,18053.6517,18083.4762,0
15731,290.00,18053.6517,18083.4762,0
15733,290.05,18053.6496,18083.4762,0
15734,290.12,18053.6517,18083.4762,0
15735,290.16,18053.6517,18083.4762,0
15736,290.16,18053.6517,18083.4762,0
15737,290.16,18053.6517,18083.4762,0
15738,290.19,18053.6517,18083.4762,0
15739,290.24,18053.6496,18083.4762,0
15743,290.25,18053.6496,18083.4762,0
15744,290.25,18053.6496,18083.4762,0
15745,290.28,18053.6496,18083.4762,0
15746,290.31,18053.6496,18083.4762,0
15747,290.31,18053.6496,18083.4762,0
15748,290.36,18053.6517,18083.4762,0
15749,290.36,18053.6517,18083.4762,0
15750,290.40,18053.6517,18083.4762,0
15751,290.40,18053.6517,18083.4762,0
15752,290.40,18053.6517,18083.4762,0
15754,290.44,18053.6517,18083.4762,0
15755,290.44,18053.6517,18083.4762,0
15756,290.48,18053.6496,18083.4762,0
15757,290.51,18053.6496,18083.4762,0
15758,290.55,18053.6496,18083.4762,0
15759,290.62,18053.6517,18083.4762,0
15760,290.63,18053.6517,18083.4762,0
15761,290.66,18053.6517,18083.4762,0
15762,290.66,18053.6517,18083.4762,0
15763,290.66,18053.6517,18083.4762,0
15765,290.74,18053.6496,18083.4762,0
15766,290.82,18053.6517,18083.4762,0
15767,290.85,18053.6517,18083.4762,0
15768,290.93,18053.6496,18083.4762,0
15769,290.93,18053.6496,18083.4762,0
15770,290.97,18053.6496,18083.4762,0
15771,291.04,18053.6517,18083.4762,0
15772,291.05,18053.6517,18083.4762,0
15773,291.08,18053.6517,18083.4762,0
15774,291.08,18053.6517,18083.4762,0
15775,291.12,18053.6517,18083.4762,0
15776,291.12,18053.6517,18083.4762,0
15777,291.12,18053.6517,18083.4762,0
15778,291.12,18053.6517,18083.4762,0
15779,291.12,18053.6517,18083.4762,0
15780,291.12,18053.6517,18083.4762,0
15781,291.12,18053.6517,18083.4762,0
15782,291.12,18053.6517,18083.4762,0
15783,291.12,18053.6517,18083.4762,0
15787,291.16,18053.6496,18083.4762,0
15790,291.24,18053.6517,18083.4762,0
15791,291.28,18053.6517,18083.4762,0
15793,291.32,18053.6496,18083.4762,0
15794,291.33,18053.6496,18083.4762,0
15795,291.36,18053.6496,18083.4762,0
15796,291.40,18053.6496,18083.4762,0
15797,291.40,18053.6496,18083.4762,0
15798,291.40,18053.6496,18083.4762,0
15801,291.40,18053.6496,18083.4762,0
15802,291.44,18053.6517,18083.4762,0
15803,291.48,18053.6517,18083.4762,0
15806,291.51,18053.6517,18083.4762,0
15807,291.52,18053.6517,18083.4762,0
15808,291.52,18053.6517,18083.4762,0
15809,291.52,18053.6517,18083.4762,0
15810,291.56,18053.6496,18083.4762,0
15812,291.60,18053.6496,18083.4762,0
15813,291.60,18053.6496,18083.4762,0
15814,291.60,18053.6496,18083.4762,0
15815,291.64,18053.6496,18083.4762,0
15816,291.64,18053.6496,18083.4762,0
15817,291.64,18053.6496,18083.4762,0
15818,291.68,18053.6517,18083.4762,0
15819,291.71,18053.6517,18083.4762,0
15820,291.71,18053.6517,18083.4762,0
15821,291.71,18053.6517,18083.4762,0
15822,291.71,18053.6517,18083.4762,0
15824,291.72,18053.6517,18083.4762,0
15825,291.72,18053.6517,18083.4762,0
15826,291.77,18053.6496,18083.4762,0
15827,291.80,18053.6496,18083.4762,0
15828,291.83,18053.6496,18083.4762,0
15829,291.83,18053.6496,18083.4762,0
15833,291.88,18053.6517,18083.4762,0
15835,291.89,18053.6517,18083.4762,0
15836,291.89,18053.6517,18083.4762,0
15837,291.92,18053.6517,18083.4762,0
15838,292.00,18053.6496,18083.4762,0
15839,292.00,18053.6496,18083.4762,0
15840,292.08,18053.6517,18083.4762,0
15841,292.11,18053.6517,18083.4762,0
15842,292.12,18053.6517,18083.4762,0
15844,292.12,18053.6517,18083.4762,0
15846,292.12,18053.6517,18083.4762,0
15847,292.12,18053.6517,18083.4762,0
15848,292.12,18053.6517,18083.4762,0
15849,292.12,18053.6517,18083.4762,0
15851,292.15,18053.6517,18083.4762,0
15853,292.15,18053.6517,18083.4762,0
15854,292.15,18053.6517,18083.4762,0
15855,292.20,18053.6496,18083.4762,0
15857,292.23,18053.6496,18083.4762,0
15858,292.24,18053.6496,18083.4762,0
15859,292.27,18053.6496,18083.4762,0
15862,292.27,18053.6496,18083.4762,0
15863,292.27,18053.6496,18083.4762,0
15864,292.27,18053.6496,18083.4762,0
15866,292.27,18053.6496,18083.4762,0
15867,292.31,18053.6517,18083.4762,0
15868,292.39,18053.6496,18083.4762,0
15870,292.43,18053.6496,18083.4762,0
15872,292.47,18053.6517,18083.4762,0
15873,292.55,18053.6496,18083.4762,0
15874,292.58,18053.6496,18083.4762,0
15875,292.58,18053.6496,18083.4762,0
15877,292.59,18053.6496,18083.4762,0
15878,292.59,18053.6496,18083.4762,0
15880,292.59,18053.6496,18083.4762,0
15881,292.63,18053.6517,18083.4762,0
15882,292.64,18053.6517,18083.4762,0
15885,292.68,18053.6517,18083.4762,0
15888,292.68,18053.6517,18083.4762,0
15889,292.71,18053.6517,18083.4762,0
15890,292.71,18053.6517,18083.4762,0
15892,292.71,18053.6517,18083.4762,0
15893,292.71,18053.6517,18083.4762,0
15896,292.71,18053.6517,18083.4762,0
15897,292.71,18053.6517,18083.4762,0
15898,292.71,18053.6517,18083.4762,0
15899,292.71,18053.6517,18083.4762,0
15900,292.71,18053.6517,18083.4762,0
15901,292.75,18053.6496,18083.4762,0
15904,292.76,18053.6496,18083.4762,0
15906,292.79,18053.6496,18083.4762,0
15907,292.79,18053.6496,18083.4762,0
15908,292.79,18053.6496,18083.4762,0
15909,292.79,18053.6496,18083.4762,0
15910,292.79,18053.6496,18083.4762,0
15911,292.83,18053.6496,18083.4762,0
15912,292.83,18053.6496,18083.4762,0
15913,292.83,18053.6496,18083.4762,0
15915,292.83,18053.6496,18083.4762,0
15916,292.83,18053.6496,18083.4762,0
15917,292.83,18053.6496,18083.4762,0
15918,292.87,18053.6517,18083.4762,0
15920,292.88,18053.6517,18083.4762,0
15921,292.91,18053.6517,18083.4762,0
15922,292.91,18053.6517,18083.4762,0
15924,292.91,18053.6517,18083.4762,0
15926,292.91,18053.6517,18083.4762,0
15927,292.91,18053.6517,18083.4762,0
15930,292.91,18053.6517,18083.4762,0
15931,292.96,18053.6496,18083.4762,0
15932,292.99,18053.6496,18083.4762,0
15934,293.00,18053.6496,18083.4762,0
15935,293.00,18053.6496,18083.4762,0
15936,293.00,18053.6496,18083.4762,0
15937,293.00,18053.6496,18083.4762,0
15940,293.08,18053.6517,18083.4762,0
15941,293.11,18053.6517,18083.4762,0
15942,293.11,18053.6517,18083.4762,0
15943,293.11,18053.6517,18083.4762,0
15944,293.16,18053.6496,18083.4762,0
15945,293.16,18053.6496,18083.4762,0
15946,293.24,18053.6517,18083.4762,0
15948,293.28,18053.6517,18083.4762,0
15949,293.28,18053.6517,18083.4762,0
15950,293.28,18053.6517,18083.4762,0
15951,293.28,18053.6517,18083.4762,0
15952,293.33,18053.6496,18083.4762,0
15953,293.36,18053.6496,18083.4762,0
15954,293.39,18053.6496,18083.4762,0
15956,293.44,18053.6517,18083.4762,0
15957,293.47,18053.6517,18083.4762,0
15958,293.51,18053.6517,18083.4762,0
15959,293.51,18053.6517,18083.4762,0
15960,293.55,18053.6496,18083.4762,0
15961,293.56,18053.6496,18083.4762,0
15962,293.56,18053.6496,18083.4762,0
15963,293.56,18053.6496,18083.4762,0
15966,293.56,18053.6496,18083.4762,0
15967,293.56,18053.6496,18083.4762,0
15968,293.56,18053.6496,18083.4762,0
15971,293.56,18053.6496,18083.4762,0
15972,293.56,18053.6496,18083.4762,0
15974,293.60,18053.6496,18083.4762,0
15977,293.63,18053.6496,18083.4762,0
15978,293.63,18053.6496,18083.4762,0
15980,293.67,18053.6517,18083.4762,0
15981,293.71,18053.6517,18083.4762,0
15983,293.79,18053.6496,18083.4762,0
15984,293.79,18053.6496,18083.4762,0
15985,293.83,18053.6496,18083.4762,0
15986,293.83,18053.6496,18083.4762,0
15987,293.83,18053.6496,18083.4762,0
15989,293.83,18053.6496,18083.4762,0
15991,293.91,18053.6517,18083.4762,0
15992,293.91,18053.6517,18083.4762,0
15993,293.91,18053.6517,18083.4762,0
15994,293.91,18053.6517,18083.4762,0
15995,293.99,18053.6496,18083.4762,0
15996,293.99,18053.6496,18083.4762,0
15998,294.03,18053.6496,18083.4762,0
15999,294.07,18053.6517,18083.4762,0
16001,294.15,18053.6496,18083.4762,0
16002,294.16,18053.6496,18083.4762,0
16004,294.24,18053.6517,18083.4762,0
16005,294.32,18053.6496,18083.4762,0
16008,294.33,18053.6496,18083.4762,0
16010,294.33,18053.6496,18083.4762,0
16011,294.33,18053.6496,18083.4762,0
16012,294.33,18053.6496,18083.4762,0
16015,294.40,18053.6517,18083.4762,0
16017,294.41,18053.6517,18083.4762,0
16021,294.45,18053.6517,18083.4762,0
16022,294.45,18053.6517,18083.4762,0
16023,294.45,18053.6517,18083.4762,0
16026,294.45,18053.6517,18083.4762,0
16028,294.45,18053.6517,18083.4762,0
16029,294.45,18053.6517,18083.4762,0
16030,294.45,18053.6517,18083.4762,0
16032,294.45,18053.6517,18083.4762,0
16033,294.45,18053.6517,18083.4762,0
16034,294.45,18053.6517,18083.4762,0
16035,294.45,18053.6517,18083.4762,0
16037,294.48,18053.6517,18083.4762,0
16038,294.48,18053.6517,18083.4762,0
16039,294.48,18053.6517,18083.4762,0
16041,294.48,18053.6517,18083.4762,0
16043,294.48,18053.6517,18083.4762,0
16045,294.52,18053.6496,18083.4762,0
16046,294.56,18053.6496,18083.4762,0
16048,294.56,18053.6496,18083.4762,0
16049,294.60,18053.6496,18083.4762,0
16051,294.60,18053.6496,18083.4762,0
16053,294.60,18053.6496,18083.4762,0
16054,294.60,18053.6496,18083.4762,0
16055,294.64,18053.6517,18083.4762,0
16057,294.68,18053.6517,18083.4762,0
16058,294.68,18053.6517,18083.4762,0
16059,294.73,18053.6496,18083.4762,0
16061,294.74,18053.6496,18083.4762,0
16062,294.74,18053.6496,18083.4762,0
16063,294.77,18053.6496,18083.4762,0
16065,294.80,18053.6496,18083.4762,0
16066,294.80,18053.6496,18083.4762,0
16068,294.80,18053.6496,18083.4762,0
16069,294.80,18053.6496,18083.4762,0
16070,294.80,18053.6496,18083.4762,0
16071,294.80,18053.6496,18083.4762,0
16072,294.85,18053.6517,18083.4762,0
16073,294.88,18053.6517,18083.4762,0
16075,294.92,18053.6517,18083.4762,0
16076,294.92,18053.6517,18083.4762,0
16077,294.92,18053.6517,18083.4762,0
16078,294.96,18053.6496,18083.4762,0
16079,294.96,18053.6496,18083.4762,0
16080,295.00,18053.6496,18083.4762,0
16081,295.03,18053.6496,18083.4762,0
16083,295.04,18053.6496,18083.4762,0
16084,295.04,18053.6496,18083.4762,0
16085,295.08,18053.6517,18083.4762,0
16086,295.08,18053.6517,18083.4762,0
16087,295.12,18053.6517,18083.4762,0
16088,295.12,18053.6517,18083.4762,0
16089,295.12,18053.6517,18083.4762,0
16091,295.20,18053.6496,18083.4762,0
16092,295.23,18053.6496,18083.4762,0
16093,295.27,18053.6496,18083.4762,0
16095,295.28,18053.6496,18083.4762,0
16096,295.28,18053.6496,18083.4762,0
16097,295.28,18053.6496,18083.4762,0
16098,295.32,18053.6517,18083.4762,0
16099,295.35,18053.6517,18083.4762,0
16103,295.39,18053.6517,18083.4762,0
16105,295.43,18053.6496,18083.4762,0
16106,295.47,18053.6496,18083.4762,0
16107,295.50,18053.6496,18083.4762,0
16108,295.57,18053.6517,18083.4762,0
16109,295.60,18053.6517,18083.4762,0
16112,295.60,18053.6517,18083.4762,0
16113,295.61,18053.6517,18083.4762,0
16114,295.61,18053.6517,18083.4762,0
16115,295.64,18053.6517,18083.4762,0
16118,295.64,18053.6517,18083.4762,0
16122,295.64,18053.6517,18083.4762,0
16123,295.69,18053.6496,18083.4762,0
16125,295.72,18053.6496,18083.4762,0
16126,295.77,18053.6517,18083.4762,0
16127,295.85,18053.6496,18083.4762,0
16128,295.88,18053.6496,18083.4762,0
16129,295.88,18053.6496,18083.4762,0
16130,295.88,18053.6496,18083.4762,0
16131,295.88,18053.6496,18083.4762,0
16133,295.92,18053.6496,18083.4762,0
16134,295.92,18053.6496,18083.4762,0
16137,295.92,18053.6496,18083.4762,0
16138,295.96,18053.6517,18083.4762,0
16139,296.00,18053.6517,18083.4762,0
16140,296.00,18053.6517,18083.4762,0
16141,296.00,18053.6517,18083.4762,0
16142,296.00,18053.6517,18083.4762,0
16144,296.08,18053.6496,18083.4762,0
16145,296.16,18053.6517,18083.4762,0
16146,296.16,18053.6517,18083.4762,0
16148,296.20,18053.6517,18083.4762,0
16149,296.28,18053.6496,18083.4762,0
16150,296.28,18053.6496,18083.4762,0
16152,296.32,18053.6496,18083.4762,0
16153,296.35,18053.6496,18083.4762,0
16154,296.35,18053.6496,18083.4762,0
16155,296.35,18053.6496,18083.4762,0
16156,296.35,18053.6496,18083.4762,0
16157,296.35,18053.6496,18083.4762,0
16158,296.40,18053.6517,18083.4762,0
16159,296.43,18053.6517,18083.4762,0
16160,296.43,18053.6517,18083.4762,0
16162,296.44,18053.6517,18083.4762,0
16164,296.44,18053.6517,18083.4762,0
16168,296.47,18053.6517,18083.4762,0
16170,296.47,18053.6517,18083.4762,0
16171,296.47,18053.6517,18083.4762,0
16172,296.47,18053.6517,18083.4762,0
16174,296.52,18053.6496,18083.4762,0
16175,296.52,18053.6496,18083.4762,0
16176,296.52,18053.6496,18083.4762,0
16178,296.60,18053.6517,18083.4762,0
16180,296.69,18053.6496,18083.4762,0
16181,296.69,18053.6496,18083.4762,0
16183,296.73,18053.6496,18083.4762,0
16185,296.80,18053.6517,18083.4762,0
16186,296.81,18053.6517,18083.4762,0
16188,296.85,18053.6517,18083.4762,0
16189,296.89,18053.6496,18083.4762,0
16190,296.97,18053.6517,18083.4762,0
16193,297.01,18053.6517,18083.4762,0
16194,297.05,18053.6496,18083.4762,0
16195,297.08,18053.6496,18083.4762,0
16196,297.09,18053.6496,18083.4762,0
16197,297.09,18053.6496,18083.4762,0
16198,297.09,18053.6496,18083.4762,0
16199,297.09,18053.6496,18083.4762,0
16201,297.13,18053.6496,18083.4762,0
16202,297.13,18053.6496,18083.4762,0
16205,297.13,18053.6496,18083.4762,0
16207,297.13,18053.6496,18083.4762,0
16208,297.13,18053.6496,18083.4762,0
16209,297.13,18053.6496,18083.4762,0
16211,297.17,18053.6517,18083.4762,0
16213,297.18,18053.6517,18083.4762,0
16214,297.18,18053.6517,18083.4762,0
16215,297.18,18053.6517,18083.4762,0
16217,297.18,18053.6517,18083.4762,0
16218,297.21,18053.6517,18083.4762,0
16219,297.29,18053.6496,18083.4762,0
16220,297.29,18053.6496,18083.4762,0
16221,297.33,18053.6496,18083.4762,0
16222,297.33,18053.6496,18083.4762,0
16223,297.36,18053.6496,18083.4762,0
16224,297.36,18053.6496,18083.4762,0
16225,297.36,18053.6496,18083.4762,0
16227,297.37,18053.6496,18083.4762,0
16228,297.41,18053.6517,18083.4762,0
16230,297.45,18053.6517,18083.4762,0
16232,297.45,18053.6517,18083.4762,0
16233,297.45,18053.6517,18083.4762,0
16234,297.49,18053.6517,18083.4762,0
16235,297.53,18053.6496,18083.4762,0
16237,297.54,18053.6496,18083.4762,0
16238,297.54,18053.6496,18083.4762,0
16239,297.57,18053.6496,18083.4762,0
16240,297.61,18053.6496,18083.4762,0
16243,297.65,18053.6517,18083.4762,0
16244,297.73,18053.6496,18083.4762,0
16246,297.77,18053.6496,18083.4762,0
16248,297.80,18053.6496,18083.4762,0
16249,297.84,18053.6517,18083.4762,0
16251,297.88,18053.6517,18083.4762,0
16252,297.96,18053.6496,18083.4762,0
16253,297.99,18053.6496,18083.4762,0
16254,297.99,18053.6496,18083.4762,0
16255,298.03,18053.6517,18083.4762,0
16256,298.07,18053.6517,18083.4762,0
16257,298.07,18053.6517,18083.4762,0
16258,298.12,18053.6496,18083.4762,0
16259,298.19,18053.6517,18083.4762,0
16261,298.23,18053.6517,18083.4762,0
16262,298.24,18053.6517,18083.4762,0
16264,298.24,18053.6517,18083.4762,0
16265,298.27,18053.6517,18083.4762,0
16266,298.27,18053.6517,18083.4762,0
16268,298.27,18053.6517,18083.4762,0
16269,298.27,18053.6517,18083.4762,0
16270,298.27,18053.6517,18083.4762,0
16271,298.32,18053.6496,18083.4762,0
16272,298.32,18053.6496,18083.4762,0
16274,298.36,18053.6496,18083.4762,0
16275,298.44,18053.6517,18083.4762,0
16277,298.47,18053.6517,18083.4762,0
16278,298.47,18053.6517,18083.4762,0
16279,298.48,18053.6517,18083.4762,0
16280,298.48,18053.6517,18083.4762,0
16283,298.52,18053.6496,18083.4762,0
16284,298.56,18053.6496,18083.4762,0
16285,298.56,18053.6496,18083.4762,0
16286,298.60,18053.6496,18083.4762,0
16287,298.60,18053.6496,18083.4762,0
16289,298.60,18053.6496,18083.4762,0
16290,298.60,18053.6496,18083.4762,0
16291,298.60,18053.6496,18083.4762,0
16293,298.60,18053.6496,18083.4762,0
16296,298.60,18053.6496,18083.4762,0
16297,298.64,18053.6517,18083.4762,0
16298,298.68,18053.6517,18083.4762,0
16299,298.71,18053.6517,18083.4762,0
16300,298.71,18053.6517,18083.4762,0
16301,298.71,18053.6517,18083.4762,0
16304,298.72,18053.6517,18083.4762,0
16305,298.72,18053.6517,18083.4762,0
16306,298.72,18053.6517,18083.4762,0
16307,298.72,18053.6517,18083.4762,0
16310,298.72,18053.6517,18083.4762,0
16312,298.72,18053.6517,18083.4762,0
16314,298.76,18053.6496,18083.4762,0
16315,298.80,18053.6496,18083.4762,0
16316,298.80,18053.6496,18083.4762,0
16317,298.80,18053.6496,18083.4762,0
16318,298.80,18053.6496,18083.4762,0
16319,298.80,18053.6496,18083.4762,0
16320,298.84,18053.6517,18083.4762,0
16321,298.85,18053.6517,18083.4762,0
16322,298.85,18053.6517,18083.4762,0
16323,298.85,18053.6517,18083.4762,0
16324,298.85,18053.6517,18083.4762,0
16325,298.85,18053.6517,18083.4762,0
16327,298.93,18053.6496,18083.4762,0
16329,299.01,18053.6517,18083.4762,0
16330,299.04,18053.6517,18083.4762,0
16331,299.05,18053.6517,18083.4762,0
16332,299.09,18053.6496,18083.4762,0
16333,299.10,18053.6496,18083.4762,0
16334,299.18,18053.6517,18083.4762,0
16335,299.21,18053.6517,18083.4762,0
16336,299.24,18053.6517,18083.4762,0
16338,299.29,18053.6496,18083.4762,0
16339,299.33,18053.6496,18083.4762,0
16340,299.33,18053.6496,18083.4762,0
16341,299.36,18053.6496,18083.4762,0
16343,299.36,18053.6496,18083.4762,0
16344,299.41,18053.6517,18083.4762,0
16345,299.48,18053.6496,18083.4762,0
16347,299.49,18053.6496,18083.4762,0
16348,299.53,18053.6496,18083.4762,0
16349,299.56,18053.6496,18083.4762,0
16352,299.56,18053.6496,18083.4762,0
16353,299.56,18053.6496,18083.4762,0
16354,299.60,18053.6517,18083.4762,0
16355,299.61,18053.6517,18083.4762,0
16356,299.64,18053.6517,18083.4762,0
16357,299.68,18053.6517,18083.4762,0
16359,299.68,18053.6517,18083.4762,0
16360,299.73,18053.6496,18083.4762,0
16361,299.73,18053.6496,18083.4762,0
16362,299.77,18053.6496,18083.4762,0
16363,299.77,18053.6496,18083.4762,0
16366,299.85,18053.6517,18083.4762,0
16367,299.85,18053.6517,18083.4762,0
16370,299.89,18053.6517,18083.4762,0
16371,299.99,18053.6496,18083.4762,0
16373,300.00,18053.6496,18083.4762,0
16374,300.03,18053.6496,18083.4762,0
16375,300.03,18053.6496,18083.4762,0
16377,300.03,18053.6496,18083.4762,0
16378,300.06,18053.6496,18083.4762,0
16381,300.06,18053.6496,18083.4762,0
16382,300.11,18053.6517,18083.4762,0
16384,300.11,18053.6517,18083.4762,0
16386,300.11,18053.6517,18083.4762,0
16387,300.11,18053.6517,18083.4762,0
16388,300.15,18053.6517,18083.4762,0
16390,300.15,18053.6517,18083.4762,0
16392,300.22,18053.6496,18083.4762,0
16393,300.30,18053.6517,18083.4762,0
16396,300.34,18053.6517,18083.4762,0
16397,300.34,18053.6517,18083.4762,0
16399,300.34,18053.6517,18083.4762,0
16400,300.38,18053.6517,18083.4762,0
16401,300.42,18053.6496,18083.4762,0
16402,300.43,18053.6496,18083.4762,0
16403,300.46,18053.6496,18083.4762,0
16404,300.46,18053.6496,18083.4762,0
16405,300.54,18053.6517,18083.4762,0
16406,300.57,18053.6517,18083.4762,0
16407,300.61,18053.6517,18083.4762,0
16408,300.61,18053.6517,18083.4762,0
16410,300.62,18053.6517,18083.4762,0
16411,300.62,18053.6517,18083.4762,0
16412,300.62,18053.6517,18083.4762,0
16414,300.62,18053.6517,18083.4762,0
16415,300.62,18053.6517,18083.4762,0
16418,300.62,18053.6517,18083.4762,0
16420,300.66,18053.6496,18083.4762,0
16421,300.74,18053.6517,18083.4762,0
16422,300.77,18053.6517,18083.4762,0
16423,300.78,18053.6517,18083.4762,0
16424,300.81,18053.6517,18083.4762,0
16426,300.81,18053.6517,18083.4762,0
16428,300.81,18053.6517,18083.4762,0
16429,300.81,18053.6517,18083.4762,0
16430,300.81,18053.6517,18083.4762,0
16431,300.81,18053.6517,18083.4762,0
16432,300.86,18053.6496,18083.4762,0
16433,300.86,18053.6496,18083.4762,0
16434,300.86,18053.6496,18083.4762,0
16436,300.90,18053.6496,18083.4762,0
16437,300.93,18053.6496,18083.4762,0
16438,300.98,18053.6517,18083.4762,0
16439,300.98,18053.6517,18083.4762,0
16440,300.98,18053.6517,18083.4762,0
16441,301.02,18053.6517,18083.4762,0
16443,301.05,18053.6517,18083.4762,0
16444,301.05,18053.6517,18083.4762,0
16445,301.10,18053.6496,18083.4762,0
16446,301.13,18053.6496,18083.4762,0
16447,301.13,18053.6496,18083.4762,0
16448,301.13,18053.6496,18083.4762,0
16449,301.17,18053.6496,18083.4762,0
16450,301.21,18053.6517,18083.4762,0
16451,301.22,18053.6517,18083.4762,0
16453,301.25,18053.6517,18083.4762,0
16454,301.25,18053.6517,18083.4762,0
16455,301.33,18053.6496,18083.4762,0
16457,301.34,18053.6496,18083.4762,0
16458,301.37,18053.6496,18083.4762,0
16459,301.37,18053.6496,18083.4762,0
16460,301.42,18053.6517,18083.4762,0
16462,301.46,18053.6517,18083.4762,0
16463,301.46,18053.6517,18083.4762,0
16466,301.54,18053.6496,18083.4762,0
16467,301.62,18053.6517,18083.4762,0
16468,301.62,18053.6517,18083.4762,0
16469,301.62,18053.6517,18083.4762,0
16470,301.62,18053.6517,18083.4762,0
16472,301.66,18053.6517,18083.4762,0
16474,301.69,18053.6517,18083.4762,0
16475,301.69,18053.6517,18083.4762,0
16476,301.69,18053.6517,18083.4762,0
16478,301.74,18053.6496,18083.4762,0
16479,301.74,18053.6496,18083.4762,0
16481,301.78,18053.6496,18083.4762,0
16482,301.82,18053.6517,18083.4762,0
16483,301.90,18053.6496,18083.4762,0
16484,301.93,18053.6496,18083.4762,0
16485,301.93,18053.6496,18083.4762,0
16486,301.98,18053.6517,18083.4762,0
16487,302.01,18053.6517,18083.4762,0
16488,302.04,18053.6517,18083.4762,0
16489,302.04,18053.6517,18083.4762,0
16490,302.05,18053.6517,18083.4762,0
16491,302.09,18053.6496,18083.4762,0
16493,302.17,18053.6517,18083.4762,0
16495,302.21,18053.6517,18083.4762,0
16496,302.29,18053.6496,18083.4762,0
16497,302.29,18053.6496,18083.4762,0
16498,302.33,18053.6496,18083.4762,0
16499,302.36,18053.6496,18083.4762,0
16504,302.41,18053.6517,18083.4762,0
16505,302.44,18053.6517,18083.4762,0
16506,302.44,18053.6517,18083.4762,0
16507,302.44,18053.6517,18083.4762,0
16508,302.45,18053.6517,18083.4762,0
16509,302.49,18053.6496,18083.4762,0
16510,302.49,18053.6496,18083.4762,0
16511,302.53,18053.6496,18083.4762,0
16513,302.53,18053.6496,18083.4762,0
16515,302.57,18053.6496,18083.4762,0
16516,302.61,18053.6517,18083.4762,0
16518,302.62,18053.6517,18083.4762,0
16520,302.65,18053.6517,18083.4762,0
16521,302.69,18053.6496,18083.4762,0
16522,302.70,18053.6496,18083.4762,0
16524,302.74,18053.6496,18083.4762,0
16525,302.74,18053.6496,18083.4762,0
16528,302.81,18053.6517,18083.4762,0
16530,302.82,18053.6517,18083.4762,0
16531,302.90,18053.6496,18083.4762,0
16532,302.97,18053.6517,18083.4762,0
16533,303.05,18053.6496,18083.4762,0
16534,303.13,18053.6517,18083.4762,0
16535,303.16,18053.6517,18083.4762,0
16536,303.16,18053.6517,18083.4762,0
16542,303.25,18053.6496,18083.4762,0
16543,303.28,18053.6496,18083.4762,0
16544,303.32,18053.6517,18083.4762,0
16545,303.36,18053.6517,18083.4762,0
16546,303.40,18053.6496,18083.4762,0
16547,303.44,18053.6496,18083.4762,0
16549,303.52,18053.6517,18083.4762,0
16550,303.55,18053.6517,18083.4762,0
16551,303.58,18053.6517,18083.4762,0
16552,303.59,18053.6517,18083.4762,0
16553,303.59,18053.6517,18083.4762,0
16554,303.59,18053.6517,18083.4762,0
16555,303.59,18053.6517,18083.4762,0
16556,303.59,18053.6517,18083.4762,0
16558,303.63,18053.6496,18083.4762,0
16559,303.64,18053.6496,18083.4762,0
16560,303.64,18053.6496,18083.4762,0
16561,303.72,18053.6517,18083.4762,0
16562,303.75,18053.6517,18083.4762,0
16563,303.76,18053.6517,18083.4762,0
16564,303.79,18053.6517,18083.4762,0
16568,303.79,18053.6517,18083.4762,0
16569,303.79,18053.6517,18083.4762,0
16571,303.79,18053.6517,18083.4762,0
16572,303.79,18053.6517,18083.4762,0
16573,303.79,18053.6517,18083.4762,0
16574,303.84,18053.6496,18083.4762,0
16575,303.92,18053.6517,18083.4762,0
16576,303.95,18053.6517,18083.4762,0
16577,304.03,18053.6496,18083.4762,0
16578,304.10,18053.6517,18083.4762,0
16580,304.14,18053.6517,18083.4762,0
16581,304.14,18053.6517,18083.4762,0
16582,304.14,18053.6517,18083.4762,0
16583,304.14,18053.6517,18083.4762,0
16584,304.18,18053.6496,18083.4762,0
16585,304.22,18053.6496,18083.4762,0
16586,304.25,18053.6496,18083.4762,0
16587,304.25,18053.6496,18083.4762,0
16588,304.30,18053.6517,18083.4762,0
16589,304.33,18053.6517,18083.4762,0
16590,304.41,18053.6496,18083.4762,0
16592,304.44,18053.6496,18083.4762,0
16593,304.45,18053.6496,18083.4762,0
16595,304.48,18053.6496,18083.4762,0
16596,304.48,18053.6496,18083.4762,0
16599,304.48,18053.6496,18083.4762,0
16601,304.48,18053.6496,18083.4762,0
16602,304.48,18053.6496,18083.4762,0
16603,304.48,18053.6496,18083.4762,0
16604,304.53,18053.6517,18083.4762,0
16606,304.56,18053.6517,18083.4762,0
16607,304.56,18053.6517,18083.4762,0
16608,304.56,18053.6517,18083.4762,0
16609,304.57,18053.6517,18083.4762,0
16610,304.60,18053.6517,18083.4762,0
16611,304.60,18053.6517,18083.4762,0
16612,304.60,18053.6517,18083.4762,0
16613,304.65,18053.6496,18083.4762,0
16614,304.68,18053.6496,18083.4762,0
16615,304.68,18053.6496,18083.4762,0
16616,304.68,18053.6496,18083.4762,0
16618,304.72,18053.6496,18083.4762,0
16619,304.72,18053.6496,18083.4762,0
16620,304.72,18053.6496,18083.4762,0
16621,304.72,18053.6496,18083.4762,0
16622,304.72,18053.6496,18083.4762,0
16623,304.72,18053.6496,18083.4762,0
16626,304.72,18053.6496,18083.4762,0
16627,304.72,18053.6496,18083.4762,0
16628,304.76,18053.6517,18083.4762,0
16629,304.77,18053.6517,18083.4762,0
16631,304.81,18053.6517,18083.4762,0
16632,304.84,18053.6517,18083.4762,0
16633,304.84,18053.6517,18083.4762,0
16635,304.84,18053.6517,18083.4762,0
16636,304.84,18053.6517,18083.4762,0
16637,304.84,18053.6517,18083.4762,0
16638,304.84,18053.6517,18083.4762,0
16639,304.84,18053.6517,18083.4762,0
16641,304.88,18053.6496,18083.4762,0
16642,304.89,18053.6496,18083.4762,0
16643,304.96,18053.6517,18083.4762,0
16644,304.97,18053.6517,18083.4762,0
16646,304.97,18053.6517,18083.4762,0
16648,305.01,18053.6517,18083.4762,0
16649,305.04,18053.6517,18083.4762,0
16651,305.04,18053.6517,18083.4762,0
16652,305.04,18053.6517,18083.4762,0
16653,305.04,18053.6517,18083.4762,0
16654,305.04,18053.6517,18083.4762,0
16657,305.04,18053.6517,18083.4762,0
16658,305.04,18053.6517,18083.4762,0
16659,305.04,18053.6517,18083.4762,0
16660,305.04,18053.6517,18083.4762,0
16663,305.08,18053.6496,18083.4762,0
16664,305.12,18053.6496,18083.4762,0
16665,305.12,18053.6496,18083.4762,0
16666,305.12,18053.6496,18083.4762,0
16669,305.13,18053.6496,18083.4762,0
16670,305.17,18053.6517,18083.4762,0
16671,305.17,18053.6517,18083.4762,0
16672,305.21,18053.6517,18083.4762,0
16674,305.26,18053.6496,18083.4762,0
16675,305.33,18053.6517,18083.4762,0
16676,305.37,18053.6517,18083.4762,0
16677,305.40,18053.6517,18083.4762,0
16678,305.40,18053.6517,18083.4762,0
16679,305.40,18053.6517,18083.4762,0
16680,305.40,18053.6517,18083.4762,0
16681,305.40,18053.6517,18083.4762,0
16682,305.40,18053.6517,18083.4762,0
16685,305.41,18053.6517,18083.4762,0
16686,305.45,18053.6496,18083.4762,0
16687,305.49,18053.6496,18083.4762,0
16688,305.52,18053.6496,18083.4762,0
16689,305.52,18053.6496,18083.4762,0
16692,305.57,18053.6517,18083.4762,0
16693,305.58,18053.6517,18083.4762,0
16695,305.61,18053.6517,18083.4762,0
16696,305.61,18053.6517,18083.4762,0
16697,305.66,18053.6496,18083.4762,0
16698,305.69,18053.6496,18083.4762,0
16699,305.69,18053.6496,18083.4762,0
16701,305.74,18053.6517,18083.4762,0
16702,305.77,18053.6517,18083.4762,0
16703,305.81,18053.6517,18083.4762,0
16704,305.81,18053.6517,18083.4762,0
16705,305.81,18053.6517,18083.4762,0
16706,305.81,18053.6517,18083.4762,0
16708,305.82,18053.6517,18083.4762,0
16711,305.82,18053.6517,18083.4762,0
16713,305.82,18053.6517,18083.4762,0
16714,305.82,18053.6517,18083.4762,0
16715,305.86,18053.6496,18083.4762,0
16716,305.89,18053.6496,18083.4762,0
16717,305.90,18053.6496,18083.4762,0
16718,305.90,18053.6496,18083.4762,0
16719,305.90,18053.6496,18083.4762,0
16720,305.90,18053.6496,18083.4762,0
16722,305.93,18053.6496,18083.4762,0
16723,305.98,18053.6517,18083.4762,0
16725,306.06,18053.6496,18083.4762,0
16726,306.13,18053.6517,18083.4762,0
16727,306.17,18053.6517,18083.4762,0
16729,306.18,18053.6517,18083.4762,0
16730,306.21,18053.6517,18083.4762,0
16731,306.21,18053.6517,18083.4762,0
16733,306.25,18053.6496,18083.4762,0
16734,306.29,18053.6496,18083.4762,0
16735,306.38,18053.6517,18083.4762,0
16737,306.47,18053.6496,18083.4762,0
16738,306.54,18053.6517,18083.4762,0
16739,306.55,18053.6517,18083.4762,0
16740,306.55,18053.6517,18083.4762,0
16741,306.58,18053.6517,18083.4762,0
16742,306.61,18053.6517,18083.4762,0
16743,306.61,18053.6517,18083.4762,0
16744,306.61,18053.6517,18083.4762,0
16745,306.66,18053.6496,18083.4762,0
16746,306.73,18053.6517,18083.4762,0
16747,306.77,18053.6517,18083.4762,0
16750,306.78,18053.6517,18083.4762,0
16753,306.78,18053.6517,18083.4762,0
16754,306.78,18053.6517,18083.4762,0
16756,306.85,18053.6496,18083.4762,0
16758,306.86,18053.6496,18083.4762,0
16759,306.90,18053.6496,18083.4762,0
16760,306.97,18053.6517,18083.4762,0
16761,307.01,18053.6517,18083.4762,0
16762,307.04,18053.6517,18083.4762,0
16763,307.04,18053.6517,18083.4762,0
16764,307.08,18053.6496,18083.4762,0
16765,307.09,18053.6496,18083.4762,0
16767,307.13,18053.6496,18083.4762,0
16768,307.13,18053.6496,18083.4762,0
16769,307.17,18053.6517,18083.4762,0
16771,307.21,18053.6517,18083.4762,0
16773,307.29,18053.6496,18083.4762,0
16774,307.32,18053.6496,18083.4762,0
16775,307.32,18053.6496,18083.4762,0
16777,307.33,18053.6496,18083.4762,0
16780,307.36,18053.6496,18083.4762,0
16782,307.36,18053.6496,18083.4762,0
16783,307.36,18053.6496,18083.4762,0
16784,307.36,18053.6496,18083.4762,0
16787,307.36,18053.6496,18083.4762,0
16788,307.36,18053.6496,18083.4762,0
16789,307.36,18053.6496,18083.4762,0
16790,307.36,18053.6496,18083.4762,0
16791,307.36,18053.6496,18083.4762,0
16792,307.41,18053.6517,18083.4762,0
16793,307.44,18053.6517,18083.4762,0
16795,307.45,18053.6517,18083.4762,0
16796,307.48,18053.6517,18083.4762,0
16797,307.48,18053.6517,18083.4762,0
16798,307.48,18053.6517,18083.4762,0
16800,307.48,18053.6517,18083.4762,0
16801,307.53,18053.6496,18083.4762,0
16802,307.53,18053.6496,18083.4762,0
16803,307.53,18053.6496,18083.4762,0
16804,307.53,18053.6496,18083.4762,0
16805,307.57,18053.6496,18083.4762,0
16806,307.60,18053.6496,18083.4762,0
16807,307.60,18053.6496,18083.4762,0
16808,307.60,18053.6496,18083.4762,0
16812,307.65,18053.6517,18083.4762,0
16816,307.73,18053.6496,18083.4762,0
16818,307.77,18053.6496,18083.4762,0
16819,307.80,18053.6496,18083.4762,0
16820,307.80,18053.6496,18083.4762,0
16821,307.84,18053.6517,18083.4762,0
16822,307.87,18053.6517,18083.4762,0
16823,307.88,18053.6517,18083.4762,0
16824,307.88,18053.6517,18083.4762,0
16826,307.93,18053.6496,18083.4762,0
16827,307.93,18053.6496,18083.4762,0
16828,307.96,18053.6496,18083.4762,0
16829,308.01,18053.6517,18083.4762,0
16830,308.08,18053.6496,18083.4762,0
16832,308.09,18053.6496,18083.4762,0
16834,308.17,18053.6517,18083.4762,0
16835,308.21,18053.6517,18083.4762,0
16836,308.21,18053.6517,18083.4762,0
16838,308.22,18053.6517,18083.4762,0
16839,308.25,18053.6517,18083.4762,0
16840,308.25,18053.6517,18083.4762,0
16842,308.25,18053.6517,18083.4762,0
16843,308.29,18053.6496,18083.4762,0
16844,308.33,18053.6496,18083.4762,0
16846,308.37,18053.6496,18083.4762,0
16847,308.42,18053.6517,18083.4762,0
16848,308.45,18053.6517,18083.4762,0
16849,308.45,18053.6517,18083.4762,0
16850,308.49,18053.6517,18083.4762,0
16852,308.53,18053.6496,18083.4762,0
16853,308.57,18053.6496,18083.4762,0
16854,308.57,18053.6496,18083.4762,0
16855,308.61,18053.6517,18083.4762,0
16856,308.65,18053.6517,18083.4762,0
16857,308.65,18053.6517,18083.4762,0
16858,308.65,18053.6517,18083.4762,0
16859,308.69,18053.6496,18083.4762,0
16861,308.77,18053.6517,18083.4762,0
16863,308.78,18053.6517,18083.4762,0
16864,308.78,18053.6517,18083.4762,0
16865,308.81,18053.6517,18083.4762,0
16866,308.81,18053.6517,18083.4762,0
16868,308.81,18053.6517,18083.4762,0
16869,308.85,18053.6517,18083.4762,0
16871,308.89,18053.6496,18083.4762,0
16873,308.93,18053.6496,18083.4762,0
16874,308.93,18053.6496,18083.4762,0
16876,308.97,18053.6496,18083.4762,0
16877,308.97,18053.6496,18083.4762,0
16878,308.97,18053.6496,18083.4762,0
16879,308.97,18053.6496,18083.4762,0
16880,308.97,18053.6496,18083.4762,0
16881,308.97,18053.6496,18083.4762,0
16882,308.97,18053.6496,18083.4762,0
16885,308.97,18053.6496,18083.4762,0
16887,308.97,18053.6496,18083.4762,0
16889,309.01,18053.6517,18083.4762,0
16890,309.02,18053.6517,18083.4762,0
16891,309.05,18053.6517,18083.4762,0
16892,309.05,18053.6517,18083.4762,0
16894,309.05,18053.6517,18083.4762,0
16895,309.05,18053.6517,18083.4762,0
16896,309.05,18053.6517,18083.4762,0
16897,309.05,18053.6517,18083.4762,0
16898,309.09,18053.6517,18083.4762,0
16899,309.09,18053.6517,18083.4762,0
16901,309.09,18053.6517,18083.4762,0
16903,309.13,18053.6496,18083.4762,0
16904,309.16,18053.6496,18083.4762,0
16905,309.17,18053.6496,18083.4762,0
16906,309.17,18053.6496,18083.4762,0
16907,309.17,18053.6496,18083.4762,0
16908,309.17,18053.6496,18083.4762,0
16909,309.17,18053.6496,18083.4762,0
16912,309.17,18053.6496,18083.4762,0
16913,309.17,18053.6496,18083.4762,0
16914,309.17,18053.6496,18083.4762,0
16916,309.17,18053.6496,18083.4762,0
16917,309.17,18053.6496,18083.4762,0
16918,309.21,18053.6496,18083.4762,0
16919,309.25,18053.6517,18083.4762,0
16920,309.28,18053.6517,18083.4762,0
16921,309.29,18053.6517,18083.4762,0
16922,309.29,18053.6517,18083.4762,0
16924,309.29,18053.6517,18083.4762,0
16925,309.29,18053.6517,18083.4762,0
16926,309.29,18053.6517,18083.4762,0
16927,309.33,18053.6517,18083.4762,0
16929,309.33,18053.6517,18083.4762,0
16930,309.33,18053.6517,18083.4762,0
16932,309.37,18053.6496,18083.4762,0
16933,309.38,18053.6496,18083.4762,0
16935,309.38,18053.6496,18083.4762,0
16936,309.38,18053.6496,18083.4762,0
16937,309.42,18053.6496,18083.4762,0
16938,309.46,18053.6517,18083.4762,0
16939,309.49,18053.6517,18083.4762,0
16941,309.53,18053.6517,18083.4762,0
16942,309.53,18053.6517,18083.4762,0
16943,309.54,18053.6517,18083.4762,0
16945,309.54,18053.6517,18083.4762,0
16946,309.54,18053.6517,18083.4762,0
16950,309.54,18053.6517,18083.4762,0
16951,309.54,18053.6517,18083.4762,0
16952,309.58,18053.6496,18083.4762,0
16953,309.61,18053.6496,18083.4762,0
16954,309.61,18053.6496,18083.4762,0
16955,309.66,18053.6517,18083.4762,0
16956,309.69,18053.6517,18083.4762,0
16957,309.69,18053.6517,18083.4762,0
16958,309.72,18053.6517,18083.4762,0
16959,309.77,18053.6496,18083.4762,0
16960,309.77,18053.6496,18083.4762,0
16961,309.81,18053.6496,18083.4762,0
16962,309.81,18053.6496,18083.4762,0
16963,309.81,18053.6496,18083.4762,0
16964,309.85,18053.6517,18083.4762,0
16966,309.86,18053.6517,18083.4762,0
16967,309.89,18053.6517,18083.4762,0
16968,309.89,18053.6517,18083.4762,0
16969,309.93,18053.6517,18083.4762,0
16970,309.93,18053.6517,18083.4762,0
16971,309.93,18053.6517,18083.4762,0
16972,309.93,18053.6517,18083.4762,0
16973,309.93,18053.6517,18083.4762,0
16974,309.93,18053.6517,18083.4762,0
16976,309.93,18053.6517,18083.4762,0
16977,309.97,18053.6496,18083.4762,0
16978,310.00,18053.6496,18083.4762,0
16980,310.01,18053.6496,18083.4762,0
16981,310.04,18053.6496,18083.4762,0
16982,310.09,18053.6517,18083.4762,0
16983,310.12,18053.6517,18083.4762,0
16984,310.15,18053.6517,18083.4762,0
16985,310.20,18053.6496,18083.4762,0
16986,310.20,18053.6496,18083.4762,0
16987,310.20,18053.6496,18083.4762,0
16988,310.24,18053.6496,18083.4762,0
16989,310.24,18053.6496,18083.4762,0
16990,310.24,18053.6496,18083.4762,0
16991,310.28,18053.6517,18083.4762,0
16992,310.28,18053.6517,18083.4762,0
16993,310.32,18053.6517,18083.4762,0
16995,310.32,18053.6517,18083.4762,0
16998,310.40,18053.6496,18083.4762,0
16999,310.43,18053.6496,18083.4762,0
17000,310.51,18053.6517,18083.4762,0
17001,310.59,18053.6496,18083.4762,0
17003,310.62,18053.6496,18083.4762,0
17004,310.66,18053.6496,18083.4762,0
17005,310.66,18053.6496,18083.4762,0
17008,310.66,18053.6496,18083.4762,0
17009,310.66,18053.6496,18083.4762,0
17010,310.66,18053.6496,18083.4762,0
17012,310.71,18053.6517,18083.4762,0
17013,310.74,18053.6517,18083.4762,0
17016,310.75,18053.6517,18083.4762,0
17017,310.75,18053.6517,18083.4762,0
17018,310.75,18053.6517,18083.4762,0
17019,310.75,18053.6517,18083.4762,0
17020,310.78,18053.6517,18083.4762,0
17021,310.78,18053.6517,18083.4762,0
17022,310.78,18053.6517,18083.4762,0
17023,310.78,18053.6517,18083.4762,0
17024,310.78,18053.6517,18083.4762,0
17026,310.78,18053.6517,18083.4762,0
17028,310.78,18053.6517,18083.4762,0
17032,310.78,18053.6517,18083.4762,0
17033,310.82,18053.6496,18083.4762,0
17034,310.86,18053.6496,18083.4762,0
17036,310.91,18053.6517,18083.4762,0
17037,310.91,18053.6517,18083.4762,0
17038,310.99,18053.6496,18083.4762,0
17039,310.99,18053.6496,18083.4762,0
17040,310.99,18053.6496,18083.4762,0
17041,310.99,18053.6496,18083.4762,0
17042,310.99,18053.6496,18083.4762,0
17043,310.99,18053.6496,18083.4762,0
17044,311.07,18053.6517,18083.4762,0
17046,311.11,18053.6517,18083.4762,0
17047,311.19,18053.6496,18083.4762,0
17048,311.19,18053.6496,18083.4762,0
17050,311.23,18053.6496,18083.4762,0
17052,311.23,18053.6496,18083.4762,0
17054,311.26,18053.6496,18083.4762,0
17056,311.26,18053.6496,18083.4762,0
17057,311.30,18053.6517,18083.4762,0
17058,311.31,18053.6517,18083.4762,0
17059,311.31,18053.6517,18083.4762,0
17060,311.39,18053.6496,18083.4762,0
17061,311.42,18053.6496,18083.4762,0
17062,311.46,18053.6517,18083.4762,0
17063,311.50,18053.6517,18083.4762,0
17064,311.53,18053.6517,18083.4762,0
17066,311.53,18053.6517,18083.4762,0
17068,311.54,18053.6517,18083.4762,0
17069,311.54,18053.6517,18083.4762,0
17072,311.54,18053.6517,18083.4762,0
17073,311.54,18053.6517,18083.4762,0
17074,311.54,18053.6517,18083.4762,0
17075,311.54,18053.6517,18083.4762,0
17076,311.54,18053.6517,18083.4762,0
17077,311.58,18053.6496,18083.4762,0
17078,311.59,18053.6496,18083.4762,0
17079,311.66,18053.6517,18083.4762,0
17080,311.70,18053.6517,18083.4762,0
17083,311.74,18053.6517,18083.4762,0
17084,311.78,18053.6496,18083.4762,0
17085,311.81,18053.6496,18083.4762,0
17087,311.82,18053.6496,18083.4762,0
17088,311.82,18053.6496,18083.4762,0
17089,311.92,18053.6517,18083.4762,0
17090,311.92,18053.6517,18083.4762,0
17091,311.92,18053.6517,18083.4762,0
17092,311.96,18053.6517,18083.4762,0
17094,311.96,18053.6517,18083.4762,0
17096,312.00,18053.6517,18083.4762,0
17097,312.00,18053.6517,18083.4762,0
17099,312.00,18053.6517,18083.4762,0
17100,312.00,18053.6517,18083.4762,0
17101,312.04,18053.6496,18083.4762,0
17102,312.07,18053.6496,18083.4762,0
17103,312.11,18053.6496,18083.4762,0
17105,312.11,18053.6496,18083.4762,0
17106,312.11,18053.6496,18083.4762,0
17107,312.15,18053.6517,18083.4762,0
17108,312.19,18053.6517,18083.4762,0
17109,312.19,18053.6517,18083.4762,0
17110,312.27,18053.6496,18083.4762,0
17111,312.30,18053.6496,18083.4762,0
17112,312.38,18053.6517,18083.4762,0
17113,312.39,18053.6517,18083.4762,0
17114,312.42,18053.6517,18083.4762,0
17115,312.42,18053.6517,18083.4762,0
17116,312.50,18053.6496,18083.4762,0
17117,312.53,18053.6496,18083.4762,0
17118,312.54,18053.6496,18083.4762,0
17119,312.54,18053.6496,18083.4762,0
17121,312.54,18053.6496,18083.4762,0
17122,312.54,18053.6496,18083.4762,0
17124,312.54,18053.6496,18083.4762,0
17126,312.54,18053.6496,18083.4762,0
17127,312.57,18053.6496,18083.4762,0
17128,312.62,18053.6517,18083.4762,0
17129,312.65,18053.6517,18083.4762,0
17131,312.70,18053.6496,18083.4762,0
17132,312.70,18053.6496,18083.4762,0
17135,312.74,18053.6496,18083.4762,0
17137,312.78,18053.6496,18083.4762,0
17138,312.78,18053.6496,18083.4762,0
17139,312.78,18053.6496,18083.4762,0
17140,312.82,18053.6517,18083.4762,0
17141,312.82,18053.6517,18083.4762,0
17142,312.86,18053.6517,18083.4762,0
17144,312.94,18053.6496,18083.4762,0
17145,312.97,18053.6496,18083.4762,0
17150,313.01,18053.6496,18083.4762,0
17151,313.01,18053.6496,18083.4762,0
17153,313.01,18053.6496,18083.4762,0
17154,313.01,18053.6496,18083.4762,0
17155,313.01,18053.6496,18083.4762,0
17156,313.06,18053.6517,18083.4762,0
17157,313.06,18053.6517,18083.4762,0
17158,313.10,18053.6517,18083.4762,0
17159,313.10,18053.6517,18083.4762,0
17162,313.10,18053.6517,18083.4762,0
17165,313.10,18053.6517,18083.4762,0
17166,313.13,18053.6517,18083.4762,0
17168,313.13,18053.6517,18083.4762,0
17169,313.13,18053.6517,18083.4762,0
17171,313.13,18053.6517,18083.4762,0
17173,313.13,18053.6517,18083.4762,0
17175,313.13,18053.6517,18083.4762,0
17176,313.18,18053.6496,18083.4762,0
17177,313.21,18053.6496,18083.4762,0
17178,313.24,18053.6496,18083.4762,0
17179,313.25,18053.6496,18083.4762,0
17180,313.29,18053.6517,18083.4762,0
17181,313.33,18053.6517,18083.4762,0
17182,313.33,18053.6517,18083.4762,0
17183,313.33,18053.6517,18083.4762,0
17184,313.37,18053.6517,18083.4762,0
17185,313.41,18053.6496,18083.4762,0
17186,313.49,18053.6517,18083.4762,0
17187,313.52,18053.6517,18083.4762,0
17188,313.52,18053.6517,18083.4762,0
17189,313.52,18053.6517,18083.4762,0
17190,313.52,18053.6517,18083.4762,0
17192,313.61,18053.6496,18083.4762,0
17193,313.64,18053.6496,18083.4762,0
17194,313.65,18053.6496,18083.4762,0
17195,313.69,18053.6517,18083.4762,0
17196,313.69,18053.6517,18083.4762,0
17197,313.73,18053.6517,18083.4762,0
17198,313.73,18053.6517,18083.4762,0
17199,313.73,18053.6517,18083.4762,0
17200,313.80,18053.6496,18083.4762,0
17201,313.84,18053.6496,18083.4762,0
17204,313.85,18053.6496,18083.4762,0
17205,313.85,18053.6496,18083.4762,0
17206,313.85,18053.6496,18083.4762,0
17207,313.85,18053.6496,18083.4762,0
17208,313.85,18053.6496,18083.4762,0
17209,313.85,18053.6496,18083.4762,0
17210,313.85,18053.6496,18083.4762,0
17211,313.85,18053.6496,18083.4762,0
17212,313.85,18053.6496,18083.4762,0
17213,313.89,18053.6517,18083.4762,0
17214,313.97,18053.6496,18083.4762,0
17215,314.00,18053.6496,18083.4762,0
17216,314.00,18053.6496,18083.4762,0
17217,314.00,18053.6496,18083.4762,0
17218,314.05,18053.6517,18083.4762,0
17219,314.05,18053.6517,18083.4762,0
17221,314.09,18053.6517,18083.4762,0
17223,314.12,18053.6517,18083.4762,0
17224,314.12,18053.6517,18083.4762,0
17225,314.12,18053.6517,18083.4762,0
17227,314.12,18053.6517,18083.4762,0
17228,314.12,18053.6517,18083.4762,0
17229,314.12,18053.6517,18083.4762,0
17231,314.12,18053.6517,18083.4762,0
17232,314.12,18053.6517,18083.4762,0
17235,314.17,18053.6496,18083.4762,0
17236,314.20,18053.6496,18083.4762,0
17237,314.20,18053.6496,18083.4762,0
17238,314.24,18053.6517,18083.4762,0
17239,314.25,18053.6517,18083.4762,0
17240,314.32,18053.6496,18083.4762,0
17241,314.36,18053.6496,18083.4762,0
17242,314.36,18053.6496,18083.4762,0
17243,314.41,18053.6517,18083.4762,0
17244,314.48,18053.6496,18083.4762,0
17245,314.52,18053.6496,18083.4762,0
17247,314.52,18053.6496,18083.4762,0
17248,314.52,18053.6496,18083.4762,0
17249,314.52,18053.6496,18083.4762,0
17251,314.57,18053.6517,18083.4762,0
17252,314.60,18053.6517,18083.4762,0
17253,314.61,18053.6517,18083.4762,0
17254,314.64,18053.6517,18083.4762,0
17255,314.64,18053.6517,18083.4762,0
17257,314.64,18053.6517,18083.4762,0
17258,314.64,18053.6517,18083.4762,0
17259,314.69,18053.6496,18083.4762,0
17260,314.72,18053.6496,18083.4762,0
17262,314.73,18053.6496,18083.4762,0
17263,314.76,18053.6496,18083.4762,0
17264,314.76,18053.6496,18083.4762,0
17265,314.76,18053.6496,18083.4762,0
17266,314.80,18053.6517,18083.4762,0
17268,314.88,18053.6496,18083.4762,0
17269,314.96,18053.6517,18083.4762,0
17270,314.97,18053.6517,18083.4762,0
17272,314.97,18053.6517,18083.4762,0
17273,315.00,18053.6517,18083.4762,0
17274,315.00,18053.6517,18083.4762,0
17275,315.04,18053.6517,18083.4762,0
17277,315.04,18053.6517,18083.4762,0
17279,315.04,18053.6517,18083.4762,0
17280,315.08,18053.6496,18083.4762,0
17282,315.09,18053.6496,18083.4762,0
17283,315.12,18053.6496,18083.4762,0
17284,315.12,18053.6496,18083.4762,0
17285,315.16,18053.6517,18083.4762,0
17286,315.20,18053.6517,18083.4762,0
17288,315.21,18053.6517,18083.4762,0
17290,315.21,18053.6517,18083.4762,0
17292,315.21,18053.6517,18083.4762,0
17293,315.25,18053.6496,18083.4762,0
17294,315.29,18053.6496,18083.4762,0
17295,315.29,18053.6496,18083.4762,0
17296,315.37,18053.6517,18083.4762,0
17298,315.40,18053.6517,18083.4762,0
17300,315.44,18053.6517,18083.4762,0
17301,315.44,18053.6517,18083.4762,0
17302,315.44,18053.6517,18083.4762,0
17304,315.44,18053.6517,18083.4762,0
17305,315.44,18053.6517,18083.4762,0
17307,315.44,18053.6517,18083.4762,0
17308,315.49,18053.6496,18083.4762,0
17309,315.49,18053.6496,18083.4762,0
17310,315.52,18053.6496,18083.4762,0
17311,315.52,18053.6496,18083.4762,0
17313,315.53,18053.6496,18083.4762,0
17314,315.53,18053.6496,18083.4762,0
17315,315.53,18053.6496,18083.4762,0
17316,315.56,18053.6496,18083.4762,0
17317,315.56,18053.6496,18083.4762,0
17318,315.56,18053.6496,18083.4762,0
17319,315.56,18053.6496,18083.4762,0
17320,315.60,18053.6517,18083.4762,0
17321,315.68,18053.6496,18083.4762,0
17322,315.68,18053.6496,18083.4762,0
17323,315.72,18053.6496,18083.4762,0
17324,315.72,18053.6496,18083.4762,0
17326,315.76,18053.6517,18083.4762,0
17327,315.77,18053.6517,18083.4762,0
17328,315.77,18053.6517,18083.4762,0
17330,315.85,18053.6496,18083.4762,0
17331,315.88,18053.6496,18083.4762,0
17333,315.89,18053.6496,18083.4762,0
17334,315.93,18053.6496,18083.4762,0
17335,315.93,18053.6496,18083.4762,0
17336,315.93,18053.6496,18083.4762,0
17337,315.97,18053.6517,18083.4762,0
17338,315.97,18053.6517,18083.4762,0
17339,316.01,18053.6517,18083.4762,0
17340,316.04,18053.6517,18083.4762,0
17342,316.04,18053.6517,18083.4762,0
17343,316.04,18053.6517,18083.4762,0
17344,316.04,18053.6517,18083.4762,0
17346,316.04,18053.6517,18083.4762,0
17349,316.09,18053.6496,18083.4762,0
17350,316.16,18053.6517,18083.4762,0
17351,316.24,18053.6496,18083.4762,0
17352,316.25,18053.6496,18083.4762,0
17353,316.25,18053.6496,18083.4762,0
17355,316.33,18053.6517,18083.4762,0
17356,316.36,18053.6517,18083.4762,0
17357,316.40,18053.6496,18083.4762,0
17359,316.44,18053.6496,18083.4762,0
17361,316.47,18053.6496,18083.4762,0
17363,316.47,18053.6496,18083.4762,0
17364,316.48,18053.6496,18083.4762,0
17365,316.48,18053.6496,18083.4762,0
17368,316.48,18053.6496,18083.4762,0
17369,316.52,18053.6517,18083.4762,0
17370,316.60,18053.6496,18083.4762,0
17372,316.61,18053.6496,18083.4762,0
17373,316.61,18053.6496,18083.4762,0
17374,316.64,18053.6496,18083.4762,0
17375,316.64,18053.6496,18083.4762,0
17376,316.68,18053.6496,18083.4762,0
17377,316.74,18053.6517,18083.4762,0
17379,316.78,18053.6517,18083.4762,0
17380,316.78,18053.6517,18083.4762,0
17382,316.78,18053.6517,18083.4762,0
17383,316.78,18053.6517,18083.4762,0
17385,316.83,18053.6496,18083.4762,0
17386,316.83,18053.6496,18083.4762,0
17387,316.87,18053.6496,18083.4762,0
17389,316.90,18053.6496,18083.4762,0
17390,316.90,18053.6496,18083.4762,0
17391,316.90,18053.6496,18083.4762,0
17392,316.90,18053.6496,18083.4762,0
17393,316.90,18053.6496,18083.4762,0
17394,316.95,18053.6517,18083.4762,0
17395,316.98,18053.6517,18083.4762,0
17397,317.06,18053.6496,18083.4762,0
17398,317.10,18053.6496,18083.4762,0
17400,317.11,18053.6496,18083.4762,0
17401,317.11,18053.6496,18083.4762,0
17402,317.11,18053.6496,18083.4762,0
17403,317.11,18053.6496,18083.4762,0
17404,317.14,18053.6496,18083.4762,0
17405,317.14,18053.6496,18083.4762,0
17408,317.14,18053.6496,18083.4762,0
17409,317.19,18053.6517,18083.4762,0
17411,317.22,18053.6517,18083.4762,0
17413,317.26,18053.6517,18083.4762,0
17414,317.26,18053.6517,18083.4762,0
17415,317.26,18053.6517,18083.4762,0
17416,317.26,18053.6517,18083.4762,0
17418,317.26,18053.6517,18083.4762,0
17420,317.26,18053.6517,18083.4762,0
17422,317.26,18053.6517,18083.4762,0
17423,317.26,18053.6517,18083.4762,0
17425,317.26,18053.6517,18083.4762,0
17426,317.31,18053.6496,18083.4762,0
17427,317.31,18053.6496,18083.4762,0
17428,317.39,18053.6517,18083.4762,0
17429,317.42,18053.6517,18083.4762,0
17430,317.43,18053.6517,18083.4762,0
17431,317.43,18053.6517,18083.4762,0
17432,317.43,18053.6517,18083.4762,0
17433,317.43,18053.6517,18083.4762,0
17434,317.46,18053.6517,18083.4762,0
17435,317.46,18053.6517,18083.4762,0
17436,317.46,18053.6517,18083.4762,0
17437,317.46,18053.6517,18083.4762,0
17438,317.50,18053.6496,18083.4762,0
17441,317.54,18053.6496,18083.4762,0
17442,317.57,18053.6496,18083.4762,0
17443,317.62,18053.6517,18083.4762,0
17444,317.62,18053.6517,18083.4762,0
17445,317.70,18053.6496,18083.4762,0
17446,317.70,18053.6496,18083.4762,0
17447,317.78,18053.6517,18083.4762,0
17448,317.81,18053.6517,18083.4762,0
17449,317.85,18053.6517,18083.4762,0
17450,317.85,18053.6517,18083.4762,0
17451,317.85,18053.6517,18083.4762,0
17452,317.85,18053.6517,18083.4762,0
17453,317.85,18053.6517,18083.4762,0
17454,317.85,18053.6517,18083.4762,0
17456,317.86,18053.6517,18083.4762,0
17459,317.86,18053.6517,18083.4762,0
17462,317.86,18053.6517,18083.4762,0
17463,317.86,18053.6517,18083.4762,0
17464,317.86,18053.6517,18083.4762,0
17465,317.86,18053.6517,18083.4762,0
17466,317.86,18053.6517,18083.4762,0
17467,317.90,18053.6496,18083.4762,0
17468,317.93,18053.6496,18083.4762,0
17469,317.97,18053.6496,18083.4762,0
17470,318.01,18053.6517,18083.4762,0
17471,318.01,18053.6517,18083.4762,0
17474,318.05,18053.6517,18083.4762,0
17475,318.13,18053.6496,18083.4762,0
17476,318.21,18053.6517,18083.4762,0
17478,318.22,18053.6517,18083.4762,0
17479,318.22,18053.6517,18083.4762,0
17480,318.25,18053.6517,18083.4762,0
17481,318.25,18053.6517,18083.4762,0
17483,318.25,18053.6517,18083.4762,0
17484,318.33,18053.6496,18083.4762,0
17487,318.37,18053.6496,18083.4762,0
17488,318.40,18053.6496,18083.4762,0
17489,318.40,18053.6496,18083.4762,0
17491,318.45,18053.6517,18083.4762,0
17492,318.45,18053.6517,18083.4762,0
17493,318.45,18053.6517,18083.4762,0
17494,318.48,18053.6517,18083.4762,0
17495,318.48,18053.6517,18083.4762,0
17496,318.48,18053.6517,18083.4762,0
17497,318.48,18053.6517,18083.4762,0
17498,318.53,18053.6496,18083.4762,0
17499,318.56,18053.6496,18083.4762,0
17500,318.60,18053.6496,18083.4762,0
17501,318.60,18053.6496,18083.4762,0
17502,318.64,18053.6517,18083.4762,0
17505,318.67,18053.6517,18083.4762,0
17506,318.71,18053.6517,18083.4762,0
17509,318.71,18053.6517,18083.4762,0
17510,318.71,18053.6517,18083.4762,0
17511,318.75,18053.6496,18083.4762,0
17512,318.79,18053.6496,18083.4762,0
17514,318.83,18053.6517,18083.4762,0
17515,318.87,18053.6517,18083.4762,0
17516,318.90,18053.6517,18083.4762,0
17517,318.90,18053.6517,18083.4762,0
17518,318.90,18053.6517,18083.4762,0
17519,318.91,18053.6517,18083.4762,0
17521,318.91,18053.6517,18083.4762,0
17522,318.91,18053.6517,18083.4762,0
17523,318.91,18053.6517,18083.4762,0
17525,318.95,18053.6496,18083.4762,0
17526,318.99,18053.6496,18083.4762,0
17527,318.99,18053.6496,18083.4762,0
17529,319.03,18053.6517,18083.4762,0
17530,319.07,18053.6517,18083.4762,0
17532,319.08,18053.6517,18083.4762,0
17533,319.08,18053.6517,18083.4762,0
17534,319.08,18053.6517,18083.4762,0
17535,319.12,18053.6496,18083.4762,0
17536,319.12,18053.6496,18083.4762,0
17537,319.20,18053.6517,18083.4762,0
17538,319.21,18053.6517,18083.4762,0
17539,319.21,18053.6517,18083.4762,0
17540,319.24,18053.6517,18083.4762,0
17541,319.27,18053.6517,18083.4762,0
17544,319.28,18053.6517,18083.4762,0
17545,319.28,18053.6517,18083.4762,0
17546,319.28,18053.6517,18083.4762,0
17547,319.28,18053.6517,18083.4762,0
17549,319.28,18053.6517,18083.4762,0
17550,319.28,18053.6517,18083.4762,0
17551,319.28,18053.6517,18083.4762,0
17552,319.32,18053.6496,18083.4762,0
17553,319.33,18053.6496,18083.4762,0
17554,319.36,18053.6496,18083.4762,0
17555,319.36,18053.6496,18083.4762,0
17556,319.39,18053.6496,18083.4762,0
17557,319.39,18053.6496,18083.4762,0
17560,319.40,18053.6496,18083.4762,0
17561,319.40,18053.6496,18083.4762,0
17562,319.40,18053.6496,18083.4762,0
17563,319.40,18053.6496,18083.4762,0
17564,319.40,18053.6496,18083.4762,0
17565,319.44,18053.6517,18083.4762,0
17568,319.45,18053.6517,18083.4762,0
17569,319.45,18053.6517,18083.4762,0
17570,319.48,18053.6517,18083.4762,0
17571,319.48,18053.6517,18083.4762,0
17572,319.51,18053.6517,18083.4762,0
17574,319.51,18053.6517,18083.4762,0
17577,319.51,18053.6517,18083.4762,0
17578,319.56,18053.6496,18083.4762,0
17579,319.59,18053.6496,18083.4762,0
17580,319.68,18053.6517,18083.4762,0
17582,319.72,18053.6517,18083.4762,0
17583,319.72,18053.6517,18083.4762,0
17584,319.75,18053.6517,18083.4762,0
17585,319.76,18053.6517,18083.4762,0
17587,319.76,18053.6517,18083.4762,0
17589,319.76,18053.6517,18083.4762,0
17590,319.80,18053.6496,18083.4762,0
17591,319.80,18053.6496,18083.4762,0
17592,319.88,18053.6517,18083.4762,0
17593,319.89,18053.6517,18083.4762,0
17594,319.89,18053.6517,18083.4762,0
17595,319.92,18053.6517,18083.4762,0
17596,320.00,18053.6496,18083.4762,0
17597,320.03,18053.6496,18083.4762,0
17598,320.04,18053.6496,18083.4762,0
17599,320.04,18053.6496,18083.4762,0
17600,320.07,18053.6496,18083.4762,0
17601,320.11,18053.6517,18083.4762,0
17602,320.12,18053.6517,18083.4762,0
17604,320.15,18053.6517,18083.4762,0
17605,320.15,18053.6517,18083.4762,0
17606,320.19,18053.6517,18083.4762,0
17607,320.19,18053.6517,18083.4762,0
17608,320.19,18053.6517,18083.4762,0
17609,320.19,18053.6517,18083.4762,0
17610,320.19,18053.6517,18083.4762,0
17613,320.19,18053.6517,18083.4762,0
17614,320.19,18053.6517,18083.4762,0
17615,320.19,18053.6517,18083.4762,0
17616,320.19,18053.6517,18083.4762,0
17617,320.19,18053.6517,18083.4762,0
17618,320.19,18053.6517,18083.4762,0
17620,320.23,18053.6496,18083.4762,0
17621,320.26,18053.6496,18083.4762,0
17622,320.27,18053.6496,18083.4762,0
17623,320.30,18053.6496,18083.4762,0
17626,320.31,18053.6496,18083.4762,0
17627,320.31,18053.6496,18083.4762,0
17629,320.31,18053.6496,18083.4762,0
17630,320.31,18053.6496,18083.4762,0
17631,320.31,18053.6496,18083.4762,0
17632,320.31,18053.6496,18083.4762,0
17633,320.35,18053.6517,18083.4762,0
17634,320.38,18053.6517,18083.4762,0
17635,320.38,18053.6517,18083.4762,0
17636,320.39,18053.6517,18083.4762,0
17637,320.46,18053.6496,18083.4762,0
17638,320.54,18053.6517,18083.4762,0
17639,320.55,18053.6517,18083.4762,0
17642,320.58,18053.6517,18083.4762,0
17643,320.58,18053.6517,18083.4762,0
17645,320.58,18053.6517,18083.4762,0
17646,320.58,18053.6517,18083.4762,0
17647,320.66,18053.6496,18083.4762,0
17648,320.69,18053.6496,18083.4762,0
17650,320.70,18053.6496,18083.4762,0
17651,320.73,18053.6496,18083.4762,0
17652,320.77,18053.6517,18083.4762,0
17653,320.78,18053.6517,18083.4762,0
17654,320.81,18053.6517,18083.4762,0
17655,320.85,18053.6517,18083.4762,0
17658,320.89,18053.6496,18083.4762,0
17659,320.93,18053.6496,18083.4762,0
17660,320.93,18053.6496,18083.4762,0
17661,320.93,18053.6496,18083.4762,0
17664,320.97,18053.6496,18083.4762,0
17665,320.97,18053.6496,18083.4762,0
17666,320.97,18053.6496,18083.4762,0
17668,320.97,18053.6496,18083.4762,0
17669,320.97,18053.6496,18083.4762,0
17670,320.97,18053.6496,18083.4762,0
17671,321.01,18053.6517,18083.4762,0
17672,321.05,18053.6517,18083.4762,0
17674,321.08,18053.6517,18083.4762,0
17675,321.13,18053.6496,18083.4762,0
17676,321.13,18053.6496,18083.4762,0
17678,321.13,18053.6496,18083.4762,0
17679,321.17,18053.6496,18083.4762,0
17680,321.17,18053.6496,18083.4762,0
17681,321.20,18053.6496,18083.4762,0
17683,321.20,18053.6496,18083.4762,0
17685,321.24,18053.6517,18083.4762,0
17688,321.28,18053.6517,18083.4762,0
17689,321.28,18053.6517,18083.4762,0
17690,321.32,18053.6517,18083.4762,0
17692,321.32,18053.6517,18083.4762,0
17693,321.32,18053.6517,18083.4762,0
17695,321.38,18053.6496,18083.4762,0
17696,321.41,18053.6496,18083.4762,0
17697,321.42,18053.6496,18083.4762,0
17698,321.46,18053.6517,18083.4762,0
17700,321.50,18053.6517,18083.4762,0
17705,321.53,18053.6517,18083.4762,0
17706,321.53,18053.6517,18083.4762,0
17708,321.53,18053.6517,18083.4762,0
17709,321.53,18053.6517,18083.4762,0
17710,321.57,18053.6496,18083.4762,0
17711,321.61,18053.6496,18083.4762,0
17712,321.61,18053.6496,18083.4762,0
17713,321.65,18053.6496,18083.4762,0
17714,321.69,18053.6517,18083.4762,0
17715,321.72,18053.6517,18083.4762,0
17716,321.72,18053.6517,18083.4762,0
17717,321.72,18053.6517,18083.4762,0
17718,321.75,18053.6517,18083.4762,0
17720,321.76,18053.6517,18083.4762,0
17723,321.76,18053.6517,18083.4762,0
17724,321.76,18053.6517,18083.4762,0
17725,321.76,18053.6517,18083.4762,0
17726,321.76,18053.6517,18083.4762,0
17727,321.76,18053.6517,18083.4762,0
17728,321.76,18053.6517,18083.4762,0
17729,321.76,18053.6517,18083.4762,0
17731,321.76,18053.6517,18083.4762,0
17732,321.76,18053.6517,18083.4762,0
17733,321.81,18053.6496,18083.4762,0
17734,321.81,18053.6496,18083.4762,0
17735,321.84,18053.6496,18083.4762,0
17736,321.89,18053.6517,18083.4762,0
17738,321.93,18053.6517,18083.4762,0
17739,321.96,18053.6517,18083.4762,0
17741,321.96,18053.6517,18083.4762,0
17742,321.96,18053.6517,18083.4762,0
17743,321.96,18053.6517,18083.4762,0
17744,321.96,18053.6517,18083.4762,0
17745,322.00,18053.6496,18083.4762,0
17746,322.08,18053.6517,18083.4762,0
17747,322.15,18053.6496,18083.4762,0
17748,322.19,18053.6496,18083.4762,0
17749,322.22,18053.6496,18083.4762,0
17750,322.23,18053.6496,18083.4762,0
17751,322.23,18053.6496,18083.4762,0
17753,322.23,18053.6496,18083.4762,0
17754,322.23,18053.6496,18083.4762,0
17755,322.23,18053.6496,18083.4762,0
17756,322.27,18053.6517,18083.4762,0
17758,322.28,18053.6517,18083.4762,0
17759,322.28,18053.6517,18083.4762,0
17760,322.31,18053.6517,18083.4762,0
17761,322.31,18053.6517,18083.4762,0
17762,322.31,18053.6517,18083.4762,0
17763,322.35,18053.6517,18083.4762,0
17764,322.39,18053.6496,18083.4762,0
17765,322.40,18053.6496,18083.4762,0
17767,322.40,18053.6496,18083.4762,0
17768,322.40,18053.6496,18083.4762,0
17769,322.48,18053.6517,18083.4762,0
17770,322.48,18053.6517,18083.4762,0
17771,322.56,18053.6496,18083.4762,0
17773,322.57,18053.6496,18083.4762,0
17774,322.57,18053.6496,18083.4762,0
17775,322.60,18053.6496,18083.4762,0
17776,322.60,18053.6496,18083.4762,0
17777,322.63,18053.6496,18083.4762,0
17778,322.63,18053.6496,18083.4762,0
17779,322.63,18053.6496,18083.4762,0
17780,322.63,18053.6496,18083.4762,0
17781,322.63,18053.6496,18083.4762,0
17783,322.68,18053.6517,18083.4762,0
17784,322.71,18053.6517,18083.4762,0
17785,322.74,18053.6517,18083.4762,0
17786,322.79,18053.6496,18083.4762,0
17789,322.82,18053.6496,18083.4762,0
17790,322.83,18053.6496,18083.4762,0
17791,322.83,18053.6496,18083.4762,0
17792,322.83,18053.6496,18083.4762,0
17796,322.86,18053.6496,18083.4762,0
17797,322.86,18053.6496,18083.4762,0
17798,322.86,18053.6496,18083.4762,0
17799,322.86,18053.6496,18083.4762,0
17800,322.91,18053.6517,18083.4762,0
17802,322.94,18053.6517,18083.4762,0
17803,322.94,18053.6517,18083.4762,0
17804,322.95,18053.6517,18083.4762,0
17806,322.98,18053.6517,18083.4762,0
17808,323.03,18053.6496,18083.4762,0
17811,323.04,18053.6496,18083.4762,0
17812,323.04,18053.6496,18083.4762,0
17813,323.07,18053.6496,18083.4762,0
17815,323.07,18053.6496,18083.4762,0
17816,323.07,18053.6496,18083.4762,0
17819,323.11,18053.6517,18083.4762,0
17820,323.15,18053.6517,18083.4762,0
17821,323.15,18053.6517,18083.4762,0
17822,323.15,18053.6517,18083.4762,0
17823,323.18,18053.6517,18083.4762,0
17824,323.19,18053.6517,18083.4762,0
17826,323.19,18053.6517,18083.4762,0
17827,323.23,18053.6496,18083.4762,0
17828,323.27,18053.6496,18083.4762,0
17829,323.27,18053.6496,18083.4762,0
17830,323.27,18053.6496,18083.4762,0
17832,323.27,18053.6496,18083.4762,0
17833,323.32,18053.6517,18083.4762,0
17834,323.35,18053.6517,18083.4762,0
17835,323.36,18053.6517,18083.4762,0
17837,323.39,18053.6517,18083.4762,0
17839,323.39,18053.6517,18083.4762,0
17840,323.39,18053.6517,18083.4762,0
17842,323.39,18053.6517,18083.4762,0
17843,323.44,18053.6496,18083.4762,0
17844,323.44,18053.6496,18083.4762,0
17845,323.48,18053.6496,18083.4762,0
17846,323.51,18053.6496,18083.4762,0
17847,323.51,18053.6496,18083.4762,0
17849,323.51,18053.6496,18083.4762,0
17851,323.56,18053.6517,18083.4762,0
17853,323.59,18053.6517,18083.4762,0
17855,323.59,18053.6517,18083.4762,0
17856,323.60,18053.6517,18083.4762,0
17858,323.64,18053.6496,18083.4762,0
17859,323.68,18053.6496,18083.4762,0
17861,323.69,18053.6496,18083.4762,0
17862,323.72,18053.6496,18083.4762,0
17866,323.72,18053.6496,18083.4762,0
17867,323.76,18053.6517,18083.4762,0
17869,323.80,18053.6517,18083.4762,0
17870,323.88,18053.6496,18083.4762,0
17871,323.88,18053.6496,18083.4762,0
17872,323.91,18053.6496,18083.4762,0
17873,323.91,18053.6496,18083.4762,0
17875,323.99,18053.6517,18083.4762,0
17879,324.00,18053.6517,18083.4762,0
17880,324.08,18053.6496,18083.4762,0
17881,324.08,18053.6496,18083.4762,0
17882,324.16,18053.6517,18083.4762,0
17884,324.20,18053.6517,18083.4762,0
17886,324.20,18053.6517,18083.4762,0
17888,324.20,18053.6517,18083.4762,0
17890,324.24,18053.6517,18083.4762,0
17892,324.24,18053.6517,18083.4762,0
17893,324.28,18053.6496,18083.4762,0
17894,324.31,18053.6496,18083.4762,0
17895,324.36,18053.6517,18083.4762,0
17896,324.36,18053.6517,18083.4762,0
17897,324.39,18053.6517,18083.4762,0
17898,324.39,18053.6517,18083.4762,0
17899,324.39,18053.6517,18083.4762,0
17901,324.40,18053.6517,18083.4762,0
17902,324.44,18053.6496,18083.4762,0
17904,324.45,18053.6496,18083.4762,0
17905,324.45,18053.6496,18083.4762,0
17906,324.53,18053.6517,18083.4762,0
17907,324.56,18053.6517,18083.4762,0
17908,324.56,18053.6517,18083.4762,0
17909,324.59,18053.6517,18083.4762,0
17910,324.60,18053.6517,18083.4762,0
17911,324.60,18053.6517,18083.4762,0
17912,324.64,18053.6496,18083.4762,0
17913,324.72,18053.6517,18083.4762,0
17914,324.75,18053.6517,18083.4762,0
17915,324.76,18053.6517,18083.4762,0
17916,324.76,18053.6517,18083.4762,0
17917,324.79,18053.6517,18083.4762,0
17919,324.79,18053.6517,18083.4762,0
17921,324.79,18053.6517,18083.4762,0
17922,324.79,18053.6517,18083.4762,0
17924,324.79,18053.6517,18083.4762,0
17925,324.79,18053.6517,18083.4762,0
17926,324.79,18053.6517,18083.4762,0
17927,324.79,18053.6517,18083.4762,0
17928,324.79,18053.6517,18083.4762,0
17930,324.79,18053.6517,18083.4762,0
17931,324.79,18053.6517,18083.4762,0
17932,324.84,18053.6496,18083.4762,0
17936,324.88,18053.6496,18083.4762,0
17939,324.88,18053.6496,18083.4762,0
17943,324.88,18053.6496,18083.4762,0
17944,324.88,18053.6496,18083.4762,0
17945,324.92,18053.6517,18083.4762,0
17946,324.96,18053.6517,18083.4762,0
17947,325.03,18053.6496,18083.4762,0
17948,325.04,18053.6496,18083.4762,0
17950,325.08,18053.6496,18083.4762,0
17951,325.12,18053.6517,18083.4762,0
17952,325.15,18053.6517,18083.4762,0
17953,325.15,18053.6517,18083.4762,0
17954,325.23,18053.6496,18083.4762,0
17955,325.23,18053.6496,18083.4762,0
17956,325.23,18053.6496,18083.4762,0
17957,325.31,18053.6517,18083.4762,0
17958,325.39,18053.6496,18083.4762,0
17959,325.42,18053.6496,18083.4762,0
17960,325.42,18053.6496,18083.4762,0
17961,325.42,18053.6496,18083.4762,0
17962,325.46,18053.6496,18083.4762,0
17963,325.46,18053.6496,18083.4762,0
17964,325.46,18053.6496,18083.4762,0
17965,325.50,18053.6517,18083.4762,0
17966,325.53,18053.6517,18083.4762,0
17967,325.54,18053.6517,18083.4762,0
17969,325.54,18053.6517,18083.4762,0
17970,325.54,18053.6517,18083.4762,0
17971,325.62,18053.6496,18083.4762,0
17972,325.62,18053.6496,18083.4762,0
17974,325.66,18053.6496,18083.4762,0
17977,325.66,18053.6496,18083.4762,0
17978,325.66,18053.6496,18083.4762,0
17979,325.74,18053.6517,18083.4762,0
17980,325.77,18053.6517,18083.4762,0
17981,325.81,18053.6496,18083.4762,0
17982,325.85,18053.6496,18083.4762,0
17983,325.88,18053.6496,18083.4762,0
17984,325.88,18053.6496,18083.4762,0
17985,325.88,18053.6496,18083.4762,0
17987,325.93,18053.6517,18083.4762,0
17988,325.96,18053.6517,18083.4762,0
17989,325.96,18053.6517,18083.4762,0
17991,325.97,18053.6517,18083.4762,0
17992,325.97,18053.6517,18083.4762,0
17993,325.97,18053.6517,18083.4762,0
17994,326.05,18053.6496,18083.4762,0
17995,326.05,18053.6496,18083.4762,0
17997,326.09,18053.6496,18083.4762,0
17998,326.09,18053.6496,18083.4762,0
17999,326.09,18053.6496,18083.4762,0
18000,326.09,18053.6496,18083.4762,0
18001,326.13,18053.6496,18083.4762,0
18002,326.17,18053.6517,18083.4762,0
18003,326.20,18053.6517,18083.4762,0
18004,326.21,18053.6517,18083.4762,0
18006,326.21,18053.6517,18083.4762,0
18008,326.21,18053.6517,18083.4762,0
18009,326.21,18053.6517,18083.4762,0
18010,326.21,18053.6517,18083.4762,0
18011,326.21,18053.6517,18083.4762,0
18012,326.24,18053.6517,18083.4762,0
18013,326.24,18053.6517,18083.4762,0
18014,326.24,18053.6517,18083.4762,0
18015,326.24,18053.6517,18083.4762,0
18016,326.24,18053.6517,18083.4762,0
18018,326.24,18053.6517,18083.4762,0
18022,326.24,18053.6517,18083.4762,0
18024,326.24,18053.6517,18083.4762,0
18025,326.24,18053.6517,18083.4762,0
18026,326.29,18053.6496,18083.4762,0
18027,326.32,18053.6496,18083.4762,0
18030,326.33,18053.6496,18083.4762,0
18031,326.36,18053.6496,18083.4762,0
18032,326.36,18053.6496,18083.4762,0
18033,326.41,18053.6517,18083.4762,0
18035,326.42,18053.6517,18083.4762,0
18037,326.45,18053.6517,18083.4762,0
18038,326.45,18053.6517,18083.4762,0
18040,326.45,18053.6517,18083.4762,0
18042,326.45,18053.6517,18083.4762,0
18043,326.48,18053.6517,18083.4762,0
18044,326.48,18053.6517,18083.4762,0
18045,326.53,18053.6496,18083.4762,0
18047,326.56,18053.6496,18083.4762,0
18048,326.60,18053.6496,18083.4762,0
18049,326.60,18053.6496,18083.4762,0
18051,326.60,18053.6496,18083.4762,0
18053,326.60,18053.6496,18083.4762,0
18054,326.60,18053.6496,18083.4762,0
18055,326.64,18053.6517,18083.4762,0
18056,326.68,18053.6517,18083.4762,0
18058,326.68,18053.6517,18083.4762,0
18059,326.73,18053.6496,18083.4762,0
18061,326.73,18053.6496,18083.4762,0
18062,326.77,18053.6496,18083.4762,0
18064,326.77,18053.6496,18083.4762,0
18066,326.77,18053.6496,18083.4762,0
18067,326.77,18053.6496,18083.4762,0
18068,326.77,18053.6496,18083.4762,0
18069,326.77,18053.6496,18083.4762,0
18070,326.77,18053.6496,18083.4762,0
18072,326.77,18053.6496,18083.4762,0
18074,326.80,18053.6496,18083.4762,0
18079,326.84,18053.6517,18083.4762,0
18080,326.85,18053.6517,18083.4762,0
18081,326.88,18053.6517,18083.4762,0
18082,326.93,18053.6496,18083.4762,0
18083,326.93,18053.6496,18083.4762,0
18084,326.97,18053.6496,18083.4762,0
18086,327.04,18053.6517,18083.4762,0
18088,327.08,18053.6517,18083.4762,0
18089,327.08,18053.6517,18083.4762,0
18090,327.08,18053.6517,18083.4762,0
18091,327.08,18053.6517,18083.4762,0
18093,327.13,18053.6496,18083.4762,0
18096,327.13,18053.6496,18083.4762,0
18097,327.17,18053.6496,18083.4762,0
18098,327.20,18053.6496,18083.4762,0
18100,327.20,18053.6496,18083.4762,0
18101,327.20,18053.6496,18083.4762,0
18102,327.20,18053.6496,18083.4762,0
18104,327.24,18053.6517,18083.4762,0
18105,327.28,18053.6517,18083.4762,0
18106,327.28,18053.6517,18083.4762,0
18107,327.28,18053.6517,18083.4762,0
18109,327.29,18053.6517,18083.4762,0
18110,327.33,18053.6496,18083.4762,0
18112,327.34,18053.6496,18083.4762,0
18114,327.37,18053.6496,18083.4762,0
18115,327.41,18053.6496,18083.4762,0
18116,327.41,18053.6496,18083.4762,0
18117,327.45,18053.6517,18083.4762,0
18118,327.45,18053.6517,18083.4762,0
18120,327.46,18053.6517,18083.4762,0
18122,327.49,18053.6517,18083.4762,0
18123,327.57,18053.6496,18083.4762,0
18124,327.57,18053.6496,18083.4762,0
18125,327.57,18053.6496,18083.4762,0
18126,327.65,18053.6517,18083.4762,0
18127,327.68,18053.6517,18083.4762,0
18128,327.76,18053.6496,18083.4762,0
18129,327.77,18053.6496,18083.4762,0
18132,327.80,18053.6496,18083.4762,0
18136,327.80,18053.6496,18083.4762,0
18137,327.80,18053.6496,18083.4762,0
18138,327.80,18053.6496,18083.4762,0
18139,327.80,18053.6496,18083.4762,0
18140,327.87,18053.6517,18083.4762,0
18141,327.87,18053.6517,18083.4762,0
18142,327.90,18053.6517,18083.4762,0
18144,327.94,18053.6517,18083.4762,0
18145,327.98,18053.6496,18083.4762,0
18146,328.06,18053.6517,18083.4762,0
18147,328.09,18053.6517,18083.4762,0
18149,328.10,18053.6517,18083.4762,0
18152,328.10,18053.6517,18083.4762,0
18153,328.10,18053.6517,18083.4762,0
18155,328.10,18053.6517,18083.4762,0
18156,328.10,18053.6517,18083.4762,0
18157,328.15,18053.6496,18083.4762,0
18158,328.18,18053.6496,18083.4762,0
18159,328.19,18053.6496,18083.4762,0
18160,328.22,18053.6496,18083.4762,0
18161,328.22,18053.6496,18083.4762,0
18163,328.27,18053.6517,18083.4762,0
18164,328.27,18053.6517,18083.4762,0
18165,328.27,18053.6517,18083.4762,0
18166,328.31,18053.6517,18083.4762,0
18167,328.31,18053.6517,18083.4762,0
18168,328.31,18053.6517,18083.4762,0
18169,328.34,18053.6517,18083.4762,0
18172,328.34,18053.6517,18083.4762,0
18174,328.34,18053.6517,18083.4762,0
18175,328.34,18053.6517,18083.4762,0
18176,328.39,18053.6496,18083.4762,0
18177,328.47,18053.6517,18083.4762,0
18182,328.50,18053.6517,18083.4762,0
18183,328.51,18053.6517,18083.4762,0
18185,328.51,18053.6517,18083.4762,0
18186,328.51,18053.6517,18083.4762,0
18187,328.51,18053.6517,18083.4762,0
18188,328.51,18053.6517,18083.4762,0
18189,328.54,18053.6517,18083.4762,0
18192,328.54,18053.6517,18083.4762,0
18193,328.54,18053.6517,18083.4762,0
18195,328.58,18053.6496,18083.4762,0
18196,328.62,18053.6496,18083.4762,0
18197,328.62,18053.6496,18083.4762,0
18198,328.62,18053.6496,18083.4762,0
18199,328.65,18053.6496,18083.4762,0
18200,328.66,18053.6496,18083.4762,0
18201,328.70,18053.6517,18083.4762,0
18202,328.71,18053.6517,18083.4762,0
18204,328.74,18053.6517,18083.4762,0
18206,328.78,18053.6517,18083.4762,0
18208,328.78,18053.6517,18083.4762,0
18209,328.78,18053.6517,18083.4762,0
18210,328.78,18053.6517,18083.4762,0
18211,328.78,18053.6517,18083.4762,0
18212,328.78,18053.6517,18083.4762,0
18213,328.78,18053.6517,18083.4762,0
18215,328.78,18053.6517,18083.4762,0
18216,328.82,18053.6496,18083.4762,0
18218,328.86,18053.6496,18083.4762,0
18219,328.89,18053.6496,18083.4762,0
18220,328.93,18053.6517,18083.4762,0
18221,328.94,18053.6517,18083.4762,0
18222,328.97,18053.6517,18083.4762,0
18224,328.98,18053.6517,18083.4762,0
18226,328.98,18053.6517,18083.4762,0
18228,329.02,18053.6496,18083.4762,0
18229,329.05,18053.6496,18083.4762,0
18231,329.10,18053.6517,18083.4762,0
18233,329.14,18053.6517,18083.4762,0
18234,329.17,18053.6517,18083.4762,0
18235,329.18,18053.6517,18083.4762,0
18237,329.18,18053.6517,18083.4762,0
18238,329.18,18053.6517,18083.4762,0
18239,329.18,18053.6517,18083.4762,0
18240,329.18,18053.6517,18083.4762,0
18242,329.18,18053.6517,18083.4762,0
18243,329.22,18053.6496,18083.4762,0
18244,329.25,18053.6496,18083.4762,0
18246,329.26,18053.6496,18083.4762,0
18247,329.26,18053.6496,18083.4762,0
18248,329.29,18053.6496,18083.4762,0
18249,329.34,18053.6517,18083.4762,0
18252,329.35,18053.6517,18083.4762,0
18255,329.35,18053.6517,18083.4762,0
18256,329.35,18053.6517,18083.4762,0
18257,329.38,18053.6517,18083.4762,0
18258,329.38,18053.6517,18083.4762,0
18259,329.38,18053.6517,18083.4762,0
18260,329.38,18053.6517,18083.4762,0
18262,329.46,18053.6496,18083.4762,0
18263,329.53,18053.6517,18083.4762,0
18264,329.54,18053.6517,18083.4762,0
18265,329.57,18053.6517,18083.4762,0
18266,329.57,18053.6517,18083.4762,0
18267,329.57,18053.6517,18083.4762,0
18269,329.58,18053.6517,18083.4762,0
18272,329.62,18053.6496,18083.4762,0
18273,329.62,18053.6496,18083.4762,0
18274,329.66,18053.6496,18083.4762,0
18275,329.66,18053.6496,18083.4762,0
18277,329.66,18053.6496,18083.4762,0
18278,329.70,18053.6496,18083.4762,0
18279,329.70,18053.6496,18083.4762,0
18280,329.70,18053.6496,18083.4762,0
18281,329.70,18053.6496,18083.4762,0
18283,329.74,18053.6517,18083.4762,0
18284,329.74,18053.6517,18083.4762,0
18287,329.75,18053.6517,18083.4762,0
18288,329.78,18053.6517,18083.4762,0
18289,329.78,18053.6517,18083.4762,0
18290,329.81,18053.6517,18083.4762,0
18291,329.81,18053.6517,18083.4762,0
18292,329.86,18053.6496,18083.4762,0
18293,329.89,18053.6496,18083.4762,0
18294,329.90,18053.6496,18083.4762,0
18295,329.93,18053.6496,18083.4762,0
18296,329.93,18053.6496,18083.4762,0
18298,329.93,18053.6496,18083.4762,0
18300,329.93,18053.6496,18083.4762,0
18301,329.98,18053.6517,18083.4762,0
18302,330.01,18053.6517,18083.4762,0
18305,330.02,18053.6517,18083.4762,0
18306,330.05,18053.6517,18083.4762,0
18308,330.05,18053.6517,18083.4762,0
18309,330.10,18053.6496,18083.4762,0
18310,330.10,18053.6496,18083.4762,0
18311,330.18,18053.6517,18083.4762,0
18312,330.21,18053.6517,18083.4762,0
18313,330.29,18053.6496,18083.4762,0
18314,330.32,18053.6496,18083.4762,0
18315,330.36,18053.6517,18083.4762,0
18317,330.40,18053.6517,18083.4762,0
18318,330.44,18053.6517,18083.4762,0
18321,330.44,18053.6517,18083.4762,0
18322,330.44,18053.6517,18083.4762,0
18323,330.44,18053.6517,18083.4762,0
18325,330.44,18053.6517,18083.4762,0
18326,330.44,18053.6517,18083.4762,0
18328,330.44,18053.6517,18083.4762,0
18329,330.44,18053.6517,18083.4762,0
18330,330.44,18053.6517,18083.4762,0
18331,330.48,18053.6496,18083.4762,0
18332,330.52,18053.6496,18083.4762,0
18333,330.52,18053.6496,18083.4762,0
18334,330.55,18053.6496,18083.4762,0
18336,330.56,18053.6496,18083.4762,0
18337,330.56,18053.6496,18083.4762,0
18338,330.60,18053.6517,18083.4762,0
18339,330.61,18053.6517,18083.4762,0
18340,330.61,18053.6517,18083.4762,0
18341,330.64,18053.6517,18083.4762,0
18342,330.68,18053.6517,18083.4762,0
18343,330.68,18053.6517,18083.4762,0
18345,330.68,18053.6517,18083.4762,0
18346,330.68,18053.6517,18083.4762,0
18347,330.73,18053.6496,18083.4762,0
18350,330.82,18053.6496,18083.4762,0
18351,330.86,18053.6496,18083.4762,0
18352,330.90,18053.6517,18083.4762,0
18353,330.94,18053.6517,18083.4762,0
18354,330.97,18053.6517,18083.4762,0
18355,330.97,18053.6517,18083.4762,0
18356,330.97,18053.6517,18083.4762,0
18357,330.97,18053.6517,18083.4762,0
18358,330.97,18053.6517,18083.4762,0
18359,330.97,18053.6517,18083.4762,0
18360,330.97,18053.6517,18083.4762,0
18361,330.97,18053.6517,18083.4762,0
18362,330.97,18053.6517,18083.4762,0
18365,330.98,18053.6517,18083.4762,0
18366,331.02,18053.6496,18083.4762,0
18367,331.03,18053.6496,18083.4762,0
18369,331.08,18053.6496,18083.4762,0
18371,331.08,18053.6496,18083.4762,0
18372,331.08,18053.6496,18083.4762,0
18373,331.08,18053.6496,18083.4762,0
18374,331.08,18053.6496,18083.4762,0
18376,331.08,18053.6496,18083.4762,0
18377,331.08,18053.6496,18083.4762,0
18379,331.13,18053.6517,18083.4762,0
18380,331.13,18053.6517,18083.4762,0
18381,331.16,18053.6517,18083.4762,0
18382,331.16,18053.6517,18083.4762,0
18383,331.16,18053.6517,18083.4762,0
18384,331.16,18053.6517,18083.4762,0
18385,331.16,18053.6517,18083.4762,0
18386,331.21,18053.6496,18083.4762,0
18387,331.21,18053.6496,18083.4762,0
18389,331.22,18053.6496,18083.4762,0
18390,331.22,18053.6496,18083.4762,0
18391,331.25,18053.6496,18083.4762,0
18392,331.28,18053.6496,18083.4762,0
18393,331.28,18053.6496,18083.4762,0
18394,331.28,18053.6496,18083.4762,0
18395,331.28,18053.6496,18083.4762,0
18396,331.28,18053.6496,18083.4762,0
18397,331.33,18053.6517,18083.4762,0
18398,331.40,18053.6496,18083.4762,0
18399,331.44,18053.6496,18083.4762,0
18400,331.48,18053.6517,18083.4762,0
18401,331.51,18053.6517,18083.4762,0
18402,331.56,18053.6496,18083.4762,0
18403,331.56,18053.6496,18083.4762,0
18406,331.60,18053.6496,18083.4762,0
18410,331.60,18053.6496,18083.4762,0
18411,331.63,18053.6496,18083.4762,0
18412,331.63,18053.6496,18083.4762,0
18413,331.68,18053.6517,18083.4762,0
18414,331.71,18053.6517,18083.4762,0
18415,331.72,18053.6517,18083.4762,0
18416,331.72,18053.6517,18083.4762,0
18417,331.72,18053.6517,18083.4762,0
18418,331.79,18053.6496,18083.4762,0
18420,331.83,18053.6496,18083.4762,0
18421,331.91,18053.6517,18083.4762,0
18422,331.94,18053.6517,18083.4762,0
18423,331.97,18053.6517,18083.4762,0
18424,332.02,18053.6496,18083.4762,0
18426,332.03,18053.6496,18083.4762,0
18427,332.06,18053.6496,18083.4762,0
18428,332.06,18053.6496,18083.4762,0
18429,332.13,18053.6517,18083.4762,0
18430,332.17,18053.6517,18083.4762,0
18431,332.17,18053.6517,18083.4762,0
18432,332.21,18053.6517,18083.4762,0
18433,332.21,18053.6517,18083.4762,0
18434,332.21,18053.6517,18083.4762,0
18436,332.21,18053.6517,18083.4762,0
18438,332.21,18053.6517,18083.4762,0
18440,332.21,18053.6517,18083.4762,0
18441,332.21,18053.6517,18083.4762,0
18442,332.21,18053.6517,18083.4762,0
18443,332.26,18053.6496,18083.4762,0
18444,332.34,18053.6517,18083.4762,0
18445,332.34,18053.6517,18083.4762,0
18446,332.38,18053.6517,18083.4762,0
18447,332.38,18053.6517,18083.4762,0
18448,332.38,18053.6517,18083.4762,0
18449,332.38,18053.6517,18083.4762,0
18452,332.38,18053.6517,18083.4762,0
18453,332.42,18053.6517,18083.4762,0
18454,332.42,18053.6517,18083.4762,0
18455,332.42,18053.6517,18083.4762,0
18456,332.42,18053.6517,18083.4762,0
18457,332.46,18053.6496,18083.4762,0
18458,332.50,18053.6496,18083.4762,0
18459,332.53,18053.6496,18083.4762,0
18460,332.53,18053.6496,18083.4762,0
18461,332.53,18053.6496,18083.4762,0
18463,332.54,18053.6496,18083.4762,0
18465,332.54,18053.6496,18083.4762,0
18466,332.54,18053.6496,18083.4762,0
18467,332.59,18053.6517,18083.4762,0
18468,332.62,18053.6517,18083.4762,0
18472,332.63,18053.6517,18083.4762,0
18474,332.63,18053.6517,18083.4762,0
18475,332.63,18053.6517,18083.4762,0
18476,332.63,18053.6517,18083.4762,0
18477,332.72,18053.6496,18083.4762,0
18478,332.79,18053.6517,18083.4762,0
18479,332.80,18053.6517,18083.4762,0
18480,332.83,18053.6517,18083.4762,0
18481,332.87,18053.6517,18083.4762,0
18482,332.87,18053.6517,18083.4762,0
18483,332.91,18053.6496,18083.4762,0
18484,332.92,18053.6496,18083.4762,0
18485,332.95,18053.6496,18083.4762,0
18486,332.99,18053.6496,18083.4762,0
18487,332.99,18053.6496,18083.4762,0
18488,333.03,18053.6517,18083.4762,0
18489,333.06,18053.6517,18083.4762,0
18490,333.07,18053.6517,18083.4762,0
18491,333.07,18053.6517,18083.4762,0
18493,333.12,18053.6496,18083.4762,0
18494,333.15,18053.6496,18083.4762,0
18495,333.15,18053.6496,18083.4762,0
18496,333.15,18053.6496,18083.4762,0
18497,333.20,18053.6517,18083.4762,0
18498,333.28,18053.6496,18083.4762,0
18500,333.29,18053.6496,18083.4762,0
18501,333.32,18053.6496,18083.4762,0
18502,333.32,18053.6496,18083.4762,0
18504,333.40,18053.6517,18083.4762,0
18505,333.44,18053.6517,18083.4762,0
18506,333.44,18053.6517,18083.4762,0
18508,333.45,18053.6517,18083.4762,0
18509,333.45,18053.6517,18083.4762,0
18510,333.48,18053.6517,18083.4762,0
18511,333.48,18053.6517,18083.4762,0
18512,333.53,18053.6496,18083.4762,0
18516,333.64,18053.6517,18083.4762,0
18517,333.67,18053.6517,18083.4762,0
18518,333.71,18053.6517,18083.4762,0
18519,333.75,18053.6496,18083.4762,0
18520,333.78,18053.6496,18083.4762,0
18521,333.82,18053.6496,18083.4762,0
18522,333.82,18053.6496,18083.4762,0
18524,333.83,18053.6496,18083.4762,0
18525,333.87,18053.6517,18083.4762,0
18526,333.95,18053.6496,18083.4762,0
18527,333.98,18053.6496,18083.4762,0
18528,333.99,18053.6496,18083.4762,0
18529,333.99,18053.6496,18083.4762,0
18531,333.99,18053.6496,18083.4762,0
18532,334.07,18053.6517,18083.4762,0
18533,334.08,18053.6517,18083.4762,0
18534,334.11,18053.6517,18083.4762,0
18535,334.11,18053.6517,18083.4762,0
18536,334.15,18053.6517,18083.4762,0
18538,334.15,18053.6517,18083.4762,0
18540,334.15,18053.6517,18083.4762,0
18541,334.15,18053.6517,18083.4762,0
18542,334.15,18053.6517,18083.4762,0
18543,334.19,18053.6496,18083.4762,0
18544,334.23,18053.6496,18083.4762,0
18546,334.31,18053.6517,18083.4762,0
18547,334.35,18053.6517,18083.4762,0
18548,334.38,18053.6517,18083.4762,0
18549,334.39,18053.6517,18083.4762,0
18550,334.39,18053.6517,18083.4762,0
18551,334.39,18053.6517,18083.4762,0
18552,334.39,18053.6517,18083.4762,0
18553,334.39,18053.6517,18083.4762,0
18555,334.39,18053.6517,18083.4762,0
18558,334.43,18053.6496,18083.4762,0
18559,334.47,18053.6496,18083.4762,0
18560,334.47,18053.6496,18083.4762,0
18561,334.47,18053.6496,18083.4762,0
18563,334.48,18053.6496,18083.4762,0
18564,334.48,18053.6496,18083.4762,0
18568,334.51,18053.6496,18083.4762,0
18569,334.51,18053.6496,18083.4762,0
18570,334.51,18053.6496,18083.4762,0
18571,334.56,18053.6517,18083.4762,0
18572,334.56,18053.6517,18083.4762,0
18573,334.56,18053.6517,18083.4762,0
18574,334.56,18053.6517,18083.4762,0
18576,334.60,18053.6517,18083.4762,0
18577,334.68,18053.6496,18083.4762,0
18578,334.68,18053.6496,18083.4762,0
18581,334.69,18053.6496,18083.4762,0
18583,334.72,18053.6496,18083.4762,0
18584,334.77,18053.6517,18083.4762,0
18585,334.85,18053.6496,18083.4762,0
18587,334.88,18053.6496,18083.4762,0
18589,334.89,18053.6496,18083.4762,0
18590,334.89,18053.6496,18083.4762,0
18591,334.92,18053.6496,18083.4762,0
18592,334.92,18053.6496,18083.4762,0
18593,334.92,18053.6496,18083.4762,0
18597,334.92,18053.6496,18083.4762,0
18599,334.92,18053.6496,18083.4762,0
18600,334.97,18053.6517,18083.4762,0
18601,335.00,18053.6517,18083.4762,0
18602,335.00,18053.6517,18083.4762,0
18603,335.00,18053.6517,18083.4762,0
18604,335.04,18053.6517,18083.4762,0
18605,335.04,18053.6517,18083.4762,0
18606,335.09,18053.6496,18083.4762,0
18607,335.09,18053.6496,18083.4762,0
18608,335.12,18053.6496,18083.4762,0
18609,335.12,18053.6496,18083.4762,0
18610,335.12,18053.6496,18083.4762,0
18611,335.17,18053.6517,18083.4762,0
18613,335.25,18053.6496,18083.4762,0
18614,335.28,18053.6496,18083.4762,0
18615,335.28,18053.6496,18083.4762,0
18617,335.34,18053.6517,18083.4762,0
18620,335.42,18053.6496,18083.4762,0
18621,335.50,18053.6517,18083.4762,0
18622,335.51,18053.6517,18083.4762,0
18623,335.54,18053.6517,18083.4762,0
18625,335.55,18053.6517,18083.4762,0
18626,335.55,18053.6517,18083.4762,0
18633,335.55,18053.6517,18083.4762,0
18634,335.55,18053.6517,18083.4762,0
18636,335.55,18053.6517,18083.4762,0
18637,335.55,18053.6517,18083.4762,0
18638,335.58,18053.6517,18083.4762,0
18640,335.58,18053.6517,18083.4762,0
18641,335.58,18053.6517,18083.4762,0
18644,335.58,18053.6517,18083.4762,0
18645,335.62,18053.6496,18083.4762,0
18646,335.63,18053.6496,18083.4762,0
18647,335.71,18053.6517,18083.4762,0
18648,335.71,18053.6517,18083.4762,0
18649,335.71,18053.6517,18083.4762,0
18650,335.71,18053.6517,18083.4762,0
18651,335.71,18053.6517,18083.4762,0
18652,335.74,18053.6517,18083.4762,0
18655,335.78,18053.6517,18083.4762,0
18656,335.78,18053.6517,18083.4762,0
18657,335.78,18053.6517,18083.4762,0
18659,335.83,18053.6496,18083.4762,0
18660,335.86,18053.6496,18083.4762,0
18661,335.87,18053.6496,18083.4762,0
18663,335.87,18053.6496,18083.4762,0
18666,335.95,18053.6517,18083.4762,0
18667,335.99,18053.6517,18083.4762,0
18668,336.02,18053.6517,18083.4762,0
18669,336.03,18053.6517,18083.4762,0
18670,336.07,18053.6496,18083.4762,0
18671,336.07,18053.6496,18083.4762,0
18674,336.11,18053.6496,18083.4762,0
18675,336.11,18053.6496,18083.4762,0
18676,336.19,18053.6517,18083.4762,0
18677,336.27,18053.6496,18083.4762,0
18679,336.30,18053.6496,18083.4762,0
18680,336.35,18053.6517,18083.4762,0
18681,336.38,18053.6517,18083.4762,0
18682,336.38,18053.6517,18083.4762,0
18685,336.39,18053.6517,18083.4762,0
18686,336.42,18053.6517,18083.4762,0
18687,336.42,18053.6517,18083.4762,0
18688,336.42,18053.6517,18083.4762,0
18690,336.42,18053.6517,18083.4762,0
18692,336.43,18053.6517,18083.4762,0
18694,336.47,18053.6496,18083.4762,0
18696,336.48,18053.6496,18083.4762,0
18697,336.51,18053.6496,18083.4762,0
18698,336.59,18053.6517,18083.4762,0
18699,336.67,18053.6496,18083.4762,0
18701,336.75,18053.6517,18083.4762,0
18702,336.76,18053.6517,18083.4762,0
18703,336.76,18053.6517,18083.4762,0
18704,336.76,18053.6517,18083.4762,0
18706,336.76,18053.6517,18083.4762,0
18707,336.76,18053.6517,18083.4762,0
18708,336.76,18053.6517,18083.4762,0
18709,336.80,18053.6517,18083.4762,0
18710,336.80,18053.6517,18083.4762,0
18711,336.80,18053.6517,18083.4762,0
18712,336.83,18053.6517,18083.4762,0
18713,336.83,18053.6517,18083.4762,0
18714,336.83,18053.6517,18083.4762,0
18715,336.83,18053.6517,18083.4762,0
18716,336.87,18053.6496,18083.4762,0
18719,336.88,18053.6496,18083.4762,0
18721,336.92,18053.6496,18083.4762,0
18722,336.96,18053.6517,18083.4762,0
18723,337.04,18053.6496,18083.4762,0
18725,337.04,18053.6496,18083.4762,0
18726,337.12,18053.6517,18083.4762,0
18727,337.15,18053.6517,18083.4762,0
18729,337.20,18053.6496,18083.4762,0
18730,337.24,18053.6496,18083.4762,0
18731,337.27,18053.6496,18083.4762,0
18733,337.28,18053.6496,18083.4762,0
18735,337.32,18053.6517,18083.4762,0
18736,337.33,18053.6517,18083.4762,0
18738,337.36,18053.6517,18083.4762,0
18739,337.36,18053.6517,18083.4762,0
18740,337.40,18053.6517,18083.4762,0
18741,337.40,18053.6517,18083.4762,0
18742,337.40,18053.6517,18083.4762,0
18743,337.40,18053.6517,18083.4762,0
18746,337.40,18053.6517,18083.4762,0
18749,337.40,18053.6517,18083.4762,0
18750,337.44,18053.6496,18083.4762,0
18752,337.48,18053.6496,18083.4762,0
18753,337.48,18053.6496,18083.4762,0
18754,337.48,18053.6496,18083.4762,0
18755,337.48,18053.6496,18083.4762,0
18757,337.48,18053.6496,18083.4762,0
18758,337.53,18053.6517,18083.4762,0
18759,337.56,18053.6517,18083.4762,0
18760,337.56,18053.6517,18083.4762,0
18761,337.56,18053.6517,18083.4762,0
18763,337.57,18053.6517,18083.4762,0
18764,337.57,18053.6517,18083.4762,0
18765,337.57,18053.6517,18083.4762,0
18766,337.64,18053.6496,18083.4762,0
18767,337.65,18053.6496,18083.4762,0
18768,337.68,18053.6496,18083.4762,0
18769,337.68,18053.6496,18083.4762,0
18770,337.68,18053.6496,18083.4762,0
18771,337.72,18053.6496,18083.4762,0
18772,337.72,18053.6496,18083.4762,0
18773,337.72,18053.6496,18083.4762,0
18774,337.72,18053.6496,18083.4762,0
18775,337.72,18053.6496,18083.4762,0
18776,337.72,18053.6496,18083.4762,0
18777,337.72,18053.6496,18083.4762,0
18779,337.76,18053.6517,18083.4762,0
18780,337.77,18053.6517,18083.4762,0
18781,337.77,18053.6517,18083.4762,0
18782,337.85,18053.6496,18083.4762,0
18783,337.88,18053.6496,18083.4762,0
18784,337.88,18053.6496,18083.4762,0
18785,337.92,18053.6496,18083.4762,0
18786,337.92,18053.6496,18083.4762,0
18787,337.96,18053.6517,18083.4762,0
18788,337.99,18053.6517,18083.4762,0
18789,338.03,18053.6517,18083.4762,0
18790,338.07,18053.6496,18083.4762,0
18791,338.11,18053.6496,18083.4762,0
18792,338.11,18053.6496,18083.4762,0
18793,338.11,18053.6496,18083.4762,0
18796,338.12,18053.6496,18083.4762,0
18797,338.12,18053.6496,18083.4762,0
18799,338.15,18053.6496,18083.4762,0
18801,338.15,18053.6496,18083.4762,0
18803,338.15,18053.6496,18083.4762,0
18804,338.19,18053.6517,18083.4762,0
18806,338.23,18053.6517,18083.4762,0
18808,338.23,18053.6517,18083.4762,0
18809,338.26,18053.6517,18083.4762,0
18810,338.27,18053.6517,18083.4762,0
18811,338.31,18053.6496,18083.4762,0
18812,338.35,18053.6496,18083.4762,0
18813,338.35,18053.6496,18083.4762,0
18814,338.35,18053.6496,18083.4762,0
18815,338.35,18053.6496,18083.4762,0
18816,338.35,18053.6496,18083.4762,0
18817,338.35,18053.6496,18083.4762,0
18818,338.39,18053.6496,18083.4762,0
18819,338.39,18053.6496,18083.4762,0
18820,338.39,18053.6496,18083.4762,0
18821,338.39,18053.6496,18083.4762,0
18823,338.39,18053.6496,18083.4762,0
18824,338.43,18053.6517,18083.4762,0
18826,338.51,18053.6496,18083.4762,0
18827,338.52,18053.6496,18083.4762,0
18828,338.52,18053.6496,18083.4762,0
18829,338.52,18053.6496,18083.4762,0
18830,338.52,18053.6496,18083.4762,0
18831,338.52,18053.6496,18083.4762,0
18836,338.55,18053.6496,18083.4762,0
18837,338.55,18053.6496,18083.4762,0
18838,338.55,18053.6496,18083.4762,0
18839,338.55,18053.6496,18083.4762,0
18840,338.62,18053.6517,18083.4762,0
18842,338.65,18053.6517,18083.4762,0
18846,338.69,18053.6517,18083.4762,0
18848,338.69,18053.6517,18083.4762,0
18849,338.69,18053.6517,18083.4762,0
18850,338.69,18053.6517,18083.4762,0
18851,338.74,18053.6496,18083.4762,0
18852,338.77,18053.6496,18083.4762,0
18853,338.77,18053.6496,18083.4762,0
18854,338.77,18053.6496,18083.4762,0
18856,338.81,18053.6496,18083.4762,0
18857,338.81,18053.6496,18083.4762,0
18858,338.81,18053.6496,18083.4762,0
18859,338.81,18053.6496,18083.4762,0
18860,338.81,18053.6496,18083.4762,0
18861,338.85,18053.6517,18083.4762,0
18862,338.86,18053.6517,18083.4762,0
18863,338.95,18053.6496,18083.4762,0
18864,338.95,18053.6496,18083.4762,0
18865,338.95,18053.6496,18083.4762,0
18866,338.95,18053.6496,18083.4762,0
18867,338.95,18053.6496,18083.4762,0
18868,339.03,18053.6517,18083.4762,0
18869,339.04,18053.6517,18083.4762,0
18871,339.07,18053.6517,18083.4762,0
18872,339.07,18053.6517,18083.4762,0
18873,339.12,18053.6496,18083.4762,0
18874,339.19,18053.6517,18083.4762,0
18875,339.23,18053.6517,18083.4762,0
18876,339.23,18053.6517,18083.4762,0
18877,339.23,18053.6517,18083.4762,0
18878,339.27,18053.6496,18083.4762,0
18880,339.35,18053.6517,18083.4762,0
18881,339.43,18053.6496,18083.4762,0
18882,339.51,18053.6517,18083.4762,0
18883,339.55,18053.6517,18083.4762,0
18884,339.63,18053.6496,18083.4762,0
18885,339.67,18053.6496,18083.4762,0
18886,339.67,18053.6496,18083.4762,0
18887,339.67,18053.6496,18083.4762,0
18888,339.67,18053.6496,18083.4762,0
18889,339.67,18053.6496,18083.4762,0
18890,339.67,18053.6496,18083.4762,0
18891,339.70,18053.6496,18083.4762,0
18892,339.75,18053.6517,18083.4762,0
18893,339.78,18053.6517,18083.4762,0
18894,339.78,18053.6517,18083.4762,0
18895,339.82,18053.6517,18083.4762,0
18896,339.82,18053.6517,18083.4762,0
18898,339.82,18053.6517,18083.4762,0
18900,339.82,18053.6517,18083.4762,0
18902,339.82,18053.6517,18083.4762,0
18903,339.87,18053.6496,18083.4762,0
18904,339.90,18053.6496,18083.4762,0
18907,339.91,18053.6496,18083.4762,0
18908,339.91,18053.6496,18083.4762,0
18909,339.91,18053.6496,18083.4762,0
18911,339.91,18053.6496,18083.4762,0
18914,339.91,18053.6496,18083.4762,0
18915,339.91,18053.6496,18083.4762,0
18916,339.91,18053.6496,18083.4762,0
18917,339.95,18053.6517,18083.4762,0
18918,339.99,18053.6517,18083.4762,0
18919,339.99,18053.6517,18083.4762,0
18920,339.99,18053.6517,18083.4762,0
18922,340.07,18053.6496,18083.4762,0
18923,340.08,18053.6496,18083.4762,0
18924,340.11,18053.6496,18083.4762,0
18925,340.14,18053.6496,18083.4762,0
18926,340.14,18053.6496,18083.4762,0
18927,340.14,18053.6496,18083.4762,0
18930,340.15,18053.6496,18083.4762,0
18931,340.19,18053.6517,18083.4762,0
18932,340.23,18053.6517,18083.4762,0
18933,340.23,18053.6517,18083.4762,0
18934,340.23,18053.6517,18083.4762,0
18935,340.23,18053.6517,18083.4762,0
18936,340.23,18053.6517,18083.4762,0
18937,340.28,18053.6496,18083.4762,0
18938,340.28,18053.6496,18083.4762,0
18939,340.31,18053.6496,18083.4762,0
18940,340.36,18053.6517,18083.4762,0
18941,340.39,18053.6517,18083.4762,0
18942,340.40,18053.6517,18083.4762,0
18944,340.43,18053.6517,18083.4762,0
18945,340.43,18053.6517,18083.4762,0
18949,340.43,18053.6517,18083.4762,0
18950,340.43,18053.6517,18083.4762,0
18952,340.43,18053.6517,18083.4762,0
18953,340.43,18053.6517,18083.4762,0
18955,340.43,18053.6517,18083.4762,0
18956,340.43,18053.6517,18083.4762,0
18957,340.43,18053.6517,18083.4762,0
18958,340.48,18053.6496,18083.4762,0
18959,340.51,18053.6496,18083.4762,0
18960,340.54,18053.6496,18083.4762,0
18962,340.55,18053.6496,18083.4762,0
18963,340.55,18053.6496,18083.4762,0
18964,340.55,18053.6496,18083.4762,0
18965,340.55,18053.6496,18083.4762,0
18967,340.55,18053.6496,18083.4762,0
18968,340.55,18053.6496,18083.4762,0
18969,340.55,18053.6496,18083.4762,0
18971,340.55,18053.6496,18083.4762,0
18972,340.55,18053.6496,18083.4762,0
18973,340.55,18053.6496,18083.4762,0
18974,340.60,18053.6517,18083.4762,0
18975,340.60,18053.6517,18083.4762,0
18977,340.64,18053.6517,18083.4762,0
18978,340.67,18053.6517,18083.4762,0
18979,340.67,18053.6517,18083.4762,0
18981,340.67,18053.6517,18083.4762,0
18982,340.67,18053.6517,18083.4762,0
18983,340.72,18053.6496,18083.4762,0
18984,340.72,18053.6496,18083.4762,0
18986,340.72,18053.6496,18083.4762,0
18987,340.76,18053.6496,18083.4762,0
18988,340.76,18053.6496,18083.4762,0
18990,340.79,18053.6496,18083.4762,0
18992,340.79,18053.6496,18083.4762,0
18993,340.79,18053.6496,18083.4762,0
18997,340.79,18053.6496,18083.4762,0
18998,340.83,18053.6517,18083.4762,0
18999,340.84,18053.6517,18083.4762,0
19000,340.87,18053.6517,18083.4762,0
19001,340.87,18053.6517,18083.4762,0
19003,340.88,18053.6517,18083.4762,0
19004,340.88,18053.6517,18083.4762,0
19005,340.88,18053.6517,18083.4762,0
19006,340.88,18053.6517,18083.4762,0
19007,340.88,18053.6517,18083.4762,0
19008,340.88,18053.6517,18083.4762,0
19009,340.91,18053.6517,18083.4762,0
19010,340.91,18053.6517,18083.4762,0
19011,340.91,18053.6517,18083.4762,0
19013,340.91,18053.6517,18083.4762,0
19014,340.91,18053.6517,18083.4762,0
19015,340.95,18053.6496,18083.4762,0
19016,340.99,18053.6496,18083.4762,0
19017,340.99,18053.6496,18083.4762,0
19018,340.99,18053.6496,18083.4762,0
19019,340.99,18053.6496,18083.4762,0
19020,341.07,18053.6517,18083.4762,0
19021,341.10,18053.6517,18083.4762,0
19022,341.14,18053.6517,18083.4762,0
19023,341.14,18053.6517,18083.4762,0
19024,341.14,18053.6517,18083.4762,0
19025,341.14,18053.6517,18083.4762,0
19026,341.14,18053.6517,18083.4762,0
19028,341.15,18053.6517,18083.4762,0
19031,341.15,18053.6517,18083.4762,0
19033,341.15,18053.6517,18083.4762,0
19034,341.15,18053.6517,18083.4762,0
19035,341.19,18053.6496,18083.4762,0
19036,341.19,18053.6496,18083.4762,0
19037,341.23,18053.6496,18083.4762,0
19038,341.23,18053.6496,18083.4762,0
19041,341.28,18053.6517,18083.4762,0
19042,341.28,18053.6517,18083.4762,0
19043,341.31,18053.6517,18083.4762,0
19044,341.35,18053.6517,18083.4762,0
19045,341.39,18053.6496,18083.4762,0
19046,341.43,18053.6496,18083.4762,0
19047,341.43,18053.6496,18083.4762,0
19048,341.47,18053.6496,18083.4762,0
19051,341.47,18053.6496,18083.4762,0
19052,341.47,18053.6496,18083.4762,0
19053,341.47,18053.6496,18083.4762,0
19054,341.47,18053.6496,18083.4762,0
19055,341.47,18053.6496,18083.4762,0
19057,341.47,18053.6496,18083.4762,0
19058,341.51,18053.6517,18083.4762,0
19059,341.55,18053.6517,18083.4762,0
19060,341.55,18053.6517,18083.4762,0
19061,341.59,18053.6517,18083.4762,0
19062,341.59,18053.6517,18083.4762,0
19063,341.59,18053.6517,18083.4762,0
19064,341.59,18053.6517,18083.4762,0
19066,341.59,18053.6517,18083.4762,0
19068,341.64,18053.6496,18083.4762,0
19069,341.67,18053.6496,18083.4762,0
19071,341.68,18053.6496,18083.4762,0
19072,341.71,18053.6496,18083.4762,0
19073,341.71,18053.6496,18083.4762,0
19074,341.71,18053.6496,18083.4762,0
19075,341.71,18053.6496,18083.4762,0
19077,341.75,18053.6517,18083.4762,0
19078,341.83,18053.6496,18083.4762,0
19081,341.87,18053.6496,18083.4762,0
19082,341.87,18053.6496,18083.4762,0
19083,341.87,18053.6496,18083.4762,0
19084,341.87,18053.6496,18083.4762,0
19085,341.87,18053.6496,18083.4762,0
19087,341.92,18053.6517,18083.4762,0
19088,341.95,18053.6517,18083.4762,0
19089,341.98,18053.6517,18083.4762,0
19090,341.99,18053.6517,18083.4762,0
19091,341.99,18053.6517,18083.4762,0
19092,341.99,18053.6517,18083.4762,0
19093,341.99,18053.6517,18083.4762,0
19094,341.99,18053.6517,18083.4762,0
19095,341.99,18053.6517,18083.4762,0
19096,342.03,18053.6496,18083.4762,0
19097,342.07,18053.6496,18083.4762,0
19099,342.07,18053.6496,18083.4762,0
19101,342.08,18053.6496,18083.4762,0
19102,342.08,18053.6496,18083.4762,0
19103,342.08,18053.6496,18083.4762,0
19107,342.08,18053.6496,18083.4762,0
19109,342.12,18053.6517,18083.4762,0
19111,342.20,18053.6496,18083.4762,0
19113,342.28,18053.6517,18083.4762,0
19114,342.32,18053.6517,18083.4762,0
19115,342.32,18053.6517,18083.4762,0
19116,342.35,18053.6517,18083.4762,0
19117,342.35,18053.6517,18083.4762,0
19118,342.35,18053.6517,18083.4762,0
19119,342.35,18053.6517,18083.4762,0
19120,342.35,18053.6517,18083.4762,0
19124,342.36,18053.6517,18083.4762,0
19126,342.36,18053.6517,18083.4762,0
19128,342.36,18053.6517,18083.4762,0
19129,342.36,18053.6517,18083.4762,0
19130,342.36,18053.6517,18083.4762,0
19131,342.36,18053.6517,18083.4762,0
19133,342.40,18053.6496,18083.4762,0
19136,342.44,18053.6496,18083.4762,0
19137,342.48,18053.6496,18083.4762,0
19138,342.48,18053.6496,18083.4762,0
19139,342.52,18053.6517,18083.4762,0
19140,342.55,18053.6517,18083.4762,0
19142,342.56,18053.6517,18083.4762,0
19146,342.56,18053.6517,18083.4762,0
19148,342.56,18053.6517,18083.4762,0
19149,342.60,18053.6517,18083.4762,0
19150,342.64,18053.6496,18083.4762,0
19151,342.68,18053.6496,18083.4762,0
19152,342.75,18053.6517,18083.4762,0
19153,342.79,18053.6517,18083.4762,0
19154,342.82,18053.6517,18083.4762,0
19155,342.82,18053.6517,18083.4762,0
19156,342.82,18053.6517,18083.4762,0
19157,342.83,18053.6517,18083.4762,0
19158,342.83,18053.6517,18083.4762,0
19159,342.87,18053.6496,18083.4762,0
19160,342.90,18053.6496,18083.4762,0
19161,342.94,18053.6496,18083.4762,0
19163,342.95,18053.6496,18083.4762,0
19165,342.95,18053.6496,18083.4762,0
19166,342.95,18053.6496,18083.4762,0
19167,342.99,18053.6517,18083.4762,0
19168,343.02,18053.6517,18083.4762,0
19169,343.02,18053.6517,18083.4762,0
19170,343.03,18053.6517,18083.4762,0
19171,343.03,18053.6517,18083.4762,0
19172,343.03,18053.6517,18083.4762,0
19173,343.03,18053.6517,18083.4762,0
19175,343.07,18053.6517,18083.4762,0
19176,343.07,18053.6517,18083.4762,0
19177,343.13,18053.6496,18083.4762,0
19178,343.16,18053.6496,18083.4762,0
19181,343.17,18053.6496,18083.4762,0
19182,343.21,18053.6517,18083.4762,0
19183,343.22,18053.6517,18083.4762,0
19184,343.30,18053.6496,18083.4762,0
19185,343.33,18053.6496,18083.4762,0
19186,343.40,18053.6517,18083.4762,0
19189,343.41,18053.6517,18083.4762,0
19190,343.45,18053.6517,18083.4762,0
19191,343.45,18053.6517,18083.4762,0
19192,343.45,18053.6517,18083.4762,0
19193,343.48,18053.6517,18083.4762,0
19194,343.48,18053.6517,18083.4762,0
19195,343.48,18053.6517,18083.4762,0
19196,343.48,18053.6517,18083.4762,0
19197,343.48,18053.6517,18083.4762,0
19198,343.48,18053.6517,18083.4762,0
19199,343.48,18053.6517,18083.4762,0
19201,343.48,18053.6517,18083.4762,0
19202,343.48,18053.6517,18083.4762,0
19203,343.52,18053.6496,18083.4762,0
19206,343.56,18053.6496,18083.4762,0
19207,343.57,18053.6496,18083.4762,0
19208,343.57,18053.6496,18083.4762,0
19209,343.57,18053.6496,18083.4762,0
19210,343.57,18053.6496,18083.4762,0
19211,343.57,18053.6496,18083.4762,0
19212,343.60,18053.6496,18083.4762,0
19214,343.60,18053.6496,18083.4762,0
19216,343.60,18053.6496,18083.4762,0
19218,343.60,18053.6496,18083.4762,0
19219,343.60,18053.6496,18083.4762,0
19220,343.64,18053.6517,18083.4762,0
19223,343.68,18053.6517,18083.4762,0
19224,343.68,18053.6517,18083.4762,0
19225,343.68,18053.6517,18083.4762,0
19226,343.72,18053.6496,18083.4762,0
19227,343.76,18053.6496,18083.4762,0
19228,343.80,18053.6517,18083.4762,0
19229,343.83,18053.6517,18083.4762,0
19230,343.83,18053.6517,18083.4762,0
19231,343.87,18053.6517,18083.4762,0
19232,343.87,18053.6517,18083.4762,0
19235,343.88,18053.6517,18083.4762,0
19237,343.92,18053.6496,18083.4762,0
19239,343.96,18053.6496,18083.4762,0
19241,343.96,18053.6496,18083.4762,0
19242,343.96,18053.6496,18083.4762,0
19244,344.00,18053.6496,18083.4762,0
19245,344.00,18053.6496,18083.4762,0
19246,344.00,18053.6496,18083.4762,0
19247,344.00,18053.6496,18083.4762,0
19249,344.00,18053.6496,18083.4762,0
19250,344.04,18053.6517,18083.4762,0
19251,344.04,18053.6517,18083.4762,0
19252,344.08,18053.6517,18083.4762,0
19253,344.08,18053.6517,18083.4762,0
19254,344.08,18053.6517,18083.4762,0
19255,344.08,18053.6517,18083.4762,0
19256,344.08,18053.6517,18083.4762,0
19257,344.12,18053.6496,18083.4762,0
19258,344.16,18053.6496,18083.4762,0
19259,344.19,18053.6496,18083.4762,0
19261,344.19,18053.6496,18083.4762,0
19262,344.24,18053.6517,18083.4762,0
19263,344.31,18053.6496,18083.4762,0
19265,344.32,18053.6496,18083.4762,0
19266,344.36,18053.6496,18083.4762,0
19268,344.36,18053.6496,18083.4762,0
19270,344.36,18053.6496,18083.4762,0
19273,344.40,18053.6517,18083.4762,0
19275,344.44,18053.6517,18083.4762,0
19276,344.48,18053.6496,18083.4762,0
19278,344.52,18053.6496,18083.4762,0
19279,344.52,18053.6496,18083.4762,0
19280,344.52,18053.6496,18083.4762,0
19281,344.56,18053.6496,18083.4762,0
19282,344.56,18053.6496,18083.4762,0
19283,344.56,18053.6496,18083.4762,0
19284,344.60,18053.6517,18083.4762,0
19288,344.64,18053.6517,18083.4762,0
19289,344.67,18053.6517,18083.4762,0
19290,344.71,18053.6496,18083.4762,0
19291,344.79,18053.6517,18083.4762,0
19293,344.83,18053.6517,18083.4762,0
19294,344.83,18053.6517,18083.4762,0
19295,344.83,18053.6517,18083.4762,0
19297,344.87,18053.6517,18083.4762,0
19298,344.87,18053.6517,18083.4762,0
19299,344.91,18053.6496,18083.4762,0
19300,344.94,18053.6496,18083.4762,0
19301,344.99,18053.6517,18083.4762,0
19302,345.02,18053.6517,18083.4762,0
19303,345.02,18053.6517,18083.4762,0
19305,345.02,18053.6517,18083.4762,0
19308,345.02,18053.6517,18083.4762,0
19309,345.07,18053.6496,18083.4762,0
19310,345.14,18053.6517,18083.4762,0
19311,345.18,18053.6517,18083.4762,0
19312,345.18,18053.6517,18083.4762,0
19313,345.18,18053.6517,18083.4762,0
19316,345.23,18053.6496,18083.4762,0
19317,345.24,18053.6496,18083.4762,0
19318,345.27,18053.6496,18083.4762,0
19319,345.31,18053.6517,18083.4762,0
19320,345.35,18053.6517,18083.4762,0
19321,345.35,18053.6517,18083.4762,0
19323,345.36,18053.6517,18083.4762,0
19325,345.36,18053.6517,18083.4762,0
19327,345.39,18053.6517,18083.4762,0
19328,345.39,18053.6517,18083.4762,0
19329,345.39,18053.6517,18083.4762,0
19330,345.39,18053.6517,18083.4762,0
19331,345.43,18053.6496,18083.4762,0
19332,345.47,18053.6496,18083.4762,0
19334,345.50,18053.6496,18083.4762,0
19335,345.50,18053.6496,18083.4762,0
19336,345.51,18053.6496,18083.4762,0
19337,345.51,18053.6496,18083.4762,0
19338,345.55,18053.6517,18083.4762,0
19339,345.59,18053.6517,18083.4762,0
19341,345.60,18053.6517,18083.4762,0
19342,345.60,18053.6517,18083.4762,0
19343,345.60,18053.6517,18083.4762,0
19344,345.60,18053.6517,18083.4762,0
19345,345.60,18053.6517,18083.4762,0
19346,345.67,18053.6496,18083.4762,0
19347,345.71,18053.6496,18083.4762,0
19348,345.71,18053.6496,18083.4762,0
19349,345.71,18053.6496,18083.4762,0
19350,345.75,18053.6517,18083.4762,0
19351,345.79,18053.6517,18083.4762,0
19353,345.79,18053.6517,18083.4762,0
19354,345.79,18053.6517,18083.4762,0
19358,345.79,18053.6517,18083.4762,0
19359,345.87,18053.6496,18083.4762,0
19361,345.95,18053.6517,18083.4762,0
19362,345.98,18053.6517,18083.4762,0
19363,346.03,18053.6496,18083.4762,0
19365,346.06,18053.6496,18083.4762,0
19366,346.07,18053.6496,18083.4762,0
19367,346.07,18053.6496,18083.4762,0
19368,346.07,18053.6496,18083.4762,0
19369,346.11,18053.6517,18083.4762,0
19370,346.15,18053.6517,18083.4762,0
19371,346.15,18053.6517,18083.4762,0
19372,346.19,18053.6517,18083.4762,0
19374,346.19,18053.6517,18083.4762,0
19376,346.19,18053.6517,18083.4762,0
19377,346.19,18053.6517,18083.4762,0
19379,346.23,18053.6496,18083.4762,0
19380,346.27,18053.6496,18083.4762,0
19381,346.27,18053.6496,18083.4762,0
19382,346.27,18053.6496,18083.4762,0
19383,346.31,18053.6496,18083.4762,0
19385,346.31,18053.6496,18083.4762,0
19386,346.31,18053.6496,18083.4762,0
19387,346.31,18053.6496,18083.4762,0
19388,346.31,18053.6496,18083.4762,0
19389,346.31,18053.6496,18083.4762,0
19390,346.31,18053.6496,18083.4762,0
19392,346.35,18053.6517,18083.4762,0
19393,346.36,18053.6517,18083.4762,0
19394,346.39,18053.6517,18083.4762,0
19397,346.40,18053.6517,18083.4762,0
19399,346.40,18053.6517,18083.4762,0
19400,346.40,18053.6517,18083.4762,0
19403,346.40,18053.6517,18083.4762,0
19404,346.40,18053.6517,18083.4762,0
19405,346.43,18053.6517,18083.4762,0
19407,346.47,18053.6496,18083.4762,0
19409,346.51,18053.6496,18083.4762,0
19410,346.51,18053.6496,18083.4762,0
19411,346.52,18053.6496,18083.4762,0
19412,346.55,18053.6496,18083.4762,0
19414,346.55,18053.6496,18083.4762,0
19415,346.55,18053.6496,18083.4762,0
19418,346.55,18053.6496,18083.4762,0
19419,346.59,18053.6517,18083.4762,0
19420,346.63,18053.6517,18083.4762,0
19421,346.67,18053.6496,18083.4762,0
19422,346.68,18053.6496,18083.4762,0
19423,346.71,18053.6496,18083.4762,0
19425,346.75,18053.6496,18083.4762,0
19427,346.79,18053.6517,18083.4762,0
19428,346.83,18053.6517,18083.4762,0
19429,346.86,18053.6517,18083.4762,0
19430,346.86,18053.6517,18083.4762,0
19431,346.86,18053.6517,18083.4762,0
19432,346.86,18053.6517,18083.4762,0
19434,346.87,18053.6517,18083.4762,0
19435,346.87,18053.6517,18083.4762,0
19437,346.87,18053.6517,18083.4762,0
19438,346.87,18053.6517,18083.4762,0
19442,346.87,18053.6517,18083.4762,0
19446,346.87,18053.6517,18083.4762,0
19448,346.91,18053.6496,18083.4762,0
19449,346.94,18053.6496,18083.4762,0
19450,346.99,18053.6517,18083.4762,0
19451,347.05,18053.6517,18083.4762,0
19452,347.05,18053.6517,18083.4762,0
19453,347.05,18053.6517,18083.4762,0
19455,347.05,18053.6517,18083.4762,0
19456,347.14,18053.6496,18083.4762,0
19457,347.17,18053.6496,18083.4762,0
19458,347.21,18053.6496,18083.4762,0
19459,347.21,18053.6496,18083.4762,0
19460,347.21,18053.6496,18083.4762,0
19461,347.21,18053.6496,18083.4762,0
19463,347.26,18053.6517,18083.4762,0
19465,347.27,18053.6517,18083.4762,0
19466,347.31,18053.6517,18083.4762,0
19468,347.34,18053.6517,18083.4762,0
19469,347.39,18053.6496,18083.4762,0
19471,347.43,18053.6496,18083.4762,0
19472,347.43,18053.6496,18083.4762,0
19474,347.43,18053.6496,18083.4762,0
19476,347.51,18053.6517,18083.4762,0
19477,347.55,18053.6517,18083.4762,0
19478,347.55,18053.6517,18083.4762,0
19479,347.55,18053.6517,18083.4762,0
19480,347.55,18053.6517,18083.4762,0
19481,347.55,18053.6517,18083.4762,0
19483,347.56,18053.6517,18083.4762,0
19485,347.59,18053.6517,18083.4762,0
19486,347.59,18053.6517,18083.4762,0
19487,347.59,18053.6517,18083.4762,0
19488,347.59,18053.6517,18083.4762,0
19489,347.59,18053.6517,18083.4762,0
19493,347.59,18053.6517,18083.4762,0
19494,347.59,18053.6517,18083.4762,0
19495,347.59,18053.6517,18083.4762,0
19497,347.64,18053.6496,18083.4762,0
19498,347.71,18053.6517,18083.4762,0
19499,347.72,18053.6517,18083.4762,0
19501,347.76,18053.6517,18083.4762,0
19502,347.76,18053.6517,18083.4762,0
19503,347.76,18053.6517,18083.4762,0
19504,347.79,18053.6517,18083.4762,0
19505,347.83,18053.6496,18083.4762,0
19506,347.87,18053.6496,18083.4762,0
19508,347.91,18053.6496,18083.4762,0
19509,347.91,18053.6496,18083.4762,0
19511,347.95,18053.6517,18083.4762,0
19512,347.99,18053.6517,18083.4762,0
19513,347.99,18053.6517,18083.4762,0
19514,348.04,18053.6496,18083.4762,0
19515,348.04,18053.6496,18083.4762,0
19516,348.08,18053.6496,18083.4762,0
19517,348.11,18053.6496,18083.4762,0
19518,348.15,18053.6517,18083.4762,0
19520,348.19,18053.6517,18083.4762,0
19521,348.27,18053.6496,18083.4762,0
19523,348.31,18053.6496,18083.4762,0
19524,348.31,18053.6496,18083.4762,0
19526,348.34,18053.6496,18083.4762,0
19527,348.34,18053.6496,18083.4762,0
19528,348.34,18053.6496,18083.4762,0
19530,348.39,18053.6517,18083.4762,0
19531,348.42,18053.6517,18083.4762,0
19532,348.43,18053.6517,18083.4762,0
19533,348.43,18053.6517,18083.4762,0
19534,348.43,18053.6517,18083.4762,0
19535,348.46,18053.6517,18083.4762,0
19536,348.50,18053.6496,18083.4762,0
19537,348.54,18053.6496,18083.4762,0
19538,348.54,18053.6496,18083.4762,0
19539,348.54,18053.6496,18083.4762,0
19540,348.54,18053.6496,18083.4762,0
19542,348.55,18053.6496,18083.4762,0
19543,348.55,18053.6496,18083.4762,0
19544,348.55,18053.6496,18083.4762,0
19545,348.58,18053.6496,18083.4762,0
19546,348.58,18053.6496,18083.4762,0
19550,348.58,18053.6496,18083.4762,0
19551,348.58,18053.6496,18083.4762,0
19552,348.58,18053.6496,18083.4762,0
19553,348.62,18053.6517,18083.4762,0
19555,348.63,18053.6517,18083.4762,0
19556,348.63,18053.6517,18083.4762,0
19558,348.67,18053.6517,18083.4762,0
19559,348.67,18053.6517,18083.4762,0
19561,348.67,18053.6517,18083.4762,0
19564,348.67,18053.6517,18083.4762,0
19565,348.71,18053.6496,18083.4762,0
19566,348.74,18053.6496,18083.4762,0
19567,348.74,18053.6496,18083.4762,0
19568,348.79,18053.6517,18083.4762,0
19569,348.79,18053.6517,18083.4762,0
19570,348.79,18053.6517,18083.4762,0
19571,348.82,18053.6517,18083.4762,0
19572,348.82,18053.6517,18083.4762,0
19573,348.82,18053.6517,18083.4762,0
19575,348.86,18053.6517,18083.4762,0
19576,348.86,18053.6517,18083.4762,0
19577,348.86,18053.6517,18083.4762,0
19578,348.86,18053.6517,18083.4762,0
19579,348.86,18053.6517,18083.4762,0
19580,348.90,18053.6496,18083.4762,0
19581,348.91,18053.6496,18083.4762,0
19583,348.99,18053.6517,18083.4762,0
19584,349.02,18053.6517,18083.4762,0
19585,349.03,18053.6517,18083.4762,0
19586,349.06,18053.6517,18083.4762,0
19587,349.06,18053.6517,18083.4762,0
19588,349.06,18053.6517,18083.4762,0
19589,349.06,18053.6517,18083.4762,0
19592,349.11,18053.6496,18083.4762,0
19593,349.14,18053.6496,18083.4762,0
19594,349.18,18053.6496,18083.4762,0
19595,349.18,18053.6496,18083.4762,0
19596,349.18,18053.6496,18083.4762,0
19597,349.22,18053.6517,18083.4762,0
19600,349.30,18053.6496,18083.4762,0
19601,349.38,18053.6517,18083.4762,0
19602,349.41,18053.6517,18083.4762,0
19603,349.41,18053.6517,18083.4762,0
19606,349.49,18053.6496,18083.4762,0
19608,349.50,18053.6496,18083.4762,0
19609,349.53,18053.6496,18083.4762,0
19610,349.53,18053.6496,18083.4762,0
19613,349.57,18053.6496,18083.4762,0
19614,349.57,18053.6496,18083.4762,0
19615,349.57,18053.6496,18083.4762,0
19616,349.57,18053.6496,18083.4762,0
19617,349.57,18053.6496,18083.4762,0
19618,349.57,18053.6496,18083.4762,0
19619,349.63,18053.6517,18083.4762,0
19620,349.66,18053.6517,18083.4762,0
19621,349.66,18053.6517,18083.4762,0
19622,349.66,18053.6517,18083.4762,0
19623,349.71,18053.6496,18083.4762,0
19624,349.74,18053.6496,18083.4762,0
19625,349.74,18053.6496,18083.4762,0
19626,349.77,18053.6496,18083.4762,0
19627,349.78,18053.6496,18083.4762,0
19628,349.78,18053.6496,18083.4762,0
19629,349.78,18053.6496,18083.4762,0
19630,349.78,18053.6496,18083.4762,0
19631,349.78,18053.6496,18083.4762,0
19633,349.78,18053.6496,18083.4762,0
19634,349.78,18053.6496,18083.4762,0
19635,349.78,18053.6496,18083.4762,0
19636,349.83,18053.6517,18083.4762,0
19637,349.86,18053.6517,18083.4762,0
19639,349.86,18053.6517,18083.4762,0
19640,349.90,18053.6517,18083.4762,0
19641,349.90,18053.6517,18083.4762,0
19642,349.90,18053.6517,18083.4762,0
19643,349.95,18053.6496,18083.4762,0
19644,349.98,18053.6496,18083.4762,0
19645,349.98,18053.6496,18083.4762,0
19647,350.02,18053.6496,18083.4762,0
19649,350.02,18053.6496,18083.4762,0
19651,350.02,18053.6496,18083.4762,0
19652,350.06,18053.6517,18083.4762,0
19654,350.10,18053.6517,18083.4762,0
19656,350.11,18053.6517,18083.4762,0
19657,350.11,18053.6517,18083.4762,0
19659,350.11,18053.6517,18083.4762,0
19662,350.11,18053.6517,18083.4762,0
19663,350.14,18053.6517,18083.4762,0
19664,350.14,18053.6517,18083.4762,0
19667,350.14,18053.6517,18083.4762,0
19668,350.19,18053.6496,18083.4762,0
19669,350.26,18053.6517,18083.4762,0
19670,350.27,18053.6517,18083.4762,0
19671,350.34,18053.6496,18083.4762,0
19672,350.35,18053.6496,18083.4762,0
19674,350.43,18053.6517,18083.4762,0
19675,350.43,18053.6517,18083.4762,0
19676,350.43,18053.6517,18083.4762,0
19677,350.43,18053.6517,18083.4762,0
19678,350.47,18053.6517,18083.4762,0
19679,350.47,18053.6517,18083.4762,0
19680,350.50,18053.6517,18083.4762,0
19681,350.50,18053.6517,18083.4762,0
19682,350.50,18053.6517,18083.4762,0
19683,350.50,18053.6517,18083.4762,0
19685,350.51,18053.6517,18083.4762,0
19687,350.51,18053.6517,18083.4762,0
19688,350.55,18053.6496,18083.4762,0
19690,350.63,18053.6517,18083.4762,0
19691,350.67,18053.6517,18083.4762,0
19693,350.70,18053.6517,18083.4762,0
19694,350.71,18053.6517,18083.4762,0
19698,350.75,18053.6496,18083.4762,0
19699,350.79,18053.6496,18083.4762,0
19701,350.79,18053.6496,18083.4762,0
19702,350.79,18053.6496,18083.4762,0
19703,350.84,18053.6517,18083.4762,0
19704,350.87,18053.6517,18083.4762,0
19705,350.91,18053.6496,18083.4762,0
19706,350.92,18053.6496,18083.4762,0
19707,351.00,18053.6517,18083.4762,0
19709,351.00,18053.6517,18083.4762,0
19710,351.04,18053.6517,18083.4762,0
19712,351.04,18053.6517,18083.4762,0
19713,351.04,18053.6517,18083.4762,0
19714,351.04,18053.6517,18083.4762,0
19715,351.07,18053.6517,18083.4762,0
19716,351.12,18053.6496,18083.4762,0
19717,351.12,18053.6496,18083.4762,0
19719,351.13,18053.6496,18083.4762,0
19720,351.16,18053.6496,18083.4762,0
19721,351.16,18053.6496,18083.4762,0
19723,351.19,18053.6496,18083.4762,0
19724,351.19,18053.6496,18083.4762,0
19725,351.19,18053.6496,18083.4762,0
19726,351.19,18053.6496,18083.4762,0
19727,351.24,18053.6517,18083.4762,0
19728,351.27,18053.6517,18083.4762,0
19730,351.28,18053.6517,18083.4762,0
19731,351.31,18053.6517,18083.4762,0
19732,351.31,18053.6517,18083.4762,0
19733,351.31,18053.6517,18083.4762,0
19734,351.31,18053.6517,18083.4762,0
19735,351.31,18053.6517,18083.4762,0
19740,351.36,18053.6496,18083.4762,0
19741,351.39,18053.6496,18083.4762,0
19742,351.42,18053.6496,18083.4762,0
19744,351.47,18053.6517,18083.4762,0
19745,351.48,18053.6517,18083.4762,0
19748,351.48,18053.6517,18083.4762,0
19749,351.48,18053.6517,18083.4762,0
19750,351.56,18053.6496,18083.4762,0
19751,351.56,18053.6496,18083.4762,0
19754,351.60,18053.6496,18083.4762,0
19755,351.60,18053.6496,18083.4762,0
19756,351.60,18053.6496,18083.4762,0
19757,351.60,18053.6496,18083.4762,0
19758,351.63,18053.6496,18083.4762,0
19760,351.63,18053.6496,18083.4762,0
19762,351.63,18053.6496,18083.4762,0
19763,351.68,18053.6517,18083.4762,0
19764,351.68,18053.6517,18083.4762,0
19765,351.68,18053.6517,18083.4762,0
19767,351.72,18053.6517,18083.4762,0
19768,351.72,18053.6517,18083.4762,0
19769,351.72,18053.6517,18083.4762,0
19770,351.72,18053.6517,18083.4762,0
19771,351.72,18053.6517,18083.4762,0
19772,351.72,18053.6517,18083.4762,0
19773,351.72,18053.6517,18083.4762,0
19774,351.80,18053.6496,18083.4762,0
19775,351.83,18053.6496,18083.4762,0
19776,351.83,18053.6496,18083.4762,0
19778,351.87,18053.6496,18083.4762,0
19779,351.87,18053.6496,18083.4762,0
19780,351.92,18053.6517,18083.4762,0
19781,351.92,18053.6517,18083.4762,0
19783,351.96,18053.6517,18083.4762,0
19784,351.99,18053.6517,18083.4762,0
19785,351.99,18053.6517,18083.4762,0
19786,352.03,18053.6496,18083.4762,0
19787,352.04,18053.6496,18083.4762,0
19790,352.08,18053.6496,18083.4762,0
19791,352.08,18053.6496,18083.4762,0
19792,352.11,18053.6496,18083.4762,0
19793,352.11,18053.6496,18083.4762,0
19794,352.11,18053.6496,18083.4762,0
19795,352.15,18053.6517,18083.4762,0
19796,352.19,18053.6517,18083.4762,0
19797,352.19,18053.6517,18083.4762,0
19798,352.19,18053.6517,18083.4762,0
19799,352.19,18053.6517,18083.4762,0
19800,352.19,18053.6517,18083.4762,0
19802,352.23,18053.6517,18083.4762,0
19803,352.23,18053.6517,18083.4762,0
19804,352.23,18053.6517,18083.4762,0
19806,352.23,18053.6517,18083.4762,0
19808,352.27,18053.6496,18083.4762,0
19809,352.31,18053.6496,18083.4762,0
19810,352.31,18053.6496,18083.4762,0
19811,352.31,18053.6496,18083.4762,0
19813,352.32,18053.6496,18083.4762,0
19815,352.32,18053.6496,18083.4762,0
19817,352.32,18053.6496,18083.4762,0
19818,352.35,18053.6496,18083.4762,0
19819,352.35,18053.6496,18083.4762,0
19820,352.39,18053.6517,18083.4762,0
19821,352.47,18053.6496,18083.4762,0
19822,352.50,18053.6496,18083.4762,0
19823,352.53,18053.6496,18083.4762,0
19824,352.53,18053.6496,18083.4762,0
19825,352.53,18053.6496,18083.4762,0
19826,352.54,18053.6496,18083.4762,0
19827,352.58,18053.6517,18083.4762,0
19829,352.61,18053.6517,18083.4762,0
19830,352.62,18053.6517,18083.4762,0
19831,352.70,18053.6496,18083.4762,0
19832,352.73,18053.6496,18083.4762,0
19833,352.76,18053.6496,18083.4762,0
19834,352.76,18053.6496,18083.4762,0
19835,352.81,18053.6517,18083.4762,0
19836,352.84,18053.6517,18083.4762,0
19837,352.84,18053.6517,18083.4762,0
19838,352.88,18053.6517,18083.4762,0
19840,352.92,18053.6496,18083.4762,0
19841,352.93,18053.6496,18083.4762,0
19842,352.93,18053.6496,18083.4762,0
19843,352.93,18053.6496,18083.4762,0
19845,352.97,18053.6496,18083.4762,0
19846,352.97,18053.6496,18083.4762,0
19847,352.97,18053.6496,18083.4762,0
19849,353.04,18053.6517,18083.4762,0
19850,353.08,18053.6517,18083.4762,0
19852,353.13,18053.6496,18083.4762,0
19853,353.16,18053.6496,18083.4762,0
19854,353.17,18053.6496,18083.4762,0
19855,353.20,18053.6496,18083.4762,0
19857,353.20,18053.6496,18083.4762,0
19858,353.20,18053.6496,18083.4762,0
19859,353.20,18053.6496,18083.4762,0
19862,353.20,18053.6496,18083.4762,0
19863,353.20,18053.6496,18083.4762,0
19864,353.25,18053.6517,18083.4762,0
19865,353.28,18053.6517,18083.4762,0
19866,353.31,18053.6517,18083.4762,0
19867,353.31,18053.6517,18083.4762,0
19871,353.32,18053.6517,18083.4762,0
19872,353.36,18053.6496,18083.4762,0
19874,353.44,18053.6517,18083.4762,0
19876,353.48,18053.6517,18083.4762,0
19877,353.51,18053.6517,18083.4762,0
19880,353.56,18053.6496,18083.4762,0
19881,353.59,18053.6496,18083.4762,0
19882,353.63,18053.6496,18083.4762,0
19883,353.63,18053.6496,18083.4762,0
19884,353.63,18053.6496,18083.4762,0
19885,353.63,18053.6496,18083.4762,0
19886,353.67,18053.6517,18083.4762,0
19887,353.71,18053.6517,18083.4762,0
19888,353.71,18053.6517,18083.4762,0
19889,353.74,18053.6517,18083.4762,0
19891,353.74,18053.6517,18083.4762,0
19893,353.75,18053.6517,18083.4762,0
19894,353.75,18053.6517,18083.4762,0
19895,353.79,18053.6496,18083.4762,0
19896,353.83,18053.6496,18083.4762,0
19897,353.83,18053.6496,18083.4762,0
19899,353.87,18053.6517,18083.4762,0
19900,353.88,18053.6517,18083.4762,0
19901,353.88,18053.6517,18083.4762,0
19902,353.91,18053.6517,18083.4762,0
19903,353.96,18053.6496,18083.4762,0
19904,353.99,18053.6496,18083.4762,0
19906,353.99,18053.6496,18083.4762,0
19907,353.99,18053.6496,18083.4762,0
19908,354.04,18053.6517,18083.4762,0
19910,354.05,18053.6517,18083.4762,0
19911,354.05,18053.6517,18083.4762,0
19912,354.08,18053.6517,18083.4762,0
19913,354.08,18053.6517,18083.4762,0
19914,354.08,18053.6517,18083.4762,0
19915,354.11,18053.6517,18083.4762,0
19916,354.11,18053.6517,18083.4762,0
19917,354.16,18053.6496,18083.4762,0
19918,354.19,18053.6496,18083.4762,0
19919,354.23,18053.6496,18083.4762,0
19920,354.27,18053.6517,18083.4762,0
19921,354.30,18053.6517,18083.4762,0
19922,354.31,18053.6517,18083.4762,0
19923,354.31,18053.6517,18083.4762,0
19924,354.34,18053.6517,18083.4762,0
19925,354.38,18053.6496,18083.4762,0
19927,354.42,18053.6496,18083.4762,0
19928,354.43,18053.6496,18083.4762,0
19929,354.43,18053.6496,18083.4762,0
19930,354.43,18053.6496,18083.4762,0
19931,354.43,18053.6496,18083.4762,0
19933,354.43,18053.6496,18083.4762,0
19934,354.46,18053.6496,18083.4762,0
19935,354.46,18053.6496,18083.4762,0
19936,354.46,18053.6496,18083.4762,0
19937,354.46,18053.6496,18083.4762,0
19938,354.50,18053.6517,18083.4762,0
19939,354.54,18053.6517,18083.4762,0
19940,354.57,18053.6517,18083.4762,0
19941,354.57,18053.6517,18083.4762,0
19942,354.57,18053.6517,18083.4762,0
19944,354.58,18053.6517,18083.4762,0
19946,354.58,18053.6517,18083.4762,0
19949,354.58,18053.6517,18083.4762,0
19950,354.62,18053.6496,18083.4762,0
19951,354.66,18053.6496,18083.4762,0
19953,354.70,18053.6496,18083.4762,0
19954,354.74,18053.6517,18083.4762,0
19955,354.77,18053.6517,18083.4762,0
19957,354.78,18053.6517,18083.4762,0
19958,354.82,18053.6496,18083.4762,0
19959,354.86,18053.6496,18083.4762,0
19960,354.86,18053.6496,18083.4762,0
19962,354.91,18053.6517,18083.4762,0
19963,354.94,18053.6517,18083.4762,0
19964,354.97,18053.6517,18083.4762,0
19966,355.02,18053.6496,18083.4762,0
19967,355.03,18053.6496,18083.4762,0
19968,355.06,18053.6496,18083.4762,0
19970,355.06,18053.6496,18083.4762,0
19971,355.06,18053.6496,18083.4762,0
19973,355.10,18053.6496,18083.4762,0
19974,355.10,18053.6496,18083.4762,0
19975,355.10,18053.6496,18083.4762,0
19976,355.14,18053.6517,18083.4762,0
19977,355.14,18053.6517,18083.4762,0
19978,355.18,18053.6517,18083.4762,0
19979,355.21,18053.6517,18083.4762,0
19981,355.21,18053.6517,18083.4762,0
19982,355.21,18053.6517,18083.4762,0
19983,355.21,18053.6517,18083.4762,0
19984,355.21,18053.6517,18083.4762,0
19985,355.21,18053.6517,18083.4762,0
19986,355.26,18053.6496,18083.4762,0
19989,355.27,18053.6496,18083.4762,0
19990,355.36,18053.6517,18083.4762,0
19991,355.40,18053.6517,18083.4762,0
19992,355.40,18053.6517,18083.4762,0
19993,355.43,18053.6517,18083.4762,0
19994,355.43,18053.6517,18083.4762,0
19995,355.43,18053.6517,18083.4762,0
19996,355.43,18053.6517,18083.4762,0
19997,355.43,18053.6517,18083.4762,0
19998,355.43,18053.6517,18083.4762,0
19999,355.48,18053.6496,18083.4762,0
20000,355.55,18053.6517,18083.4762,0
20001,355.59,18053.6517,18083.4762,0
20002,355.62,18053.6517,18083.4762,0
20003,355.62,18053.6517,18083.4762,0
20004,355.67,18053.6496,18083.4762,0
20005,355.67,18053.6496,18083.4762,0
20006,355.75,18053.6517,18083.4762,0
20007,355.83,18053.6496,18083.4762,0
20008,355.86,18053.6496,18083.4762,0
20009,355.87,18053.6496,18083.4762,0
20013,355.87,18053.6496,18083.4762,0
20014,355.91,18053.6517,18083.4762,0
20015,355.92,18053.6517,18083.4762,0
20016,355.92,18053.6517,18083.4762,0
20017,355.95,18053.6517,18083.4762,0
20022,355.96,18053.6517,18083.4762,0
20024,355.99,18053.6517,18083.4762,0
20027,355.99,18053.6517,18083.4762,0
20028,355.99,18053.6517,18083.4762,0
20029,355.99,18053.6517,18083.4762,0
20031,356.03,18053.6496,18083.4762,0
20033,356.07,18053.6496,18083.4762,0
20035,356.07,18053.6496,18083.4762,0
20036,356.07,18053.6496,18083.4762,0
20037,356.11,18053.6517,18083.4762,0
20038,356.12,18053.6517,18083.4762,0
20039,356.12,18053.6517,18083.4762,0
20041,356.15,18053.6517,18083.4762,0
20042,356.16,18053.6517,18083.4762,0
20043,356.16,18053.6517,18083.4762,0
20045,356.23,18053.6496,18083.4762,0
20048,356.27,18053.6496,18083.4762,0
20049,356.31,18053.6517,18083.4762,0
20051,356.35,18053.6517,18083.4762,0
20052,356.43,18053.6496,18083.4762,0
20054,356.47,18053.6496,18083.4762,0
20055,356.50,18053.6496,18083.4762,0
20056,356.51,18053.6496,18083.4762,0
20057,356.51,18053.6496,18083.4762,0
20058,356.51,18053.6496,18083.4762,0
20060,356.51,18053.6496,18083.4762,0
20061,356.51,18053.6496,18083.4762,0
20062,356.51,18053.6496,18083.4762,0
20063,356.51,18053.6496,18083.4762,0
20064,356.55,18053.6517,18083.4762,0
20065,356.56,18053.6517,18083.4762,0
20066,356.59,18053.6517,18083.4762,0
20068,356.64,18053.6496,18083.4762,0
20070,356.65,18053.6496,18083.4762,0
20071,356.65,18053.6496,18083.4762,0
20072,356.65,18053.6496,18083.4762,0
20073,356.68,18053.6496,18083.4762,0
20076,356.68,18053.6496,18083.4762,0
20077,356.68,18053.6496,18083.4762,0
20078,356.68,18053.6496,18083.4762,0
20079,356.68,18053.6496,18083.4762,0
20080,356.68,18053.6496,18083.4762,0
20081,356.72,18053.6517,18083.4762,0
20082,356.73,18053.6517,18083.4762,0
20083,356.76,18053.6517,18083.4762,0
20085,356.80,18053.6517,18083.4762,0
20086,356.80,18053.6517,18083.4762,0
20087,356.80,18053.6517,18083.4762,0
20090,356.80,18053.6517,18083.4762,0
20091,356.80,18053.6517,18083.4762,0
20092,356.80,18053.6517,18083.4762,0
20093,356.80,18053.6517,18083.4762,0
20094,356.80,18053.6517,18083.4762,0
20095,356.84,18053.6496,18083.4762,0
20096,356.92,18053.6517,18083.4762,0
20097,356.92,18053.6517,18083.4762,0
20099,356.96,18053.6517,18083.4762,0
20100,357.00,18053.6517,18083.4762,0
20101,357.00,18053.6517,18083.4762,0
20102,357.00,18053.6517,18083.4762,0
20103,357.00,18053.6517,18083.4762,0
20106,357.00,18053.6517,18083.4762,0
20107,357.00,18053.6517,18083.4762,0
20108,357.00,18053.6517,18083.4762,0
20110,357.00,18053.6517,18083.4762,0
20112,357.00,18053.6517,18083.4762,0
20113,357.04,18053.6496,18083.4762,0
20115,357.12,18053.6517,18083.4762,0
20116,357.16,18053.6517,18083.4762,0
20117,357.16,18053.6517,18083.4762,0
20118,357.16,18053.6517,18083.4762,0
20120,357.21,18053.6496,18083.4762,0
20121,357.21,18053.6496,18083.4762,0
20123,357.22,18053.6496,18083.4762,0
20124,357.26,18053.6496,18083.4762,0
20125,357.26,18053.6496,18083.4762,0
20126,357.26,18053.6496,18083.4762,0
20127,357.33,18053.6517,18083.4762,0
20129,357.34,18053.6517,18083.4762,0
20130,357.42,18053.6496,18083.4762,0
20133,357.50,18053.6517,18083.4762,0
20135,357.54,18053.6517,18083.4762,0
20136,357.62,18053.6496,18083.4762,0
20137,357.62,18053.6496,18083.4762,0
20139,357.62,18053.6496,18083.4762,0
20141,357.62,18053.6496,18083.4762,0
20142,357.66,18053.6496,18083.4762,0
20143,357.66,18053.6496,18083.4762,0
20144,357.73,18053.6517,18083.4762,0
20145,357.77,18053.6517,18083.4762,0
20146,357.80,18053.6517,18083.4762,0
20147,357.81,18053.6517,18083.4762,0
20148,357.81,18053.6517,18083.4762,0
20149,357.81,18053.6517,18083.4762,0
20150,357.81,18053.6517,18083.4762,0
20152,357.81,18053.6517,18083.4762,0
20153,357.81,18053.6517,18083.4762,0
20154,357.81,18053.6517,18083.4762,0
20155,357.81,18053.6517,18083.4762,0
20156,357.85,18053.6496,18083.4762,0
20157,357.86,18053.6496,18083.4762,0
20158,357.89,18053.6496,18083.4762,0
20159,357.93,18053.6496,18083.4762,0
20160,357.93,18053.6496,18083.4762,0
20161,357.93,18053.6496,18083.4762,0
20162,357.93,18053.6496,18083.4762,0
20163,357.93,18053.6496,18083.4762,0
20165,357.98,18053.6517,18083.4762,0
20166,358.01,18053.6517,18083.4762,0
20167,358.02,18053.6517,18083.4762,0
20168,358.02,18053.6517,18083.4762,0
20169,358.02,18053.6517,18083.4762,0
20170,358.02,18053.6517,18083.4762,0
20172,358.02,18053.6517,18083.4762,0
20174,358.02,18053.6517,18083.4762,0
20175,358.02,18053.6517,18083.4762,0
20176,358.02,18053.6517,18083.4762,0
20177,358.02,18053.6517,18083.4762,0
20179,358.02,18053.6517,18083.4762,0
20180,358.02,18053.6517,18083.4762,0
20181,358.02,18053.6517,18083.4762,0
20182,358.06,18053.6496,18083.4762,0
20183,358.07,18053.6496,18083.4762,0
20184,358.10,18053.6496,18083.4762,0
20185,358.14,18053.6496,18083.4762,0
20186,358.14,18053.6496,18083.4762,0
20189,358.14,18053.6496,18083.4762,0
20190,358.18,18053.6517,18083.4762,0
20191,358.26,18053.6496,18083.4762,0
20192,358.30,18053.6496,18083.4762,0
20193,358.33,18053.6496,18083.4762,0
20194,358.33,18053.6496,18083.4762,0
20196,358.38,18053.6517,18083.4762,0
20197,358.38,18053.6517,18083.4762,0
20198,358.42,18053.6517,18083.4762,0
20200,358.50,18053.6496,18083.4762,0
20202,358.54,18053.6496,18083.4762,0
20203,358.54,18053.6496,18083.4762,0
20204,358.54,18053.6496,18083.4762,0
20206,358.54,18053.6496,18083.4762,0
20208,358.57,18053.6496,18083.4762,0
20209,358.57,18053.6496,18083.4762,0
20215,358.57,18053.6496,18083.4762,0
20216,358.62,18053.6517,18083.4762,0
20217,358.65,18053.6517,18083.4762,0
20218,358.66,18053.6517,18083.4762,0
20219,358.69,18053.6517,18083.4762,0
20220,358.69,18053.6517,18083.4762,0
20221,358.69,18053.6517,18083.4762,0
20222,358.69,18053.6517,18083.4762,0
20223,358.69,18053.6517,18083.4762,0
20224,358.69,18053.6517,18083.4762,0
20225,358.69,18053.6517,18083.4762,0
20226,358.69,18053.6517,18083.4762,0
20227,358.69,18053.6517,18083.4762,0
20228,358.73,18053.6496,18083.4762,0
20229,358.77,18053.6496,18083.4762,0
20230,358.77,18053.6496,18083.4762,0
20231,358.80,18053.6496,18083.4762,0
20234,358.81,18053.6496,18083.4762,0
20235,358.85,18053.6517,18083.4762,0
20236,358.89,18053.6517,18083.4762,0
20237,358.89,18053.6517,18083.4762,0
20238,358.89,18053.6517,18083.4762,0
20239,358.89,18053.6517,18083.4762,0
20240,358.89,18053.6517,18083.4762,0
20241,358.93,18053.6517,18083.4762,0
20242,358.93,18053.6517,18083.4762,0
20244,358.93,18053.6517,18083.4762,0
20246,358.98,18053.6496,18083.4762,0
20247,359.01,18053.6496,18083.4762,0
20248,359.02,18053.6496,18083.4762,0
20249,359.09,18053.6517,18083.4762,0
20251,359.18,18053.6496,18083.4762,0
20252,359.21,18053.6496,18083.4762,0
20253,359.29,18053.6517,18083.4762,0
20256,359.33,18053.6517,18083.4762,0
20257,359.36,18053.6517,18083.4762,0
20259,359.36,18053.6517,18083.4762,0
20260,359.37,18053.6517,18083.4762,0
20263,359.37,18053.6517,18083.4762,0
20264,359.41,18053.6496,18083.4762,0
20265,359.44,18053.6496,18083.4762,0
20266,359.45,18053.6496,18083.4762,0
20267,359.48,18053.6496,18083.4762,0
20269,359.48,18053.6496,18083.4762,0
20270,359.53,18053.6517,18083.4762,0
20271,359.56,18053.6517,18083.4762,0
20272,359.56,18053.6517,18083.4762,0
20274,359.57,18053.6517,18083.4762,0
20275,359.57,18053.6517,18083.4762,0
20277,359.57,18053.6517,18083.4762,0
20279,359.60,18053.6517,18083.4762,0
20280,359.64,18053.6496,18083.4762,0
20281,359.68,18053.6496,18083.4762,0
20283,359.69,18053.6496,18083.4762,0
20285,359.69,18053.6496,18083.4762,0
20286,359.72,18053.6496,18083.4762,0
20287,359.72,18053.6496,18083.4762,0
20288,359.72,18053.6496,18083.4762,0
20289,359.72,18053.6496,18083.4762,0
20291,359.72,18053.6496,18083.4762,0
20292,359.72,18053.6496,18083.4762,0
20294,359.72,18053.6496,18083.4762,0
20295,359.72,18053.6496,18083.4762,0
20296,359.76,18053.6517,18083.4762,0
20297,359.80,18053.6517,18083.4762,0
20298,359.84,18053.6496,18083.4762,0
20299,359.87,18053.6496,18083.4762,0
20300,359.92,18053.6517,18083.4762,0
20303,359.92,18053.6517,18083.4762,0
20304,359.96,18053.6517,18083.4762,0
20306,359.99,18053.6517,18083.4762,0
20307,359.99,18053.6517,18083.4762,0
20308,359.99,18053.6517,18083.4762,0
20309,359.99,18053.6517,18083.4762,0
20310,359.99,18053.6517,18083.4762,0
20311,359.99,18053.6517,18083.4762,0
20312,359.99,18053.6517,18083.4762,0
20313,359.99,18053.6517,18083.4762,0
20314,359.99,18053.6517,18083.4762,0
20315,359.99,18053.6517,18083.4762,0
20316,359.99,18053.6517,18083.4762,0
20318,359.99,18053.6517,18083.4762,0
20319,359.99,18053.6517,18083.4762,0
20322,360.04,18053.6496,18083.4762,0
20323,360.07,18053.6496,18083.4762,0
20324,360.08,18053.6496,18083.4762,0
20325,360.12,18053.6517,18083.4762,0
20326,360.13,18053.6517,18083.4762,0
20327,360.16,18053.6517,18083.4762,0
20328,360.16,18053.6517,18083.4762,0
20329,360.16,18053.6517,18083.4762,0
20330,360.16,18053.6517,18083.4762,0
20332,360.16,18053.6517,18083.4762,0
20333,360.21,18053.6496,18083.4762,0
20334,360.24,18053.6496,18083.4762,0
20335,360.31,18053.6517,18083.4762,0
20336,360.34,18053.6517,18083.4762,0
20338,360.38,18053.6517,18083.4762,0
20340,360.39,18053.6517,18083.4762,0
20341,360.39,18053.6517,18083.4762,0
20342,360.39,18053.6517,18083.4762,0
20343,360.39,18053.6517,18083.4762,0
20344,360.43,18053.6496,18083.4762,0
20345,360.46,18053.6496,18083.4762,0
20346,360.47,18053.6496,18083.4762,0
20349,360.47,18053.6496,18083.4762,0
20350,360.47,18053.6496,18083.4762,0
20351,360.47,18053.6496,18083.4762,0
20353,360.52,18053.6517,18083.4762,0
20355,360.60,18053.6496,18083.4762,0
20356,360.64,18053.6496,18083.4762,0
20357,360.64,18053.6496,18083.4762,0
20359,360.68,18053.6517,18083.4762,0
20361,360.76,18053.6496,18083.4762,0
20362,360.80,18053.6496,18083.4762,0
20364,360.81,18053.6496,18083.4762,0
20365,360.88,18053.6517,18083.4762,0
20366,360.89,18053.6517,18083.4762,0
20367,360.89,18053.6517,18083.4762,0
20368,360.89,18053.6517,18083.4762,0
20371,360.89,18053.6517,18083.4762,0
20372,360.93,18053.6517,18083.4762,0
20374,360.96,18053.6517,18083.4762,0
20375,360.96,18053.6517,18083.4762,0
20377,360.96,18053.6517,18083.4762,0
20378,360.96,18053.6517,18083.4762,0
20379,360.96,18053.6517,18083.4762,0
20380,360.96,18053.6517,18083.4762,0
20381,361.00,18053.6496,18083.4762,0
20382,361.04,18053.6496,18083.4762,0
20383,361.04,18053.6496,18083.4762,0
20386,361.05,18053.6496,18083.4762,0
20387,361.05,18053.6496,18083.4762,0
20388,361.05,18053.6496,18083.4762,0
20389,361.05,18053.6496,18083.4762,0
20390,361.05,18053.6496,18083.4762,0
20392,361.08,18053.6496,18083.4762,0
20393,361.08,18053.6496,18083.4762,0
20395,361.13,18053.6517,18083.4762,0
20396,361.16,18053.6517,18083.4762,0
20397,361.16,18053.6517,18083.4762,0
20398,361.20,18053.6517,18083.4762,0
20400,361.20,18053.6517,18083.4762,0
20401,361.20,18053.6517,18083.4762,0
20402,361.20,18053.6517,18083.4762,0
20403,361.20,18053.6517,18083.4762,0
20405,361.20,18053.6517,18083.4762,0
20406,361.20,18053.6517,18083.4762,0
20407,361.25,18053.6496,18083.4762,0
20408,361.32,18053.6517,18083.4762,0
20409,361.36,18053.6517,18083.4762,0
20410,361.39,18053.6517,18083.4762,0
20411,361.39,18053.6517,18083.4762,0
20412,361.39,18053.6517,18083.4762,0
20414,361.40,18053.6517,18083.4762,0
20415,361.40,18053.6517,18083.4762,0
20416,361.40,18053.6517,18083.4762,0
20417,361.40,18053.6517,18083.4762,0
20418,361.40,18053.6517,18083.4762,0
20419,361.40,18053.6517,18083.4762,0
20420,361.40,18053.6517,18083.4762,0
20421,361.44,18053.6496,18083.4762,0
20423,361.48,18053.6496,18083.4762,0
20424,361.48,18053.6496,18083.4762,0
20425,361.51,18053.6496,18083.4762,0
20426,361.52,18053.6496,18083.4762,0
20427,361.56,18053.6517,18083.4762,0
20429,361.60,18053.6517,18083.4762,0
20430,361.63,18053.6517,18083.4762,0
20431,361.63,18053.6517,18083.4762,0
20432,361.63,18053.6517,18083.4762,0
20433,361.63,18053.6517,18083.4762,0
20434,361.63,18053.6517,18083.4762,0
20435,361.63,18053.6517,18083.4762,0
20436,361.63,18053.6517,18083.4762,0
20437,361.63,18053.6517,18083.4762,0
20438,361.68,18053.6496,18083.4762,0
20439,361.68,18053.6496,18083.4762,0
20440,361.72,18053.6496,18083.4762,0
20441,361.75,18053.6496,18083.4762,0
20442,361.75,18053.6496,18083.4762,0
20443,361.75,18053.6496,18083.4762,0
20445,361.75,18053.6496,18083.4762,0
20447,361.80,18053.6517,18083.4762,0
20449,361.84,18053.6517,18083.4762,0
20450,361.84,18053.6517,18083.4762,0
20452,361.92,18053.6496,18083.4762,0
20453,361.92,18053.6496,18083.4762,0
20454,361.92,18053.6496,18083.4762,0
20455,361.96,18053.6496,18083.4762,0
20456,361.96,18053.6496,18083.4762,0
20457,361.96,18053.6496,18083.4762,0
20458,361.96,18053.6496,18083.4762,0
20461,361.96,18053.6496,18083.4762,0
20463,362.04,18053.6517,18083.4762,0
20464,362.04,18053.6517,18083.4762,0
20466,362.08,18053.6517,18083.4762,0
20467,362.12,18053.6517,18083.4762,0
20468,362.12,18053.6517,18083.4762,0
20469,362.12,18053.6517,18083.4762,0
20471,362.16,18053.6496,18083.4762,0
20472,362.19,18053.6496,18083.4762,0
20473,362.20,18053.6496,18083.4762,0
20475,362.24,18053.6496,18083.4762,0
20476,362.28,18053.6517,18083.4762,0
20477,362.31,18053.6517,18083.4762,0
20479,362.35,18053.6517,18083.4762,0
20480,362.35,18053.6517,18083.4762,0
20481,362.39,18053.6496,18083.4762,0
20485,362.43,18053.6496,18083.4762,0
20486,362.43,18053.6496,18083.4762,0
20487,362.46,18053.6496,18083.4762,0
20488,362.47,18053.6496,18083.4762,0
20489,362.47,18053.6496,18083.4762,0
20490,362.47,18053.6496,18083.4762,0
20491,362.51,18053.6517,18083.4762,0
20492,362.54,18053.6517,18083.4762,0
20496,362.58,18053.6517,18083.4762,0
20499,362.58,18053.6517,18083.4762,0
20500,362.58,18053.6517,18083.4762,0
20501,362.63,18053.6496,18083.4762,0
20502,362.63,18053.6496,18083.4762,0
20503,362.66,18053.6496,18083.4762,0
20504,362.66,18053.6496,18083.4762,0
20505,362.66,18053.6496,18083.4762,0
20506,362.66,18053.6496,18083.4762,0
20507,362.70,18053.6496,18083.4762,0
20509,362.70,18053.6496,18083.4762,0
20510,362.70,18053.6496,18083.4762,0
20515,362.70,18053.6496,18083.4762,0
20517,362.74,18053.6517,18083.4762,0
20518,362.75,18053.6517,18083.4762,0
20519,362.83,18053.6496,18083.4762,0
20520,362.86,18053.6496,18083.4762,0
20521,362.89,18053.6496,18083.4762,0
20522,362.89,18053.6496,18083.4762,0
20523,362.90,18053.6496,18083.4762,0
20527,362.94,18053.6517,18083.4762,0
20529,362.95,18053.6517,18083.4762,0
20530,362.95,18053.6517,18083.4762,0
20531,362.95,18053.6517,18083.4762,0
20532,362.99,18053.6517,18083.4762,0
20533,363.03,18053.6496,18083.4762,0
20534,363.06,18053.6496,18083.4762,0
20535,363.10,18053.6496,18083.4762,0
20536,363.14,18053.6517,18083.4762,0
20537,363.18,18053.6517,18083.4762,0
20539,363.19,18053.6517,18083.4762,0
20541,363.19,18053.6517,18083.4762,0
20543,363.22,18053.6517,18083.4762,0
20545,363.22,18053.6517,18083.4762,0
20548,363.22,18053.6517,18083.4762,0
20549,363.22,18053.6517,18083.4762,0
20550,363.22,18053.6517,18083.4762,0
20551,363.26,18053.6496,18083.4762,0
20552,363.34,18053.6517,18083.4762,0
20553,363.42,18053.6496,18083.4762,0
20554,363.42,18053.6496,18083.4762,0
20555,363.46,18053.6496,18083.4762,0
20557,363.46,18053.6496,18083.4762,0
20558,363.50,18053.6496,18083.4762,0
20560,363.50,18053.6496,18083.4762,0
20561,363.50,18053.6496,18083.4762,0
20562,363.50,18053.6496,18083.4762,0
20563,363.54,18053.6517,18083.4762,0
20565,363.58,18053.6517,18083.4762,0
20566,363.65,18053.6496,18083.4762,0
20568,363.66,18053.6496,18083.4762,0
20570,363.70,18053.6496,18083.4762,0
20574,363.73,18053.6496,18083.4762,0
20575,363.73,18053.6496,18083.4762,0
20576,363.73,18053.6496,18083.4762,0
20577,363.77,18053.6517,18083.4762,0
20578,363.78,18053.6517,18083.4762,0
20581,363.81,18053.6517,18083.4762,0
20583,363.82,18053.6517,18083.4762,0
20584,363.82,18053.6517,18083.4762,0
20586,363.85,18053.6517,18083.4762,0
20587,363.85,18053.6517,18083.4762,0
20588,363.85,18053.6517,18083.4762,0
20589,363.89,18053.6496,18083.4762,0
20591,363.93,18053.6496,18083.4762,0
20592,363.93,18053.6496,18083.4762,0
20593,363.93,18053.6496,18083.4762,0
20594,363.93,18053.6496,18083.4762,0
20595,363.93,18053.6496,18083.4762,0
20596,363.93,18053.6496,18083.4762,0
20597,363.93,18053.6496,18083.4762,0
20598,363.93,18053.6496,18083.4762,0
20601,364.01,18053.6517,18083.4762,0
20603,364.05,18053.6517,18083.4762,0
20604,364.08,18053.6517,18083.4762,0
20605,364.08,18053.6517,18083.4762,0
20606,364.08,18053.6517,18083.4762,0
20610,364.13,18053.6496,18083.4762,0
20611,364.16,18053.6496,18083.4762,0
20612,364.16,18053.6496,18083.4762,0
20613,364.19,18053.6496,18083.4762,0
20614,364.24,18053.6517,18083.4762,0
20616,364.28,18053.6517,18083.4762,0
20617,364.28,18053.6517,18083.4762,0
20618,364.28,18053.6517,18083.4762,0
20619,364.28,18053.6517,18083.4762,0
20621,364.28,18053.6517,18083.4762,0
20624,364.28,18053.6517,18083.4762,0
20625,364.28,18053.6517,18083.4762,0
20626,364.28,18053.6517,18083.4762,0
20627,364.31,18053.6517,18083.4762,0
20629,364.31,18053.6517,18083.4762,0
20630,364.31,18053.6517,18083.4762,0
20631,364.36,18053.6496,18083.4762,0
20632,364.36,18053.6496,18083.4762,0
20633,364.40,18053.6496,18083.4762,0
20635,364.40,18053.6496,18083.4762,0
20636,364.40,18053.6496,18083.4762,0
20637,364.40,18053.6496,18083.4762,0
20638,364.43,18053.6496,18083.4762,0
20639,364.43,18053.6496,18083.4762,0
20640,364.48,18053.6517,18083.4762,0
20641,364.51,18053.6517,18083.4762,0
20643,364.56,18053.6496,18083.4762,0
20644,364.59,18053.6496,18083.4762,0
20645,364.63,18053.6496,18083.4762,0
20646,364.63,18053.6496,18083.4762,0
20647,364.63,18053.6496,18083.4762,0
20648,364.63,18053.6496,18083.4762,0
20649,364.63,18053.6496,18083.4762,0
20650,364.63,18053.6496,18083.4762,0
20651,364.63,18053.6496,18083.4762,0
20652,364.63,18053.6496,18083.4762,0
20653,364.63,18053.6496,18083.4762,0
20654,364.67,18053.6517,18083.4762,0
20656,364.71,18053.6517,18083.4762,0
20657,364.72,18053.6517,18083.4762,0
20658,364.75,18053.6517,18083.4762,0
20659,364.75,18053.6517,18083.4762,0
20660,364.75,18053.6517,18083.4762,0
20662,364.75,18053.6517,18083.4762,0
20664,364.80,18053.6496,18083.4762,0
20665,364.80,18053.6496,18083.4762,0
20666,364.83,18053.6496,18083.4762,0
20669,364.84,18053.6496,18083.4762,0
20670,364.91,18053.6517,18083.4762,0
20671,365.01,18053.6496,18083.4762,0
20673,365.05,18053.6496,18083.4762,0
20674,365.12,18053.6517,18083.4762,0
20675,365.20,18053.6496,18083.4762,0
20676,365.23,18053.6496,18083.4762,0
20677,365.24,18053.6496,18083.4762,0
20678,365.24,18053.6496,18083.4762,0
20680,365.29,18053.6517,18083.4762,0
20681,365.29,18053.6517,18083.4762,0
20683,365.33,18053.6517,18083.4762,0
20685,365.33,18053.6517,18083.4762,0
20686,365.33,18053.6517,18083.4762,0
20687,365.36,18053.6517,18083.4762,0
20688,365.36,18053.6517,18083.4762,0
20689,365.36,18053.6517,18083.4762,0
20690,365.36,18053.6517,18083.4762,0
20691,365.36,18053.6517,18083.4762,0
20693,365.36,18053.6517,18083.4762,0
20695,365.36,18053.6517,18083.4762,0
20698,365.36,18053.6517,18083.4762,0
20699,365.36,18053.6517,18083.4762,0
20700,365.36,18053.6517,18083.4762,0
20701,365.36,18053.6517,18083.4762,0
20702,365.36,18053.6517,18083.4762,0
20703,365.36,18053.6517,18083.4762,0
20705,365.36,18053.6517,18083.4762,0
20706,365.41,18053.6496,18083.4762,0
20707,365.48,18053.6517,18083.4762,0
20710,365.52,18053.6517,18083.4762,0
20711,365.56,18053.6496,18083.4762,0
20712,365.60,18053.6496,18083.4762,0
20713,365.60,18053.6496,18083.4762,0
20714,365.60,18053.6496,18083.4762,0
20716,365.64,18053.6496,18083.4762,0
20717,365.64,18053.6496,18083.4762,0
20719,365.68,18053.6517,18083.4762,0
20721,365.69,18053.6517,18083.4762,0
20722,365.72,18053.6517,18083.4762,0
20723,365.76,18053.6517,18083.4762,0
20726,365.76,18053.6517,18083.4762,0
20727,365.76,18053.6517,18083.4762,0
20728,365.76,18053.6517,18083.4762,0
20730,365.80,18053.6496,18083.4762,0
20731,365.83,18053.6496,18083.4762,0
20732,365.83,18053.6496,18083.4762,0
20733,365.88,18053.6517,18083.4762,0
20735,365.91,18053.6517,18083.4762,0
20736,365.95,18053.6517,18083.4762,0
20738,365.95,18053.6517,18083.4762,0
20739,366.00,18053.6496,18083.4762,0
20740,366.03,18053.6496,18083.4762,0
20741,366.04,18053.6496,18083.4762,0
20742,366.07,18053.6496,18083.4762,0
20743,366.07,18053.6496,18083.4762,0
20744,366.07,18053.6496,18083.4762,0
20745,366.11,18053.6517,18083.4762,0
20748,366.15,18053.6517,18083.4762,0
20750,366.18,18053.6517,18083.4762,0
20751,366.18,18053.6517,18083.4762,0
20753,366.23,18053.6496,18083.4762,0
20754,366.23,18053.6496,18083.4762,0
20755,366.26,18053.6496,18083.4762,0
20757,366.30,18053.6496,18083.4762,0
20758,366.30,18053.6496,18083.4762,0
20759,366.30,18053.6496,18083.4762,0
20760,366.30,18053.6496,18083.4762,0
20764,366.30,18053.6496,18083.4762,0
20765,366.30,18053.6496,18083.4762,0
20767,366.34,18053.6517,18083.4762,0
20768,366.42,18053.6496,18083.4762,0
20769,366.43,18053.6496,18083.4762,0
20773,366.46,18053.6496,18083.4762,0
20775,366.46,18053.6496,18083.4762,0
20776,366.46,18053.6496,18083.4762,0
20777,366.50,18053.6496,18083.4762,0
20779,366.50,18053.6496,18083.4762,0
20781,366.50,18053.6496,18083.4762,0
20782,366.50,18053.6496,18083.4762,0
20783,366.50,18053.6496,18083.4762,0
20784,366.50,18053.6496,18083.4762,0
20785,366.50,18053.6496,18083.4762,0
20786,366.54,18053.6517,18083.4762,0
20787,366.58,18053.6517,18083.4762,0
20790,366.59,18053.6517,18083.4762,0
20791,366.59,18053.6517,18083.4762,0
20792,366.59,18053.6517,18083.4762,0
20793,366.63,18053.6496,18083.4762,0
20794,366.66,18053.6496,18083.4762,0
20795,366.67,18053.6496,18083.4762,0
20796,366.67,18053.6496,18083.4762,0
20798,366.75,18053.6517,18083.4762,0
20799,366.78,18053.6517,18083.4762,0
20800,366.83,18053.6496,18083.4762,0
20801,366.86,18053.6496,18083.4762,0
20802,366.86,18053.6496,18083.4762,0
20804,366.90,18053.6496,18083.4762,0
20805,366.94,18053.6517,18083.4762,0
20806,366.95,18053.6517,18083.4762,0
20808,366.98,18053.6517,18083.4762,0
20809,367.06,18053.6496,18083.4762,0
20810,367.07,18053.6496,18083.4762,0
20811,367.10,18053.6496,18083.4762,0
20813,367.10,18053.6496,18083.4762,0
20814,367.18,18053.6517,18083.4762,0
20817,367.22,18053.6517,18083.4762,0
20818,367.25,18053.6517,18083.4762,0
20820,367.26,18053.6517,18083.4762,0
20821,367.26,18053.6517,18083.4762,0
20822,367.30,18053.6496,18083.4762,0
20823,367.31,18053.6496,18083.4762,0
20824,367.31,18053.6496,18083.4762,0
20826,367.39,18053.6517,18083.4762,0
20827,367.39,18053.6517,18083.4762,0
20828,367.39,18053.6517,18083.4762,0
20829,367.43,18053.6517,18083.4762,0
20830,367.43,18053.6517,18083.4762,0
20831,367.47,18053.6496,18083.4762,0
20832,367.48,18053.6496,18083.4762,0
20836,367.56,18053.6517,18083.4762,0
20838,367.57,18053.6517,18083.4762,0
20839,367.57,18053.6517,18083.4762,0
20840,367.60,18053.6517,18083.4762,0
20841,367.60,18053.6517,18083.4762,0
20842,367.60,18053.6517,18083.4762,0
20845,367.63,18053.6517,18083.4762,0
20846,367.63,18053.6517,18083.4762,0
20848,367.63,18053.6517,18083.4762,0
20849,367.63,18053.6517,18083.4762,0
20850,367.68,18053.6496,18083.4762,0
20851,367.71,18053.6496,18083.4762,0
20852,367.74,18053.6496,18083.4762,0
20853,367.74,18053.6496,18083.4762,0
20854,367.74,18053.6496,18083.4762,0
20855,367.79,18053.6517,18083.4762,0
20856,367.79,18053.6517,18083.4762,0
20857,367.87,18053.6496,18083.4762,0
20858,367.94,18053.6517,18083.4762,0
20860,367.95,18053.6517,18083.4762,0
20861,367.99,18053.6517,18083.4762,0
20862,368.02,18053.6517,18083.4762,0
20864,368.02,18053.6517,18083.4762,0
20865,368.02,18053.6517,18083.4762,0
20866,368.02,18053.6517,18083.4762,0
20867,368.02,18053.6517,18083.4762,0
20871,368.02,18053.6517,18083.4762,0
20872,368.06,18053.6496,18083.4762,0
20873,368.14,18053.6517,18083.4762,0
20874,368.15,18053.6517,18083.4762,0
20875,368.18,18053.6517,18083.4762,0
20876,368.22,18053.6496,18083.4762,0
20877,368.30,18053.6517,18083.4762,0
20878,368.34,18053.6517,18083.4762,0
20879,368.34,18053.6517,18083.4762,0
20880,368.37,18053.6517,18083.4762,0
20881,368.38,18053.6517,18083.4762,0
20882,368.38,18053.6517,18083.4762,0
20883,368.38,18053.6517,18083.4762,0
20884,368.38,18053.6517,18083.4762,0
20886,368.43,18053.6496,18083.4762,0
20889,368.48,18053.6496,18083.4762,0
20890,368.51,18053.6496,18083.4762,0
20893,368.51,18053.6496,18083.4762,0
20894,368.51,18053.6496,18083.4762,0
20895,368.51,18053.6496,18083.4762,0
20896,368.52,18053.6496,18083.4762,0
20897,368.52,18053.6496,18083.4762,0
20898,368.52,18053.6496,18083.4762,0
20899,368.56,18053.6517,18083.4762,0
20900,368.59,18053.6517,18083.4762,0
20902,368.60,18053.6517,18083.4762,0
20903,368.60,18053.6517,18083.4762,0
20904,368.60,18053.6517,18083.4762,0
20906,368.60,18053.6517,18083.4762,0
20907,368.64,18053.6517,18083.4762,0
20908,368.68,18053.6496,18083.4762,0
20911,368.69,18053.6496,18083.4762,0
20913,368.76,18053.6517,18083.4762,0
20914,368.80,18053.6517,18083.4762,0
20915,368.83,18053.6517,18083.4762,0
20916,368.87,18053.6496,18083.4762,0
20918,368.91,18053.6496,18083.4762,0
20919,368.91,18053.6496,18083.4762,0
20920,368.96,18053.6517,18083.4762,0
20921,368.96,18053.6517,18083.4762,0
20922,368.99,18053.6517,18083.4762,0
20923,369.03,18053.6517,18083.4762,0
20924,369.03,18053.6517,18083.4762,0
20925,369.03,18053.6517,18083.4762,0
20926,369.03,18053.6517,18083.4762,0
20927,369.03,18053.6517,18083.4762,0
20928,369.03,18053.6517,18083.4762,0
20929,369.03,18053.6517,18083.4762,0
20930,369.07,18053.6496,18083.4762,0
20931,369.15,18053.6517,18083.4762,0
20932,369.16,18053.6517,18083.4762,0
20933,369.19,18053.6517,18083.4762,0
20934,369.19,18053.6517,18083.4762,0
20935,369.22,18053.6517,18083.4762,0
20939,369.27,18053.6496,18083.4762,0
20940,369.31,18053.6496,18083.4762,0
20941,369.31,18053.6496,18083.4762,0
20943,369.39,18053.6517,18083.4762,0
20947,369.40,18053.6517,18083.4762,0
20948,369.43,18053.6517,18083.4762,0
20949,369.43,18053.6517,18083.4762,0
20951,369.48,18053.6496,18083.4762,0
20952,369.51,18053.6496,18083.4762,0
20953,369.51,18053.6496,18083.4762,0
20954,369.59,18053.6517,18083.4762,0
20956,369.60,18053.6517,18083.4762,0
20957,369.60,18053.6517,18083.4762,0
20959,369.60,18053.6517,18083.4762,0
20960,369.60,18053.6517,18083.4762,0
20961,369.67,18053.6496,18083.4762,0
20962,369.68,18053.6496,18083.4762,0
20964,369.72,18053.6496,18083.4762,0
20965,369.75,18053.6496,18083.4762,0
20966,369.75,18053.6496,18083.4762,0
20969,369.75,18053.6496,18083.4762,0
20970,369.75,18053.6496,18083.4762,0
20971,369.79,18053.6517,18083.4762,0
20972,369.80,18053.6517,18083.4762,0
20973,369.88,18053.6496,18083.4762,0
20974,369.91,18053.6496,18083.4762,0
20976,369.95,18053.6496,18083.4762,0
20979,369.95,18053.6496,18083.4762,0
20980,369.99,18053.6517,18083.4762,0
20983,370.00,18053.6517,18083.4762,0
20985,370.00,18053.6517,18083.4762,0
20986,370.03,18053.6517,18083.4762,0
20987,370.03,18053.6517,18083.4762,0
20988,370.08,18053.6496,18083.4762,0
20990,370.09,18053.6496,18083.4762,0
20991,370.16,18053.6517,18083.4762,0
20992,370.17,18053.6517,18083.4762,0
20993,370.25,18053.6496,18083.4762,0
20994,370.28,18053.6496,18083.4762,0
20995,370.29,18053.6496,18083.4762,0
20996,370.32,18053.6496,18083.4762,0
20997,370.36,18053.6517,18083.4762,0
20998,370.40,18053.6517,18083.4762,0
20999,370.43,18053.6517,18083.4762,0
21000,370.43,18053.6517,18083.4762,0
21001,370.44,18053.6517,18083.4762,0
21002,370.44,18053.6517,18083.4762,0
21004,370.44,18053.6517,18083.4762,0
21005,370.48,18053.6496,18083.4762,0
21007,370.52,18053.6496,18083.4762,0
21008,370.52,18053.6496,18083.4762,0
21010,370.60,18053.6517,18083.4762,0
21011,370.64,18053.6517,18083.4762,0
21012,370.64,18053.6517,18083.4762,0
21013,370.64,18053.6517,18083.4762,0
21015,370.65,18053.6517,18083.4762,0
21017,370.69,18053.6496,18083.4762,0
21018,370.69,18053.6496,18083.4762,0
21019,370.69,18053.6496,18083.4762,0
21020,370.73,18053.6496,18083.4762,0
21021,370.73,18053.6496,18083.4762,0
21022,370.80,18053.6517,18083.4762,0
21023,370.81,18053.6517,18083.4762,0
21024,370.89,18053.6496,18083.4762,0
21026,370.92,18053.6496,18083.4762,0
21027,370.93,18053.6496,18083.4762,0
21030,370.96,18053.6496,18083.4762,0
21031,370.96,18053.6496,18083.4762,0
21032,370.96,18053.6496,18083.4762,0
21033,370.96,18053.6496,18083.4762,0
21034,371.01,18053.6517,18083.4762,0
21035,371.04,18053.6517,18083.4762,0
21036,371.08,18053.6496,18083.4762,0
21037,371.16,18053.6517,18083.4762,0
21038,371.19,18053.6517,18083.4762,0
21039,371.27,18053.6496,18083.4762,0
21040,371.30,18053.6496,18083.4762,0
21041,371.30,18053.6496,18083.4762,0
21043,371.31,18053.6496,18083.4762,0
21044,371.35,18053.6496,18083.4762,0
21045,371.35,18053.6496,18083.4762,0
21046,371.35,18053.6496,18083.4762,0
21047,371.35,18053.6496,18083.4762,0
21048,371.35,18053.6496,18083.4762,0
21049,371.41,18053.6517,18083.4762,0
21050,371.44,18053.6517,18083.4762,0
21051,371.45,18053.6517,18083.4762,0
21052,371.45,18053.6517,18083.4762,0
21053,371.53,18053.6496,18083.4762,0
21054,371.53,18053.6496,18083.4762,0
21055,371.57,18053.6496,18083.4762,0
21056,371.60,18053.6496,18083.4762,0
21057,371.60,18053.6496,18083.4762,0
21059,371.60,18053.6496,18083.4762,0
21060,371.60,18053.6496,18083.4762,0
21062,371.60,18053.6496,18083.4762,0
21064,371.65,18053.6517,18083.4762,0
21065,371.68,18053.6517,18083.4762,0
21066,371.76,18053.6496,18083.4762,0
21068,371.79,18053.6496,18083.4762,0
21069,371.84,18053.6517,18083.4762,0
21070,371.87,18053.6517,18083.4762,0
21072,371.95,18053.6496,18083.4762,0
21073,371.96,18053.6496,18083.4762,0
21075,371.99,18053.6496,18083.4762,0
21076,371.99,18053.6496,18083.4762,0
21078,371.99,18053.6496,18083.4762,0
21079,372.04,18053.6517,18083.4762,0
21081,372.05,18053.6517,18083.4762,0
21082,372.05,18053.6517,18083.4762,0
21083,372.05,18053.6517,18083.4762,0
21084,372.05,18053.6517,18083.4762,0
21085,372.08,18053.6517,18083.4762,0
21086,372.11,18053.6517,18083.4762,0
21087,372.11,18053.6517,18083.4762,0
21088,372.11,18053.6517,18083.4762,0
21091,372.11,18053.6517,18083.4762,0
21092,372.11,18053.6517,18083.4762,0
21094,372.16,18053.6496,18083.4762,0
21095,372.16,18053.6496,18083.4762,0
21097,372.17,18053.6496,18083.4762,0
21099,372.17,18053.6496,18083.4762,0
21101,372.17,18053.6496,18083.4762,0
21102,372.17,18053.6496,18083.4762,0
21103,372.20,18053.6496,18083.4762,0
21104,372.23,18053.6496,18083.4762,0
21106,372.27,18053.6517,18083.4762,0
21110,372.36,18053.6496,18083.4762,0
21111,372.39,18053.6496,18083.4762,0
21112,372.39,18053.6496,18083.4762,0
21113,372.42,18053.6496,18083.4762,0
21114,372.42,18053.6496,18083.4762,0
21115,372.47,18053.6517,18083.4762,0
21116,372.50,18053.6517,18083.4762,0
21117,372.50,18053.6517,18083.4762,0
21118,372.50,18053.6517,18083.4762,0
21119,372.50,18053.6517,18083.4762,0
21120,372.54,18053.6517,18083.4762,0
21121,372.54,18053.6517,18083.4762,0
21122,372.54,18053.6517,18083.4762,0
21123,372.54,18053.6517,18083.4762,0
21125,372.54,18053.6517,18083.4762,0
21126,372.54,18053.6517,18083.4762,0
21127,372.54,18053.6517,18083.4762,0
21128,372.58,18053.6496,18083.4762,0
21129,372.66,18053.6517,18083.4762,0
21130,372.67,18053.6517,18083.4762,0
21132,372.70,18053.6517,18083.4762,0
21133,372.74,18053.6517,18083.4762,0
21134,372.74,18053.6517,18083.4762,0
21135,372.74,18053.6517,18083.4762,0
21136,372.74,18053.6517,18083.4762,0
21137,372.74,18053.6517,18083.4762,0
21138,372.74,18053.6517,18083.4762,0
21139,372.74,18053.6517,18083.4762,0
21140,372.78,18053.6496,18083.4762,0
21142,372.82,18053.6496,18083.4762,0
21144,372.90,18053.6517,18083.4762,0
21146,372.93,18053.6517,18083.4762,0
21147,372.94,18053.6517,18083.4762,0
21149,372.97,18053.6517,18083.4762,0
21150,372.97,18053.6517,18083.4762,0
21151,373.02,18053.6496,18083.4762,0
21152,373.05,18053.6496,18083.4762,0
21153,373.05,18053.6496,18083.4762,0
21154,373.09,18053.6496,18083.4762,0
21155,373.09,18053.6496,18083.4762,0
21157,373.13,18053.6517,18083.4762,0
21158,373.21,18053.6496,18083.4762,0
21160,373.29,18053.6517,18083.4762,0
21161,373.33,18053.6517,18083.4762,0
21162,373.33,18053.6517,18083.4762,0
21163,373.33,18053.6517,18083.4762,0
21164,373.33,18053.6517,18083.4762,0
21165,373.37,18053.6517,18083.4762,0
21167,373.37,18053.6517,18083.4762,0
21168,373.37,18053.6517,18083.4762,0
21169,373.41,18053.6496,18083.4762,0
21170,373.42,18053.6496,18083.4762,0
21171,373.45,18053.6496,18083.4762,0
21173,373.53,18053.6517,18083.4762,0
21177,373.54,18053.6517,18083.4762,0
21178,373.57,18053.6517,18083.4762,0
21179,373.57,18053.6517,18083.4762,0
21183,373.57,18053.6517,18083.4762,0
21184,373.60,18053.6517,18083.4762,0
21185,373.60,18053.6517,18083.4762,0
21187,373.60,18053.6517,18083.4762,0
21188,373.60,18053.6517,18083.4762,0
21190,373.60,18053.6517,18083.4762,0
21192,373.60,18053.6517,18083.4762,0
21193,373.60,18053.6517,18083.4762,0
21194,373.60,18053.6517,18083.4762,0
21197,373.65,18053.6496,18083.4762,0
21198,373.65,18053.6496,18083.4762,0
21199,373.65,18053.6496,18083.4762,0
21200,373.65,18053.6496,18083.4762,0
21201,373.69,18053.6496,18083.4762,0
21202,373.69,18053.6496,18083.4762,0
21204,373.69,18053.6496,18083.4762,0
21205,373.73,18053.6517,18083.4762,0
21206,373.74,18053.6517,18083.4762,0
21208,373.78,18053.6517,18083.4762,0
21209,373.78,18053.6517,18083.4762,0
21210,373.82,18053.6496,18083.4762,0
21211,373.83,18053.6496,18083.4762,0
21212,373.83,18053.6496,18083.4762,0
21213,373.86,18053.6496,18083.4762,0
21214,373.86,18053.6496,18083.4762,0
21215,373.86,18053.6496,18083.4762,0
21217,373.94,18053.6517,18083.4762,0
21218,373.98,18053.6517,18083.4762,0
21220,374.01,18053.6517,18083.4762,0
21221,374.06,18053.6496,18083.4762,0
21222,374.09,18053.6496,18083.4762,0
21223,374.09,18053.6496,18083.4762,0
21224,374.09,18053.6496,18083.4762,0
21225,374.13,18053.6496,18083.4762,0
21226,374.13,18053.6496,18083.4762,0
21227,374.13,18053.6496,18083.4762,0
21228,374.13,18053.6496,18083.4762,0
21231,374.13,18053.6496,18083.4762,0
21232,374.13,18053.6496,18083.4762,0
21233,374.13,18053.6496,18083.4762,0
21234,374.13,18053.6496,18083.4762,0
21235,374.17,18053.6517,18083.4762,0
21236,374.18,18053.6517,18083.4762,0
21237,374.21,18053.6517,18083.4762,0
21239,374.22,18053.6517,18083.4762,0
21240,374.22,18053.6517,18083.4762,0
21241,374.22,18053.6517,18083.4762,0
21242,374.22,18053.6517,18083.4762,0
21243,374.22,18053.6517,18083.4762,0
21244,374.22,18053.6517,18083.4762,0
21245,374.22,18053.6517,18083.4762,0
21246,374.22,18053.6517,18083.4762,0
21247,374.25,18053.6517,18083.4762,0
21248,374.25,18053.6517,18083.4762,0
21251,374.25,18053.6517,18083.4762,0
21252,374.25,18053.6517,18083.4762,0
21253,374.25,18053.6517,18083.4762,0
21258,374.25,18053.6517,18083.4762,0
21259,374.25,18053.6517,18083.4762,0
21260,374.29,18053.6496,18083.4762,0
21261,374.33,18053.6496,18083.4762,0
21263,374.33,18053.6496,18083.4762,0
21264,374.33,18053.6496,18083.4762,0
21265,374.34,18053.6496,18083.4762,0
21266,374.37,18053.6496,18083.4762,0
21267,374.37,18053.6496,18083.4762,0
21268,374.41,18053.6517,18083.4762,0
21269,374.49,18053.6496,18083.4762,0
21271,374.53,18053.6496,18083.4762,0
21272,374.56,18053.6496,18083.4762,0
21274,374.56,18053.6496,18083.4762,0
21275,374.56,18053.6496,18083.4762,0
21277,374.56,18053.6496,18083.4762,0
21278,374.60,18053.6517,18083.4762,0
21279,374.64,18053.6517,18083.4762,0
21280,374.67,18053.6517,18083.4762,0
21281,374.67,18053.6517,18083.4762,0
21282,374.72,18053.6496,18083.4762,0
21284,374.76,18053.6496,18083.4762,0
21285,374.80,18053.6517,18083.4762,0
21287,374.88,18053.6496,18083.4762,0
21288,374.91,18053.6496,18083.4762,0
21290,374.92,18053.6496,18083.4762,0
21292,374.96,18053.6517,18083.4762,0
21293,374.99,18053.6517,18083.4762,0
21294,375.00,18053.6517,18083.4762,0
21295,375.03,18053.6517,18083.4762,0
21296,375.03,18053.6517,18083.4762,0
21297,375.03,18053.6517,18083.4762,0
21298,375.03,18053.6517,18083.4762,0
21299,375.07,18053.6496,18083.4762,0
21300,375.11,18053.6496,18083.4762,0
21303,375.15,18053.6496,18083.4762,0
21304,375.15,18053.6496,18083.4762,0
21305,375.19,18053.6517,18083.4762,0
21306,375.27,18053.6496,18083.4762,0
21307,375.27,18053.6496,18083.4762,0
21308,375.27,18053.6496,18083.4762,0
21309,375.31,18053.6496,18083.4762,0
21311,375.31,18053.6496,18083.4762,0
21312,375.35,18053.6517,18083.4762,0
21313,375.43,18053.6496,18083.4762,0
21315,375.44,18053.6496,18083.4762,0
21316,375.44,18053.6496,18083.4762,0
21317,375.47,18053.6496,18083.4762,0
21319,375.47,18053.6496,18083.4762,0
21320,375.47,18053.6496,18083.4762,0
21321,375.51,18053.6496,18083.4762,0
21325,375.51,18053.6496,18083.4762,0
21326,375.51,18053.6496,18083.4762,0
21327,375.55,18053.6517,18083.4762,0
21328,375.58,18053.6517,18083.4762,0
21329,375.58,18053.6517,18083.4762,0
21330,375.58,18053.6517,18083.4762,0
21331,375.62,18053.6496,18083.4762,0
21332,375.63,18053.6496,18083.4762,0
21333,375.63,18053.6496,18083.4762,0
21334,375.66,18053.6496,18083.4762,0
21335,375.70,18053.6496,18083.4762,0
21337,375.70,18053.6496,18083.4762,0
21338,375.74,18053.6517,18083.4762,0
21339,375.75,18053.6517,18083.4762,0
21340,375.78,18053.6517,18083.4762,0
21342,375.86,18053.6496,18083.4762,0
21344,375.90,18053.6496,18083.4762,0
21345,375.97,18053.6517,18083.4762,0
21346,375.98,18053.6517,18083.4762,0
21347,376.01,18053.6517,18083.4762,0
21348,376.05,18053.6517,18083.4762,0
21349,376.05,18053.6517,18083.4762,0
21350,376.05,18053.6517,18083.4762,0
21351,376.05,18053.6517,18083.4762,0
21352,376.09,18053.6496,18083.4762,0
21353,376.12,18053.6496,18083.4762,0
21354,376.13,18053.6496,18083.4762,0
21355,376.17,18053.6517,18083.4762,0
21356,376.18,18053.6517,18083.4762,0
21357,376.21,18053.6517,18083.4762,0
21358,376.26,18053.6496,18083.4762,0
21359,376.29,18053.6496,18083.4762,0
21360,376.29,18053.6496,18083.4762,0
21361,376.32,18053.6496,18083.4762,0
21362,376.37,18053.6517,18083.4762,0
21363,376.40,18053.6517,18083.4762,0
21364,376.40,18053.6517,18083.4762,0
21365,376.40,18053.6517,18083.4762,0
21366,376.44,18053.6517,18083.4762,0
21368,376.44,18053.6517,18083.4762,0
21369,376.44,18053.6517,18083.4762,0
21370,376.49,18053.6496,18083.4762,0
21371,376.56,18053.6517,18083.4762,0
21372,376.60,18053.6517,18083.4762,0
21373,376.60,18053.6517,18083.4762,0
21374,376.64,18053.6517,18083.4762,0
21376,376.64,18053.6517,18083.4762,0
21378,376.64,18053.6517,18083.4762,0
21380,376.69,18053.6496,18083.4762,0
21381,376.72,18053.6496,18083.4762,0
21382,376.72,18053.6496,18083.4762,0
21383,376.76,18053.6496,18083.4762,0
21384,376.76,18053.6496,18083.4762,0
21385,376.76,18053.6496,18083.4762,0
21386,376.81,18053.6517,18083.4762,0
21388,376.84,18053.6517,18083.4762,0
21389,376.89,18053.6496,18083.4762,0
21390,376.89,18053.6496,18083.4762,0
21391,376.93,18053.6496,18083.4762,0
21392,376.93,18053.6496,18083.4762,0
21393,376.93,18053.6496,18083.4762,0
21394,376.93,18053.6496,18083.4762,0
21396,377.02,18053.6517,18083.4762,0
21397,377.06,18053.6517,18083.4762,0
21398,377.09,18053.6517,18083.4762,0
21400,377.10,18053.6517,18083.4762,0
21401,377.10,18053.6517,18083.4762,0
21402,377.10,18053.6517,18083.4762,0
21403,377.10,18053.6517,18083.4762,0
21405,377.10,18053.6517,18083.4762,0
21406,377.10,18053.6517,18083.4762,0
21407,377.10,18053.6517,18083.4762,0
21408,377.14,18053.6496,18083.4762,0
21409,377.15,18053.6496,18083.4762,0
21410,377.18,18053.6496,18083.4762,0
21411,377.18,18053.6496,18083.4762,0
21414,377.19,18053.6496,18083.4762,0
21415,377.22,18053.6496,18083.4762,0
21416,377.26,18053.6517,18083.4762,0
21417,377.34,18053.6496,18083.4762,0
21418,377.38,18053.6496,18083.4762,0
21421,377.38,18053.6496,18083.4762,0
21423,377.42,18053.6517,18083.4762,0
21424,377.46,18053.6517,18083.4762,0
21425,377.49,18053.6517,18083.4762,0
21426,377.49,18053.6517,18083.4762,0
21427,377.49,18053.6517,18083.4762,0
21428,377.49,18053.6517,18083.4762,0
21429,377.50,18053.6517,18083.4762,0
21431,377.50,18053.6517,18083.4762,0
21432,377.50,18053.6517,18083.4762,0
21433,377.50,18053.6517,18083.4762,0
21434,377.50,18053.6517,18083.4762,0
21435,377.54,18053.6496,18083.4762,0
21437,377.63,18053.6517,18083.4762,0
21438,377.63,18053.6517,18083.4762,0
21440,377.63,18053.6517,18083.4762,0
21441,377.63,18053.6517,18083.4762,0
21444,377.63,18053.6517,18083.4762,0
21445,377.71,18053.6496,18083.4762,0
21446,377.74,18053.6496,18083.4762,0
21447,377.75,18053.6496,18083.4762,0
21448,377.79,18053.6517,18083.4762,0
21449,377.83,18053.6517,18083.4762,0
21450,377.86,18053.6517,18083.4762,0
21451,377.86,18053.6517,18083.4762,0
21452,377.86,18053.6517,18083.4762,0
21453,377.86,18053.6517,18083.4762,0
21454,377.90,18053.6496,18083.4762,0
21456,377.94,18053.6496,18083.4762,0
21459,377.95,18053.6496,18083.4762,0
21460,377.95,18053.6496,18083.4762,0
21461,377.95,18053.6496,18083.4762,0
21462,377.95,18053.6496,18083.4762,0
21463,377.98,18053.6496,18083.4762,0
21464,378.02,18053.6517,18083.4762,0
21465,378.06,18053.6517,18083.4762,0
21466,378.06,18053.6517,18083.4762,0
21467,378.06,18053.6517,18083.4762,0
21468,378.13,18053.6496,18083.4762,0
21469,378.21,18053.6517,18083.4762,0
21470,378.22,18053.6517,18083.4762,0
21471,378.22,18053.6517,18083.4762,0
21472,378.22,18053.6517,18083.4762,0
21474,378.25,18053.6517,18083.4762,0
21475,378.25,18053.6517,18083.4762,0
21479,378.25,18053.6517,18083.4762,0
21480,378.25,18053.6517,18083.4762,0
21481,378.25,18053.6517,18083.4762,0
21482,378.33,18053.6496,18083.4762,0
21484,378.34,18053.6496,18083.4762,0
21485,378.34,18053.6496,18083.4762,0
21486,378.34,18053.6496,18083.4762,0
21487,378.37,18053.6496,18083.4762,0
21488,378.41,18053.6496,18083.4762,0
21489,378.41,18053.6496,18083.4762,0
21490,378.41,18053.6496,18083.4762,0
21492,378.41,18053.6496,18083.4762,0
21493,378.45,18053.6517,18083.4762,0
21495,378.46,18053.6517,18083.4762,0
21496,378.46,18053.6517,18083.4762,0
21497,378.49,18053.6517,18083.4762,0
21499,378.49,18053.6517,18083.4762,0
21500,378.53,18053.6517,18083.4762,0
21502,378.53,18053.6517,18083.4762,0
21504,378.57,18053.6496,18083.4762,0
21505,378.65,18053.6517,18083.4762,0
21509,378.66,18053.6517,18083.4762,0
21510,378.69,18053.6517,18083.4762,0
21512,378.72,18053.6517,18083.4762,0
21513,378.77,18053.6496,18083.4762,0
21514,378.80,18053.6496,18083.4762,0
21516,378.84,18053.6496,18083.4762,0
21518,378.84,18053.6496,18083.4762,0
21519,378.84,18053.6496,18083.4762,0
21520,378.88,18053.6517,18083.4762,0
21521,378.89,18053.6517,18083.4762,0
21523,378.93,18053.6517,18083.4762,0
21524,378.93,18053.6517,18083.4762,0
21525,378.93,18053.6517,18083.4762,0
21526,378.97,18053.6496,18083.4762,0
21527,378.97,18053.6496,18083.4762,0
21528,379.01,18053.6496,18083.4762,0
21529,379.04,18053.6496,18083.4762,0
21530,379.04,18053.6496,18083.4762,0
21533,379.04,18053.6496,18083.4762,0
21535,379.04,18053.6496,18083.4762,0
21536,379.04,18053.6496,18083.4762,0
21537,379.04,18053.6496,18083.4762,0
21538,379.04,18053.6496,18083.4762,0
21539,379.09,18053.6517,18083.4762,0
21541,379.12,18053.6517,18083.4762,0
21544,379.16,18053.6517,18083.4762,0
21545,379.16,18053.6517,18083.4762,0
21547,379.16,18053.6517,18083.4762,0
21548,379.16,18053.6517,18083.4762,0
21549,379.16,18053.6517,18083.4762,0
21550,379.16,18053.6517,18083.4762,0
21551,379.16,18053.6517,18083.4762,0
21552,379.16,18053.6517,18083.4762,0
21554,379.16,18053.6517,18083.4762,0
21555,379.16,18053.6517,18083.4762,0
21557,379.16,18053.6517,18083.4762,0
21560,379.21,18053.6496,18083.4762,0
21561,379.24,18053.6496,18083.4762,0
21563,379.32,18053.6517,18083.4762,0
21564,379.35,18053.6517,18083.4762,0
21565,379.36,18053.6517,18083.4762,0
21566,379.36,18053.6517,18083.4762,0
21569,379.40,18053.6517,18083.4762,0
21570,379.40,18053.6517,18083.4762,0
21571,379.44,18053.6496,18083.4762,0
21572,379.47,18053.6496,18083.4762,0
21574,379.48,18053.6496,18083.4762,0
21575,379.48,18053.6496,18083.4762,0
21576,379.48,18053.6496,18083.4762,0
21577,379.52,18053.6496,18083.4762,0
21580,379.52,18053.6496,18083.4762,0
21582,379.56,18053.6517,18083.4762,0
21583,379.56,18053.6517,18083.4762,0
21584,379.56,18053.6517,18083.4762,0
21586,379.60,18053.6517,18083.4762,0
21587,379.60,18053.6517,18083.4762,0
21588,379.64,18053.6517,18083.4762,0
21590,379.64,18053.6517,18083.4762,0
21592,379.64,18053.6517,18083.4762,0
21594,379.64,18053.6517,18083.4762,0
21595,379.64,18053.6517,18083.4762,0
21596,379.64,18053.6517,18083.4762,0
21597,379.64,18053.6517,18083.4762,0
21598,379.64,18053.6517,18083.4762,0
21599,379.68,18053.6496,18083.4762,0
21600,379.71,18053.6496,18083.4762,0
21601,379.76,18053.6517,18083.4762,0
21603,379.76,18053.6517,18083.4762,0
21605,379.80,18053.6517,18083.4762,0
21609,379.84,18053.6496,18083.4762,0
21610,379.87,18053.6496,18083.4762,0
21614,379.88,18053.6496,18083.4762,0
21615,379.88,18053.6496,18083.4762,0
21616,379.93,18053.6517,18083.4762,0
21618,379.93,18053.6517,18083.4762,0
21619,379.93,18053.6517,18083.4762,0
21620,379.97,18053.6517,18083.4762,0
21621,380.00,18053.6517,18083.4762,0
21622,380.00,18053.6517,18083.4762,0
21623,380.00,18053.6517,18083.4762,0
21624,380.00,18053.6517,18083.4762,0
21626,380.00,18053.6517,18083.4762,0
21628,380.00,18053.6517,18083.4762,0
21629,380.00,18053.6517,18083.4762,0
21630,380.00,18053.6517,18083.4762,0
21631,380.00,18053.6517,18083.4762,0
21632,380.00,18053.6517,18083.4762,0
21634,380.00,18053.6517,18083.4762,0
21635,380.00,18053.6517,18083.4762,0
21638,380.00,18053.6517,18083.4762,0
21639,380.00,18053.6517,18083.4762,0
21640,380.00,18053.6517,18083.4762,0
21641,380.00,18053.6517,18083.4762,0
21644,380.04,18053.6496,18083.4762,0
21645,380.13,18053.6517,18083.4762,0
21646,380.18,18053.6517,18083.4762,0
21648,380.19,18053.6517,18083.4762,0
21649,380.19,18053.6517,18083.4762,0
21651,380.22,18053.6517,18083.4762,0
21652,380.22,18053.6517,18083.4762,0
21653,380.22,18053.6517,18083.4762,0
21654,380.22,18053.6517,18083.4762,0
21656,380.22,18053.6517,18083.4762,0
21657,380.22,18053.6517,18083.4762,0
21658,380.22,18053.6517,18083.4762,0
21660,380.22,18053.6517,18083.4762,0
21661,380.22,18053.6517,18083.4762,0
21662,380.22,18053.6517,18083.4762,0
21665,380.22,18053.6517,18083.4762,0
21666,380.22,18053.6517,18083.4762,0
21667,380.27,18053.6496,18083.4762,0
21668,380.34,18053.6517,18083.4762,0
21670,380.35,18053.6517,18083.4762,0
21671,380.35,18053.6517,18083.4762,0
21673,380.35,18053.6517,18083.4762,0
21674,380.39,18053.6517,18083.4762,0
21675,380.39,18053.6517,18083.4762,0
21676,380.39,18053.6517,18083.4762,0
21677,380.46,18053.6496,18083.4762,0
21678,380.50,18053.6496,18083.4762,0
21679,380.57,18053.6517,18083.4762,0
21680,380.61,18053.6517,18083.4762,0
21684,380.62,18053.6517,18083.4762,0
21685,380.66,18053.6496,18083.4762,0
21687,380.70,18053.6496,18083.4762,0
21690,380.70,18053.6496,18083.4762,0
21692,380.74,18053.6517,18083.4762,0
21693,380.75,18053.6517,18083.4762,0
21694,380.75,18053.6517,18083.4762,0
21696,380.75,18053.6517,18083.4762,0
21697,380.78,18053.6517,18083.4762,0
21698,380.78,18053.6517,18083.4762,0
21699,380.78,18053.6517,18083.4762,0
21701,380.86,18053.6496,18083.4762,0
21702,380.90,18053.6496,18083.4762,0
21705,380.98,18053.6517,18083.4762,0
21706,380.98,18053.6517,18083.4762,0
21707,381.02,18053.6517,18083.4762,0
21708,381.05,18053.6517,18083.4762,0
21709,381.05,18053.6517,18083.4762,0
21710,381.09,18053.6496,18083.4762,0
21712,381.13,18053.6496,18083.4762,0
21713,381.14,18053.6496,18083.4762,0
21714,381.14,18053.6496,18083.4762,0
21715,381.14,18053.6496,18083.4762,0
21717,381.14,18053.6496,18083.4762,0
21718,381.14,18053.6496,18083.4762,0
21719,381.18,18053.6517,18083.4762,0
21720,381.18,18053.6517,18083.4762,0
21721,381.18,18053.6517,18083.4762,0
21722,381.22,18053.6517,18083.4762,0
21723,381.22,18053.6517,18083.4762,0
21724,381.25,18053.6517,18083.4762,0
21725,381.25,18053.6517,18083.4762,0
21726,381.25,18053.6517,18083.4762,0
21727,381.25,18053.6517,18083.4762,0
21728,381.25,18053.6517,18083.4762,0
21729,381.25,18053.6517,18083.4762,0
21730,381.29,18053.6496,18083.4762,0
21731,381.33,18053.6496,18083.4762,0
21733,381.34,18053.6496,18083.4762,0
21734,381.34,18053.6496,18083.4762,0
21735,381.37,18053.6496,18083.4762,0
21736,381.37,18053.6496,18083.4762,0
21737,381.37,18053.6496,18083.4762,0
21738,381.41,18053.6517,18083.4762,0
21739,381.45,18053.6517,18083.4762,0
21740,381.45,18053.6517,18083.4762,0
21741,381.45,18053.6517,18083.4762,0
21744,381.49,18053.6517,18083.4762,0
21745,381.53,18053.6496,18083.4762,0
21746,381.56,18053.6496,18083.4762,0
21748,381.57,18053.6496,18083.4762,0
21749,381.57,18053.6496,18083.4762,0
21751,381.62,18053.6517,18083.4762,0
21754,381.65,18053.6517,18083.4762,0
21755,381.65,18053.6517,18083.4762,0
21757,381.73,18053.6496,18083.4762,0
21758,381.81,18053.6517,18083.4762,0
21759,381.81,18053.6517,18083.4762,0
21761,381.85,18053.6517,18083.4762,0
21762,381.85,18053.6517,18083.4762,0
21764,381.85,18053.6517,18083.4762,0
21767,381.88,18053.6517,18083.4762,0
21768,381.88,18053.6517,18083.4762,0
21769,381.88,18053.6517,18083.4762,0
21770,381.88,18053.6517,18083.4762,0
21774,381.93,18053.6496,18083.4762,0
21777,381.94,18053.6496,18083.4762,0
21778,381.97,18053.6496,18083.4762,0
21779,381.97,18053.6496,18083.4762,0
21781,381.97,18053.6496,18083.4762,0
21783,382.00,18053.6496,18083.4762,0
21784,382.06,18053.6517,18083.4762,0
21785,382.07,18053.6517,18083.4762,0
21786,382.10,18053.6517,18083.4762,0
21787,382.14,18053.6517,18083.4762,0
21788,382.14,18053.6517,18083.4762,0
21790,382.19,18053.6496,18083.4762,0
21791,382.26,18053.6517,18083.4762,0
21793,382.30,18053.6517,18083.4762,0
21794,382.30,18053.6517,18083.4762,0
21795,382.31,18053.6517,18083.4762,0
21796,382.34,18053.6517,18083.4762,0
21800,382.34,18053.6517,18083.4762,0
21801,382.34,18053.6517,18083.4762,0
21802,382.34,18053.6517,18083.4762,0
21803,382.34,18053.6517,18083.4762,0
21804,382.34,18053.6517,18083.4762,0
21805,382.38,18053.6496,18083.4762,0
21806,382.42,18053.6496,18083.4762,0
21807,382.45,18053.6496,18083.4762,0
21808,382.45,18053.6496,18083.4762,0
21809,382.50,18053.6517,18083.4762,0
21810,382.57,18053.6496,18083.4762,0
21811,382.65,18053.6517,18083.4762,0
21812,382.68,18053.6517,18083.4762,0
21814,382.69,18053.6517,18083.4762,0
21816,382.69,18053.6517,18083.4762,0
21819,382.69,18053.6517,18083.4762,0
21820,382.69,18053.6517,18083.4762,0
21821,382.69,18053.6517,18083.4762,0
21822,382.73,18053.6517,18083.4762,0
21824,382.73,18053.6517,18083.4762,0
21825,382.73,18053.6517,18083.4762,0
21829,382.73,18053.6517,18083.4762,0
21830,382.73,18053.6517,18083.4762,0
21831,382.73,18053.6517,18083.4762,0
21832,382.77,18053.6496,18083.4762,0
21833,382.77,18053.6496,18083.4762,0
21834,382.77,18053.6496,18083.4762,0
21835,382.77,18053.6496,18083.4762,0
21836,382.77,18053.6496,18083.4762,0
21837,382.77,18053.6496,18083.4762,0
21838,382.77,18053.6496,18083.4762,0
21839,382.81,18053.6496,18083.4762,0
21840,382.84,18053.6496,18083.4762,0
21842,382.84,18053.6496,18083.4762,0
21843,382.84,18053.6496,18083.4762,0
21844,382.84,18053.6496,18083.4762,0
21845,382.84,18053.6496,18083.4762,0
21846,382.84,18053.6496,18083.4762,0
21847,382.84,18053.6496,18083.4762,0
21848,382.89,18053.6517,18083.4762,0
21849,382.92,18053.6517,18083.4762,0
21850,382.92,18053.6517,18083.4762,0
21851,382.93,18053.6517,18083.4762,0
21852,382.93,18053.6517,18083.4762,0
21853,382.93,18053.6517,18083.4762,0
21854,382.93,18053.6517,18083.4762,0
21855,382.96,18053.6517,18083.4762,0
21856,382.96,18053.6517,18083.4762,0
21857,383.00,18053.6496,18083.4762,0
21858,383.08,18053.6517,18083.4762,0
21861,383.17,18053.6496,18083.4762,0
21863,383.18,18053.6496,18083.4762,0
21865,383.18,18053.6496,18083.4762,0
21866,383.21,18053.6496,18083.4762,0
21868,383.24,18053.6496,18083.4762,0
21869,383.24,18053.6496,18083.4762,0
21871,383.24,18053.6496,18083.4762,0
21872,383.24,18053.6496,18083.4762,0
21873,383.24,18053.6496,18083.4762,0
21874,383.24,18053.6496,18083.4762,0
21875,383.29,18053.6517,18083.4762,0
21876,383.29,18053.6517,18083.4762,0
21877,383.33,18053.6517,18083.4762,0
21878,383.36,18053.6517,18083.4762,0
21880,383.36,18053.6517,18083.4762,0
21881,383.36,18053.6517,18083.4762,0
21883,383.41,18053.6496,18083.4762,0
21884,383.44,18053.6496,18083.4762,0
21885,383.44,18053.6496,18083.4762,0
21886,383.48,18053.6517,18083.4762,0
21887,383.49,18053.6517,18083.4762,0
21888,383.52,18053.6517,18083.4762,0
21890,383.56,18053.6517,18083.4762,0
21892,383.61,18053.6496,18083.4762,0
21893,383.64,18053.6496,18083.4762,0
21894,383.72,18053.6517,18083.4762,0
21895,383.75,18053.6517,18083.4762,0
21896,383.78,18053.6517,18083.4762,0
21897,383.78,18053.6517,18083.4762,0
21898,383.79,18053.6517,18083.4762,0
21899,383.83,18053.6496,18083.4762,0
21902,383.87,18053.6496,18083.4762,0
21903,383.91,18053.6517,18083.4762,0
21904,383.95,18053.6517,18083.4762,0
21905,383.95,18053.6517,18083.4762,0
21906,383.95,18053.6517,18083.4762,0
21907,384.02,18053.6496,18083.4762,0
21909,384.03,18053.6496,18083.4762,0
21911,384.03,18053.6496,18083.4762,0
21912,384.06,18053.6496,18083.4762,0
21913,384.10,18053.6496,18083.4762,0
21914,384.10,18053.6496,18083.4762,0
21916,384.14,18053.6517,18083.4762,0
21917,384.17,18053.6517,18083.4762,0
21918,384.25,18053.6496,18083.4762,0
21919,384.26,18053.6496,18083.4762,0
21920,384.29,18053.6496,18083.4762,0
21921,384.33,18053.6517,18083.4762,0
21922,384.34,18053.6517,18083.4762,0
21923,384.34,18053.6517,18083.4762,0
21924,384.34,18053.6517,18083.4762,0
21925,384.34,18053.6517,18083.4762,0
21926,384.34,18053.6517,18083.4762,0
21927,384.34,18053.6517,18083.4762,0
21929,384.37,18053.6517,18083.4762,0
21931,384.41,18053.6517,18083.4762,0
21932,384.41,18053.6517,18083.4762,0
21933,384.41,18053.6517,18083.4762,0
21934,384.41,18053.6517,18083.4762,0
21938,384.41,18053.6517,18083.4762,0
21940,384.41,18053.6517,18083.4762,0
21941,384.45,18053.6496,18083.4762,0
21942,384.49,18053.6496,18083.4762,0
21944,384.57,18053.6517,18083.4762,0
21945,384.60,18053.6517,18083.4762,0
21946,384.68,18053.6496,18083.4762,0
21948,384.71,18053.6496,18083.4762,0
21949,384.76,18053.6517,18083.4762,0
21950,384.84,18053.6496,18083.4762,0
21953,384.87,18053.6496,18083.4762,0
21954,384.88,18053.6496,18083.4762,0
21955,384.91,18053.6496,18083.4762,0
21957,384.91,18053.6496,18083.4762,0
21958,384.91,18053.6496,18083.4762,0
21959,384.91,18053.6496,18083.4762,0
21960,384.91,18053.6496,18083.4762,0
21961,384.91,18053.6496,18083.4762,0
21963,384.95,18053.6517,18083.4762,0
21965,384.99,18053.6517,18083.4762,0
21966,385.03,18053.6517,18083.4762,0
21967,385.03,18053.6517,18083.4762,0
21968,385.07,18053.6496,18083.4762,0
21969,385.15,18053.6517,18083.4762,0
21970,385.15,18053.6517,18083.4762,0
21972,385.19,18053.6517,18083.4762,0
21973,385.19,18053.6517,18083.4762,0
21974,385.19,18053.6517,18083.4762,0
21975,385.22,18053.6517,18083.4762,0
21976,385.22,18053.6517,18083.4762,0
21978,385.22,18053.6517,18083.4762,0
21979,385.22,18053.6517,18083.4762,0
21981,385.23,18053.6517,18083.4762,0
21982,385.23,18053.6517,18083.4762,0
21983,385.27,18053.6496,18083.4762,0
21985,385.28,18053.6496,18083.4762,0
21987,385.31,18053.6496,18083.4762,0
21988,385.39,18053.6517,18083.4762,0
21990,385.40,18053.6517,18083.4762,0
21991,385.40,18053.6517,18083.4762,0
21992,385.48,18053.6496,18083.4762,0
21993,385.48,18053.6496,18083.4762,0
21995,385.56,18053.6517,18083.4762,0
21996,385.57,18053.6517,18083.4762,0
21998,385.65,18053.6496,18083.4762,0
21999,385.73,18053.6517,18083.4762,0
22000,385.76,18053.6517,18083.4762,0
22001,385.77,18053.6517,18083.4762,0
22002,385.81,18053.6496,18083.4762,0
22003,385.82,18053.6496,18083.4762,0
22004,385.85,18053.6496,18083.4762,0
22005,385.85,18053.6496,18083.4762,0
22006,385.88,18053.6496,18083.4762,0
22007,385.88,18053.6496,18083.4762,0
22008,385.88,18053.6496,18083.4762,0
22011,385.89,18053.6496,18083.4762,0
22012,385.89,18053.6496,18083.4762,0
22013,385.89,18053.6496,18083.4762,0
22014,385.89,18053.6496,18083.4762,0
22015,385.89,18053.6496,18083.4762,0
22016,385.93,18053.6517,18083.4762,0
22017,385.93,18053.6517,18083.4762,0
22019,385.94,18053.6517,18083.4762,0
22020,386.02,18053.6496,18083.4762,0
22021,386.05,18053.6496,18083.4762,0
22023,386.06,18053.6496,18083.4762,0
22026,386.06,18053.6496,18083.4762,0
22027,386.06,18053.6496,18083.4762,0
22028,386.06,18053.6496,18083.4762,0
22029,386.06,18053.6496,18083.4762,0
22030,386.06,18053.6496,18083.4762,0
22031,386.06,18053.6496,18083.4762,0
22032,386.06,18053.6496,18083.4762,0
22033,386.06,18053.6496,18083.4762,0
22034,386.06,18053.6496,18083.4762,0
22035,386.06,18053.6496,18083.4762,0
22036,386.06,18053.6496,18083.4762,0
22037,386.06,18053.6496,18083.4762,0
22041,386.06,18053.6496,18083.4762,0
22043,386.10,18053.6517,18083.4762,0
22044,386.18,18053.6496,18083.4762,0
22045,386.21,18053.6496,18083.4762,0
22046,386.25,18053.6496,18083.4762,0
22047,386.25,18053.6496,18083.4762,0
22048,386.25,18053.6496,18083.4762,0
22049,386.25,18053.6496,18083.4762,0
22050,386.29,18053.6517,18083.4762,0
22056,386.33,18053.6517,18083.4762,0
22057,386.37,18053.6517,18083.4762,0
22058,386.37,18053.6517,18083.4762,0
22059,386.37,18053.6517,18083.4762,0
22060,386.37,18053.6517,18083.4762,0
22062,386.37,18053.6517,18083.4762,0
22063,386.37,18053.6517,18083.4762,0
22065,386.37,18053.6517,18083.4762,0
22067,386.37,18053.6517,18083.4762,0
22069,386.37,18053.6517,18083.4762,0
22070,386.37,18053.6517,18083.4762,0
22071,386.37,18053.6517,18083.4762,0
22073,386.37,18053.6517,18083.4762,0
22075,386.44,18053.6496,18083.4762,0
22076,386.47,18053.6496,18083.4762,0
22077,386.48,18053.6496,18083.4762,0
22078,386.51,18053.6496,18083.4762,0
22079,386.55,18053.6517,18083.4762,0
22080,386.59,18053.6517,18083.4762,0
22081,386.59,18053.6517,18083.4762,0
22082,386.62,18053.6517,18083.4762,0
22083,386.62,18053.6517,18083.4762,0
22084,386.63,18053.6517,18083.4762,0
22086,386.67,18053.6496,18083.4762,0
22088,386.75,18053.6517,18083.4762,0
22089,386.79,18053.6517,18083.4762,0
22090,386.79,18053.6517,18083.4762,0
22091,386.79,18053.6517,18083.4762,0
22092,386.87,18053.6496,18083.4762,0
22093,386.90,18053.6496,18083.4762,0
22094,386.91,18053.6496,18083.4762,0
22095,386.91,18053.6496,18083.4762,0
22096,386.91,18053.6496,18083.4762,0
22097,386.95,18053.6517,18083.4762,0
22098,386.96,18053.6517,18083.4762,0
22100,387.04,18053.6496,18083.4762,0
22101,387.07,18053.6496,18083.4762,0
22102,387.08,18053.6496,18083.4762,0
22103,387.08,18053.6496,18083.4762,0
22104,387.08,18053.6496,18083.4762,0
22105,387.08,18053.6496,18083.4762,0
22106,387.08,18053.6496,18083.4762,0
22107,387.15,18053.6517,18083.4762,0
22108,387.19,18053.6517,18083.4762,0
22110,387.20,18053.6517,18083.4762,0
22111,387.20,18053.6517,18083.4762,0
22113,387.20,18053.6517,18083.4762,0
22114,387.23,18053.6517,18083.4762,0
22115,387.23,18053.6517,18083.4762,0
22116,387.23,18053.6517,18083.4762,0
22117,387.23,18053.6517,18083.4762,0
22118,387.27,18053.6496,18083.4762,0
22119,387.31,18053.6496,18083.4762,0
22120,387.31,18053.6496,18083.4762,0
22121,387.39,18053.6517,18083.4762,0
22123,387.40,18053.6517,18083.4762,0
22124,387.43,18053.6517,18083.4762,0
22126,387.48,18053.6496,18083.4762,0
22127,387.48,18053.6496,18083.4762,0
22128,387.48,18053.6496,18083.4762,0
22130,387.56,18053.6517,18083.4762,0
22132,387.57,18053.6517,18083.4762,0
22134,387.65,18053.6496,18083.4762,0
22135,387.65,18053.6496,18083.4762,0
22138,387.69,18053.6496,18083.4762,0
22140,387.69,18053.6496,18083.4762,0
22141,387.77,18053.6517,18083.4762,0
22142,387.77,18053.6517,18083.4762,0
22143,387.80,18053.6517,18083.4762,0
22145,387.84,18053.6517,18083.4762,0
22147,387.88,18053.6496,18083.4762,0
22148,387.92,18053.6496,18083.4762,0
22149,387.92,18053.6496,18083.4762,0
22151,388.00,18053.6517,18083.4762,0
22152,388.03,18053.6517,18083.4762,0
22153,388.11,18053.6496,18083.4762,0
22154,388.19,18053.6517,18083.4762,0
22157,388.22,18053.6517,18083.4762,0
22158,388.22,18053.6517,18083.4762,0
22159,388.23,18053.6517,18083.4762,0
22161,388.30,18053.6496,18083.4762,0
22165,388.31,18053.6496,18083.4762,0
22166,388.31,18053.6496,18083.4762,0
22167,388.31,18053.6496,18083.4762,0
22168,388.35,18053.6496,18083.4762,0
22169,388.35,18053.6496,18083.4762,0
22170,388.39,18053.6517,18083.4762,0
22172,388.47,18053.6496,18083.4762,0
22175,388.51,18053.6496,18083.4762,0
22176,388.58,18053.6517,18083.4762,0
22177,388.59,18053.6517,18083.4762,0
22179,388.59,18053.6517,18083.4762,0
22182,388.63,18053.6517,18083.4762,0
22183,388.63,18053.6517,18083.4762,0
22184,388.63,18053.6517,18083.4762,0
22185,388.63,18053.6517,18083.4762,0
22186,388.63,18053.6517,18083.4762,0
22188,388.67,18053.6496,18083.4762,0
22190,388.71,18053.6496,18083.4762,0
22191,388.71,18053.6496,18083.4762,0
22192,388.71,18053.6496,18083.4762,0
22193,388.71,18053.6496,18083.4762,0
22195,388.75,18053.6496,18083.4762,0
22196,388.75,18053.6496,18083.4762,0
22198,388.75,18053.6496,18083.4762,0
22199,388.75,18053.6496,18083.4762,0
22201,388.75,18053.6496,18083.4762,0
22203,388.75,18053.6496,18083.4762,0
22205,388.79,18053.6517,18083.4762,0
22206,388.82,18053.6517,18083.4762,0
22207,388.83,18053.6517,18083.4762,0
22208,388.87,18053.6496,18083.4762,0
22209,388.90,18053.6496,18083.4762,0
22211,388.91,18053.6496,18083.4762,0
22212,388.96,18053.6517,18083.4762,0
22213,388.99,18053.6517,18083.4762,0
22214,388.99,18053.6517,18083.4762,0
22215,388.99,18053.6517,18083.4762,0
22216,389.03,18053.6517,18083.4762,0
22217,389.07,18053.6496,18083.4762,0
22218,389.08,18053.6496,18083.4762,0
22219,389.11,18053.6496,18083.4762,0
22220,389.14,18053.6496,18083.4762,0
22221,389.14,18053.6496,18083.4762,0
22223,389.15,18053.6496,18083.4762,0
22224,389.15,18053.6496,18083.4762,0
22226,389.19,18053.6517,18083.4762,0
22227,389.22,18053.6517,18083.4762,0
22229,389.23,18053.6517,18083.4762,0
22232,389.23,18053.6517,18083.4762,0
22233,389.23,18053.6517,18083.4762,0
22234,389.23,18053.6517,18083.4762,0
22235,389.23,18053.6517,18083.4762,0
22236,389.28,18053.6496,18083.4762,0
22237,389.31,18053.6496,18083.4762,0
22238,389.34,18053.6496,18083.4762,0
22239,389.39,18053.6517,18083.4762,0
22240,389.42,18053.6517,18083.4762,0
22242,389.43,18053.6517,18083.4762,0
22243,389.43,18053.6517,18083.4762,0
22244,389.43,18053.6517,18083.4762,0
22245,389.46,18053.6517,18083.4762,0
22248,389.46,18053.6517,18083.4762,0
22249,389.46,18053.6517,18083.4762,0
22250,389.46,18053.6517,18083.4762,0
22251,389.46,18053.6517,18083.4762,0
22256,389.50,18053.6496,18083.4762,0
22257,389.54,18053.6496,18083.4762,0
22258,389.61,18053.6517,18083.4762,0
22259,389.65,18053.6517,18083.4762,0
22260,389.68,18053.6517,18083.4762,0
22262,389.73,18053.6496,18083.4762,0
22263,389.76,18053.6496,18083.4762,0
22266,389.80,18053.6496,18083.4762,0
22267,389.80,18053.6496,18083.4762,0
22269,389.80,18053.6496,18083.4762,0
22270,389.80,18053.6496,18083.4762,0
22271,389.85,18053.6517,18083.4762,0
22272,389.88,18053.6517,18083.4762,0
22273,389.89,18053.6517,18083.4762,0
22274,389.89,18053.6517,18083.4762,0
22275,389.89,18053.6517,18083.4762,0
22277,389.92,18053.6517,18083.4762,0
22279,389.92,18053.6517,18083.4762,0
22280,389.97,18053.6496,18083.4762,0
22281,389.97,18053.6496,18083.4762,0
22282,389.97,18053.6496,18083.4762,0
22283,390.01,18053.6496,18083.4762,0
22284,390.04,18053.6496,18083.4762,0
22286,390.09,18053.6517,18083.4762,0
22289,390.12,18053.6517,18083.4762,0
22290,390.13,18053.6517,18083.4762,0
22291,390.13,18053.6517,18083.4762,0
22294,390.13,18053.6517,18083.4762,0
22296,390.13,18053.6517,18083.4762,0
22297,390.16,18053.6517,18083.4762,0
22298,390.16,18053.6517,18083.4762,0
22299,390.16,18053.6517,18083.4762,0
22300,390.21,18053.6496,18083.4762,0
22301,390.24,18053.6496,18083.4762,0
22303,390.24,18053.6496,18083.4762,0
22304,390.25,18053.6496,18083.4762,0
22305,390.29,18053.6517,18083.4762,0
22307,390.30,18053.6517,18083.4762,0
22308,390.30,18053.6517,18083.4762,0
22309,390.30,18053.6517,18083.4762,0
22310,390.33,18053.6517,18083.4762,0
22311,390.37,18053.6517,18083.4762,0
22312,390.37,18053.6517,18083.4762,0
22313,390.41,18053.6496,18083.4762,0
22314,390.42,18053.6496,18083.4762,0
22316,390.45,18053.6496,18083.4762,0
22317,390.45,18053.6496,18083.4762,0
22319,390.49,18053.6496,18083.4762,0
22320,390.49,18053.6496,18083.4762,0
22321,390.49,18053.6496,18083.4762,0
22322,390.49,18053.6496,18083.4762,0
22324,390.49,18053.6496,18083.4762,0
22325,390.53,18053.6517,18083.4762,0
22326,390.56,18053.6517,18083.4762,0
22327,390.60,18053.6517,18083.4762,0
22328,390.60,18053.6517,18083.4762,0
22329,390.60,18053.6517,18083.4762,0
22331,390.65,18053.6496,18083.4762,0
22332,390.68,18053.6496,18083.4762,0
22334,390.73,18053.6517,18083.4762,0
22335,390.73,18053.6517,18083.4762,0
22336,390.77,18053.6517,18083.4762,0
22337,390.84,18053.6496,18083.4762,0
22338,390.88,18053.6496,18083.4762,0
22339,390.88,18053.6496,18083.4762,0
22340,390.88,18053.6496,18083.4762,0
22342,390.96,18053.6517,18083.4762,0
22345,391.00,18053.6517,18083.4762,0
22347,391.00,18053.6517,18083.4762,0
22348,391.00,18053.6517,18083.4762,0
22349,391.04,18053.6517,18083.4762,0
22351,391.04,18053.6517,18083.4762,0
22352,391.04,18053.6517,18083.4762,0
22353,391.04,18053.6517,18083.4762,0
22354,391.04,18053.6517,18083.4762,0
22355,391.08,18053.6496,18083.4762,0
22356,391.09,18053.6496,18083.4762,0
22357,391.12,18053.6496,18083.4762,0
22359,391.12,18053.6496,18083.4762,0
22360,391.16,18053.6496,18083.4762,0
22361,391.16,18053.6496,18083.4762,0
22363,391.16,18053.6496,18083.4762,0
22364,391.16,18053.6496,18083.4762,0
22366,391.16,18053.6496,18083.4762,0
22368,391.16,18053.6496,18083.4762,0
22369,391.16,18053.6496,18083.4762,0
22370,391.16,18053.6496,18083.4762,0
22371,391.16,18053.6496,18083.4762,0
22373,391.16,18053.6496,18083.4762,0
22376,391.20,18053.6517,18083.4762,0
22377,391.23,18053.6517,18083.4762,0
22378,391.24,18053.6517,18083.4762,0
22379,391.32,18053.6496,18083.4762,0
22380,391.35,18053.6496,18083.4762,0
22381,391.35,18053.6496,18083.4762,0
22382,391.35,18053.6496,18083.4762,0
22383,391.39,18053.6496,18083.4762,0
22384,391.43,18053.6517,18083.4762,0
22386,391.51,18053.6496,18083.4762,0
22387,391.55,18053.6496,18083.4762,0
22388,391.59,18053.6517,18083.4762,0
22389,391.62,18053.6517,18083.4762,0
22392,391.63,18053.6517,18083.4762,0
22393,391.70,18053.6496,18083.4762,0
22395,391.71,18053.6496,18083.4762,0
22397,391.79,18053.6517,18083.4762,0
22398,391.79,18053.6517,18083.4762,0
22399,391.83,18053.6517,18083.4762,0
22401,391.83,18053.6517,18083.4762,0
22402,391.83,18053.6517,18083.4762,0
22405,391.86,18053.6517,18083.4762,0
22406,391.86,18053.6517,18083.4762,0
22407,391.86,18053.6517,18083.4762,0
22409,391.86,18053.6517,18083.4762,0
22410,391.86,18053.6517,18083.4762,0
22411,391.86,18053.6517,18083.4762,0
22412,391.86,18053.6517,18083.4762,0
22413,391.86,18053.6517,18083.4762,0
22416,391.91,18053.6496,18083.4762,0
22417,391.94,18053.6496,18083.4762,0
22419,391.94,18053.6496,18083.4762,0
22420,391.99,18053.6517,18083.4762,0
22421,392.03,18053.6517,18083.4762,0
22422,392.03,18053.6517,18083.4762,0
22423,392.03,18053.6517,18083.4762,0
22424,392.08,18053.6496,18083.4762,0
22425,392.08,18053.6496,18083.4762,0
22426,392.12,18053.6496,18083.4762,0
22428,392.12,18053.6496,18083.4762,0
22429,392.20,18053.6517,18083.4762,0
22430,392.21,18053.6517,18083.4762,0
22433,392.25,18053.6517,18083.4762,0
22434,392.25,18053.6517,18083.4762,0
22437,392.28,18053.6517,18083.4762,0
22438,392.28,18053.6517,18083.4762,0
22439,392.28,18053.6517,18083.4762,0
22443,392.28,18053.6517,18083.4762,0
22445,392.28,18053.6517,18083.4762,0
22446,392.28,18053.6517,18083.4762,0
22447,392.28,18053.6517,18083.4762,0
22448,392.33,18053.6496,18083.4762,0
22449,392.33,18053.6496,18083.4762,0
22450,392.37,18053.6496,18083.4762,0
22451,392.37,18053.6496,18083.4762,0
22453,392.37,18053.6496,18083.4762,0
22456,392.40,18053.6496,18083.4762,0
22457,392.45,18053.6517,18083.4762,0
22458,392.48,18053.6517,18083.4762,0
22459,392.51,18053.6517,18083.4762,0
22460,392.52,18053.6517,18083.4762,0
22461,392.52,18053.6517,18083.4762,0
22462,392.52,18053.6517,18083.4762,0
22463,392.52,18053.6517,18083.4762,0
22464,392.52,18053.6517,18083.4762,0
22465,392.52,18053.6517,18083.4762,0
22467,392.52,18053.6517,18083.4762,0
22471,392.52,18053.6517,18083.4762,0
22472,392.52,18053.6517,18083.4762,0
22473,392.52,18053.6517,18083.4762,0
22474,392.52,18053.6517,18083.4762,0
22475,392.57,18053.6496,18083.4762,0
22476,392.57,18053.6496,18083.4762,0
22477,392.60,18053.6496,18083.4762,0
22479,392.61,18053.6496,18083.4762,0
22480,392.61,18053.6496,18083.4762,0
22483,392.61,18053.6496,18083.4762,0
22484,392.61,18053.6496,18083.4762,0
22486,392.61,18053.6496,18083.4762,0
22487,392.65,18053.6517,18083.4762,0
22488,392.73,18053.6496,18083.4762,0
22489,392.76,18053.6496,18083.4762,0
22491,392.80,18053.6496,18083.4762,0
22492,392.80,18053.6496,18083.4762,0
22495,392.80,18053.6496,18083.4762,0
22496,392.80,18053.6496,18083.4762,0
22501,392.80,18053.6496,18083.4762,0
22502,392.84,18053.6517,18083.4762,0
22503,392.87,18053.6517,18083.4762,0
22506,392.88,18053.6517,18083.4762,0
22507,392.91,18053.6517,18083.4762,0
22508,392.91,18053.6517,18083.4762,0
22509,392.92,18053.6517,18083.4762,0
22512,392.92,18053.6517,18083.4762,0
22514,392.96,18053.6496,18083.4762,0
22515,392.99,18053.6496,18083.4762,0
22517,393.00,18053.6496,18083.4762,0
22518,393.07,18053.6517,18083.4762,0
22521,393.08,18053.6517,18083.4762,0
22522,393.08,18053.6517,18083.4762,0
22523,393.11,18053.6517,18083.4762,0
22525,393.11,18053.6517,18083.4762,0
22528,393.11,18053.6517,18083.4762,0
22529,393.11,18053.6517,18083.4762,0
22530,393.14,18053.6517,18083.4762,0
22531,393.19,18053.6496,18083.4762,0
22532,393.28,18053.6517,18083.4762,0
22533,393.31,18053.6517,18083.4762,0
22534,393.39,18053.6496,18083.4762,0
22535,393.42,18053.6496,18083.4762,0
22536,393.46,18053.6517,18083.4762,0
22537,393.47,18053.6517,18083.4762,0
22539,393.47,18053.6517,18083.4762,0
22541,393.51,18053.6517,18083.4762,0
22542,393.51,18053.6517,18083.4762,0
22543,393.51,18053.6517,18083.4762,0
22544,393.54,18053.6517,18083.4762,0
22545,393.54,18053.6517,18083.4762,0
22546,393.54,18053.6517,18083.4762,0
22547,393.54,18053.6517,18083.4762,0
22548,393.54,18053.6517,18083.4762,0
22551,393.58,18053.6496,18083.4762,0
22552,393.59,18053.6496,18083.4762,0
22553,393.66,18053.6517,18083.4762,0
22555,393.70,18053.6517,18083.4762,0
22557,393.71,18053.6517,18083.4762,0
22558,393.71,18053.6517,18083.4762,0
22559,393.74,18053.6517,18083.4762,0
22560,393.78,18053.6496,18083.4762,0
22561,393.79,18053.6496,18083.4762,0
22562,393.82,18053.6496,18083.4762,0
22563,393.90,18053.6517,18083.4762,0
22564,393.93,18053.6517,18083.4762,0
22565,393.98,18053.6496,18083.4762,0
22566,394.01,18053.6496,18083.4762,0
22567,394.01,18053.6496,18083.4762,0
22568,394.04,18053.6496,18083.4762,0
22569,394.05,18053.6496,18083.4762,0
22570,394.05,18053.6496,18083.4762,0
22571,394.05,18053.6496,18083.4762,0
22572,394.09,18053.6517,18083.4762,0
22574,394.13,18053.6517,18083.4762,0
22575,394.13,18053.6517,18083.4762,0
22576,394.13,18053.6517,18083.4762,0
22578,394.13,18053.6517,18083.4762,0
22580,394.17,18053.6517,18083.4762,0
22581,394.17,18053.6517,18083.4762,0
22582,394.17,18053.6517,18083.4762,0
22583,394.17,18053.6517,18083.4762,0
22584,394.21,18053.6496,18083.4762,0
22586,394.22,18053.6496,18083.4762,0
22587,394.22,18053.6496,18083.4762,0
22589,394.22,18053.6496,18083.4762,0
22590,394.25,18053.6496,18083.4762,0
22592,394.29,18053.6496,18083.4762,0
22593,394.29,18053.6496,18083.4762,0
22594,394.29,18053.6496,18083.4762,0
22596,394.29,18053.6496,18083.4762,0
22597,394.29,18053.6496,18083.4762,0
22599,394.29,18053.6496,18083.4762,0
22600,394.29,18053.6496,18083.4762,0
22601,394.33,18053.6517,18083.4762,0
22602,394.36,18053.6517,18083.4762,0
22603,394.44,18053.6496,18083.4762,0
22604,394.52,18053.6517,18083.4762,0
22605,394.55,18053.6517,18083.4762,0
22606,394.55,18053.6517,18083.4762,0
22607,394.59,18053.6496,18083.4762,0
22608,394.63,18053.6496,18083.4762,0
22609,394.64,18053.6496,18083.4762,0
22612,394.68,18053.6517,18083.4762,0
22613,394.69,18053.6517,18083.4762,0
22614,394.72,18053.6517,18083.4762,0
22615,394.76,18053.6517,18083.4762,0
22617,394.76,18053.6517,18083.4762,0
22618,394.76,18053.6517,18083.4762,0
22619,394.80,18053.6496,18083.4762,0
22620,394.84,18053.6496,18083.4762,0
22621,394.92,18053.6517,18083.4762,0
22622,394.95,18053.6517,18083.4762,0
22625,395.03,18053.6496,18083.4762,0
22627,395.11,18053.6517,18083.4762,0
22628,395.14,18053.6517,18083.4762,0
22629,395.18,18053.6517,18083.4762,0
22630,395.18,18053.6517,18083.4762,0
22632,395.23,18053.6496,18083.4762,0
22633,395.30,18053.6517,18083.4762,0
22635,395.34,18053.6517,18083.4762,0
22636,395.34,18053.6517,18083.4762,0
22637,395.34,18053.6517,18083.4762,0
22638,395.34,18053.6517,18083.4762,0
22639,395.34,18053.6517,18083.4762,0
22640,395.34,18053.6517,18083.4762,0
22642,395.34,18053.6517,18083.4762,0
22643,395.38,18053.6517,18083.4762,0
22644,395.38,18053.6517,18083.4762,0
22648,395.38,18053.6517,18083.4762,0
22649,395.42,18053.6496,18083.4762,0
22650,395.43,18053.6496,18083.4762,0
22651,395.50,18053.6517,18083.4762,0
22652,395.51,18053.6517,18083.4762,0
22653,395.54,18053.6517,18083.4762,0
22654,395.57,18053.6517,18083.4762,0
22655,395.57,18053.6517,18083.4762,0
22658,395.62,18053.6496,18083.4762,0
22660,395.70,18053.6517,18083.4762,0
22661,395.73,18053.6517,18083.4762,0
22662,395.77,18053.6517,18083.4762,0
22664,395.77,18053.6517,18083.4762,0
22665,395.78,18053.6517,18083.4762,0
22666,395.78,18053.6517,18083.4762,0
22667,395.82,18053.6496,18083.4762,0
22669,395.90,18053.6517,18083.4762,0
22670,395.91,18053.6517,18083.4762,0
22671,395.91,18053.6517,18083.4762,0
22672,395.94,18053.6517,18083.4762,0
22673,395.94,18053.6517,18083.4762,0
22674,395.94,18053.6517,18083.4762,0
22675,395.94,18053.6517,18083.4762,0
22676,396.02,18053.6496,18083.4762,0
22678,396.02,18053.6496,18083.4762,0
22679,396.02,18053.6496,18083.4762,0
22680,396.06,18053.6496,18083.4762,0
22681,396.06,18053.6496,18083.4762,0
22682,396.06,18053.6496,18083.4762,0
22683,396.06,18053.6496,18083.4762,0
22685,396.06,18053.6496,18083.4762,0
22686,396.13,18053.6517,18083.4762,0
22688,396.17,18053.6517,18083.4762,0
22691,396.22,18053.6496,18083.4762,0
22692,396.25,18053.6496,18083.4762,0
22693,396.25,18053.6496,18083.4762,0
22695,396.29,18053.6496,18083.4762,0
22696,396.33,18053.6517,18083.4762,0
22697,396.34,18053.6517,18083.4762,0
22698,396.37,18053.6517,18083.4762,0
22700,396.41,18053.6517,18083.4762,0
22701,396.41,18053.6517,18083.4762,0
22703,396.41,18053.6517,18083.4762,0
22705,396.41,18053.6517,18083.4762,0
22706,396.45,18053.6496,18083.4762,0
22709,396.53,18053.6517,18083.4762,0
22710,396.57,18053.6517,18083.4762,0
22711,396.60,18053.6517,18083.4762,0
22712,396.60,18053.6517,18083.4762,0
22713,396.64,18053.6496,18083.4762,0
22715,396.68,18053.6496,18083.4762,0
22716,396.69,18053.6496,18083.4762,0
22717,396.76,18053.6517,18083.4762,0
22719,396.80,18053.6517,18083.4762,0
22720,396.80,18053.6517,18083.4762,0
22721,396.80,18053.6517,18083.4762,0
22723,396.83,18053.6517,18083.4762,0
22724,396.88,18053.6496,18083.4762,0
22725,396.96,18053.6517,18083.4762,0
22727,396.96,18053.6517,18083.4762,0
22728,397.00,18053.6517,18083.4762,0
22729,397.00,18053.6517,18083.4762,0
22730,397.00,18053.6517,18083.4762,0
22731,397.03,18053.6517,18083.4762,0
22732,397.03,18053.6517,18083.4762,0
22733,397.08,18053.6496,18083.4762,0
22735,397.09,18053.6496,18083.4762,0
22737,397.12,18053.6496,18083.4762,0
22739,397.12,18053.6496,18083.4762,0
22740,397.12,18053.6496,18083.4762,0
22741,397.15,18053.6496,18083.4762,0
22742,397.15,18053.6496,18083.4762,0
22743,397.20,18053.6517,18083.4762,0
22745,397.21,18053.6517,18083.4762,0
22747,397.21,18053.6517,18083.4762,0
22748,397.28,18053.6496,18083.4762,0
22749,397.32,18053.6496,18083.4762,0
22750,397.36,18053.6517,18083.4762,0
22752,397.40,18053.6517,18083.4762,0
22755,397.40,18053.6517,18083.4762,0
22756,397.44,18053.6517,18083.4762,0
22757,397.44,18053.6517,18083.4762,0
22758,397.44,18053.6517,18083.4762,0
22759,397.44,18053.6517,18083.4762,0
22760,397.44,18053.6517,18083.4762,0
22765,397.49,18053.6496,18083.4762,0
22767,397.57,18053.6517,18083.4762,0
22768,397.65,18053.6496,18083.4762,0
22770,397.68,18053.6496,18083.4762,0
22771,397.69,18053.6496,18083.4762,0
22772,397.72,18053.6496,18083.4762,0
22774,397.72,18053.6496,18083.4762,0
22776,397.72,18053.6496,18083.4762,0
22777,397.76,18053.6517,18083.4762,0
22778,397.80,18053.6517,18083.4762,0
22779,397.83,18053.6517,18083.4762,0
22780,397.84,18053.6517,18083.4762,0
22781,397.84,18053.6517,18083.4762,0
22782,397.84,18053.6517,18083.4762,0
22783,397.84,18053.6517,18083.4762,0
22785,397.84,18053.6517,18083.4762,0
22786,397.88,18053.6496,18083.4762,0
22788,397.92,18053.6496,18083.4762,0
22789,397.92,18053.6496,18083.4762,0
22790,397.92,18053.6496,18083.4762,0
22792,397.92,18053.6496,18083.4762,0
22794,397.96,18053.6496,18083.4762,0
22795,398.00,18053.6517,18083.4762,0
22796,398.01,18053.6517,18083.4762,0
22797,398.04,18053.6517,18083.4762,0
22798,398.04,18053.6517,18083.4762,0
22800,398.08,18053.6517,18083.4762,0
22801,398.08,18053.6517,18083.4762,0
22802,398.08,18053.6517,18083.4762,0
22803,398.08,18053.6517,18083.4762,0
22804,398.08,18053.6517,18083.4762,0
22806,398.08,18053.6517,18083.4762,0
22808,398.08,18053.6517,18083.4762,0
22809,398.12,18053.6496,18083.4762,0
22810,398.20,18053.6517,18083.4762,0
22811,398.23,18053.6517,18083.4762,0
22812,398.26,18053.6517,18083.4762,0
22813,398.26,18053.6517,18083.4762,0
22814,398.31,18053.6496,18083.4762,0
22816,398.32,18053.6496,18083.4762,0
22818,398.35,18053.6496,18083.4762,0
22822,398.35,18053.6496,18083.4762,0
22823,398.43,18053.6517,18083.4762,0
22825,398.46,18053.6517,18083.4762,0
22827,398.50,18053.6517,18083.4762,0
22828,398.50,18053.6517,18083.4762,0
22829,398.50,18053.6517,18083.4762,0
22830,398.50,18053.6517,18083.4762,0
22831,398.55,18053.6496,18083.4762,0
22833,398.55,18053.6496,18083.4762,0
22834,398.59,18053.6496,18083.4762,0
22835,398.64,18053.6496,18083.4762,0
22836,398.64,18053.6496,18083.4762,0
22837,398.64,18053.6496,18083.4762,0
22838,398.64,18053.6496,18083.4762,0
22839,398.64,18053.6496,18083.4762,0
22840,398.64,18053.6496,18083.4762,0
22841,398.71,18053.6517,18083.4762,0
22842,398.71,18053.6517,18083.4762,0
22843,398.74,18053.6517,18083.4762,0
22846,398.78,18053.6517,18083.4762,0
22847,398.82,18053.6496,18083.4762,0
22848,398.86,18053.6496,18083.4762,0
22850,398.90,18053.6496,18083.4762,0
22851,398.94,18053.6517,18083.4762,0
22853,398.95,18053.6517,18083.4762,0
22854,398.95,18053.6517,18083.4762,0
22856,398.98,18053.6517,18083.4762,0
22857,398.98,18053.6517,18083.4762,0
22858,399.02,18053.6496,18083.4762,0
22861,399.10,18053.6517,18083.4762,0
22863,399.14,18053.6517,18083.4762,0
22864,399.15,18053.6517,18083.4762,0
22865,399.18,18053.6517,18083.4762,0
22866,399.22,18053.6496,18083.4762,0
22867,399.26,18053.6496,18083.4762,0
22868,399.26,18053.6496,18083.4762,0
22869,399.26,18053.6496,18083.4762,0
22870,399.26,18053.6496,18083.4762,0
22871,399.26,18053.6496,18083.4762,0
22872,399.26,18053.6496,18083.4762,0
22873,399.26,18053.6496,18083.4762,0
22874,399.29,18053.6496,18083.4762,0
22875,399.29,18053.6496,18083.4762,0
22876,399.34,18053.6517,18083.4762,0
22877,399.34,18053.6517,18083.4762,0
22878,399.34,18053.6517,18083.4762,0
22879,399.37,18053.6517,18083.4762,0
22880,399.41,18053.6517,18083.4762,0
22881,399.41,18053.6517,18083.4762,0
22882,399.45,18053.6496,18083.4762,0
22883,399.48,18053.6496,18083.4762,0
22884,399.48,18053.6496,18083.4762,0
22886,399.49,18053.6496,18083.4762,0
22888,399.53,18053.6496,18083.4762,0
22889,399.53,18053.6496,18083.4762,0
22890,399.53,18053.6496,18083.4762,0
22891,399.53,18053.6496,18083.4762,0
22893,399.57,18053.6517,18083.4762,0
22894,399.57,18053.6517,18083.4762,0
22895,399.57,18053.6517,18083.4762,0
22896,399.61,18053.6517,18083.4762,0
22897,399.61,18053.6517,18083.4762,0
22899,399.61,18053.6517,18083.4762,0
22900,399.61,18053.6517,18083.4762,0
22901,399.61,18053.6517,18083.4762,0
22903,399.61,18053.6517,18083.4762,0
22904,399.61,18053.6517,18083.4762,0
22905,399.65,18053.6517,18083.4762,0
22907,399.65,18053.6517,18083.4762,0
22908,399.65,18053.6517,18083.4762,0
22911,399.65,18053.6517,18083.4762,0
22912,399.69,18053.6496,18083.4762,0
22915,399.73,18053.6496,18083.4762,0
22916,399.73,18053.6496,18083.4762,0
22918,399.77,18053.6496,18083.4762,0
22919,399.81,18053.6517,18083.4762,0
22920,399.81,18053.6517,18083.4762,0
22921,399.89,18053.6496,18083.4762,0
22922,399.96,18053.6517,18083.4762,0
22923,400.00,18053.6517,18083.4762,0
22924,400.03,18053.6517,18083.4762,0
22925,400.03,18053.6517,18083.4762,0
22926,400.04,18053.6517,18083.4762,0
22927,400.04,18053.6517,18083.4762,0
22928,400.04,18053.6517,18083.4762,0
22929,400.08,18053.6496,18083.4762,0
22930,400.12,18053.6496,18083.4762,0
22931,400.20,18053.6517,18083.4762,0
22932,400.20,18053.6517,18083.4762,0
22934,400.20,18053.6517,18083.4762,0
22935,400.20,18053.6517,18083.4762,0
22936,400.24,18053.6517,18083.4762,0
22937,400.27,18053.6517,18083.4762,0
22938,400.27,18053.6517,18083.4762,0
22939,400.27,18053.6517,18083.4762,0
22940,400.27,18053.6517,18083.4762,0
22941,400.31,18053.6496,18083.4762,0
22942,400.32,18053.6496,18083.4762,0
22943,400.40,18053.6517,18083.4762,0
22944,400.40,18053.6517,18083.4762,0
22945,400.43,18053.6517,18083.4762,0
22946,400.47,18053.6517,18083.4762,0
22947,400.47,18053.6517,18083.4762,0
22948,400.47,18053.6517,18083.4762,0
22949,400.47,18053.6517,18083.4762,0
22950,400.47,18053.6517,18083.4762,0
22951,400.47,18053.6517,18083.4762,0
22952,400.51,18053.6496,18083.4762,0
22953,400.52,18053.6496,18083.4762,0
22954,400.55,18053.6496,18083.4762,0
22956,400.63,18053.6517,18083.4762,0
22957,400.71,18053.6496,18083.4762,0
22958,400.71,18053.6496,18083.4762,0
22959,400.71,18053.6496,18083.4762,0
22961,400.71,18053.6496,18083.4762,0
22962,400.71,18053.6496,18083.4762,0
22963,400.79,18053.6517,18083.4762,0
22966,400.87,18053.6496,18083.4762,0
22967,400.91,18053.6496,18083.4762,0
22968,400.94,18053.6496,18083.4762,0
22969,400.98,18053.6517,18083.4762,0
22971,400.99,18053.6517,18083.4762,0
22972,400.99,18053.6517,18083.4762,0
22973,401.07,18053.6496,18083.4762,0
22975,401.10,18053.6496,18083.4762,0
22977,401.14,18053.6496,18083.4762,0
22978,401.14,18053.6496,18083.4762,0
22979,401.18,18053.6517,18083.4762,0
22980,401.19,18053.6517,18083.4762,0
22981,401.26,18053.6496,18083.4762,0
22982,401.34,18053.6517,18083.4762,0
22983,401.37,18053.6517,18083.4762,0
22984,401.41,18053.6517,18083.4762,0
22986,401.41,18053.6517,18083.4762,0
22988,401.41,18053.6517,18083.4762,0
22989,401.41,18053.6517,18083.4762,0
22990,401.41,18053.6517,18083.4762,0
22991,401.41,18053.6517,18083.4762,0
22992,401.41,18053.6517,18083.4762,0
22993,401.46,18053.6496,18083.4762,0
22994,401.46,18053.6496,18083.4762,0
22995,401.50,18053.6496,18083.4762,0
22997,401.50,18053.6496,18083.4762,0
22999,401.54,18053.6496,18083.4762,0
23000,401.54,18053.6496,18083.4762,0
23001,401.58,18053.6517,18083.4762,0
23002,401.65,18053.6496,18083.4762,0
23003,401.69,18053.6496,18083.4762,0
23004,401.69,18053.6496,18083.4762,0
23005,401.69,18053.6496,18083.4762,0
23006,401.72,18053.6496,18083.4762,0
23008,401.73,18053.6496,18083.4762,0
23010,401.73,18053.6496,18083.4762,0
23011,401.77,18053.6517,18083.4762,0
23013,401.85,18053.6496,18083.4762,0
23014,401.88,18053.6496,18083.4762,0
23015,401.96,18053.6517,18083.4762,0
23016,401.96,18053.6517,18083.4762,0
23018,402.00,18053.6517,18083.4762,0
23021,402.03,18053.6517,18083.4762,0
23022,402.03,18053.6517,18083.4762,0
23023,402.08,18053.6496,18083.4762,0
23024,402.11,18053.6496,18083.4762,0
23025,402.15,18053.6496,18083.4762,0
23028,402.15,18053.6496,18083.4762,0
23029,402.15,18053.6496,18083.4762,0
23031,402.15,18053.6496,18083.4762,0
23032,402.15,18053.6496,18083.4762,0
23033,402.15,18053.6496,18083.4762,0
23036,402.15,18053.6496,18083.4762,0
23037,402.15,18053.6496,18083.4762,0
23038,402.15,18053.6496,18083.4762,0
23039,402.20,18053.6517,18083.4762,0
23040,402.23,18053.6517,18083.4762,0
23041,402.23,18053.6517,18083.4762,0
23042,402.24,18053.6517,18083.4762,0
23043,402.24,18053.6517,18083.4762,0
23044,402.28,18053.6496,18083.4762,0
23046,402.36,18053.6517,18083.4762,0
23048,402.44,18053.6496,18083.4762,0
23049,402.52,18053.6517,18083.4762,0
23050,402.55,18053.6517,18083.4762,0
23051,402.55,18053.6517,18083.4762,0
23053,402.59,18053.6517,18083.4762,0
23056,402.59,18053.6517,18083.4762,0
23059,402.59,18053.6517,18083.4762,0
23060,402.59,18053.6517,18083.4762,0
23061,402.59,18053.6517,18083.4762,0
23062,402.59,18053.6517,18083.4762,0
23063,402.59,18053.6517,18083.4762,0
23064,402.60,18053.6517,18083.4762,0
23065,402.60,18053.6517,18083.4762,0
23066,402.60,18053.6517,18083.4762,0
23068,402.64,18053.6496,18083.4762,0
23069,402.72,18053.6517,18083.4762,0
23070,402.79,18053.6496,18083.4762,0
23071,402.80,18053.6496,18083.4762,0
23073,402.84,18053.6496,18083.4762,0
23074,402.91,18053.6517,18083.4762,0
23075,402.92,18053.6517,18083.4762,0
23076,402.95,18053.6517,18083.4762,0
23077,402.99,18053.6517,18083.4762,0
23078,403.03,18053.6496,18083.4762,0
23079,403.06,18053.6496,18083.4762,0
23080,403.10,18053.6496,18083.4762,0
23081,403.14,18053.6517,18083.4762,0
23082,403.17,18053.6517,18083.4762,0
23083,403.18,18053.6517,18083.4762,0
23086,403.18,18053.6517,18083.4762,0
23088,403.18,18053.6517,18083.4762,0
23090,403.22,18053.6517,18083.4762,0
23091,403.22,18053.6517,18083.4762,0
23092,403.22,18053.6517,18083.4762,0
23094,403.22,18053.6517,18083.4762,0
23095,403.22,18053.6517,18083.4762,0
23096,403.22,18053.6517,18083.4762,0
23097,403.22,18053.6517,18083.4762,0
23098,403.22,18053.6517,18083.4762,0
23099,403.22,18053.6517,18083.4762,0
23100,403.22,18053.6517,18083.4762,0
23101,403.22,18053.6517,18083.4762,0
23102,403.22,18053.6517,18083.4762,0
23103,403.26,18053.6496,18083.4762,0
23105,403.30,18053.6496,18083.4762,0
23106,403.33,18053.6496,18083.4762,0
23107,403.37,18053.6517,18083.4762,0
23110,403.38,18053.6517,18083.4762,0
23111,403.38,18053.6517,18083.4762,0
23112,403.38,18053.6517,18083.4762,0
23115,403.46,18053.6496,18083.4762,0
23116,403.56,18053.6517,18083.4762,0
23120,403.57,18053.6517,18083.4762,0
23122,403.60,18053.6517,18083.4762,0
23124,403.63,18053.6517,18083.4762,0
23126,403.63,18053.6517,18083.4762,0
23127,403.63,18053.6517,18083.4762,0
23128,403.68,18053.6496,18083.4762,0
23131,403.69,18053.6496,18083.4762,0
23134,403.72,18053.6496,18083.4762,0
23135,403.76,18053.6517,18083.4762,0
23137,403.80,18053.6517,18083.4762,0
23138,403.83,18053.6517,18083.4762,0
23140,403.84,18053.6517,18083.4762,0
23141,403.84,18053.6517,18083.4762,0
23142,403.88,18053.6496,18083.4762,0
23143,403.91,18053.6496,18083.4762,0
23144,403.91,18053.6496,18083.4762,0
23146,403.92,18053.6496,18083.4762,0
23147,403.97,18053.6517,18083.4762,0
23149,404.00,18053.6517,18083.4762,0
23151,404.00,18053.6517,18083.4762,0
23152,404.05,18053.6496,18083.4762,0
23153,404.08,18053.6496,18083.4762,0
23154,404.12,18053.6496,18083.4762,0
23156,404.12,18053.6496,18083.4762,0
23157,404.12,18053.6496,18083.4762,0
23159,404.12,18053.6496,18083.4762,0
23160,404.12,18053.6496,18083.4762,0
23163,404.17,18053.6517,18083.4762,0
23164,404.20,18053.6517,18083.4762,0
23165,404.20,18053.6517,18083.4762,0
23166,404.20,18053.6517,18083.4762,0
23167,404.24,18053.6496,18083.4762,0
23168,404.32,18053.6517,18083.4762,0
23169,404.33,18053.6517,18083.4762,0
23171,404.36,18053.6517,18083.4762,0
23173,404.36,18053.6517,18083.4762,0
23174,404.36,18053.6517,18083.4762,0
23175,404.40,18053.6517,18083.4762,0
23176,404.40,18053.6517,18083.4762,0
23177,404.40,18053.6517,18083.4762,0
23178,404.40,18053.6517,18083.4762,0
23179,404.40,18053.6517,18083.4762,0
23180,404.40,18053.6517,18083.4762,0
23181,404.44,18053.6496,18083.4762,0
23182,404.45,18053.6496,18083.4762,0
23183,404.52,18053.6517,18083.4762,0
23184,404.56,18053.6517,18083.4762,0
23185,404.56,18053.6517,18083.4762,0
23186,404.59,18053.6517,18083.4762,0
23189,404.64,18053.6496,18083.4762,0
23190,404.67,18053.6496,18083.4762,0
23191,404.68,18053.6496,18083.4762,0
23192,404.68,18053.6496,18083.4762,0
23193,404.68,18053.6496,18083.4762,0
23194,404.68,18053.6496,18083.4762,0
23195,404.68,18053.6496,18083.4762,0
23196,404.68,18053.6496,18083.4762,0
23198,404.71,18053.6496,18083.4762,0
23199,404.71,18053.6496,18083.4762,0
23200,404.76,18053.6517,18083.4762,0
23201,404.76,18053.6517,18083.4762,0
23202,404.80,18053.6517,18083.4762,0
23203,404.80,18053.6517,18083.4762,0
23204,404.84,18053.6496,18083.4762,0
23206,404.85,18053.6496,18083.4762,0
23207,404.88,18053.6496,18083.4762,0
23208,404.92,18053.6496,18083.4762,0
23209,404.96,18053.6517,18083.4762,0
23210,404.96,18053.6517,18083.4762,0
23211,405.04,18053.6496,18083.4762,0
23212,405.12,18053.6517,18083.4762,0
23213,405.12,18053.6517,18083.4762,0
23214,405.16,18053.6517,18083.4762,0
23215,405.20,18053.6496,18083.4762,0
23218,405.21,18053.6496,18083.4762,0
23219,405.21,18053.6496,18083.4762,0
23220,405.21,18053.6496,18083.4762,0
23221,405.24,18053.6496,18083.4762,0
23222,405.32,18053.6517,18083.4762,0
23223,405.40,18053.6496,18083.4762,0
23224,405.43,18053.6496,18083.4762,0
23225,405.43,18053.6496,18083.4762,0
23226,405.47,18053.6517,18083.4762,0
23228,405.55,18053.6496,18083.4762,0
23230,405.59,18053.6496,18083.4762,0
23233,405.62,18053.6496,18083.4762,0
23234,405.62,18053.6496,18083.4762,0
23235,405.62,18053.6496,18083.4762,0
23236,405.67,18053.6517,18083.4762,0
23237,405.67,18053.6517,18083.4762,0
23238,405.75,18053.6496,18083.4762,0
23239,405.75,18053.6496,18083.4762,0
23240,405.75,18053.6496,18083.4762,0
23241,405.83,18053.6517,18083.4762,0
23242,405.86,18053.6517,18083.4762,0
23243,405.87,18053.6517,18083.4762,0
23244,405.87,18053.6517,18083.4762,0
23245,405.95,18053.6496,18083.4762,0
23246,405.98,18053.6496,18083.4762,0
23247,406.01,18053.6496,18083.4762,0
23248,406.01,18053.6496,18083.4762,0
23249,406.02,18053.6496,18083.4762,0
23251,406.02,18053.6496,18083.4762,0
23253,406.02,18053.6496,18083.4762,0
23254,406.02,18053.6496,18083.4762,0
23257,406.02,18053.6496,18083.4762,0
23258,406.06,18053.6517,18083.4762,0
23260,406.10,18053.6517,18083.4762,0
23261,406.18,18053.6496,18083.4762,0
23262,406.25,18053.6517,18083.4762,0
23263,406.26,18053.6517,18083.4762,0
23264,406.29,18053.6517,18083.4762,0
23265,406.37,18053.6496,18083.4762,0
23266,406.37,18053.6496,18083.4762,0
23267,406.41,18053.6496,18083.4762,0
23268,406.41,18053.6496,18083.4762,0
23271,406.41,18053.6496,18083.4762,0
23272,406.49,18053.6517,18083.4762,0
23274,406.50,18053.6517,18083.4762,0
23275,406.57,18053.6496,18083.4762,0
23276,406.58,18053.6496,18083.4762,0
23277,406.66,18053.6517,18083.4762,0
23278,406.69,18053.6517,18083.4762,0
23281,406.69,18053.6517,18083.4762,0
23282,406.73,18053.6517,18083.4762,0
23284,406.73,18053.6517,18083.4762,0
23285,406.73,18053.6517,18083.4762,0
23287,406.73,18053.6517,18083.4762,0
23288,406.73,18053.6517,18083.4762,0
23289,406.78,18053.6496,18083.4762,0
23290,406.81,18053.6496,18083.4762,0
23291,406.81,18053.6496,18083.4762,0
23295,406.85,18053.6496,18083.4762,0
23297,406.85,18053.6496,18083.4762,0
23298,406.90,18053.6517,18083.4762,0
23299,406.90,18053.6517,18083.4762,0
23300,406.90,18053.6517,18083.4762,0
23301,406.98,18053.6496,18083.4762,0
23303,407.06,18053.6517,18083.4762,0
23304,407.06,18053.6517,18083.4762,0
23305,407.10,18053.6517,18083.4762,0
23310,407.10,18053.6517,18083.4762,0
23311,407.10,18053.6517,18083.4762,0
23312,407.18,18053.6496,18083.4762,0
23313,407.21,18053.6496,18083.4762,0
23314,407.21,18053.6496,18083.4762,0
23316,407.22,18053.6496,18083.4762,0
23317,407.26,18053.6517,18083.4762,0
23318,407.34,18053.6496,18083.4762,0
23319,407.37,18053.6496,18083.4762,0
23320,407.41,18053.6517,18083.4762,0
23321,407.45,18053.6517,18083.4762,0
23322,407.45,18053.6517,18083.4762,0
23326,407.50,18053.6496,18083.4762,0
23329,407.53,18053.6496,18083.4762,0
23330,407.54,18053.6496,18083.4762,0
23331,407.57,18053.6496,18083.4762,0
23335,407.57,18053.6496,18083.4762,0
23336,407.57,18053.6496,18083.4762,0
23337,407.57,18053.6496,18083.4762,0
23339,407.62,18053.6517,18083.4762,0
23340,407.65,18053.6517,18083.4762,0
23341,407.65,18053.6517,18083.4762,0
23342,407.65,18053.6517,18083.4762,0
23343,407.65,18053.6517,18083.4762,0
23344,407.69,18053.6517,18083.4762,0
23347,407.69,18053.6517,18083.4762,0
23348,407.69,18053.6517,18083.4762,0
23349,407.69,18053.6517,18083.4762,0
23350,407.69,18053.6517,18083.4762,0
23352,407.69,18053.6517,18083.4762,0
23353,407.69,18053.6517,18083.4762,0
23355,407.75,18053.6496,18083.4762,0
23356,407.79,18053.6496,18083.4762,0
23358,407.80,18053.6496,18083.4762,0
23360,407.83,18053.6496,18083.4762,0
23361,407.83,18053.6496,18083.4762,0
23362,407.83,18053.6496,18083.4762,0
23363,407.83,18053.6496,18083.4762,0
23365,407.83,18053.6496,18083.4762,0
23368,407.87,18053.6517,18083.4762,0
23374,407.91,18053.6517,18083.4762,0
23375,407.95,18053.6496,18083.4762,0
23378,407.99,18053.6496,18083.4762,0
23380,407.99,18053.6496,18083.4762,0
23381,408.00,18053.6496,18083.4762,0
23382,408.07,18053.6517,18083.4762,0
23384,408.11,18053.6517,18083.4762,0
23386,408.14,18053.6517,18083.4762,0
23387,408.19,18053.6496,18083.4762,0
23388,408.22,18053.6496,18083.4762,0
23389,408.29,18053.6517,18083.4762,0
23390,408.33,18053.6517,18083.4762,0
23391,408.36,18053.6517,18083.4762,0
23393,408.37,18053.6517,18083.4762,0
23394,408.41,18053.6496,18083.4762,0
23395,408.45,18053.6496,18083.4762,0
23396,408.49,18053.6517,18083.4762,0
23397,408.52,18053.6517,18083.4762,0
23398,408.52,18053.6517,18083.4762,0
23400,408.56,18053.6517,18083.4762,0
23401,408.56,18053.6517,18083.4762,0
23402,408.56,18053.6517,18083.4762,0
23403,408.57,18053.6517,18083.4762,0
23404,408.61,18053.6496,18083.4762,0
23406,408.69,18053.6517,18083.4762,0
23408,408.73,18053.6517,18083.4762,0
23409,408.76,18053.6517,18083.4762,0
23410,408.76,18053.6517,18083.4762,0
23411,408.76,18053.6517,18083.4762,0
23412,408.76,18053.6517,18083.4762,0
23415,408.76,18053.6517,18083.4762,0
23416,408.76,18053.6517,18083.4762,0
23417,408.76,18053.6517,18083.4762,0
23419,408.76,18053.6517,18083.4762,0
23420,408.76,18053.6517,18083.4762,0
23421,408.76,18053.6517,18083.4762,0
23422,408.76,18053.6517,18083.4762,0
23423,408.76,18053.6517,18083.4762,0
23424,408.76,18053.6517,18083.4762,0
23425,408.81,18053.6496,18083.4762,0
23426,408.88,18053.6517,18083.4762,0
23428,408.89,18053.6517,18083.4762,0
23429,408.89,18053.6517,18083.4762,0
23430,408.89,18053.6517,18083.4762,0
23431,408.93,18053.6517,18083.4762,0
23432,408.93,18053.6517,18083.4762,0
23433,408.96,18053.6517,18083.4762,0
23434,408.96,18053.6517,18083.4762,0
23435,409.00,18053.6496,18083.4762,0
23436,409.01,18053.6496,18083.4762,0
23437,409.04,18053.6496,18083.4762,0
23438,409.09,18053.6517,18083.4762,0
23439,409.09,18053.6517,18083.4762,0
23440,409.12,18053.6517,18083.4762,0
23441,409.12,18053.6517,18083.4762,0
23442,409.12,18053.6517,18083.4762,0
23443,409.12,18053.6517,18083.4762,0
23444,409.12,18053.6517,18083.4762,0
23445,409.16,18053.6517,18083.4762,0
23446,409.16,18053.6517,18083.4762,0
23448,409.16,18053.6517,18083.4762,0
23449,409.16,18053.6517,18083.4762,0
23451,409.21,18053.6496,18083.4762,0
23452,409.28,18053.6517,18083.4762,0
23453,409.36,18053.6496,18083.4762,0
23454,409.39,18053.6496,18083.4762,0
23455,409.43,18053.6496,18083.4762,0
23457,409.47,18053.6517,18083.4762,0
23458,409.51,18053.6517,18083.4762,0
23459,409.51,18053.6517,18083.4762,0
23460,409.51,18053.6517,18083.4762,0
23461,409.51,18053.6517,18083.4762,0
23462,409.55,18053.6517,18083.4762,0
23463,409.55,18053.6517,18083.4762,0
23464,409.59,18053.6496,18083.4762,0
23465,409.59,18053.6496,18083.4762,0
23466,409.63,18053.6496,18083.4762,0
23467,409.66,18053.6496,18083.4762,0
23468,409.66,18053.6496,18083.4762,0
23470,409.66,18053.6496,18083.4762,0
23471,409.66,18053.6496,18083.4762,0
23473,409.71,18053.6517,18083.4762,0
23474,409.74,18053.6517,18083.4762,0
23475,409.74,18053.6517,18083.4762,0
23476,409.82,18053.6496,18083.4762,0
23477,409.82,18053.6496,18083.4762,0
23478,409.82,18053.6496,18083.4762,0
23479,409.82,18053.6496,18083.4762,0
23480,409.90,18053.6517,18083.4762,0
23481,409.93,18053.6517,18083.4762,0
23482,409.97,18053.6517,18083.4762,0
23483,409.97,18053.6517,18083.4762,0
23484,410.01,18053.6496,18083.4762,0
23487,410.09,18053.6517,18083.4762,0
23488,410.10,18053.6517,18083.4762,0
23490,410.10,18053.6517,18083.4762,0
23491,410.14,18053.6517,18083.4762,0
23493,410.14,18053.6517,18083.4762,0
23495,410.14,18053.6517,18083.4762,0
23496,410.14,18053.6517,18083.4762,0
23497,410.14,18053.6517,18083.4762,0
23498,410.14,18053.6517,18083.4762,0
23499,410.14,18053.6517,18083.4762,0
23500,410.14,18053.6517,18083.4762,0
23502,410.17,18053.6517,18083.4762,0
23503,410.17,18053.6517,18083.4762,0
23505,410.21,18053.6496,18083.4762,0
23508,410.25,18053.6496,18083.4762,0
23511,410.25,18053.6496,18083.4762,0
23512,410.26,18053.6496,18083.4762,0
23513,410.33,18053.6517,18083.4762,0
23514,410.37,18053.6517,18083.4762,0
23515,410.37,18053.6517,18083.4762,0
23516,410.40,18053.6517,18083.4762,0
23518,410.41,18053.6517,18083.4762,0
23519,410.41,18053.6517,18083.4762,0
23520,410.41,18053.6517,18083.4762,0
23521,410.41,18053.6517,18083.4762,0
23522,410.41,18053.6517,18083.4762,0
23523,410.41,18053.6517,18083.4762,0
23526,410.41,18053.6517,18083.4762,0
23527,410.45,18053.6496,18083.4762,0
23529,410.53,18053.6517,18083.4762,0
23530,410.54,18053.6517,18083.4762,0
23532,410.54,18053.6517,18083.4762,0
23533,410.57,18053.6517,18083.4762,0
23534,410.57,18053.6517,18083.4762,0
23535,410.61,18053.6517,18083.4762,0
23536,410.61,18053.6517,18083.4762,0
23537,410.61,18053.6517,18083.4762,0
23538,410.61,18053.6517,18083.4762,0
23539,410.61,18053.6517,18083.4762,0
23541,410.61,18053.6517,18083.4762,0
23542,410.61,18053.6517,18083.4762,0
23543,410.61,18053.6517,18083.4762,0
23544,410.61,18053.6517,18083.4762,0
23545,410.61,18053.6517,18083.4762,0
23546,410.61,18053.6517,18083.4762,0
23547,410.65,18053.6496,18083.4762,0
23548,410.68,18053.6496,18083.4762,0
23550,410.73,18053.6517,18083.4762,0
23551,410.77,18053.6517,18083.4762,0
23552,410.77,18053.6517,18083.4762,0
23553,410.77,18053.6517,18083.4762,0
23555,410.81,18053.6517,18083.4762,0
23558,410.81,18053.6517,18083.4762,0
23559,410.85,18053.6496,18083.4762,0
23560,410.86,18053.6496,18083.4762,0
23561,410.93,18053.6517,18083.4762,0
23564,410.97,18053.6517,18083.4762,0
23566,411.00,18053.6517,18083.4762,0
23567,411.01,18053.6517,18083.4762,0
23568,411.01,18053.6517,18083.4762,0
23569,411.01,18053.6517,18083.4762,0
23570,411.01,18053.6517,18083.4762,0
23571,411.01,18053.6517,18083.4762,0
23572,411.01,18053.6517,18083.4762,0
23574,411.01,18053.6517,18083.4762,0
23575,411.01,18053.6517,18083.4762,0
23576,411.05,18053.6496,18083.4762,0
23578,411.06,18053.6496,18083.4762,0
23579,411.06,18053.6496,18083.4762,0
23580,411.06,18053.6496,18083.4762,0
23581,411.09,18053.6496,18083.4762,0
23584,411.09,18053.6496,18083.4762,0
23585,411.09,18053.6496,18083.4762,0
23586,411.14,18053.6517,18083.4762,0
23587,411.14,18053.6517,18083.4762,0
23588,411.17,18053.6517,18083.4762,0
23589,411.17,18053.6517,18083.4762,0
23590,411.17,18053.6517,18083.4762,0
23591,411.17,18053.6517,18083.4762,0
23595,411.18,18053.6517,18083.4762,0
23597,411.21,18053.6517,18083.4762,0
23598,411.21,18053.6517,18083.4762,0
23599,411.26,18053.6496,18083.4762,0
23600,411.26,18053.6496,18083.4762,0
23602,411.34,18053.6517,18083.4762,0
23604,411.42,18053.6496,18083.4762,0
23605,411.43,18053.6496,18083.4762,0
23606,411.46,18053.6496,18083.4762,0
23607,411.46,18053.6496,18083.4762,0
23608,411.49,18053.6496,18083.4762,0
23609,411.49,18053.6496,18083.4762,0
23610,411.49,18053.6496,18083.4762,0
23611,411.49,18053.6496,18083.4762,0
23612,411.54,18053.6517,18083.4762,0
23613,411.61,18053.6496,18083.4762,0
23614,411.62,18053.6496,18083.4762,0
23615,411.70,18053.6517,18083.4762,0
23617,411.73,18053.6517,18083.4762,0
23618,411.73,18053.6517,18083.4762,0
23621,411.77,18053.6517,18083.4762,0
23623,411.77,18053.6517,18083.4762,0
23625,411.77,18053.6517,18083.4762,0
23626,411.77,18053.6517,18083.4762,0
23627,411.77,18053.6517,18083.4762,0
23628,411.82,18053.6496,18083.4762,0
23629,411.82,18053.6496,18083.4762,0
23630,411.85,18053.6496,18083.4762,0
23631,411.93,18053.6517,18083.4762,0
23632,411.94,18053.6517,18083.4762,0
23633,411.97,18053.6517,18083.4762,0
23635,411.97,18053.6517,18083.4762,0
23636,411.97,18053.6517,18083.4762,0
23637,411.97,18053.6517,18083.4762,0
23638,411.97,18053.6517,18083.4762,0
23639,412.01,18053.6517,18083.4762,0
23641,412.05,18053.6496,18083.4762,0
23642,412.08,18053.6496,18083.4762,0
23645,412.09,18053.6496,18083.4762,0
23646,412.17,18053.6517,18083.4762,0
23647,412.17,18053.6517,18083.4762,0
23648,412.17,18053.6517,18083.4762,0
23649,412.21,18053.6517,18083.4762,0
23650,412.24,18053.6517,18083.4762,0
23652,412.25,18053.6517,18083.4762,0
23654,412.25,18053.6517,18083.4762,0
23655,412.25,18053.6517,18083.4762,0
23656,412.29,18053.6496,18083.4762,0
23657,412.29,18053.6496,18083.4762,0
23658,412.37,18053.6517,18083.4762,0
23659,412.41,18053.6517,18083.4762,0
23660,412.44,18053.6517,18083.4762,0
23662,412.44,18053.6517,18083.4762,0
23663,412.45,18053.6517,18083.4762,0
23664,412.45,18053.6517,18083.4762,0
23666,412.49,18053.6496,18083.4762,0
23668,412.50,18053.6496,18083.4762,0
23670,412.58,18053.6517,18083.4762,0
23671,412.58,18053.6517,18083.4762,0
23672,412.58,18053.6517,18083.4762,0
23673,412.61,18053.6517,18083.4762,0
23674,412.61,18053.6517,18083.4762,0
23675,412.61,18053.6517,18083.4762,0
23676,412.65,18053.6517,18083.4762,0
23677,412.65,18053.6517,18083.4762,0
23678,412.69,18053.6496,18083.4762,0
23680,412.73,18053.6496,18083.4762,0
23681,412.74,18053.6496,18083.4762,0
23683,412.77,18053.6496,18083.4762,0
23685,412.77,18053.6496,18083.4762,0
23686,412.77,18053.6496,18083.4762,0
23687,412.81,18053.6517,18083.4762,0
23688,412.85,18053.6517,18083.4762,0
23690,412.85,18053.6517,18083.4762,0
23691,412.85,18053.6517,18083.4762,0
23692,412.85,18053.6517,18083.4762,0
23694,412.85,18053.6517,18083.4762,0
23695,412.85,18053.6517,18083.4762,0
23696,412.90,18053.6496,18083.4762,0
23697,412.93,18053.6496,18083.4762,0
23698,412.97,18053.6496,18083.4762,0
23699,413.01,18053.6517,18083.4762,0
23700,413.01,18053.6517,18083.4762,0
23701,413.01,18053.6517,18083.4762,0
23702,413.05,18053.6517,18083.4762,0
23706,413.05,18053.6517,18083.4762,0
23707,413.05,18053.6517,18083.4762,0
23708,413.05,18053.6517,18083.4762,0
23710,413.05,18053.6517,18083.4762,0
23711,413.05,18053.6517,18083.4762,0
23712,413.05,18053.6517,18083.4762,0
23713,413.05,18053.6517,18083.4762,0
23714,413.05,18053.6517,18083.4762,0
23715,413.08,18053.6517,18083.4762,0
23716,413.08,18053.6517,18083.4762,0
23717,413.08,18053.6517,18083.4762,0
23718,413.08,18053.6517,18083.4762,0
23719,413.08,18053.6517,18083.4762,0
23720,413.08,18053.6517,18083.4762,0
23721,413.08,18053.6517,18083.4762,0
23728,413.13,18053.6496,18083.4762,0
23729,413.13,18053.6496,18083.4762,0
23731,413.17,18053.6496,18083.4762,0
23733,413.17,18053.6496,18083.4762,0
23734,413.17,18053.6496,18083.4762,0
23735,413.21,18053.6517,18083.4762,0
23736,413.25,18053.6517,18083.4762,0
23737,413.25,18053.6517,18083.4762,0
23738,413.25,18053.6517,18083.4762,0
23739,413.29,18053.6517,18083.4762,0
23740,413.29,18053.6517,18083.4762,0
23742,413.29,18053.6517,18083.4762,0
23743,413.29,18053.6517,18083.4762,0
23744,413.29,18053.6517,18083.4762,0
23745,413.34,18053.6496,18083.4762,0
23746,413.41,18053.6517,18083.4762,0
23747,413.42,18053.6517,18083.4762,0
23748,413.45,18053.6517,18083.4762,0
23749,413.53,18053.6496,18083.4762,0
23750,413.56,18053.6496,18083.4762,0
23751,413.60,18053.6517,18083.4762,0
23752,413.61,18053.6517,18083.4762,0
23753,413.61,18053.6517,18083.4762,0
23755,413.65,18053.6517,18083.4762,0
23756,413.65,18053.6517,18083.4762,0
23757,413.69,18053.6496,18083.4762,0
23758,413.70,18053.6496,18083.4762,0
23759,413.70,18053.6496,18083.4762,0
23760,413.70,18053.6496,18083.4762,0
23762,413.73,18053.6496,18083.4762,0
23763,413.81,18053.6517,18083.4762,0
23765,413.85,18053.6517,18083.4762,0
23766,413.85,18053.6517,18083.4762,0
23767,413.88,18053.6517,18083.4762,0
23768,413.88,18053.6517,18083.4762,0
23769,413.88,18053.6517,18083.4762,0
23770,413.93,18053.6496,18083.4762,0
23771,413.96,18053.6496,18083.4762,0
23773,413.97,18053.6496,18083.4762,0
23775,413.97,18053.6496,18083.4762,0
23777,414.00,18053.6496,18083.4762,0
23778,414.00,18053.6496,18083.4762,0
23780,414.00,18053.6496,18083.4762,0
23782,414.00,18053.6496,18083.4762,0
23783,414.00,18053.6496,18083.4762,0
23784,414.05,18053.6517,18083.4762,0
23785,414.08,18053.6517,18083.4762,0
23787,414.12,18053.6517,18083.4762,0
23788,414.16,18053.6496,18083.4762,0
23789,414.26,18053.6517,18083.4762,0
23791,414.29,18053.6517,18083.4762,0
23792,414.29,18053.6517,18083.4762,0
23793,414.30,18053.6517,18083.4762,0
23794,414.33,18053.6517,18083.4762,0
23796,414.33,18053.6517,18083.4762,0
23797,414.33,18053.6517,18083.4762,0
23798,414.38,18053.6496,18083.4762,0
23800,414.38,18053.6496,18083.4762,0
23801,414.42,18053.6496,18083.4762,0
23802,414.49,18053.6517,18083.4762,0
23804,414.50,18053.6517,18083.4762,0
23805,414.54,18053.6517,18083.4762,0
23806,414.57,18053.6517,18083.4762,0
23808,414.57,18053.6517,18083.4762,0
23809,414.57,18053.6517,18083.4762,0
23811,414.57,18053.6517,18083.4762,0
23813,414.57,18053.6517,18083.4762,0
23814,414.57,18053.6517,18083.4762,0
23815,414.62,18053.6496,18083.4762,0
23816,414.62,18053.6496,18083.4762,0
23817,414.62,18053.6496,18083.4762,0
23818,414.65,18053.6496,18083.4762,0
23819,414.70,18053.6517,18083.4762,0
23822,414.71,18053.6517,18083.4762,0
23824,414.74,18053.6517,18083.4762,0
23825,414.74,18053.6517,18083.4762,0
23826,414.74,18053.6517,18083.4762,0
23827,414.77,18053.6517,18083.4762,0
23828,414.81,18053.6496,18083.4762,0
23830,414.82,18053.6496,18083.4762,0
23831,414.86,18053.6496,18083.4762,0
23832,414.89,18053.6496,18083.4762,0
23834,414.89,18053.6496,18083.4762,0
23835,414.89,18053.6496,18083.4762,0
23837,414.93,18053.6517,18083.4762,0
23838,414.97,18053.6517,18083.4762,0
23839,415.01,18053.6496,18083.4762,0
23840,415.09,18053.6517,18083.4762,0
23841,415.12,18053.6517,18083.4762,0
23842,415.12,18053.6517,18083.4762,0
23844,415.13,18053.6517,18083.4762,0
23845,415.13,18053.6517,18083.4762,0
23847,415.21,18053.6496,18083.4762,0
23848,415.24,18053.6496,18083.4762,0
23849,415.27,18053.6496,18083.4762,0
23850,415.32,18053.6517,18083.4762,0
23851,415.35,18053.6517,18083.4762,0
23852,415.39,18053.6496,18083.4762,0
23853,415.43,18053.6496,18083.4762,0
23854,415.43,18053.6496,18083.4762,0
23855,415.50,18053.6517,18083.4762,0
23858,415.51,18053.6517,18083.4762,0
23860,415.55,18053.6517,18083.4762,0
23862,415.55,18053.6517,18083.4762,0
23863,415.55,18053.6517,18083.4762,0
23864,415.55,18053.6517,18083.4762,0
23865,415.55,18053.6517,18083.4762,0
23867,415.58,18053.6517,18083.4762,0
23869,415.58,18053.6517,18083.4762,0
23871,415.58,18053.6517,18083.4762,0
23872,415.64,18053.6496,18083.4762,0
23873,415.64,18053.6496,18083.4762,0
23874,415.64,18053.6496,18083.4762,0
23875,415.68,18053.6496,18083.4762,0
23876,415.75,18053.6517,18083.4762,0
23877,415.76,18053.6517,18083.4762,0
23878,415.79,18053.6517,18083.4762,0
23882,415.80,18053.6517,18083.4762,0
23884,415.84,18053.6496,18083.4762,0
23887,415.88,18053.6496,18083.4762,0
23888,415.91,18053.6496,18083.4762,0
23889,415.91,18053.6496,18083.4762,0
23891,415.96,18053.6517,18083.4762,0
23892,415.99,18053.6517,18083.4762,0
23893,416.03,18053.6517,18083.4762,0
23895,416.04,18053.6517,18083.4762,0
23896,416.04,18053.6517,18083.4762,0
23897,416.04,18053.6517,18083.4762,0
23898,416.04,18053.6517,18083.4762,0
23900,416.04,18053.6517,18083.4762,0
23901,416.04,18053.6517,18083.4762,0
23902,416.04,18053.6517,18083.4762,0
23903,416.04,18053.6517,18083.4762,0
23904,416.04,18053.6517,18083.4762,0
23905,416.04,18053.6517,18083.4762,0
23907,416.09,18053.6496,18083.4762,0
23908,416.14,18053.6496,18083.4762,0
23909,416.20,18053.6517,18083.4762,0
23910,416.28,18053.6496,18083.4762,0
23911,416.29,18053.6496,18083.4762,0
23912,416.33,18053.6496,18083.4762,0
23913,416.37,18053.6517,18083.4762,0
23914,416.38,18053.6517,18083.4762,0
23915,416.41,18053.6517,18083.4762,0
23916,416.41,18053.6517,18083.4762,0
23917,416.41,18053.6517,18083.4762,0
23918,416.41,18053.6517,18083.4762,0
23919,416.45,18053.6517,18083.4762,0
23920,416.49,18053.6496,18083.4762,0
23921,416.58,18053.6517,18083.4762,0
23923,416.62,18053.6517,18083.4762,0
23925,416.62,18053.6517,18083.4762,0
23926,416.62,18053.6517,18083.4762,0
23927,416.62,18053.6517,18083.4762,0
23928,416.62,18053.6517,18083.4762,0
23929,416.62,18053.6517,18083.4762,0
23931,416.62,18053.6517,18083.4762,0
23932,416.62,18053.6517,18083.4762,0
23933,416.66,18053.6517,18083.4762,0
23934,416.66,18053.6517,18083.4762,0
23936,416.66,18053.6517,18083.4762,0
23938,416.66,18053.6517,18083.4762,0
23940,416.66,18053.6517,18083.4762,0
23941,416.66,18053.6517,18083.4762,0
23942,416.71,18053.6496,18083.4762,0
23944,416.75,18053.6496,18083.4762,0
23945,416.75,18053.6496,18083.4762,0
23946,416.75,18053.6496,18083.4762,0
23948,416.79,18053.6496,18083.4762,0
23950,416.79,18053.6496,18083.4762,0
23951,416.79,18053.6496,18083.4762,0
23952,416.79,18053.6496,18083.4762,0
23953,416.83,18053.6517,18083.4762,0
23954,416.87,18053.6517,18083.4762,0
23955,416.87,18053.6517,18083.4762,0
23956,416.91,18053.6496,18083.4762,0
23957,416.95,18053.6496,18083.4762,0
23958,416.95,18053.6496,18083.4762,0
23960,417.05,18053.6517,18083.4762,0
23961,417.09,18053.6517,18083.4762,0
23962,417.09,18053.6517,18083.4762,0
23963,417.12,18053.6517,18083.4762,0
23965,417.12,18053.6517,18083.4762,0
23966,417.13,18053.6517,18083.4762,0
23969,417.13,18053.6517,18083.4762,0
23970,417.13,18053.6517,18083.4762,0
23971,417.13,18053.6517,18083.4762,0
23972,417.13,18053.6517,18083.4762,0
23973,417.13,18053.6517,18083.4762,0
23974,417.17,18053.6496,18083.4762,0
23975,417.21,18053.6496,18083.4762,0
23977,417.25,18053.6496,18083.4762,0
23978,417.29,18053.6517,18083.4762,0
23980,417.33,18053.6517,18083.4762,0
23981,417.36,18053.6517,18083.4762,0
23983,417.41,18053.6496,18083.4762,0
23984,417.44,18053.6496,18083.4762,0
23985,417.44,18053.6496,18083.4762,0
23986,417.47,18053.6496,18083.4762,0
23987,417.48,18053.6496,18083.4762,0
23988,417.48,18053.6496,18083.4762,0
23989,417.52,18053.6517,18083.4762,0
23990,417.56,18053.6517,18083.4762,0
23991,417.56,18053.6517,18083.4762,0
23992,417.56,18053.6517,18083.4762,0
23993,417.56,18053.6517,18083.4762,0
23994,417.61,18053.6496,18083.4762,0
23995,417.61,18053.6496,18083.4762,0
23997,417.69,18053.6517,18083.4762,0
23999,417.78,18053.6496,18083.4762,0
24000,417.81,18053.6496,18083.4762,0
24001,417.84,18053.6496,18083.4762,0
24003,417.85,18053.6496,18083.4762,0
24005,417.85,18053.6496,18083.4762,0
24006,417.85,18053.6496,18083.4762,0
24007,417.85,18053.6496,18083.4762,0
24008,417.85,18053.6496,18083.4762,0
24009,417.90,18053.6517,18083.4762,0
24010,417.93,18053.6517,18083.4762,0
24011,417.93,18053.6517,18083.4762,0
24012,417.97,18053.6496,18083.4762,0
24013,418.01,18053.6496,18083.4762,0
24014,418.01,18053.6496,18083.4762,0
24015,418.08,18053.6517,18083.4762,0
24017,418.12,18053.6517,18083.4762,0
24018,418.13,18053.6517,18083.4762,0
24019,418.13,18053.6517,18083.4762,0
24020,418.16,18053.6517,18083.4762,0
24022,418.16,18053.6517,18083.4762,0
24023,418.21,18053.6496,18083.4762,0
24025,418.29,18053.6517,18083.4762,0
24026,418.29,18053.6517,18083.4762,0
24027,418.33,18053.6517,18083.4762,0
24028,418.33,18053.6517,18083.4762,0
24029,418.37,18053.6496,18083.4762,0
24036,418.41,18053.6496,18083.4762,0
24037,418.44,18053.6496,18083.4762,0
24038,418.49,18053.6517,18083.4762,0
24039,418.52,18053.6517,18083.4762,0
24040,418.52,18053.6517,18083.4762,0
24041,418.56,18053.6517,18083.4762,0
24042,418.56,18053.6517,18083.4762,0
24043,418.56,18053.6517,18083.4762,0
24044,418.56,18053.6517,18083.4762,0
24045,418.56,18053.6517,18083.4762,0
24050,418.57,18053.6517,18083.4762,0
24051,418.57,18053.6517,18083.4762,0
24052,418.61,18053.6496,18083.4762,0
24056,418.65,18053.6496,18083.4762,0
24057,418.65,18053.6496,18083.4762,0
24058,418.65,18053.6496,18083.4762,0
24059,418.69,18053.6496,18083.4762,0
24060,418.73,18053.6517,18083.4762,0
24061,418.81,18053.6496,18083.4762,0
24063,418.84,18053.6496,18083.4762,0
24064,418.88,18053.6496,18083.4762,0
24065,418.88,18053.6496,18083.4762,0
24066,418.88,18053.6496,18083.4762,0
24067,418.93,18053.6517,18083.4762,0
24068,418.96,18053.6517,18083.4762,0
24070,418.97,18053.6517,18083.4762,0
24072,418.97,18053.6517,18083.4762,0
24074,418.97,18053.6517,18083.4762,0
24075,418.97,18053.6517,18083.4762,0
24076,419.00,18053.6517,18083.4762,0
24078,419.00,18053.6517,18083.4762,0
24079,419.05,18053.6496,18083.4762,0
24081,419.13,18053.6517,18083.4762,0
24082,419.16,18053.6517,18083.4762,0
24083,419.17,18053.6517,18083.4762,0
24085,419.20,18053.6517,18083.4762,0
24086,419.20,18053.6517,18083.4762,0
24088,419.20,18053.6517,18083.4762,0
24089,419.20,18053.6517,18083.4762,0
24092,419.20,18053.6517,18083.4762,0
24093,419.20,18053.6517,18083.4762,0
24094,419.20,18053.6517,18083.4762,0
24095,419.20,18053.6517,18083.4762,0
24096,419.20,18053.6517,18083.4762,0
24097,419.20,18053.6517,18083.4762,0
24098,419.25,18053.6496,18083.4762,0
24099,419.28,18053.6496,18083.4762,0
24100,419.31,18053.6496,18083.4762,0
24101,419.31,18053.6496,18083.4762,0
24106,419.32,18053.6496,18083.4762,0
24107,419.32,18053.6496,18083.4762,0
24109,419.32,18053.6496,18083.4762,0
24110,419.32,18053.6496,18083.4762,0
24111,419.32,18053.6496,18083.4762,0
24112,419.37,18053.6517,18083.4762,0
24114,419.40,18053.6517,18083.4762,0
24115,419.41,18053.6517,18083.4762,0
24116,419.41,18053.6517,18083.4762,0
24118,419.44,18053.6517,18083.4762,0
24120,419.49,18053.6496,18083.4762,0
24122,419.52,18053.6496,18083.4762,0
24123,419.52,18053.6496,18083.4762,0
24124,419.53,18053.6496,18083.4762,0
24125,419.56,18053.6496,18083.4762,0
24126,419.56,18053.6496,18083.4762,0
24127,419.56,18053.6496,18083.4762,0
24128,419.56,18053.6496,18083.4762,0
24129,419.56,18053.6496,18083.4762,0
24130,419.56,18053.6496,18083.4762,0
24131,419.56,18053.6496,18083.4762,0
24132,419.61,18053.6517,18083.4762,0
24133,419.64,18053.6517,18083.4762,0
24134,419.67,18053.6517,18083.4762,0
24136,419.68,18053.6517,18083.4762,0
24137,419.68,18053.6517,18083.4762,0
24138,419.68,18053.6517,18083.4762,0
24140,419.73,18053.6496,18083.4762,0
24141,419.73,18053.6496,18083.4762,0
24144,419.81,18053.6517,18083.4762,0
24145,419.82,18053.6517,18083.4762,0
24146,419.82,18053.6517,18083.4762,0
24147,419.82,18053.6517,18083.4762,0
24149,419.86,18053.6517,18083.4762,0
24150,419.86,18053.6517,18083.4762,0
24151,419.86,18053.6517,18083.4762,0
24152,419.86,18053.6517,18083.4762,0
24153,419.86,18053.6517,18083.4762,0
24155,419.90,18053.6496,18083.4762,0
24156,419.93,18053.6496,18083.4762,0
24157,419.94,18053.6496,18083.4762,0
24158,420.01,18053.6517,18083.4762,0
24159,420.04,18053.6517,18083.4762,0
24160,420.12,18053.6496,18083.4762,0
24161,420.15,18053.6496,18083.4762,0
24163,420.20,18053.6517,18083.4762,0
24164,420.23,18053.6517,18083.4762,0
24165,420.26,18053.6517,18083.4762,0
24167,420.27,18053.6517,18083.4762,0
24169,420.27,18053.6517,18083.4762,0
24170,420.27,18053.6517,18083.4762,0
24172,420.27,18053.6517,18083.4762,0
24174,420.27,18053.6517,18083.4762,0
24176,420.27,18053.6517,18083.4762,0
24177,420.32,18053.6496,18083.4762,0
24178,420.32,18053.6496,18083.4762,0
24179,420.40,18053.6517,18083.4762,0
24181,420.44,18053.6517,18083.4762,0
24183,420.44,18053.6517,18083.4762,0
24184,420.44,18053.6517,18083.4762,0
24185,420.49,18053.6496,18083.4762,0
24186,420.49,18053.6496,18083.4762,0
24187,420.54,18053.6496,18083.4762,0
24188,420.54,18053.6496,18083.4762,0
24189,420.54,18053.6496,18083.4762,0
24190,420.59,18053.6517,18083.4762,0
24191,420.59,18053.6517,18083.4762,0
24193,420.63,18053.6517,18083.4762,0
24194,420.63,18053.6517,18083.4762,0
24196,420.66,18053.6517,18083.4762,0
24197,420.71,18053.6496,18083.4762,0
24198,420.78,18053.6517,18083.4762,0
24199,420.79,18053.6517,18083.4762,0
24200,420.79,18053.6517,18083.4762,0
24201,420.82,18053.6517,18083.4762,0
24202,420.86,18053.6517,18083.4762,0
24203,420.86,18053.6517,18083.4762,0
24204,420.86,18053.6517,18083.4762,0
24205,420.90,18053.6496,18083.4762,0
24206,420.93,18053.6496,18083.4762,0
24207,420.98,18053.6517,18083.4762,0
24208,420.98,18053.6517,18083.4762,0
24209,421.02,18053.6517,18083.4762,0
24210,421.05,18053.6517,18083.4762,0
24211,421.09,18053.6496,18083.4762,0
24214,421.18,18053.6517,18083.4762,0
24215,421.21,18053.6517,18083.4762,0
24217,421.22,18053.6517,18083.4762,0
24218,421.30,18053.6496,18083.4762,0
24219,421.30,18053.6496,18083.4762,0
24221,421.31,18053.6496,18083.4762,0
24222,421.31,18053.6496,18083.4762,0
24224,421.38,18053.6517,18083.4762,0
24225,421.42,18053.6517,18083.4762,0
24226,421.42,18053.6517,18083.4762,0
24227,421.42,18053.6517,18083.4762,0
24228,421.47,18053.6496,18083.4762,0
24229,421.54,18053.6517,18083.4762,0
24231,421.58,18053.6517,18083.4762,0
24232,421.58,18053.6517,18083.4762,0
24233,421.63,18053.6496,18083.4762,0
24237,421.66,18053.6496,18083.4762,0
24238,421.70,18053.6496,18083.4762,0
24239,421.70,18053.6496,18083.4762,0
24241,421.70,18053.6496,18083.4762,0
24242,421.70,18053.6496,18083.4762,0
24243,421.70,18053.6496,18083.4762,0
24244,421.75,18053.6517,18083.4762,0
24245,421.82,18053.6496,18083.4762,0
24246,421.83,18053.6496,18083.4762,0
24247,421.86,18053.6496,18083.4762,0
24248,421.90,18053.6496,18083.4762,0
24251,421.90,18053.6496,18083.4762,0
24252,421.90,18053.6496,18083.4762,0
24254,421.90,18053.6496,18083.4762,0
24255,421.94,18053.6517,18083.4762,0
24256,422.02,18053.6496,18083.4762,0
24257,422.10,18053.6517,18083.4762,0
24261,422.13,18053.6517,18083.4762,0
24263,422.14,18053.6517,18083.4762,0
24264,422.14,18053.6517,18083.4762,0
24265,422.14,18053.6517,18083.4762,0
24267,422.18,18053.6496,18083.4762,0
24268,422.22,18053.6496,18083.4762,0
24269,422.25,18053.6496,18083.4762,0
24270,422.25,18053.6496,18083.4762,0
24271,422.25,18053.6496,18083.4762,0
24273,422.30,18053.6517,18083.4762,0
24275,422.34,18053.6517,18083.4762,0
24276,422.34,18053.6517,18083.4762,0
24277,422.34,18053.6517,18083.4762,0
24278,422.38,18053.6517,18083.4762,0
24279,422.38,18053.6517,18083.4762,0
24280,422.38,18053.6517,18083.4762,0
24281,422.38,18053.6517,18083.4762,0
24282,422.42,18053.6496,18083.4762,0
24283,422.46,18053.6496,18083.4762,0
24284,422.49,18053.6496,18083.4762,0
24285,422.49,18053.6496,18083.4762,0
24286,422.49,18053.6496,18083.4762,0
24287,422.49,18053.6496,18083.4762,0
24288,422.49,18053.6496,18083.4762,0
24289,422.54,18053.6517,18083.4762,0
24290,422.61,18053.6496,18083.4762,0
24291,422.65,18053.6496,18083.4762,0
24292,422.68,18053.6496,18083.4762,0
24294,422.69,18053.6496,18083.4762,0
24295,422.73,18053.6517,18083.4762,0
24296,422.77,18053.6517,18083.4762,0
24300,422.80,18053.6517,18083.4762,0
24302,422.81,18053.6517,18083.4762,0
24303,422.81,18053.6517,18083.4762,0
24304,422.81,18053.6517,18083.4762,0
24305,422.81,18053.6517,18083.4762,0
24306,422.85,18053.6496,18083.4762,0
24307,422.89,18053.6496,18083.4762,0
24308,422.89,18053.6496,18083.4762,0
24309,422.89,18053.6496,18083.4762,0
24311,422.90,18053.6496,18083.4762,0
24312,422.90,18053.6496,18083.4762,0
24313,422.93,18053.6496,18083.4762,0
24315,422.97,18053.6517,18083.4762,0
24316,423.05,18053.6496,18083.4762,0
24317,423.13,18053.6517,18083.4762,0
24319,423.14,18053.6517,18083.4762,0
24320,423.17,18053.6517,18083.4762,0
24323,423.21,18053.6496,18083.4762,0
24324,423.25,18053.6496,18083.4762,0
24326,423.26,18053.6496,18083.4762,0
24327,423.30,18053.6517,18083.4762,0
24328,423.30,18053.6517,18083.4762,0
24329,423.34,18053.6517,18083.4762,0
24330,423.34,18053.6517,18083.4762,0
24331,423.34,18053.6517,18083.4762,0
24332,423.34,18053.6517,18083.4762,0
24333,423.34,18053.6517,18083.4762,0
24335,423.38,18053.6517,18083.4762,0
24336,423.42,18053.6496,18083.4762,0
24337,423.45,18053.6496,18083.4762,0
24338,423.46,18053.6496,18083.4762,0
24339,423.54,18053.6517,18083.4762,0
24340,423.54,18053.6517,18083.4762,0
24341,423.58,18053.6517,18083.4762,0
24342,423.61,18053.6517,18083.4762,0
24343,423.61,18053.6517,18083.4762,0
24345,423.61,18053.6517,18083.4762,0
24346,423.61,18053.6517,18083.4762,0
24347,423.61,18053.6517,18083.4762,0
24348,423.61,18053.6517,18083.4762,0
24349,423.61,18053.6517,18083.4762,0
24351,423.61,18053.6517,18083.4762,0
24352,423.61,18053.6517,18083.4762,0
24353,423.61,18053.6517,18083.4762,0
24355,423.61,18053.6517,18083.4762,0
24356,423.66,18053.6496,18083.4762,0
24357,423.69,18053.6496,18083.4762,0
24358,423.73,18053.6496,18083.4762,0
24362,423.73,18053.6496,18083.4762,0
24363,423.73,18053.6496,18083.4762,0
24364,423.73,18053.6496,18083.4762,0
24365,423.73,18053.6496,18083.4762,0
24366,423.73,18053.6496,18083.4762,0
24369,423.78,18053.6517,18083.4762,0
24370,423.78,18053.6517,18083.4762,0
24371,423.78,18053.6517,18083.4762,0
24372,423.82,18053.6517,18083.4762,0
24374,423.82,18053.6517,18083.4762,0
24375,423.90,18053.6496,18083.4762,0
24376,423.93,18053.6496,18083.4762,0
24378,423.97,18053.6496,18083.4762,0
24379,423.97,18053.6496,18083.4762,0
24380,424.02,18053.6517,18083.4762,0
24381,424.05,18053.6517,18083.4762,0
24382,424.06,18053.6517,18083.4762,0
24383,424.06,18053.6517,18083.4762,0
24384,424.06,18053.6517,18083.4762,0
24386,424.06,18053.6517,18083.4762,0
24387,424.06,18053.6517,18083.4762,0
24389,424.14,18053.6496,18083.4762,0
24390,424.17,18053.6496,18083.4762,0
24391,424.17,18053.6496,18083.4762,0
24392,424.21,18053.6517,18083.4762,0
24393,424.25,18053.6517,18083.4762,0
24395,424.26,18053.6517,18083.4762,0
24396,424.29,18053.6517,18083.4762,0
24398,424.29,18053.6517,18083.4762,0
24399,424.29,18053.6517,18083.4762,0
24400,424.29,18053.6517,18083.4762,0
24401,424.29,18053.6517,18083.4762,0
24402,424.33,18053.6496,18083.4762,0
24404,424.37,18053.6496,18083.4762,0
24405,424.40,18053.6496,18083.4762,0
24406,424.40,18053.6496,18083.4762,0
24407,424.45,18053.6517,18083.4762,0
24409,424.48,18053.6517,18083.4762,0
24413,424.49,18053.6517,18083.4762,0
24414,424.52,18053.6517,18083.4762,0
24416,424.52,18053.6517,18083.4762,0
24418,424.52,18053.6517,18083.4762,0
24419,424.52,18053.6517,18083.4762,0
24420,424.52,18053.6517,18083.4762,0
24421,424.52,18053.6517,18083.4762,0
24422,424.52,18053.6517,18083.4762,0
24423,424.52,18053.6517,18083.4762,0
24424,424.52,18053.6517,18083.4762,0
24425,424.57,18053.6496,18083.4762,0
24427,424.60,18053.6496,18083.4762,0
24428,424.61,18053.6496,18083.4762,0
24429,424.61,18053.6496,18083.4762,0
24430,424.61,18053.6496,18083.4762,0
24431,424.61,18053.6496,18083.4762,0
24432,424.61,18053.6496,18083.4762,0
24434,424.65,18053.6517,18083.4762,0
24435,424.66,18053.6517,18083.4762,0
24436,424.69,18053.6517,18083.4762,0
24437,424.69,18053.6517,18083.4762,0
24439,424.69,18053.6517,18083.4762,0
24440,424.74,18053.6496,18083.4762,0
24441,424.77,18053.6496,18083.4762,0
24442,424.83,18053.6517,18083.4762,0
24443,424.87,18053.6517,18083.4762,0
24445,424.88,18053.6517,18083.4762,0
24447,424.88,18053.6517,18083.4762,0
24448,424.95,18053.6496,18083.4762,0
24449,424.99,18053.6496,18083.4762,0
24450,425.03,18053.6517,18083.4762,0
24451,425.04,18053.6517,18083.4762,0
24452,425.04,18053.6517,18083.4762,0
24453,425.07,18053.6517,18083.4762,0
24454,425.07,18053.6517,18083.4762,0
24455,425.11,18053.6517,18083.4762,0
24456,425.11,18053.6517,18083.4762,0
24459,425.11,18053.6517,18083.4762,0
24460,425.11,18053.6517,18083.4762,0
24461,425.11,18053.6517,18083.4762,0
24462,425.11,18053.6517,18083.4762,0
24463,425.11,18053.6517,18083.4762,0
24464,425.11,18053.6517,18083.4762,0
24466,425.16,18053.6496,18083.4762,0
24467,425.16,18053.6496,18083.4762,0
24468,425.16,18053.6496,18083.4762,0
24469,425.24,18053.6517,18083.4762,0
24470,425.24,18053.6517,18083.4762,0
24472,425.28,18053.6517,18083.4762,0
24473,425.28,18053.6517,18083.4762,0
24474,425.36,18053.6496,18083.4762,0
24475,425.39,18053.6496,18083.4762,0
24476,425.40,18053.6496,18083.4762,0
24477,425.40,18053.6496,18083.4762,0
24478,425.40,18053.6496,18083.4762,0
24479,425.40,18053.6496,18083.4762,0
24480,425.47,18053.6517,18083.4762,0
24481,425.51,18053.6517,18083.4762,0
24483,425.54,18053.6517,18083.4762,0
24484,425.54,18053.6517,18083.4762,0
24485,425.54,18053.6517,18083.4762,0
24486,425.59,18053.6496,18083.4762,0
24487,425.62,18053.6496,18083.4762,0
24489,425.70,18053.6517,18083.4762,0
24490,425.74,18053.6517,18083.4762,0
24491,425.74,18053.6517,18083.4762,0
24493,425.74,18053.6517,18083.4762,0
24495,425.74,18053.6517,18083.4762,0
24497,425.74,18053.6517,18083.4762,0
24498,425.74,18053.6517,18083.4762,0
24499,425.78,18053.6517,18083.4762,0
24500,425.78,18053.6517,18083.4762,0
24501,425.78,18053.6517,18083.4762,0
24502,425.82,18053.6496,18083.4762,0
24503,425.90,18053.6517,18083.4762,0
24504,425.93,18053.6517,18083.4762,0
24505,425.94,18053.6517,18083.4762,0
24506,425.94,18053.6517,18083.4762,0
24507,426.02,18053.6496,18083.4762,0
24508,426.02,18053.6496,18083.4762,0
24510,426.02,18053.6496,18083.4762,0
24511,426.06,18053.6496,18083.4762,0
24512,426.06,18053.6496,18083.4762,0
24513,426.09,18053.6496,18083.4762,0
24516,426.14,18053.6517,18083.4762,0
24517,426.18,18053.6517,18083.4762,0
24518,426.18,18053.6517,18083.4762,0
24520,426.18,18053.6517,18083.4762,0
24521,426.18,18053.6517,18083.4762,0
24523,426.18,18053.6517,18083.4762,0
24524,426.18,18053.6517,18083.4762,0
24525,426.18,18053.6517,18083.4762,0
24526,426.18,18053.6517,18083.4762,0
24527,426.18,18053.6517,18083.4762,0
24528,426.23,18053.6496,18083.4762,0
24529,426.30,18053.6517,18083.4762,0
24532,426.31,18053.6517,18083.4762,0
24533,426.31,18053.6517,18083.4762,0
24534,426.31,18053.6517,18083.4762,0
24535,426.31,18053.6517,18083.4762,0
24536,426.35,18053.6517,18083.4762,0
24537,426.35,18053.6517,18083.4762,0
24538,426.35,18053.6517,18083.4762,0
24539,426.35,18053.6517,18083.4762,0
24540,426.35,18053.6517,18083.4762,0
24542,426.35,18053.6517,18083.4762,0
24543,426.35,18053.6517,18083.4762,0
24545,426.38,18053.6517,18083.4762,0
24546,426.42,18053.6496,18083.4762,0
24547,426.43,18053.6496,18083.4762,0
24548,426.51,18053.6517,18083.4762,0
24549,426.54,18053.6517,18083.4762,0
24551,426.58,18053.6517,18083.4762,0
24552,426.62,18053.6496,18083.4762,0
24553,426.63,18053.6496,18083.4762,0
24554,426.63,18053.6496,18083.4762,0
24555,426.66,18053.6496,18083.4762,0
24556,426.66,18053.6496,18083.4762,0
24557,426.74,18053.6517,18083.4762,0
24558,426.77,18053.6517,18083.4762,0
24559,426.77,18053.6517,18083.4762,0
24561,426.78,18053.6517,18083.4762,0
24563,426.78,18053.6517,18083.4762,0
24565,426.82,18053.6496,18083.4762,0
24566,426.83,18053.6496,18083.4762,0
24568,426.83,18053.6496,18083.4762,0
24570,426.87,18053.6496,18083.4762,0
24571,426.94,18053.6517,18083.4762,0
24573,426.95,18053.6517,18083.4762,0
24574,426.95,18053.6517,18083.4762,0
24576,427.03,18053.6496,18083.4762,0
24577,427.06,18053.6496,18083.4762,0
24584,427.14,18053.6517,18083.4762,0
24585,427.15,18053.6517,18083.4762,0
24586,427.18,18053.6517,18083.4762,0
24587,427.22,18053.6517,18083.4762,0
24590,427.22,18053.6517,18083.4762,0
24591,427.27,18053.6496,18083.4762,0
24593,427.27,18053.6496,18083.4762,0
24595,427.27,18053.6496,18083.4762,0
24596,427.31,18053.6496,18083.4762,0
24598,427.31,18053.6496,18083.4762,0
24599,427.31,18053.6496,18083.4762,0
24600,427.31,18053.6496,18083.4762,0
24602,427.31,18053.6496,18083.4762,0
24605,427.31,18053.6496,18083.4762,0
24606,427.38,18053.6517,18083.4762,0
24608,427.39,18053.6517,18083.4762,0
24609,427.39,18053.6517,18083.4762,0
24610,427.43,18053.6517,18083.4762,0
24611,427.43,18053.6517,18083.4762,0
24612,427.43,18053.6517,18083.4762,0
24613,427.47,18053.6496,18083.4762,0
24614,427.48,18053.6496,18083.4762,0
24615,427.51,18053.6496,18083.4762,0
24616,427.51,18053.6496,18083.4762,0
24617,427.51,18053.6496,18083.4762,0
24618,427.51,18053.6496,18083.4762,0
24620,427.52,18053.6496,18083.4762,0
24621,427.59,18053.6517,18083.4762,0
24622,427.60,18053.6517,18083.4762,0
24624,427.63,18053.6517,18083.4762,0
24625,427.63,18053.6517,18083.4762,0
24627,427.63,18053.6517,18083.4762,0
24628,427.63,18053.6517,18083.4762,0
24629,427.63,18053.6517,18083.4762,0
24630,427.67,18053.6517,18083.4762,0
24631,427.67,18053.6517,18083.4762,0
24632,427.67,18053.6517,18083.4762,0
24633,427.71,18053.6496,18083.4762,0
24634,427.75,18053.6496,18083.4762,0
24635,427.82,18053.6517,18083.4762,0
24636,427.83,18053.6517,18083.4762,0
24637,427.83,18053.6517,18083.4762,0
24638,427.86,18053.6517,18083.4762,0
24639,427.86,18053.6517,18083.4762,0
24641,427.94,18053.6496,18083.4762,0
24643,427.98,18053.6496,18083.4762,0
24644,427.98,18053.6496,18083.4762,0
24645,427.98,18053.6496,18083.4762,0
24649,427.98,18053.6496,18083.4762,0
24650,427.98,18053.6496,18083.4762,0
24651,427.98,18053.6496,18083.4762,0
24652,428.02,18053.6496,18083.4762,0
24653,428.06,18053.6517,18083.4762,0
24654,428.07,18053.6517,18083.4762,0
24655,428.10,18053.6517,18083.4762,0
24656,428.10,18053.6517,18083.4762,0
24657,428.10,18053.6517,18083.4762,0
24658,428.13,18053.6517,18083.4762,0
24659,428.13,18053.6517,18083.4762,0
24660,428.18,18053.6496,18083.4762,0
24661,428.18,18053.6496,18083.4762,0
24662,428.21,18053.6496,18083.4762,0
24663,428.21,18053.6496,18083.4762,0
24665,428.29,18053.6517,18083.4762,0
24667,428.33,18053.6517,18083.4762,0
24668,428.37,18053.6517,18083.4762,0
24669,428.38,18053.6517,18083.4762,0
24670,428.38,18053.6517,18083.4762,0
24672,428.38,18053.6517,18083.4762,0
24673,428.45,18053.6496,18083.4762,0
24674,428.48,18053.6496,18083.4762,0
24675,428.52,18053.6496,18083.4762,0
24676,428.52,18053.6496,18083.4762,0
24680,428.53,18053.6496,18083.4762,0
24681,428.57,18053.6517,18083.4762,0
24682,428.60,18053.6517,18083.4762,0
24683,428.60,18053.6517,18083.4762,0
24684,428.64,18053.6517,18083.4762,0
24685,428.68,18053.6496,18083.4762,0
24686,428.72,18053.6496,18083.4762,0
24687,428.76,18053.6517,18083.4762,0
24688,428.84,18053.6496,18083.4762,0
24689,428.87,18053.6496,18083.4762,0
24690,428.87,18053.6496,18083.4762,0
24691,428.88,18053.6496,18083.4762,0
24692,428.88,18053.6496,18083.4762,0
24693,428.88,18053.6496,18083.4762,0
24694,428.88,18053.6496,18083.4762,0
24695,428.88,18053.6496,18083.4762,0
24697,428.88,18053.6496,18083.4762,0
24698,428.96,18053.6517,18083.4762,0
24700,429.00,18053.6517,18083.4762,0
24701,429.03,18053.6517,18083.4762,0
24702,429.03,18053.6517,18083.4762,0
24703,429.08,18053.6496,18083.4762,0
24704,429.08,18053.6496,18083.4762,0
24705,429.08,18053.6496,18083.4762,0
24706,429.12,18053.6496,18083.4762,0
24709,429.21,18053.6517,18083.4762,0
24711,429.29,18053.6496,18083.4762,0
24712,429.29,18053.6496,18083.4762,0
24713,429.33,18053.6496,18083.4762,0
24714,429.36,18053.6496,18083.4762,0
24715,429.36,18053.6496,18083.4762,0
24716,429.36,18053.6496,18083.4762,0
24717,429.36,18053.6496,18083.4762,0
24719,429.36,18053.6496,18083.4762,0
24720,429.36,18053.6496,18083.4762,0
24721,429.41,18053.6517,18083.4762,0
24722,429.44,18053.6517,18083.4762,0
24723,429.45,18053.6517,18083.4762,0
24725,429.45,18053.6517,18083.4762,0
24729,429.49,18053.6517,18083.4762,0
24730,429.55,18053.6496,18083.4762,0
24733,429.56,18053.6496,18083.4762,0
24734,429.56,18053.6496,18083.4762,0
24735,429.59,18053.6496,18083.4762,0
24738,429.67,18053.6517,18083.4762,0
24739,429.70,18053.6517,18083.4762,0
24740,429.70,18053.6517,18083.4762,0
24742,429.74,18053.6517,18083.4762,0
24743,429.75,18053.6517,18083.4762,0
24745,429.79,18053.6496,18083.4762,0
24746,429.79,18053.6496,18083.4762,0
24747,429.79,18053.6496,18083.4762,0
24748,429.79,18053.6496,18083.4762,0
24749,429.83,18053.6496,18083.4762,0
24753,429.83,18053.6496,18083.4762,0
24754,429.87,18053.6496,18083.4762,0
24755,429.87,18053.6496,18083.4762,0
24756,429.91,18053.6517,18083.4762,0
24757,429.94,18053.6517,18083.4762,0
24758,429.94,18053.6517,18083.4762,0
24761,429.95,18053.6517,18083.4762,0
24762,430.00,18053.6496,18083.4762,0
24763,430.00,18053.6496,18083.4762,0
24764,430.04,18053.6496,18083.4762,0
24765,430.04,18053.6496,18083.4762,0
24766,430.08,18053.6517,18083.4762,0
24767,430.08,18053.6517,18083.4762,0
24768,430.08,18053.6517,18083.4762,0
24769,430.12,18053.6517,18083.4762,0
24770,430.12,18053.6517,18083.4762,0
24774,430.12,18053.6517,18083.4762,0
24775,430.12,18053.6517,18083.4762,0
24776,430.12,18053.6517,18083.4762,0
24777,430.16,18053.6517,18083.4762,0
24778,430.16,18053.6517,18083.4762,0
24781,430.16,18053.6517,18083.4762,0
24782,430.16,18053.6517,18083.4762,0
24783,430.16,18053.6517,18083.4762,0
24785,430.20,18053.6496,18083.4762,0
24786,430.23,18053.6496,18083.4762,0
24787,430.31,18053.6517,18083.4762,0
24788,430.35,18053.6517,18083.4762,0
24789,430.35,18053.6517,18083.4762,0
24791,430.36,18053.6517,18083.4762,0
24793,430.39,18053.6517,18083.4762,0
24794,430.39,18053.6517,18083.4762,0
24795,430.39,18053.6517,18083.4762,0
24796,430.43,18053.6496,18083.4762,0
24797,430.44,18053.6496,18083.4762,0
24798,430.47,18053.6496,18083.4762,0
24799,430.47,18053.6496,18083.4762,0
24800,430.47,18053.6496,18083.4762,0
24802,430.51,18053.6496,18083.4762,0
24803,430.51,18053.6496,18083.4762,0
24804,430.51,18053.6496,18083.4762,0
24805,430.51,18053.6496,18083.4762,0
24807,430.55,18053.6517,18083.4762,0
24808,430.59,18053.6517,18083.4762,0
24809,430.62,18053.6517,18083.4762,0
24811,430.63,18053.6517,18083.4762,0
24813,430.63,18053.6517,18083.4762,0
24814,430.63,18053.6517,18083.4762,0
24815,430.63,18053.6517,18083.4762,0
24816,430.63,18053.6517,18083.4762,0
24818,430.63,18053.6517,18083.4762,0
24819,430.63,18053.6517,18083.4762,0
24822,430.63,18053.6517,18083.4762,0
24827,430.63,18053.6517,18083.4762,0
24828,430.68,18053.6496,18083.4762,0
24829,430.71,18053.6496,18083.4762,0
24830,430.78,18053.6517,18083.4762,0
24833,430.82,18053.6517,18083.4762,0
24834,430.83,18053.6517,18083.4762,0
24835,430.83,18053.6517,18083.4762,0
24836,430.86,18053.6517,18083.4762,0
24837,430.90,18053.6496,18083.4762,0
24838,430.94,18053.6496,18083.4762,0
24839,430.94,18053.6496,18083.4762,0
24840,430.94,18053.6496,18083.4762,0
24843,430.95,18053.6496,18083.4762,0
24845,430.98,18053.6496,18083.4762,0
24846,430.98,18053.6496,18083.4762,0
24847,430.98,18053.6496,18083.4762,0
24848,431.02,18053.6517,18083.4762,0
24849,431.03,18053.6517,18083.4762,0
24850,431.03,18053.6517,18083.4762,0
24852,431.03,18053.6517,18083.4762,0
24853,431.07,18053.6517,18083.4762,0
24856,431.10,18053.6517,18083.4762,0
24857,431.10,18053.6517,18083.4762,0
24860,431.10,18053.6517,18083.4762,0
24861,431.10,18053.6517,18083.4762,0
24862,431.10,18053.6517,18083.4762,0
24864,431.10,18053.6517,18083.4762,0
24865,431.10,18053.6517,18083.4762,0
24867,431.10,18053.6517,18083.4762,0
24868,431.10,18053.6517,18083.4762,0
24869,431.10,18053.6517,18083.4762,0
24871,431.10,18053.6517,18083.4762,0
24872,431.10,18053.6517,18083.4762,0
24875,431.14,18053.6496,18083.4762,0
24876,431.15,18053.6496,18083.4762,0
24877,431.15,18053.6496,18083.4762,0
24878,431.18,18053.6496,18083.4762,0
24880,431.23,18053.6517,18083.4762,0
24881,431.23,18053.6517,18083.4762,0
24883,431.27,18053.6517,18083.4762,0
24884,431.27,18053.6517,18083.4762,0
24885,431.31,18053.6517,18083.4762,0
24886,431.31,18053.6517,18083.4762,0
24887,431.31,18053.6517,18083.4762,0
24888,431.31,18053.6517,18083.4762,0
24889,431.31,18053.6517,18083.4762,0
24890,431.31,18053.6517,18083.4762,0
24891,431.35,18053.6496,18083.4762,0
24892,431.38,18053.6496,18083.4762,0
24896,431.46,18053.6517,18083.4762,0
24897,431.54,18053.6496,18083.4762,0
24899,431.58,18053.6496,18083.4762,0
24900,431.58,18053.6496,18083.4762,0
24903,431.58,18053.6496,18083.4762,0
24904,431.58,18053.6496,18083.4762,0
24905,431.58,18053.6496,18083.4762,0
24906,431.58,18053.6496,18083.4762,0
24907,431.58,18053.6496,18083.4762,0
24908,431.58,18053.6496,18083.4762,0
24910,431.63,18053.6517,18083.4762,0
24911,431.63,18053.6517,18083.4762,0
24912,431.66,18053.6517,18083.4762,0
24913,431.66,18053.6517,18083.4762,0
24914,431.70,18053.6517,18083.4762,0
24915,431.70,18053.6517,18083.4762,0
24916,431.70,18053.6517,18083.4762,0
24918,431.70,18053.6517,18083.4762,0
24920,431.70,18053.6517,18083.4762,0
24921,431.70,18053.6517,18083.4762,0
24922,431.70,18053.6517,18083.4762,0
24924,431.75,18053.6496,18083.4762,0
24925,431.82,18053.6517,18083.4762,0
24926,431.83,18053.6517,18083.4762,0
24928,431.83,18053.6517,18083.4762,0
24929,431.87,18053.6517,18083.4762,0
24930,431.87,18053.6517,18083.4762,0
24931,431.90,18053.6517,18083.4762,0
24932,431.94,18053.6496,18083.4762,0
24933,431.98,18053.6496,18083.4762,0
24935,431.98,18053.6496,18083.4762,0
24937,432.01,18053.6496,18083.4762,0
24938,432.02,18053.6496,18083.4762,0
24939,432.02,18053.6496,18083.4762,0
24940,432.06,18053.6517,18083.4762,0
24941,432.14,18053.6496,18083.4762,0
24942,432.22,18053.6517,18083.4762,0
24944,432.25,18053.6517,18083.4762,0
24945,432.29,18053.6517,18083.4762,0
24946,432.29,18053.6517,18083.4762,0
24947,432.29,18053.6517,18083.4762,0
24948,432.29,18053.6517,18083.4762,0
24952,432.29,18053.6517,18083.4762,0
24954,432.29,18053.6517,18083.4762,0
24955,432.35,18053.6496,18083.4762,0
24956,432.36,18053.6496,18083.4762,0
24957,432.36,18053.6496,18083.4762,0
24958,432.36,18053.6496,18083.4762,0
24959,432.36,18053.6496,18083.4762,0
24961,432.36,18053.6496,18083.4762,0
24962,432.47,18053.6517,18083.4762,0
24964,432.55,18053.6496,18083.4762,0
24965,432.63,18053.6517,18083.4762,0
24966,432.66,18053.6517,18083.4762,0
24968,432.70,18053.6517,18083.4762,0
24969,432.70,18053.6517,18083.4762,0
24970,432.74,18053.6496,18083.4762,0
24971,432.82,18053.6517,18083.4762,0
24973,432.83,18053.6517,18083.4762,0
24974,432.86,18053.6517,18083.4762,0
24975,432.94,18053.6496,18083.4762,0
24976,433.01,18053.6517,18083.4762,0
24977,433.05,18053.6517,18083.4762,0
24978,433.13,18053.6496,18083.4762,0
24979,433.20,18053.6517,18083.4762,0
24980,433.21,18053.6517,18083.4762,0
24982,433.25,18053.6517,18083.4762,0
24983,433.32,18053.6496,18083.4762,0
24984,433.36,18053.6496,18083.4762,0
24985,433.36,18053.6496,18083.4762,0
24986,433.39,18053.6496,18083.4762,0
24988,433.39,18053.6496,18083.4762,0
24990,433.39,18053.6496,18083.4762,0
24992,433.40,18053.6496,18083.4762,0
24993,433.40,18053.6496,18083.4762,0
24996,433.40,18053.6496,18083.4762,0
24997,433.44,18053.6517,18083.4762,0
24998,433.52,18053.6496,18083.4762,0
24999,433.52,18053.6496,18083.4762,0
25000,433.52,18053.6496,18083.4762,0
25002,433.60,18053.6517,18083.4762,0
25003,433.61,18053.6517,18083.4762,0
25004,433.61,18053.6517,18083.4762,0
25005,433.61,18053.6517,18083.4762,0
25006,433.64,18053.6517,18083.4762,0
25007,433.68,18053.6517,18083.4762,0
25008,433.68,18053.6517,18083.4762,0
25011,433.68,18053.6517,18083.4762,0
25012,433.68,18053.6517,18083.4762,0
25013,433.68,18053.6517,18083.4762,0
25015,433.68,18053.6517,18083.4762,0
25016,433.68,18053.6517,18083.4762,0
25017,433.68,18053.6517,18083.4762,0
25019,433.68,18053.6517,18083.4762,0
25020,433.68,18053.6517,18083.4762,0
25021,433.72,18053.6496,18083.4762,0
25022,433.80,18053.6517,18083.4762,0
25023,433.81,18053.6517,18083.4762,0
25025,433.89,18053.6496,18083.4762,0
25026,433.92,18053.6496,18083.4762,0
25028,433.97,18053.6517,18083.4762,0
25029,434.00,18053.6517,18083.4762,0
25030,434.01,18053.6517,18083.4762,0
25032,434.01,18053.6517,18083.4762,0
25033,434.04,18053.6517,18083.4762,0
25034,434.04,18053.6517,18083.4762,0
25035,434.04,18053.6517,18083.4762,0
25036,434.04,18053.6517,18083.4762,0
25037,434.04,18053.6517,18083.4762,0
25038,434.04,18053.6517,18083.4762,0
25040,434.04,18053.6517,18083.4762,0
25041,434.04,18053.6517,18083.4762,0
25042,434.04,18053.6517,18083.4762,0
25043,434.09,18053.6496,18083.4762,0
25044,434.12,18053.6496,18083.4762,0
25045,434.15,18053.6496,18083.4762,0
25046,434.16,18053.6496,18083.4762,0
25047,434.16,18053.6496,18083.4762,0
25048,434.16,18053.6496,18083.4762,0
25049,434.16,18053.6496,18083.4762,0
25050,434.20,18053.6517,18083.4762,0
25051,434.21,18053.6517,18083.4762,0
25052,434.24,18053.6517,18083.4762,0
25053,434.24,18053.6517,18083.4762,0
25054,434.24,18053.6517,18083.4762,0
25056,434.29,18053.6496,18083.4762,0
25059,434.33,18053.6496,18083.4762,0
25060,434.40,18053.6517,18083.4762,0
25063,434.44,18053.6517,18083.4762,0
25064,434.48,18053.6517,18083.4762,0
25065,434.48,18053.6517,18083.4762,0
25067,434.52,18053.6496,18083.4762,0
25069,434.56,18053.6496,18083.4762,0
25071,434.59,18053.6496,18083.4762,0
25074,434.59,18053.6496,18083.4762,0
25075,434.60,18053.6496,18083.4762,0
25076,434.64,18053.6517,18083.4762,0
25077,434.67,18053.6517,18083.4762,0
25078,434.71,18053.6517,18083.4762,0
25080,434.71,18053.6517,18083.4762,0
25081,434.75,18053.6496,18083.4762,0
25082,434.83,18053.6517,18083.4762,0
25083,434.87,18053.6517,18083.4762,0
25085,434.87,18053.6517,18083.4762,0
25086,434.87,18053.6517,18083.4762,0
25088,434.87,18053.6517,18083.4762,0
25089,434.95,18053.6496,18083.4762,0
25090,434.96,18053.6496,18083.4762,0
25091,434.99,18053.6496,18083.4762,0
25092,434.99,18053.6496,18083.4762,0
25093,435.07,18053.6517,18083.4762,0
25094,435.07,18053.6517,18083.4762,0
25095,435.07,18053.6517,18083.4762,0
25096,435.11,18053.6517,18083.4762,0
25097,435.11,18053.6517,18083.4762,0
25098,435.11,18053.6517,18083.4762,0
25100,435.19,18053.6496,18083.4762,0
25101,435.19,18053.6496,18083.4762,0
25103,435.20,18053.6496,18083.4762,0
25104,435.27,18053.6517,18083.4762,0
25105,435.28,18053.6517,18083.4762,0
25106,435.28,18053.6517,18083.4762,0
25108,435.28,18053.6517,18083.4762,0
25109,435.31,18053.6517,18083.4762,0
25110,435.31,18053.6517,18083.4762,0
25111,435.31,18053.6517,18083.4762,0
25114,435.35,18053.6517,18083.4762,0
25115,435.39,18053.6496,18083.4762,0
25116,435.40,18053.6496,18083.4762,0
25117,435.40,18053.6496,18083.4762,0
25118,435.40,18053.6496,18083.4762,0
25119,435.40,18053.6496,18083.4762,0
25120,435.43,18053.6496,18083.4762,0
25121,435.43,18053.6496,18083.4762,0
25123,435.43,18053.6496,18083.4762,0
25124,435.43,18053.6496,18083.4762,0
25125,435.43,18053.6496,18083.4762,0
25128,435.43,18053.6496,18083.4762,0
25129,435.48,18053.6517,18083.4762,0
25131,435.52,18053.6517,18083.4762,0
25132,435.52,18053.6517,18083.4762,0
25134,435.60,18053.6496,18083.4762,0
25135,435.63,18053.6496,18083.4762,0
25137,435.64,18053.6496,18083.4762,0
25138,435.64,18053.6496,18083.4762,0
25140,435.67,18053.6496,18083.4762,0
25141,435.67,18053.6496,18083.4762,0
25143,435.67,18053.6496,18083.4762,0
25144,435.67,18053.6496,18083.4762,0
25146,435.72,18053.6517,18083.4762,0
25148,435.75,18053.6517,18083.4762,0
25149,435.75,18053.6517,18083.4762,0
25150,435.79,18053.6517,18083.4762,0
25151,435.79,18053.6517,18083.4762,0
25152,435.79,18053.6517,18083.4762,0
25153,435.79,18053.6517,18083.4762,0
25154,435.79,18053.6517,18083.4762,0
25155,435.79,18053.6517,18083.4762,0
25156,435.79,18053.6517,18083.4762,0
25157,435.84,18053.6496,18083.4762,0
25158,435.84,18053.6496,18083.4762,0
25159,435.88,18053.6496,18083.4762,0
25161,435.88,18053.6496,18083.4762,0
25162,435.88,18053.6496,18083.4762,0
25163,435.92,18053.6517,18083.4762,0
25165,435.93,18053.6517,18083.4762,0
25169,435.97,18053.6517,18083.4762,0
25170,435.97,18053.6517,18083.4762,0
25171,436.04,18053.6496,18083.4762,0
25172,436.05,18053.6496,18083.4762,0
25173,436.05,18053.6496,18083.4762,0
25175,436.08,18053.6496,18083.4762,0
25177,436.18,18053.6517,18083.4762,0
25178,436.18,18053.6517,18083.4762,0
25179,436.18,18053.6517,18083.4762,0
25180,436.22,18053.6517,18083.4762,0
25182,436.22,18053.6517,18083.4762,0
25183,436.22,18053.6517,18083.4762,0
25184,436.22,18053.6517,18083.4762,0
25185,436.26,18053.6517,18083.4762,0
25186,436.30,18053.6496,18083.4762,0
25187,436.30,18053.6496,18083.4762,0
25188,436.34,18053.6496,18083.4762,0
25189,436.41,18053.6517,18083.4762,0
25191,436.42,18053.6517,18083.4762,0
25192,436.46,18053.6517,18083.4762,0
25193,436.46,18053.6517,18083.4762,0
25194,436.51,18053.6496,18083.4762,0
25195,436.51,18053.6496,18083.4762,0
25196,436.59,18053.6517,18083.4762,0
25198,436.63,18053.6517,18083.4762,0
25199,436.63,18053.6517,18083.4762,0
25200,436.71,18053.6496,18083.4762,0
25201,436.78,18053.6517,18083.4762,0
25202,436.82,18053.6517,18083.4762,0
25203,436.82,18053.6517,18083.4762,0
25204,436.82,18053.6517,18083.4762,0
25205,436.86,18053.6517,18083.4762,0
25206,436.86,18053.6517,18083.4762,0
25207,436.86,18053.6517,18083.4762,0
25208,436.90,18053.6496,18083.4762,0
25209,436.93,18053.6496,18083.4762,0
25210,436.98,18053.6517,18083.4762,0
25211,437.01,18053.6517,18083.4762,0
25212,437.01,18053.6517,18083.4762,0
25214,437.01,18053.6517,18083.4762,0
25215,437.01,18053.6517,18083.4762,0
25216,437.05,18053.6517,18083.4762,0
25217,437.05,18053.6517,18083.4762,0
25218,437.10,18053.6496,18083.4762,0
25219,437.10,18053.6496,18083.4762,0
25221,437.18,18053.6517,18083.4762,0
25222,437.22,18053.6517,18083.4762,0
25223,437.25,18053.6517,18083.4762,0
25225,437.26,18053.6517,18083.4762,0
25226,437.26,18053.6517,18083.4762,0
25228,437.26,18053.6517,18083.4762,0
25229,437.26,18053.6517,18083.4762,0
25230,437.26,18053.6517,18083.4762,0
25232,437.26,18053.6517,18083.4762,0
25233,437.30,18053.6496,18083.4762,0
25234,437.34,18053.6496,18083.4762,0
25235,437.34,18053.6496,18083.4762,0
25236,437.37,18053.6496,18083.4762,0
25237,437.37,18053.6496,18083.4762,0
25238,437.42,18053.6517,18083.4762,0
25239,437.42,18053.6517,18083.4762,0
25240,437.45,18053.6517,18083.4762,0
25241,437.46,18053.6517,18083.4762,0
25243,437.46,18053.6517,18083.4762,0
25244,437.46,18053.6517,18083.4762,0
25245,437.46,18053.6517,18083.4762,0
25246,437.46,18053.6517,18083.4762,0
25249,437.46,18053.6517,18083.4762,0
25251,437.49,18053.6517,18083.4762,0
25252,437.49,18053.6517,18083.4762,0
25253,437.49,18053.6517,18083.4762,0
25255,437.49,18053.6517,18083.4762,0
25256,437.49,18053.6517,18083.4762,0
25257,437.49,18053.6517,18083.4762,0
25259,437.54,18053.6496,18083.4762,0
25260,437.57,18053.6496,18083.4762,0
25261,437.60,18053.6496,18083.4762,0
25262,437.61,18053.6496,18083.4762,0
25264,437.61,18053.6496,18083.4762,0
25265,437.61,18053.6496,18083.4762,0
25266,437.61,18053.6496,18083.4762,0
25268,437.61,18053.6496,18083.4762,0
25269,437.61,18053.6496,18083.4762,0
25270,437.66,18053.6517,18083.4762,0
25271,437.69,18053.6517,18083.4762,0
25272,437.69,18053.6517,18083.4762,0
25273,437.72,18053.6517,18083.4762,0
25274,437.73,18053.6517,18083.4762,0
25275,437.73,18053.6517,18083.4762,0
25276,437.77,18053.6496,18083.4762,0
25277,437.78,18053.6496,18083.4762,0
25278,437.81,18053.6496,18083.4762,0
25279,437.81,18053.6496,18083.4762,0
25280,437.85,18053.6496,18083.4762,0
25282,437.85,18053.6496,18083.4762,0
25284,437.85,18053.6496,18083.4762,0
25285,437.85,18053.6496,18083.4762,0
25286,437.85,18053.6496,18083.4762,0
25288,437.85,18053.6496,18083.4762,0
25289,437.85,18053.6496,18083.4762,0
25290,437.85,18053.6496,18083.4762,0
25293,437.89,18053.6517,18083.4762,0
25294,437.93,18053.6517,18083.4762,0
25295,438.00,18053.6496,18083.4762,0
25297,438.04,18053.6496,18083.4762,0
25298,438.07,18053.6496,18083.4762,0
25299,438.08,18053.6496,18083.4762,0
25300,438.08,18053.6496,18083.4762,0
25301,438.08,18053.6496,18083.4762,0
25303,438.08,18053.6496,18083.4762,0
25304,438.12,18053.6517,18083.4762,0
25305,438.16,18053.6517,18083.4762,0
25306,438.16,18053.6517,18083.4762,0
25307,438.16,18053.6517,18083.4762,0
25308,438.24,18053.6496,18083.4762,0
25309,438.27,18053.6496,18083.4762,0
25310,438.27,18053.6496,18083.4762,0
25313,438.31,18053.6496,18083.4762,0
25315,438.35,18053.6517,18083.4762,0
25316,438.38,18053.6517,18083.4762,0
25318,438.42,18053.6517,18083.4762,0
25319,438.42,18053.6517,18083.4762,0
25320,438.46,18053.6496,18083.4762,0
25322,438.50,18053.6496,18083.4762,0
25323,438.51,18053.6496,18083.4762,0
25324,438.51,18053.6496,18083.4762,0
25325,438.51,18053.6496,18083.4762,0
25326,438.54,18053.6496,18083.4762,0
25327,438.54,18053.6496,18083.4762,0
25328,438.54,18053.6496,18083.4762,0
25329,438.54,18053.6496,18083.4762,0
25330,438.54,18053.6496,18083.4762,0
25332,438.58,18053.6517,18083.4762,0
25333,438.62,18053.6517,18083.4762,0
25334,438.62,18053.6517,18083.4762,0
25335,438.62,18053.6517,18083.4762,0
25336,438.66,18053.6517,18083.4762,0
25337,438.66,18053.6517,18083.4762,0
25338,438.66,18053.6517,18083.4762,0
25339,438.66,18053.6517,18083.4762,0
25340,438.70,18053.6496,18083.4762,0
25341,438.78,18053.6517,18083.4762,0
25342,438.78,18053.6517,18083.4762,0
25343,438.82,18053.6517,18083.4762,0
25344,438.82,18053.6517,18083.4762,0
25345,438.85,18053.6517,18083.4762,0
25347,438.85,18053.6517,18083.4762,0
25348,438.85,18053.6517,18083.4762,0
25351,438.85,18053.6517,18083.4762,0
25352,438.90,18053.6496,18083.4762,0
25353,438.98,18053.6517,18083.4762,0
25354,438.98,18053.6517,18083.4762,0
25355,439.01,18053.6517,18083.4762,0
25356,439.01,18053.6517,18083.4762,0
25357,439.01,18053.6517,18083.4762,0
25363,439.06,18053.6496,18083.4762,0
25365,439.07,18053.6496,18083.4762,0
25366,439.10,18053.6496,18083.4762,0
25367,439.14,18053.6496,18083.4762,0
25368,439.18,18053.6517,18083.4762,0
