iter,wall_s,f_curr,f_best,kick
1,15.79,6290.6587,6290.6587,0
2,15.80,6709.9428,6709.9428,0
3,15.80,6709.9428,6709.9428,0
4,15.81,6709.9428,6709.9428,0
5,15.82,6981.9234,6981.9234,0
6,15.82,6982.5224,6982.5224,0
7,15.82,6982.5224,6982.5224,0
8,15.83,6982.5224,6982.5224,0
9,15.83,6982.5224,6982.5224,0
10,15.84,6985.2522,6985.2522,0
11,15.84,6985.2522,6985.2522,0
12,15.85,6985.2522,6985.2522,0
13,15.85,6985.2522,6985.2522,0
14,15.86,6985.2522,6985.2522,0
15,15.87,7105.4373,7105.4373,0
16,15.88,7105.4373,7105.4373,0
17,15.89,7105.4373,7105.4373,0
18,15.89,7105.4373,7105.4373,0
19,15.90,7105.4373,7105.4373,0
20,15.91,7105.4373,7105.4373,0
21,15.91,7130.4608,7130.4608,0
22,15.92,7150.1718,7150.1718,0
23,15.92,7155.5754,7155.5754,0
24,15.93,7155.5754,7155.5754,0
25,15.94,7231.4622,7231.4622,0
26,15.94,7231.4622,7231.4622,0
27,15.95,7231.4622,7231.4622,0
28,15.96,7289.4920,7289.4920,0
29,15.96,7426.6569,7426.6569,0
30,15.97,7465.1619,7465.1619,0
31,15.98,7465.1619,7465.1619,0
32,15.98,7465.1619,7465.1619,0
33,15.99,7629.6557,7629.6557,0
34,16.00,7672.5876,7672.5876,0
35,16.01,7672.5876,7672.5876,0
36,16.02,7672.5876,7672.5876,0
37,16.02,7703.8351,7703.8351,0
38,16.03,7747.3568,7747.3568,0
39,16.04,7764.8973,7764.8973,0
40,16.05,7786.9402,7786.9402,0
41,16.05,7804.4797,7804.4797,0
42,16.06,7819.6194,7819.6194,0
43,16.07,7819.6194,7819.6194,0
44,16.08,7819.6194,7819.6194,0
45,16.08,8055.7063,8055.7063,0
46,16.09,8055.7063,8055.7063,0
47,16.10,8055.7063,8055.7063,0
48,16.11,8055.7063,8055.7063,0
49,16.11,8055.7063,8055.7063,0
50,16.12,8079.4233,8079.4233,0
51,16.13,8079.4233,8079.4233,0
52,16.14,8193.9053,8193.9053,0
53,16.15,8298.5729,8298.5729,0
54,16.16,8298.5729,8298.5729,0
55,16.17,8298.5729,8298.5729,0
56,16.18,8362.2424,8362.2424,0
59,16.19,8520.0183,8520.0183,0
60,16.19,8520.0183,8520.0183,0
61,16.20,8520.0183,8520.0183,0
62,16.22,8527.6903,8527.6903,0
65,16.29,8527.6903,8527.6903,0
66,16.32,8590.6738,8590.6738,0
68,16.36,8590.6738,8590.6738,0
69,16.37,8590.6738,8590.6738,0
71,16.42,8617.2460,8617.2460,0
73,16.52,8617.2460,8617.2460,0
74,16.53,8788.7185,8788.7185,0
81,16.60,8788.7185,8788.7185,0
82,16.66,9042.2076,9042.2076,0
83,16.71,9042.2076,9042.2076,0
84,16.75,9042.2076,9042.2076,0
85,16.79,9042.2076,9042.2076,0
86,16.80,9045.2808,9045.2808,0
87,16.82,9045.2808,9045.2808,0
88,16.83,9055.3247,9055.3247,0
89,16.84,9055.3247,9055.3247,0
90,16.85,9069.0874,9069.0874,0
91,16.86,9078.1854,9078.1854,0
92,16.87,9090.2009,9090.2009,0
93,16.88,9229.3301,9229.3301,0
94,16.89,9356.7908,9356.7908,0
95,16.90,9356.7908,9356.7908,0
96,16.91,9356.7908,9356.7908,0
97,16.94,9356.7908,9356.7908,0
98,16.98,9356.7908,9356.7908,0
99,16.99,9360.9423,9360.9423,0
100,17.00,9360.9423,9360.9423,0
101,17.00,9360.9423,9360.9423,0
102,17.01,9360.9423,9360.9423,0
103,17.02,9400.3122,9400.3122,0
104,17.08,9400.3122,9400.3122,0
105,17.09,9400.3122,9400.3122,0
106,17.10,9427.7141,9427.7141,0
107,17.11,9594.4439,9594.4439,0
108,17.13,9668.8068,9668.8068,0
109,17.14,9668.8068,9668.8068,0
110,17.15,9708.8357,9708.8357,0
111,17.17,9740.9100,9740.9100,0
113,17.22,9806.7464,9806.7464,0
114,17.23,9843.7060,9843.7060,0
115,17.24,10038.1057,10038.1057,0
116,17.26,10038.1057,10038.1057,0
117,17.27,10057.7141,10057.7141,0
118,17.29,10057.7141,10057.7141,0
119,17.32,10124.1712,10124.1712,0
120,17.33,10124.1712,10124.1712,0
121,17.35,10124.1712,10124.1712,0
124,17.42,10303.9767,10303.9767,0
125,17.44,10303.9767,10303.9767,0
126,17.45,10312.5678,10312.5678,0
128,17.47,10312.5678,10312.5678,0
131,17.48,10312.5678,10312.5678,0
132,17.50,10312.5678,10312.5678,0
133,17.52,10316.5620,10316.5620,0
134,17.54,10434.2136,10434.2136,0
135,17.58,10434.2136,10434.2136,0
140,17.64,10516.6948,10516.6948,0
141,17.66,10516.6948,10516.6948,0
142,17.67,10516.6948,10516.6948,0
143,17.70,10523.4135,10523.4135,0
144,17.74,10523.4135,10523.4135,0
146,17.75,10523.4135,10523.4135,0
147,17.78,10779.4865,10779.4865,0
148,17.80,11034.5085,11034.5085,0
151,17.88,11034.5085,11034.5085,0
154,17.90,11034.5085,11034.5085,0
155,17.94,11034.5085,11034.5085,0
160,18.03,11107.7238,11107.7238,0
161,18.06,11107.7238,11107.7238,0
166,18.19,11130.2797,11130.2797,0
167,18.20,11149.7681,11149.7681,0
169,18.25,11149.7681,11149.7681,0
170,18.31,11250.3360,11250.3360,0
172,18.39,11250.3360,11250.3360,0
173,18.44,11250.3360,11250.3360,0
174,18.45,11250.3360,11250.3360,0
175,18.47,11271.1710,11271.1710,0
177,18.50,11292.6904,11292.6904,0
178,18.53,11405.9217,11405.9217,0
179,18.56,11405.9217,11405.9217,0
180,18.59,11473.6244,11473.6244,0
182,18.67,11473.6244,11473.6244,0
185,18.69,11473.6244,11473.6244,0
186,18.70,11473.6244,11473.6244,0
187,18.71,11473.6244,11473.6244,0
188,18.73,11562.3053,11562.3053,0
193,18.87,11562.5240,11562.5240,0
197,18.90,11562.5240,11562.5240,0
198,18.91,11562.5240,11562.5240,0
202,18.97,11562.5240,11562.5240,0
204,18.98,11646.7141,11646.7141,0
206,19.02,11677.8227,11677.8227,0
209,19.10,11756.4997,11756.4997,0
211,19.12,11771.5893,11771.5893,0
212,19.14,11771.5893,11771.5893,0
216,19.19,11780.3615,11780.3615,0
217,19.20,11796.1027,11796.1027,0
218,19.22,11796.1027,11796.1027,0
219,19.26,11970.0610,11970.0610,0
220,19.27,11970.0610,11970.0610,0
221,19.33,11970.0610,11970.0610,0
222,19.34,11970.0610,11970.0610,0
223,19.36,11970.0610,11970.0610,0
225,19.39,11970.0610,11970.0610,0
231,19.48,12019.7609,12019.7609,0
243,19.77,12224.4454,12224.4454,0
247,19.84,12225.4749,12225.4749,0
249,19.89,12292.3663,12292.3663,0
250,19.93,12292.3663,12292.3663,0
255,20.07,12292.3663,12292.3663,0
259,20.12,12302.4820,12302.4820,0
260,20.16,12302.4820,12302.4820,0
268,20.25,12302.4820,12302.4820,0
273,20.40,12302.4820,12302.4820,0
281,20.42,12302.4820,12302.4820,0
289,20.46,12302.4820,12302.4820,0
296,20.53,12302.4820,12302.4820,0
304,20.64,12369.2678,12369.2678,0
305,20.66,12382.5136,12382.5136,0
308,20.70,12625.5782,12625.5782,0
311,20.76,12629.5911,12629.5911,0
313,20.76,12629.5911,12629.5911,0
314,20.78,12671.8963,12671.8963,0
316,20.83,12769.6061,12769.6061,0
320,20.88,12769.6061,12769.6061,0
321,20.94,12769.6061,12769.6061,0
327,21.01,12787.9801,12787.9801,0
330,21.12,12787.9801,12787.9801,0
332,21.22,12787.9801,12787.9801,0
335,21.29,12791.2870,12791.2870,0
338,21.35,12791.2870,12791.2870,0
339,21.37,12791.2870,12791.2870,0
340,21.38,12901.8348,12901.8348,0
344,21.46,13041.9789,13041.9789,0
345,21.50,13041.9789,13041.9789,0
350,21.59,13190.7158,13190.7158,0
351,21.61,13190.7158,13190.7158,0
355,21.69,13379.1320,13379.1320,0
360,21.80,13379.1320,13379.1320,0
363,21.84,13379.1320,13379.1320,0
364,21.88,13379.1320,13379.1320,0
367,21.94,13383.0614,13383.0614,0
394,22.53,13383.0614,13383.0614,0
396,22.57,13383.0614,13383.0614,0
398,22.62,13383.0614,13383.0614,0
415,22.79,13383.0614,13383.0614,0
419,22.83,13383.0614,13383.0614,0
426,22.88,13383.0614,13383.0614,0
457,23.02,13383.0614,13383.0614,0
458,23.04,13384.7429,13384.7429,0
460,23.10,13457.9167,13457.9167,0
465,23.20,13457.9167,13457.9167,0
470,23.23,13457.9167,13457.9167,0
474,23.30,13457.9167,13457.9167,0
497,23.62,13457.9167,13457.9167,0
501,23.69,13457.9167,13457.9167,0
502,23.73,13457.9167,13457.9167,0
507,23.79,13457.9167,13457.9167,0
514,23.87,13457.9167,13457.9167,0
530,23.97,13457.9167,13457.9167,0
534,24.02,13457.9167,13457.9167,0
537,24.03,13457.9167,13457.9167,0
540,24.08,13473.1306,13473.1306,0
541,24.10,13473.1306,13473.1306,0
544,24.17,13473.1306,13473.1306,0
549,24.34,13474.0487,13474.0487,0
551,24.36,13511.3330,13511.3330,0
553,24.45,13527.6410,13527.6410,0
555,24.49,13552.5149,13552.5149,0
568,24.68,13552.5149,13552.5149,0
571,24.73,13552.5149,13552.5149,0
578,24.83,13609.3174,13609.3174,0
587,24.94,13609.3174,13609.3174,0
592,25.02,13609.3174,13609.3174,0
599,25.16,13612.6932,13612.6932,0
602,25.25,13612.6932,13612.6932,0
604,25.27,13612.6932,13612.6932,0
605,25.31,13612.6932,13612.6932,0
606,25.35,13612.6932,13612.6932,0
608,25.42,13612.6932,13612.6932,0
609,25.42,13612.6932,13612.6932,0
612,25.48,13719.8546,13719.8546,0
619,25.63,13719.8546,13719.8546,0
620,25.66,13719.8546,13719.8546,0
621,25.72,13719.8546,13719.8546,0
624,25.79,13719.8546,13719.8546,0
625,25.81,13719.8546,13719.8546,0
626,25.85,13742.3464,13742.3464,0
632,25.96,13742.3464,13742.3464,0
634,25.98,13742.3464,13742.3464,0
642,26.13,13742.3464,13742.3464,0
650,26.24,13742.3464,13742.3464,0
653,26.29,13742.3464,13742.3464,0
655,26.33,13742.3464,13742.3464,0
660,26.41,13742.3464,13742.3464,0
663,26.44,13742.3464,13742.3464,0
674,26.45,13742.3464,13742.3464,0
682,26.52,13742.3464,13742.3464,0
687,26.53,13742.3464,13742.3464,0
690,26.56,13742.3464,13742.3464,0
693,26.56,13742.3464,13742.3464,0
699,26.59,13742.3464,13742.3464,0
706,26.65,13742.3464,13742.3464,0
707,26.65,13742.3464,13742.3464,0
712,26.66,13742.3464,13742.3464,0
721,26.69,13742.3464,13742.3464,0
727,26.70,13742.3464,13742.3464,1
732,26.81,13547.9461,13742.3464,0
734,26.88,13547.9461,13742.3464,0
750,27.11,13547.9461,13742.3464,0
755,27.23,13548.6690,13742.3464,0
756,27.25,13548.6690,13742.3464,0
757,27.25,13548.6690,13742.3464,0
761,27.38,13548.6690,13742.3464,0
762,27.42,13548.6690,13742.3464,0
766,27.52,13569.2114,13742.3464,0
767,27.57,13569.2114,13742.3464,0
773,27.67,13569.2114,13742.3464,0
781,27.78,13569.2114,13742.3464,0
785,27.83,13569.2114,13742.3464,0
786,27.83,13569.2114,13742.3464,0
788,27.83,13569.2114,13742.3464,0
789,27.86,13569.2114,13742.3464,0
791,27.87,13569.2114,13742.3464,0
793,27.90,13569.2114,13742.3464,0
795,27.91,13569.2114,13742.3464,0
796,27.92,13569.2114,13742.3464,0
798,27.96,13569.2114,13742.3464,0
801,27.99,13569.2114,13742.3464,0
805,28.10,13763.6114,13763.6114,0
806,28.12,13763.6114,13763.6114,0
808,28.15,13763.6114,13763.6114,0
816,28.33,13763.6114,13763.6114,0
820,28.45,13763.6114,13763.6114,0
822,28.45,13763.6114,13763.6114,0
834,28.53,13763.6114,13763.6114,0
835,28.53,13763.6114,13763.6114,0
837,28.58,13763.6114,13763.6114,0
838,28.58,13763.6114,13763.6114,0
844,28.61,13822.4667,13822.4667,0
848,28.75,13822.4667,13822.4667,0
853,28.83,13822.4667,13822.4667,0
857,28.87,13822.4667,13822.4667,0
862,28.93,13822.4667,13822.4667,0
897,29.34,13822.4667,13822.4667,0
909,29.52,13822.4667,13822.4667,0
916,29.59,13822.4667,13822.4667,0
923,29.68,13822.4667,13822.4667,0
929,29.74,13822.4667,13822.4667,0
933,29.74,13822.4667,13822.4667,0
941,29.76,13822.4667,13822.4667,0
943,29.76,13822.4667,13822.4667,0
945,29.76,13822.4667,13822.4667,1
947,29.85,13623.3245,13822.4667,0
948,29.88,13627.8072,13822.4667,0
955,30.08,13627.8072,13822.4667,0
970,30.22,13627.8072,13822.4667,0
975,30.31,13627.8072,13822.4667,0
981,30.45,13627.8072,13822.4667,0
985,30.48,13649.5192,13822.4667,0
992,30.69,13655.5194,13822.4667,0
997,30.81,13655.5194,13822.4667,0
1001,30.94,13655.5194,13822.4667,0
1002,31.00,13754.1248,13822.4667,0
1011,31.25,13754.1248,13822.4667,0
1013,31.28,13754.1248,13822.4667,0
1025,31.50,13754.1248,13822.4667,0
1034,31.57,13754.1248,13822.4667,0
1045,31.61,13754.1248,13822.4667,0
1068,31.70,13754.1248,13822.4667,0
1070,31.72,13754.1248,13822.4667,0
1084,31.81,13754.1248,13822.4667,0
1086,31.81,13754.1248,13822.4667,0
1099,31.97,13754.1248,13822.4667,0
1100,31.97,13754.1248,13822.4667,0
1103,31.97,13754.1248,13822.4667,1
1106,32.07,13440.8983,13822.4667,0
1107,32.10,13440.8983,13822.4667,0
1108,32.12,13440.8983,13822.4667,0
1110,32.13,13440.8983,13822.4667,0
1112,32.18,13440.8983,13822.4667,0
1113,32.21,13440.8983,13822.4667,0
1114,32.23,13440.8983,13822.4667,0
1116,32.31,13619.4367,13822.4667,0
1121,32.45,13619.4367,13822.4667,0
1122,32.47,13619.4367,13822.4667,0
1124,32.50,13619.4367,13822.4667,0
1128,32.58,13619.4367,13822.4667,0
1129,32.63,13619.4367,13822.4667,0
1133,32.69,13619.4367,13822.4667,0
1135,32.74,13757.1961,13822.4667,0
1136,32.77,13757.1961,13822.4667,0
1139,32.88,13757.1961,13822.4667,0
1140,32.90,13757.1961,13822.4667,0
1141,32.92,13757.1961,13822.4667,0
1143,33.05,13757.1961,13822.4667,0
1151,33.23,13794.0019,13822.4667,0
1153,33.25,13794.0019,13822.4667,0
1154,33.29,13794.0019,13822.4667,0
1156,33.32,13794.0019,13822.4667,0
1158,33.36,13794.0019,13822.4667,0
1159,33.40,13794.0019,13822.4667,0
1160,33.40,13794.0019,13822.4667,0
1161,33.43,13794.0019,13822.4667,0
1162,33.45,13938.0422,13938.0422,0
1163,33.47,13938.0422,13938.0422,0
1165,33.52,13938.0422,13938.0422,0
1167,33.60,13938.0422,13938.0422,0
1168,33.63,13943.5937,13943.5937,0
1177,33.85,13943.5937,13943.5937,0
1180,33.91,13943.5937,13943.5937,0
1181,33.94,13944.6746,13944.6746,0
1184,33.96,13944.6746,13944.6746,0
1187,34.04,14009.8491,14009.8491,0
1188,34.07,14009.8491,14009.8491,0
1191,34.19,14009.8491,14009.8491,0
1195,34.29,14071.1254,14071.1254,0
1198,34.36,14071.1254,14071.1254,0
1205,34.57,14071.1254,14071.1254,0
1207,34.61,14071.1254,14071.1254,0
1211,34.69,14071.1254,14071.1254,0
1212,34.72,14071.1254,14071.1254,0
1230,34.86,14071.1254,14071.1254,0
1231,34.86,14071.1254,14071.1254,0
1233,34.93,14071.1254,14071.1254,0
1234,34.95,14071.1254,14071.1254,0
1254,35.08,14071.1254,14071.1254,0
1257,35.09,14071.1254,14071.1254,0
1258,35.09,14071.1254,14071.1254,0
1262,35.15,14071.1254,14071.1254,0
1266,35.17,14071.1254,14071.1254,0
1267,35.17,14071.1254,14071.1254,0
1275,35.21,14071.1254,14071.1254,0
1279,35.22,14071.1254,14071.1254,0
1293,35.25,14071.1254,14071.1254,0
1294,35.25,14071.1254,14071.1254,0
1296,35.25,14071.1254,14071.1254,1
1299,35.32,13802.4733,14071.1254,0
1301,35.37,13802.4733,14071.1254,0
1303,35.40,13802.4733,14071.1254,0
1306,35.50,13802.4733,14071.1254,0
1307,35.50,13802.4733,14071.1254,0
1308,35.52,13802.4733,14071.1254,0
1309,35.52,13802.4733,14071.1254,0
1312,35.52,13802.4733,14071.1254,0
1314,35.56,14071.1254,14071.1254,0
1315,35.57,14071.1254,14071.1254,0
1318,35.57,14071.1254,14071.1254,0
1323,35.59,14071.1254,14071.1254,0
1329,35.60,14071.1254,14071.1254,0
1330,35.60,14071.1254,14071.1254,0
1338,35.61,14071.1254,14071.1254,0
1340,35.61,14071.1254,14071.1254,0
1346,35.65,14071.1254,14071.1254,0
1357,35.70,14071.1254,14071.1254,0
1359,35.70,14071.1254,14071.1254,0
1360,35.72,14071.1254,14071.1254,0
1361,35.72,14071.1254,14071.1254,0
1362,35.76,14071.1254,14071.1254,0
1372,35.77,14071.1254,14071.1254,0
1376,35.81,14071.1254,14071.1254,0
1378,35.84,14071.1254,14071.1254,0
1379,35.84,14071.1254,14071.1254,0
1380,35.84,14071.1254,14071.1254,0
1381,35.84,14071.1254,14071.1254,0
1385,35.85,14071.1254,14071.1254,0
1389,35.86,14071.1254,14071.1254,0
1392,35.87,14071.1254,14071.1254,0
1393,35.87,14071.1254,14071.1254,0
1408,35.89,14071.1254,14071.1254,0
1410,35.89,14071.1254,14071.1254,0
1411,35.91,14071.1254,14071.1254,0
1415,35.91,14071.1254,14071.1254,1
1416,36.00,13733.9879,14071.1254,0
1417,36.05,13733.9879,14071.1254,0
1418,36.07,13733.9879,14071.1254,0
1421,36.14,13733.9879,14071.1254,0
1422,36.16,13733.9879,14071.1254,0
1425,36.22,13733.9879,14071.1254,0
1426,36.29,13857.4657,14071.1254,0
1428,36.32,13857.4657,14071.1254,0
1431,36.46,13863.8300,14071.1254,0
1433,36.54,14071.1209,14071.1254,0
1434,36.58,14071.1209,14071.1254,0
1439,36.63,14071.1209,14071.1254,0
1443,36.71,14169.1700,14169.1700,0
1444,36.76,14171.2359,14171.2359,0
1447,36.91,14171.2359,14171.2359,0
1453,36.98,14171.2359,14171.2359,0
1466,37.17,14171.2359,14171.2359,0
1469,37.28,14171.2359,14171.2359,0
1494,37.44,14171.2359,14171.2359,0
1503,37.47,14171.2359,14171.2359,0
1505,37.51,14171.2359,14171.2359,0
1523,37.65,14171.2359,14171.2359,0
1527,37.68,14171.2359,14171.2359,0
1545,37.75,14171.2359,14171.2359,1
1546,37.81,14171.2359,14171.2359,0
1549,37.85,14171.2359,14171.2359,0
1552,37.95,14171.2359,14171.2359,0
1568,37.97,14171.2359,14171.2359,0
1569,37.97,14171.2359,14171.2359,0
1573,37.98,14171.2359,14171.2359,0
1580,38.00,14171.2359,14171.2359,0
1581,38.00,14171.2359,14171.2359,0
1590,38.04,14171.2359,14171.2359,0
1592,38.04,14171.2359,14171.2359,0
1594,38.04,14171.2359,14171.2359,0
1601,38.08,14171.2359,14171.2359,0
1607,38.10,14171.2359,14171.2359,0
1616,38.11,14171.2359,14171.2359,0
1622,38.12,14171.2359,14171.2359,0
1632,38.15,14171.2359,14171.2359,0
1639,38.18,14171.2359,14171.2359,0
1647,38.20,14171.2359,14171.2359,1
1656,38.46,13872.8395,14171.2359,0
1661,38.55,13979.0765,14171.2359,0
1664,38.64,13981.2342,14171.2359,0
1666,38.70,13981.2342,14171.2359,0
1670,38.89,14227.3213,14227.3213,0
1671,38.93,14227.3213,14227.3213,0
1672,38.95,14227.3213,14227.3213,0
1675,38.97,14227.3213,14227.3213,0
1678,39.00,14227.3213,14227.3213,0
1687,39.24,14227.3213,14227.3213,0
1696,39.37,14227.3213,14227.3213,0
1709,39.45,14227.3213,14227.3213,0
1749,39.75,14227.3213,14227.3213,0
1750,39.75,14227.3213,14227.3213,0
1753,39.76,14227.3213,14227.3213,0
1755,39.76,14227.3213,14227.3213,0
1771,39.83,14227.3213,14227.3213,1
1779,39.94,14227.3213,14227.3213,0
1783,39.95,14227.3213,14227.3213,0
1807,40.06,14227.3213,14227.3213,0
1817,40.14,14227.3213,14227.3213,0
1836,40.23,14227.3213,14227.3213,0
1862,40.32,14227.3213,14227.3213,0
1870,40.33,14227.3213,14227.3213,0
1873,40.33,14227.3213,14227.3213,0
1879,40.36,14227.3213,14227.3213,0
1880,40.36,14227.3213,14227.3213,1
1886,40.55,13917.7163,14227.3213,0
1896,40.75,14079.9965,14227.3213,0
1907,40.99,14227.3213,14227.3213,0
1912,41.00,14227.3213,14227.3213,0
1923,41.07,14227.3213,14227.3213,0
1939,41.10,14227.3213,14227.3213,0
1946,41.12,14227.3213,14227.3213,0
1950,41.12,14227.3213,14227.3213,0
1955,41.17,14227.3213,14227.3213,0
1971,41.20,14227.3213,14227.3213,0
1975,41.20,14227.3213,14227.3213,0
2008,41.31,14227.3213,14227.3213,1
2010,41.36,13845.6644,14227.3213,0
2012,41.38,13845.6644,14227.3213,0
2013,41.41,13845.6644,14227.3213,0
2014,41.46,13845.6644,14227.3213,0
2016,41.48,13845.6644,14227.3213,0
2018,41.53,13850.2947,14227.3213,0
2019,41.59,14151.9842,14227.3213,0
2022,41.61,14151.9842,14227.3213,0
2025,41.75,14151.9842,14227.3213,0
2026,41.78,14346.8208,14346.8208,0
2032,41.99,14351.4314,14351.4314,0
2043,42.15,14531.9949,14531.9949,0
2048,42.19,14698.1004,14698.1004,0
2058,42.46,14698.1004,14698.1004,0
2064,42.53,14855.4926,14855.4926,0
2094,43.04,14855.4926,14855.4926,0
2095,43.05,14855.4926,14855.4926,0
2100,43.15,14855.4926,14855.4926,0
2102,43.21,14855.4926,14855.4926,0
2105,43.22,14855.4926,14855.4926,0
2111,43.22,14855.4926,14855.4926,0
2116,43.25,14855.4926,14855.4926,0
2117,43.25,14855.4926,14855.4926,0
2125,43.38,14855.4926,14855.4926,0
2129,43.42,14855.4926,14855.4926,0
2131,43.42,14855.4926,14855.4926,0
2136,43.45,14855.4926,14855.4926,0
2138,43.49,14855.4926,14855.4926,0
2147,43.56,14855.4926,14855.4926,0
2151,43.60,14855.4926,14855.4926,0
2165,43.68,14855.4926,14855.4926,1
2168,43.77,14855.4926,14855.4926,0
2180,43.84,14855.4926,14855.4926,0
2181,43.84,14855.4926,14855.4926,0
2186,43.86,14855.4926,14855.4926,0
2193,43.88,14855.4926,14855.4926,0
2199,43.89,14855.4926,14855.4926,0
2201,43.95,14859.8228,14859.8228,0
2203,44.00,14859.8228,14859.8228,0
2205,44.07,14938.8020,14938.8020,0
2209,44.19,14938.8020,14938.8020,0
2210,44.23,14961.6984,14961.6984,0
2211,44.26,14961.6984,14961.6984,0
2212,44.30,14963.7570,14963.7570,0
2213,44.34,15051.6178,15051.6178,0
2215,44.39,15115.6869,15115.6869,0
2217,44.46,15122.5502,15122.5502,0
2218,44.50,15132.3814,15132.3814,0
2221,44.58,15132.3814,15132.3814,0
2226,44.69,15132.3814,15132.3814,0
2234,44.88,15132.3814,15132.3814,0
2237,44.94,15132.3814,15132.3814,0
2238,44.95,15132.3814,15132.3814,0
2242,44.95,15132.3814,15132.3814,0
2243,44.95,15132.3814,15132.3814,0
2244,44.97,15132.3814,15132.3814,0
2249,45.00,15134.3769,15134.3769,0
2251,45.15,15134.3769,15134.3769,0
2254,45.27,15134.3769,15134.3769,0
2263,45.45,15134.3769,15134.3769,0
2268,45.55,15144.7481,15144.7481,0
2269,45.57,15195.6400,15195.6400,0
2272,45.60,15195.6400,15195.6400,0
2283,45.80,15195.6400,15195.6400,0
2289,46.05,15195.6400,15195.6400,0
2290,46.12,15195.6400,15195.6400,0
2294,46.20,15195.6400,15195.6400,0
2306,46.46,15195.6400,15195.6400,0
2307,46.50,15195.6400,15195.6400,0
2308,46.50,15195.6400,15195.6400,0
2310,46.52,15195.6400,15195.6400,0
2311,46.52,15195.6400,15195.6400,0
2324,46.71,15255.1609,15255.1609,0
2327,46.78,15255.1609,15255.1609,0
2328,46.78,15255.1609,15255.1609,0
2330,46.83,15255.1609,15255.1609,0
2332,46.90,15255.1609,15255.1609,0
2341,47.02,15255.1609,15255.1609,0
2353,47.16,15255.1609,15255.1609,0
2356,47.17,15255.1609,15255.1609,0
2357,47.17,15255.1609,15255.1609,0
2358,47.19,15255.1609,15255.1609,0
2371,47.42,15255.1609,15255.1609,0
2374,47.49,15255.1609,15255.1609,0
2381,47.53,15255.1609,15255.1609,0
2382,47.53,15255.1609,15255.1609,0
2389,47.58,15255.1609,15255.1609,0
2392,47.65,15255.1609,15255.1609,0
2394,47.65,15255.1609,15255.1609,0
2398,47.66,15255.1609,15255.1609,0
2400,47.66,15255.1609,15255.1609,0
2406,47.68,15255.1609,15255.1609,0
2408,47.70,15255.1609,15255.1609,0
2411,47.71,15255.1609,15255.1609,0
2416,47.72,15255.1609,15255.1609,0
2420,47.72,15255.1609,15255.1609,0
2422,47.75,15255.1609,15255.1609,0
2425,47.75,15255.1609,15255.1609,1
2426,47.84,15256.6407,15256.6407,0
2435,48.05,15256.6407,15256.6407,0
2436,48.08,15256.6407,15256.6407,0
2453,48.37,15256.6407,15256.6407,0
2454,48.37,15256.6407,15256.6407,0
2456,48.39,15256.6407,15256.6407,0
2469,48.50,15256.6407,15256.6407,0
2502,48.75,15256.6407,15256.6407,0
2514,48.84,15256.6407,15256.6407,0
2527,48.94,15256.6407,15256.6407,1
2529,48.99,14974.8581,15256.6407,0
2530,49.01,14974.8581,15256.6407,0
2533,49.12,14974.8581,15256.6407,0
2534,49.15,14974.8581,15256.6407,0
2537,49.28,14974.8581,15256.6407,0
2538,49.31,15267.4212,15267.4212,0
2539,49.36,15267.4212,15267.4212,0
2544,49.45,15267.4212,15267.4212,0
2546,49.51,15267.4212,15267.4212,0
2551,49.59,15267.4212,15267.4212,0
2552,49.62,15267.4212,15267.4212,0
2555,49.67,15267.4212,15267.4212,0
2560,49.80,15267.4212,15267.4212,0
2563,49.90,15267.4212,15267.4212,0
2569,49.94,15267.4212,15267.4212,0
2571,49.94,15267.4212,15267.4212,0
2574,49.99,15267.4212,15267.4212,0
2580,50.10,15267.4212,15267.4212,0
2581,50.12,15267.4212,15267.4212,0
2589,50.22,15267.4212,15267.4212,0
2599,50.24,15267.4212,15267.4212,0
2601,50.28,15268.1223,15268.1223,0
2602,50.33,15268.1223,15268.1223,0
2606,50.49,15268.1223,15268.1223,0
2607,50.54,15268.1223,15268.1223,0
2620,50.72,15268.1223,15268.1223,0
2628,50.90,15268.1223,15268.1223,0
2630,50.97,15268.1223,15268.1223,0
2631,50.98,15268.1223,15268.1223,0
2642,51.14,15268.1223,15268.1223,0
2644,51.15,15268.1223,15268.1223,0
2650,51.16,15268.1223,15268.1223,0
2656,51.18,15268.1223,15268.1223,0
2659,51.19,15268.1223,15268.1223,0
2660,51.21,15268.1223,15268.1223,0
2662,51.21,15268.1223,15268.1223,0
2663,51.21,15268.1223,15268.1223,0
2665,51.23,15268.1223,15268.1223,0
2675,51.27,15268.1223,15268.1223,0
2685,51.32,15268.1223,15268.1223,0
2702,51.39,15268.1223,15268.1223,1
2703,51.46,15099.5378,15268.1223,0
2704,51.50,15099.5378,15268.1223,0
2706,51.61,15268.1223,15268.1223,0
2717,51.68,15268.1223,15268.1223,0
2720,51.72,15268.1223,15268.1223,0
2729,51.76,15268.1223,15268.1223,0
2738,51.79,15268.1223,15268.1223,0
2739,51.79,15268.1223,15268.1223,0
2740,51.79,15268.1223,15268.1223,0
2744,51.88,15268.1223,15268.1223,0
2746,51.88,15268.1223,15268.1223,0
2757,51.95,15268.1223,15268.1223,0
2759,51.96,15268.1223,15268.1223,0
2763,51.97,15268.1223,15268.1223,0
2765,52.01,15268.1223,15268.1223,0
2767,52.02,15268.1223,15268.1223,0
2771,52.06,15268.1223,15268.1223,0
2789,52.09,15268.1223,15268.1223,0
2792,52.10,15268.1223,15268.1223,0
2794,52.10,15268.1223,15268.1223,0
2802,52.12,15268.1223,15268.1223,0
2803,52.12,15268.1223,15268.1223,0
2805,52.12,15268.1223,15268.1223,0
2807,52.13,15268.1223,15268.1223,1
2809,52.20,15034.0652,15268.1223,0
2813,52.33,15081.4208,15268.1223,0
2821,52.52,15081.4208,15268.1223,0
2831,52.66,15081.4208,15268.1223,0
2849,52.89,15081.4208,15268.1223,0
2860,52.95,15081.4208,15268.1223,0
2871,53.08,15081.4208,15268.1223,0
2874,53.08,15081.4208,15268.1223,0
2878,53.15,15081.4208,15268.1223,0
2882,53.21,15081.4208,15268.1223,0
2890,53.26,15081.4208,15268.1223,0
2895,53.32,15081.4208,15268.1223,0
2898,53.34,15082.5748,15268.1223,0
2901,53.39,15082.5748,15268.1223,0
2903,53.47,15121.3541,15268.1223,0
2904,53.49,15121.3541,15268.1223,0
2907,53.55,15121.3541,15268.1223,0
2912,53.66,15121.7087,15268.1223,0
2913,53.72,15132.6669,15268.1223,0
2919,53.97,15132.6669,15268.1223,0
2920,53.99,15133.4745,15268.1223,0
2925,54.16,15276.9349,15276.9349,0
2934,54.38,15276.9349,15276.9349,0
2935,54.42,15276.9349,15276.9349,0
2948,54.49,15276.9349,15276.9349,0
2959,54.61,15276.9349,15276.9349,0
2960,54.62,15276.9349,15276.9349,0
2964,54.67,15276.9349,15276.9349,0
2977,54.76,15276.9349,15276.9349,0
2982,54.81,15276.9349,15276.9349,0
2985,54.83,15276.9349,15276.9349,0
3004,55.09,15276.9349,15276.9349,0
3012,55.17,15276.9349,15276.9349,0
3014,55.19,15276.9349,15276.9349,0
3026,55.23,15276.9349,15276.9349,1
3027,55.28,15032.6276,15276.9349,0
3028,55.31,15118.9365,15276.9349,0
3030,55.43,15276.9349,15276.9349,0
3036,55.50,15276.9349,15276.9349,0
3043,55.55,15276.9349,15276.9349,0
3045,55.56,15276.9349,15276.9349,0
3060,55.66,15276.9349,15276.9349,0
3065,55.70,15276.9349,15276.9349,0
3072,55.73,15276.9349,15276.9349,0
3075,55.74,15276.9349,15276.9349,0
3082,55.87,15276.9349,15276.9349,0
3092,55.96,15276.9349,15276.9349,0
3101,56.00,15276.9349,15276.9349,0
3120,56.08,15276.9349,15276.9349,0
3124,56.10,15276.9349,15276.9349,0
3127,56.12,15276.9349,15276.9349,0
3131,56.14,15276.9349,15276.9349,1
3132,56.21,15118.9365,15276.9349,0
3135,56.34,15210.0315,15276.9349,0
3137,56.44,15276.9349,15276.9349,0
3142,56.49,15276.9349,15276.9349,0
3144,56.51,15276.9349,15276.9349,0
3149,56.54,15276.9349,15276.9349,0
3151,56.55,15276.9349,15276.9349,0
3156,56.65,15276.9349,15276.9349,0
3160,56.71,15276.9349,15276.9349,0
3162,56.71,15276.9349,15276.9349,0
3169,56.78,15276.9349,15276.9349,0
3177,56.83,15276.9349,15276.9349,0
3182,56.87,15276.9349,15276.9349,0
3190,56.94,15276.9349,15276.9349,0
3203,57.04,15276.9349,15276.9349,0
3207,57.06,15276.9349,15276.9349,0
3210,57.11,15276.9349,15276.9349,0
3213,57.13,15276.9349,15276.9349,0
3214,57.14,15276.9349,15276.9349,0
3215,57.14,15276.9349,15276.9349,0
3224,57.20,15276.9349,15276.9349,0
3225,57.20,15276.9349,15276.9349,0
3230,57.21,15276.9349,15276.9349,0
3233,57.21,15276.9349,15276.9349,0
3238,57.23,15276.9349,15276.9349,1
3239,57.28,14718.1378,15276.9349,0
3240,57.30,14718.1378,15276.9349,0
3241,57.34,14718.1378,15276.9349,0
3242,57.36,14903.9885,15276.9349,0
3244,57.43,14903.9885,15276.9349,0
3246,57.46,14903.9885,15276.9349,0
3248,57.49,14903.9885,15276.9349,0
3253,57.65,15014.3908,15276.9349,0
3256,57.71,15235.8714,15276.9349,0
3257,57.73,15235.8714,15276.9349,0
3258,57.75,15328.9751,15328.9751,0
3260,57.82,15424.4543,15424.4543,0
3261,57.84,15424.4543,15424.4543,0
3265,57.98,15424.4543,15424.4543,0
3267,58.08,15427.4949,15427.4949,0
3273,58.33,15427.4949,15427.4949,0
3278,58.42,15427.4949,15427.4949,0
3293,58.54,15427.4949,15427.4949,0
3309,58.72,15427.4949,15427.4949,0
3311,58.75,15427.4949,15427.4949,0
3315,58.76,15427.4949,15427.4949,0
3319,58.77,15427.4949,15427.4949,0
3322,58.80,15427.4949,15427.4949,0
3331,58.88,15427.4949,15427.4949,0
3344,58.96,15427.4949,15427.4949,0
3357,59.06,15427.4949,15427.4949,0
3361,59.08,15427.4949,15427.4949,0
3368,59.10,15427.4949,15427.4949,1
3369,59.16,15288.9741,15427.4949,0
3370,59.19,15288.9741,15427.4949,0
3371,59.22,15427.4949,15427.4949,0
3390,59.26,15427.4949,15427.4949,0
3401,59.28,15427.4949,15427.4949,0
3407,59.29,15427.4949,15427.4949,0
3417,59.31,15427.4949,15427.4949,0
3418,59.31,15427.4949,15427.4949,0
3425,59.37,15427.4949,15427.4949,0
3428,59.40,15427.4949,15427.4949,0
3436,59.46,15427.4949,15427.4949,0
3437,59.49,15427.4949,15427.4949,0
3441,59.49,15427.4949,15427.4949,0
3448,59.52,15427.4949,15427.4949,0
3455,59.57,15427.4949,15427.4949,0
3465,59.70,15427.4949,15427.4949,0
3467,59.72,15441.5542,15441.5542,0
3474,59.85,15441.5542,15441.5542,0
3476,59.88,15441.5542,15441.5542,0
3479,60.00,15441.9549,15441.9549,0
3480,60.02,15441.9549,15441.9549,0
3481,60.03,15441.9549,15441.9549,0
3485,60.23,15441.9549,15441.9549,0
3492,60.38,15441.9549,15441.9549,0
3494,60.40,15441.9549,15441.9549,0
3495,60.46,15441.9549,15441.9549,0
3496,60.46,15441.9549,15441.9549,0
3497,60.48,15441.9549,15441.9549,0
3498,60.51,15441.9549,15441.9549,0
3507,60.67,15441.9549,15441.9549,0
3514,60.73,15441.9549,15441.9549,0
3517,60.73,15441.9549,15441.9549,0
3519,60.74,15441.9549,15441.9549,0
3520,60.74,15441.9549,15441.9549,0
3528,60.76,15441.9549,15441.9549,0
3529,60.76,15441.9549,15441.9549,0
3535,60.81,15441.9549,15441.9549,0
3536,60.81,15441.9549,15441.9549,0
3537,60.84,15441.9549,15441.9549,0
3546,60.89,15441.9549,15441.9549,0
3547,60.89,15441.9549,15441.9549,0
3549,60.89,15441.9549,15441.9549,0
3550,60.94,15444.8151,15444.8151,0
3558,61.22,15444.8151,15444.8151,0
3563,61.28,15444.8151,15444.8151,0
3564,61.31,15444.8151,15444.8151,0
3571,61.35,15444.8151,15444.8151,0
3572,61.35,15444.8151,15444.8151,0
3573,61.37,15444.8151,15444.8151,0
3582,61.41,15444.8151,15444.8151,0
3585,61.47,15444.8151,15444.8151,0
3600,61.51,15444.8151,15444.8151,0
3606,61.55,15444.8151,15444.8151,0
3613,61.63,15444.8151,15444.8151,0
3633,61.77,15444.8151,15444.8151,0
3640,61.78,15444.8151,15444.8151,0
3644,61.81,15444.8151,15444.8151,0
3649,61.84,15444.8151,15444.8151,0
3651,61.84,15444.8151,15444.8151,1
3657,62.04,15305.9512,15444.8151,0
3658,62.11,15305.9512,15444.8151,0
3660,62.21,15444.8151,15444.8151,0
3662,62.24,15444.8151,15444.8151,0
3664,62.25,15444.8151,15444.8151,0
3667,62.26,15444.8151,15444.8151,0
3669,62.28,15444.8151,15444.8151,0
3692,62.47,15453.1597,15453.1597,0
3694,62.50,15453.1597,15453.1597,0
3697,62.56,15453.1597,15453.1597,0
3702,62.73,15453.1597,15453.1597,0
3706,62.80,15453.1597,15453.1597,0
3711,62.84,15453.1597,15453.1597,0
3719,62.88,15453.1597,15453.1597,0
3721,62.96,15453.1597,15453.1597,0
3723,63.00,15453.1597,15453.1597,0
3727,63.03,15453.1597,15453.1597,0
3729,63.05,15453.1597,15453.1597,0
3731,63.05,15453.1597,15453.1597,0
3742,63.08,15453.1597,15453.1597,0
3750,63.15,15453.1597,15453.1597,0
3751,63.17,15453.1597,15453.1597,0
3753,63.17,15453.1597,15453.1597,0
3754,63.23,15453.1597,15453.1597,0
3756,63.24,15453.1597,15453.1597,0
3760,63.29,15453.1597,15453.1597,0
3762,63.31,15453.1597,15453.1597,0
3765,63.32,15453.1597,15453.1597,0
3767,63.33,15453.1597,15453.1597,0
3770,63.33,15453.1597,15453.1597,0
3772,63.34,15453.1597,15453.1597,0
3773,63.35,15453.1597,15453.1597,0
3774,63.37,15453.1597,15453.1597,0
3778,63.40,15453.1597,15453.1597,0
3784,63.44,15453.1597,15453.1597,0
3788,63.45,15453.1597,15453.1597,0
3790,63.49,15453.1597,15453.1597,0
3791,63.49,15453.1597,15453.1597,0
3792,63.52,15454.1498,15454.1498,0
3796,63.68,15454.1498,15454.1498,0
3801,63.74,15454.1498,15454.1498,0
3806,63.84,15454.1498,15454.1498,0
3807,63.88,15454.1498,15454.1498,0
3817,63.96,15454.1498,15454.1498,0
3821,63.98,15454.1498,15454.1498,0
3822,64.02,15454.1498,15454.1498,0
3830,64.09,15454.1498,15454.1498,0
3836,64.10,15454.1498,15454.1498,0
3838,64.10,15454.1498,15454.1498,0
3841,64.14,15454.1498,15454.1498,0
3842,64.14,15454.1498,15454.1498,0
3846,64.18,15463.1714,15463.1714,0
3849,64.28,15463.1714,15463.1714,0
3851,64.34,15463.1714,15463.1714,0
3853,64.37,15463.1714,15463.1714,0
3855,64.40,15463.1714,15463.1714,0
3856,64.43,15577.5037,15577.5037,0
3859,64.58,15577.5037,15577.5037,0
3869,64.74,15577.5037,15577.5037,0
3873,64.77,15577.5037,15577.5037,0
3879,64.85,15577.5037,15577.5037,0
3880,64.85,15577.5037,15577.5037,0
3886,64.87,15577.5037,15577.5037,0
3894,64.95,15577.5037,15577.5037,0
3899,65.02,15577.5037,15577.5037,0
3914,65.09,15577.5037,15577.5037,0
3915,65.09,15577.5037,15577.5037,0
3928,65.23,15577.5037,15577.5037,0
3931,65.26,15577.5037,15577.5037,0
3935,65.40,15577.5037,15577.5037,0
3936,65.40,15577.5037,15577.5037,0
3946,65.44,15577.5037,15577.5037,0
3947,65.44,15577.5037,15577.5037,0
3952,65.49,15577.5037,15577.5037,0
3957,65.53,15577.5037,15577.5037,1
3961,65.68,15438.8274,15577.5037,0
3972,65.81,15438.8274,15577.5037,0
3978,65.88,15438.8274,15577.5037,0
3979,65.95,15554.3982,15577.5037,0
3984,66.01,15577.5037,15577.5037,0
3986,66.03,15577.5037,15577.5037,0
3990,66.04,15577.5037,15577.5037,0
3994,66.05,15577.5037,15577.5037,0
4003,66.10,15577.5037,15577.5037,0
4005,66.10,15577.5037,15577.5037,0
4015,66.13,15577.5037,15577.5037,0
4019,66.19,15577.5037,15577.5037,0
4021,66.22,15577.5037,15577.5037,0
4036,66.32,15577.5037,15577.5037,0
4037,66.41,15577.5037,15577.5037,0
4041,66.42,15577.5037,15577.5037,0
4077,66.62,15577.5037,15577.5037,0
4078,66.62,15577.5037,15577.5037,0
4083,66.65,15577.5037,15577.5037,0
4084,66.66,15577.5037,15577.5037,0
4085,66.66,15577.5037,15577.5037,1
4090,66.87,15343.3778,15577.5037,0
4092,66.95,15343.3778,15577.5037,0
4093,67.03,15554.3982,15577.5037,0
4101,67.18,15554.3982,15577.5037,0
4110,67.27,15554.3982,15577.5037,0
4111,67.30,15577.5037,15577.5037,0
4122,67.34,15577.5037,15577.5037,0
4126,67.35,15577.5037,15577.5037,0
4135,67.41,15577.5037,15577.5037,0
4146,67.47,15577.5037,15577.5037,0
4152,67.51,15577.5037,15577.5037,0
4159,67.53,15577.5037,15577.5037,0
4164,67.55,15577.5037,15577.5037,0
4177,67.63,15577.5037,15577.5037,0
4178,67.64,15577.5037,15577.5037,0
4184,67.72,15577.5037,15577.5037,0
4208,67.81,15577.5037,15577.5037,0
4212,67.84,15577.5037,15577.5037,1
4214,67.91,14979.6537,15577.5037,0
4215,67.94,14979.6537,15577.5037,0
4219,68.05,15008.7358,15577.5037,0
4221,68.07,15106.5915,15577.5037,0
4224,68.19,15106.5915,15577.5037,0
4225,68.23,15305.4098,15577.5037,0
4226,68.25,15305.4098,15577.5037,0
4230,68.36,15440.1199,15577.5037,0
4232,68.50,15487.7530,15577.5037,0
4235,68.62,15564.4274,15577.5037,0
4239,68.81,15615.4985,15615.4985,0
4240,68.83,15615.4985,15615.4985,0
4241,68.87,15615.4985,15615.4985,0
4247,69.02,15615.4985,15615.4985,0
4250,69.09,15620.4034,15620.4034,0
4253,69.24,15620.4034,15620.4034,0
4254,69.26,15620.4034,15620.4034,0
4255,69.30,15620.4034,15620.4034,0
4256,69.32,15620.4034,15620.4034,0
4257,69.36,15620.4034,15620.4034,0
4259,69.45,15664.0050,15664.0050,0
4260,69.45,15664.0050,15664.0050,0
4269,69.74,15664.0050,15664.0050,0
4274,69.81,15664.0050,15664.0050,0
4277,69.89,15664.0050,15664.0050,0
4279,69.94,15664.0050,15664.0050,0
4298,70.15,15664.0050,15664.0050,0
4309,70.17,15664.0050,15664.0050,0
4313,70.21,15664.0050,15664.0050,0
4316,70.22,15664.0050,15664.0050,0
4320,70.24,15664.0050,15664.0050,0
4326,70.31,15664.0050,15664.0050,0
4328,70.40,15664.0050,15664.0050,0
4342,70.55,15664.0050,15664.0050,0
4349,70.60,15664.0050,15664.0050,0
4354,70.67,15664.0050,15664.0050,0
4355,70.67,15664.0050,15664.0050,0
4356,70.71,15664.0050,15664.0050,0
4360,70.72,15664.0050,15664.0050,1
4363,70.76,15474.6994,15664.0050,0
4369,70.99,15474.6994,15664.0050,0
4370,71.01,15664.0050,15664.0050,0
4374,71.01,15664.0050,15664.0050,0
4377,71.03,15664.0050,15664.0050,0
4387,71.17,15664.0050,15664.0050,0
4400,71.25,15664.0050,15664.0050,0
4404,71.30,15664.0050,15664.0050,0
4406,71.30,15664.0050,15664.0050,0
4413,71.32,15664.0050,15664.0050,0
4419,71.39,15664.0050,15664.0050,0
4421,71.43,15666.0965,15666.0965,0
4422,71.45,15666.0965,15666.0965,0
4424,71.58,15666.0965,15666.0965,0
4427,71.62,15666.0965,15666.0965,0
4429,71.62,15666.0965,15666.0965,0
4431,71.68,15666.0965,15666.0965,0
4432,71.72,15666.0965,15666.0965,0
4433,71.78,15706.9254,15706.9254,0
4434,71.80,15729.2908,15729.2908,0
4436,71.89,15729.2908,15729.2908,0
4439,71.99,15729.2908,15729.2908,0
4444,72.09,15729.2908,15729.2908,0
4451,72.36,15729.2908,15729.2908,0
4453,72.36,15729.2908,15729.2908,0
4456,72.40,15738.2368,15738.2368,0
4457,72.40,15738.2368,15738.2368,0
4458,72.43,15738.2368,15738.2368,0
4462,72.56,15738.2368,15738.2368,0
4463,72.57,15738.2368,15738.2368,0
4464,72.57,15738.2368,15738.2368,0
4468,72.65,15738.2368,15738.2368,0
4473,72.79,15738.2368,15738.2368,0
4476,72.79,15738.2368,15738.2368,0
4479,72.81,15738.2368,15738.2368,0
4480,72.82,15738.2368,15738.2368,0
4489,72.95,15738.2368,15738.2368,0
4493,73.02,15738.2368,15738.2368,0
4498,73.08,15738.2368,15738.2368,0
4503,73.10,15738.2368,15738.2368,0
4505,73.11,15738.2368,15738.2368,0
4507,73.15,15738.2368,15738.2368,0
4508,73.15,15738.2368,15738.2368,0
4510,73.18,15738.2368,15738.2368,0
4511,73.18,15738.2368,15738.2368,0
4515,73.27,15738.2368,15738.2368,0
4517,73.28,15738.2368,15738.2368,0
4520,73.30,15738.2368,15738.2368,0
4524,73.32,15738.2368,15738.2368,0
4529,73.34,15738.2368,15738.2368,0
4530,73.38,15738.2368,15738.2368,0
4535,73.40,15738.2368,15738.2368,0
4538,73.46,15738.2368,15738.2368,0
4539,73.46,15738.2368,15738.2368,0
4540,73.46,15738.2368,15738.2368,0
4541,73.46,15738.2368,15738.2368,0
4545,73.50,15738.2368,15738.2368,0
4546,73.50,15738.2368,15738.2368,0
4552,73.56,15738.2368,15738.2368,0
4557,73.59,15738.2368,15738.2368,1
4558,73.65,15392.2737,15738.2368,0
4559,73.67,15392.2737,15738.2368,0
4560,73.71,15392.2737,15738.2368,0
4562,73.77,15392.2737,15738.2368,0
4565,73.83,15738.2368,15738.2368,0
4569,73.86,15738.2368,15738.2368,0
4570,73.89,15738.2368,15738.2368,0
4571,73.90,15738.2368,15738.2368,0
4572,73.90,15738.2368,15738.2368,0
4575,73.92,15738.2368,15738.2368,0
4577,74.00,15738.2368,15738.2368,0
4578,74.00,15738.2368,15738.2368,0
4580,74.01,15738.2368,15738.2368,0
4581,74.05,15738.2368,15738.2368,0
4586,74.10,15738.2368,15738.2368,0
4591,74.16,15738.2368,15738.2368,0
4596,74.18,15738.2368,15738.2368,0
4599,74.18,15738.2368,15738.2368,0
4602,74.19,15738.2368,15738.2368,0
4608,74.21,15738.2368,15738.2368,0
4609,74.22,15738.2368,15738.2368,0
4619,74.27,15738.2368,15738.2368,0
4620,74.29,15738.2368,15738.2368,0
4623,74.31,15738.2368,15738.2368,0
4624,74.36,15738.2368,15738.2368,0
4625,74.36,15738.2368,15738.2368,0
4629,74.38,15738.2368,15738.2368,0
4632,74.38,15738.2368,15738.2368,0
4635,74.39,15738.2368,15738.2368,0
4636,74.40,15738.2368,15738.2368,0
4638,74.43,15738.2368,15738.2368,0
4646,74.46,15738.2368,15738.2368,0
4654,74.50,15738.2368,15738.2368,0
4657,74.54,15738.2368,15738.2368,0
4658,74.54,15738.2368,15738.2368,0
4659,74.55,15738.2368,15738.2368,0
4660,74.55,15738.2368,15738.2368,0
4664,74.55,15738.2368,15738.2368,0
4665,74.61,15738.2368,15738.2368,0
4666,74.61,15738.2368,15738.2368,1
4667,74.76,15700.8090,15738.2368,0
4669,74.85,15700.8090,15738.2368,0
4671,74.88,15700.8090,15738.2368,0
4673,74.93,15733.8453,15738.2368,0
4681,75.05,15733.8453,15738.2368,0
4687,75.15,15733.8453,15738.2368,0
4688,75.15,15733.8453,15738.2368,0
4691,75.20,15733.8453,15738.2368,0
4692,75.20,15733.8453,15738.2368,0
4698,75.29,15733.8453,15738.2368,0
4700,75.30,15733.8453,15738.2368,0
4703,75.31,15733.8453,15738.2368,0
4705,75.34,15733.8453,15738.2368,0
4716,75.48,15733.8453,15738.2368,0
4718,75.56,15733.8453,15738.2368,0
4720,75.58,15733.8453,15738.2368,0
4726,75.63,15733.8453,15738.2368,0
4731,75.65,15733.8453,15738.2368,0
4737,75.70,15733.8453,15738.2368,0
4738,75.70,15733.8453,15738.2368,0
4739,75.71,15733.8453,15738.2368,0
4742,75.72,15733.8453,15738.2368,0
4751,75.79,15733.8453,15738.2368,0
4766,75.87,15733.8453,15738.2368,0
4767,75.87,15733.8453,15738.2368,0
4768,75.87,15733.8453,15738.2368,0
4771,75.87,15733.8453,15738.2368,0
4774,75.87,15733.8453,15738.2368,1
4775,75.94,15412.2726,15738.2368,0
4776,76.02,15412.2726,15738.2368,0
4778,76.12,15412.2726,15738.2368,0
4779,76.12,15412.2726,15738.2368,0
4781,76.15,15412.2726,15738.2368,0
4784,76.26,15412.2726,15738.2368,0
4787,76.29,15412.2726,15738.2368,0
4788,76.32,15462.7266,15738.2368,0
4791,76.48,15575.1597,15738.2368,0
4792,76.54,15592.9622,15738.2368,0
4794,76.63,15592.9622,15738.2368,0
4796,76.70,15732.8083,15738.2368,0
4804,76.85,15732.8083,15738.2368,0
4805,76.89,15732.8083,15738.2368,0
4807,76.96,15732.8083,15738.2368,0
4816,77.01,15732.8083,15738.2368,0
4821,77.11,15732.8083,15738.2368,0
4822,77.11,15732.8083,15738.2368,0
4824,77.15,15732.8083,15738.2368,0
4828,77.18,15732.8083,15738.2368,0
4829,77.19,15732.8083,15738.2368,0
4832,77.20,15732.8083,15738.2368,0
4835,77.22,15732.8083,15738.2368,0
4836,77.22,15732.8083,15738.2368,0
4840,77.22,15732.8083,15738.2368,0
4848,77.30,15732.8083,15738.2368,0
4850,77.30,15732.8083,15738.2368,0
4855,77.32,15732.8083,15738.2368,0
4858,77.33,15732.8083,15738.2368,0
4860,77.35,15732.8083,15738.2368,0
4862,77.37,15733.8453,15738.2368,0
4866,77.39,15733.8453,15738.2368,0
4876,77.48,15738.2368,15738.2368,0
4878,77.49,15738.2368,15738.2368,0
4880,77.49,15738.2368,15738.2368,0
4881,77.54,15738.2368,15738.2368,0
4884,77.55,15738.2368,15738.2368,0
4887,77.55,15738.2368,15738.2368,0
4890,77.57,15738.2368,15738.2368,0
4893,77.61,15738.2368,15738.2368,0
4895,77.62,15738.2368,15738.2368,0
4902,77.68,15738.2368,15738.2368,0
4905,77.70,15738.2368,15738.2368,0
4914,77.71,15738.2368,15738.2368,0
4916,77.72,15738.2368,15738.2368,0
4921,77.73,15738.2368,15738.2368,0
4924,77.74,15738.2368,15738.2368,0
4926,77.76,15738.2368,15738.2368,0
4929,77.78,15738.2368,15738.2368,0
4930,77.78,15738.2368,15738.2368,0
4937,77.80,15738.2368,15738.2368,0
4947,77.85,15738.2368,15738.2368,0
4951,77.88,15738.2368,15738.2368,0
4954,77.88,15738.2368,15738.2368,0
4959,77.91,15738.2368,15738.2368,0
4960,77.93,15738.2368,15738.2368,0
4961,77.93,15738.2368,15738.2368,0
4965,77.96,15738.2368,15738.2368,0
4976,78.02,15738.2368,15738.2368,0
4977,78.02,15738.2368,15738.2368,1
4978,78.12,15243.2507,15738.2368,0
4979,78.14,15348.2635,15738.2368,0
4983,78.28,15348.2635,15738.2368,0
4985,78.31,15529.9531,15738.2368,0
4990,78.51,15529.9531,15738.2368,0
4991,78.55,15634.9769,15738.2368,0
4992,78.60,15634.9769,15738.2368,0
4993,78.65,15639.7564,15738.2368,0
4997,78.79,15639.7564,15738.2368,0
4998,78.86,15639.7564,15738.2368,0
5008,78.93,15639.7564,15738.2368,0
5012,79.01,15639.7564,15738.2368,0
5013,79.06,15639.7564,15738.2368,0
5018,79.11,15639.7564,15738.2368,0
5019,79.13,15639.7564,15738.2368,0
5020,79.13,15639.7564,15738.2368,0
5024,79.15,15639.7564,15738.2368,0
5030,79.20,15639.7564,15738.2368,0
5031,79.21,15639.7564,15738.2368,0
5036,79.22,15639.7564,15738.2368,0
5039,79.23,15639.7564,15738.2368,0
5040,79.23,15639.7564,15738.2368,0
5042,79.25,15639.7564,15738.2368,0
5043,79.30,15639.7564,15738.2368,0
5044,79.30,15639.7564,15738.2368,0
5049,79.32,15639.7564,15738.2368,0
5053,79.32,15639.7564,15738.2368,0
5060,79.35,15639.7564,15738.2368,0
5061,79.35,15639.7564,15738.2368,0
5066,79.36,15639.7564,15738.2368,0
5071,79.36,15639.7564,15738.2368,0
5075,79.41,15639.7564,15738.2368,0
5077,79.49,15639.7564,15738.2368,0
5078,79.49,15639.7564,15738.2368,0
5080,79.50,15639.7564,15738.2368,0
5084,79.50,15639.7564,15738.2368,0
5094,79.54,15639.7564,15738.2368,1
5095,79.64,14950.4808,15738.2368,0
5096,79.68,15037.1030,15738.2368,0
5097,79.74,15145.3844,15738.2368,0
5098,79.80,15145.3844,15738.2368,0
5101,79.91,15148.6121,15738.2368,0
5104,80.04,15193.5215,15738.2368,0
5115,80.28,15193.5215,15738.2368,0
5127,80.46,15193.5215,15738.2368,0
5144,80.64,15235.9207,15738.2368,0
5151,80.91,15343.1355,15738.2368,0
5159,81.13,15343.1355,15738.2368,0
5161,81.21,15343.1355,15738.2368,0
5167,81.34,15552.5292,15738.2368,0
5171,81.43,15552.5292,15738.2368,0
5174,81.50,15614.1227,15738.2368,0
5175,81.55,15664.0311,15738.2368,0
5180,81.76,15737.3783,15738.2368,0
5193,82.06,15737.3783,15738.2368,0
5194,82.12,15737.3783,15738.2368,0
5198,82.23,15737.3783,15738.2368,0
5204,82.29,15737.3783,15738.2368,0
5205,82.31,15737.3783,15738.2368,0
5219,82.41,15737.3783,15738.2368,0
5230,82.44,15737.3783,15738.2368,0
5231,82.44,15737.3783,15738.2368,0
5239,82.54,15737.3783,15738.2368,0
5254,82.60,15737.3783,15738.2368,0
5259,82.67,15737.3783,15738.2368,0
5263,82.73,15737.3783,15738.2368,0
5264,82.74,15737.3783,15738.2368,0
5265,82.74,15737.3783,15738.2368,0
5281,82.80,15737.3783,15738.2368,1
5282,82.86,15328.8466,15738.2368,0
5283,82.88,15328.8466,15738.2368,0
5284,82.90,15382.6684,15738.2368,0
5286,82.96,15382.6684,15738.2368,0
5287,82.99,15382.6684,15738.2368,0
5289,83.06,15382.6684,15738.2368,0
5293,83.20,15382.6684,15738.2368,0
5294,83.22,15394.1907,15738.2368,0
5296,83.30,15500.0693,15738.2368,0
5298,83.38,15504.3182,15738.2368,0
5305,83.49,15504.3182,15738.2368,0
5306,83.52,15534.9407,15738.2368,0
5318,83.77,15534.9407,15738.2368,0
5321,83.86,15536.5412,15738.2368,0
5324,83.92,15536.5412,15738.2368,0
5337,84.17,15536.5412,15738.2368,0
5343,84.21,15536.5412,15738.2368,0
5349,84.39,15536.5412,15738.2368,0
5368,84.53,15536.5412,15738.2368,0
5374,84.58,15536.5412,15738.2368,0
5375,84.61,15536.5412,15738.2368,0
5382,84.63,15536.5412,15738.2368,0
5390,84.68,15536.5412,15738.2368,0
5393,84.72,15536.5412,15738.2368,0
5394,84.79,15541.5069,15738.2368,0
5400,85.01,15593.2694,15738.2368,0
5407,85.18,15593.2694,15738.2368,0
5410,85.31,15593.2694,15738.2368,0
5419,85.32,15593.2694,15738.2368,0
5423,85.39,15593.2694,15738.2368,0
5424,85.39,15593.2694,15738.2368,0
5430,85.47,15593.2694,15738.2368,0
5433,85.50,15593.2694,15738.2368,0
5435,85.50,15593.2694,15738.2368,0
5438,85.52,15593.2694,15738.2368,0
5439,85.52,15593.2694,15738.2368,0
5460,85.74,15593.2694,15738.2368,0
5461,85.74,15593.2694,15738.2368,0
5464,85.76,15593.2694,15738.2368,0
5478,85.83,15593.2694,15738.2368,0
5479,85.83,15593.2694,15738.2368,0
5484,85.83,15593.2694,15738.2368,0
5485,85.83,15593.2694,15738.2368,0
5486,85.84,15593.2694,15738.2368,0
5492,85.88,15593.2694,15738.2368,0
5493,85.88,15593.2694,15738.2368,0
5494,85.88,15593.2694,15738.2368,0
5501,85.91,15593.2694,15738.2368,1
5502,85.94,14135.4005,15738.2368,0
5503,85.98,14135.4005,15738.2368,0
5504,86.00,14166.9212,15738.2368,0
5505,86.02,14166.9212,15738.2368,0
5506,86.06,14166.9212,15738.2368,0
5509,86.18,14178.8710,15738.2368,0
5511,86.24,14194.5215,15738.2368,0
5512,86.30,14194.5215,15738.2368,0
5513,86.33,14194.6100,15738.2368,0
5515,86.39,14194.6100,15738.2368,0
5516,86.41,14194.6100,15738.2368,0
5517,86.44,14194.6100,15738.2368,0
5519,86.56,14194.6100,15738.2368,0
5520,86.56,14194.6100,15738.2368,0
5522,86.61,14194.6100,15738.2368,0
5523,86.63,14429.8659,15738.2368,0
5524,86.67,14677.4154,15738.2368,0
5527,86.75,14999.3373,15738.2368,0
5528,86.76,14999.3373,15738.2368,0
5532,86.82,14999.3373,15738.2368,0
5535,86.89,15001.3602,15738.2368,0
5536,86.93,15030.8293,15738.2368,0
5538,86.98,15099.4119,15738.2368,0
5539,87.02,15099.4119,15738.2368,0
5540,87.10,15099.4119,15738.2368,0
5542,87.12,15099.4119,15738.2368,0
5543,87.14,15138.9670,15738.2368,0
5545,87.23,15430.4397,15738.2368,0
5546,87.27,15549.3497,15738.2368,0
5549,87.33,15549.6664,15738.2368,0
5551,87.37,15549.6664,15738.2368,0
5552,87.39,15554.6848,15738.2368,0
5553,87.41,15554.6848,15738.2368,0
5554,87.43,15581.4786,15738.2368,0
5557,87.53,15581.4786,15738.2368,0
5558,87.55,15581.4786,15738.2368,0
5559,87.59,15581.4786,15738.2368,0
5561,87.63,15692.1637,15738.2368,0
5564,87.77,15872.7690,15872.7690,0
5566,87.85,15872.7690,15872.7690,0
5568,87.91,15872.7690,15872.7690,0
5569,87.96,15956.1647,15956.1647,0
5571,88.02,15956.1647,15956.1647,0
5575,88.13,15956.1647,15956.1647,0
5577,88.19,15956.1647,15956.1647,0
5583,88.26,15956.1647,15956.1647,0
5585,88.29,15956.1647,15956.1647,0
5586,88.31,15956.1647,15956.1647,0
5591,88.37,15957.5340,15957.5340,0
5594,88.42,15957.5340,15957.5340,0
5600,88.64,15957.5340,15957.5340,0
5602,88.68,15957.5340,15957.5340,0
5603,88.71,15957.5340,15957.5340,0
5605,88.74,15957.5340,15957.5340,0
5608,88.78,15961.6767,15961.6767,0
5609,88.81,15961.6767,15961.6767,0
5616,88.91,15961.6767,15961.6767,0
5617,88.94,15961.6767,15961.6767,0
5622,89.03,15961.6767,15961.6767,0
5623,89.05,15961.6767,15961.6767,0
5624,89.09,15961.6767,15961.6767,0
5625,89.09,15961.6767,15961.6767,0
5629,89.14,15961.6767,15961.6767,0
5632,89.17,15968.3047,15968.3047,0
5633,89.21,15968.3047,15968.3047,0
5634,89.29,15968.3047,15968.3047,0
5635,89.36,15968.3047,15968.3047,0
5640,89.50,15968.3047,15968.3047,0
5642,89.55,15968.3047,15968.3047,0
5643,89.57,15968.3047,15968.3047,0
5644,89.60,15968.3047,15968.3047,0
5646,89.63,15968.3047,15968.3047,0
5647,89.68,15968.3047,15968.3047,0
5648,89.70,15968.3047,15968.3047,0
5649,89.72,15968.3047,15968.3047,0
5650,89.73,15968.3047,15968.3047,0
5653,89.77,15968.3047,15968.3047,0
5654,89.77,15968.3047,15968.3047,0
5656,89.85,15968.3047,15968.3047,0
5657,89.88,15968.3047,15968.3047,0
5658,89.89,15968.3047,15968.3047,0
5661,89.96,15968.3047,15968.3047,0
5666,89.99,15968.3047,15968.3047,0
5667,89.99,15968.3047,15968.3047,0
5669,89.99,15968.3047,15968.3047,0
5672,90.02,15986.7647,15986.7647,0
5673,90.06,15986.7647,15986.7647,0
5678,90.27,15986.7647,15986.7647,0
5681,90.33,15986.7647,15986.7647,0
5683,90.42,15986.7647,15986.7647,0
5686,90.46,15986.7647,15986.7647,0
5689,90.51,15986.7647,15986.7647,0
5699,90.71,15986.7647,15986.7647,0
5701,90.75,15986.7647,15986.7647,0
5703,90.77,15986.7647,15986.7647,0
5704,90.77,15986.7647,15986.7647,0
5705,90.77,15986.7647,15986.7647,0
5707,90.77,15986.7647,15986.7647,0
5708,90.81,15986.7647,15986.7647,0
5709,90.81,15986.7647,15986.7647,0
5710,90.81,15986.7647,15986.7647,0
5712,90.87,15986.7647,15986.7647,0
5714,90.91,15986.7647,15986.7647,0
5716,90.93,15986.7647,15986.7647,0
5718,90.93,15986.7647,15986.7647,0
5719,90.95,15986.7647,15986.7647,0
5720,90.95,15986.7647,15986.7647,0
5723,90.98,15986.7647,15986.7647,0
5724,91.01,15986.7647,15986.7647,0
5727,91.05,15986.7647,15986.7647,0
5730,91.08,16061.8331,16061.8331,0
5732,91.17,16061.8331,16061.8331,0
5737,91.24,16061.8331,16061.8331,0
5749,91.37,16061.8331,16061.8331,0
5750,91.39,16061.8331,16061.8331,0
5751,91.42,16061.8331,16061.8331,0
5753,91.45,16061.8331,16061.8331,0
5762,91.56,16061.8331,16061.8331,0
5769,91.68,16061.8331,16061.8331,0
5788,91.80,16061.8331,16061.8331,0
5789,91.80,16061.8331,16061.8331,0
5792,91.88,16061.8331,16061.8331,0
5793,91.96,16061.8331,16061.8331,0
5794,92.02,16061.8331,16061.8331,0
5796,92.07,16061.8331,16061.8331,0
5811,92.20,16084.9372,16084.9372,0
5813,92.28,16192.6674,16192.6674,0
5816,92.33,16192.6674,16192.6674,0
5817,92.38,16192.6674,16192.6674,0
5818,92.42,16192.6674,16192.6674,0
5819,92.47,16192.6674,16192.6674,0
5821,92.55,16419.2449,16419.2449,0
5822,92.58,16419.2449,16419.2449,0
5823,92.64,16419.2449,16419.2449,0
5829,92.74,16419.2449,16419.2449,0
5834,92.80,16419.2449,16419.2449,0
5838,92.95,16419.2449,16419.2449,0
5840,92.95,16419.2449,16419.2449,0
5844,93.02,16419.2449,16419.2449,0
5850,93.24,16419.2449,16419.2449,0
5852,93.24,16419.2449,16419.2449,0
5854,93.24,16419.2449,16419.2449,0
5855,93.28,16419.2449,16419.2449,0
5856,93.30,16419.2449,16419.2449,0
5859,93.32,16419.2449,16419.2449,0
5860,93.32,16419.2449,16419.2449,0
5861,93.34,16419.2449,16419.2449,0
5866,93.35,16419.2449,16419.2449,0
5867,93.35,16419.2449,16419.2449,0
5882,93.40,16419.2449,16419.2449,0
5884,93.45,16419.2449,16419.2449,0
5885,93.47,16419.2449,16419.2449,0
5889,93.48,16419.2449,16419.2449,0
5894,93.51,16419.2449,16419.2449,0
5903,93.57,16419.2449,16419.2449,0
5904,93.57,16419.2449,16419.2449,0
5907,93.62,16419.2449,16419.2449,0
5915,93.64,16419.2449,16419.2449,0
5922,93.64,16419.2449,16419.2449,1
5924,93.76,16122.8381,16419.2449,0
5926,93.79,16295.2996,16419.2449,0
5937,94.06,16295.2996,16419.2449,0
5938,94.10,16295.2996,16419.2449,0
5940,94.16,16295.2996,16419.2449,0
5950,94.33,16295.2996,16419.2449,0
5963,94.44,16295.2996,16419.2449,0
5964,94.45,16295.2996,16419.2449,0
5966,94.52,16295.2996,16419.2449,0
5969,94.58,16295.2996,16419.2449,0
5970,94.58,16295.2996,16419.2449,0
5973,94.66,16295.2996,16419.2449,0
5974,94.67,16295.2996,16419.2449,0
5978,94.69,16295.2996,16419.2449,0
5985,94.75,16295.2996,16419.2449,0
5986,94.75,16295.2996,16419.2449,0
5995,94.78,16295.2996,16419.2449,0
6010,94.91,16295.2996,16419.2449,0
6012,94.97,16295.2996,16419.2449,0
6013,94.97,16295.2996,16419.2449,0
6027,95.12,16295.2996,16419.2449,1
6028,95.17,16070.3480,16419.2449,0
6030,95.23,16070.3480,16419.2449,0
6033,95.26,16248.2723,16419.2449,0
6036,95.40,16337.9154,16419.2449,0
6052,95.68,16337.9154,16419.2449,0
6053,95.70,16337.9154,16419.2449,0
6057,95.70,16337.9154,16419.2449,0
6063,95.77,16337.9154,16419.2449,0
6072,95.85,16337.9154,16419.2449,0
6078,95.87,16337.9154,16419.2449,0
6081,95.90,16337.9154,16419.2449,0
6083,95.91,16337.9154,16419.2449,0
6084,95.91,16337.9154,16419.2449,0
6097,96.00,16337.9154,16419.2449,0
6120,96.16,16337.9154,16419.2449,0
6130,96.21,16337.9154,16419.2449,0
6134,96.29,16337.9154,16419.2449,0
6136,96.31,16337.9154,16419.2449,0
6137,96.31,16337.9154,16419.2449,1
6142,96.53,15774.4279,16419.2449,0
6144,96.58,15774.4279,16419.2449,0
6152,96.69,15813.0648,16419.2449,0
6153,96.71,15813.0648,16419.2449,0
6154,96.73,15813.0648,16419.2449,0
6155,96.76,15813.0648,16419.2449,0
6157,96.82,16121.7864,16419.2449,0
6159,96.84,16121.7864,16419.2449,0
6160,96.86,16121.7864,16419.2449,0
6161,96.88,16121.7864,16419.2449,0
6162,96.90,16121.7864,16419.2449,0
6163,96.95,16214.1874,16419.2449,0
6165,96.99,16216.2627,16419.2449,0
6166,97.01,16302.3684,16419.2449,0
6168,97.10,16302.3684,16419.2449,0
6182,97.22,16302.3684,16419.2449,0
6183,97.26,16302.3684,16419.2449,0
6190,97.47,16302.3684,16419.2449,0
6192,97.55,16302.3684,16419.2449,0
6195,97.62,16302.3684,16419.2449,0
6198,97.67,16302.3684,16419.2449,0
6202,97.67,16302.3684,16419.2449,0
6217,97.78,16302.3684,16419.2449,0
6219,97.78,16302.3684,16419.2449,0
6222,97.82,16302.3684,16419.2449,0
6223,97.82,16302.3684,16419.2449,0
6224,97.89,16308.4135,16419.2449,0
6228,98.04,16308.4135,16419.2449,0
6230,98.14,16308.4135,16419.2449,0
6238,98.23,16308.4135,16419.2449,0
6241,98.29,16342.1344,16419.2449,0
6243,98.33,16342.1344,16419.2449,0
6246,98.45,16342.1344,16419.2449,0
6247,98.48,16344.1057,16419.2449,0
6248,98.50,16344.1057,16419.2449,0
6249,98.56,16344.1057,16419.2449,0
6254,98.67,16344.1057,16419.2449,0
6255,98.70,16348.1989,16419.2449,0
6257,98.75,16348.1989,16419.2449,0
6262,98.85,16348.1989,16419.2449,0
6266,98.97,16348.1989,16419.2449,0
6272,99.11,16348.1989,16419.2449,0
6275,99.16,16348.1989,16419.2449,0
6282,99.21,16348.1989,16419.2449,0
6283,99.29,16348.1989,16419.2449,0
6284,99.29,16348.1989,16419.2449,0
6285,99.29,16348.1989,16419.2449,0
6294,99.36,16348.1989,16419.2449,0
6295,99.36,16348.1989,16419.2449,0
6299,99.44,16348.1989,16419.2449,0
6301,99.47,16348.1989,16419.2449,0
6304,99.49,16348.1989,16419.2449,0
6307,99.55,16348.7836,16419.2449,0
6308,99.60,16348.7836,16419.2449,0
6310,99.73,16348.7836,16419.2449,0
6312,99.75,16348.7836,16419.2449,0
6315,99.84,16348.7836,16419.2449,0
6318,99.94,16348.7836,16419.2449,0
6320,99.97,16348.7836,16419.2449,0
6322,99.99,16348.7836,16419.2449,0
6326,100.01,16348.7836,16419.2449,0
6327,100.07,16348.7836,16419.2449,0
6328,100.08,16348.7836,16419.2449,0
6329,100.09,16348.7836,16419.2449,0
6331,100.10,16348.7836,16419.2449,0
6333,100.14,16348.7836,16419.2449,0
6336,100.16,16348.7836,16419.2449,0
6337,100.17,16348.7836,16419.2449,0
6340,100.19,16348.7836,16419.2449,0
6343,100.20,16348.7836,16419.2449,0
6345,100.20,16348.7836,16419.2449,0
6346,100.23,16348.7836,16419.2449,0
6349,100.23,16348.7836,16419.2449,0
6350,100.23,16348.7836,16419.2449,0
6351,100.24,16348.7836,16419.2449,0
6354,100.25,16348.7836,16419.2449,0
6355,100.25,16348.7836,16419.2449,0
6358,100.27,16348.7836,16419.2449,0
6360,100.27,16348.7836,16419.2449,0
6361,100.27,16348.7836,16419.2449,0
6362,100.28,16348.7836,16419.2449,0
6364,100.35,16348.7836,16419.2449,0
6365,100.35,16348.7836,16419.2449,0
6367,100.35,16348.7836,16419.2449,0
6368,100.35,16348.7836,16419.2449,0
6370,100.39,16348.7836,16419.2449,0
6371,100.46,16348.7836,16419.2449,0
6373,100.49,16348.7836,16419.2449,0
6374,100.52,16350.2510,16419.2449,0
6379,100.66,16350.2510,16419.2449,0
6384,100.82,16350.2510,16419.2449,0
6385,100.84,16350.2510,16419.2449,0
6386,100.86,16350.2510,16419.2449,0
6388,100.87,16350.2510,16419.2449,0
6390,100.96,16350.2510,16419.2449,0
6392,100.98,16350.2510,16419.2449,0
6393,101.01,16350.2510,16419.2449,0
6394,101.01,16350.2510,16419.2449,0
6397,101.03,16350.2510,16419.2449,0
6399,101.04,16350.2510,16419.2449,0
6403,101.09,16350.2510,16419.2449,0
6408,101.13,16350.2510,16419.2449,0
6412,101.17,16350.2510,16419.2449,0
6414,101.19,16350.2510,16419.2449,0
6415,101.20,16350.2510,16419.2449,0
6420,101.25,16374.9195,16419.2449,0
6422,101.31,16374.9195,16419.2449,0
6423,101.33,16374.9195,16419.2449,0
6426,101.44,16374.9195,16419.2449,0
6427,101.46,16374.9195,16419.2449,0
6428,101.48,16374.9195,16419.2449,0
6431,101.50,16374.9195,16419.2449,0
6433,101.57,16374.9195,16419.2449,0
6434,101.57,16374.9195,16419.2449,0
6435,101.61,16374.9195,16419.2449,0
6437,101.64,16376.1531,16419.2449,0
6439,101.72,16376.1531,16419.2449,0
6447,101.93,16376.1531,16419.2449,0
6448,101.95,16376.1531,16419.2449,0
6450,101.97,16376.1531,16419.2449,0
6452,102.02,16376.1531,16419.2449,0
6453,102.02,16376.1531,16419.2449,0
6456,102.05,16376.1531,16419.2449,0
6460,102.10,16376.1531,16419.2449,0
6461,102.12,16376.1531,16419.2449,0
6462,102.15,16376.1531,16419.2449,0
6465,102.23,16376.1531,16419.2449,0
6468,102.24,16376.1531,16419.2449,0
6471,102.26,16376.1531,16419.2449,0
6477,102.32,16376.1531,16419.2449,0
6479,102.40,16376.1531,16419.2449,0
6480,102.46,16376.1531,16419.2449,0
6481,102.46,16376.1531,16419.2449,0
6483,102.48,16376.1531,16419.2449,0
6486,102.50,16376.1531,16419.2449,0
6488,102.53,16376.1531,16419.2449,0
6490,102.55,16376.1531,16419.2449,0
6491,102.55,16376.1531,16419.2449,0
6494,102.56,16376.1531,16419.2449,0
6497,102.57,16376.1531,16419.2449,0
6503,102.62,16376.1531,16419.2449,0
6508,102.63,16376.1531,16419.2449,0
6512,102.67,16376.1531,16419.2449,0
6513,102.71,16376.1531,16419.2449,0
6514,102.74,16376.1531,16419.2449,0
6515,102.76,16376.1531,16419.2449,0
6520,102.77,16376.1531,16419.2449,0
6522,102.77,16376.1531,16419.2449,0
6523,102.80,16376.1531,16419.2449,0
6527,102.86,16376.1531,16419.2449,0
6530,102.87,16376.1531,16419.2449,0
6534,102.88,16376.1531,16419.2449,0
6538,102.90,16376.1531,16419.2449,1
6544,102.96,16393.4084,16419.2449,0
6545,102.98,16393.4084,16419.2449,0
6548,103.08,16393.4084,16419.2449,0
6559,103.20,16393.4084,16419.2449,0
6561,103.23,16393.4084,16419.2449,0
6562,103.30,16393.4084,16419.2449,0
6563,103.33,16393.4084,16419.2449,0
6564,103.33,16393.4084,16419.2449,0
6569,103.36,16393.4084,16419.2449,0
6579,103.57,16393.4084,16419.2449,0
6581,103.62,16393.4084,16419.2449,0
6582,103.62,16393.4084,16419.2449,0
6583,103.62,16393.4084,16419.2449,0
6584,103.62,16393.4084,16419.2449,0
6586,103.63,16393.4084,16419.2449,0
6588,103.63,16393.4084,16419.2449,0
6592,103.68,16393.4084,16419.2449,0
6593,103.70,16393.4084,16419.2449,0
6595,103.73,16393.4084,16419.2449,0
6597,103.77,16393.4084,16419.2449,0
6604,103.81,16393.4084,16419.2449,0
6605,103.82,16393.4084,16419.2449,0
6612,103.85,16393.4084,16419.2449,0
6617,103.88,16393.4084,16419.2449,0
6632,103.96,16393.4084,16419.2449,0
6634,103.97,16393.4084,16419.2449,0
6645,104.01,16393.4084,16419.2449,1
6646,104.08,15944.2805,16419.2449,0
6649,104.16,15944.2805,16419.2449,0
6650,104.19,16216.9412,16419.2449,0
6652,104.30,16216.9412,16419.2449,0
6654,104.32,16247.8189,16419.2449,0
6659,104.39,16295.9380,16419.2449,0
6662,104.50,16295.9380,16419.2449,0
6663,104.54,16295.9380,16419.2449,0
6665,104.57,16295.9380,16419.2449,0
6667,104.62,16336.9944,16419.2449,0
6668,104.67,16336.9944,16419.2449,0
6669,104.71,16336.9944,16419.2449,0
6672,104.82,16371.4353,16419.2449,0
6673,104.85,16410.4029,16419.2449,0
6676,104.94,16410.4029,16419.2449,0
6680,105.08,16447.3076,16447.3076,0
6681,105.10,16447.3076,16447.3076,0
6684,105.17,16447.3076,16447.3076,0
6688,105.29,16447.3076,16447.3076,0
6700,105.42,16447.3076,16447.3076,0
6701,105.45,16479.6644,16479.6644,0
6702,105.50,16629.6960,16629.6960,0
6704,105.60,16629.6960,16629.6960,0
6714,105.67,16629.6960,16629.6960,0
6721,105.75,16629.6960,16629.6960,0
6722,105.78,16629.6960,16629.6960,0
6725,105.93,16762.7180,16762.7180,0
6732,106.07,16762.7180,16762.7180,0
6740,106.21,16762.7180,16762.7180,0
6741,106.22,16762.7180,16762.7180,0
6749,106.29,16762.7180,16762.7180,0
6758,106.38,16762.7180,16762.7180,0
6760,106.47,16762.7180,16762.7180,0
6761,106.50,16762.7180,16762.7180,0
6765,106.51,16762.7180,16762.7180,0
6772,106.55,16762.7180,16762.7180,0
6775,106.56,16762.7180,16762.7180,0
6778,106.58,16762.7180,16762.7180,0
6786,106.62,16762.7180,16762.7180,0
6789,106.63,16762.7180,16762.7180,0
6811,106.77,16762.7180,16762.7180,0
6812,106.77,16762.7180,16762.7180,0
6814,106.77,16762.7180,16762.7180,0
6816,106.82,16762.7180,16762.7180,0
6817,106.82,16762.7180,16762.7180,0
6821,106.82,16762.7180,16762.7180,0
6826,106.83,16762.7180,16762.7180,1
6836,107.08,16644.3156,16762.7180,0
6837,107.17,16762.7180,16762.7180,0
6838,107.17,16762.7180,16762.7180,0
6842,107.19,16762.7180,16762.7180,0
6845,107.19,16762.7180,16762.7180,0
6861,107.26,16762.7180,16762.7180,0
6867,107.26,16762.7180,16762.7180,0
6872,107.28,16762.7180,16762.7180,0
6873,107.28,16762.7180,16762.7180,0
6878,107.29,16762.7180,16762.7180,0
6879,107.29,16762.7180,16762.7180,0
6880,107.30,16762.7180,16762.7180,0
6885,107.33,16762.7180,16762.7180,0
6887,107.33,16762.7180,16762.7180,0
6888,107.33,16762.7180,16762.7180,0
6892,107.35,16762.7180,16762.7180,0
6893,107.35,16762.7180,16762.7180,0
6897,107.38,16762.7180,16762.7180,0
6898,107.38,16762.7180,16762.7180,0
6906,107.42,16762.7180,16762.7180,0
6909,107.44,16762.7180,16762.7180,0
6910,107.45,16762.7180,16762.7180,0
6915,107.46,16762.7180,16762.7180,0
6916,107.46,16762.7180,16762.7180,0
6918,107.46,16762.7180,16762.7180,0
6924,107.48,16762.7180,16762.7180,0
6930,107.52,16762.7180,16762.7180,0
6933,107.54,16762.7180,16762.7180,0
6938,107.58,16762.7180,16762.7180,1
6940,107.68,16688.7384,16762.7180,0
6943,107.74,16688.7384,16762.7180,0
6945,107.78,16725.1469,16762.7180,0
6946,107.80,16725.1469,16762.7180,0
6947,107.88,16725.1469,16762.7180,0
6948,107.90,16725.1469,16762.7180,0
6949,107.95,16725.1469,16762.7180,0
6950,107.97,16725.1469,16762.7180,0
6951,108.03,16767.6718,16767.6718,0
6952,108.11,16767.6718,16767.6718,0
6967,108.47,16767.6718,16767.6718,0
6968,108.50,16767.6718,16767.6718,0
6969,108.50,16767.6718,16767.6718,0
6972,108.55,16767.6718,16767.6718,0
6975,108.56,16767.6718,16767.6718,0
6978,108.59,16767.6718,16767.6718,0
6983,108.75,16767.6718,16767.6718,0
6986,108.75,16767.6718,16767.6718,0
6987,108.75,16767.6718,16767.6718,0
6991,108.79,16767.6718,16767.6718,0
7001,108.80,16767.6718,16767.6718,0
7004,108.82,16767.6718,16767.6718,0
7005,108.82,16767.6718,16767.6718,0
7012,108.84,16767.6718,16767.6718,0
7015,108.85,16767.6718,16767.6718,0
7020,108.86,16767.6718,16767.6718,0
7025,108.87,16767.6718,16767.6718,0
7048,108.95,16767.6718,16767.6718,0
7050,108.95,16767.6718,16767.6718,0
7051,108.96,16767.6718,16767.6718,0
7052,108.96,16767.6718,16767.6718,1
7053,109.06,16764.3686,16767.6718,0
7057,109.17,16767.6718,16767.6718,0
7059,109.18,16767.6718,16767.6718,0
7071,109.25,16767.6718,16767.6718,0
7074,109.26,16767.6718,16767.6718,0
7081,109.29,16767.6718,16767.6718,0
7082,109.29,16767.6718,16767.6718,0
7086,109.32,16767.6718,16767.6718,0
7089,109.33,16767.6718,16767.6718,0
7093,109.36,16767.6718,16767.6718,0
7102,109.39,16767.6718,16767.6718,0
7110,109.41,16767.6718,16767.6718,0
7111,109.41,16767.6718,16767.6718,0
7113,109.41,16767.6718,16767.6718,0
7124,109.49,16767.6718,16767.6718,0
7137,109.56,16767.6718,16767.6718,0
7138,109.56,16767.6718,16767.6718,0
7141,109.56,16767.6718,16767.6718,0
7143,109.57,16767.6718,16767.6718,0
7145,109.57,16767.6718,16767.6718,0
7152,109.59,16767.6718,16767.6718,0
7156,109.59,16767.6718,16767.6718,0
7157,109.59,16767.6718,16767.6718,0
7158,109.59,16767.6718,16767.6718,1
7167,109.90,16724.6411,16767.6718,0
7170,109.92,16724.6411,16767.6718,0
7171,109.95,16732.7560,16767.6718,0
7172,110.00,16732.7560,16767.6718,0
7176,110.16,16732.7560,16767.6718,0
7179,110.20,16732.7560,16767.6718,0
7180,110.25,16771.9876,16771.9876,0
7183,110.30,16771.9876,16771.9876,0
7190,110.37,16771.9876,16771.9876,0
7194,110.42,16771.9876,16771.9876,0
7195,110.43,16771.9876,16771.9876,0
7207,110.52,16771.9876,16771.9876,0
7210,110.61,16771.9876,16771.9876,0
7214,110.64,16771.9876,16771.9876,0
7217,110.71,16771.9876,16771.9876,0
7218,110.74,16771.9876,16771.9876,0
7227,110.76,16771.9876,16771.9876,0
7230,110.76,16771.9876,16771.9876,0
7240,110.85,16771.9876,16771.9876,0
7245,110.89,16771.9876,16771.9876,0
7253,110.92,16771.9876,16771.9876,0
7255,110.95,16771.9876,16771.9876,0
7256,110.95,16771.9876,16771.9876,0
7262,110.96,16771.9876,16771.9876,0
7273,111.05,16771.9876,16771.9876,0
7278,111.10,16771.9876,16771.9876,0
7279,111.10,16771.9876,16771.9876,0
7280,111.11,16771.9876,16771.9876,0
7281,111.11,16771.9876,16771.9876,1
7282,111.17,16694.5448,16771.9876,0
7286,111.33,16698.4224,16771.9876,0
7287,111.42,16698.4224,16771.9876,0
7292,111.55,16789.1165,16789.1165,0
7308,111.85,16789.1165,16789.1165,0
7312,111.91,16789.1165,16789.1165,0
7315,112.01,16789.1165,16789.1165,0
7318,112.05,16789.1165,16789.1165,0
7321,112.12,16789.1165,16789.1165,0
7328,112.20,16789.1165,16789.1165,0
7333,112.22,16789.1165,16789.1165,0
7337,112.26,16789.1165,16789.1165,0
7338,112.26,16789.1165,16789.1165,0
7339,112.27,16789.1165,16789.1165,0
7342,112.27,16789.1165,16789.1165,0
7343,112.27,16789.1165,16789.1165,0
7344,112.29,16789.1165,16789.1165,0
7350,112.40,16800.3730,16800.3730,0
7367,112.76,16800.3730,16800.3730,0
7370,112.88,16800.3730,16800.3730,0
7374,112.93,16800.3730,16800.3730,0
7380,112.99,16800.3730,16800.3730,0
7381,112.99,16800.3730,16800.3730,0
7383,113.03,16800.3730,16800.3730,0
7387,113.08,16800.3730,16800.3730,0
7390,113.09,16800.3730,16800.3730,0
7391,113.09,16800.3730,16800.3730,0
7392,113.13,16800.3730,16800.3730,0
7396,113.17,16800.3730,16800.3730,0
7401,113.20,16800.3730,16800.3730,0
7402,113.20,16800.3730,16800.3730,0
7407,113.23,16800.3730,16800.3730,0
7412,113.28,16800.3730,16800.3730,0
7414,113.28,16800.3730,16800.3730,0
7417,113.31,16800.8294,16800.8294,0
7419,113.40,16800.8294,16800.8294,0
7420,113.48,16800.8294,16800.8294,0
7421,113.53,16800.8294,16800.8294,0
7427,113.68,16800.8294,16800.8294,0
7428,113.68,16800.8294,16800.8294,0
7430,113.70,16800.8294,16800.8294,0
7431,113.72,16800.8294,16800.8294,0
7433,113.73,16800.8294,16800.8294,0
7434,113.75,16800.8294,16800.8294,0
7440,113.80,16800.8294,16800.8294,0
7441,113.84,16801.8625,16801.8625,0
7452,114.12,16801.8625,16801.8625,0
7458,114.24,16801.8625,16801.8625,0
7459,114.28,16801.8625,16801.8625,0
7462,114.32,16801.8625,16801.8625,0
7465,114.36,16814.1966,16814.1966,0
7470,114.56,16814.1966,16814.1966,0
7472,114.59,16814.1966,16814.1966,0
7474,114.61,16814.1966,16814.1966,0
7481,114.67,16814.1966,16814.1966,0
7483,114.72,16814.1966,16814.1966,0
7486,114.72,16814.1966,16814.1966,0
7487,114.74,16814.1966,16814.1966,0
7495,114.81,16814.1966,16814.1966,0
7498,114.86,16814.1966,16814.1966,0
7499,114.87,16814.1966,16814.1966,0
7500,114.87,16814.1966,16814.1966,0
7501,114.88,16814.1966,16814.1966,0
7504,114.95,16814.1966,16814.1966,0
7506,114.95,16814.1966,16814.1966,0
7510,114.99,16814.1966,16814.1966,0
7516,115.09,16814.1966,16814.1966,0
7522,115.17,16814.1966,16814.1966,0
7527,115.21,16814.1966,16814.1966,0
7530,115.26,16814.1966,16814.1966,0
7534,115.33,16814.1966,16814.1966,0
7539,115.39,16814.1966,16814.1966,0
7541,115.45,16814.1966,16814.1966,0
7549,115.55,16814.1966,16814.1966,0
7550,115.55,16814.1966,16814.1966,0
7556,115.63,16814.1966,16814.1966,0
7557,115.63,16814.1966,16814.1966,0
7558,115.63,16814.1966,16814.1966,0
7560,115.63,16814.1966,16814.1966,0
7566,115.64,16814.1966,16814.1966,1
7567,115.68,16686.2523,16814.1966,0
7569,115.74,16686.2523,16814.1966,0
7570,115.77,16740.7072,16814.1966,0
7575,115.91,16740.7072,16814.1966,0
7580,116.04,16740.7072,16814.1966,0
7585,116.23,16740.7072,16814.1966,0
7587,116.28,16740.7072,16814.1966,0
7589,116.29,16740.7072,16814.1966,0
7590,116.30,16740.7072,16814.1966,0
7605,116.50,16740.7072,16814.1966,0
7606,116.51,16740.7072,16814.1966,0
7607,116.51,16740.7072,16814.1966,0
7610,116.51,16740.7072,16814.1966,0
7617,116.59,16740.7072,16814.1966,0
7620,116.60,16740.7072,16814.1966,0
7629,116.66,16740.7072,16814.1966,0
7631,116.66,16740.7072,16814.1966,0
7637,116.68,16740.7072,16814.1966,0
7640,116.72,16740.7072,16814.1966,0
7641,116.73,16740.7072,16814.1966,0
7642,116.73,16740.7072,16814.1966,0
7643,116.77,16740.7072,16814.1966,0
7646,116.80,16740.7072,16814.1966,0
7648,116.80,16740.7072,16814.1966,0
7652,116.86,16740.7072,16814.1966,0
7655,116.92,16740.7072,16814.1966,0
7663,116.96,16740.7072,16814.1966,0
7666,117.00,16740.7072,16814.1966,0
7671,117.04,16740.7072,16814.1966,1
7672,117.12,16514.1811,16814.1966,0
7676,117.27,16514.1811,16814.1966,0
7679,117.37,16528.5160,16814.1966,0
7682,117.57,16528.5160,16814.1966,0
7683,117.60,16528.5160,16814.1966,0
7687,117.66,16528.5160,16814.1966,0
7688,117.70,16528.5160,16814.1966,0
7693,117.84,16528.5160,16814.1966,0
7697,117.92,16528.5160,16814.1966,0
7699,117.97,16528.5160,16814.1966,0
7711,118.11,16528.5160,16814.1966,0
7712,118.11,16528.5160,16814.1966,0
7713,118.11,16528.5160,16814.1966,0
7717,118.17,16528.5160,16814.1966,0
7718,118.17,16528.5160,16814.1966,0
7719,118.17,16528.5160,16814.1966,0
7727,118.22,16528.5160,16814.1966,0
7731,118.24,16528.5160,16814.1966,0
7732,118.24,16528.5160,16814.1966,0
7735,118.31,16528.5160,16814.1966,0
7737,118.32,16528.5160,16814.1966,0
7738,118.32,16528.5160,16814.1966,0
7746,118.38,16528.5160,16814.1966,0
7748,118.38,16528.5160,16814.1966,0
7756,118.44,16528.5160,16814.1966,0
7758,118.49,16567.0696,16814.1966,0
7763,118.66,16567.0696,16814.1966,0
7764,118.70,16567.0696,16814.1966,0
7766,118.83,16567.0696,16814.1966,0
7770,118.91,16567.0696,16814.1966,0
7773,118.95,16567.0696,16814.1966,0
7778,119.09,16567.0696,16814.1966,0
7780,119.14,16567.0696,16814.1966,0
7790,119.26,16567.0696,16814.1966,0
7791,119.32,16567.0696,16814.1966,0
7794,119.33,16567.0696,16814.1966,0
7798,119.38,16567.0696,16814.1966,0
7799,119.40,16567.0696,16814.1966,0
7803,119.41,16567.0696,16814.1966,0
7806,119.46,16567.0696,16814.1966,0
7810,119.48,16567.0696,16814.1966,0
7811,119.48,16567.0696,16814.1966,0
7813,119.52,16567.0696,16814.1966,0
7815,119.53,16567.0696,16814.1966,0
7826,119.61,16567.0696,16814.1966,0
7827,119.65,16582.5500,16814.1966,0
7828,119.70,16582.5500,16814.1966,0
7829,119.75,16702.2712,16814.1966,0
7831,119.81,16705.4905,16814.1966,0
7833,119.85,16705.4905,16814.1966,0
7835,119.91,16705.4905,16814.1966,0
7838,120.00,16705.4905,16814.1966,0
7839,120.02,16705.4905,16814.1966,0
7840,120.02,16705.4905,16814.1966,0
7845,120.11,16705.4905,16814.1966,0
7847,120.15,16752.6960,16814.1966,0
7868,120.60,16752.6960,16814.1966,0
7869,120.60,16752.6960,16814.1966,0
7870,120.69,16758.9454,16814.1966,0
7873,120.82,16758.9454,16814.1966,0
7874,120.84,16758.9454,16814.1966,0
7876,120.85,16758.9454,16814.1966,0
7877,120.85,16758.9454,16814.1966,0
7878,120.85,16758.9454,16814.1966,0
7882,121.00,16758.9454,16814.1966,0
7888,121.11,16758.9454,16814.1966,0
7896,121.18,16758.9454,16814.1966,0
7898,121.19,16758.9454,16814.1966,0
7899,121.19,16758.9454,16814.1966,0
7904,121.23,16758.9454,16814.1966,0
7905,121.23,16758.9454,16814.1966,0
7916,121.39,16758.9454,16814.1966,0
7921,121.46,16758.9454,16814.1966,0
7927,121.50,16758.9454,16814.1966,0
7933,121.57,16758.9454,16814.1966,0
7934,121.57,16758.9454,16814.1966,0
7937,121.61,16758.9454,16814.1966,0
7939,121.67,16758.9454,16814.1966,0
7940,121.68,16758.9454,16814.1966,0
7941,121.68,16758.9454,16814.1966,0
7949,121.73,16758.9454,16814.1966,0
7955,121.79,16758.9454,16814.1966,0
7957,121.90,16758.9454,16814.1966,0
7958,121.93,16758.9454,16814.1966,0
7959,121.93,16758.9454,16814.1966,0
7970,121.98,16758.9454,16814.1966,0
7971,121.98,16758.9454,16814.1966,1
7972,122.05,16033.7556,16814.1966,0
7975,122.21,16033.7556,16814.1966,0
7979,122.32,16374.3683,16814.1966,0
7981,122.38,16553.3542,16814.1966,0
7989,122.50,16562.7857,16814.1966,0
7992,122.54,16562.7857,16814.1966,0
7993,122.56,16562.7857,16814.1966,0
7996,122.62,16562.7857,16814.1966,0
7997,122.62,16562.7857,16814.1966,0
7998,122.64,16562.7857,16814.1966,0
8003,122.68,16562.7857,16814.1966,0
8008,122.70,16562.7857,16814.1966,0
8016,122.82,16562.7857,16814.1966,0
8017,122.82,16562.7857,16814.1966,0
8019,122.85,16562.7857,16814.1966,0
8022,122.89,16562.7857,16814.1966,0
8023,122.91,16562.7857,16814.1966,0
8026,122.91,16562.7857,16814.1966,0
8028,122.95,16562.7857,16814.1966,0
8032,122.97,16562.7857,16814.1966,0
8037,123.01,16562.7857,16814.1966,0
8038,123.01,16562.7857,16814.1966,0
8039,123.01,16562.7857,16814.1966,0
8040,123.05,16562.7857,16814.1966,0
8042,123.07,16622.8064,16814.1966,0
8043,123.13,16631.0100,16814.1966,0
8047,123.16,16631.0100,16814.1966,0
8048,123.18,16631.0100,16814.1966,0
8050,123.20,16631.0100,16814.1966,0
8064,123.30,16631.0100,16814.1966,0
8065,123.32,16631.0100,16814.1966,0
8066,123.34,16732.8424,16814.1966,0
8067,123.34,16732.8424,16814.1966,0
8070,123.36,16732.8424,16814.1966,0
8071,123.38,16732.8424,16814.1966,0
8072,123.39,16732.8424,16814.1966,0
8074,123.39,16732.8424,16814.1966,0
8081,123.47,16732.8424,16814.1966,0
8086,123.51,16732.8424,16814.1966,0
8087,123.53,16732.8424,16814.1966,0
8089,123.55,16732.8424,16814.1966,0
8092,123.57,16732.8424,16814.1966,0
8097,123.58,16732.8424,16814.1966,0
8100,123.58,16732.8424,16814.1966,0
8103,123.59,16732.8424,16814.1966,0
8105,123.60,16732.8424,16814.1966,0
8107,123.60,16732.8424,16814.1966,0
8111,123.60,16732.8424,16814.1966,0
8115,123.62,16732.8424,16814.1966,0
8116,123.63,16732.8424,16814.1966,0
8117,123.63,16732.8424,16814.1966,0
8118,123.63,16732.8424,16814.1966,0
8119,123.63,16732.8424,16814.1966,0
8121,123.64,16732.8424,16814.1966,0
8123,123.64,16732.8424,16814.1966,0
8125,123.64,16732.8424,16814.1966,0
8126,123.64,16732.8424,16814.1966,0
8127,123.64,16732.8424,16814.1966,0
8132,123.66,16732.8424,16814.1966,0
8140,123.69,16732.8424,16814.1966,0
8141,123.70,16732.8424,16814.1966,0
8142,123.70,16732.8424,16814.1966,0
8147,123.74,16732.8424,16814.1966,0
8159,123.88,16732.8424,16814.1966,0
8161,123.88,16732.8424,16814.1966,0
8163,123.89,16732.8424,16814.1966,0
8166,123.94,16732.8424,16814.1966,0
8167,123.94,16732.8424,16814.1966,1
8168,123.97,16252.4776,16814.1966,0
8169,123.99,16252.4776,16814.1966,0
8170,124.00,16296.8398,16814.1966,0
8171,124.02,16296.8398,16814.1966,0
8172,124.04,16301.7764,16814.1966,0
8173,124.05,16301.7764,16814.1966,0
8174,124.07,16301.7764,16814.1966,0
8175,124.07,16301.7764,16814.1966,0
8176,124.09,16301.7764,16814.1966,0
8177,124.09,16301.7764,16814.1966,0
8178,124.09,16301.7764,16814.1966,0
8180,124.11,16333.7598,16814.1966,0
8181,124.13,16333.7598,16814.1966,0
8182,124.15,16335.8804,16814.1966,0
8183,124.16,16335.8804,16814.1966,0
8184,124.18,16335.8804,16814.1966,0
8185,124.18,16335.8804,16814.1966,0
8187,124.23,16335.8804,16814.1966,0
8188,124.26,16550.3302,16814.1966,0
8189,124.28,16550.3302,16814.1966,0
8190,124.30,16550.3302,16814.1966,0
8191,124.32,16550.3302,16814.1966,0
8193,124.34,16550.3302,16814.1966,0
8196,124.43,16555.2686,16814.1966,0
8197,124.46,16555.2686,16814.1966,0
8198,124.49,16854.9595,16854.9595,0
8199,124.53,16854.9595,16854.9595,0
8200,124.55,16854.9595,16854.9595,0
8202,124.57,16854.9595,16854.9595,0
8203,124.61,16861.5732,16861.5732,0
8207,124.67,16936.3915,16936.3915,0
8208,124.70,16987.4435,16987.4435,0
8210,124.74,16987.4435,16987.4435,0
8213,124.82,16987.7816,16987.7816,0
8214,124.87,16987.7816,16987.7816,0
8216,124.99,16987.7816,16987.7816,0
8218,125.01,16987.7816,16987.7816,0
8221,125.17,16987.7816,16987.7816,0
8222,125.24,16987.7816,16987.7816,0
8224,125.29,16987.7816,16987.7816,0
8225,125.34,16987.7816,16987.7816,0
8230,125.50,16987.7816,16987.7816,0
8231,125.50,16987.7816,16987.7816,0
8232,125.58,16987.7816,16987.7816,0
8236,125.66,16987.7816,16987.7816,0
8237,125.69,16987.7816,16987.7816,0
8240,125.71,16987.7816,16987.7816,0
8241,125.75,16990.9874,16990.9874,0
8245,125.97,16990.9874,16990.9874,0
8251,126.12,16990.9874,16990.9874,0
8252,126.12,16990.9874,16990.9874,0
8256,126.22,16990.9874,16990.9874,0
8264,126.32,16990.9874,16990.9874,0
8270,126.48,16990.9874,16990.9874,0
8272,126.51,16990.9874,16990.9874,0
8274,126.53,16990.9874,16990.9874,0
8283,126.65,16990.9874,16990.9874,0
8286,126.65,16990.9874,16990.9874,0
8287,126.74,16990.9874,16990.9874,0
8290,126.78,16990.9874,16990.9874,0
8295,126.82,16990.9874,16990.9874,0
8299,126.92,16990.9874,16990.9874,0
8301,126.92,16990.9874,16990.9874,0
8302,126.92,16990.9874,16990.9874,0
8309,127.03,16990.9874,16990.9874,0
8310,127.03,16990.9874,16990.9874,0
8314,127.07,16990.9874,16990.9874,0
8326,127.19,16990.9874,16990.9874,0
8332,127.25,16990.9874,16990.9874,0
8333,127.25,16990.9874,16990.9874,0
8340,127.33,16990.9874,16990.9874,0
8341,127.33,16990.9874,16990.9874,0
8342,127.33,16990.9874,16990.9874,1
8344,127.36,16777.3502,16990.9874,0
8345,127.38,16777.3502,16990.9874,0
8346,127.41,16987.4435,16990.9874,0
8348,127.51,16987.4435,16990.9874,0
8350,127.57,16987.4435,16990.9874,0
8354,127.63,16987.4435,16990.9874,0
8360,127.76,16987.4435,16990.9874,0
8361,127.80,16987.4435,16990.9874,0
8362,127.82,16987.4435,16990.9874,0
8363,127.85,16987.4435,16990.9874,0
8364,127.89,16987.4435,16990.9874,0
8369,127.98,16987.4435,16990.9874,0
8370,127.98,16987.4435,16990.9874,0
8373,128.01,16987.4435,16990.9874,0
8376,128.01,16987.4435,16990.9874,0
8378,128.01,16987.4435,16990.9874,0
8379,128.04,16987.7816,16990.9874,0
8380,128.04,16987.7816,16990.9874,0
8386,128.15,16987.7816,16990.9874,0
8391,128.23,16990.9874,16990.9874,0
8392,128.23,16990.9874,16990.9874,0
8393,128.23,16990.9874,16990.9874,0
8396,128.27,16990.9874,16990.9874,0
8397,128.32,16990.9874,16990.9874,0
8398,128.32,16990.9874,16990.9874,0
8399,128.41,16990.9874,16990.9874,0
8401,128.41,16990.9874,16990.9874,0
8402,128.50,16990.9874,16990.9874,0
8405,128.52,16990.9874,16990.9874,0
8407,128.53,16990.9874,16990.9874,0
8410,128.55,16990.9874,16990.9874,0
8411,128.55,16990.9874,16990.9874,0
8412,128.59,16990.9874,16990.9874,0
8414,128.59,16990.9874,16990.9874,0
8415,128.60,16990.9874,16990.9874,0
8419,128.62,16990.9874,16990.9874,0
8422,128.66,16990.9874,16990.9874,0
8423,128.66,16990.9874,16990.9874,0
8424,128.67,16990.9874,16990.9874,0
8430,128.71,16990.9874,16990.9874,0
8432,128.71,16990.9874,16990.9874,0
8436,128.75,16990.9874,16990.9874,0
8437,128.75,16990.9874,16990.9874,0
8439,128.77,16990.9874,16990.9874,0
8440,128.77,16990.9874,16990.9874,0
8442,128.85,16990.9874,16990.9874,0
8444,128.87,16990.9874,16990.9874,0
8447,128.91,16990.9874,16990.9874,0
8449,128.91,16990.9874,16990.9874,0
8451,128.92,16990.9874,16990.9874,0
8455,128.95,16990.9874,16990.9874,0
8458,128.97,16990.9874,16990.9874,0
8462,129.00,16990.9874,16990.9874,0
8463,129.00,16990.9874,16990.9874,0
8464,129.00,16990.9874,16990.9874,0
8472,129.09,16990.9874,16990.9874,0
8475,129.12,16990.9874,16990.9874,0
8479,129.14,16990.9874,16990.9874,0
8486,129.17,16990.9874,16990.9874,0
8487,129.17,16990.9874,16990.9874,0
8490,129.17,16990.9874,16990.9874,0
8492,129.17,16990.9874,16990.9874,1
8493,129.21,16547.0062,16990.9874,0
8494,129.23,16547.0062,16990.9874,0
8495,129.25,16694.1524,16990.9874,0
8501,129.35,16694.1524,16990.9874,0
8509,129.43,16694.1524,16990.9874,0
8511,129.47,16694.1524,16990.9874,0
8512,129.47,16694.1524,16990.9874,0
8513,129.49,16694.1524,16990.9874,0
8515,129.51,16694.1524,16990.9874,0
8519,129.53,16694.1524,16990.9874,0
8527,129.56,16694.1524,16990.9874,0
8536,129.61,16694.1524,16990.9874,0
8537,129.61,16694.1524,16990.9874,0
8538,129.62,16694.1524,16990.9874,0
8539,129.62,16694.1524,16990.9874,0
8540,129.62,16694.1524,16990.9874,0
8543,129.63,16694.1524,16990.9874,0
8547,129.70,16694.1524,16990.9874,0
8551,129.73,16694.1524,16990.9874,0
8558,129.79,16694.1524,16990.9874,0
8563,129.84,16694.1524,16990.9874,0
8568,129.87,16694.1524,16990.9874,0
8572,129.89,16694.1524,16990.9874,0
8576,129.94,16694.1524,16990.9874,0
8591,130.01,16694.1524,16990.9874,0
8592,130.02,16694.1524,16990.9874,0
8595,130.06,16694.1524,16990.9874,0
8596,130.06,16694.1524,16990.9874,1
8597,130.10,16372.1958,16990.9874,0
8598,130.12,16372.1958,16990.9874,0
8600,130.16,16499.7524,16990.9874,0
8601,130.18,16499.7524,16990.9874,0
8602,130.20,16499.7524,16990.9874,0
8603,130.22,16694.1524,16990.9874,0
8604,130.22,16694.1524,16990.9874,0
8608,130.22,16694.1524,16990.9874,0
8610,130.23,16694.1524,16990.9874,0
8613,130.23,16694.1524,16990.9874,0
8619,130.30,16694.1524,16990.9874,0
8620,130.30,16694.1524,16990.9874,0
8621,130.30,16694.1524,16990.9874,0
8628,130.37,16694.1524,16990.9874,0
8631,130.41,16694.1524,16990.9874,0
8634,130.43,16694.1524,16990.9874,0
8638,130.48,16694.1524,16990.9874,0
8639,130.48,16694.1524,16990.9874,0
8645,130.52,16694.1524,16990.9874,0
8651,130.58,16694.1524,16990.9874,0
8652,130.58,16694.1524,16990.9874,0
8656,130.62,16694.1524,16990.9874,0
8663,130.69,16694.1524,16990.9874,0
8664,130.70,16694.1524,16990.9874,0
8668,130.71,16694.1524,16990.9874,0
8683,130.84,16694.1524,16990.9874,0
8684,130.87,16694.1524,16990.9874,0
8685,130.88,16694.1524,16990.9874,0
8686,130.88,16694.1524,16990.9874,0
8688,130.90,16694.1524,16990.9874,0
8690,130.91,16694.1524,16990.9874,0
8692,130.94,16694.1524,16990.9874,0
8694,130.94,16694.1524,16990.9874,0
8695,130.94,16694.1524,16990.9874,0
8701,130.97,16694.1524,16990.9874,0
8704,130.98,16694.1524,16990.9874,1
8705,131.02,16073.0832,16990.9874,0
8706,131.03,16073.0832,16990.9874,0
8708,131.05,16073.0832,16990.9874,0
8709,131.09,16073.0832,16990.9874,0
8710,131.11,16073.0832,16990.9874,0
8711,131.12,16073.0832,16990.9874,0
8712,131.14,16324.4434,16990.9874,0
8713,131.17,16402.8952,16990.9874,0
8716,131.21,16402.8952,16990.9874,0
8718,131.23,16403.5500,16990.9874,0
8723,131.27,16403.5500,16990.9874,0
8724,131.28,16403.5500,16990.9874,0
8725,131.30,16403.5500,16990.9874,0
8727,131.34,16441.1002,16990.9874,0
8735,131.40,16441.1002,16990.9874,0
8737,131.42,16441.1002,16990.9874,0
8739,131.45,16441.1002,16990.9874,0
8745,131.53,16441.1002,16990.9874,0
8748,131.58,16441.1002,16990.9874,0
8751,131.61,16441.1002,16990.9874,0
8752,131.61,16441.1002,16990.9874,0
8756,131.63,16441.1002,16990.9874,0
8757,131.65,16441.1002,16990.9874,0
8758,131.65,16441.1002,16990.9874,0
8759,131.68,16441.1002,16990.9874,0
8762,131.72,16441.1002,16990.9874,0
8764,131.72,16441.1002,16990.9874,0
8765,131.72,16441.1002,16990.9874,0
8768,131.74,16441.1002,16990.9874,0
8770,131.76,16441.1002,16990.9874,0
8779,131.84,16441.1002,16990.9874,0
8780,131.84,16441.1002,16990.9874,0
8786,131.87,16441.1002,16990.9874,0
8787,131.87,16441.1002,16990.9874,0
8788,131.89,16441.1002,16990.9874,0
8789,131.91,16441.1002,16990.9874,0
8792,131.91,16441.1002,16990.9874,0
8793,131.92,16441.1002,16990.9874,0
8797,131.94,16441.1002,16990.9874,0
8799,131.94,16441.1002,16990.9874,0
8803,131.95,16441.1002,16990.9874,0
8806,131.97,16441.1002,16990.9874,0
8807,131.99,16441.1002,16990.9874,0
8810,132.00,16441.1002,16990.9874,0
8815,132.02,16441.1002,16990.9874,0
8816,132.02,16441.1002,16990.9874,0
8817,132.02,16441.1002,16990.9874,0
8820,132.02,16441.1002,16990.9874,0
8822,132.05,16441.1002,16990.9874,0
8828,132.07,16441.1002,16990.9874,1
8829,132.10,15559.5877,16990.9874,0
8830,132.12,15785.0628,16990.9874,0
8832,132.14,15785.0628,16990.9874,0
8833,132.16,15785.0628,16990.9874,0
8834,132.18,15785.0628,16990.9874,0
8835,132.21,16034.9356,16990.9874,0
8836,132.23,16034.9356,16990.9874,0
8837,132.25,16034.9356,16990.9874,0
8839,132.27,16045.2050,16990.9874,0
8840,132.29,16045.2050,16990.9874,0
8844,132.33,16045.2050,16990.9874,0
8845,132.35,16045.2050,16990.9874,0
8846,132.37,16180.8761,16990.9874,0
8849,132.40,16273.7982,16990.9874,0
8850,132.43,16374.7474,16990.9874,0
8852,132.45,16374.7474,16990.9874,0
8853,132.45,16374.7474,16990.9874,0
8855,132.47,16374.7474,16990.9874,0
8856,132.48,16374.7474,16990.9874,0
8865,132.58,16374.7474,16990.9874,0
8866,132.60,16374.7474,16990.9874,0
8868,132.62,16374.7474,16990.9874,0
8869,132.62,16374.7474,16990.9874,0
8876,132.68,16374.7474,16990.9874,0
8879,132.69,16374.7474,16990.9874,0
8895,132.80,16374.7474,16990.9874,0
8904,132.83,16374.7474,16990.9874,0
8905,132.83,16374.7474,16990.9874,0
8909,132.84,16374.7474,16990.9874,0
8913,132.87,16374.7474,16990.9874,0
8914,132.87,16374.7474,16990.9874,0
8920,132.94,16374.7474,16990.9874,0
8921,132.94,16374.7474,16990.9874,0
8922,132.96,16376.9408,16990.9874,0
8924,132.98,16376.9408,16990.9874,0
8926,133.01,16376.9408,16990.9874,0
8928,133.03,16376.9408,16990.9874,0
8935,133.06,16376.9408,16990.9874,0
8938,133.07,16376.9408,16990.9874,0
8945,133.13,16376.9408,16990.9874,0
8946,133.13,16376.9408,16990.9874,0
8949,133.17,16376.9408,16990.9874,0
8952,133.18,16376.9408,16990.9874,0
8953,133.18,16376.9408,16990.9874,0
8955,133.18,16376.9408,16990.9874,0
8960,133.23,16376.9408,16990.9874,0
8961,133.23,16376.9408,16990.9874,0
8963,133.26,16376.9408,16990.9874,0
8964,133.29,16376.9408,16990.9874,0
8970,133.37,16376.9408,16990.9874,0
8971,133.39,16376.9408,16990.9874,0
8974,133.41,16376.9408,16990.9874,0
8977,133.44,16376.9408,16990.9874,0
8983,133.47,16376.9408,16990.9874,0
8984,133.47,16376.9408,16990.9874,0
8988,133.50,16376.9408,16990.9874,0
8994,133.54,16376.9408,16990.9874,0
8997,133.58,16376.9408,16990.9874,0
9003,133.62,16376.9408,16990.9874,0
9007,133.65,16376.9408,16990.9874,0
9010,133.65,16376.9408,16990.9874,0
9011,133.65,16376.9408,16990.9874,0
9012,133.66,16376.9408,16990.9874,0
9014,133.68,16376.9408,16990.9874,0
9015,133.68,16376.9408,16990.9874,0
9019,133.70,16376.9408,16990.9874,0
9020,133.70,16376.9408,16990.9874,0
9023,133.70,16376.9408,16990.9874,1
9024,133.74,15585.7467,16990.9874,0
9026,133.76,15585.7467,16990.9874,0
9027,133.80,15856.0095,16990.9874,0
9029,133.83,15856.0095,16990.9874,0
9032,133.85,16002.2592,16990.9874,0
9033,133.87,16083.0961,16990.9874,0
9034,133.89,16083.0961,16990.9874,0
9035,133.92,16083.0961,16990.9874,0
9039,133.94,16083.0961,16990.9874,0
9041,133.96,16155.8088,16990.9874,0
9043,133.98,16155.8088,16990.9874,0
9044,133.99,16155.8088,16990.9874,0
9045,134.01,16155.8088,16990.9874,0
9047,134.04,16366.7581,16990.9874,0
9048,134.06,16434.6151,16990.9874,0
9050,134.07,16434.6151,16990.9874,0
9051,134.09,16447.1586,16990.9874,0
9052,134.11,16447.1586,16990.9874,0
9053,134.13,16447.1586,16990.9874,0
9055,134.14,16447.1586,16990.9874,0
9058,134.16,16447.1586,16990.9874,0
9059,134.18,16617.3656,16990.9874,0
9061,134.20,16629.4269,16990.9874,0
9062,134.22,16629.4269,16990.9874,0
9066,134.28,16629.4269,16990.9874,0
9070,134.32,16629.4269,16990.9874,0
9071,134.32,16629.4269,16990.9874,0
9078,134.37,16629.4269,16990.9874,0
9079,134.37,16629.4269,16990.9874,0
9081,134.42,16629.4269,16990.9874,0
9083,134.43,16629.4269,16990.9874,0
9087,134.48,16629.4269,16990.9874,0
9090,134.50,16629.4269,16990.9874,0
9100,134.65,16713.2495,16990.9874,0
9101,134.68,16876.2000,16990.9874,0
9104,134.70,16876.2000,16990.9874,0
9112,134.80,16876.2000,16990.9874,0
9114,134.83,16876.2000,16990.9874,0
9116,134.86,16876.2000,16990.9874,0
9121,134.88,16876.2000,16990.9874,0
9122,134.90,16876.2000,16990.9874,0
9124,134.91,16876.2000,16990.9874,0
9129,134.98,16876.2000,16990.9874,0
9134,135.00,16876.2000,16990.9874,0
9135,135.00,16876.2000,16990.9874,0
9136,135.00,16876.2000,16990.9874,0
9140,135.05,16876.2000,16990.9874,0
9142,135.05,16876.2000,16990.9874,0
9143,135.05,16876.2000,16990.9874,0
9148,135.09,16876.2000,16990.9874,0
9151,135.11,16876.2000,16990.9874,0
9154,135.12,16876.2000,16990.9874,0
9157,135.12,16876.2000,16990.9874,0
9162,135.15,16876.2000,16990.9874,0
9163,135.16,16876.2000,16990.9874,0
9167,135.19,16876.2000,16990.9874,0
9171,135.24,16876.2000,16990.9874,0
9173,135.27,16876.2000,16990.9874,0
9184,135.36,16876.2000,16990.9874,0
9185,135.37,16876.2000,16990.9874,0
9187,135.38,16876.2000,16990.9874,0
9191,135.40,16876.2000,16990.9874,0
9192,135.40,16876.2000,16990.9874,0
9195,135.42,16876.2000,16990.9874,0
9197,135.43,16876.2000,16990.9874,0
9198,135.43,16876.2000,16990.9874,0
9202,135.45,16876.2000,16990.9874,1
9203,135.48,16026.9370,16990.9874,0
9204,135.50,16026.9370,16990.9874,0
9205,135.52,16026.9370,16990.9874,0
9206,135.54,16026.9370,16990.9874,0
9209,135.56,16276.9973,16990.9874,0
9210,135.59,16295.8189,16990.9874,0
9211,135.62,16495.6996,16990.9874,0
9212,135.63,16495.6996,16990.9874,0
9213,135.65,16495.6996,16990.9874,0
9215,135.67,16495.6996,16990.9874,0
9218,135.71,16496.0907,16990.9874,0
9219,135.72,16496.0907,16990.9874,0
9223,135.78,16496.0907,16990.9874,0
9224,135.80,16496.0907,16990.9874,0
9225,135.82,16496.0907,16990.9874,0
9229,135.87,16496.0907,16990.9874,0
9233,135.92,16516.9349,16990.9874,0
9234,135.94,16516.9349,16990.9874,0
9236,135.96,16516.9349,16990.9874,0
9237,135.98,16516.9349,16990.9874,0
9239,136.01,16677.6379,16990.9874,0
9240,136.03,16677.6379,16990.9874,0
9242,136.04,16677.6379,16990.9874,0
9243,136.06,16677.6379,16990.9874,0
9249,136.17,16677.6379,16990.9874,0
9250,136.22,16677.6379,16990.9874,0
9254,136.28,16677.6379,16990.9874,0
9261,136.32,16677.6379,16990.9874,0
9268,136.35,16677.6379,16990.9874,0
9274,136.42,16677.6379,16990.9874,0
9278,136.46,16677.6379,16990.9874,0
9281,136.49,16677.6379,16990.9874,0
9283,136.49,16677.6379,16990.9874,0
9296,136.57,16677.6379,16990.9874,0
9298,136.59,16677.6379,16990.9874,0
9301,136.62,16677.6379,16990.9874,0
9302,136.62,16677.6379,16990.9874,0
9303,136.63,16677.6379,16990.9874,0
9304,136.63,16677.6379,16990.9874,0
9315,136.75,16677.6379,16990.9874,0
9317,136.76,16677.6379,16990.9874,0
9322,136.77,16677.6379,16990.9874,0
9323,136.77,16677.6379,16990.9874,0
9325,136.79,16677.6379,16990.9874,0
9326,136.80,16677.6379,16990.9874,0
9328,136.82,16677.6379,16990.9874,0
9329,136.82,16677.6379,16990.9874,0
9331,136.82,16677.6379,16990.9874,0
9332,136.82,16677.6379,16990.9874,0
9335,136.83,16677.6379,16990.9874,0
9336,136.83,16677.6379,16990.9874,0
9340,136.85,16677.6379,16990.9874,1
9341,136.88,15357.2785,16990.9874,0
9342,136.90,15357.2785,16990.9874,0
9343,136.92,15451.1084,16990.9874,0
9344,136.94,15661.8796,16990.9874,0
9345,136.95,15661.8796,16990.9874,0
9348,136.97,15661.8796,16990.9874,0
9349,136.99,15686.4883,16990.9874,0
9350,137.01,15840.2180,16990.9874,0
9351,137.02,15840.2180,16990.9874,0
9354,137.04,15840.2180,16990.9874,0
9355,137.06,15840.2180,16990.9874,0
9357,137.08,15840.2180,16990.9874,0
9358,137.09,15840.2180,16990.9874,0
9361,137.10,15840.2180,16990.9874,0
9362,137.10,15840.2180,16990.9874,0
9365,137.17,15856.0230,16990.9874,0
9366,137.18,15856.0230,16990.9874,0
9369,137.21,15856.0230,16990.9874,0
9371,137.26,15856.0230,16990.9874,0
9373,137.28,15856.0230,16990.9874,0
9374,137.30,15856.0230,16990.9874,0
9375,137.32,15856.0230,16990.9874,0
9376,137.34,15856.0230,16990.9874,0
9377,137.34,15856.0230,16990.9874,0
9378,137.36,16009.3182,16990.9874,0
9379,137.39,16009.3182,16990.9874,0
9380,137.41,16084.3563,16990.9874,0
9381,137.43,16084.3563,16990.9874,0
9384,137.45,16084.3563,16990.9874,0
9385,137.47,16093.5709,16990.9874,0
9386,137.49,16364.9233,16990.9874,0
9388,137.55,16364.9233,16990.9874,0
9389,137.58,16377.1501,16990.9874,0
9391,137.62,16473.5146,16990.9874,0
9394,137.64,16473.5146,16990.9874,0
9395,137.65,16473.5146,16990.9874,0
9396,137.68,16662.5898,16990.9874,0
9399,137.70,16662.5898,16990.9874,0
9400,137.72,16662.5898,16990.9874,0
9403,137.73,16662.5898,16990.9874,0
9406,137.74,16662.5898,16990.9874,0
9412,137.78,16662.5898,16990.9874,0
9414,137.81,16662.5898,16990.9874,0
9415,137.83,16662.5898,16990.9874,0
9421,137.91,16662.5898,16990.9874,0
9422,137.91,16662.5898,16990.9874,0
9423,137.91,16662.5898,16990.9874,0
9426,137.96,16662.5898,16990.9874,0
9428,137.97,16662.5898,16990.9874,0
9435,138.02,16662.5898,16990.9874,0
9436,138.04,16662.5898,16990.9874,0
9438,138.05,16662.5898,16990.9874,0
9440,138.07,16662.5898,16990.9874,0
9442,138.10,16662.5898,16990.9874,0
9445,138.10,16662.5898,16990.9874,0
9448,138.13,16662.5898,16990.9874,0
9454,138.18,16662.5898,16990.9874,0
9456,138.18,16662.5898,16990.9874,0
9462,138.26,16662.5898,16990.9874,0
9465,138.29,16662.5898,16990.9874,0
9469,138.32,16662.5898,16990.9874,0
9471,138.33,16662.5898,16990.9874,0
9479,138.35,16662.5898,16990.9874,0
9480,138.35,16662.5898,16990.9874,0
9486,138.37,16662.5898,16990.9874,0
9491,138.42,16662.5898,16990.9874,0
9492,138.42,16662.5898,16990.9874,0
9493,138.42,16662.5898,16990.9874,0
9494,138.43,16662.5898,16990.9874,0
9495,138.43,16662.5898,16990.9874,0
9497,138.43,16662.5898,16990.9874,1
9498,138.46,14730.1136,16990.9874,0
9499,138.48,14826.6253,16990.9874,0
9500,138.50,14826.6253,16990.9874,0
9501,138.53,14963.5156,16990.9874,0
9502,138.55,14963.5156,16990.9874,0
9504,138.57,15179.8303,16990.9874,0
9508,138.60,15179.8303,16990.9874,0
9511,138.64,15179.8303,16990.9874,0
9512,138.66,15258.5386,16990.9874,0
9514,138.68,15370.6530,16990.9874,0
9520,138.76,15370.6530,16990.9874,0
9524,138.78,15370.6530,16990.9874,0
9525,138.79,15370.6530,16990.9874,0
9527,138.81,15370.6530,16990.9874,0
9530,138.86,15370.6530,16990.9874,0
9531,138.88,15370.6530,16990.9874,0
9537,138.95,15370.6530,16990.9874,0
9538,138.95,15370.6530,16990.9874,0
9540,138.96,15370.6530,16990.9874,0
9542,138.97,15370.6530,16990.9874,0
9544,139.00,15370.6530,16990.9874,0
9547,139.03,15370.6530,16990.9874,0
9549,139.05,15370.6530,16990.9874,0
9550,139.05,15370.6530,16990.9874,0
9551,139.07,15370.6530,16990.9874,0
9553,139.09,15370.6530,16990.9874,0
9555,139.12,15370.6530,16990.9874,0
9556,139.13,15370.6530,16990.9874,0
9557,139.13,15370.6530,16990.9874,0
9558,139.13,15370.6530,16990.9874,0
9559,139.15,15370.6530,16990.9874,0
9560,139.15,15370.6530,16990.9874,0
9562,139.17,15464.1205,16990.9874,0
9563,139.21,15464.1205,16990.9874,0
9564,139.23,15613.3315,16990.9874,0
9565,139.24,15613.3315,16990.9874,0
9566,139.26,15613.3315,16990.9874,0
9568,139.29,15722.7234,16990.9874,0
9570,139.33,15722.7234,16990.9874,0
9571,139.35,15722.7234,16990.9874,0
9573,139.38,15722.7234,16990.9874,0
9574,139.40,15722.7234,16990.9874,0
9580,139.48,15722.7234,16990.9874,0
9588,139.54,15722.7234,16990.9874,0
9590,139.56,15722.7234,16990.9874,0
9593,139.58,15722.7234,16990.9874,0
9594,139.58,15722.7234,16990.9874,0
9598,139.62,15723.1958,16990.9874,0
9603,139.71,15723.1958,16990.9874,0
9605,139.73,15723.1958,16990.9874,0
9606,139.75,15723.1958,16990.9874,0
9608,139.78,15723.1958,16990.9874,0
9610,139.82,15723.1958,16990.9874,0
9612,139.87,15723.1958,16990.9874,0
9613,139.87,15723.1958,16990.9874,0
9614,139.89,15723.1958,16990.9874,0
9621,139.95,15723.1958,16990.9874,0
9622,139.97,15723.1958,16990.9874,0
9623,139.97,15723.1958,16990.9874,0
9626,139.98,15723.1958,16990.9874,0
9628,139.98,15723.1958,16990.9874,0
9632,140.05,15723.1958,16990.9874,0
9634,140.06,15723.1958,16990.9874,0
9637,140.06,15723.1958,16990.9874,0
9638,140.08,15723.1958,16990.9874,0
9639,140.09,15723.1958,16990.9874,0
9640,140.10,15723.1958,16990.9874,0
9643,140.12,15723.1958,16990.9874,0
9645,140.14,15723.1958,16990.9874,0
9648,140.16,15723.1958,16990.9874,0
9650,140.17,15723.1958,16990.9874,0
9654,140.22,15723.1958,16990.9874,0
9655,140.23,15723.1958,16990.9874,0
9658,140.25,15723.1958,16990.9874,0
9661,140.29,15723.1958,16990.9874,0
9664,140.30,15723.1958,16990.9874,0
9666,140.32,15723.1958,16990.9874,0
9668,140.35,15723.1958,16990.9874,0
9669,140.35,15723.1958,16990.9874,0
9673,140.39,15723.1958,16990.9874,0
9674,140.40,15725.3094,16990.9874,0
9675,140.42,15725.3094,16990.9874,0
9677,140.47,15725.3094,16990.9874,0
9680,140.51,15725.3094,16990.9874,0
9683,140.56,15725.3094,16990.9874,0
9684,140.56,15725.3094,16990.9874,0
9685,140.56,15725.3094,16990.9874,0
9688,140.58,15725.3094,16990.9874,0
9690,140.58,15725.3094,16990.9874,0
9692,140.60,15725.3094,16990.9874,0
9693,140.62,15725.3094,16990.9874,0
9694,140.64,15725.3094,16990.9874,0
9695,140.64,15725.3094,16990.9874,0
9697,140.66,15725.3094,16990.9874,0
9700,140.68,15725.3094,16990.9874,0
9701,140.68,15725.3094,16990.9874,0
9702,140.70,15725.3094,16990.9874,0
9704,140.70,15725.3094,16990.9874,0
9707,140.72,15725.3094,16990.9874,0
9709,140.76,15725.3094,16990.9874,0
9712,140.82,15725.3094,16990.9874,0
9713,140.83,15725.3094,16990.9874,0
9714,140.83,15725.3094,16990.9874,0
9715,140.85,15725.3094,16990.9874,0
9717,140.87,15725.3094,16990.9874,0
9718,140.87,15725.3094,16990.9874,0
9719,140.89,15725.3094,16990.9874,0
9721,140.89,15725.3094,16990.9874,0
9723,140.89,15725.3094,16990.9874,0
9725,140.90,15725.3094,16990.9874,0
9726,140.90,15725.3094,16990.9874,0
9727,140.90,15725.3094,16990.9874,0
9728,140.90,15725.3094,16990.9874,0
9729,140.91,15725.3094,16990.9874,0
9731,140.93,15725.3094,16990.9874,0
9732,140.93,15725.3094,16990.9874,0
9734,140.96,15725.3094,16990.9874,0
9737,141.01,15725.5350,16990.9874,0
9739,141.02,15725.5350,16990.9874,0
9740,141.02,15725.5350,16990.9874,0
9743,141.10,15725.5350,16990.9874,0
9747,141.16,15725.5350,16990.9874,0
9750,141.18,15725.5350,16990.9874,0
9754,141.21,15725.5350,16990.9874,0
9755,141.21,15725.5350,16990.9874,0
9757,141.24,15725.5350,16990.9874,0
9758,141.26,15725.5350,16990.9874,0
9760,141.28,15725.5350,16990.9874,0
9762,141.28,15725.5350,16990.9874,0
9763,141.28,15725.5350,16990.9874,0
9764,141.28,15725.5350,16990.9874,0
9768,141.30,15725.5350,16990.9874,0
9770,141.32,15725.5350,16990.9874,0
9771,141.34,15725.5350,16990.9874,0
9773,141.38,15725.5350,16990.9874,0
9776,141.39,15725.5350,16990.9874,0
9777,141.39,15725.5350,16990.9874,0
9782,141.42,15725.5350,16990.9874,0
9784,141.42,15725.5350,16990.9874,0
9785,141.42,15725.5350,16990.9874,0
9786,141.44,15725.5350,16990.9874,0
9792,141.51,15730.2227,16990.9874,0
9796,141.57,15730.2227,16990.9874,0
9799,141.62,15730.2227,16990.9874,0
9800,141.64,15730.2227,16990.9874,0
9802,141.65,15730.2227,16990.9874,0
9803,141.65,15730.2227,16990.9874,0
9805,141.66,15730.2227,16990.9874,0
9808,141.70,15730.2227,16990.9874,0
9812,141.78,15730.2227,16990.9874,0
9814,141.82,15730.2227,16990.9874,0
9817,141.82,15730.2227,16990.9874,0
9818,141.83,15730.2227,16990.9874,0
9826,141.92,15730.2227,16990.9874,0
9828,141.92,15730.2227,16990.9874,0
9830,141.94,15730.2227,16990.9874,0
9832,141.96,15730.2227,16990.9874,0
9835,141.96,15730.2227,16990.9874,0
9836,141.96,15730.2227,16990.9874,0
9838,141.98,15730.2227,16990.9874,0
9843,142.04,15730.2227,16990.9874,0
9846,142.05,15730.2227,16990.9874,0
9852,142.13,15730.2227,16990.9874,0
9853,142.13,15730.2227,16990.9874,0
9855,142.14,15730.2227,16990.9874,0
9858,142.17,15730.2227,16990.9874,0
9861,142.19,15730.2649,16990.9874,0
9866,142.31,15730.2649,16990.9874,0
9868,142.36,15730.2649,16990.9874,0
9872,142.40,15730.2649,16990.9874,0
9874,142.44,15730.2649,16990.9874,0
9875,142.44,15730.2649,16990.9874,0
9883,142.54,15730.2649,16990.9874,0
9885,142.56,15730.2649,16990.9874,0
9886,142.58,15730.2649,16990.9874,0
9889,142.61,15730.2649,16990.9874,0
9891,142.65,15730.2649,16990.9874,0
9894,142.67,15730.2649,16990.9874,0
9896,142.68,15730.2649,16990.9874,0
9900,142.72,15730.2649,16990.9874,0
9904,142.75,15730.2649,16990.9874,0
9905,142.77,15760.1849,16990.9874,0
9911,142.79,15760.1849,16990.9874,0
9915,142.86,15760.1849,16990.9874,0
9920,142.90,15760.1849,16990.9874,0
9922,142.94,15760.1849,16990.9874,0
9926,142.98,15760.1849,16990.9874,0
9927,143.00,15760.1849,16990.9874,0
9934,143.12,15760.1849,16990.9874,0
9936,143.14,15760.1849,16990.9874,0
9939,143.14,15760.1849,16990.9874,0
9943,143.18,15760.1849,16990.9874,0
9947,143.19,15760.1849,16990.9874,0
9948,143.21,15760.1849,16990.9874,0
9949,143.21,15760.1849,16990.9874,0
9954,143.27,15760.1849,16990.9874,0
9958,143.29,15760.1849,16990.9874,0
9961,143.32,15760.1849,16990.9874,0
9962,143.32,15760.1849,16990.9874,0
9964,143.34,15760.1849,16990.9874,0
9966,143.34,15760.1849,16990.9874,0
9969,143.38,15760.1849,16990.9874,0
9972,143.40,15760.1849,16990.9874,0
9973,143.40,15760.1849,16990.9874,0
9976,143.44,15760.1849,16990.9874,0
9978,143.45,15760.1849,16990.9874,0
9979,143.45,15760.1849,16990.9874,0
9980,143.45,15760.1849,16990.9874,0
9983,143.47,15760.1849,16990.9874,0
9984,143.47,15760.1849,16990.9874,0
9986,143.47,15760.1849,16990.9874,0
9987,143.47,15760.1849,16990.9874,0
9990,143.50,15760.1849,16990.9874,0
9991,143.50,15760.1849,16990.9874,0
9993,143.52,15760.1849,16990.9874,0
9996,143.54,15760.1849,16990.9874,0
9999,143.57,15760.1849,16990.9874,0
10004,143.59,15760.1849,16990.9874,0
10006,143.59,15760.1849,16990.9874,1
10007,143.63,14204.7143,16990.9874,0
10008,143.64,14230.5725,16990.9874,0
10010,143.67,14293.9816,16990.9874,0
10011,143.69,14344.3423,16990.9874,0
10012,143.71,14344.3423,16990.9874,0
10013,143.73,14344.3423,16990.9874,0
10014,143.74,14344.3423,16990.9874,0
10015,143.76,14344.3423,16990.9874,0
10016,143.78,14344.3423,16990.9874,0
10018,143.80,14344.3423,16990.9874,0
10020,143.83,14344.3423,16990.9874,0
10021,143.83,14344.3423,16990.9874,0
10023,143.83,14344.3423,16990.9874,0
10025,143.85,14344.3423,16990.9874,0
10030,143.89,14344.3423,16990.9874,0
10031,143.89,14344.3423,16990.9874,0
10033,143.94,14352.2025,16990.9874,0
10035,143.95,14352.2025,16990.9874,0
10036,143.97,14352.2025,16990.9874,0
10037,143.99,14480.2620,16990.9874,0
10038,144.02,14586.7593,16990.9874,0
10041,144.05,14586.7593,16990.9874,0
10042,144.06,14586.7593,16990.9874,0
10044,144.08,14586.7593,16990.9874,0
10045,144.09,14586.7593,16990.9874,0
10046,144.11,14824.9777,16990.9874,0
10047,144.13,14923.1605,16990.9874,0
10048,144.15,14923.1605,16990.9874,0
10049,144.17,14923.1605,16990.9874,0
10051,144.19,14923.1605,16990.9874,0
10053,144.21,14923.1605,16990.9874,0
10058,144.28,14923.1605,16990.9874,0
10060,144.30,14923.1605,16990.9874,0
10061,144.32,14923.1605,16990.9874,0
10066,144.36,14928.3372,16990.9874,0
10067,144.38,14928.3372,16990.9874,0
10068,144.39,14930.6083,16990.9874,0
10069,144.41,14930.6083,16990.9874,0
10070,144.43,14930.6083,16990.9874,0
10071,144.45,14930.6083,16990.9874,0
10075,144.52,15036.4232,16990.9874,0
10076,144.54,15036.4232,16990.9874,0
10081,144.61,15036.4232,16990.9874,0
10084,144.65,15036.4232,16990.9874,0
10087,144.70,15036.4232,16990.9874,0
10095,144.80,15036.4232,16990.9874,0
10097,144.81,15036.4232,16990.9874,0
10101,144.85,15036.4232,16990.9874,0
10103,144.85,15036.4232,16990.9874,0
10107,144.92,15036.4232,16990.9874,0
10110,144.99,15036.4232,16990.9874,0
10114,145.01,15036.4232,16990.9874,0
10115,145.03,15036.4232,16990.9874,0
10121,145.06,15036.4232,16990.9874,0
10123,145.07,15036.4232,16990.9874,0
10126,145.10,15037.8975,16990.9874,0
10127,145.13,15175.8631,16990.9874,0
10131,145.17,15175.8631,16990.9874,0
10133,145.17,15175.8631,16990.9874,0
10135,145.21,15175.8631,16990.9874,0
10139,145.26,15175.8631,16990.9874,0
10140,145.29,15175.8631,16990.9874,0
10142,145.33,15175.8631,16990.9874,0
10144,145.37,15175.8631,16990.9874,0
10147,145.37,15175.8631,16990.9874,0
10149,145.40,15197.3199,16990.9874,0
10150,145.42,15197.3199,16990.9874,0
10152,145.46,15197.3199,16990.9874,0
10154,145.48,15197.3199,16990.9874,0
10166,145.62,15197.3199,16990.9874,0
10167,145.64,15197.3199,16990.9874,0
10169,145.64,15197.3199,16990.9874,0
10170,145.66,15197.3199,16990.9874,0
10172,145.69,15197.3199,16990.9874,0
10174,145.72,15197.3199,16990.9874,0
10175,145.74,15197.3199,16990.9874,0
10177,145.77,15197.3199,16990.9874,0
10178,145.78,15197.3199,16990.9874,0
10185,145.80,15197.3199,16990.9874,0
10186,145.82,15197.3199,16990.9874,0
10187,145.82,15197.3199,16990.9874,0
10191,145.86,15197.3199,16990.9874,0
10194,145.87,15197.3199,16990.9874,0
10196,145.89,15197.3199,16990.9874,0
10197,145.90,15197.3199,16990.9874,0
10198,145.92,15197.3199,16990.9874,0
10199,145.92,15197.3199,16990.9874,0
10201,145.93,15197.3199,16990.9874,0
10207,146.00,15197.3199,16990.9874,0
10210,146.04,15197.3199,16990.9874,0
10211,146.04,15197.3199,16990.9874,0
10214,146.08,15197.3199,16990.9874,0
10217,146.09,15197.3199,16990.9874,0
10218,146.09,15197.3199,16990.9874,0
10220,146.12,15197.3199,16990.9874,0
10222,146.14,15197.3199,16990.9874,0
10223,146.14,15197.3199,16990.9874,0
10230,146.22,15197.3199,16990.9874,0
10232,146.26,15197.3199,16990.9874,0
10234,146.28,15197.3199,16990.9874,0
10235,146.28,15197.3199,16990.9874,0
10236,146.28,15197.3199,16990.9874,0
10237,146.28,15197.3199,16990.9874,0
10241,146.29,15197.3199,16990.9874,0
10245,146.31,15197.3199,16990.9874,0
10246,146.31,15197.3199,16990.9874,0
10247,146.31,15197.3199,16990.9874,0
10250,146.35,15197.3199,16990.9874,1
10251,146.37,13846.8233,16990.9874,0
10252,146.39,13944.6034,16990.9874,0
10253,146.40,13944.6034,16990.9874,0
10254,146.42,13944.6220,16990.9874,0
10255,146.43,13944.6220,16990.9874,0
10256,146.45,14040.7260,16990.9874,0
10257,146.46,14041.4344,16990.9874,0
10258,146.48,14041.4344,16990.9874,0
10259,146.49,14041.4344,16990.9874,0
10260,146.51,14095.4838,16990.9874,0
10261,146.53,14095.5490,16990.9874,0
10262,146.54,14352.0260,16990.9874,0
10263,146.56,14352.0260,16990.9874,0
10264,146.57,14352.0260,16990.9874,0
10265,146.59,14352.0260,16990.9874,0
10266,146.61,14519.0673,16990.9874,0
10267,146.62,14519.0673,16990.9874,0
10268,146.64,14519.0673,16990.9874,0
10270,146.65,14519.0673,16990.9874,0
10271,146.67,14790.7112,16990.9874,0
10272,146.68,14790.7112,16990.9874,0
10273,146.70,14790.7112,16990.9874,0
10274,146.72,14790.7112,16990.9874,0
10275,146.73,14790.7112,16990.9874,0
10276,146.75,14790.7112,16990.9874,0
10277,146.76,14836.5669,16990.9874,0
10278,146.78,14836.5669,16990.9874,0
10279,146.81,14892.6359,16990.9874,0
10281,146.83,14892.6359,16990.9874,0
10283,146.85,14892.6359,16990.9874,0
10284,146.86,14892.6359,16990.9874,0
10285,146.88,14919.7783,16990.9874,0
10286,146.90,15043.2279,16990.9874,0
10287,146.92,15071.5289,16990.9874,0
10288,146.93,15071.8894,16990.9874,0
10289,146.95,15071.8894,16990.9874,0
10290,146.96,15071.8894,16990.9874,0
10291,146.98,15164.0190,16990.9874,0
10292,147.00,15190.8170,16990.9874,0
10294,147.04,15190.8170,16990.9874,0
10295,147.05,15190.8170,16990.9874,0
10296,147.07,15190.8170,16990.9874,0
10298,147.10,15190.8170,16990.9874,0
10302,147.16,15191.4817,16990.9874,0
10303,147.18,15191.4817,16990.9874,0
10304,147.18,15191.4817,16990.9874,0
10306,147.22,15191.4817,16990.9874,0
10308,147.25,15191.4817,16990.9874,0
10310,147.27,15191.4817,16990.9874,0
10313,147.31,15191.4817,16990.9874,0
10315,147.34,15191.4817,16990.9874,0
10316,147.34,15191.4817,16990.9874,0
10318,147.36,15191.4817,16990.9874,0
10320,147.38,15193.4024,16990.9874,0
10322,147.41,15193.9224,16990.9874,0
10325,147.43,15193.9224,16990.9874,0
10326,147.45,15193.9224,16990.9874,0
10327,147.47,15193.9224,16990.9874,0
10328,147.48,15193.9224,16990.9874,0
10329,147.50,15193.9224,16990.9874,0
10330,147.50,15193.9224,16990.9874,0
10332,147.52,15303.4512,16990.9874,0
10333,147.53,15303.4512,16990.9874,0
10335,147.55,15303.4512,16990.9874,0
10337,147.59,15303.4512,16990.9874,0
10339,147.62,15303.4512,16990.9874,0
10341,147.66,15304.0269,16990.9874,0
10342,147.68,15304.0269,16990.9874,0
10344,147.70,15304.0269,16990.9874,0
10345,147.70,15304.0269,16990.9874,0
10346,147.71,15305.8466,16990.9874,0
10352,147.79,15305.8466,16990.9874,0
10353,147.81,15305.8466,16990.9874,0
10355,147.83,15305.8466,16990.9874,0
10358,147.84,15305.8466,16990.9874,0
10359,147.86,15305.8466,16990.9874,0
10361,147.86,15305.8466,16990.9874,0
10363,147.88,15305.8466,16990.9874,0
10367,147.93,15305.8466,16990.9874,0
10368,147.94,15305.8466,16990.9874,0
10370,147.97,15305.8466,16990.9874,0
10372,148.01,15305.8466,16990.9874,0
10373,148.01,15305.8466,16990.9874,0
10374,148.03,15305.8466,16990.9874,0
10375,148.05,15305.8466,16990.9874,0
10376,148.06,15305.8466,16990.9874,0
10377,148.08,15305.8466,16990.9874,0
10379,148.11,15305.8466,16990.9874,0
10380,148.12,15305.8466,16990.9874,0
10382,148.12,15305.8466,16990.9874,0
10384,148.12,15305.8466,16990.9874,0
10386,148.16,15305.8466,16990.9874,0
10387,148.16,15305.8466,16990.9874,0
10388,148.17,15305.8466,16990.9874,0
10389,148.17,15305.8466,16990.9874,0
10390,148.19,15305.8466,16990.9874,0
10392,148.19,15305.8466,16990.9874,0
10394,148.21,15305.8466,16990.9874,0
10396,148.23,15305.8466,16990.9874,0
10398,148.25,15305.8466,16990.9874,0
10403,148.28,15306.3067,16990.9874,0
10404,148.30,15306.3067,16990.9874,0
10407,148.34,15306.3067,16990.9874,0
10408,148.37,15343.2806,16990.9874,0
10410,148.39,15343.2806,16990.9874,0
10411,148.41,15343.2806,16990.9874,0
10414,148.46,15343.2806,16990.9874,0
10415,148.47,15343.2806,16990.9874,0
10422,148.53,15343.2806,16990.9874,0
10424,148.55,15343.2806,16990.9874,0
10425,148.57,15343.2806,16990.9874,0
10427,148.59,15343.2806,16990.9874,0
10428,148.61,15343.2806,16990.9874,0
10429,148.62,15343.2806,16990.9874,0
10432,148.64,15343.2806,16990.9874,0
10434,148.64,15343.2806,16990.9874,0
10440,148.72,15343.2806,16990.9874,0
10442,148.73,15343.2806,16990.9874,0
10445,148.77,15343.2806,16990.9874,0
10447,148.77,15343.2806,16990.9874,0
10449,148.80,15343.2806,16990.9874,0
10450,148.81,15343.2806,16990.9874,0
10451,148.82,15343.2806,16990.9874,0
10453,148.84,15343.2806,16990.9874,0
10455,148.85,15343.3490,16990.9874,0
10460,148.89,15343.3490,16990.9874,0
10464,148.93,15343.3490,16990.9874,0
10466,148.99,15343.3490,16990.9874,0
10467,148.99,15343.3490,16990.9874,0
10469,149.02,15343.3490,16990.9874,0
10470,149.04,15343.3490,16990.9874,0
10472,149.06,15343.3490,16990.9874,0
10473,149.08,15343.3490,16990.9874,0
10475,149.08,15343.3490,16990.9874,0
10480,149.12,15343.3490,16990.9874,0
10482,149.12,15343.3490,16990.9874,0
10483,149.12,15343.3490,16990.9874,0
10485,149.14,15343.3490,16990.9874,0
10486,149.14,15343.3490,16990.9874,0
10487,149.16,15343.3490,16990.9874,0
10491,149.22,15343.3490,16990.9874,0
10492,149.24,15343.3490,16990.9874,0
10495,149.26,15343.3490,16990.9874,0
10498,149.29,15343.3490,16990.9874,0
10500,149.31,15343.3490,16990.9874,0
10501,149.32,15343.3490,16990.9874,0
10502,149.32,15343.3490,16990.9874,0
10503,149.32,15343.3490,16990.9874,0
10504,149.34,15343.3490,16990.9874,0
10508,149.38,15343.3490,16990.9874,0
10509,149.39,15343.3490,16990.9874,0
10510,149.41,15343.3490,16990.9874,0
10511,149.41,15343.3490,16990.9874,0
10512,149.41,15343.3490,16990.9874,0
10515,149.46,15343.3490,16990.9874,0
10516,149.48,15343.3490,16990.9874,0
10519,149.52,15343.3490,16990.9874,0
10520,149.53,15343.3490,16990.9874,0
10521,149.55,15343.3490,16990.9874,0
10522,149.57,15343.3490,16990.9874,0
10524,149.57,15343.3490,16990.9874,0
10528,149.59,15343.3490,16990.9874,0
10529,149.61,15343.3490,16990.9874,0
10530,149.62,15343.3490,16990.9874,0
10531,149.63,15343.3490,16990.9874,0
10534,149.65,15343.3490,16990.9874,0
10540,149.70,15343.3490,16990.9874,0
10542,149.74,15343.3490,16990.9874,0
10543,149.74,15343.3490,16990.9874,0
10545,149.78,15343.3490,16990.9874,0
10546,149.79,15354.5550,16990.9874,0
10549,149.86,15354.5550,16990.9874,0
10552,149.91,15354.5550,16990.9874,0
10554,149.93,15354.5550,16990.9874,0
10555,149.95,15354.5550,16990.9874,0
10556,149.96,15354.5550,16990.9874,0
10557,149.98,15354.5550,16990.9874,0
10558,149.98,15354.5550,16990.9874,0
10565,150.06,15354.5550,16990.9874,0
10569,150.08,15354.5550,16990.9874,0
10571,150.11,15354.5550,16990.9874,0
10572,150.11,15354.5550,16990.9874,0
10573,150.13,15354.5550,16990.9874,0
10574,150.14,15354.5550,16990.9874,0
10575,150.15,15354.5550,16990.9874,0
10582,150.20,15354.5550,16990.9874,0
10583,150.21,15354.5550,16990.9874,0
10584,150.23,15354.5550,16990.9874,0
10585,150.23,15354.5550,16990.9874,0
10586,150.24,15354.5550,16990.9874,0
10589,150.25,15354.5550,16990.9874,0
10591,150.28,15354.5550,16990.9874,0
10594,150.34,15356.8878,16990.9874,0
10596,150.35,15356.8878,16990.9874,0
10598,150.37,15356.8878,16990.9874,0
10602,150.44,15356.8878,16990.9874,0
10604,150.45,15356.8878,16990.9874,0
10605,150.45,15356.8878,16990.9874,0
10608,150.50,15357.1863,16990.9874,0
10615,150.61,15357.1863,16990.9874,0
10617,150.63,15357.1863,16990.9874,0
10618,150.64,15357.1863,16990.9874,0
10621,150.67,15357.1863,16990.9874,0
10623,150.70,15357.1863,16990.9874,0
10625,150.70,15357.1863,16990.9874,0
10626,150.71,15357.1863,16990.9874,0
10627,150.73,15357.1863,16990.9874,0
10630,150.76,15357.1863,16990.9874,0
10632,150.79,15357.1863,16990.9874,0
10633,150.80,15357.1863,16990.9874,0
10636,150.86,15357.1863,16990.9874,0
10641,150.92,15357.1863,16990.9874,0
10644,150.94,15357.1863,16990.9874,0
10647,150.94,15357.1863,16990.9874,0
10648,150.95,15357.1863,16990.9874,0
10652,150.99,15357.1863,16990.9874,0
10653,151.01,15357.1863,16990.9874,0
10654,151.03,15357.1863,16990.9874,0
10655,151.03,15357.1863,16990.9874,0
10656,151.03,15357.1863,16990.9874,0
10657,151.03,15357.1863,16990.9874,0
10658,151.03,15357.1863,16990.9874,0
10659,151.03,15357.1863,16990.9874,0
10664,151.04,15357.1863,16990.9874,0
10666,151.06,15357.1863,16990.9874,0
10670,151.10,15357.1863,16990.9874,0
10672,151.12,15357.1863,16990.9874,0
10674,151.12,15357.1863,16990.9874,0
10675,151.12,15357.1863,16990.9874,0
10682,151.17,15357.1863,16990.9874,0
10683,151.17,15357.1863,16990.9874,0
10687,151.20,15357.1863,16990.9874,0
10690,151.22,15357.1863,16990.9874,0
10691,151.22,15357.1863,16990.9874,0
10694,151.22,15357.1863,16990.9874,0
10695,151.23,15357.1863,16990.9874,0
10696,151.24,15357.1863,16990.9874,0
10697,151.25,15357.1863,16990.9874,0
10698,151.25,15357.1863,16990.9874,0
10699,151.25,15357.1863,16990.9874,0
10700,151.25,15357.1863,16990.9874,0
10701,151.27,15357.1863,16990.9874,0
10704,151.29,15357.1863,16990.9874,0
10705,151.29,15357.1863,16990.9874,0
10707,151.29,15357.1863,16990.9874,0
10708,151.29,15357.1863,16990.9874,0
10709,151.29,15357.1863,16990.9874,1
10710,151.32,13346.1912,16990.9874,0
10711,151.34,13346.1912,16990.9874,0
10712,151.35,13346.1912,16990.9874,0
10713,151.36,13346.1912,16990.9874,0
10714,151.38,13420.4696,16990.9874,0
10715,151.39,13420.4696,16990.9874,0
10716,151.41,13420.4696,16990.9874,0
10717,151.42,13446.3438,16990.9874,0
10718,151.44,13455.4998,16990.9874,0
10719,151.45,13455.8516,16990.9874,0
10720,151.46,13455.8516,16990.9874,0
10721,151.48,13455.8516,16990.9874,0
10722,151.49,13460.2551,16990.9874,0
10723,151.51,13460.2551,16990.9874,0
10724,151.52,13460.2551,16990.9874,0
10725,151.54,13530.2601,16990.9874,0
10726,151.55,13537.6946,16990.9874,0
10727,151.57,14030.9862,16990.9874,0
10728,151.58,14037.5802,16990.9874,0
10729,151.60,14131.9420,16990.9874,0
10730,151.61,14153.6080,16990.9874,0
10731,151.63,14515.5327,16990.9874,0
10732,151.65,14515.5327,16990.9874,0
10733,151.67,14530.0697,16990.9874,0
10734,151.68,14530.6171,16990.9874,0
10735,151.73,14563.3029,16990.9874,0
10736,151.74,14609.0100,16990.9874,0
10737,151.76,14609.0100,16990.9874,0
10739,151.78,14609.0100,16990.9874,0
10740,151.79,14725.2844,16990.9874,0
10741,151.81,14725.2844,16990.9874,0
10743,151.83,14725.2844,16990.9874,0
10744,151.83,14725.2844,16990.9874,0
10745,151.85,14725.2844,16990.9874,0
10748,151.86,14725.2844,16990.9874,0
10755,151.97,14725.2844,16990.9874,0
10759,152.03,14725.2844,16990.9874,0
10761,152.04,14725.2844,16990.9874,0
10762,152.05,14725.2844,16990.9874,0
10763,152.06,14725.2844,16990.9874,0
10764,152.06,14725.2844,16990.9874,0
10765,152.08,14725.2844,16990.9874,0
10766,152.08,14725.2844,16990.9874,0
10767,152.09,14727.9350,16990.9874,0
10769,152.13,14727.9350,16990.9874,0
10770,152.15,14729.8962,16990.9874,0
10771,152.16,14740.7620,16990.9874,0
10772,152.18,14740.7620,16990.9874,0
10773,152.19,14787.0199,16990.9874,0
10774,152.21,14788.0447,16990.9874,0
10775,152.22,14788.0447,16990.9874,0
10777,152.27,14788.0447,16990.9874,0
10778,152.28,14788.0447,16990.9874,0
10779,152.30,14788.0447,16990.9874,0
10783,152.35,14788.0447,16990.9874,0
10784,152.37,14788.0447,16990.9874,0
10786,152.39,14788.0447,16990.9874,0
10787,152.40,14788.0447,16990.9874,0
10788,152.40,14788.0447,16990.9874,0
10790,152.44,14789.2743,16990.9874,0
10792,152.46,14789.2743,16990.9874,0
10793,152.48,14789.2743,16990.9874,0
10796,152.51,14789.2743,16990.9874,0
10798,152.55,14856.9502,16990.9874,0
10799,152.57,15017.1533,16990.9874,0
10800,152.58,15017.1533,16990.9874,0
10802,152.60,15023.6788,16990.9874,0
10805,152.62,15023.6788,16990.9874,0
10807,152.71,15279.9275,16990.9874,0
10808,152.73,15282.2949,16990.9874,0
10809,152.78,15282.2949,16990.9874,0
10811,152.83,15282.2949,16990.9874,0
10812,152.84,15282.2949,16990.9874,0
10814,152.92,15311.5969,16990.9874,0
10823,153.05,15311.5969,16990.9874,0
10828,153.11,15311.5969,16990.9874,0
10832,153.17,15311.5969,16990.9874,0
10835,153.20,15311.5969,16990.9874,0
10837,153.25,15311.5969,16990.9874,0
10839,153.25,15311.5969,16990.9874,0
10840,153.26,15311.5969,16990.9874,0
10855,153.40,15314.3308,16990.9874,0
10857,153.46,15314.3308,16990.9874,0
10860,153.49,15314.3308,16990.9874,0
10864,153.54,15314.3308,16990.9874,0
10865,153.56,15315.3930,16990.9874,0
10866,153.64,15320.0350,16990.9874,0
10868,153.66,15320.0350,16990.9874,0
10870,153.68,15320.0350,16990.9874,0
10871,153.75,15320.0350,16990.9874,0
10872,153.79,15320.0350,16990.9874,0
10876,153.91,15320.0350,16990.9874,0
10878,153.94,15341.7718,16990.9874,0
10880,154.06,15341.7718,16990.9874,0
10884,154.20,15341.7718,16990.9874,0
10888,154.27,15341.7718,16990.9874,0
10889,154.32,15341.7718,16990.9874,0
10890,154.36,15341.7718,16990.9874,0
10895,154.44,15341.7718,16990.9874,0
10896,154.44,15341.7718,16990.9874,0
10901,154.51,15341.7718,16990.9874,0
10908,154.57,15341.7718,16990.9874,0
10909,154.60,15341.7718,16990.9874,0
10912,154.61,15341.7718,16990.9874,0
10915,154.62,15341.7718,16990.9874,0
10919,154.68,15341.7718,16990.9874,0
10920,154.71,15341.7718,16990.9874,0
10930,154.78,15341.7718,16990.9874,0
10937,154.81,15341.7718,16990.9874,0
10941,154.83,15341.7718,16990.9874,0
10943,154.84,15341.7718,16990.9874,0
10947,154.84,15341.7718,16990.9874,0
10948,154.84,15341.7718,16990.9874,0
10949,154.85,15341.7718,16990.9874,0
10953,154.87,15341.7718,16990.9874,0
10955,154.87,15341.7718,16990.9874,0
10957,154.95,15341.7718,16990.9874,0
10970,155.02,15341.7718,16990.9874,0
10974,155.02,15341.7718,16990.9874,0
10977,155.05,15345.6424,16990.9874,0
10978,155.08,15345.6424,16990.9874,0
10980,155.17,15345.6424,16990.9874,0
10981,155.19,15400.2431,16990.9874,0
10983,155.21,15400.2431,16990.9874,0
10984,155.25,15400.2431,16990.9874,0
10985,155.27,15400.2431,16990.9874,0
10986,155.29,15400.2431,16990.9874,0
10988,155.38,15400.2431,16990.9874,0
10990,155.39,15400.2431,16990.9874,0
10992,155.39,15400.2431,16990.9874,0
10993,155.41,15400.2431,16990.9874,0
10999,155.45,15400.2431,16990.9874,0
11000,155.45,15400.2431,16990.9874,0
11003,155.50,15400.2431,16990.9874,0
11004,155.54,15400.2431,16990.9874,0
11005,155.60,15400.2431,16990.9874,0
11010,155.65,15400.2431,16990.9874,0
11012,155.68,15400.2431,16990.9874,0
11019,155.74,15400.2431,16990.9874,0
11026,155.82,15400.2431,16990.9874,0
11027,155.82,15400.2431,16990.9874,0
11028,155.84,15400.2431,16990.9874,0
11029,155.84,15400.2431,16990.9874,0
11030,155.84,15400.2431,16990.9874,0
11031,155.84,15400.2431,16990.9874,0
11032,155.84,15400.2431,16990.9874,0
11035,155.86,15400.2431,16990.9874,0
11036,155.86,15400.2431,16990.9874,0
11037,155.86,15400.2431,16990.9874,0
11041,155.95,15400.2431,16990.9874,0
11043,155.97,15400.2431,16990.9874,0
11045,155.99,15400.2431,16990.9874,0
11047,156.02,15400.2431,16990.9874,0
11051,156.11,15400.2431,16990.9874,0
11053,156.11,15400.2431,16990.9874,0
11054,156.11,15400.2431,16990.9874,0
11056,156.11,15400.2431,16990.9874,0
11057,156.11,15400.2431,16990.9874,0
11058,156.11,15400.2431,16990.9874,0
11059,156.12,15400.2431,16990.9874,0
11060,156.12,15400.2431,16990.9874,0
11062,156.12,15400.2431,16990.9874,0
11063,156.12,15400.2431,16990.9874,0
11068,156.16,15400.2431,16990.9874,0
11074,156.19,15400.2431,16990.9874,0
11077,156.21,15400.2431,16990.9874,0
11080,156.22,15400.2431,16990.9874,0
11082,156.23,15400.2431,16990.9874,1
11083,156.26,14457.8352,16990.9874,0
11084,156.27,14469.8927,16990.9874,0
11085,156.28,14492.2378,16990.9874,0
11086,156.30,14492.2378,16990.9874,0
11087,156.31,14492.2378,16990.9874,0
11088,156.34,14713.1659,16990.9874,0
11089,156.35,14714.6265,16990.9874,0
11090,156.37,14714.6265,16990.9874,0
11091,156.39,14714.6265,16990.9874,0
11092,156.40,14714.6265,16990.9874,0
11093,156.42,14714.6265,16990.9874,0
11094,156.44,14714.6265,16990.9874,0
11095,156.45,14714.6265,16990.9874,0
11096,156.47,14714.6265,16990.9874,0
11097,156.49,14855.9845,16990.9874,0
11098,156.51,14855.9845,16990.9874,0
11101,156.65,14963.6338,16990.9874,0
11102,156.67,14966.2020,16990.9874,0
11103,156.69,15030.6517,16990.9874,0
11104,156.71,15110.4235,16990.9874,0
11106,156.72,15110.4235,16990.9874,0
11107,156.74,15110.4235,16990.9874,0
11108,156.78,15220.4103,16990.9874,0
11109,156.82,15220.4103,16990.9874,0
11114,156.94,15229.3948,16990.9874,0
11115,156.97,15345.6769,16990.9874,0
11119,157.06,15373.1767,16990.9874,0
11123,157.11,15384.3451,16990.9874,0
11124,157.19,15404.7506,16990.9874,0
11125,157.23,15404.7506,16990.9874,0
11128,157.32,15412.1036,16990.9874,0
11133,157.48,15412.1036,16990.9874,0
11136,157.58,15412.1036,16990.9874,0
11141,157.78,15412.1036,16990.9874,0
11145,157.89,15421.5087,16990.9874,0
11146,157.92,15421.5087,16990.9874,0
11147,157.96,15443.6389,16990.9874,0
11149,158.01,15443.6389,16990.9874,0
11155,158.23,15443.6389,16990.9874,0
11159,158.35,15443.6389,16990.9874,0
11164,158.41,15443.6389,16990.9874,0
11166,158.45,15443.6389,16990.9874,0
11172,158.59,15443.6389,16990.9874,0
11175,158.72,15443.6389,16990.9874,0
11179,158.75,15448.6829,16990.9874,0
11180,158.78,15448.6829,16990.9874,0
11181,158.80,15614.7839,16990.9874,0
11183,158.85,15616.5046,16990.9874,0
11186,158.87,15616.5046,16990.9874,0
11190,158.93,15616.5046,16990.9874,0
11193,159.02,15616.5046,16990.9874,0
11194,159.02,15616.5046,16990.9874,0
11195,159.06,15616.5046,16990.9874,0
11196,159.11,15646.3645,16990.9874,0
11207,159.46,15646.3645,16990.9874,0
11210,159.59,15646.3645,16990.9874,0
11212,159.65,15646.3645,16990.9874,0
11217,159.76,15646.3645,16990.9874,0
11218,159.79,15646.3645,16990.9874,0
11221,159.85,15646.3645,16990.9874,0
11233,160.08,15646.3645,16990.9874,0
11239,160.19,15646.3645,16990.9874,0
11242,160.24,15646.3645,16990.9874,0
11249,160.32,15646.3645,16990.9874,0
11251,160.32,15646.3645,16990.9874,0
11252,160.33,15646.3645,16990.9874,0
11257,160.42,15656.3951,16990.9874,0
11258,160.48,15656.3951,16990.9874,0
11260,160.55,15656.3951,16990.9874,0
11261,160.61,15943.2116,16990.9874,0
11263,160.71,15943.2116,16990.9874,0
11264,160.73,16003.3290,16990.9874,0
11265,160.76,16003.3290,16990.9874,0
11267,160.84,16003.3290,16990.9874,0
11268,160.89,16003.3290,16990.9874,0
11271,160.99,16003.3290,16990.9874,0
11277,161.13,16003.3290,16990.9874,0
11278,161.17,16023.1556,16990.9874,0
11279,161.19,16023.1556,16990.9874,0
11280,161.24,16023.1556,16990.9874,0
11281,161.28,16023.1556,16990.9874,0
11283,161.35,16037.9279,16990.9874,0
11284,161.37,16037.9279,16990.9874,0
11285,161.41,16054.1777,16990.9874,0
11289,161.57,16054.1777,16990.9874,0
11291,161.64,16054.1777,16990.9874,0
11292,161.69,16054.1777,16990.9874,0
11293,161.72,16112.0018,16990.9874,0
11296,161.83,16112.0018,16990.9874,0
11298,161.90,16112.0018,16990.9874,0
11300,161.95,16112.0018,16990.9874,0
11301,162.03,16151.6324,16990.9874,0
11302,162.05,16151.6324,16990.9874,0
11304,162.21,16153.4524,16990.9874,0
11305,162.24,16153.4524,16990.9874,0
11307,162.29,16153.4524,16990.9874,0
11308,162.32,16241.6213,16990.9874,0
11311,162.44,16299.4937,16990.9874,0
11351,163.26,16299.4937,16990.9874,0
11376,163.70,16301.2372,16990.9874,0
11381,163.85,16301.2372,16990.9874,0
11389,164.10,16301.2372,16990.9874,0
11390,164.10,16301.2372,16990.9874,0
11391,164.14,16315.8606,16990.9874,0
11394,164.30,16399.8518,16990.9874,0
11396,164.37,16399.8518,16990.9874,0
11397,164.42,16399.8518,16990.9874,0
11400,164.49,16434.1275,16990.9874,0
11402,164.56,16434.1275,16990.9874,0
11403,164.60,16434.1275,16990.9874,0
11404,164.62,16434.1275,16990.9874,0
11408,164.74,16434.1275,16990.9874,0
11410,164.76,16434.1275,16990.9874,0
11411,164.80,16434.1275,16990.9874,0
11413,164.89,16434.1275,16990.9874,0
11418,164.96,16434.1275,16990.9874,0
11421,164.99,16434.1275,16990.9874,0
11422,165.02,16434.1275,16990.9874,0
11423,165.04,16434.1275,16990.9874,0
11425,165.04,16434.1275,16990.9874,0
11426,165.04,16434.1275,16990.9874,0
11430,165.05,16434.1275,16990.9874,0
11432,165.16,16439.5393,16990.9874,0
11437,165.36,16514.3682,16990.9874,0
11440,165.44,16514.3682,16990.9874,0
11449,165.68,16514.9415,16990.9874,0
11450,165.70,16591.3927,16990.9874,0
11459,165.96,16591.3927,16990.9874,0
11470,166.15,16591.3927,16990.9874,0
11477,166.18,16591.3927,16990.9874,0
11480,166.19,16591.3927,16990.9874,0
11485,166.21,16591.3927,16990.9874,0
11498,166.29,16591.3927,16990.9874,0
11499,166.36,16591.3927,16990.9874,0
11502,166.36,16591.3927,16990.9874,0
11524,166.55,16591.3927,16990.9874,0
11528,166.56,16591.3927,16990.9874,0
11535,166.64,16591.3927,16990.9874,0
11541,166.66,16591.3927,16990.9874,0
11546,166.68,16591.3927,16990.9874,0
11550,166.71,16591.3927,16990.9874,0
11551,166.71,16591.3927,16990.9874,1
11552,166.74,13985.3701,16990.9874,0
11553,166.75,13996.0323,16990.9874,0
11554,166.77,14103.1979,16990.9874,0
11556,166.79,14103.1979,16990.9874,0
11557,166.81,14297.5979,16990.9874,0
11558,166.82,14297.5979,16990.9874,0
11559,166.84,14521.8557,16990.9874,0
11560,166.86,14521.8557,16990.9874,0
11561,166.88,14521.8557,16990.9874,0
11563,166.89,14521.8557,16990.9874,0
11564,166.91,14521.8557,16990.9874,0
11565,166.91,14521.8557,16990.9874,0
11566,166.93,14521.8557,16990.9874,0
11567,166.94,14521.8557,16990.9874,0
11568,166.96,14835.7983,16990.9874,0
11569,166.98,14835.7983,16990.9874,0
11570,167.00,14835.7983,16990.9874,0
11571,167.01,15162.9076,16990.9874,0
11572,167.03,15162.9076,16990.9874,0
11573,167.05,15242.5378,16990.9874,0
11574,167.07,15266.8318,16990.9874,0
11576,167.09,15302.7416,16990.9874,0
11579,167.10,15302.7416,16990.9874,0
11580,167.11,15302.7416,16990.9874,0
11581,167.12,15302.7416,16990.9874,0
11582,167.14,15302.7416,16990.9874,0
11583,167.14,15302.7416,16990.9874,0
11584,167.15,15302.7416,16990.9874,0
11585,167.17,15302.7416,16990.9874,0
11586,167.19,15356.4337,16990.9874,0
11588,167.21,15638.0857,16990.9874,0
11589,167.23,15638.0857,16990.9874,0
11592,167.28,15666.5105,16990.9874,0
11593,167.30,15666.5105,16990.9874,0
11594,167.32,15682.4355,16990.9874,0
11595,167.33,15682.4355,16990.9874,0
11596,167.35,15682.4355,16990.9874,0
11597,167.37,15682.4355,16990.9874,0
11598,167.39,15944.6586,16990.9874,0
11600,167.44,15974.8142,16990.9874,0
11601,167.48,15978.6810,16990.9874,0
11604,167.50,15983.0019,16990.9874,0
11607,167.52,15983.0019,16990.9874,0
11608,167.54,15983.0019,16990.9874,0
11609,167.56,15983.0019,16990.9874,0
11611,167.59,16098.6985,16990.9874,0
11612,167.61,16098.6985,16990.9874,0
11613,167.65,16210.7741,16990.9874,0
11615,167.67,16210.7741,16990.9874,0
11616,167.71,16210.7741,16990.9874,0
11617,167.77,16213.6853,16990.9874,0
11619,167.81,16213.6853,16990.9874,0
11620,167.89,16213.6853,16990.9874,0
11621,167.94,16213.6853,16990.9874,0
11622,167.95,16213.6853,16990.9874,0
11624,168.02,16230.0689,16990.9874,0
11625,168.05,16230.0689,16990.9874,0
11626,168.07,16240.0100,16990.9874,0
11627,168.09,16297.0484,16990.9874,0
11628,168.10,16297.0484,16990.9874,0
11629,168.12,16297.0484,16990.9874,0
11630,168.15,16450.9028,16990.9874,0
11631,168.17,16450.9028,16990.9874,0
11632,168.19,16458.7306,16990.9874,0
11633,168.28,16467.9693,16990.9874,0
11635,168.37,16467.9693,16990.9874,0
11636,168.41,16467.9693,16990.9874,0
11637,168.45,16467.9693,16990.9874,0
11638,168.47,16467.9693,16990.9874,0
11639,168.55,16467.9693,16990.9874,0
11646,168.58,16467.9693,16990.9874,0
11651,168.68,16467.9693,16990.9874,0
11652,168.74,16467.9693,16990.9874,0
11653,168.76,16467.9693,16990.9874,0
11655,168.77,16467.9693,16990.9874,0
11659,168.79,16467.9693,16990.9874,0
11661,168.81,16476.1235,16990.9874,0
11662,168.83,16476.1235,16990.9874,0
11664,168.85,16476.1235,16990.9874,0
11667,168.85,16476.1235,16990.9874,0
11671,168.95,16476.1235,16990.9874,0
11677,169.05,16476.1235,16990.9874,0
11679,169.07,16476.1235,16990.9874,0
11681,169.10,16476.1235,16990.9874,0
11683,169.17,16476.1235,16990.9874,0
11684,169.19,16476.1235,16990.9874,0
11689,169.25,16476.1235,16990.9874,0
11692,169.27,16476.1235,16990.9874,0
11693,169.29,16476.1235,16990.9874,0
11694,169.31,16499.2823,16990.9874,0
11696,169.35,16503.2605,16990.9874,0
11697,169.37,16503.2605,16990.9874,0
11698,169.39,16503.2605,16990.9874,0
11700,169.43,16575.5067,16990.9874,0
11703,169.46,16575.5067,16990.9874,0
11706,169.50,16575.5067,16990.9874,0
11707,169.52,16575.5067,16990.9874,0
11710,169.54,16575.5067,16990.9874,0
11711,169.56,16575.5067,16990.9874,0
11713,169.62,16575.5067,16990.9874,0
11718,169.68,16575.5067,16990.9874,0
11721,169.70,16575.5067,16990.9874,0
11724,169.72,16575.5067,16990.9874,0
11725,169.74,16575.5067,16990.9874,0
11727,169.74,16575.5067,16990.9874,0
11729,169.76,16575.5067,16990.9874,0
11730,169.77,16575.5067,16990.9874,0
11736,169.83,16575.5067,16990.9874,0
11737,169.85,16575.5067,16990.9874,0
11741,169.91,16575.5067,16990.9874,0
11742,169.91,16575.5067,16990.9874,0
11744,169.91,16575.5067,16990.9874,0
11745,169.91,16575.5067,16990.9874,0
11748,169.97,16575.5067,16990.9874,0
11751,169.97,16575.5067,16990.9874,0
11755,170.01,16575.5067,16990.9874,0
11758,170.07,16575.5067,16990.9874,0
11760,170.11,16575.5067,16990.9874,0
11764,170.15,16575.5067,16990.9874,0
11769,170.19,16575.5067,16990.9874,0
11772,170.21,16575.5067,16990.9874,0
11774,170.25,16575.5067,16990.9874,0
11775,170.25,16575.5067,16990.9874,0
11776,170.26,16575.5067,16990.9874,0
11779,170.26,16575.5067,16990.9874,0
11780,170.26,16575.5067,16990.9874,0
11781,170.26,16575.5067,16990.9874,0
11786,170.30,16575.5067,16990.9874,0
11792,170.38,16575.5067,16990.9874,0
11794,170.38,16575.5067,16990.9874,0
11795,170.38,16575.5067,16990.9874,0
11796,170.39,16575.5067,16990.9874,0
11801,170.43,16575.5067,16990.9874,1
11802,170.45,13862.5117,16990.9874,0
11803,170.47,13862.5117,16990.9874,0
11804,170.48,13862.5117,16990.9874,0
11805,170.49,13862.5117,16990.9874,0
11806,170.51,14094.1405,16990.9874,0
11807,170.52,14094.1405,16990.9874,0
11808,170.54,14319.9918,16990.9874,0
11810,170.56,14319.9918,16990.9874,0
11811,170.58,14319.9918,16990.9874,0
11812,170.59,14319.9918,16990.9874,0
11814,170.61,14322.1593,16990.9874,0
11816,170.62,14322.1593,16990.9874,0
11817,170.64,14322.1593,16990.9874,0
11818,170.66,14322.1593,16990.9874,0
11820,170.67,14322.1593,16990.9874,0
11821,170.69,14572.3129,16990.9874,0
11822,170.71,14910.5266,16990.9874,0
11823,170.73,14910.5266,16990.9874,0
11824,170.75,15113.6132,16990.9874,0
11825,170.77,15113.6132,16990.9874,0
11826,170.79,15113.6132,16990.9874,0
11827,170.81,15113.6132,16990.9874,0
11828,170.83,15113.6132,16990.9874,0
11830,170.85,15329.3311,16990.9874,0
11831,170.87,15329.3311,16990.9874,0
11832,170.91,15377.0609,16990.9874,0
11833,170.93,15377.0609,16990.9874,0
11837,171.05,15377.0609,16990.9874,0
11838,171.06,15377.0609,16990.9874,0
11839,171.08,15377.0609,16990.9874,0
11841,171.09,15377.0609,16990.9874,0
11846,171.15,15377.0609,16990.9874,0
11847,171.16,15377.0609,16990.9874,0
11848,171.18,15377.0609,16990.9874,0
11851,171.22,15377.0609,16990.9874,0
11853,171.24,15377.0609,16990.9874,0
11854,171.24,15377.0609,16990.9874,0
11855,171.24,15377.0609,16990.9874,0
11856,171.26,15377.0609,16990.9874,0
11857,171.26,15377.0609,16990.9874,0
11860,171.30,15377.0609,16990.9874,0
11867,171.39,15377.0609,16990.9874,0
11868,171.39,15377.0609,16990.9874,0
11870,171.41,15377.0609,16990.9874,0
11874,171.45,15377.0609,16990.9874,0
11875,171.45,15377.0609,16990.9874,0
11878,171.48,15377.0609,16990.9874,0
11883,171.51,15377.0609,16990.9874,0
11884,171.53,15377.0609,16990.9874,0
11887,171.55,15377.0609,16990.9874,0
11889,171.57,15377.0609,16990.9874,0
11890,171.57,15377.0609,16990.9874,0
11892,171.61,15377.0609,16990.9874,0
11898,171.63,15377.0609,16990.9874,0
11900,171.65,15377.0609,16990.9874,0
11902,171.68,15377.0609,16990.9874,0
11904,171.68,15377.0609,16990.9874,0
11906,171.70,15377.0609,16990.9874,0
11909,171.73,15377.0609,16990.9874,0
11912,171.77,15377.0609,16990.9874,0
11913,171.77,15377.0609,16990.9874,0
11916,171.77,15377.0609,16990.9874,0
11918,171.79,15377.0609,16990.9874,0
11920,171.81,15377.0609,16990.9874,0
11922,171.83,15377.0609,16990.9874,0
11923,171.83,15377.0609,16990.9874,0
11924,171.85,15377.0609,16990.9874,0
11925,171.85,15377.0609,16990.9874,0
11927,171.87,15377.0609,16990.9874,0
11929,171.89,15377.0609,16990.9874,0
11931,171.91,15377.0609,16990.9874,0
11932,171.93,15377.0609,16990.9874,0
11933,171.93,15377.0609,16990.9874,1
11934,171.96,12482.6245,16990.9874,0
11935,171.98,12482.6245,16990.9874,0
11936,172.02,12623.4785,16990.9874,0
11937,172.03,12649.8185,16990.9874,0
11938,172.05,12649.8185,16990.9874,0
11939,172.07,12649.8185,16990.9874,0
11940,172.08,12649.8185,16990.9874,0
11942,172.10,12649.8185,16990.9874,0
11943,172.11,12649.8185,16990.9874,0
11945,172.12,12649.8185,16990.9874,0
11946,172.14,12652.4832,16990.9874,0
11947,172.15,12719.3593,16990.9874,0
11948,172.17,12721.4151,16990.9874,0
11949,172.18,12721.4151,16990.9874,0
11950,172.20,12721.4151,16990.9874,0
11952,172.21,12721.4151,16990.9874,0
11953,172.23,12721.4151,16990.9874,0
11955,172.24,12721.4151,16990.9874,0
11956,172.24,12721.4151,16990.9874,0
11957,172.26,12962.2329,16990.9874,0
11958,172.27,12962.2329,16990.9874,0
11959,172.28,12962.2329,16990.9874,0
11962,172.30,12993.0829,16990.9874,0
11963,172.32,13201.5068,16990.9874,0
11964,172.33,13201.5068,16990.9874,0
11965,172.35,13201.5068,16990.9874,0
11966,172.36,13201.5068,16990.9874,0
11967,172.38,13201.5068,16990.9874,0
11968,172.39,13201.5068,16990.9874,0
11969,172.40,13201.5068,16990.9874,0
11970,172.41,13201.5068,16990.9874,0
11971,172.42,13201.5068,16990.9874,0
11972,172.44,13201.5068,16990.9874,0
11973,172.45,13201.5068,16990.9874,0
11974,172.48,13442.0766,16990.9874,0
11976,172.49,13442.0766,16990.9874,0
11977,172.51,13523.0700,16990.9874,0
11978,172.52,13523.0700,16990.9874,0
11979,172.54,13523.0700,16990.9874,0
11980,172.55,13687.3375,16990.9874,0
11983,172.59,13687.3375,16990.9874,0
11984,172.60,13687.3375,16990.9874,0
11993,172.69,13687.3375,16990.9874,0
11994,172.69,13687.3375,16990.9874,0
11995,172.71,13687.3375,16990.9874,0
11996,172.72,13749.3193,16990.9874,0
11997,172.74,13749.3193,16990.9874,0
11999,172.75,13751.9709,16990.9874,0
12000,172.77,13751.9709,16990.9874,0
12001,172.78,13751.9709,16990.9874,0
12002,172.80,13751.9709,16990.9874,0
12003,172.81,13751.9709,16990.9874,0
12004,172.82,13752.5436,16990.9874,0
12005,172.84,13752.5436,16990.9874,0
12006,172.85,13752.5436,16990.9874,0
12007,172.85,13752.5436,16990.9874,0
12008,172.87,13752.5436,16990.9874,0
12009,172.88,13752.5436,16990.9874,0
12010,172.90,13752.5436,16990.9874,0
12011,172.91,13752.5436,16990.9874,0
12012,172.92,13752.5436,16990.9874,0
12013,172.94,13756.9187,16990.9874,0
12014,172.95,13756.9187,16990.9874,0
12015,172.95,13756.9187,16990.9874,0
12017,172.97,13927.0328,16990.9874,0
12018,172.98,13927.0328,16990.9874,0
12019,173.00,14007.9094,16990.9874,0
12024,173.06,14007.9094,16990.9874,0
12025,173.07,14007.9094,16990.9874,0
12027,173.11,14007.9094,16990.9874,0
12031,173.16,14032.0200,16990.9874,0
12032,173.17,14075.2084,16990.9874,0
12034,173.19,14075.2084,16990.9874,0
12035,173.20,14075.2084,16990.9874,0
12038,173.22,14075.2084,16990.9874,0
12039,173.23,14075.2084,16990.9874,0
12040,173.25,14075.2084,16990.9874,0
12041,173.27,14075.2084,16990.9874,0
12043,173.27,14075.2084,16990.9874,0
12047,173.29,14235.5482,16990.9874,0
12051,173.36,14262.1200,16990.9874,0
12052,173.38,14262.1200,16990.9874,0
12053,173.39,14418.2150,16990.9874,0
12054,173.41,14570.2710,16990.9874,0
12055,173.43,14570.2710,16990.9874,0
12057,173.45,14570.2710,16990.9874,0
12058,173.45,14570.2710,16990.9874,0
12059,173.46,14570.2710,16990.9874,0
12063,173.56,14570.2710,16990.9874,0
12064,173.56,14570.2710,16990.9874,0
12066,173.59,14570.2710,16990.9874,0
12067,173.59,14570.2710,16990.9874,0
12068,173.61,14576.6764,16990.9874,0
12069,173.63,14576.6764,16990.9874,0
12070,173.64,14576.6764,16990.9874,0
12072,173.65,14576.6764,16990.9874,0
12074,173.65,14576.6764,16990.9874,0
12076,173.66,14576.6764,16990.9874,0
12079,173.66,14576.6764,16990.9874,0
12080,173.69,14623.7577,16990.9874,0
12083,173.73,14623.7577,16990.9874,0
12087,173.75,14623.7577,16990.9874,0
12088,173.75,14623.7577,16990.9874,0
12089,173.76,14624.8926,16990.9874,0
12090,173.78,14624.8926,16990.9874,0
12091,173.79,14624.8926,16990.9874,0
12092,173.79,14624.8926,16990.9874,0
12093,173.81,14624.8926,16990.9874,0
12094,173.82,14624.8926,16990.9874,0
12095,173.84,14624.8926,16990.9874,0
12096,173.86,14624.8926,16990.9874,0
12097,173.87,14624.8926,16990.9874,0
12099,173.90,14752.3203,16990.9874,0
12100,173.91,14752.3203,16990.9874,0
12101,173.94,14823.6642,16990.9874,0
12102,173.96,14823.6642,16990.9874,0
12103,173.99,14823.6642,16990.9874,0
12106,174.02,14823.6642,16990.9874,0
12109,174.06,14823.6642,16990.9874,0
12111,174.08,14823.6642,16990.9874,0
12113,174.12,14823.6642,16990.9874,0
12115,174.12,14823.6642,16990.9874,0
12117,174.14,14823.6642,16990.9874,0
12118,174.14,14823.6642,16990.9874,0
12119,174.16,14823.6642,16990.9874,0
12122,174.17,14823.6642,16990.9874,0
12127,174.22,14823.6642,16990.9874,0
12128,174.22,14823.6642,16990.9874,0
12129,174.24,14823.6642,16990.9874,0
12131,174.24,14823.6642,16990.9874,0
12132,174.24,14823.6642,16990.9874,0
12134,174.26,14823.6642,16990.9874,0
12136,174.28,14823.6642,16990.9874,0
12137,174.28,14823.6642,16990.9874,0
12138,174.29,14823.6642,16990.9874,0
12141,174.29,14823.6642,16990.9874,0
12144,174.31,14823.6642,16990.9874,0
12145,174.32,14823.6642,16990.9874,0
12147,174.36,14823.6642,16990.9874,0
12149,174.36,14823.6642,16990.9874,0
12152,174.36,14823.6642,16990.9874,0
12153,174.36,14823.6642,16990.9874,0
12154,174.37,14823.6642,16990.9874,0
12157,174.39,14823.6642,16990.9874,0
12158,174.39,14823.6642,16990.9874,0
12161,174.43,14823.6642,16990.9874,0
12164,174.46,14823.6642,16990.9874,0
12165,174.46,14823.6642,16990.9874,0
12167,174.46,14823.6642,16990.9874,0
12172,174.52,14823.6642,16990.9874,0
12173,174.52,14823.6642,16990.9874,0
12177,174.56,14823.6642,16990.9874,0
12179,174.57,14823.6642,16990.9874,0
12181,174.59,14823.6642,16990.9874,0
12183,174.60,14823.6642,16990.9874,0
12184,174.60,14823.6642,16990.9874,0
12185,174.61,14823.6642,16990.9874,0
12186,174.61,14823.6642,16990.9874,0
12188,174.62,14823.6642,16990.9874,0
12189,174.62,14823.6642,16990.9874,0
12192,174.65,14823.6642,16990.9874,0
12194,174.67,14823.6642,16990.9874,0
12196,174.67,14823.6642,16990.9874,0
12197,174.68,14823.6642,16990.9874,0
12198,174.68,14823.6642,16990.9874,0
12199,174.68,14823.6642,16990.9874,0
12202,174.72,14823.6642,16990.9874,1
12203,174.75,12503.3484,16990.9874,0
12204,174.76,12503.3484,16990.9874,0
12205,174.77,12707.3033,16990.9874,0
12206,174.78,12707.3033,16990.9874,0
12207,174.80,12821.7372,16990.9874,0
12208,174.81,12821.7372,16990.9874,0
12209,174.82,12821.7372,16990.9874,0
12210,174.84,12821.7372,16990.9874,0
12211,174.85,12821.7372,16990.9874,0
12212,174.86,12821.7372,16990.9874,0
12213,174.87,12821.7372,16990.9874,0
12214,174.88,12821.7372,16990.9874,0
12216,174.90,12821.7372,16990.9874,0
12217,174.91,12821.7372,16990.9874,0
12218,174.92,12821.7372,16990.9874,0
12219,174.94,12955.7403,16990.9874,0
12220,174.95,13085.7618,16990.9874,0
12221,174.96,13085.7618,16990.9874,0
12222,174.96,13085.7618,16990.9874,0
12224,174.98,13174.0497,16990.9874,0
12225,175.00,13174.0497,16990.9874,0
12226,175.01,13199.2145,16990.9874,0
12228,175.03,13199.2145,16990.9874,0
12229,175.04,13199.2145,16990.9874,0
12231,175.04,13199.2145,16990.9874,0
12232,175.06,13199.2145,16990.9874,0
12233,175.07,13224.9355,16990.9874,0
12234,175.09,13229.1789,16990.9874,0
12236,175.11,13341.6596,16990.9874,0
12237,175.12,13341.6596,16990.9874,0
12238,175.13,13341.6596,16990.9874,0
12239,175.15,13341.6596,16990.9874,0
12240,175.16,13376.8155,16990.9874,0
12241,175.18,13376.8155,16990.9874,0
12242,175.20,13529.0282,16990.9874,0
12243,175.22,13566.6658,16990.9874,0
12246,175.25,13566.6658,16990.9874,0
12248,175.26,13569.1972,16990.9874,0
12249,175.28,13762.7647,16990.9874,0
12250,175.29,13762.7647,16990.9874,0
12254,175.35,13762.7647,16990.9874,0
12256,175.38,13766.9740,16990.9874,0
12257,175.39,14031.6592,16990.9874,0
12258,175.43,14031.6592,16990.9874,0
12259,175.45,14031.6592,16990.9874,0
12261,175.51,14098.7330,16990.9874,0
12262,175.52,14098.7330,16990.9874,0
12263,175.54,14098.7330,16990.9874,0
12264,175.55,14098.7330,16990.9874,0
12266,175.59,14098.7330,16990.9874,0
12270,175.65,14098.7330,16990.9874,0
12271,175.65,14098.7330,16990.9874,0
12273,175.67,14101.3748,16990.9874,0
12274,175.69,14101.3748,16990.9874,0
12276,175.70,14101.3748,16990.9874,0
12279,175.74,14101.3748,16990.9874,0
12282,175.76,14101.3748,16990.9874,0
12283,175.77,14101.3748,16990.9874,0
12284,175.79,14101.3748,16990.9874,0
12286,175.79,14101.3748,16990.9874,0
12287,175.80,14101.3748,16990.9874,0
12288,175.82,14101.3748,16990.9874,0
12289,175.84,14101.3748,16990.9874,0
12292,175.86,14101.3748,16990.9874,0
12293,175.86,14101.3748,16990.9874,0
12296,175.90,14101.3748,16990.9874,0
12299,175.95,14266.4505,16990.9874,0
12302,176.00,14266.4505,16990.9874,0
12304,176.02,14266.4505,16990.9874,0
12307,176.02,14266.4505,16990.9874,0
12309,176.07,14317.4766,16990.9874,0
12310,176.08,14335.3794,16990.9874,0
12311,176.10,14335.3794,16990.9874,0
12313,176.12,14335.3794,16990.9874,0
12319,176.19,14335.3794,16990.9874,0
12320,176.19,14335.3794,16990.9874,0
12321,176.20,14335.3794,16990.9874,0
12322,176.21,14335.3794,16990.9874,0
12323,176.21,14335.3794,16990.9874,0
12330,176.30,14335.3794,16990.9874,0
12331,176.30,14335.3794,16990.9874,0
12332,176.32,14335.3794,16990.9874,0
12334,176.34,14335.3794,16990.9874,0
12335,176.35,14340.2064,16990.9874,0
12337,176.39,14340.2064,16990.9874,0
12339,176.42,14340.2064,16990.9874,0
12340,176.44,14340.2064,16990.9874,0
12342,176.46,14340.2064,16990.9874,0
12345,176.50,14340.2064,16990.9874,0
12346,176.51,14340.2064,16990.9874,0
12349,176.52,14340.2064,16990.9874,0
12351,176.54,14340.2064,16990.9874,0
12357,176.59,14340.2064,16990.9874,0
12359,176.61,14340.2064,16990.9874,0
12362,176.65,14340.2064,16990.9874,0
12366,176.70,14340.2064,16990.9874,0
12368,176.72,14340.2064,16990.9874,0
12369,176.74,14340.2064,16990.9874,0
12370,176.74,14340.2064,16990.9874,0
12373,176.76,14340.2064,16990.9874,0
12374,176.76,14340.2064,16990.9874,0
12375,176.76,14340.2064,16990.9874,0
12376,176.76,14340.2064,16990.9874,0
12377,176.76,14340.2064,16990.9874,0
12378,176.76,14340.2064,16990.9874,0
12380,176.78,14340.2064,16990.9874,0
12382,176.82,14340.2064,16990.9874,0
12383,176.83,14340.2064,16990.9874,0
12387,176.85,14340.2064,16990.9874,0
12388,176.85,14340.2064,16990.9874,0
12389,176.86,14340.2064,16990.9874,0
12392,176.86,14340.2064,16990.9874,0
12394,176.89,14340.2064,16990.9874,0
12397,176.93,14340.2064,16990.9874,0
12400,176.93,14340.2064,16990.9874,0
12402,176.95,14340.2064,16990.9874,0
12403,176.95,14340.2064,16990.9874,0
12405,176.97,14340.2064,16990.9874,0
12406,176.97,14340.2064,16990.9874,0
12407,176.97,14340.2064,16990.9874,0
12408,176.97,14340.2064,16990.9874,0
12409,176.98,14340.2064,16990.9874,0
12410,176.99,14340.2064,16990.9874,0
12411,176.99,14340.2064,16990.9874,0
12413,176.99,14340.2064,16990.9874,0
12416,177.03,14340.2064,16990.9874,0
12418,177.03,14340.2064,16990.9874,0
12420,177.03,14340.2064,16990.9874,0
12421,177.03,14340.2064,16990.9874,0
12425,177.09,14340.2064,16990.9874,0
12426,177.09,14340.2064,16990.9874,0
12429,177.11,14340.2064,16990.9874,0
12430,177.11,14340.2064,16990.9874,0
12432,177.12,14340.2064,16990.9874,0
12434,177.12,14340.2064,16990.9874,0
12435,177.12,14340.2064,16990.9874,0
12436,177.12,14340.2064,16990.9874,1
12437,177.14,11195.4251,16990.9874,0
12438,177.15,11195.4251,16990.9874,0
12439,177.17,11195.4251,16990.9874,0
12440,177.18,11425.3065,16990.9874,0
12441,177.19,11514.8481,16990.9874,0
12442,177.21,11661.9151,16990.9874,0
12443,177.22,11815.6810,16990.9874,0
12444,177.23,11815.6810,16990.9874,0
12446,177.28,11815.6810,16990.9874,0
12447,177.30,11815.6810,16990.9874,0
12448,177.31,11815.6810,16990.9874,0
12449,177.33,11815.6810,16990.9874,0
12450,177.35,11848.9574,16990.9874,0
12451,177.36,11850.3343,16990.9874,0
12453,177.41,11864.9614,16990.9874,0
12454,177.42,11864.9614,16990.9874,0
12455,177.44,11869.2622,16990.9874,0
12456,177.45,11886.8096,16990.9874,0
12457,177.46,11886.8096,16990.9874,0
12458,177.48,11886.8096,16990.9874,0
12459,177.50,11989.8072,16990.9874,0
12460,177.52,12001.5652,16990.9874,0
12461,177.53,12001.5652,16990.9874,0
12462,177.57,12001.5652,16990.9874,0
12463,177.58,12001.5652,16990.9874,0
12464,177.59,12033.0642,16990.9874,0
12465,177.61,12054.7663,16990.9874,0
12466,177.62,12054.7663,16990.9874,0
12467,177.64,12130.7614,16990.9874,0
12468,177.65,12130.7614,16990.9874,0
12469,177.67,12130.7614,16990.9874,0
12470,177.68,12130.7614,16990.9874,0
12471,177.68,12130.7614,16990.9874,0
12472,177.70,12130.7614,16990.9874,0
12473,177.71,12136.5822,16990.9874,0
12474,177.72,12136.5822,16990.9874,0
12475,177.74,12136.5822,16990.9874,0
12476,177.75,12136.5822,16990.9874,0
12477,177.76,12263.2295,16990.9874,0
12478,177.78,12263.2295,16990.9874,0
12479,177.79,12263.2295,16990.9874,0
12480,177.81,12263.2295,16990.9874,0
12481,177.82,12293.2531,16990.9874,0
12483,177.86,12293.2531,16990.9874,0
12484,177.87,12293.2531,16990.9874,0
12485,177.89,12434.6217,16990.9874,0
12486,177.90,12434.6217,16990.9874,0
12487,177.92,12434.6217,16990.9874,0
12488,177.93,12434.6217,16990.9874,0
12489,177.95,12434.6217,16990.9874,0
12490,177.97,12434.6217,16990.9874,0
12492,177.97,12434.6217,16990.9874,0
12493,177.98,12434.6217,16990.9874,0
12494,177.99,12434.6217,16990.9874,0
12495,178.01,12434.6217,16990.9874,0
12496,178.02,12434.6217,16990.9874,0
12497,178.04,12437.3829,16990.9874,0
12498,178.05,12572.2526,16990.9874,0
12499,178.06,12572.2526,16990.9874,0
12500,178.06,12572.2526,16990.9874,0
12501,178.08,12636.8918,16990.9874,0
12502,178.10,12636.8918,16990.9874,0
12503,178.11,12636.8918,16990.9874,0
12504,178.12,12636.8918,16990.9874,0
12505,178.14,12725.2934,16990.9874,0
12506,178.15,12741.4943,16990.9874,0
12507,178.17,12777.5671,16990.9874,0
12509,178.18,12777.5671,16990.9874,0
12510,178.20,12810.6101,16990.9874,0
12511,178.22,12822.5897,16990.9874,0
12512,178.23,12822.5897,16990.9874,0
12513,178.25,12822.5897,16990.9874,0
12514,178.26,12834.5891,16990.9874,0
12515,178.28,12834.5891,16990.9874,0
12518,178.30,12834.5891,16990.9874,0
12519,178.30,12834.5891,16990.9874,0
12522,178.33,12834.5891,16990.9874,0
12524,178.36,12834.5891,16990.9874,0
12525,178.38,12943.1605,16990.9874,0
12526,178.39,12943.1605,16990.9874,0
12528,178.41,12943.1605,16990.9874,0
12529,178.43,12959.7630,16990.9874,0
12530,178.44,12959.8663,16990.9874,0
12531,178.45,13150.2727,16990.9874,0
12534,178.48,13154.4720,16990.9874,0
12536,178.50,13154.4720,16990.9874,0
12537,178.51,13154.4720,16990.9874,0
12538,178.53,13154.4720,16990.9874,0
12539,178.54,13188.3542,16990.9874,0
12540,178.55,13192.8870,16990.9874,0
12541,178.57,13192.8870,16990.9874,0
12542,178.58,13214.9227,16990.9874,0
12544,178.60,13214.9227,16990.9874,0
12546,178.61,13216.6889,16990.9874,0
12547,178.63,13242.4951,16990.9874,0
12548,178.65,13242.4951,16990.9874,0
12549,178.69,13242.4951,16990.9874,0
12551,178.70,13242.4951,16990.9874,0
12552,178.70,13242.4951,16990.9874,0
12553,178.73,13290.5737,16990.9874,0
12556,178.75,13290.5737,16990.9874,0
12558,178.76,13290.5737,16990.9874,0
12559,178.77,13290.5737,16990.9874,0
12560,178.77,13290.5737,16990.9874,0
12562,178.78,13290.5737,16990.9874,0
12563,178.80,13290.5737,16990.9874,0
12564,178.81,13291.2876,16990.9874,0
12569,178.89,13291.2876,16990.9874,0
12571,178.92,13291.2876,16990.9874,0
12573,178.96,13291.2876,16990.9874,0
12574,178.98,13291.2876,16990.9874,0
12575,179.00,13291.2876,16990.9874,0
12577,179.02,13291.2876,16990.9874,0
12579,179.04,13291.2876,16990.9874,0
12580,179.05,13291.2876,16990.9874,0
12582,179.07,13291.2876,16990.9874,0
12587,179.11,13291.2876,16990.9874,0
12588,179.12,13343.6919,16990.9874,0
12589,179.14,13357.5111,16990.9874,0
12591,179.15,13357.5111,16990.9874,0
12592,179.18,13490.2355,16990.9874,0
12593,179.20,13494.8119,16990.9874,0
12594,179.21,13494.8119,16990.9874,0
12597,179.25,13494.8119,16990.9874,0
12600,179.27,13494.8119,16990.9874,0
12602,179.27,13494.8119,16990.9874,0
12603,179.29,13494.8119,16990.9874,0
12605,179.32,13508.0808,16990.9874,0
12606,179.34,13508.0808,16990.9874,0
12607,179.37,13571.5450,16990.9874,0
12608,179.40,13571.5450,16990.9874,0
12610,179.41,13571.5450,16990.9874,0
12611,179.42,13571.5450,16990.9874,0
12613,179.44,13571.5450,16990.9874,0
12616,179.46,13571.5450,16990.9874,0
12618,179.48,13571.5450,16990.9874,0
12620,179.51,13571.5450,16990.9874,0
12624,179.53,13571.5450,16990.9874,0
12628,179.58,13571.5450,16990.9874,0
12629,179.60,13571.5450,16990.9874,0
12631,179.62,13571.5450,16990.9874,0
12634,179.64,13571.5450,16990.9874,0
12638,179.70,13571.5450,16990.9874,0
12640,179.72,13571.5450,16990.9874,0
12644,179.78,13571.5450,16990.9874,0
12647,179.81,13571.5450,16990.9874,0
12648,179.83,13571.5450,16990.9874,0
12649,179.84,13571.5450,16990.9874,0
12650,179.84,13571.5450,16990.9874,0
12651,179.84,13571.5450,16990.9874,0
12653,179.86,13571.5450,16990.9874,0
12654,179.87,13571.5450,16990.9874,0
12656,179.89,13571.5450,16990.9874,0
12658,179.91,13571.5450,16990.9874,0
12659,179.91,13571.5450,16990.9874,0
12662,179.93,13571.5450,16990.9874,0
12664,179.94,13571.5450,16990.9874,0
12669,179.97,13571.5450,16990.9874,0
12670,179.97,13571.5450,16990.9874,0
12672,179.97,13571.5450,16990.9874,0
12673,179.98,13571.5450,16990.9874,0
12675,180.00,13571.5450,16990.9874,0
12676,180.02,13571.5450,16990.9874,0
12680,180.04,13571.5450,16990.9874,0
12682,180.06,13571.5450,16990.9874,0
12689,180.13,13571.5450,16990.9874,0
12690,180.14,13571.5450,16990.9874,0
12692,180.15,13571.5450,16990.9874,0
12693,180.15,13571.5450,16990.9874,0
12695,180.15,13571.5450,16990.9874,0
12697,180.16,13571.5450,16990.9874,0
12698,180.17,13571.5450,16990.9874,0
12699,180.17,13571.5450,16990.9874,0
12700,180.18,13571.5450,16990.9874,0
12701,180.18,13571.5450,16990.9874,0
12702,180.18,13571.5450,16990.9874,0
12703,180.20,13571.5450,16990.9874,0
12708,180.22,13571.5450,16990.9874,1
12709,180.24,12042.8576,16990.9874,0
12710,180.26,12042.8576,16990.9874,0
12711,180.27,12042.8576,16990.9874,0
12712,180.28,12042.8576,16990.9874,0
12713,180.29,12042.8576,16990.9874,0
12714,180.31,12042.8576,16990.9874,0
12715,180.32,12042.8576,16990.9874,0
12716,180.33,12042.8576,16990.9874,0
12717,180.35,12042.8576,16990.9874,0
12718,180.36,12108.1894,16990.9874,0
12719,180.37,12183.0730,16990.9874,0
12720,180.39,12183.0730,16990.9874,0
12721,180.40,12183.0730,16990.9874,0
12722,180.41,12183.0730,16990.9874,0
12723,180.43,12183.7163,16990.9874,0
12724,180.44,12183.7163,16990.9874,0
12725,180.46,12515.4447,16990.9874,0
12726,180.47,12542.2203,16990.9874,0
12727,180.51,12555.4231,16990.9874,0
12728,180.52,12555.4231,16990.9874,0
12729,180.53,12555.4231,16990.9874,0
12730,180.55,12555.4231,16990.9874,0
12731,180.56,12875.1578,16990.9874,0
12732,180.58,12875.1578,16990.9874,0
12733,180.59,12875.1578,16990.9874,0
12734,180.61,12875.1578,16990.9874,0
12735,180.62,13254.2818,16990.9874,0
12736,180.64,13374.1549,16990.9874,0
12737,180.65,13460.1881,16990.9874,0
12738,180.67,13460.5947,16990.9874,0
12739,180.67,13460.5947,16990.9874,0
12740,180.68,13638.2039,16990.9874,0
12741,180.69,13638.2039,16990.9874,0
12743,180.73,13638.2039,16990.9874,0
12744,180.75,13638.2039,16990.9874,0
12745,180.77,13638.2646,16990.9874,0
12746,180.78,13643.4090,16990.9874,0
12747,180.79,13672.3685,16990.9874,0
12748,180.81,13672.3685,16990.9874,0
12749,180.82,13925.0679,16990.9874,0
12750,180.84,13925.0679,16990.9874,0
12751,180.85,14091.0404,16990.9874,0
12752,180.87,14098.1204,16990.9874,0
12753,180.88,14133.1878,16990.9874,0
12754,180.90,14225.7692,16990.9874,0
12755,180.92,14225.7692,16990.9874,0
12756,180.94,14225.7692,16990.9874,0
12757,180.96,14231.9480,16990.9874,0
12758,180.98,14237.2641,16990.9874,0
12759,181.00,14242.5166,16990.9874,0
12760,181.02,14242.5166,16990.9874,0
12763,181.04,14245.3175,16990.9874,0
12764,181.06,14245.3175,16990.9874,0
12765,181.07,14245.3175,16990.9874,0
12766,181.10,14273.3488,16990.9874,0
12767,181.12,14273.3488,16990.9874,0
12770,181.14,14273.3488,16990.9874,0
12771,181.16,14273.3488,16990.9874,0
12772,181.18,14392.7676,16990.9874,0
12773,181.21,14395.4417,16990.9874,0
12779,181.26,14395.4417,16990.9874,0
12782,181.30,14405.1905,16990.9874,0
12784,181.31,14487.9483,16990.9874,0
12785,181.34,14520.3378,16990.9874,0
12786,181.35,14569.2258,16990.9874,0
12787,181.37,14569.2258,16990.9874,0
12790,181.37,14569.2258,16990.9874,0
12792,181.39,14569.2258,16990.9874,0
12793,181.42,14601.6154,16990.9874,0
12794,181.44,14601.6154,16990.9874,0
12795,181.46,14601.6154,16990.9874,0
12797,181.49,14632.5848,16990.9874,0
12809,181.64,14632.5848,16990.9874,0
12810,181.66,14633.4049,16990.9874,0
12812,181.69,14647.1029,16990.9874,0
12813,181.72,14647.1029,16990.9874,0
12814,181.76,14647.1029,16990.9874,0
12816,181.81,14647.1029,16990.9874,0
12819,181.87,14647.1029,16990.9874,0
12822,181.90,14647.1029,16990.9874,0
12825,181.93,14647.1029,16990.9874,0
12826,181.94,14647.1029,16990.9874,0
12830,182.05,14647.1029,16990.9874,0
12836,182.10,14647.1029,16990.9874,0
12837,182.11,14647.1029,16990.9874,0
12839,182.15,14647.1029,16990.9874,0
12840,182.15,14647.1029,16990.9874,0
12844,182.21,14647.1029,16990.9874,0
12849,182.28,14647.1029,16990.9874,0
12850,182.29,14647.1029,16990.9874,0
12854,182.33,14647.1029,16990.9874,0
12862,182.40,14647.1029,16990.9874,0
12866,182.45,14647.1029,16990.9874,0
12867,182.45,14647.1029,16990.9874,0
12868,182.47,14647.1029,16990.9874,0
12870,182.48,14647.1029,16990.9874,0
12871,182.49,14647.1029,16990.9874,0
12875,182.51,14647.1029,16990.9874,0
12876,182.52,14647.1029,16990.9874,0
12878,182.54,14647.1401,16990.9874,0
12879,182.56,14647.1401,16990.9874,0
12880,182.57,14647.1401,16990.9874,0
12881,182.59,14687.0365,16990.9874,0
12883,182.62,15176.5965,16990.9874,0
12885,182.64,15176.5965,16990.9874,0
12887,182.66,15176.5965,16990.9874,0
12888,182.68,15176.5965,16990.9874,0
12890,182.69,15176.5965,16990.9874,0
12894,182.73,15176.5965,16990.9874,0
12897,182.76,15176.5965,16990.9874,0
12900,182.79,15176.5965,16990.9874,0
12904,182.83,15176.5965,16990.9874,0
12906,182.83,15176.5965,16990.9874,0
12907,182.84,15176.5965,16990.9874,0
12908,182.86,15177.0408,16990.9874,0
12911,182.92,15177.0408,16990.9874,0
12913,182.96,15177.0408,16990.9874,0
12918,183.03,15177.0408,16990.9874,0
12924,183.10,15177.0408,16990.9874,0
12927,183.14,15177.0408,16990.9874,0
12930,183.17,15177.0408,16990.9874,0
12931,183.18,15177.0408,16990.9874,0
12934,183.19,15177.0408,16990.9874,0
12935,183.19,15177.0408,16990.9874,0
12937,183.19,15177.0408,16990.9874,0
12938,183.21,15177.0408,16990.9874,0
12942,183.28,15177.0408,16990.9874,0
12945,183.32,15177.2851,16990.9874,0
12948,183.34,15177.2851,16990.9874,0
12950,183.38,15177.2851,16990.9874,0
12954,183.45,15177.2851,16990.9874,0
12960,183.53,15177.2851,16990.9874,0
12962,183.53,15177.2851,16990.9874,0
12963,183.55,15177.2851,16990.9874,0
12966,183.59,15177.2851,16990.9874,0
12970,183.63,15177.2851,16990.9874,0
12972,183.65,15177.2851,16990.9874,0
12973,183.67,15177.2851,16990.9874,0
12974,183.68,15177.2851,16990.9874,0
12975,183.70,15177.2851,16990.9874,0
12978,183.72,15177.2851,16990.9874,0
12979,183.74,15177.2851,16990.9874,0
12981,183.76,15177.8259,16990.9874,0
12982,183.78,15177.8259,16990.9874,0
12983,183.80,15177.8259,16990.9874,0
12985,183.83,15177.8259,16990.9874,0
12987,183.86,15177.8259,16990.9874,0
12989,183.87,15177.8259,16990.9874,0
12991,183.89,15177.8259,16990.9874,0
12993,183.92,15177.8259,16990.9874,0
12994,183.93,15177.8259,16990.9874,0
12995,183.95,15177.8259,16990.9874,0
12996,183.95,15177.8259,16990.9874,0
12997,183.97,15177.8259,16990.9874,0
12999,183.98,15177.8259,16990.9874,0
13002,183.98,15177.8259,16990.9874,0
13004,184.00,15177.8259,16990.9874,0
13005,184.02,15177.8259,16990.9874,0
13007,184.02,15177.8259,16990.9874,0
13010,184.04,15177.8259,16990.9874,0
13014,184.07,15177.8259,16990.9874,0
13019,184.13,15177.8259,16990.9874,0
13021,184.16,15177.8259,16990.9874,0
13022,184.16,15177.8259,16990.9874,0
13024,184.20,15177.8259,16990.9874,0
13025,184.20,15177.8259,16990.9874,0
13026,184.22,15177.8259,16990.9874,0
13027,184.24,15177.8259,16990.9874,0
13028,184.26,15177.8259,16990.9874,0
13029,184.26,15177.8259,16990.9874,0
13030,184.28,15177.8259,16990.9874,0
13032,184.30,15177.8259,16990.9874,0
13035,184.30,15177.8259,16990.9874,0
13038,184.32,15177.8259,16990.9874,0
13040,184.35,15177.8259,16990.9874,0
13041,184.35,15177.8259,16990.9874,0
13042,184.36,15177.8259,16990.9874,0
13044,184.39,15177.8259,16990.9874,0
13046,184.40,15177.8259,16990.9874,0
13047,184.40,15177.8259,16990.9874,0
13048,184.40,15177.8259,16990.9874,0
13050,184.44,15177.8259,16990.9874,0
13053,184.44,15177.8259,16990.9874,0
13055,184.44,15177.8259,16990.9874,0
13057,184.46,15177.8259,16990.9874,0
13058,184.47,15177.8259,16990.9874,0
13060,184.50,15177.8259,16990.9874,0
13065,184.55,15177.8259,16990.9874,0
13066,184.56,15177.8259,16990.9874,0
13068,184.56,15177.8259,16990.9874,0
13069,184.56,15177.8259,16990.9874,0
13071,184.57,15177.8259,16990.9874,0
13074,184.61,15177.8259,16990.9874,0
13080,184.66,15177.8259,16990.9874,0
13081,184.66,15177.8259,16990.9874,0
13082,184.66,15177.8259,16990.9874,1
13083,184.69,12417.6696,16990.9874,0
13084,184.70,12417.6696,16990.9874,0
13085,184.71,12417.6696,16990.9874,0
13086,184.73,12580.2998,16990.9874,0
13087,184.74,12814.3762,16990.9874,0
13088,184.75,12933.3476,16990.9874,0
13090,184.77,12951.0007,16990.9874,0
13092,184.79,12990.6004,16990.9874,0
13093,184.80,12990.6004,16990.9874,0
13094,184.80,12990.6004,16990.9874,0
13095,184.81,13043.7358,16990.9874,0
13096,184.83,13046.3790,16990.9874,0
13097,184.84,13046.3790,16990.9874,0
13098,184.85,13046.3790,16990.9874,0
13099,184.87,13069.2398,16990.9874,0
13100,184.88,13362.0976,16990.9874,0
13101,184.90,13437.0031,16990.9874,0
13102,184.91,13437.0031,16990.9874,0
13103,184.93,13459.2976,16990.9874,0
13104,184.94,13459.2976,16990.9874,0
13105,184.96,13555.1643,16990.9874,0
13106,184.97,13555.1643,16990.9874,0
13108,184.99,13705.7130,16990.9874,0
13109,185.02,13847.5233,16990.9874,0
13110,185.04,13847.5233,16990.9874,0
13113,185.06,13863.0881,16990.9874,0
13115,185.12,13863.0881,16990.9874,0
13116,185.12,13863.0881,16990.9874,0
13117,185.15,13961.3248,16990.9874,0
13118,185.18,13967.8142,16990.9874,0
13119,185.24,14152.3771,16990.9874,0
13122,185.29,14157.4671,16990.9874,0
13123,185.31,14157.4671,16990.9874,0
13124,185.35,14157.4671,16990.9874,0
13129,185.44,14157.4671,16990.9874,0
13131,185.46,14157.4671,16990.9874,0
13133,185.53,14160.0288,16990.9874,0
13134,185.54,14160.0288,16990.9874,0
13135,185.58,14160.0288,16990.9874,0
13136,185.61,14274.8485,16990.9874,0
13138,185.67,14324.6777,16990.9874,0
13140,185.71,14324.6777,16990.9874,0
13142,185.73,14324.6777,16990.9874,0
13146,185.81,14327.9884,16990.9874,0
13148,185.86,14327.9884,16990.9874,0
13150,185.96,14413.8248,16990.9874,0
13153,186.12,14449.3467,16990.9874,0
13154,186.12,14449.3467,16990.9874,0
13155,186.19,14449.3467,16990.9874,0
13157,186.23,14449.3467,16990.9874,0
13159,186.32,14453.9609,16990.9874,0
13160,186.36,14453.9609,16990.9874,0
13161,186.38,14453.9609,16990.9874,0
13164,186.43,14453.9609,16990.9874,0
13166,186.51,14453.9609,16990.9874,0
13167,186.53,14502.9231,16990.9874,0
13169,186.61,14502.9231,16990.9874,0
13170,186.63,14502.9231,16990.9874,0
13172,186.71,14502.9231,16990.9874,0
13173,186.74,14502.9231,16990.9874,0
13174,186.76,14502.9231,16990.9874,0
13175,186.78,14502.9231,16990.9874,0
13177,186.83,14502.9231,16990.9874,0
13178,186.83,14502.9231,16990.9874,0
13179,186.83,14502.9231,16990.9874,0
13182,186.90,14504.2280,16990.9874,0
13184,186.97,14510.1498,16990.9874,0
13189,187.08,14510.1498,16990.9874,0
13198,187.28,14510.1498,16990.9874,0
13216,187.68,14510.1498,16990.9874,0
13221,187.84,14510.1498,16990.9874,0
13231,187.98,14512.7298,16990.9874,0
13242,188.38,14512.7298,16990.9874,0
13251,188.58,14512.7298,16990.9874,0
13255,188.65,14535.9402,16990.9874,0
13256,188.70,14535.9402,16990.9874,0
13261,188.88,14535.9402,16990.9874,0
13262,188.91,14535.9402,16990.9874,0
13263,188.94,14535.9402,16990.9874,0
13265,189.01,14535.9402,16990.9874,0
13266,189.03,14535.9402,16990.9874,0
13268,189.10,14616.1264,16990.9874,0
13271,189.19,14616.1264,16990.9874,0
13272,189.19,14616.1264,16990.9874,0
13278,189.34,14616.1264,16990.9874,0
13281,189.40,14646.6654,16990.9874,0
13288,189.66,14646.6654,16990.9874,0
13292,189.80,14646.6654,16990.9874,0
13293,189.80,14646.6654,16990.9874,0
13295,189.82,14646.6654,16990.9874,0
13303,190.13,14646.6654,16990.9874,0
13306,190.34,14651.2099,16990.9874,0
13308,190.40,14651.2099,16990.9874,0
13309,190.42,14651.2099,16990.9874,0
13310,190.46,14651.2099,16990.9874,0
13311,190.49,14651.2099,16990.9874,0
13313,190.53,14651.2099,16990.9874,0
13314,190.54,14651.2099,16990.9874,0
13315,190.56,14651.2099,16990.9874,0
13316,190.56,14651.2099,16990.9874,0
13319,190.72,14651.2099,16990.9874,0
13324,190.90,14651.2099,16990.9874,0
13332,191.01,14651.2099,16990.9874,0
13333,191.04,14651.2099,16990.9874,0
13334,191.07,14652.9651,16990.9874,0
13336,191.18,14652.9651,16990.9874,0
13338,191.22,14718.8570,16990.9874,0
13344,191.52,14720.3571,16990.9874,0
13345,191.60,14720.3571,16990.9874,0
13346,191.63,14731.6739,16990.9874,0
13348,191.66,14731.6739,16990.9874,0
13353,191.77,14741.4300,16990.9874,0
13354,191.79,14741.4300,16990.9874,0
13363,192.10,14741.4300,16990.9874,0
13364,192.16,14744.7286,16990.9874,0
13369,192.38,14744.7286,16990.9874,0
13371,192.42,14748.5778,16990.9874,0
13372,192.44,14748.5778,16990.9874,0
13375,192.63,14748.5778,16990.9874,0
13385,192.86,14748.5778,16990.9874,0
13388,192.90,14748.5778,16990.9874,0
13390,192.94,14748.5778,16990.9874,0
13391,193.00,14748.5778,16990.9874,0
13396,193.12,14748.5778,16990.9874,0
13403,193.22,14748.5778,16990.9874,0
13405,193.25,14748.5778,16990.9874,0
13408,193.34,14748.5778,16990.9874,0
13411,193.36,14748.5778,16990.9874,0
13412,193.40,14748.5778,16990.9874,0
13413,193.43,14748.5778,16990.9874,0
13415,193.43,14748.5778,16990.9874,0
13416,193.47,14748.5778,16990.9874,0
13422,193.51,14748.5778,16990.9874,0
13423,193.51,14748.5778,16990.9874,0
13427,193.58,14748.5778,16990.9874,0
13429,193.62,14748.5778,16990.9874,0
13430,193.62,14748.5778,16990.9874,0
13433,193.65,14748.5778,16990.9874,0
13443,193.75,14748.5778,16990.9874,0
13445,193.76,14748.5778,16990.9874,0
13447,193.76,14748.5778,16990.9874,0
13448,193.76,14748.5778,16990.9874,0
13450,193.83,14749.9625,16990.9874,0
13453,193.88,14749.9625,16990.9874,0
13454,193.91,14749.9625,16990.9874,0
13455,193.92,14749.9625,16990.9874,0
13458,194.02,14749.9625,16990.9874,0
13459,194.04,14749.9625,16990.9874,0
13462,194.17,14749.9625,16990.9874,0
13464,194.22,14749.9625,16990.9874,0
13465,194.25,14749.9625,16990.9874,0
13466,194.27,14749.9625,16990.9874,0
13467,194.31,14749.9625,16990.9874,0
13468,194.33,14749.9625,16990.9874,0
13469,194.33,14749.9625,16990.9874,0
13473,194.47,14749.9625,16990.9874,0
13474,194.49,14749.9625,16990.9874,0
13475,194.49,14749.9625,16990.9874,0
13478,194.59,14749.9625,16990.9874,0
13479,194.62,14749.9625,16990.9874,0
13480,194.64,14749.9625,16990.9874,0
13484,194.69,14749.9625,16990.9874,0
13486,194.73,14749.9625,16990.9874,0
13487,194.73,14749.9625,16990.9874,0
13488,194.75,14749.9625,16990.9874,0
13490,194.78,14749.9625,16990.9874,0
13491,194.78,14749.9625,16990.9874,0
13492,194.81,14749.9625,16990.9874,0
13494,194.85,14749.9625,16990.9874,0
13497,194.89,14749.9625,16990.9874,0
13499,194.90,14749.9625,16990.9874,0
13502,194.95,14749.9625,16990.9874,0
13503,194.98,14749.9625,16990.9874,0
13505,194.98,14749.9625,16990.9874,0
13509,195.06,14749.9625,16990.9874,0
13510,195.11,14749.9625,16990.9874,0
13511,195.17,14749.9625,16990.9874,0
13515,195.28,14749.9625,16990.9874,0
13517,195.30,14749.9625,16990.9874,0
13518,195.30,14749.9625,16990.9874,0
13522,195.31,14749.9625,16990.9874,0
13524,195.37,14752.0705,16990.9874,0
13528,195.46,14752.0705,16990.9874,0
13529,195.50,14752.0705,16990.9874,0
13530,195.54,14752.0705,16990.9874,0
13531,195.56,14752.0705,16990.9874,0
13532,195.60,14752.0705,16990.9874,0
13533,195.60,14752.0705,16990.9874,0
13534,195.63,14752.0705,16990.9874,0
13538,195.75,14752.0705,16990.9874,0
13539,195.77,14752.0705,16990.9874,0
13540,195.80,14752.0705,16990.9874,0
13541,195.80,14752.0705,16990.9874,0
13544,195.94,14752.0705,16990.9874,0
13545,195.96,14752.0705,16990.9874,0
13546,196.01,14752.0705,16990.9874,0
13549,196.07,14752.0705,16990.9874,0
13550,196.09,14752.0705,16990.9874,0
13558,196.29,14752.0705,16990.9874,0
13565,196.41,14752.0705,16990.9874,0
13566,196.43,14752.0705,16990.9874,0
13568,196.43,14752.0705,16990.9874,0
13571,196.47,14752.0705,16990.9874,0
13572,196.49,14752.0705,16990.9874,0
13580,196.72,14752.0705,16990.9874,0
13582,196.80,14752.0705,16990.9874,0
13586,196.84,14752.0705,16990.9874,0
13587,196.88,14753.2253,16990.9874,0
13588,196.94,14753.2253,16990.9874,0
13593,197.14,14753.2253,16990.9874,0
13597,197.29,14753.2253,16990.9874,0
13602,197.44,14753.2253,16990.9874,0
13603,197.49,14753.2253,16990.9874,0
13604,197.53,14753.2253,16990.9874,0
13606,197.53,14753.2253,16990.9874,0
13613,197.63,14753.2253,16990.9874,0
13614,197.67,14753.2253,16990.9874,0
13616,197.69,14753.2253,16990.9874,0
13617,197.71,14753.2253,16990.9874,0
13620,197.78,14753.2253,16990.9874,0
13621,197.80,14753.2253,16990.9874,0
13623,197.80,14753.2253,16990.9874,0
13625,197.82,15120.7058,16990.9874,0
13631,198.00,15124.3667,16990.9874,0
13638,198.22,15124.3667,16990.9874,0
13645,198.38,15124.3667,16990.9874,0
13647,198.42,15124.3667,16990.9874,0
13662,198.96,15124.3667,16990.9874,0
13663,198.96,15124.3667,16990.9874,0
13673,199.18,15124.3667,16990.9874,0
13674,199.21,15124.3667,16990.9874,0
13675,199.24,15124.3667,16990.9874,0
13681,199.41,15124.3667,16990.9874,0
13684,199.41,15124.3667,16990.9874,0
13690,199.48,15124.3667,16990.9874,0
13695,199.58,15125.3765,16990.9874,0
13698,199.70,15125.3765,16990.9874,0
13699,199.70,15125.3765,16990.9874,0
13730,200.71,15125.3765,16990.9874,0
13757,201.19,15125.3765,16990.9874,0
13758,201.19,15125.3765,16990.9874,0
13762,201.28,15125.3765,16990.9874,0
13767,201.31,15125.3765,16990.9874,0
13769,201.40,15125.3765,16990.9874,0
13788,201.62,15125.3765,16990.9874,0
13796,201.63,15125.3765,16990.9874,1
13797,201.69,11966.5734,16990.9874,0
13798,201.71,11966.5734,16990.9874,0
13799,201.76,11966.5734,16990.9874,0
13800,201.78,11966.5734,16990.9874,0
13801,201.81,11966.5734,16990.9874,0
13802,201.85,11966.5734,16990.9874,0
13803,201.87,12118.8290,16990.9874,0
13804,201.92,12118.8290,16990.9874,0
13805,201.97,12204.7550,16990.9874,0
13806,202.00,12204.7550,16990.9874,0
13807,202.04,12209.8928,16990.9874,0
13808,202.05,12209.8928,16990.9874,0
13809,202.09,12209.8928,16990.9874,0
13810,202.09,12209.8928,16990.9874,0
13811,202.12,12209.8928,16990.9874,0
13812,202.14,12209.8928,16990.9874,0
13813,202.17,12209.8928,16990.9874,0
13816,202.22,12209.8928,16990.9874,0
13818,202.28,12209.8928,16990.9874,0
13825,202.43,12209.8928,16990.9874,0
13826,202.45,12221.1404,16990.9874,0
13827,202.46,12221.1404,16990.9874,0
13828,202.50,12235.0018,16990.9874,0
13829,202.53,12235.0018,16990.9874,0
13830,202.55,12235.0018,16990.9874,0
13831,202.56,12235.0018,16990.9874,0
13832,202.58,12235.0018,16990.9874,0
13834,202.66,12235.0018,16990.9874,0
13836,202.72,12235.0018,16990.9874,0
13837,202.72,12235.0018,16990.9874,0
13839,202.82,12447.6939,16990.9874,0
13843,202.93,12447.6939,16990.9874,0
13850,203.12,12447.6939,16990.9874,0
13851,203.14,12447.6939,16990.9874,0
13852,203.14,12447.6939,16990.9874,0
13853,203.21,12447.6939,16990.9874,0
13857,203.32,12447.6939,16990.9874,0
13858,203.33,12447.6939,16990.9874,0
13859,203.35,12447.6939,16990.9874,0
13864,203.42,12447.6939,16990.9874,0
13866,203.42,12447.6939,16990.9874,0
13873,203.53,12503.5887,16990.9874,0
13874,203.55,12503.5887,16990.9874,0
13876,203.61,12503.5887,16990.9874,0
13879,203.66,12503.5887,16990.9874,0
13886,203.81,12503.5887,16990.9874,0
13889,203.91,12503.5887,16990.9874,0
13892,203.97,12503.5887,16990.9874,0
13894,203.99,12503.5887,16990.9874,0
13895,203.99,12503.5887,16990.9874,0
13896,204.06,12503.5887,16990.9874,0
13897,204.06,12503.5887,16990.9874,0
13900,204.11,12503.5887,16990.9874,0
13901,204.11,12503.5887,16990.9874,0
13908,204.28,12503.5887,16990.9874,0
13910,204.29,12503.5887,16990.9874,0
13912,204.32,12503.5887,16990.9874,0
13913,204.34,12503.5887,16990.9874,0
13914,204.35,12503.5887,16990.9874,0
13915,204.36,12503.5887,16990.9874,0
13916,204.37,12672.0491,16990.9874,0
13923,204.52,12672.0491,16990.9874,0
13932,204.71,12672.0491,16990.9874,0
13946,205.08,12672.0491,16990.9874,0
13947,205.12,12682.8938,16990.9874,0
13948,205.16,12682.8938,16990.9874,0
13950,205.23,12682.8938,16990.9874,0
13951,205.26,12682.8938,16990.9874,0
13952,205.28,12819.3168,16990.9874,0
13953,205.31,12893.2534,16990.9874,0
13959,205.45,12893.2534,16990.9874,0
13964,205.53,12893.2534,16990.9874,0
13970,205.64,12893.2534,16990.9874,0
13982,205.81,12893.2534,16990.9874,0
13986,205.89,12893.2534,16990.9874,0
14001,206.10,12893.2534,16990.9874,0
14005,206.12,12893.2534,16990.9874,0
14006,206.15,12893.2534,16990.9874,0
14007,206.21,12893.2534,16990.9874,0
14009,206.21,12893.2534,16990.9874,0
14025,206.42,12893.2534,16990.9874,0
14028,206.50,12893.2534,16990.9874,0
14031,206.50,12893.2534,16990.9874,0
14038,206.54,12893.2534,16990.9874,0
14044,206.55,12893.2534,16990.9874,0
14054,206.72,12893.2534,16990.9874,1
14055,206.74,9552.6455,16990.9874,0
14056,206.75,9552.6455,16990.9874,0
14057,206.78,9552.6455,16990.9874,0
14058,206.82,9577.8033,16990.9874,0
14059,206.83,9577.8033,16990.9874,0
14060,206.85,9577.8033,16990.9874,0
14061,206.88,9588.9293,16990.9874,0
14062,206.89,9644.5997,16990.9874,0
14063,206.92,9713.8346,16990.9874,0
14064,206.93,9755.6398,16990.9874,0
14067,207.00,9755.6398,16990.9874,0
14068,207.01,9755.6398,16990.9874,0
14070,207.04,9755.6398,16990.9874,0
14071,207.05,9755.6398,16990.9874,0
14073,207.10,9755.6398,16990.9874,0
14074,207.12,9810.7703,16990.9874,0
14076,207.15,9810.7703,16990.9874,0
14082,207.34,9830.2711,16990.9874,0
14083,207.37,9830.2711,16990.9874,0
14084,207.40,9830.2711,16990.9874,0
14085,207.41,9999.3502,16990.9874,0
14086,207.45,10002.6782,16990.9874,0
14087,207.46,10238.1855,16990.9874,0
14090,207.53,10492.4149,16990.9874,0
14092,207.56,10492.4149,16990.9874,0
14093,207.59,10492.4149,16990.9874,0
14094,207.63,10492.4149,16990.9874,0
14095,207.64,10492.4149,16990.9874,0
14096,207.66,10492.4149,16990.9874,0
14097,207.68,10492.4149,16990.9874,0
14098,207.69,10526.8330,16990.9874,0
14099,207.71,10526.8330,16990.9874,0
14101,207.76,10527.2258,16990.9874,0
14102,207.80,10659.8286,16990.9874,0
14103,207.81,10676.9091,16990.9874,0
14105,207.88,10676.9091,16990.9874,0
14106,207.89,10757.3480,16990.9874,0
14107,207.91,10779.5494,16990.9874,0
14114,208.05,10779.5494,16990.9874,0
14115,208.07,10865.0933,16990.9874,0
14116,208.09,10952.8953,16990.9874,0
14117,208.11,10952.8953,16990.9874,0
14118,208.11,10952.8953,16990.9874,0
14122,208.18,10952.8953,16990.9874,0
14123,208.20,10958.6879,16990.9874,0
14127,208.26,10958.6879,16990.9874,0
14128,208.27,11023.1806,16990.9874,0
14129,208.31,11024.9436,16990.9874,0
14130,208.35,11114.6760,16990.9874,0
14132,208.40,11114.6760,16990.9874,0
14137,208.50,11124.2409,16990.9874,0
14139,208.54,11124.2409,16990.9874,0
14141,208.63,11124.2409,16990.9874,0
14142,208.64,11124.2409,16990.9874,0
14144,208.69,11172.6538,16990.9874,0
14147,208.71,11172.6538,16990.9874,0
14148,208.71,11172.6538,16990.9874,0
14150,208.73,11285.4200,16990.9874,0
14152,208.78,11285.4200,16990.9874,0
14153,208.81,11285.4200,16990.9874,0
14154,208.85,11285.4200,16990.9874,0
14156,208.93,11310.8392,16990.9874,0
14157,208.95,11310.8392,16990.9874,0
14158,208.98,11426.8554,16990.9874,0
14160,209.02,11426.8554,16990.9874,0
14161,209.05,11490.8403,16990.9874,0
14163,209.10,11490.8403,16990.9874,0
14164,209.13,11490.8403,16990.9874,0
14165,209.17,11490.8403,16990.9874,0
14166,209.18,11490.8403,16990.9874,0
14168,209.25,11490.8403,16990.9874,0
14172,209.38,11490.8403,16990.9874,0
14173,209.39,11490.8403,16990.9874,0
14174,209.42,11490.8403,16990.9874,0
14186,209.59,11490.8403,16990.9874,0
14190,209.60,11524.2172,16990.9874,0
14194,209.66,11524.2172,16990.9874,0
14195,209.69,11524.2172,16990.9874,0
14199,209.78,11524.2172,16990.9874,0
14200,209.79,11524.2172,16990.9874,0
14201,209.81,11653.9821,16990.9874,0
14202,209.82,11739.2974,16990.9874,0
14203,209.87,11739.2974,16990.9874,0
14204,209.89,11739.2974,16990.9874,0
14206,209.96,11749.2684,16990.9874,0
14207,209.99,11749.2684,16990.9874,0
14208,210.00,11749.2684,16990.9874,0
14209,210.02,11749.2684,16990.9874,0
14210,210.07,11749.2684,16990.9874,0
14214,210.17,11749.2684,16990.9874,0
14215,210.21,11864.5304,16990.9874,0
14216,210.24,11864.5304,16990.9874,0
14218,210.32,11864.5304,16990.9874,0
14219,210.34,11864.5304,16990.9874,0
14222,210.40,11864.5304,16990.9874,0
14223,210.41,11864.5304,16990.9874,0
14225,210.43,11966.0961,16990.9874,0
14227,210.47,11966.0961,16990.9874,0
14231,210.61,11966.0961,16990.9874,0
14239,210.76,11966.0961,16990.9874,0
14240,210.78,11966.0961,16990.9874,0
14245,210.87,11971.4756,16990.9874,0
14246,210.90,12103.8042,16990.9874,0
14248,210.97,12224.9993,16990.9874,0
14249,210.99,12224.9993,16990.9874,0
14252,211.04,12224.9993,16990.9874,0
14253,211.06,12224.9993,16990.9874,0
14255,211.08,12224.9993,16990.9874,0
14257,211.08,12224.9993,16990.9874,0
14259,211.10,12224.9993,16990.9874,0
14260,211.10,12224.9993,16990.9874,0
14261,211.12,12257.1018,16990.9874,0
14264,211.15,12257.1018,16990.9874,0
14265,211.16,12257.6138,16990.9874,0
14269,211.29,12257.6138,16990.9874,0
14274,211.44,12257.6138,16990.9874,0
14276,211.50,12257.6138,16990.9874,0
14278,211.53,12264.4311,16990.9874,0
14279,211.54,12338.4811,16990.9874,0
14280,211.57,12341.5700,16990.9874,0
14282,211.63,12341.5700,16990.9874,0
14284,211.69,12341.5700,16990.9874,0
14285,211.74,12609.0166,16990.9874,0
14286,211.76,12609.0166,16990.9874,0
14289,211.85,12609.0166,16990.9874,0
14292,211.99,12626.1399,16990.9874,0
14293,212.02,12626.1399,16990.9874,0
14294,212.06,12626.1399,16990.9874,0
14299,212.24,12706.9954,16990.9874,0
14301,212.27,12706.9954,16990.9874,0
14302,212.28,12707.5534,16990.9874,0
14305,212.39,12707.5534,16990.9874,0
14306,212.41,12707.5534,16990.9874,0
14307,212.43,12709.4261,16990.9874,0
14309,212.44,12717.7234,16990.9874,0
14310,212.47,12717.7234,16990.9874,0
14311,212.54,12722.8125,16990.9874,0
14312,212.57,12730.4372,16990.9874,0
14313,212.61,12730.4372,16990.9874,0
14314,212.65,12746.1902,16990.9874,0
14316,212.72,12803.1321,16990.9874,0
14317,212.76,12803.1321,16990.9874,0
14318,212.77,12803.1321,16990.9874,0
14319,212.79,12803.1321,16990.9874,0
14321,212.82,12803.1321,16990.9874,0
14325,212.94,12803.1321,16990.9874,0
14337,213.28,12803.1321,16990.9874,0
14338,213.30,12803.1321,16990.9874,0
14341,213.37,12803.1321,16990.9874,0
14345,213.48,12803.1321,16990.9874,0
14347,213.55,12803.1321,16990.9874,0
14352,213.60,12803.1321,16990.9874,0
14355,213.63,12803.1321,16990.9874,0
14356,213.69,12803.1321,16990.9874,0
14357,213.69,12803.1321,16990.9874,0
14359,213.71,12852.0322,16990.9874,0
14360,213.73,12852.0322,16990.9874,0
14361,213.74,12882.9634,16990.9874,0
14372,213.93,12882.9634,16990.9874,0
14375,213.99,12882.9634,16990.9874,0
14378,214.04,12882.9634,16990.9874,0
14392,214.28,13117.8202,16990.9874,0
14397,214.41,13179.2848,16990.9874,0
14400,214.50,13179.2848,16990.9874,0
14401,214.52,13240.1765,16990.9874,0
14403,214.58,13315.8857,16990.9874,0
14405,214.63,13315.8857,16990.9874,0
14427,215.13,13315.8857,16990.9874,0
14430,215.17,13427.9261,16990.9874,0
14448,215.64,13427.9261,16990.9874,0
14450,215.68,13448.9369,16990.9874,0
14451,215.72,13566.4649,16990.9874,0
14452,215.74,13566.4649,16990.9874,0
14470,216.22,13566.4649,16990.9874,0
14477,216.35,13566.4649,16990.9874,0
14502,216.80,13566.4649,16990.9874,0
14513,216.92,13566.4649,16990.9874,0
14514,216.97,13566.4649,16990.9874,0
14516,216.97,13566.4649,16990.9874,0
14523,217.04,13566.4649,16990.9874,0
14527,217.07,13566.4649,16990.9874,0
14542,217.27,13566.4649,16990.9874,0
14544,217.33,13566.4649,16990.9874,0
14552,217.40,13566.4649,16990.9874,1
14553,217.42,9655.1652,16990.9874,0
14554,217.43,9959.6610,16990.9874,0
14555,217.44,9959.6610,16990.9874,0
14556,217.46,10023.3046,16990.9874,0
14557,217.47,10025.3314,16990.9874,0
14558,217.49,10025.3314,16990.9874,0
14559,217.50,10025.3314,16990.9874,0
14560,217.51,10025.3314,16990.9874,0
14561,217.53,10025.3314,16990.9874,0
14562,217.55,10025.3314,16990.9874,0
14564,217.57,10025.3314,16990.9874,0
14565,217.57,10025.3314,16990.9874,0
14566,217.58,10053.4101,16990.9874,0
14567,217.60,10058.5720,16990.9874,0
14568,217.63,10185.1547,16990.9874,0
14572,217.66,10185.1547,16990.9874,0
14577,217.84,10185.1547,16990.9874,0
14584,218.02,10185.1547,16990.9874,0
14586,218.06,10185.1547,16990.9874,0
14587,218.08,10433.4617,16990.9874,0
14595,218.21,10433.4617,16990.9874,0
14596,218.23,10433.4617,16990.9874,0
14597,218.25,10436.2098,16990.9874,0
14602,218.36,10436.2098,16990.9874,0
14603,218.39,10436.2098,16990.9874,0
14606,218.45,10436.2098,16990.9874,0
14607,218.48,10801.9954,16990.9874,0
14610,218.52,10801.9954,16990.9874,0
14633,218.96,10874.1764,16990.9874,0
14634,218.98,10874.1764,16990.9874,0
14636,219.00,10874.1764,16990.9874,0
14638,219.06,10874.1764,16990.9874,0
14639,219.06,10874.1764,16990.9874,0
14641,219.13,10980.6726,16990.9874,0
14643,219.17,10980.6726,16990.9874,0
14644,219.22,10980.6726,16990.9874,0
14646,219.26,10980.6726,16990.9874,0
14647,219.31,11017.6576,16990.9874,0
14648,219.33,11017.6576,16990.9874,0
14649,219.36,11017.6576,16990.9874,0
14650,219.37,11055.0946,16990.9874,0
14651,219.38,11055.0946,16990.9874,0
14656,219.51,11055.0946,16990.9874,0
14658,219.56,11055.0946,16990.9874,0
14660,219.61,11055.0946,16990.9874,0
14662,219.67,11055.0946,16990.9874,0
14665,219.74,11219.5578,16990.9874,0
14667,219.80,11219.5578,16990.9874,0
14668,219.85,11219.5578,16990.9874,0
14670,219.88,11219.5578,16990.9874,0
14672,219.94,11219.5578,16990.9874,0
14673,219.94,11219.5578,16990.9874,0
14675,219.95,11219.5578,16990.9874,0
14677,220.03,11219.5578,16990.9874,0
14678,220.04,11219.5578,16990.9874,0
14681,220.09,11219.5578,16990.9874,0
14682,220.11,11219.5578,16990.9874,0
14683,220.13,11219.5578,16990.9874,0
14684,220.16,11219.5578,16990.9874,0
14685,220.18,11219.5578,16990.9874,0
14689,220.27,11301.0397,16990.9874,0
14690,220.30,11301.0397,16990.9874,0
14691,220.32,11301.0397,16990.9874,0
14692,220.36,11301.0397,16990.9874,0
14694,220.42,11301.5032,16990.9874,0
14695,220.43,11301.5032,16990.9874,0
14696,220.46,11491.9139,16990.9874,0
14697,220.47,11678.8517,16990.9874,0
14698,220.50,11678.8517,16990.9874,0
14699,220.51,11678.8517,16990.9874,0
14700,220.56,11678.8517,16990.9874,0
14701,220.57,11737.1157,16990.9874,0
14702,220.62,11737.1157,16990.9874,0
14704,220.65,11737.1157,16990.9874,0
14705,220.67,11825.5544,16990.9874,0
14707,220.71,11825.5544,16990.9874,0
14708,220.74,11825.5544,16990.9874,0
14709,220.82,11825.5544,16990.9874,0
14711,220.89,11825.5544,16990.9874,0
14716,221.02,11865.6457,16990.9874,0
14718,221.06,11865.6457,16990.9874,0
14720,221.06,11865.6457,16990.9874,0
14723,221.11,11865.6457,16990.9874,0
14725,221.15,12061.8342,16990.9874,0
14726,221.17,12061.8342,16990.9874,0
14728,221.20,12061.8342,16990.9874,0
14730,221.25,12061.8342,16990.9874,0
14735,221.43,12061.8342,16990.9874,0
14736,221.45,12072.8385,16990.9874,0
14737,221.49,12084.8937,16990.9874,0
14740,221.59,12084.8937,16990.9874,0
14741,221.61,12084.8937,16990.9874,0
14743,221.72,12084.8937,16990.9874,0
14744,221.74,12084.8937,16990.9874,0
14745,221.75,12084.8937,16990.9874,0
14746,221.77,12145.4947,16990.9874,0
14750,221.84,12160.7732,16990.9874,0
14753,221.93,12160.7732,16990.9874,0
14756,221.99,12160.7732,16990.9874,0
14757,222.01,12224.2477,16990.9874,0
14761,222.15,12224.2477,16990.9874,0
14762,222.17,12224.2477,16990.9874,0
14773,222.47,12224.2477,16990.9874,0
14784,222.70,12224.2477,16990.9874,0
14789,222.80,12224.2477,16990.9874,0
14791,222.82,12224.5461,16990.9874,0
14792,222.84,12224.5461,16990.9874,0
14795,222.91,12244.1651,16990.9874,0
14799,222.97,12244.1651,16990.9874,0
14800,223.02,12244.1651,16990.9874,0
14807,223.15,12244.1651,16990.9874,0
14810,223.22,12244.1651,16990.9874,0
14811,223.23,12387.1843,16990.9874,0
14812,223.26,12387.1843,16990.9874,0
14813,223.27,12387.1843,16990.9874,0
14814,223.29,12410.1351,16990.9874,0
14815,223.32,12431.4408,16990.9874,0
14816,223.34,12452.6590,16990.9874,0
14817,223.35,12452.6590,16990.9874,0
14819,223.39,12452.6590,16990.9874,0
14820,223.41,12452.6590,16990.9874,0
14822,223.45,12452.6590,16990.9874,0
14823,223.45,12452.6590,16990.9874,0
14824,223.51,12452.6590,16990.9874,0
14825,223.51,12452.6590,16990.9874,0
14826,223.53,12560.1837,16990.9874,0
14827,223.54,12560.1837,16990.9874,0
14829,223.58,12565.4125,16990.9874,0
14830,223.61,12565.4125,16990.9874,0
14832,223.62,12586.3630,16990.9874,0
14833,223.66,12707.8954,16990.9874,0
14836,223.78,12707.8954,16990.9874,0
14838,223.83,12718.8975,16990.9874,0
14839,223.86,12718.8975,16990.9874,0
14840,223.90,12752.5012,16990.9874,0
14842,223.93,12752.5012,16990.9874,0
14843,223.94,12786.8723,16990.9874,0
14845,224.01,12798.0845,16990.9874,0
14849,224.12,12798.0845,16990.9874,0
14850,224.13,12800.5731,16990.9874,0
14851,224.16,12800.5731,16990.9874,0
14853,224.22,12808.5232,16990.9874,0
14854,224.24,13052.2780,16990.9874,0
14859,224.28,13052.2780,16990.9874,0
14864,224.39,13052.2780,16990.9874,0
14865,224.41,13099.8554,16990.9874,0
14867,224.45,13099.8554,16990.9874,0
14868,224.48,13099.8554,16990.9874,0
14873,224.61,13099.8554,16990.9874,0
14876,224.68,13099.8554,16990.9874,0
14877,224.68,13099.8554,16990.9874,0
14878,224.70,13099.8554,16990.9874,0
14879,224.72,13117.3312,16990.9874,0
14880,224.75,13117.3312,16990.9874,0
14881,224.81,13117.3312,16990.9874,0
14883,224.87,13117.3312,16990.9874,0
14884,224.89,13117.3312,16990.9874,0
14885,224.91,13139.1479,16990.9874,0
14889,225.08,13170.6368,16990.9874,0
14895,225.35,13203.3526,16990.9874,0
14903,225.60,13203.3526,16990.9874,0
14904,225.62,13255.9465,16990.9874,0
14905,225.67,13255.9465,16990.9874,0
14907,225.68,13265.5983,16990.9874,0
14908,225.70,13269.1389,16990.9874,0
14912,225.80,13339.2546,16990.9874,0
14913,225.81,13339.2546,16990.9874,0
14916,225.90,13339.2546,16990.9874,0
14920,226.01,13339.2546,16990.9874,0
14922,226.09,13339.2546,16990.9874,0
14925,226.17,13399.0709,16990.9874,0
14928,226.30,13400.7116,16990.9874,0
14931,226.43,13400.7116,16990.9874,0
14933,226.49,13400.7116,16990.9874,0
14937,226.58,13400.7116,16990.9874,0
14943,226.69,13464.0043,16990.9874,0
14944,226.78,13468.5115,16990.9874,0
14947,226.89,13468.5115,16990.9874,0
14950,227.00,13468.5115,16990.9874,0
14952,227.07,13654.1246,16990.9874,0
14953,227.08,13654.1246,16990.9874,0
14955,227.13,13654.1246,16990.9874,0
14956,227.16,13661.3208,16990.9874,0
14959,227.26,13661.3208,16990.9874,0
14960,227.30,13661.3208,16990.9874,0
14962,227.37,13661.3208,16990.9874,0
14965,227.41,13661.3208,16990.9874,0
14966,227.43,13661.3208,16990.9874,0
14968,227.49,13661.3208,16990.9874,0
14969,227.49,13661.3208,16990.9874,0
14970,227.49,13661.3208,16990.9874,0
14974,227.63,13661.3208,16990.9874,0
14975,227.63,13661.3208,16990.9874,0
14977,227.70,13661.3208,16990.9874,0
14979,227.78,13742.7249,16990.9874,0
14981,227.83,13791.0162,16990.9874,0
15002,228.58,13791.0162,16990.9874,0
15004,228.64,13791.0162,16990.9874,0
15010,228.76,13791.0162,16990.9874,0
15013,228.77,13791.0162,16990.9874,0
15037,228.89,13791.0162,16990.9874,0
15044,229.12,13791.0162,16990.9874,0
15047,229.16,13791.0162,16990.9874,0
15048,229.16,13791.0162,16990.9874,0
15082,229.41,13791.0162,16990.9874,1
15083,229.43,10296.7742,16990.9874,0
15084,229.45,10297.5939,16990.9874,0
15085,229.46,10297.5939,16990.9874,0
15086,229.47,10530.6943,16990.9874,0
15087,229.48,10530.6943,16990.9874,0
15088,229.49,10530.6943,16990.9874,0
15089,229.53,10530.6943,16990.9874,0
15090,229.54,10530.6943,16990.9874,0
15091,229.55,10558.7725,16990.9874,0
15092,229.56,10571.7527,16990.9874,0
15093,229.58,10873.5843,16990.9874,0
15094,229.59,10902.7603,16990.9874,0
15095,229.60,11212.2774,16990.9874,0
15096,229.62,11215.5768,16990.9874,0
15097,229.63,11269.9071,16990.9874,0
15098,229.64,11272.0590,16990.9874,0
15099,229.65,11272.0590,16990.9874,0
15100,229.67,11272.0590,16990.9874,0
15101,229.68,11272.0590,16990.9874,0
15102,229.70,11364.3187,16990.9874,0
15103,229.71,11364.3187,16990.9874,0
15104,229.73,11615.6782,16990.9874,0
15105,229.74,11673.2968,16990.9874,0
15106,229.76,11673.2968,16990.9874,0
15107,229.77,11906.7657,16990.9874,0
15109,229.78,11906.7657,16990.9874,0
15110,229.80,12072.3900,16990.9874,0
15111,229.81,12308.0423,16990.9874,0
15112,229.83,12308.0423,16990.9874,0
15114,229.84,12570.9314,16990.9874,0
15115,229.86,12570.9314,16990.9874,0
15117,229.87,12580.3355,16990.9874,0
15118,229.88,12580.3355,16990.9874,0
15119,229.88,12580.3355,16990.9874,0
15120,229.90,12581.9655,16990.9874,0
15121,229.91,12581.9655,16990.9874,0
15122,229.93,12581.9655,16990.9874,0
15123,229.94,12588.9206,16990.9874,0
15125,229.95,12588.9206,16990.9874,0
15126,229.97,12826.5206,16990.9874,0
15127,229.99,12940.5451,16990.9874,0
15128,230.01,12940.5451,16990.9874,0
15130,230.02,12940.5451,16990.9874,0
15133,230.03,12940.5451,16990.9874,0
15134,230.04,12984.0975,16990.9874,0
15136,230.06,12984.0975,16990.9874,0
15138,230.08,13070.4975,16990.9874,0
15139,230.09,13070.4975,16990.9874,0
15140,230.11,13070.4975,16990.9874,0
15141,230.12,13070.4975,16990.9874,0
15142,230.14,13089.6470,16990.9874,0
15143,230.15,13089.6470,16990.9874,0
15145,230.17,13089.6470,16990.9874,0
15146,230.18,13089.6470,16990.9874,0
15147,230.20,13090.9312,16990.9874,0
15148,230.21,13090.9312,16990.9874,0
15149,230.23,13104.1815,16990.9874,0
15150,230.24,13104.1815,16990.9874,0
15151,230.26,13104.1815,16990.9874,0
15153,230.28,13104.1815,16990.9874,0
15154,230.30,13104.1815,16990.9874,0
15155,230.30,13104.1815,16990.9874,0
15156,230.32,13174.9506,16990.9874,0
15157,230.34,13174.9506,16990.9874,0
15158,230.36,13199.0959,16990.9874,0
15159,230.37,13199.0959,16990.9874,0
15160,230.39,13199.3608,16990.9874,0
15161,230.41,13201.2649,16990.9874,0
15162,230.42,13203.9838,16990.9874,0
15163,230.47,13203.9838,16990.9874,0
15165,230.49,13203.9838,16990.9874,0
15167,230.51,13203.9838,16990.9874,0
15169,230.53,13203.9838,16990.9874,0
15170,230.58,13584.2660,16990.9874,0
15172,230.60,13584.2660,16990.9874,0
15173,230.62,13584.2660,16990.9874,0
15174,230.65,13584.2660,16990.9874,0
15175,230.68,13585.0042,16990.9874,0
15176,230.70,13585.0042,16990.9874,0
15177,230.74,13585.0042,16990.9874,0
15178,230.74,13585.0042,16990.9874,0
15180,230.76,13585.0042,16990.9874,0
15182,230.84,13585.0042,16990.9874,0
15183,230.88,13585.0042,16990.9874,0
15186,230.92,13632.4638,16990.9874,0
15188,230.96,13907.6295,16990.9874,0
15194,231.10,13910.8433,16990.9874,0
15195,231.12,13921.2831,16990.9874,0
15196,231.14,13921.2831,16990.9874,0
15198,231.20,13921.2831,16990.9874,0
15201,231.28,13921.2831,16990.9874,0
15202,231.30,13956.6361,16990.9874,0
15204,231.36,13956.6361,16990.9874,0
15205,231.41,13991.4276,16990.9874,0
15208,231.48,13991.4276,16990.9874,0
15209,231.56,14010.9668,16990.9874,0
15210,231.58,14025.8825,16990.9874,0
15211,231.60,14105.3669,16990.9874,0
15212,231.66,14116.2410,16990.9874,0
15218,231.81,14116.2410,16990.9874,0
15224,231.87,14116.2410,16990.9874,0
15232,231.98,14116.2410,16990.9874,0
15236,232.07,14116.2410,16990.9874,0
15237,232.07,14116.2410,16990.9874,0
15256,232.22,14122.9971,16990.9874,0
15264,232.41,14138.9244,16990.9874,0
15267,232.48,14138.9244,16990.9874,0
15271,232.54,14138.9244,16990.9874,0
15280,232.70,14138.9244,16990.9874,0
15286,232.71,14138.9244,16990.9874,0
15288,232.72,14138.9244,16990.9874,0
15297,232.76,14138.9244,16990.9874,0
15302,232.79,14138.9244,16990.9874,0
15309,232.80,14138.9244,16990.9874,0
15326,232.96,14138.9244,16990.9874,0
15327,232.96,14138.9244,16990.9874,0
15328,233.01,14138.9244,16990.9874,0
15330,233.02,14138.9244,16990.9874,0
15341,233.08,14138.9244,16990.9874,0
15351,233.09,14138.9244,16990.9874,0
15357,233.15,14138.9244,16990.9874,0
15361,233.20,14138.9244,16990.9874,0
15362,233.24,14138.9244,16990.9874,0
15365,233.24,14138.9244,16990.9874,1
15366,233.26,10214.0326,16990.9874,0
15367,233.28,10214.0326,16990.9874,0
15368,233.32,10214.0326,16990.9874,0
15369,233.34,10214.0326,16990.9874,0
15370,233.38,10214.0326,16990.9874,0
15371,233.41,10499.7828,16990.9874,0
15372,233.42,10627.8196,16990.9874,0
15374,233.44,10674.9475,16990.9874,0
15380,233.53,10674.9475,16990.9874,0
15386,233.58,10686.0705,16990.9874,0
15387,233.64,10780.6325,16990.9874,0
15397,233.84,10794.1721,16990.9874,0
15398,233.86,10882.0064,16990.9874,0
15400,233.92,10882.0064,16990.9874,0
15402,233.97,10940.8912,16990.9874,0
15404,234.01,10961.0896,16990.9874,0
15406,234.03,11000.2279,16990.9874,0
15411,234.06,11000.2279,16990.9874,0
15420,234.24,11031.5275,16990.9874,0
15421,234.25,11031.5275,16990.9874,0
15422,234.28,11224.2306,16990.9874,0
15423,234.30,11325.4910,16990.9874,0
15424,234.31,11325.4910,16990.9874,0
15430,234.42,11325.4910,16990.9874,0
15432,234.46,11325.4910,16990.9874,0
15436,234.50,11389.3747,16990.9874,0
15438,234.55,11389.3747,16990.9874,0
15439,234.56,11456.8760,16990.9874,0
15445,234.71,11476.7607,16990.9874,0
15446,234.74,11503.7498,16990.9874,0
15447,234.79,11521.2326,16990.9874,0
15460,235.16,11521.2326,16990.9874,0
15461,235.19,11521.2326,16990.9874,0
15478,235.51,11521.2326,16990.9874,0
15481,235.62,11521.2326,16990.9874,0
15488,235.72,11521.2326,16990.9874,0
15499,235.87,11521.2326,16990.9874,0
15517,236.23,11521.2326,16990.9874,0
15520,236.33,11589.5862,16990.9874,0
15525,236.41,11589.5862,16990.9874,0
15530,236.58,11589.5862,16990.9874,0
15531,236.59,11589.5862,16990.9874,0
15533,236.61,11589.5862,16990.9874,0
15536,236.64,11589.5862,16990.9874,0
15537,236.65,11644.3017,16990.9874,0
15538,236.67,11749.3959,16990.9874,0
15540,236.69,11749.3959,16990.9874,0
15541,236.71,11749.3959,16990.9874,0
15542,236.72,11749.3959,16990.9874,0
15544,236.76,11749.3959,16990.9874,0
15545,236.78,11749.3959,16990.9874,0
15547,236.80,11830.7351,16990.9874,0
15550,236.82,11951.0469,16990.9874,0
15551,236.85,11951.0469,16990.9874,0
15552,236.86,12047.1932,16990.9874,0
15553,236.90,12047.1932,16990.9874,0
15554,236.97,12112.9203,16990.9874,0
15557,237.02,12128.0283,16990.9874,0
15558,237.05,12128.0283,16990.9874,0
15559,237.07,12128.0283,16990.9874,0
15560,237.13,12128.0283,16990.9874,0
15561,237.15,12181.3291,16990.9874,0
15562,237.17,12181.3291,16990.9874,0
15565,237.21,12323.2266,16990.9874,0
15573,237.41,12349.0890,16990.9874,0
15576,237.46,12382.5262,16990.9874,0
15577,237.49,12383.1833,16990.9874,0
15578,237.51,12383.1833,16990.9874,0
15589,237.74,12383.1833,16990.9874,0
15592,237.80,12383.1833,16990.9874,0
15597,237.96,12383.1833,16990.9874,0
15603,238.01,12383.1833,16990.9874,0
15607,238.09,12384.2974,16990.9874,0
15611,238.17,12384.2974,16990.9874,0
15612,238.21,12384.2974,16990.9874,0
15613,238.25,12384.2974,16990.9874,0
15615,238.29,12564.4798,16990.9874,0
15617,238.38,12564.4798,16990.9874,0
15618,238.44,12569.0675,16990.9874,0
15619,238.46,12569.0675,16990.9874,0
15621,238.51,12569.0675,16990.9874,0
15625,238.58,12651.1594,16990.9874,0
15630,238.69,12651.1594,16990.9874,0
15634,238.81,12651.1594,16990.9874,0
15636,238.85,12662.4073,16990.9874,0
15638,238.88,12662.4073,16990.9874,0
15641,238.90,12676.1305,16990.9874,0
15642,238.94,12676.1305,16990.9874,0
15643,238.96,12723.0770,16990.9874,0
15644,239.00,12870.2879,16990.9874,0
15645,239.04,12870.2879,16990.9874,0
15651,239.17,12870.2879,16990.9874,0
15656,239.25,12883.3649,16990.9874,0
15657,239.27,12883.3649,16990.9874,0
15659,239.31,12883.3649,16990.9874,0
15660,239.33,13097.6123,16990.9874,0
15663,239.43,13097.6123,16990.9874,0
15664,239.45,13098.7302,16990.9874,0
15668,239.57,13098.7302,16990.9874,0
15672,239.63,13098.7302,16990.9874,0
15673,239.67,13098.7302,16990.9874,0
15687,239.88,13098.7302,16990.9874,0
15689,239.90,13098.7302,16990.9874,0
15694,240.01,13098.7302,16990.9874,0
15696,240.01,13098.7302,16990.9874,0
15698,240.03,13098.7302,16990.9874,0
15710,240.22,13098.7302,16990.9874,0
15714,240.28,13098.7302,16990.9874,0
15738,240.57,13098.7302,16990.9874,0
15744,240.62,13098.7302,16990.9874,0
15747,240.63,13098.7302,16990.9874,0
15751,240.69,13098.7302,16990.9874,0
15762,240.79,13098.7302,16990.9874,0
15764,240.81,13098.7302,16990.9874,0
15765,240.81,13098.7302,16990.9874,1
15766,240.85,10091.9455,16990.9874,0
15767,240.88,10091.9455,16990.9874,0
15768,240.89,10091.9455,16990.9874,0
15769,240.90,10091.9455,16990.9874,0
15770,240.91,10169.3119,16990.9874,0
15771,240.93,10178.7853,16990.9874,0
15772,240.95,10178.7853,16990.9874,0
15773,240.97,10178.7853,16990.9874,0
15774,240.98,10180.0745,16990.9874,0
15775,240.99,10389.6252,16990.9874,0
15776,241.01,10389.6252,16990.9874,0
15777,241.02,10389.6252,16990.9874,0
15778,241.03,10389.6252,16990.9874,0
15779,241.05,10389.6252,16990.9874,0
15780,241.06,10512.6725,16990.9874,0
15781,241.08,10512.6725,16990.9874,0
15782,241.09,10512.6725,16990.9874,0
15783,241.10,10512.6725,16990.9874,0
15784,241.12,10512.6725,16990.9874,0
15785,241.13,10524.6409,16990.9874,0
15786,241.14,10524.6409,16990.9874,0
15787,241.16,10524.6409,16990.9874,0
15788,241.19,10803.3494,16990.9874,0
15789,241.22,10803.3494,16990.9874,0
15790,241.25,10870.5133,16990.9874,0
15791,241.27,10870.5133,16990.9874,0
15792,241.29,10880.5259,16990.9874,0
15793,241.35,10880.5259,16990.9874,0
15794,241.36,10924.5410,16990.9874,0
15795,241.41,10996.3726,16990.9874,0
15796,241.45,11023.7868,16990.9874,0
15799,241.49,11023.7868,16990.9874,0
15801,241.53,11023.7868,16990.9874,0
15803,241.59,11034.1110,16990.9874,0
15804,241.61,11034.1110,16990.9874,0
15808,241.67,11034.1110,16990.9874,0
15809,241.69,11034.4608,16990.9874,0
15810,241.71,11149.2114,16990.9874,0
15813,241.76,11262.0587,16990.9874,0
15814,241.78,11262.0587,16990.9874,0
15815,241.80,11266.1385,16990.9874,0
15816,241.85,11266.1385,16990.9874,0
15819,241.96,11266.1385,16990.9874,0
15820,241.97,11266.1385,16990.9874,0
15822,242.05,11334.3171,16990.9874,0
15824,242.07,11350.7252,16990.9874,0
15825,242.11,11445.3628,16990.9874,0
15827,242.16,11458.8074,16990.9874,0
15828,242.19,11458.8074,16990.9874,0
15830,242.22,11588.7967,16990.9874,0
15834,242.29,11588.7967,16990.9874,0
15835,242.31,11588.7967,16990.9874,0
15837,242.33,11588.7967,16990.9874,0
15840,242.35,11588.7967,16990.9874,0
15841,242.37,11588.7967,16990.9874,0
15844,242.46,11622.5052,16990.9874,0
15845,242.48,11622.5052,16990.9874,0
15847,242.52,11658.7721,16990.9874,0
15849,242.57,11658.7721,16990.9874,0
15850,242.59,11775.6614,16990.9874,0
15852,242.62,11775.6614,16990.9874,0
15853,242.66,11795.1239,16990.9874,0
15855,242.67,11795.1239,16990.9874,0
15857,242.74,11835.0217,16990.9874,0
15859,242.76,11835.0217,16990.9874,0
15864,242.83,11835.0217,16990.9874,0
15866,242.84,11969.1288,16990.9874,0
15870,242.93,11969.1288,16990.9874,0
15871,242.95,11969.1288,16990.9874,0
15872,242.97,11969.1288,16990.9874,0
15873,243.00,11969.1288,16990.9874,0
15875,243.06,11977.0725,16990.9874,0
15876,243.08,11982.4121,16990.9874,0
15879,243.13,12005.5066,16990.9874,0
15880,243.15,12005.5066,16990.9874,0
15882,243.21,12005.5066,16990.9874,0
15885,243.29,12040.1865,16990.9874,0
15887,243.36,12042.9127,16990.9874,0
15888,243.38,12042.9127,16990.9874,0
15889,243.41,12044.4783,16990.9874,0
15890,243.42,12044.4783,16990.9874,0
15892,243.46,12083.3038,16990.9874,0
15893,243.48,12207.3221,16990.9874,0
15895,243.55,12308.1713,16990.9874,0
15896,243.57,12308.1713,16990.9874,0
15898,243.67,12308.1713,16990.9874,0
15899,243.70,12308.1713,16990.9874,0
15900,243.73,12367.0394,16990.9874,0
15901,243.75,12367.0394,16990.9874,0
15902,243.80,12375.6431,16990.9874,0
15903,243.81,12375.6431,16990.9874,0
15904,243.88,12414.4990,16990.9874,0
15906,243.90,12414.4990,16990.9874,0
15907,243.92,12414.4990,16990.9874,0
15908,243.93,12414.4990,16990.9874,0
15909,244.01,12414.4990,16990.9874,0
15911,244.03,12459.9128,16990.9874,0
15913,244.09,12484.3865,16990.9874,0
15917,244.27,12484.3865,16990.9874,0
15918,244.28,12484.3865,16990.9874,0
15919,244.30,12484.3865,16990.9874,0
15922,244.37,12484.3865,16990.9874,0
15923,244.41,12487.2543,16990.9874,0
15927,244.51,12487.2543,16990.9874,0
15928,244.54,12487.2543,16990.9874,0
15929,244.56,12487.2543,16990.9874,0
15931,244.59,12557.5706,16990.9874,0
15932,244.60,12557.5706,16990.9874,0
15933,244.65,12733.5877,16990.9874,0
15934,244.71,12733.5877,16990.9874,0
15936,244.75,12733.5877,16990.9874,0
15937,244.78,12733.5877,16990.9874,0
15939,244.80,12733.5877,16990.9874,0
15940,244.83,12733.5877,16990.9874,0
15941,244.83,12733.5877,16990.9874,0
15942,244.86,12736.3770,16990.9874,0
15944,244.90,12742.0491,16990.9874,0
15945,244.92,12801.9173,16990.9874,0
15948,244.97,12801.9173,16990.9874,0
15950,244.99,12801.9173,16990.9874,0
15951,245.01,12801.9173,16990.9874,0
15953,245.05,13022.4080,16990.9874,0
15955,245.11,13022.4080,16990.9874,0
15958,245.21,13022.4080,16990.9874,0
15966,245.35,13025.4321,16990.9874,0
15968,245.39,13025.4321,16990.9874,0
15972,245.43,13025.4321,16990.9874,0
15974,245.48,13028.8962,16990.9874,0
15976,245.51,13028.8962,16990.9874,0
15979,245.57,13028.8962,16990.9874,0
15981,245.59,13028.8962,16990.9874,0
15983,245.65,13028.8962,16990.9874,0
15986,245.73,13028.8962,16990.9874,0
15988,245.78,13029.6491,16990.9874,0
15990,245.80,13050.3364,16990.9874,0
15994,245.82,13050.3364,16990.9874,0
15996,245.89,13050.3364,16990.9874,0
16000,245.94,13051.4399,16990.9874,0
16004,245.97,13051.4399,16990.9874,0
16027,246.35,13051.4399,16990.9874,0
16032,246.40,13051.4399,16990.9874,0
16039,246.45,13056.8432,16990.9874,0
16044,246.57,13056.8432,16990.9874,0
16047,246.63,13057.3351,16990.9874,0
16051,246.82,13059.0796,16990.9874,0
16055,246.99,13059.0796,16990.9874,0
16056,247.00,13059.0796,16990.9874,0
16065,247.20,13059.0796,16990.9874,0
16075,247.46,13059.0796,16990.9874,0
16082,247.62,13059.0796,16990.9874,0
16083,247.62,13059.0796,16990.9874,0
16085,247.67,13059.0796,16990.9874,0
16089,247.79,13059.0796,16990.9874,0
16092,247.86,13059.0796,16990.9874,0
16093,247.92,13059.0796,16990.9874,0
16096,247.99,13074.2887,16990.9874,0
16097,248.04,13074.2887,16990.9874,0
16098,248.06,13074.2887,16990.9874,0
16104,248.27,13074.2887,16990.9874,0
16106,248.34,13074.2887,16990.9874,0
16111,248.50,13074.2887,16990.9874,0
16112,248.52,13074.2887,16990.9874,0
16118,248.66,13074.2887,16990.9874,0
16120,248.67,13074.2887,16990.9874,0
16122,248.73,13074.2887,16990.9874,0
16123,248.76,13074.2887,16990.9874,0
16124,248.78,13074.2887,16990.9874,0
16125,248.80,13130.3442,16990.9874,0
16128,248.91,13130.3442,16990.9874,0
16137,249.10,13130.3442,16990.9874,0
16142,249.22,13130.3442,16990.9874,0
16161,249.61,13130.3442,16990.9874,0
16171,249.83,13130.3442,16990.9874,0
16172,249.86,13130.3442,16990.9874,0
16189,250.17,13130.3442,16990.9874,0
16191,250.26,13133.3771,16990.9874,0
16192,250.29,13133.3771,16990.9874,0
16193,250.32,13133.3771,16990.9874,0
16194,250.36,13133.3771,16990.9874,0
16195,250.38,13133.3771,16990.9874,0
16196,250.40,13159.3100,16990.9874,0
16217,250.77,13159.3100,16990.9874,0
16219,250.83,13159.3100,16990.9874,0
16220,250.84,13159.3100,16990.9874,0
16231,250.93,13159.3100,16990.9874,0
16240,250.99,13159.3100,16990.9874,0
16248,251.07,13159.3100,16990.9874,0
16260,251.14,13160.5868,16990.9874,0
16283,251.59,13160.5868,16990.9874,0
16286,251.63,13160.5868,16990.9874,0
16291,251.65,13160.5868,16990.9874,0
16294,251.67,13160.5868,16990.9874,0
16297,251.69,13160.5868,16990.9874,0
16301,251.79,13359.4896,16990.9874,0
16302,251.82,13359.4896,16990.9874,0
16308,251.91,13359.4896,16990.9874,0
16309,251.93,13359.4896,16990.9874,0
16316,251.99,13359.4896,16990.9874,0
16321,252.14,13359.4896,16990.9874,0
16323,252.14,13359.4896,16990.9874,0
16324,252.16,13359.4896,16990.9874,0
16331,252.36,13359.5084,16990.9874,0
16333,252.41,13459.6762,16990.9874,0
16336,252.49,13459.6762,16990.9874,0
16366,253.12,13459.6762,16990.9874,0
16372,253.17,13459.6762,16990.9874,0
16374,253.19,13459.6762,16990.9874,0
16376,253.23,13459.6762,16990.9874,0
16393,253.42,13459.6762,16990.9874,0
16403,253.46,13459.6762,16990.9874,0
16404,253.48,13463.9318,16990.9874,0
16411,253.72,13463.9318,16990.9874,0
16412,253.75,13463.9318,16990.9874,0
16434,254.03,13463.9318,16990.9874,0
16451,254.21,13463.9318,16990.9874,0
16452,254.26,13464.1635,16990.9874,0
16462,254.41,13464.1635,16990.9874,0
16463,254.41,13464.1635,16990.9874,0
16465,254.44,13464.1635,16990.9874,0
16466,254.47,13464.1635,16990.9874,0
16469,254.50,13467.4910,16990.9874,0
16473,254.57,13467.4910,16990.9874,0
16478,254.68,13467.4910,16990.9874,0
16480,254.70,13467.4910,16990.9874,0
16481,254.73,13504.8658,16990.9874,0
16482,254.79,13504.8658,16990.9874,0
16487,254.90,13504.8658,16990.9874,0
16490,255.06,13504.8658,16990.9874,0
16494,255.07,13504.8658,16990.9874,0
16495,255.09,13504.8658,16990.9874,0
16498,255.18,13504.8658,16990.9874,0
16499,255.20,13504.8658,16990.9874,0
16502,255.26,13504.8658,16990.9874,0
16506,255.32,13504.8658,16990.9874,0
16508,255.34,13504.8658,16990.9874,0
16517,255.45,13506.0161,16990.9874,0
16526,255.67,13506.0161,16990.9874,0
16551,256.06,13506.0161,16990.9874,0
16552,256.10,13506.0161,16990.9874,0
16599,256.54,13506.0161,16990.9874,0
16603,256.56,13506.0161,16990.9874,0
16618,256.63,13506.0161,16990.9874,1
16619,256.65,8633.2905,16990.9874,0
16620,256.66,8674.4341,16990.9874,0
16621,256.67,8759.5631,16990.9874,0
16622,256.68,8759.5631,16990.9874,0
16623,256.69,8759.5631,16990.9874,0
16624,256.71,8759.5631,16990.9874,0
16625,256.71,8759.5631,16990.9874,0
16626,256.72,8759.5631,16990.9874,0
16627,256.73,8759.5631,16990.9874,0
16628,256.74,8913.2110,16990.9874,0
16629,256.76,9077.6261,16990.9874,0
16630,256.77,9077.6261,16990.9874,0
16631,256.78,9085.3658,16990.9874,0
16632,256.79,9174.4412,16990.9874,0
16635,256.80,9174.4412,16990.9874,0
16636,256.81,9293.5922,16990.9874,0
16637,256.82,9455.8782,16990.9874,0
16642,256.84,9618.6416,16990.9874,0
16643,256.87,9651.3203,16990.9874,0
16645,256.88,9657.6792,16990.9874,0
16646,256.89,9691.9343,16990.9874,0
16647,256.90,9701.2199,16990.9874,0
16648,256.91,9988.6558,16990.9874,0
16649,256.93,10377.6234,16990.9874,0
16651,256.95,10445.8571,16990.9874,0
16652,256.96,10445.8571,16990.9874,0
16654,256.99,10445.8571,16990.9874,0
16655,257.01,10445.8571,16990.9874,0
16656,257.02,10638.6351,16990.9874,0
16657,257.04,11146.3651,16990.9874,0
16658,257.06,11513.9483,16990.9874,0
16659,257.07,11525.0384,16990.9874,0
16660,257.08,11525.0384,16990.9874,0
16661,257.10,11605.5461,16990.9874,0
16663,257.11,11605.5461,16990.9874,0
16664,257.13,11605.5461,16990.9874,0
16665,257.14,11605.5461,16990.9874,0
16666,257.16,11861.2023,16990.9874,0
16667,257.17,11938.8832,16990.9874,0
16668,257.19,11981.0175,16990.9874,0
16669,257.20,12007.7946,16990.9874,0
16670,257.22,12007.7946,16990.9874,0
16671,257.23,12022.5790,16990.9874,0
16672,257.27,12022.5790,16990.9874,0
16673,257.27,12022.5790,16990.9874,0
16674,257.28,12132.1155,16990.9874,0
16675,257.29,12265.4505,16990.9874,0
16676,257.31,12465.6085,16990.9874,0
16677,257.33,12701.1389,16990.9874,0
16678,257.35,12709.6962,16990.9874,0
16679,257.37,12844.4928,16990.9874,0
16680,257.42,12851.9484,16990.9874,0
16681,257.42,12851.9484,16990.9874,0
16682,257.46,12955.7946,16990.9874,0
16686,257.51,13079.5007,16990.9874,0
16687,257.53,13079.5007,16990.9874,0
16688,257.55,13364.6945,16990.9874,0
16689,257.55,13364.6945,16990.9874,0
16690,257.59,13504.6088,16990.9874,0
16691,257.62,13565.4595,16990.9874,0
16692,257.68,13565.4595,16990.9874,0
16693,257.74,13566.2034,16990.9874,0
16694,257.76,13566.4918,16990.9874,0
16695,257.77,13566.4918,16990.9874,0
16696,257.79,13574.9103,16990.9874,0
16699,257.85,13988.3808,16990.9874,0
16700,257.89,14091.4872,16990.9874,0
16701,257.91,14091.4872,16990.9874,0
16702,257.94,14091.4872,16990.9874,0
16703,257.95,14091.4872,16990.9874,0
16705,257.99,14091.4872,16990.9874,0
16706,257.99,14091.4872,16990.9874,0
16707,258.01,14091.4872,16990.9874,0
16708,258.03,14091.4872,16990.9874,0
16713,258.10,14093.7883,16990.9874,0
16714,258.17,14093.7883,16990.9874,0
16717,258.24,14093.7883,16990.9874,0
16718,258.26,14093.7883,16990.9874,0
16719,258.27,14093.7883,16990.9874,0
16720,258.27,14093.7883,16990.9874,0
16723,258.31,14093.7883,16990.9874,0
16724,258.33,14093.7883,16990.9874,0
16725,258.34,14093.7883,16990.9874,0
16726,258.34,14093.7883,16990.9874,0
16727,258.38,14093.7883,16990.9874,0
16728,258.41,14093.7883,16990.9874,0
16731,258.45,14093.7883,16990.9874,0
16732,258.47,14093.7883,16990.9874,0
16733,258.51,14096.5429,16990.9874,0
16734,258.52,14096.5429,16990.9874,0
16736,258.58,14096.5429,16990.9874,0
16737,258.58,14096.5429,16990.9874,0
16740,258.60,14096.5429,16990.9874,0
16741,258.62,14096.5429,16990.9874,0
16747,258.69,14096.5429,16990.9874,0
16749,258.69,14096.5429,16990.9874,0
16750,258.71,14096.5429,16990.9874,0
16751,258.73,14096.5429,16990.9874,0
16753,258.78,14096.5429,16990.9874,0
16759,258.82,14096.5429,16990.9874,0
16761,258.84,14096.5429,16990.9874,0
16762,258.84,14096.5429,16990.9874,0
16764,258.88,14096.5429,16990.9874,0
16767,258.90,14096.5429,16990.9874,0
16769,258.95,14096.5429,16990.9874,0
16771,258.95,14096.5429,16990.9874,0
16772,258.95,14096.5429,16990.9874,0
16773,258.96,14096.5429,16990.9874,0
16777,258.99,14096.5429,16990.9874,0
16778,258.99,14096.5429,16990.9874,0
16781,259.01,14096.5429,16990.9874,0
16782,259.06,14096.5429,16990.9874,0
16783,259.06,14096.5429,16990.9874,0
16785,259.10,14118.6011,16990.9874,0
16786,259.11,14118.6011,16990.9874,0
16787,259.13,14231.1531,16990.9874,0
16788,259.15,14231.1531,16990.9874,0
16789,259.17,14287.6114,16990.9874,0
16791,259.21,14287.6114,16990.9874,0
16792,259.23,14287.6114,16990.9874,0
16793,259.25,14287.6114,16990.9874,0
16794,259.26,14287.6114,16990.9874,0
16795,259.28,14292.2104,16990.9874,0
16797,259.30,14292.2104,16990.9874,0
16798,259.32,14382.0742,16990.9874,0
16799,259.34,14382.0742,16990.9874,0
16800,259.35,14382.0742,16990.9874,0
16801,259.37,14382.0742,16990.9874,0
16802,259.39,14532.7806,16990.9874,0
16803,259.42,14532.7806,16990.9874,0
16806,259.55,14532.7806,16990.9874,0
16807,259.57,14532.7806,16990.9874,0
16808,259.58,14532.7806,16990.9874,0
16809,259.58,14532.7806,16990.9874,0
16810,259.60,14532.7806,16990.9874,0
16811,259.62,14571.1194,16990.9874,0
16814,259.64,14577.1256,16990.9874,0
16818,259.80,14577.1256,16990.9874,0
16822,259.89,14577.1256,16990.9874,0
16825,260.00,14578.7479,16990.9874,0
16827,260.04,14578.7479,16990.9874,0
16828,260.06,14580.6742,16990.9874,0
16830,260.08,14580.6742,16990.9874,0
16831,260.09,14580.6742,16990.9874,0
16832,260.11,14580.6742,16990.9874,0
16833,260.11,14580.6742,16990.9874,0
16834,260.11,14580.6742,16990.9874,0
16835,260.14,14580.6742,16990.9874,0
16836,260.16,14580.6742,16990.9874,0
16837,260.18,14580.6742,16990.9874,0
16840,260.26,14580.6742,16990.9874,0
16841,260.27,14580.6742,16990.9874,0
16844,260.31,14580.6742,16990.9874,0
16845,260.31,14580.6742,16990.9874,0
16849,260.33,14581.0083,16990.9874,0
16850,260.36,14581.0083,16990.9874,0
16852,260.39,14581.0083,16990.9874,0
16856,260.43,14581.0083,16990.9874,0
16858,260.47,14581.0083,16990.9874,0
16859,260.49,14581.0083,16990.9874,0
16861,260.52,14581.0083,16990.9874,0
16862,260.54,14581.0083,16990.9874,0
16864,260.57,14581.0083,16990.9874,0
16865,260.57,14581.0083,16990.9874,0
16867,260.59,14581.0083,16990.9874,0
16871,260.61,14581.0083,16990.9874,0
16872,260.63,14581.0083,16990.9874,0
16873,260.65,14581.0083,16990.9874,0
16878,260.66,14581.0083,16990.9874,0
16880,260.68,14581.0083,16990.9874,0
16884,260.70,14581.0083,16990.9874,0
16888,260.75,14581.0083,16990.9874,0
16889,260.77,14581.0083,16990.9874,0
16890,260.77,14581.0083,16990.9874,0
16891,260.77,14581.0083,16990.9874,0
16892,260.78,14581.0083,16990.9874,0
16894,260.78,14581.0083,16990.9874,0
16896,260.80,14581.0083,16990.9874,0
16897,260.80,14581.0083,16990.9874,0
16898,260.81,14581.0083,16990.9874,0
16903,260.93,14586.2418,16990.9874,0
16910,261.14,14586.2418,16990.9874,0
16913,261.21,14586.2418,16990.9874,0
16917,261.31,14586.2418,16990.9874,0
16921,261.34,14586.2418,16990.9874,0
16922,261.36,14586.2418,16990.9874,0
16924,261.37,14586.2418,16990.9874,0
16925,261.37,14586.2418,16990.9874,0
16928,261.39,14586.2418,16990.9874,0
16933,261.42,14586.2418,16990.9874,0
16935,261.43,14586.2418,16990.9874,0
16936,261.43,14586.2418,16990.9874,0
16937,261.45,14589.1384,16990.9874,0
16938,261.53,14589.1384,16990.9874,0
16940,261.53,14589.1384,16990.9874,0
16941,261.55,14589.1384,16990.9874,0
16942,261.63,14589.1384,16990.9874,0
16943,261.65,14589.1384,16990.9874,0
16945,261.69,14589.1384,16990.9874,0
16946,261.69,14589.1384,16990.9874,0
16948,261.76,14589.1384,16990.9874,0
16951,261.80,14589.1384,16990.9874,0
16952,261.87,14589.1384,16990.9874,0
16954,261.88,14589.1384,16990.9874,0
16955,261.88,14589.1384,16990.9874,0
16956,261.88,14589.1384,16990.9874,0
16958,261.92,14589.1384,16990.9874,0
16959,261.92,14589.1384,16990.9874,0
16961,261.99,14589.1384,16990.9874,0
16962,262.06,14589.1384,16990.9874,0
16963,262.09,14589.1384,16990.9874,0
16964,262.15,14589.1384,16990.9874,0
16965,262.17,14589.1384,16990.9874,0
16966,262.21,14589.1384,16990.9874,0
16969,262.25,14589.1384,16990.9874,0
16970,262.26,14589.1384,16990.9874,0
16973,262.30,14589.1384,16990.9874,0
16975,262.33,14589.1384,16990.9874,0
16977,262.38,14589.1384,16990.9874,0
16979,262.40,14589.1384,16990.9874,0
16980,262.40,14589.1384,16990.9874,0
16984,262.42,14589.1384,16990.9874,0
16989,262.46,14589.1384,16990.9874,0
16991,262.48,14589.1384,16990.9874,0
16993,262.54,14589.1384,16990.9874,0
16994,262.54,14589.1384,16990.9874,0
16998,262.59,14589.1384,16990.9874,0
16999,262.59,14589.1384,16990.9874,0
17001,262.59,14589.1384,16990.9874,0
17004,262.61,14589.1384,16990.9874,0
17008,262.65,14589.1384,16990.9874,0
17009,262.65,14589.1384,16990.9874,0
17010,262.65,14589.1384,16990.9874,0
17011,262.66,14589.1384,16990.9874,0
17014,262.70,14589.1384,16990.9874,0
17016,262.73,14589.1384,16990.9874,0
17017,262.76,14593.3670,16990.9874,0
17019,262.77,14593.3670,16990.9874,0
17020,262.81,14593.3670,16990.9874,0
17022,262.83,14593.3670,16990.9874,0
17023,262.83,14593.3670,16990.9874,0
17024,262.86,14593.3670,16990.9874,0
17025,262.86,14593.3670,16990.9874,0
17026,262.89,14593.3670,16990.9874,0
17027,262.94,14658.0549,16990.9874,0
17029,262.99,14658.0549,16990.9874,0
17033,263.04,14658.0549,16990.9874,0
17035,263.13,14658.0549,16990.9874,0
17037,263.15,14658.0549,16990.9874,0
17041,263.19,14658.0549,16990.9874,0
17043,263.21,14658.0549,16990.9874,0
17044,263.22,14658.0549,16990.9874,0
17047,263.28,14658.0549,16990.9874,0
17049,263.28,14658.0549,16990.9874,0
17051,263.30,14658.0549,16990.9874,0
17052,263.32,14658.0549,16990.9874,0
17055,263.32,14658.0549,16990.9874,0
17059,263.36,14658.0549,16990.9874,0
17062,263.38,14658.0549,16990.9874,0
17064,263.39,14658.0549,16990.9874,0
17066,263.39,14658.0549,16990.9874,0
17067,263.39,14658.0549,16990.9874,0
17069,263.41,14658.0549,16990.9874,0
17071,263.47,14658.3871,16990.9874,0
17072,263.50,14658.3871,16990.9874,0
17075,263.52,14658.3871,16990.9874,0
17076,263.52,14658.3871,16990.9874,0
17077,263.54,14658.3871,16990.9874,0
17081,263.58,14658.3871,16990.9874,0
17083,263.64,14658.3871,16990.9874,0
17084,263.68,14658.3871,16990.9874,0
17085,263.68,14658.3871,16990.9874,0
17086,263.68,14658.3871,16990.9874,0
17087,263.68,14658.3871,16990.9874,0
17088,263.72,14658.3871,16990.9874,0
17089,263.73,14658.3871,16990.9874,0
17095,263.77,14658.3871,16990.9874,0
17098,263.78,14658.3871,16990.9874,0
17100,263.81,14658.3871,16990.9874,0
17104,263.83,14658.3871,16990.9874,0
17109,263.89,14658.3871,16990.9874,0
17110,263.89,14658.3871,16990.9874,0
17115,263.95,14658.3871,16990.9874,0
17118,264.02,14658.3871,16990.9874,0
17120,264.02,14658.3871,16990.9874,0
17122,264.05,14658.3871,16990.9874,0
17124,264.07,14658.3871,16990.9874,0
17125,264.10,14658.3871,16990.9874,0
17131,264.15,14658.3871,16990.9874,0
17135,264.22,14658.3871,16990.9874,0
17139,264.24,14658.3871,16990.9874,0
17142,264.26,14658.3871,16990.9874,0
17144,264.29,14658.3871,16990.9874,0
17145,264.29,14658.3871,16990.9874,0
17146,264.29,14658.3871,16990.9874,0
17150,264.32,14658.3871,16990.9874,0
17151,264.32,14658.3871,16990.9874,0
17153,264.32,14658.3871,16990.9874,0
17155,264.34,14658.3871,16990.9874,0
17156,264.34,14658.3871,16990.9874,0
17160,264.39,14658.3871,16990.9874,0
17161,264.39,14658.3871,16990.9874,0
17163,264.39,14658.3871,16990.9874,0
17164,264.39,14658.3871,16990.9874,0
17167,264.43,14658.3871,16990.9874,0
17168,264.44,14658.3871,16990.9874,0
17169,264.44,14658.3871,16990.9874,0
17170,264.44,14658.3871,16990.9874,0
17171,264.44,14658.3871,16990.9874,0
17172,264.44,14658.3871,16990.9874,1
17173,264.46,10442.2785,16990.9874,0
17174,264.47,10509.2693,16990.9874,0
17175,264.48,10509.2693,16990.9874,0
17176,264.49,10509.2693,16990.9874,0
17177,264.51,10509.2693,16990.9874,0
17178,264.52,10631.6307,16990.9874,0
17180,264.53,10750.9832,16990.9874,0
17181,264.54,11156.2744,16990.9874,0
17182,264.55,11156.2744,16990.9874,0
17184,264.56,11363.7757,16990.9874,0
17185,264.58,11363.7757,16990.9874,0
17186,264.60,11526.7348,16990.9874,0
17189,264.61,11526.7348,16990.9874,0
17190,264.61,11526.7348,16990.9874,0
17191,264.63,11526.7348,16990.9874,0
17193,264.63,11526.7348,16990.9874,0
17194,264.64,11526.7348,16990.9874,0
17196,264.65,11600.0034,16990.9874,0
17197,264.67,11600.0034,16990.9874,0
17199,264.68,11600.0034,16990.9874,0
17201,264.69,11600.0034,16990.9874,0
17202,264.69,11600.0034,16990.9874,0
17204,264.71,11654.0034,16990.9874,0
17205,264.72,11793.7689,16990.9874,0
17206,264.74,11800.3671,16990.9874,0
17207,264.76,11994.4223,16990.9874,0
17208,264.77,12174.1780,16990.9874,0
17209,264.78,12289.9012,16990.9874,0
17213,264.80,12289.9012,16990.9874,0
17214,264.81,12289.9202,16990.9874,0
17215,264.82,12289.9202,16990.9874,0
17216,264.84,12371.1099,16990.9874,0
17217,264.86,12416.6205,16990.9874,0
17219,264.87,12416.6205,16990.9874,0
17220,264.88,12416.6205,16990.9874,0
17221,264.88,12416.6205,16990.9874,0
17222,264.90,12416.6205,16990.9874,0
17224,264.91,12416.6205,16990.9874,0
17225,264.93,12771.7767,16990.9874,0
17226,264.94,12771.7767,16990.9874,0
17227,264.96,12771.7767,16990.9874,0
17228,264.97,12771.7767,16990.9874,0
17229,264.99,12809.3839,16990.9874,0
17230,265.00,12854.4418,16990.9874,0
17231,265.01,12854.4418,16990.9874,0
17232,265.03,12854.4418,16990.9874,0
17233,265.04,12854.4418,16990.9874,0
17234,265.05,12854.4418,16990.9874,0
17236,265.05,12854.4418,16990.9874,0
17237,265.07,12935.9657,16990.9874,0
17239,265.09,12935.9657,16990.9874,0
17241,265.10,12938.8289,16990.9874,0
17242,265.14,13175.5378,16990.9874,0
17244,265.15,13175.5378,16990.9874,0
17245,265.17,13175.5378,16990.9874,0
17246,265.19,13202.7896,16990.9874,0
17247,265.21,13202.7896,16990.9874,0
17248,265.22,13202.7896,16990.9874,0
17249,265.27,13375.5563,16990.9874,0
17250,265.30,13407.3385,16990.9874,0
17251,265.38,13429.8121,16990.9874,0
17252,265.42,13559.3864,16990.9874,0
17253,265.44,13564.5491,16990.9874,0
17254,265.46,13564.5491,16990.9874,0
17255,265.48,13566.9728,16990.9874,0
17256,265.49,13566.9728,16990.9874,0
17257,265.57,13758.2605,16990.9874,0
17258,265.58,13758.2605,16990.9874,0
17261,265.61,13758.2605,16990.9874,0
17265,265.65,13758.2605,16990.9874,0
17266,265.68,13758.2605,16990.9874,0
17267,265.68,13758.2605,16990.9874,0
17272,265.81,13758.2605,16990.9874,0
17274,265.83,13758.2605,16990.9874,0
17276,265.87,13849.5314,16990.9874,0
17277,265.90,13920.4881,16990.9874,0
17279,265.91,13920.4881,16990.9874,0
17280,265.95,13920.4881,16990.9874,0
17281,265.98,13920.4881,16990.9874,0
17282,266.01,13920.4881,16990.9874,0
17283,266.04,13920.4881,16990.9874,0
17287,266.08,13920.4881,16990.9874,0
17288,266.08,13920.4881,16990.9874,0
17290,266.09,13920.4881,16990.9874,0
17298,266.12,13920.4881,16990.9874,0
17299,266.13,13920.4881,16990.9874,0
17302,266.15,13920.4881,16990.9874,0
17303,266.18,13920.4881,16990.9874,0
17304,266.21,13937.5363,16990.9874,0
17305,266.22,13937.5363,16990.9874,0
17307,266.27,14197.0203,16990.9874,0
17308,266.33,14315.4263,16990.9874,0
17309,266.35,14315.4263,16990.9874,0
17310,266.39,14315.4263,16990.9874,0
17312,266.47,14319.8242,16990.9874,0
17314,266.51,14559.0188,16990.9874,0
17315,266.52,14559.0188,16990.9874,0
17316,266.56,14612.1943,16990.9874,0
17320,266.62,14612.1943,16990.9874,0
17321,266.63,14612.1943,16990.9874,0
17322,266.63,14612.1943,16990.9874,0
17323,266.63,14612.1943,16990.9874,0
17324,266.69,14737.1713,16990.9874,0
17326,266.73,14737.1713,16990.9874,0
17329,266.80,14737.1713,16990.9874,0
17330,266.82,14737.1713,16990.9874,0
17332,266.84,14737.1713,16990.9874,0
17336,266.93,14737.1713,16990.9874,0
17340,267.01,14737.1713,16990.9874,0
17341,267.02,14737.1713,16990.9874,0
17343,267.03,14750.9933,16990.9874,0
17344,267.06,14788.3409,16990.9874,0
17345,267.13,14788.3409,16990.9874,0
17346,267.15,14788.3409,16990.9874,0
17347,267.21,14788.3409,16990.9874,0
17349,267.23,14957.3006,16990.9874,0
17352,267.33,14957.3006,16990.9874,0
17355,267.34,14957.3006,16990.9874,0
17356,267.38,14966.1313,16990.9874,0
17357,267.40,14966.1313,16990.9874,0
17359,267.40,14966.1313,16990.9874,0
17360,267.43,15181.7787,16990.9874,0
17363,267.48,15181.7787,16990.9874,0
17364,267.49,15181.7787,16990.9874,0
17365,267.56,15181.7787,16990.9874,0
17367,267.56,15181.7787,16990.9874,0
17368,267.56,15181.7787,16990.9874,0
17369,267.59,15181.7787,16990.9874,0
17370,267.61,15181.7787,16990.9874,0
17380,267.75,15181.7787,16990.9874,0
17382,267.80,15181.7787,16990.9874,0
17389,267.85,15181.7787,16990.9874,0
17390,267.86,15181.7787,16990.9874,0
17393,267.90,15181.7787,16990.9874,0
17395,267.92,15181.7787,16990.9874,0
17396,267.92,15181.7787,16990.9874,0
17399,267.94,15181.7787,16990.9874,0
17401,267.94,15181.7787,16990.9874,0
17402,267.95,15181.7787,16990.9874,0
17403,267.95,15181.7787,16990.9874,0
17407,267.99,15181.7787,16990.9874,0
17409,268.01,15181.7787,16990.9874,0
17411,268.02,15181.7787,16990.9874,0
17412,268.02,15181.7787,16990.9874,0
17413,268.02,15181.7787,16990.9874,0
17415,268.02,15181.7787,16990.9874,0
17416,268.03,15181.7787,16990.9874,0
17417,268.03,15181.7787,16990.9874,0
17418,268.03,15181.7787,16990.9874,0
17425,268.08,15181.7787,16990.9874,0
17426,268.08,15181.7787,16990.9874,0
17429,268.10,15181.7787,16990.9874,0
17431,268.10,15181.7787,16990.9874,0
17433,268.10,15181.7787,16990.9874,0
17435,268.12,15181.7787,16990.9874,0
17436,268.13,15181.7787,16990.9874,0
17437,268.13,15181.7787,16990.9874,0
17438,268.13,15181.7787,16990.9874,0
17440,268.13,15181.7787,16990.9874,0
17442,268.15,15181.7787,16990.9874,0
17449,268.23,15181.7787,16990.9874,0
17455,268.28,15181.7787,16990.9874,0
17456,268.28,15181.7787,16990.9874,0
17458,268.36,15181.7787,16990.9874,0
17459,268.36,15181.7787,16990.9874,0
17461,268.38,15181.7787,16990.9874,1
17462,268.40,10855.8832,16990.9874,0
17463,268.43,10940.8714,16990.9874,0
17464,268.44,10964.3118,16990.9874,0
17465,268.45,11159.1465,16990.9874,0
17466,268.46,11159.1465,16990.9874,0
17467,268.48,11292.8720,16990.9874,0
17468,268.49,11437.2015,16990.9874,0
17469,268.54,11437.2015,16990.9874,0
17470,268.54,11437.2015,16990.9874,0
17471,268.55,11437.2015,16990.9874,0
17472,268.59,11437.2015,16990.9874,0
17473,268.61,11437.2015,16990.9874,0
17474,268.64,11437.2015,16990.9874,0
17475,268.67,11442.2701,16990.9874,0
17476,268.72,11442.2701,16990.9874,0
17477,268.74,11442.2701,16990.9874,0
17478,268.76,11470.9654,16990.9874,0
17479,268.78,11523.5024,16990.9874,0
17480,268.80,11523.5024,16990.9874,0
17481,268.83,11959.4146,16990.9874,0
17482,268.86,11959.4146,16990.9874,0
17484,268.87,12023.4750,16990.9874,0
17487,268.89,12036.4542,16990.9874,0
17488,268.90,12036.4542,16990.9874,0
17489,268.92,12036.4542,16990.9874,0
17490,268.93,12036.4542,16990.9874,0
17491,268.94,12063.2828,16990.9874,0
17492,268.97,12105.7174,16990.9874,0
17493,269.00,12105.7174,16990.9874,0
17494,269.01,12105.7174,16990.9874,0
17495,269.03,12144.6091,16990.9874,0
17496,269.04,12144.6091,16990.9874,0
17499,269.08,12144.6091,16990.9874,0
17501,269.10,12144.6091,16990.9874,0
17503,269.12,12220.8752,16990.9874,0
17504,269.15,12220.8752,16990.9874,0
17505,269.16,12289.3632,16990.9874,0
17506,269.19,12289.3632,16990.9874,0
17508,269.22,12289.3632,16990.9874,0
17509,269.24,12289.3632,16990.9874,0
17510,269.26,12358.5724,16990.9874,0
17511,269.28,12560.3447,16990.9874,0
17512,269.30,12560.3447,16990.9874,0
17513,269.31,12560.3447,16990.9874,0
17514,269.33,12568.4930,16990.9874,0
17516,269.38,12568.4930,16990.9874,0
17519,269.40,12587.9063,16990.9874,0
17521,269.46,12587.9063,16990.9874,0
17522,269.50,12587.9063,16990.9874,0
17524,269.51,12587.9063,16990.9874,0
17525,269.54,12587.9063,16990.9874,0
17527,269.56,12587.9063,16990.9874,0
17528,269.57,12763.3114,16990.9874,0
17529,269.60,12905.9251,16990.9874,0
17530,269.62,12905.9251,16990.9874,0
17531,269.62,12905.9251,16990.9874,0
17532,269.62,12905.9251,16990.9874,0
17535,269.69,12905.9251,16990.9874,0
17536,269.71,12946.1840,16990.9874,0
17537,269.72,12946.1840,16990.9874,0
17538,269.74,12946.1840,16990.9874,0
17539,269.79,12972.0038,16990.9874,0
17541,269.83,12972.0038,16990.9874,0
17542,269.88,12972.0038,16990.9874,0
17543,269.90,12981.4329,16990.9874,0
17544,269.92,12981.4329,16990.9874,0
17545,269.99,12981.4329,16990.9874,0
17546,270.00,12981.4329,16990.9874,0
17547,270.02,12981.4329,16990.9874,0
17548,270.05,13049.6324,16990.9874,0
17549,270.07,13049.6324,16990.9874,0
17550,270.11,13155.7480,16990.9874,0
17552,270.13,13155.7480,16990.9874,0
17553,270.15,13155.7480,16990.9874,0
17554,270.18,13158.8225,16990.9874,0
17555,270.22,13158.8225,16990.9874,0
17556,270.23,13158.8225,16990.9874,0
17558,270.28,13226.2089,16990.9874,0
17559,270.30,13441.1684,16990.9874,0
17560,270.32,13441.1684,16990.9874,0
17561,270.34,13596.9516,16990.9874,0
17562,270.39,13670.2946,16990.9874,0
17563,270.41,13670.2946,16990.9874,0
17564,270.47,13833.3577,16990.9874,0
17565,270.52,13833.3577,16990.9874,0
17566,270.55,13833.3577,16990.9874,0
17567,270.59,13833.3577,16990.9874,0
17568,270.63,13833.3577,16990.9874,0
17569,270.64,13833.3577,16990.9874,0
17570,270.66,13840.4086,16990.9874,0
17572,270.68,13916.5686,16990.9874,0
17573,270.75,14026.4982,16990.9874,0
17574,270.77,14026.4982,16990.9874,0
17575,270.81,14026.4982,16990.9874,0
17577,270.86,14026.4982,16990.9874,0
17579,270.93,14026.4982,16990.9874,0
17580,270.95,14039.3309,16990.9874,0
17584,270.99,14039.3309,16990.9874,0
17585,270.99,14039.3309,16990.9874,0
17589,271.05,14039.3309,16990.9874,0
17590,271.05,14039.3309,16990.9874,0
17592,271.11,14039.3309,16990.9874,0
17593,271.13,14039.3309,16990.9874,0
17595,271.15,14039.3309,16990.9874,0
17597,271.19,14039.3309,16990.9874,0
17599,271.25,14039.3309,16990.9874,0
17601,271.28,14039.3309,16990.9874,0
17605,271.31,14039.3309,16990.9874,0
17607,271.38,14042.9938,16990.9874,0
17608,271.43,14042.9938,16990.9874,0
17609,271.45,14123.2200,16990.9874,0
17610,271.47,14123.2200,16990.9874,0
17611,271.49,14123.2200,16990.9874,0
17612,271.55,14175.1763,16990.9874,0
17613,271.57,14175.1763,16990.9874,0
17616,271.62,14241.0699,16990.9874,0
17619,271.65,14250.9833,16990.9874,0
17621,271.73,14250.9833,16990.9874,0
17622,271.74,14250.9833,16990.9874,0
17623,271.80,14372.1944,16990.9874,0
17625,271.87,14372.1944,16990.9874,0
17626,271.88,14372.1944,16990.9874,0
17628,271.90,14372.1944,16990.9874,0
17631,271.95,14372.1944,16990.9874,0
17632,271.95,14372.1944,16990.9874,0
17633,271.99,14372.1944,16990.9874,0
17635,272.01,14372.1944,16990.9874,0
17636,272.06,14372.1944,16990.9874,0
17638,272.10,14435.4849,16990.9874,0
17639,272.16,14465.7264,16990.9874,0
17642,272.22,14465.7264,16990.9874,0
17648,272.27,14465.7264,16990.9874,0
17649,272.29,14465.7264,16990.9874,0
17651,272.34,14465.7264,16990.9874,0
17652,272.35,14465.7264,16990.9874,0
17654,272.41,14465.7264,16990.9874,0
17661,272.50,14465.7264,16990.9874,0
17666,272.55,14465.7264,16990.9874,0
17668,272.56,14465.7264,16990.9874,0
17671,272.59,14465.7264,16990.9874,0
17673,272.61,14465.7264,16990.9874,0
17674,272.61,14465.7264,16990.9874,0
17675,272.63,14467.0043,16990.9874,0
17677,272.67,14474.2028,16990.9874,0
17678,272.68,14474.2028,16990.9874,0
17679,272.73,14477.9775,16990.9874,0
17680,272.74,14477.9775,16990.9874,0
17681,272.76,14634.1181,16990.9874,0
17683,272.80,14634.1181,16990.9874,0
17685,272.83,14634.1181,16990.9874,0
17687,272.87,14634.1181,16990.9874,0
17688,272.87,14634.1181,16990.9874,0
17689,272.87,14634.1181,16990.9874,0
17691,272.90,14634.1181,16990.9874,0
17692,272.90,14634.1181,16990.9874,0
17693,272.92,14634.1181,16990.9874,0
17694,272.97,14634.1181,16990.9874,0
17695,273.01,14634.1181,16990.9874,0
17696,273.01,14634.1181,16990.9874,0
17697,273.04,14645.1207,16990.9874,0
17698,273.06,14645.1207,16990.9874,0
17699,273.08,14727.6110,16990.9874,0
17702,273.10,14727.6110,16990.9874,0
17703,273.16,14727.6110,16990.9874,0
17705,273.16,14727.6110,16990.9874,0
17711,273.20,14727.6110,16990.9874,0
17719,273.30,14727.6110,16990.9874,0
17720,273.30,14727.6110,16990.9874,0
17721,273.34,14727.6110,16990.9874,0
17722,273.34,14727.6110,16990.9874,0
17723,273.34,14727.6110,16990.9874,0
17724,273.37,14727.6110,16990.9874,0
17726,273.40,14727.6110,16990.9874,0
17727,273.40,14727.6110,16990.9874,0
17728,273.41,14727.6110,16990.9874,0
17729,273.41,14727.6110,16990.9874,0
17730,273.43,14727.6110,16990.9874,0
17733,273.45,14727.6110,16990.9874,0
17736,273.46,14727.6110,16990.9874,0
17742,273.52,14727.6110,16990.9874,0
17743,273.53,14727.6110,16990.9874,0
17745,273.59,14727.6110,16990.9874,0
17749,273.65,14727.6110,16990.9874,0
17751,273.68,14727.6110,16990.9874,0
17757,273.72,14727.6110,16990.9874,0
17758,273.72,14727.6110,16990.9874,0
17759,273.72,14727.6110,16990.9874,0
17760,273.73,14727.6110,16990.9874,0
17761,273.73,14727.6110,16990.9874,0
17768,273.82,14727.6110,16990.9874,0
17770,273.82,14727.6110,16990.9874,0
17772,273.84,14727.6110,16990.9874,0
17776,273.89,14727.6110,16990.9874,0
17779,273.91,14727.6110,16990.9874,0
17780,273.91,14727.6110,16990.9874,0
17783,273.93,14727.6110,16990.9874,0
17784,273.93,14727.6110,16990.9874,0
17785,273.94,14727.6110,16990.9874,0
17786,273.99,14727.6110,16990.9874,0
17788,273.99,14727.6110,16990.9874,0
17789,273.99,14727.6110,16990.9874,0
17790,273.99,14727.6110,16990.9874,0
17792,274.01,14727.6110,16990.9874,0
17794,274.03,14727.6110,16990.9874,0
17795,274.05,14730.4205,16990.9874,0
17796,274.07,14738.1372,16990.9874,0
17797,274.09,14738.1372,16990.9874,0
17799,274.18,14766.3171,16990.9874,0
17801,274.19,14766.3171,16990.9874,0
17802,274.26,14766.3171,16990.9874,0
17803,274.30,14766.3171,16990.9874,0
17805,274.33,14766.3171,16990.9874,0
17806,274.33,14766.3171,16990.9874,0
17807,274.40,14766.3171,16990.9874,0
17810,274.44,14766.3171,16990.9874,0
17813,274.46,14766.3171,16990.9874,0
17815,274.46,14766.3171,16990.9874,0
17816,274.46,14766.3171,16990.9874,0
17819,274.48,14766.3171,16990.9874,0
17821,274.50,14766.3171,16990.9874,0
17822,274.50,14766.3171,16990.9874,0
17823,274.50,14766.3171,16990.9874,0
17828,274.65,14766.3171,16990.9874,0
17832,274.66,14766.3171,16990.9874,0
17833,274.66,14766.3171,16990.9874,0
17834,274.66,14766.3171,16990.9874,0
17835,274.66,14766.3171,16990.9874,0
17837,274.66,14766.3171,16990.9874,0
17843,274.71,14766.3171,16990.9874,0
17844,274.74,14766.3171,16990.9874,0
17847,274.76,14766.3171,16990.9874,0
17849,274.77,14766.3171,16990.9874,0
17852,274.79,14766.3171,16990.9874,0
17853,274.79,14766.3171,16990.9874,0
17857,274.81,14766.3171,16990.9874,0
17861,274.83,14766.3171,16990.9874,0
17863,274.85,14766.3171,16990.9874,0
17865,274.90,14766.3171,16990.9874,0
17870,274.96,14766.3171,16990.9874,0
17872,274.96,14766.3171,16990.9874,0
17873,274.96,14766.3171,16990.9874,0
17875,274.96,14766.3171,16990.9874,0
17876,275.00,14766.3171,16990.9874,0
17877,275.00,14766.3171,16990.9874,0
17878,275.00,14766.3171,16990.9874,0
17881,275.01,14766.3171,16990.9874,0
17884,275.03,14766.3171,16990.9874,0
17886,275.04,14766.3171,16990.9874,0
17888,275.06,14766.3171,16990.9874,0
17889,275.06,14766.3171,16990.9874,0
17892,275.09,14766.3171,16990.9874,0
17893,275.09,14766.3171,16990.9874,0
17898,275.15,14766.3171,16990.9874,0
17899,275.15,14766.3171,16990.9874,0
17900,275.15,14766.3171,16990.9874,1
17901,275.22,14443.6908,16990.9874,0
17902,275.25,14470.5268,16990.9874,0
17903,275.26,14470.5268,16990.9874,0
17904,275.28,14470.5268,16990.9874,0
17905,275.33,14470.5268,16990.9874,0
17906,275.33,14470.5268,16990.9874,0
17909,275.42,14470.5268,16990.9874,0
17910,275.44,14479.7478,16990.9874,0
17911,275.48,14512.6279,16990.9874,0
17914,275.56,14778.5997,16990.9874,0
17915,275.60,14778.5997,16990.9874,0
17917,275.64,14832.1428,16990.9874,0
17918,275.68,14832.1428,16990.9874,0
17919,275.72,14832.1428,16990.9874,0
17921,275.75,14832.1428,16990.9874,0
17925,275.83,14832.1428,16990.9874,0
17927,275.85,14832.1428,16990.9874,0
17928,275.85,14832.1428,16990.9874,0
17933,275.89,14832.1428,16990.9874,0
17938,275.91,14832.1428,16990.9874,0
17941,275.95,14832.1428,16990.9874,0
17942,275.97,14832.1428,16990.9874,0
17944,276.01,14832.1428,16990.9874,0
17945,276.01,14832.1428,16990.9874,0
17947,276.04,14929.2704,16990.9874,0
17949,276.07,14929.2704,16990.9874,0
17950,276.09,14929.2704,16990.9874,0
17953,276.11,14929.2704,16990.9874,0
17955,276.17,14929.2704,16990.9874,0
17956,276.18,14929.2704,16990.9874,0
17957,276.18,14929.2704,16990.9874,0
17961,276.24,14929.2704,16990.9874,0
17962,276.26,14932.9774,16990.9874,0
17963,276.29,14932.9774,16990.9874,0
17964,276.31,14932.9774,16990.9874,0
17966,276.35,14932.9774,16990.9874,0
17968,276.38,14932.9774,16990.9874,0
17969,276.38,14932.9774,16990.9874,0
17972,276.40,14932.9774,16990.9874,0
17973,276.40,14932.9774,16990.9874,0
17974,276.41,14932.9774,16990.9874,0
17975,276.45,14932.9774,16990.9874,0
17976,276.47,14932.9774,16990.9874,0
17978,276.55,14932.9774,16990.9874,0
17980,276.58,14932.9774,16990.9874,0
17983,276.63,14932.9774,16990.9874,0
17984,276.63,14932.9774,16990.9874,0
17985,276.63,14932.9774,16990.9874,0
17986,276.65,14932.9774,16990.9874,0
17988,276.65,14932.9774,16990.9874,0
17991,276.71,14932.9774,16990.9874,0
17992,276.71,14932.9774,16990.9874,0
17994,276.73,14932.9774,16990.9874,0
17995,276.73,14932.9774,16990.9874,0
17996,276.73,14932.9774,16990.9874,0
17997,276.73,14932.9774,16990.9874,0
17998,276.73,14932.9774,16990.9874,0
17999,276.75,15091.7001,16990.9874,0
18000,276.79,15091.7001,16990.9874,0
18002,276.81,15091.7001,16990.9874,0
18006,276.83,15100.2379,16990.9874,0
18007,276.85,15100.2379,16990.9874,0
18009,276.91,15193.6812,16990.9874,0
18014,276.98,15193.6812,16990.9874,0
18018,277.07,15193.6812,16990.9874,0
18020,277.09,15193.6812,16990.9874,0
18026,277.14,15193.6812,16990.9874,0
18027,277.14,15193.6812,16990.9874,0
18028,277.17,15193.6812,16990.9874,0
18029,277.18,15193.6812,16990.9874,0
18032,277.20,15193.6812,16990.9874,0
18034,277.22,15193.6812,16990.9874,0
18035,277.25,15193.6812,16990.9874,0
18037,277.27,15193.6812,16990.9874,0
18038,277.27,15193.6812,16990.9874,0
18040,277.29,15193.6812,16990.9874,0
18041,277.34,15193.6812,16990.9874,0
18042,277.37,15196.9441,16990.9874,0
18043,277.38,15196.9441,16990.9874,0
18045,277.48,15420.0661,16990.9874,0
18047,277.57,15609.1869,16990.9874,0
18050,277.63,15615.8402,16990.9874,0
18051,277.65,15615.8402,16990.9874,0
18052,277.67,15650.0540,16990.9874,0
18055,277.72,15738.2095,16990.9874,0
18060,277.78,15738.2095,16990.9874,0
18061,277.81,15738.2095,16990.9874,0
18065,277.83,15738.2095,16990.9874,0
18067,277.87,15738.2095,16990.9874,0
18068,277.87,15738.2095,16990.9874,0
18069,277.88,15738.2095,16990.9874,0
18071,277.90,15738.2095,16990.9874,0
18073,277.92,15738.2095,16990.9874,0
18074,277.94,15738.2095,16990.9874,0
18077,277.98,15739.0677,16990.9874,0
18079,278.06,15739.0677,16990.9874,0
18080,278.10,15739.0677,16990.9874,0
18082,278.12,15739.0677,16990.9874,0
18086,278.14,15739.0677,16990.9874,0
18087,278.16,15739.0677,16990.9874,0
18091,278.20,15739.0677,16990.9874,0
18095,278.28,15739.0677,16990.9874,0
18096,278.28,15739.0677,16990.9874,0
18101,278.28,15739.0677,16990.9874,0
18102,278.30,15739.0677,16990.9874,0
18104,278.32,15739.0677,16990.9874,0
18105,278.32,15739.0677,16990.9874,0
18107,278.32,15739.0677,16990.9874,0
18108,278.32,15739.0677,16990.9874,0
18109,278.33,15739.0677,16990.9874,0
18110,278.35,15739.0677,16990.9874,0
18112,278.35,15739.0677,16990.9874,0
18114,278.37,15739.0677,16990.9874,0
18115,278.40,15739.0677,16990.9874,0
18116,278.40,15739.0677,16990.9874,0
18117,278.40,15739.0677,16990.9874,0
18120,278.45,15739.0677,16990.9874,0
18121,278.45,15739.0677,16990.9874,0
18123,278.55,15741.8758,16990.9874,0
18124,278.56,15741.8758,16990.9874,0
18126,278.62,15741.8758,16990.9874,0
18127,278.69,15741.8758,16990.9874,0
18129,278.71,15741.8758,16990.9874,0
18131,278.72,15741.8758,16990.9874,0
18133,278.73,15741.8758,16990.9874,0
18134,278.73,15741.8758,16990.9874,0
18137,278.75,15741.8758,16990.9874,0
18138,278.75,15741.8758,16990.9874,0
18139,278.78,15741.8758,16990.9874,0
18140,278.81,15741.8758,16990.9874,0
18142,278.81,15741.8758,16990.9874,0
18143,278.81,15741.8758,16990.9874,0
18144,278.82,15741.8758,16990.9874,0
18145,278.82,15741.8758,16990.9874,0
18147,278.85,15741.8758,16990.9874,0
18149,278.86,15741.8758,16990.9874,0
18155,278.93,15741.8758,16990.9874,0
18157,278.95,15741.8758,16990.9874,0
18158,278.95,15741.8758,16990.9874,0
18159,278.97,15741.8758,16990.9874,0
18161,278.99,15741.8758,16990.9874,0
18162,279.00,15741.8758,16990.9874,0
18166,279.04,15741.8758,16990.9874,0
18171,279.08,15741.8758,16990.9874,0
18172,279.15,15741.8758,16990.9874,0
18173,279.15,15741.8758,16990.9874,0
18179,279.24,15874.5144,16990.9874,0
18180,279.26,15874.5144,16990.9874,0
18181,279.28,15874.5144,16990.9874,0
18182,279.28,15874.5144,16990.9874,0
18183,279.36,15943.1104,16990.9874,0
18190,279.49,15943.1104,16990.9874,0
18191,279.51,15943.1104,16990.9874,0
18192,279.59,15943.1104,16990.9874,0
18193,279.61,15943.1104,16990.9874,0
18196,279.69,15943.1104,16990.9874,0
18197,279.73,15943.1104,16990.9874,0
18198,279.79,15943.3872,16990.9874,0
18199,279.81,15943.3872,16990.9874,0
18200,279.84,15943.3872,16990.9874,0
18201,279.91,15943.3872,16990.9874,0
18204,279.97,15943.3872,16990.9874,0
18211,280.17,15943.3872,16990.9874,0
18213,280.21,16079.5044,16990.9874,0
18214,280.23,16079.5044,16990.9874,0
18215,280.28,16079.5044,16990.9874,0
18216,280.31,16079.5044,16990.9874,0
18217,280.34,16079.5044,16990.9874,0
18219,280.39,16079.5044,16990.9874,0
18221,280.42,16094.7681,16990.9874,0
18225,280.52,16094.7681,16990.9874,0
18228,280.55,16094.7681,16990.9874,0
18229,280.55,16094.7681,16990.9874,0
18230,280.58,16094.7681,16990.9874,0
18234,280.66,16094.7681,16990.9874,0
18235,280.66,16094.7681,16990.9874,0
18236,280.68,16094.7681,16990.9874,0
18237,280.70,16212.3702,16990.9874,0
18238,280.72,16212.3702,16990.9874,0
18240,280.74,16267.8967,16990.9874,0
18244,280.77,16267.8967,16990.9874,0
18246,280.81,16268.6370,16990.9874,0
18248,280.87,16271.8378,16990.9874,0
18249,280.92,16271.8378,16990.9874,0
18251,280.95,16554.2437,16990.9874,0
18259,281.06,16554.2437,16990.9874,0
18260,281.06,16554.2437,16990.9874,0
18262,281.11,16554.2437,16990.9874,0
18263,281.11,16554.2437,16990.9874,0
18274,281.26,16554.2437,16990.9874,0
18276,281.27,16554.2437,16990.9874,0
18278,281.37,16554.2437,16990.9874,0
18281,281.43,16554.2437,16990.9874,0
18282,281.43,16554.2437,16990.9874,0
18283,281.43,16554.2437,16990.9874,0
18284,281.43,16554.2437,16990.9874,0
18285,281.43,16554.2437,16990.9874,0
18289,281.47,16554.2437,16990.9874,0
18290,281.47,16554.2437,16990.9874,0
18291,281.51,16556.7558,16990.9874,0
18292,281.54,16685.4557,16990.9874,0
18294,281.56,16685.4557,16990.9874,0
18297,281.61,16685.4557,16990.9874,0
18300,281.72,16685.4557,16990.9874,0
18301,281.72,16685.4557,16990.9874,0
18303,281.72,16685.4557,16990.9874,0
18305,281.75,16685.4557,16990.9874,0
18306,281.78,16685.4557,16990.9874,0
18314,281.88,16685.4557,16990.9874,0
18316,281.92,16685.4557,16990.9874,0
18318,281.94,16685.4557,16990.9874,0
18319,281.94,16685.4557,16990.9874,0
18326,281.99,16685.4557,16990.9874,0
18327,281.99,16685.4557,16990.9874,0
18329,282.01,16685.4557,16990.9874,0
18330,282.02,16685.4557,16990.9874,0
18333,282.05,16685.4557,16990.9874,0
18334,282.06,16685.4557,16990.9874,0
18336,282.06,16685.4557,16990.9874,0
18338,282.09,16685.4557,16990.9874,0
18339,282.09,16685.4557,16990.9874,0
18340,282.10,16685.4557,16990.9874,0
18342,282.10,16685.4557,16990.9874,0
18346,282.14,16685.4557,16990.9874,0
18348,282.15,16685.4557,16990.9874,0
18349,282.15,16685.4557,16990.9874,0
18351,282.16,16685.4557,16990.9874,0
18353,282.17,16685.4557,16990.9874,0
18354,282.19,16685.4557,16990.9874,0
18356,282.20,16685.4557,16990.9874,0
18357,282.20,16685.4557,16990.9874,0
18358,282.20,16685.4557,16990.9874,0
18364,282.25,16685.4557,16990.9874,0
18366,282.26,16685.4557,16990.9874,0
18368,282.28,16685.4557,16990.9874,0
18369,282.28,16685.4557,16990.9874,0
18371,282.31,16685.4557,16990.9874,0
18373,282.34,16685.4557,16990.9874,0
18376,282.38,16685.4557,16990.9874,0
18382,282.45,16685.4557,16990.9874,0
18384,282.47,16685.4557,16990.9874,0
18386,282.49,16685.4557,16990.9874,0
18388,282.51,16685.4557,16990.9874,0
18389,282.52,16685.4557,16990.9874,0
18390,282.52,16685.4557,16990.9874,0
18391,282.52,16685.4557,16990.9874,0
18393,282.54,16685.4557,16990.9874,1
18394,282.60,16378.5432,16990.9874,0
18395,282.65,16378.5432,16990.9874,0
18399,282.71,16378.5432,16990.9874,0
18401,282.74,16442.6891,16990.9874,0
18403,282.77,16442.6891,16990.9874,0
18409,282.83,16442.6891,16990.9874,0
18411,282.88,16639.7641,16990.9874,0
18412,282.90,16639.7641,16990.9874,0
18413,282.92,16639.7641,16990.9874,0
18414,282.99,16639.7641,16990.9874,0
18415,283.05,16796.4282,16990.9874,0
18416,283.08,16796.4282,16990.9874,0
18417,283.12,16830.0522,16990.9874,0
18418,283.14,16830.0522,16990.9874,0
18419,283.16,16830.0522,16990.9874,0
18422,283.26,16997.9147,16997.9147,0
18427,283.39,17102.5297,17102.5297,0
18428,283.42,17102.5297,17102.5297,0
18432,283.53,17102.5297,17102.5297,0
18436,283.61,17102.5297,17102.5297,0
18438,283.70,17102.5297,17102.5297,0
18441,283.71,17102.5297,17102.5297,0
18442,283.73,17102.5297,17102.5297,0
18443,283.73,17102.5297,17102.5297,0
18444,283.73,17102.5297,17102.5297,0
18446,283.77,17102.5297,17102.5297,0
18447,283.80,17102.5297,17102.5297,0
18451,283.84,17102.5297,17102.5297,0
18454,283.87,17103.1736,17103.1736,0
18455,283.92,17103.1736,17103.1736,0
18457,283.96,17103.1736,17103.1736,0
18458,283.98,17103.1736,17103.1736,0
18461,284.06,17103.1736,17103.1736,0
18465,284.12,17103.1736,17103.1736,0
18466,284.12,17103.1736,17103.1736,0
18467,284.12,17103.1736,17103.1736,0
18469,284.14,17103.1736,17103.1736,0
18472,284.16,17103.1736,17103.1736,0
18474,284.18,17103.1736,17103.1736,0
18480,284.32,17103.1736,17103.1736,0
18481,284.32,17103.1736,17103.1736,0
18483,284.32,17103.1736,17103.1736,0
18484,284.32,17103.1736,17103.1736,0
18487,284.41,17103.1736,17103.1736,0
18489,284.41,17103.1736,17103.1736,0
18491,284.42,17103.1736,17103.1736,0
18493,284.44,17103.1736,17103.1736,0
18494,284.44,17103.1736,17103.1736,0
18498,284.45,17103.1736,17103.1736,0
18503,284.48,17103.1736,17103.1736,0
18504,284.48,17103.1736,17103.1736,0
18505,284.52,17103.1736,17103.1736,0
18506,284.53,17103.1736,17103.1736,0
18508,284.58,17103.1736,17103.1736,0
18509,284.58,17103.1736,17103.1736,0
18510,284.59,17103.1736,17103.1736,0
18511,284.59,17103.1736,17103.1736,0
18512,284.60,17103.1736,17103.1736,0
18514,284.60,17103.1736,17103.1736,0
18515,284.60,17103.1736,17103.1736,0
18516,284.60,17103.1736,17103.1736,0
18520,284.64,17103.1736,17103.1736,0
18521,284.64,17103.1736,17103.1736,0
18525,284.67,17103.1736,17103.1736,0
18526,284.67,17103.1736,17103.1736,0
18529,284.67,17103.1736,17103.1736,0
18530,284.67,17103.1736,17103.1736,0
18532,284.67,17103.1736,17103.1736,0
18533,284.68,17103.1736,17103.1736,0
18536,284.70,17103.1736,17103.1736,0
18539,284.70,17103.1736,17103.1736,0
18541,284.72,17103.1736,17103.1736,0
18542,284.72,17103.1736,17103.1736,0
18544,284.74,17103.1736,17103.1736,0
18545,284.74,17103.1736,17103.1736,0
18549,284.78,17103.1736,17103.1736,0
18550,284.80,17103.1736,17103.1736,0
18551,284.80,17103.1736,17103.1736,0
18553,284.82,17103.1736,17103.1736,0
18554,284.82,17103.1736,17103.1736,0
18555,284.82,17103.1736,17103.1736,1
18556,284.87,17103.1736,17103.1736,0
18559,284.89,17103.1736,17103.1736,0
18561,284.90,17103.1736,17103.1736,0
18562,284.91,17103.1736,17103.1736,0
18565,284.93,17103.1736,17103.1736,0
18567,284.94,17103.1736,17103.1736,0
18568,284.95,17103.1736,17103.1736,0
18569,284.95,17103.1736,17103.1736,0
18570,284.98,17103.1736,17103.1736,0
18571,285.04,17103.1736,17103.1736,0
18572,285.04,17103.1736,17103.1736,0
18573,285.06,17103.1736,17103.1736,0
18577,285.09,17103.1736,17103.1736,0
18579,285.11,17103.1736,17103.1736,0
18585,285.13,17103.1736,17103.1736,0
18589,285.15,17103.1736,17103.1736,0
18592,285.19,17103.1736,17103.1736,0
18593,285.22,17103.1736,17103.1736,0
18595,285.24,17103.1736,17103.1736,0
18597,285.26,17103.1736,17103.1736,0
18598,285.27,17103.1736,17103.1736,0
18603,285.29,17103.1736,17103.1736,0
18604,285.29,17103.1736,17103.1736,0
18606,285.29,17103.1736,17103.1736,0
18607,285.29,17103.1736,17103.1736,0
18608,285.29,17103.1736,17103.1736,0
18609,285.30,17103.1736,17103.1736,0
18610,285.30,17103.1736,17103.1736,0
18612,285.32,17103.1736,17103.1736,0
18613,285.32,17103.1736,17103.1736,0
18614,285.32,17103.1736,17103.1736,0
18617,285.35,17103.1736,17103.1736,0
18618,285.35,17103.1736,17103.1736,0
18619,285.35,17103.1736,17103.1736,0
18622,285.35,17103.1736,17103.1736,0
18623,285.35,17103.1736,17103.1736,0
18624,285.36,17103.1736,17103.1736,0
18625,285.37,17103.1736,17103.1736,0
18628,285.39,17103.1736,17103.1736,0
18629,285.39,17103.1736,17103.1736,0
18630,285.40,17103.1736,17103.1736,0
18632,285.42,17103.1736,17103.1736,0
18634,285.46,17103.1736,17103.1736,0
18635,285.46,17103.1736,17103.1736,0
18636,285.46,17103.1736,17103.1736,0
18637,285.47,17103.1736,17103.1736,0
18638,285.47,17103.1736,17103.1736,0
18640,285.49,17103.1736,17103.1736,0
18641,285.49,17103.1736,17103.1736,0
18644,285.52,17103.1736,17103.1736,0
18645,285.54,17103.1736,17103.1736,0
18646,285.54,17103.1736,17103.1736,0
18647,285.54,17103.1736,17103.1736,0
18648,285.54,17103.1736,17103.1736,0
18649,285.55,17103.1736,17103.1736,0
18651,285.55,17103.1736,17103.1736,0
18652,285.55,17103.1736,17103.1736,0
18653,285.63,17103.1736,17103.1736,0
18655,285.63,17103.1736,17103.1736,0
18657,285.66,17103.1736,17103.1736,1
18658,285.73,16615.6156,17103.1736,0
18659,285.81,16795.8625,17103.1736,0
18660,285.89,16795.8625,17103.1736,0
18661,285.91,16795.8625,17103.1736,0
18663,285.93,16795.8625,17103.1736,0
18666,285.97,17103.1736,17103.1736,0
18671,285.99,17103.1736,17103.1736,0
18673,286.01,17103.1736,17103.1736,0
18674,286.01,17103.1736,17103.1736,0
18675,286.01,17103.1736,17103.1736,0
18676,286.04,17103.1736,17103.1736,0
18684,286.08,17103.1736,17103.1736,0
18687,286.10,17103.1736,17103.1736,0
18689,286.12,17103.1736,17103.1736,0
18690,286.13,17103.1736,17103.1736,0
18691,286.13,17103.1736,17103.1736,0
18692,286.13,17103.1736,17103.1736,0
18696,286.19,17103.1736,17103.1736,0
18697,286.20,17103.1736,17103.1736,0
18701,286.20,17103.1736,17103.1736,0
18702,286.20,17103.1736,17103.1736,0
18706,286.24,17103.1736,17103.1736,0
18708,286.26,17103.1736,17103.1736,0
18709,286.28,17108.2700,17108.2700,0
18721,286.45,17108.2700,17108.2700,0
18724,286.53,17108.2700,17108.2700,0
18725,286.57,17108.2700,17108.2700,0
18727,286.64,17108.2700,17108.2700,0
18730,286.67,17108.2700,17108.2700,0
18731,286.69,17108.2700,17108.2700,0
18732,286.71,17108.2700,17108.2700,0
18733,286.71,17108.2700,17108.2700,0
18734,286.71,17108.2700,17108.2700,0
18735,286.71,17108.2700,17108.2700,0
18737,286.71,17108.2700,17108.2700,0
18738,286.72,17108.2700,17108.2700,0
18742,286.74,17108.2700,17108.2700,0
18744,286.76,17108.2700,17108.2700,0
18745,286.76,17108.2700,17108.2700,0
18748,286.78,17108.2700,17108.2700,0
18749,286.83,17108.2700,17108.2700,0
18750,286.89,17108.2700,17108.2700,0
18757,286.95,17108.2700,17108.2700,0
18758,286.95,17108.2700,17108.2700,0
18761,286.97,17108.2700,17108.2700,0
18762,287.03,17108.2700,17108.2700,0
18763,287.03,17108.2700,17108.2700,0
18765,287.03,17108.2700,17108.2700,0
18770,287.11,17108.2700,17108.2700,0
18772,287.12,17108.2700,17108.2700,0
18774,287.12,17108.2700,17108.2700,0
18775,287.12,17108.2700,17108.2700,0
18777,287.14,17108.2700,17108.2700,0
18778,287.14,17108.2700,17108.2700,0
18779,287.15,17108.2700,17108.2700,0
18782,287.17,17108.2700,17108.2700,0
18783,287.17,17108.2700,17108.2700,0
18785,287.17,17108.2700,17108.2700,0
18793,287.25,17108.2700,17108.2700,0
18795,287.27,17108.2700,17108.2700,0
18801,287.31,17108.2700,17108.2700,0
18802,287.31,17108.2700,17108.2700,0
18803,287.32,17108.2700,17108.2700,0
18808,287.33,17108.2700,17108.2700,0
18810,287.33,17108.2700,17108.2700,1
18811,287.39,16989.7004,17108.2700,0
18813,287.44,16989.7004,17108.2700,0
18815,287.48,16989.7004,17108.2700,0
18818,287.60,16989.7004,17108.2700,0
18819,287.62,16989.7004,17108.2700,0
18821,287.65,16989.7004,17108.2700,0
18823,287.68,17108.2700,17108.2700,0
18825,287.68,17108.2700,17108.2700,0
18831,287.74,17108.2700,17108.2700,0
18832,287.74,17108.2700,17108.2700,0
18834,287.75,17108.2700,17108.2700,0
18836,287.77,17108.2700,17108.2700,0
18839,287.79,17108.2700,17108.2700,0
18841,287.79,17108.2700,17108.2700,0
18843,287.80,17108.2700,17108.2700,0
18846,287.82,17108.2700,17108.2700,0
18848,287.83,17108.2700,17108.2700,0
18850,287.91,17108.2700,17108.2700,0
18851,287.92,17108.2700,17108.2700,0
18852,287.96,17108.2700,17108.2700,0
18853,287.96,17108.2700,17108.2700,0
18854,287.97,17108.2700,17108.2700,0
18857,288.03,17108.2700,17108.2700,0
18858,288.03,17108.2700,17108.2700,0
18859,288.03,17108.2700,17108.2700,0
18861,288.05,17108.2700,17108.2700,0
18862,288.05,17108.2700,17108.2700,0
18863,288.09,17108.2700,17108.2700,0
18864,288.09,17108.2700,17108.2700,0
18865,288.09,17108.2700,17108.2700,0
18866,288.09,17108.2700,17108.2700,0
18867,288.09,17108.2700,17108.2700,0
18872,288.17,17108.2700,17108.2700,0
18873,288.17,17108.2700,17108.2700,0
18875,288.19,17108.2700,17108.2700,0
18877,288.21,17108.2700,17108.2700,0
18879,288.21,17108.2700,17108.2700,0
18881,288.23,17108.2700,17108.2700,0
18887,288.31,17108.2700,17108.2700,0
18889,288.32,17108.2700,17108.2700,0
18890,288.34,17108.2700,17108.2700,0
18893,288.37,17108.2700,17108.2700,0
18895,288.39,17108.2700,17108.2700,0
18898,288.40,17108.2700,17108.2700,0
18901,288.42,17108.2700,17108.2700,0
18903,288.43,17108.2700,17108.2700,0
18904,288.44,17108.2700,17108.2700,0
18909,288.47,17108.2700,17108.2700,0
18911,288.48,17108.2700,17108.2700,0
18913,288.48,17108.2700,17108.2700,0
18916,288.48,17108.2700,17108.2700,0
18917,288.48,17108.2700,17108.2700,0
18918,288.48,17108.2700,17108.2700,0
18920,288.50,17108.2700,17108.2700,0
18921,288.50,17108.2700,17108.2700,0
18923,288.51,17108.2700,17108.2700,0
18924,288.51,17108.2700,17108.2700,1
18925,288.59,16865.8880,17108.2700,0
18926,288.62,16865.8880,17108.2700,0
18929,288.71,17059.6939,17108.2700,0
18930,288.75,17109.7106,17109.7106,0
18932,288.79,17109.7106,17109.7106,0
18935,288.87,17109.7106,17109.7106,0
18936,288.89,17109.7106,17109.7106,0
18937,288.89,17109.7106,17109.7106,0
18941,288.97,17109.7106,17109.7106,0
18942,289.00,17109.7106,17109.7106,0
18943,289.00,17109.7106,17109.7106,0
18947,289.06,17109.7106,17109.7106,0
18949,289.08,17109.7106,17109.7106,0
18950,289.14,17109.7106,17109.7106,0
18952,289.15,17109.7106,17109.7106,0
18954,289.15,17109.7106,17109.7106,0
18955,289.15,17109.7106,17109.7106,0
18959,289.19,17109.7106,17109.7106,0
18960,289.19,17109.7106,17109.7106,0
18964,289.25,17109.7106,17109.7106,0
18969,289.33,17109.7106,17109.7106,0
18971,289.33,17109.7106,17109.7106,0
18973,289.33,17109.7106,17109.7106,0
18974,289.33,17109.7106,17109.7106,0
18976,289.34,17109.7106,17109.7106,0
18977,289.34,17109.7106,17109.7106,0
18978,289.35,17109.7106,17109.7106,0
18980,289.36,17109.7106,17109.7106,0
18981,289.39,17109.7106,17109.7106,0
18984,289.41,17109.7106,17109.7106,0
18985,289.43,17109.7106,17109.7106,0
18992,289.51,17109.7106,17109.7106,0
18993,289.51,17109.7106,17109.7106,0
18995,289.53,17109.7106,17109.7106,0
18996,289.54,17109.7106,17109.7106,0
18997,289.61,17109.7106,17109.7106,0
18998,289.61,17109.7106,17109.7106,0
18999,289.61,17109.7106,17109.7106,0
19000,289.61,17109.7106,17109.7106,0
19001,289.61,17109.7106,17109.7106,0
19003,289.62,17109.7106,17109.7106,0
19004,289.64,17109.7106,17109.7106,0
19005,289.64,17109.7106,17109.7106,0
19006,289.64,17109.7106,17109.7106,0
19007,289.64,17109.7106,17109.7106,0
19008,289.65,17109.7106,17109.7106,0
19011,289.69,17109.7106,17109.7106,0
19012,289.69,17109.7106,17109.7106,0
19014,289.71,17109.7106,17109.7106,0
19015,289.71,17109.7106,17109.7106,0
19016,289.71,17109.7106,17109.7106,0
19021,289.86,17109.7106,17109.7106,0
19022,289.86,17109.7106,17109.7106,0
19026,289.88,17109.7106,17109.7106,0
19027,289.88,17109.7106,17109.7106,0
19030,289.89,17109.7106,17109.7106,0
19031,289.89,17109.7106,17109.7106,1
19032,289.96,16990.8594,17109.7106,0
19033,290.00,17109.7106,17109.7106,0
19034,290.00,17109.7106,17109.7106,0
19035,290.00,17109.7106,17109.7106,0
19036,290.00,17109.7106,17109.7106,0
19037,290.01,17109.7106,17109.7106,0
19039,290.07,17109.7106,17109.7106,0
19040,290.07,17109.7106,17109.7106,0
19043,290.10,17109.7106,17109.7106,0
19044,290.10,17109.7106,17109.7106,0
19045,290.10,17109.7106,17109.7106,0
19048,290.12,17109.7106,17109.7106,0
19050,290.14,17109.7106,17109.7106,0
19052,290.14,17109.7106,17109.7106,0
19053,290.14,17109.7106,17109.7106,0
19054,290.14,17109.7106,17109.7106,0
19056,290.17,17109.7106,17109.7106,0
19062,290.24,17109.7106,17109.7106,0
19063,290.31,17109.7106,17109.7106,0
19064,290.31,17109.7106,17109.7106,0
19066,290.33,17109.7106,17109.7106,0
19068,290.35,17109.7106,17109.7106,0
19069,290.35,17109.7106,17109.7106,0
19072,290.36,17109.7106,17109.7106,0
19074,290.38,17109.7106,17109.7106,0
19075,290.38,17109.7106,17109.7106,0
19076,290.39,17109.7106,17109.7106,0
19079,290.43,17109.7106,17109.7106,0
19080,290.43,17109.7106,17109.7106,0
19082,290.43,17109.7106,17109.7106,0
19084,290.44,17109.7106,17109.7106,0
19086,290.45,17109.7106,17109.7106,0
19090,290.48,17109.7106,17109.7106,0
19092,290.48,17109.7106,17109.7106,0
19097,290.50,17109.7106,17109.7106,0
19101,290.54,17109.7106,17109.7106,0
19102,290.54,17109.7106,17109.7106,0
19105,290.58,17109.7106,17109.7106,0
19109,290.60,17109.7106,17109.7106,0
19111,290.62,17109.7106,17109.7106,0
19117,290.66,17109.7106,17109.7106,0
19118,290.67,17109.7106,17109.7106,0
19123,290.69,17109.7106,17109.7106,0
19133,290.77,17109.7106,17109.7106,0
19134,290.77,17109.7106,17109.7106,1
19135,290.83,16987.4372,17109.7106,0
19136,290.85,16987.4372,17109.7106,0
19137,290.85,16987.4372,17109.7106,0
19138,290.91,16987.4372,17109.7106,0
19139,290.98,16987.4372,17109.7106,0
19140,291.00,16987.4372,17109.7106,0
19144,291.20,17081.0143,17109.7106,0
19146,291.21,17081.0143,17109.7106,0
19147,291.22,17081.0143,17109.7106,0
19149,291.24,17081.0143,17109.7106,0
19151,291.24,17081.0143,17109.7106,0
19154,291.36,17081.0143,17109.7106,0
19155,291.36,17081.0143,17109.7106,0
19157,291.36,17081.0143,17109.7106,0
19158,291.39,17081.0143,17109.7106,0
19159,291.43,17081.0143,17109.7106,0
19160,291.43,17081.0143,17109.7106,0
19161,291.43,17081.0143,17109.7106,0
19164,291.62,17103.8926,17109.7106,0
19165,291.68,17103.8926,17109.7106,0
19166,291.76,17103.8926,17109.7106,0
19170,291.81,17103.8926,17109.7106,0
19171,291.83,17103.8926,17109.7106,0
19172,291.84,17103.8926,17109.7106,0
19173,291.84,17103.8926,17109.7106,0
19174,291.84,17103.8926,17109.7106,0
19176,291.85,17103.8926,17109.7106,0
19177,291.87,17103.8926,17109.7106,0
19183,291.98,17103.8926,17109.7106,0
19186,292.08,17103.8926,17109.7106,0
19188,292.11,17103.8926,17109.7106,0
19189,292.12,17103.8926,17109.7106,0
19190,292.12,17103.8926,17109.7106,0
19193,292.12,17103.8926,17109.7106,0
19199,292.18,17103.8926,17109.7106,0
19203,292.24,17103.8926,17109.7106,0
19204,292.24,17103.8926,17109.7106,0
19206,292.29,17103.8926,17109.7106,0
19207,292.31,17103.8926,17109.7106,0
19208,292.31,17103.8926,17109.7106,0
19209,292.31,17103.8926,17109.7106,0
19211,292.33,17103.8926,17109.7106,0
19213,292.33,17103.8926,17109.7106,0
19217,292.35,17103.8926,17109.7106,0
19218,292.36,17103.8926,17109.7106,0
19219,292.36,17103.8926,17109.7106,0
19220,292.36,17103.8926,17109.7106,0
19222,292.39,17103.8926,17109.7106,0
19223,292.39,17103.8926,17109.7106,0
19224,292.40,17103.8926,17109.7106,0
19226,292.40,17103.8926,17109.7106,0
19231,292.44,17103.8926,17109.7106,0
19232,292.46,17103.8926,17109.7106,0
19233,292.47,17103.8926,17109.7106,0
19235,292.49,17103.8926,17109.7106,0
19237,292.49,17103.8926,17109.7106,0
19239,292.51,17103.8926,17109.7106,0
19241,292.54,17103.8926,17109.7106,0
19243,292.58,17103.8926,17109.7106,0
19246,292.62,17103.8926,17109.7106,0
19247,292.62,17103.8926,17109.7106,0
19250,292.66,17103.8926,17109.7106,0
19252,292.69,17103.8926,17109.7106,0
19254,292.69,17103.8926,17109.7106,0
19258,292.75,17103.8926,17109.7106,0
19260,292.77,17103.8926,17109.7106,0
19261,292.77,17103.8926,17109.7106,0
19264,292.78,17103.8926,17109.7106,0
19265,292.78,17103.8926,17109.7106,1
19266,292.83,16338.1119,17109.7106,0
19270,292.87,16338.1119,17109.7106,0
19272,292.89,16338.1119,17109.7106,0
19274,292.94,16338.1119,17109.7106,0
19275,292.94,16338.1119,17109.7106,0
19277,292.98,16338.1119,17109.7106,0
19278,293.03,16506.6609,17109.7106,0
19281,293.07,16506.6609,17109.7106,0
19282,293.09,16506.6609,17109.7106,0
19283,293.12,16506.6609,17109.7106,0
19284,293.18,16506.6609,17109.7106,0
19285,293.20,16506.6609,17109.7106,0
19288,293.26,16506.6609,17109.7106,0
19289,293.28,16506.6609,17109.7106,0
19290,293.28,16506.6609,17109.7106,0
19291,293.28,16506.6609,17109.7106,0
19292,293.28,16506.6609,17109.7106,0
19293,293.28,16506.6609,17109.7106,0
19294,293.32,16630.5497,17109.7106,0
19295,293.34,16630.5497,17109.7106,0
19296,293.40,16637.6010,17109.7106,0
19299,293.56,16724.4108,17109.7106,0
19302,293.62,16724.4108,17109.7106,0
19304,293.74,16868.2682,17109.7106,0
19305,293.80,16914.8135,17109.7106,0
19307,293.83,16914.8135,17109.7106,0
19310,293.88,16914.8135,17109.7106,0
19311,293.91,16914.8135,17109.7106,0
19313,293.91,16914.8135,17109.7106,0
19315,293.91,16914.8135,17109.7106,0
19321,293.97,16914.8135,17109.7106,0
19322,293.97,16914.8135,17109.7106,0
19323,293.97,16914.8135,17109.7106,0
19326,294.03,16914.8135,17109.7106,0
19327,294.04,16914.8135,17109.7106,0
19330,294.06,16914.8135,17109.7106,0
19331,294.06,16914.8135,17109.7106,0
19334,294.11,16914.8135,17109.7106,0
19335,294.16,16914.8135,17109.7106,0
19338,294.18,16914.8135,17109.7106,0
19339,294.18,16914.8135,17109.7106,0
19340,294.18,16914.8135,17109.7106,0
19342,294.29,16914.8135,17109.7106,0
19345,294.35,16914.8135,17109.7106,0
19346,294.35,16914.8135,17109.7106,0
19347,294.36,16914.8135,17109.7106,0
19351,294.38,16914.8135,17109.7106,0
19353,294.41,16914.8135,17109.7106,0
19354,294.41,16914.8135,17109.7106,0
19357,294.49,16914.8135,17109.7106,0
19361,294.53,16914.8135,17109.7106,0
19363,294.53,16914.8135,17109.7106,0
19364,294.57,16914.8135,17109.7106,0
19369,294.58,16914.8135,17109.7106,0
19375,294.64,16914.8135,17109.7106,0
19376,294.64,16914.8135,17109.7106,0
19384,294.66,16914.8135,17109.7106,0
19391,294.77,16914.8135,17109.7106,0
19394,294.78,16914.8135,17109.7106,0
19396,294.80,16914.8135,17109.7106,0
19397,294.80,16914.8135,17109.7106,0
19398,294.80,16914.8135,17109.7106,0
19399,294.81,16914.8135,17109.7106,0
19401,294.82,16914.8135,17109.7106,0
19402,294.82,16914.8135,17109.7106,0
19406,294.86,16914.8135,17109.7106,1
19407,294.94,16384.8388,17109.7106,0
19408,294.97,16402.1624,17109.7106,0
19409,295.06,16402.1624,17109.7106,0
19410,295.08,16405.3562,17109.7106,0
19411,295.12,16405.3562,17109.7106,0
19413,295.15,16405.3562,17109.7106,0
19415,295.18,16405.3562,17109.7106,0
19417,295.22,16405.3562,17109.7106,0
19419,295.22,16405.3562,17109.7106,0
19421,295.27,16405.3562,17109.7106,0
19423,295.29,16405.3562,17109.7106,0
19426,295.33,16405.3562,17109.7106,0
19428,295.37,16450.0513,17109.7106,0
19429,295.39,16450.0513,17109.7106,0
19430,295.41,16450.0513,17109.7106,0
19431,295.48,16487.1872,17109.7106,0
19432,295.51,16487.1872,17109.7106,0
19433,295.55,16487.1872,17109.7106,0
19434,295.59,16488.1408,17109.7106,0
19435,295.65,16488.1408,17109.7106,0
19436,295.70,16728.1292,17109.7106,0
19437,295.74,16728.1292,17109.7106,0
19438,295.84,16808.1460,17109.7106,0
19439,295.87,16808.1460,17109.7106,0
19441,295.91,16808.1460,17109.7106,0
19442,295.91,16808.1460,17109.7106,0
19445,295.95,16808.1460,17109.7106,0
19447,295.99,16808.1460,17109.7106,0
19448,296.02,16808.1460,17109.7106,0
19449,296.08,16808.1460,17109.7106,0
19453,296.13,16808.1460,17109.7106,0
19456,296.17,16808.1460,17109.7106,0
19460,296.21,16808.1460,17109.7106,0
19461,296.23,16808.1460,17109.7106,0
19462,296.25,16808.1460,17109.7106,0
19466,296.29,16808.1460,17109.7106,0
19467,296.29,16808.1460,17109.7106,0
19468,296.29,16808.1460,17109.7106,0
19470,296.29,16808.1460,17109.7106,0
19471,296.30,16808.1460,17109.7106,0
19472,296.31,16808.1460,17109.7106,0
19475,296.31,16808.1460,17109.7106,0
19478,296.36,16808.1460,17109.7106,0
19479,296.36,16808.1460,17109.7106,0
19485,296.47,16808.1460,17109.7106,0
19487,296.47,16808.1460,17109.7106,0
19491,296.51,16808.1460,17109.7106,0
19496,296.54,16808.1460,17109.7106,0
19500,296.58,16808.1460,17109.7106,0
19501,296.58,16808.1460,17109.7106,0
19503,296.59,16808.1460,17109.7106,0
19507,296.64,16808.1460,17109.7106,0
19510,296.67,16808.1460,17109.7106,0
19511,296.70,16809.0034,17109.7106,0
19512,296.77,16809.0034,17109.7106,0
19515,296.83,16809.0034,17109.7106,0
19518,296.88,16809.0034,17109.7106,0
19520,296.92,16809.0034,17109.7106,0
19523,296.96,16809.0034,17109.7106,0
19525,297.01,16809.0034,17109.7106,0
19526,297.01,16809.0034,17109.7106,0
19531,297.06,16809.0034,17109.7106,0
19534,297.07,16809.0034,17109.7106,0
19535,297.07,16809.0034,17109.7106,0
19536,297.07,16809.0034,17109.7106,0
19542,297.13,16809.0034,17109.7106,0
19543,297.16,16809.0034,17109.7106,0
19545,297.20,16809.0034,17109.7106,0
19549,297.24,16809.0034,17109.7106,0
19550,297.24,16809.0034,17109.7106,0
19552,297.27,16809.0034,17109.7106,0
19555,297.27,16809.0034,17109.7106,0
19558,297.31,16809.0034,17109.7106,0
19560,297.33,16809.0034,17109.7106,0
19562,297.35,16809.0034,17109.7106,0
19563,297.37,16809.0034,17109.7106,0
19565,297.44,16809.0034,17109.7106,0
19566,297.44,16809.0034,17109.7106,0
19568,297.47,16809.0034,17109.7106,0
19571,297.50,16809.0034,17109.7106,0
19572,297.53,16809.0034,17109.7106,0
19574,297.55,16809.0034,17109.7106,0
19575,297.55,16809.0034,17109.7106,0
19576,297.63,16809.0034,17109.7106,0
19579,297.65,16809.0034,17109.7106,0
19580,297.65,16809.0034,17109.7106,0
19582,297.68,16809.0034,17109.7106,0
19583,297.68,16809.0034,17109.7106,0
19586,297.72,16809.0034,17109.7106,0
19589,297.77,16809.0034,17109.7106,0
19590,297.77,16809.0034,17109.7106,0
19591,297.77,16809.0034,17109.7106,0
19593,297.79,16809.0034,17109.7106,0
19594,297.79,16809.0034,17109.7106,0
19598,297.82,16809.0034,17109.7106,0
19603,297.86,16809.0034,17109.7106,0
19607,297.91,16809.0034,17109.7106,0
19608,297.91,16809.0034,17109.7106,0
19609,297.94,16809.0034,17109.7106,0
19612,297.96,16809.0034,17109.7106,1
19614,298.12,16404.5920,17109.7106,0
19615,298.14,16404.5920,17109.7106,0
19616,298.17,16486.8223,17109.7106,0
19617,298.19,16486.8223,17109.7106,0
19618,298.23,16486.8223,17109.7106,0
19619,298.23,16486.8223,17109.7106,0
19620,298.26,16486.8223,17109.7106,0
19623,298.37,16486.8223,17109.7106,0
19624,298.41,16509.9402,17109.7106,0
19625,298.41,16509.9402,17109.7106,0
19626,298.43,16509.9402,17109.7106,0
19628,298.46,16509.9402,17109.7106,0
19629,298.47,16509.9402,17109.7106,0
19630,298.53,16583.6258,17109.7106,0
19633,298.56,16583.6258,17109.7106,0
19634,298.58,16583.6258,17109.7106,0
19636,298.65,16694.8458,17109.7106,0
19637,298.72,16694.8458,17109.7106,0
19638,298.74,16775.0363,17109.7106,0
19640,298.77,16775.0363,17109.7106,0
19641,298.78,16776.4225,17109.7106,0
19644,298.81,16776.4225,17109.7106,0
19648,298.93,16776.4225,17109.7106,0
19649,298.96,16776.4225,17109.7106,0
19651,299.01,16776.4225,17109.7106,0
19652,299.03,16776.7341,17109.7106,0
19654,299.10,16776.7341,17109.7106,0
19655,299.11,16776.7341,17109.7106,0
19656,299.16,16776.7341,17109.7106,0
19660,299.20,16776.7341,17109.7106,0
19663,299.32,16776.7341,17109.7106,0
19664,299.34,16776.7341,17109.7106,0
19665,299.34,16776.7341,17109.7106,0
19667,299.36,16776.7341,17109.7106,0
19673,299.40,16776.7341,17109.7106,0
19674,299.42,16776.7341,17109.7106,0
19676,299.44,16776.7341,17109.7106,0
19679,299.52,16776.7341,17109.7106,0
19680,299.55,16776.7341,17109.7106,0
19681,299.62,16776.7341,17109.7106,0
19685,299.63,16776.7341,17109.7106,0
19693,299.74,16776.7341,17109.7106,0
19694,299.79,16776.7341,17109.7106,0
19695,299.79,16776.7341,17109.7106,0
19696,299.79,16776.7341,17109.7106,0
19698,299.80,16776.7341,17109.7106,0
19699,299.80,16776.7341,17109.7106,0
19700,299.81,16776.7341,17109.7106,0
19702,299.83,16776.7341,17109.7106,0
19704,299.84,16776.7341,17109.7106,0
19708,299.88,16776.7341,17109.7106,0
19710,299.90,16776.7341,17109.7106,0
19711,299.90,16776.7341,17109.7106,0
19712,299.91,16776.7341,17109.7106,0
19714,299.91,16776.7341,17109.7106,0
19715,299.91,16776.7341,17109.7106,0
19717,299.94,16776.7341,17109.7106,0
19718,299.98,16779.7146,17109.7106,0
19719,300.03,16779.7146,17109.7106,0
19720,300.07,16779.7146,17109.7106,0
19723,300.13,16779.7146,17109.7106,0
19724,300.20,16779.7146,17109.7106,0
19725,300.21,16779.7146,17109.7106,0
19726,300.28,16779.7146,17109.7106,0
19727,300.28,16779.7146,17109.7106,0
19735,300.37,16779.7146,17109.7106,0
19736,300.41,16779.7146,17109.7106,0
19737,300.41,16779.7146,17109.7106,0
19738,300.43,16779.7146,17109.7106,0
19741,300.45,16779.7146,17109.7106,0
19742,300.45,16779.7146,17109.7106,0
19745,300.46,16779.7146,17109.7106,0
19748,300.48,16779.7146,17109.7106,0
19751,300.52,16779.7146,17109.7106,0
19752,300.52,16779.7146,17109.7106,0
19754,300.54,16779.7146,17109.7106,0
19755,300.55,16779.7146,17109.7106,0
19759,300.60,16779.7146,17109.7106,0
19760,300.60,16779.7146,17109.7106,0
19762,300.60,16779.7146,17109.7106,0
19764,300.62,16779.7146,17109.7106,0
19766,300.64,16779.7146,17109.7106,0
19767,300.64,16779.7146,17109.7106,0
19768,300.65,16779.7146,17109.7106,0
19770,300.67,16779.7146,17109.7106,0
19772,300.67,16779.7146,17109.7106,0
19775,300.68,16779.7146,17109.7106,0
19778,300.68,16779.7146,17109.7106,0
19780,300.71,16779.7146,17109.7106,0
19784,300.74,16779.7146,17109.7106,0
19786,300.76,16779.7146,17109.7106,0
19789,300.79,16779.7146,17109.7106,0
19790,300.81,16789.9321,17109.7106,0
19791,300.83,16789.9321,17109.7106,0
19793,300.87,16789.9321,17109.7106,0
19796,301.08,16789.9321,17109.7106,0
19797,301.10,16789.9321,17109.7106,0
19802,301.17,16789.9321,17109.7106,0
19804,301.24,16811.9658,17109.7106,0
19805,301.26,16811.9658,17109.7106,0
19807,301.28,16811.9658,17109.7106,0
19809,301.33,16811.9658,17109.7106,0
19813,301.43,16811.9658,17109.7106,0
19814,301.45,16811.9658,17109.7106,0
19815,301.48,16811.9658,17109.7106,0
19816,301.50,16811.9658,17109.7106,0
19817,301.50,16811.9658,17109.7106,0
19818,301.56,16811.9658,17109.7106,0
19819,301.59,16811.9658,17109.7106,0
19822,301.62,16811.9658,17109.7106,0
19824,301.63,16811.9658,17109.7106,0
19825,301.63,16811.9658,17109.7106,0
19829,301.66,16811.9658,17109.7106,0
19835,301.69,16811.9658,17109.7106,0
19836,301.69,16811.9658,17109.7106,0
19839,301.77,16811.9658,17109.7106,0
19843,301.80,16811.9658,17109.7106,0
19846,301.85,16811.9658,17109.7106,0
19847,301.89,16811.9658,17109.7106,0
19848,301.89,16811.9658,17109.7106,0
19849,301.89,16811.9658,17109.7106,0
19851,301.96,16811.9658,17109.7106,0
19854,302.04,16811.9658,17109.7106,0
19857,302.06,16811.9658,17109.7106,0
19859,302.08,16811.9658,17109.7106,0
19862,302.12,16811.9658,17109.7106,0
19863,302.12,16811.9658,17109.7106,0
19866,302.17,16811.9658,17109.7106,0
19870,302.24,16811.9658,17109.7106,0
19871,302.24,16811.9658,17109.7106,0
19873,302.24,16811.9658,17109.7106,0
19874,302.25,16811.9658,17109.7106,0
19875,302.27,16811.9658,17109.7106,0
19877,302.32,16811.9658,17109.7106,0
19878,302.32,16811.9658,17109.7106,0
19879,302.33,16811.9658,17109.7106,0
19881,302.34,16811.9658,17109.7106,0
19884,302.38,16811.9658,17109.7106,0
19887,302.40,16811.9658,17109.7106,0
19888,302.40,16811.9658,17109.7106,0
19891,302.41,16811.9658,17109.7106,0
19893,302.45,16811.9658,17109.7106,0
19895,302.45,16811.9658,17109.7106,0
19898,302.47,16811.9658,17109.7106,0
19904,302.52,16811.9658,17109.7106,0
19905,302.52,16811.9658,17109.7106,1
19906,302.55,15398.1341,17109.7106,0
19907,302.57,15398.1341,17109.7106,0
19908,302.61,15398.1341,17109.7106,0
19909,302.62,15629.7546,17109.7106,0
19910,302.68,15629.7546,17109.7106,0
19911,302.77,15629.7546,17109.7106,0
19913,302.82,15629.7546,17109.7106,0
19914,302.84,15661.6898,17109.7106,0
19915,302.85,15661.6898,17109.7106,0
19916,302.86,15661.6898,17109.7106,0
19917,302.87,15778.6481,17109.7106,0
19918,302.89,15778.6481,17109.7106,0
19919,302.91,15778.6481,17109.7106,0
19920,302.91,15778.6481,17109.7106,0
19921,302.93,15778.6481,17109.7106,0
19922,302.95,15778.6481,17109.7106,0
19923,302.96,15778.6481,17109.7106,0
19924,302.98,15861.5573,17109.7106,0
19926,303.00,15861.5573,17109.7106,0
19927,303.02,15861.5573,17109.7106,0
19928,303.04,15861.5573,17109.7106,0
19929,303.05,15861.5573,17109.7106,0
19930,303.07,15861.5573,17109.7106,0
19931,303.09,15879.3352,17109.7106,0
19932,303.12,15879.3352,17109.7106,0
19933,303.14,16000.1603,17109.7106,0
19934,303.15,16000.1603,17109.7106,0
19935,303.19,16000.1603,17109.7106,0
19936,303.21,16001.7677,17109.7106,0
19941,303.37,16001.7677,17109.7106,0
19942,303.37,16001.7677,17109.7106,0
19946,303.39,16019.3998,17109.7106,0
19947,303.41,16019.3998,17109.7106,0
19948,303.43,16019.3998,17109.7106,0
19950,303.47,16019.3998,17109.7106,0
19951,303.47,16019.3998,17109.7106,0
19952,303.49,16020.3442,17109.7106,0
19953,303.51,16020.3442,17109.7106,0
19954,303.53,16022.4613,17109.7106,0
19955,303.55,16040.3901,17109.7106,0
19957,303.57,16040.3901,17109.7106,0
19958,303.61,16157.3032,17109.7106,0
19959,303.64,16157.3032,17109.7106,0
19960,303.66,16157.3032,17109.7106,0
19965,303.74,16157.3032,17109.7106,0
19966,303.74,16157.3032,17109.7106,0
19967,303.76,16157.3032,17109.7106,0
19969,303.82,16157.3032,17109.7106,0
19971,303.82,16157.3032,17109.7106,0
19973,303.91,16157.3032,17109.7106,0
19974,303.93,16180.9707,17109.7106,0
19977,304.03,16180.9707,17109.7106,0
19978,304.05,16180.9707,17109.7106,0
19979,304.05,16180.9707,17109.7106,0
19982,304.13,16180.9707,17109.7106,0
19985,304.16,16180.9707,17109.7106,0
19987,304.18,16180.9707,17109.7106,0
19993,304.22,16180.9707,17109.7106,0
19994,304.24,16180.9707,17109.7106,0
19995,304.27,16180.9707,17109.7106,0
19996,304.29,16180.9707,17109.7106,0
19998,304.31,16180.9707,17109.7106,0
20000,304.34,16180.9707,17109.7106,0
20001,304.37,16180.9707,17109.7106,0
20002,304.37,16180.9707,17109.7106,0
20003,304.37,16180.9707,17109.7106,0
20004,304.37,16180.9707,17109.7106,0
20005,304.39,16180.9707,17109.7106,0
20006,304.39,16180.9707,17109.7106,0
20007,304.41,16180.9707,17109.7106,0
20008,304.42,16180.9707,17109.7106,0
20010,304.42,16180.9707,17109.7106,0
20012,304.43,16180.9707,17109.7106,0
20014,304.45,16200.7069,17109.7106,0
20015,304.47,16200.7069,17109.7106,0
20017,304.54,16200.7069,17109.7106,0
20018,304.56,16200.7069,17109.7106,0
20025,304.67,16200.7069,17109.7106,0
20026,304.68,16200.7069,17109.7106,0
20030,304.68,16200.7069,17109.7106,0
20033,304.68,16200.7069,17109.7106,0
20037,304.68,16200.7069,17109.7106,0
20038,304.68,16200.7069,17109.7106,0
20041,304.69,16200.7069,17109.7106,0
20050,304.71,16200.7069,17109.7106,0
20052,304.74,16200.7069,17109.7106,0
20054,304.74,16200.7069,17109.7106,0
20057,304.75,16200.7069,17109.7106,0
20058,304.78,16200.7069,17109.7106,0
20061,304.79,16200.7069,17109.7106,0
20062,304.79,16200.7069,17109.7106,0
20063,304.80,16200.7069,17109.7106,0
20065,304.80,16200.7069,17109.7106,0
20066,304.80,16200.7069,17109.7106,0
20068,304.81,16200.7069,17109.7106,0
20069,304.83,16200.7069,17109.7106,0
20070,304.85,16200.7069,17109.7106,0
20075,304.89,16200.7069,17109.7106,0
20076,304.89,16200.7069,17109.7106,0
20078,304.90,16200.7069,17109.7106,0
20079,304.90,16200.7069,17109.7106,0
20080,304.90,16200.7069,17109.7106,0
20081,304.90,16200.7069,17109.7106,0
20084,304.90,16200.7069,17109.7106,0
20086,304.91,16200.7069,17109.7106,0
20087,304.93,16200.7069,17109.7106,0
20088,304.93,16200.7069,17109.7106,0
20094,304.96,16200.7069,17109.7106,0
20096,304.96,16200.7069,17109.7106,0
20101,304.98,16200.7069,17109.7106,0
20102,304.99,16200.7069,17109.7106,0
20104,305.00,16200.7069,17109.7106,0
20108,305.00,16200.7069,17109.7106,0
20109,305.00,16200.7069,17109.7106,0
20111,305.01,16200.7069,17109.7106,0
20113,305.02,16200.7069,17109.7106,0
20115,305.04,16200.7069,17109.7106,1
20116,305.07,15836.7988,17109.7106,0
20117,305.10,15953.7570,17109.7106,0
20118,305.13,15967.0562,17109.7106,0
20119,305.15,15967.0562,17109.7106,0
20121,305.17,15967.0562,17109.7106,0
20123,305.28,15967.0562,17109.7106,0
20125,305.28,15967.0562,17109.7106,0
20126,305.28,15967.0562,17109.7106,0
20127,305.39,16000.4317,17109.7106,0
20129,305.41,16000.4317,17109.7106,0
20131,305.49,16000.4317,17109.7106,0
20132,305.52,16000.4317,17109.7106,0
20133,305.52,16000.4317,17109.7106,0
20135,305.59,16000.4317,17109.7106,0
20136,305.62,16000.4317,17109.7106,0
20140,305.67,16000.4317,17109.7106,0
20145,305.78,16000.4317,17109.7106,0
20146,305.80,16006.8996,17109.7106,0
20149,305.94,16006.8996,17109.7106,0
20151,305.98,16006.8996,17109.7106,0
20153,305.98,16006.8996,17109.7106,0
20158,306.02,16033.8709,17109.7106,0
20159,306.13,16033.8709,17109.7106,0
20160,306.14,16033.8709,17109.7106,0
20163,306.21,16033.8709,17109.7106,0
20165,306.22,16033.8709,17109.7106,0
20167,306.25,16033.8709,17109.7106,0
20170,306.32,16033.8709,17109.7106,0
20171,306.34,16033.8709,17109.7106,0
20176,306.45,16249.6179,17109.7106,0
20177,306.47,16249.6179,17109.7106,0
20178,306.53,16249.6179,17109.7106,0
20180,306.60,16266.3114,17109.7106,0
20182,306.65,16266.3114,17109.7106,0
20183,306.67,16266.3114,17109.7106,0
20185,306.80,16266.3114,17109.7106,0
20187,306.80,16266.3114,17109.7106,0
20188,306.80,16266.3114,17109.7106,0
20189,306.88,16266.3114,17109.7106,0
20190,306.89,16266.3114,17109.7106,0
20191,306.93,16266.3114,17109.7106,0
20195,306.96,16266.3114,17109.7106,0
20196,307.00,16266.3114,17109.7106,0
20197,307.00,16266.3114,17109.7106,0
20198,307.00,16266.3114,17109.7106,0
20200,307.00,16266.3114,17109.7106,0
20202,307.04,16266.3114,17109.7106,0
20204,307.04,16266.3114,17109.7106,0
20205,307.05,16266.3114,17109.7106,0
20206,307.05,16266.3114,17109.7106,0
20211,307.09,16266.3114,17109.7106,0
20212,307.10,16266.3114,17109.7106,0
20214,307.11,16266.3114,17109.7106,0
20215,307.11,16266.3114,17109.7106,0
20216,307.16,16266.3114,17109.7106,0
20223,307.18,16266.3114,17109.7106,0
20229,307.21,16266.3114,17109.7106,0
20231,307.29,16279.9605,17109.7106,0
20232,307.33,16279.9605,17109.7106,0
20234,307.38,16279.9605,17109.7106,0
20240,307.56,16279.9605,17109.7106,0
20243,307.65,16279.9605,17109.7106,0
20246,307.71,16279.9605,17109.7106,0
20248,307.75,16279.9605,17109.7106,0
20249,307.81,16279.9605,17109.7106,0
20251,307.84,16279.9605,17109.7106,0
20255,307.94,16279.9605,17109.7106,0
20265,308.02,16279.9605,17109.7106,0
20267,308.02,16279.9605,17109.7106,0
20271,308.08,16313.9164,17109.7106,0
20283,308.42,16313.9164,17109.7106,0
20288,308.55,16313.9164,17109.7106,0
20290,308.55,16313.9164,17109.7106,0
20297,308.72,16313.9164,17109.7106,0
20301,308.84,16313.9164,17109.7106,0
20313,309.04,16313.9164,17109.7106,0
20334,309.19,16313.9164,17109.7106,0
20338,309.19,16313.9164,17109.7106,0
20342,309.23,16313.9164,17109.7106,0
20344,309.23,16313.9164,17109.7106,0
20345,309.30,16313.9164,17109.7106,0
20347,309.31,16313.9164,17109.7106,0
20349,309.32,16313.9164,17109.7106,0
20353,309.32,16313.9164,17109.7106,0
20356,309.34,16313.9164,17109.7106,0
20358,309.35,16313.9164,17109.7106,0
20364,309.35,16313.9164,17109.7106,0
20371,309.36,16313.9164,17109.7106,0
20372,309.36,16313.9164,17109.7106,1
20373,309.39,14928.1300,17109.7106,0
20374,309.40,15027.4656,17109.7106,0
20375,309.42,15027.4656,17109.7106,0
20376,309.43,15027.4656,17109.7106,0
20377,309.45,15150.0398,17109.7106,0
20379,309.46,15150.0398,17109.7106,0
20380,309.48,15150.0398,17109.7106,0
20381,309.50,15153.1236,17109.7106,0
20382,309.51,15205.7935,17109.7106,0
20383,309.53,15509.5593,17109.7106,0
20384,309.55,15509.5593,17109.7106,0
20385,309.56,15535.7810,17109.7106,0
20386,309.58,15535.7810,17109.7106,0
20387,309.60,15535.7810,17109.7106,0
20388,309.61,15563.4259,17109.7106,0
20389,309.63,15563.4259,17109.7106,0
20390,309.64,15563.4259,17109.7106,0
20392,309.66,15796.2730,17109.7106,0
20393,309.68,15796.2730,17109.7106,0
20394,309.69,15796.2730,17109.7106,0
20395,309.71,15796.2730,17109.7106,0
20396,309.73,15796.2730,17109.7106,0
20397,309.74,15812.2340,17109.7106,0
20398,309.76,15851.1177,17109.7106,0
20399,309.78,15962.0523,17109.7106,0
20400,309.79,15962.0523,17109.7106,0
20401,309.81,15962.0523,17109.7106,0
20403,309.83,16095.3873,17109.7106,0
20404,309.85,16204.9237,17109.7106,0
20405,309.86,16551.4844,17109.7106,0
20406,309.89,16745.8844,17109.7106,0
20409,309.93,16745.8844,17109.7106,0
20410,309.95,16753.3401,17109.7106,0
20411,309.97,16753.3401,17109.7106,0
20412,309.99,16753.3401,17109.7106,0
20415,310.06,16753.3401,17109.7106,0
20416,310.06,16753.3401,17109.7106,0
20417,310.06,16753.3401,17109.7106,0
20418,310.06,16753.3401,17109.7106,0
20421,310.08,16753.3401,17109.7106,0
20424,310.15,16753.3401,17109.7106,0
20426,310.17,16753.3401,17109.7106,0
20428,310.17,16753.3401,17109.7106,0
20429,310.21,16753.3401,17109.7106,0
20436,310.29,16753.3401,17109.7106,0
20439,310.31,16753.3401,17109.7106,0
20442,310.33,16753.3401,17109.7106,0
20444,310.33,16753.3401,17109.7106,0
20447,310.37,16753.3401,17109.7106,0
20448,310.38,16753.3401,17109.7106,0
20449,310.38,16753.3401,17109.7106,0
20453,310.40,16753.3401,17109.7106,0
20455,310.44,16753.3401,17109.7106,0
20457,310.51,16753.3401,17109.7106,0
20461,310.54,16753.3401,17109.7106,0
20466,310.58,16753.3401,17109.7106,0
20467,310.59,16753.3401,17109.7106,0
20468,310.61,16753.3401,17109.7106,0
20469,310.61,16753.3401,17109.7106,0
20471,310.63,16753.3401,17109.7106,0
20472,310.63,16753.3401,17109.7106,0
20474,310.63,16753.3401,17109.7106,0
20475,310.63,16753.3401,17109.7106,0
20477,310.63,16753.3401,17109.7106,0
20479,310.64,16753.3401,17109.7106,0
20480,310.64,16753.3401,17109.7106,0
20482,310.66,16753.3401,17109.7106,0
20483,310.66,16753.3401,17109.7106,0
20486,310.68,16753.3401,17109.7106,0
20487,310.68,16753.3401,17109.7106,0
20488,310.68,16753.3401,17109.7106,0
20490,310.70,16753.3401,17109.7106,0
20491,310.71,16753.3401,17109.7106,0
20493,310.71,16753.3401,17109.7106,0
20496,310.71,16753.3401,17109.7106,0
20497,310.72,16753.3401,17109.7106,0
20498,310.72,16753.3401,17109.7106,0
20499,310.72,16753.3401,17109.7106,0
20502,310.74,16753.3401,17109.7106,0
20504,310.74,16753.3401,17109.7106,0
20506,310.77,16753.3401,17109.7106,0
20507,310.77,16753.3401,17109.7106,0
20508,310.79,16753.3401,17109.7106,0
20511,310.79,16753.3401,17109.7106,1
20514,310.83,15192.9224,17109.7106,0
20517,310.85,15192.9224,17109.7106,0
20518,310.87,15192.9224,17109.7106,0
20519,310.89,15248.8679,17109.7106,0
20520,310.91,15488.8214,17109.7106,0
20523,310.93,15617.6153,17109.7106,0
20526,310.95,15820.6051,17109.7106,0
20528,310.97,15820.6051,17109.7106,0
20529,311.00,16010.1774,17109.7106,0
20530,311.02,16010.1774,17109.7106,0
20531,311.02,16010.1774,17109.7106,0
20533,311.04,16010.1774,17109.7106,0
20535,311.06,16097.9200,17109.7106,0
20536,311.09,16146.7517,17109.7106,0
20537,311.11,16146.7517,17109.7106,0
20540,311.15,16146.7517,17109.7106,0
20543,311.17,16146.7517,17109.7106,0
20544,311.17,16146.7517,17109.7106,0
20545,311.18,16146.7517,17109.7106,0
20546,311.19,16146.7517,17109.7106,0
20550,311.24,16146.7517,17109.7106,0
20553,311.25,16146.7517,17109.7106,0
20563,311.40,16146.7517,17109.7106,0
20565,311.42,16146.7517,17109.7106,0
20571,311.46,16146.7517,17109.7106,0
20573,311.52,16146.7517,17109.7106,0
20576,311.54,16146.7517,17109.7106,0
20580,311.56,16146.7517,17109.7106,0
20583,311.60,16146.7517,17109.7106,0
20584,311.60,16146.7517,17109.7106,0
20586,311.61,16146.7517,17109.7106,0
20587,311.61,16146.7517,17109.7106,0
20590,311.61,16146.7517,17109.7106,0
20594,311.64,16146.7517,17109.7106,0
20599,311.64,16146.7517,17109.7106,0
20600,311.65,16146.7517,17109.7106,0
20602,311.65,16146.7517,17109.7106,0
20609,311.71,16146.7517,17109.7106,0
20610,311.72,16146.7517,17109.7106,0
20613,311.72,16146.7517,17109.7106,0
20614,311.73,16146.7517,17109.7106,0
20621,311.75,16161.3595,17109.7106,0
20625,311.81,16161.3595,17109.7106,0
20627,311.85,16166.8381,17109.7106,0
20630,311.92,16166.8381,17109.7106,0
20631,311.92,16166.8381,17109.7106,0
20639,312.00,16166.8381,17109.7106,0
20640,312.00,16166.8381,17109.7106,0
20641,312.00,16166.8381,17109.7106,0
20643,312.06,16166.8381,17109.7106,0
20645,312.06,16166.8381,17109.7106,0
20647,312.07,16166.8381,17109.7106,0
20650,312.09,16166.8381,17109.7106,0
20652,312.11,16166.8381,17109.7106,0
20653,312.13,16166.8381,17109.7106,0
20657,312.17,16166.8381,17109.7106,0
20658,312.17,16166.8381,17109.7106,0
20661,312.20,16166.8381,17109.7106,0
20662,312.20,16166.8381,17109.7106,0
20672,312.30,16166.8381,17109.7106,0
20676,312.33,16166.8381,17109.7106,0
20678,312.35,16166.8381,17109.7106,0
20679,312.35,16166.8381,17109.7106,0
20687,312.42,16166.8381,17109.7106,0
20688,312.43,16166.8381,17109.7106,0
20689,312.43,16166.8381,17109.7106,0
20691,312.43,16166.8381,17109.7106,0
20693,312.45,16166.8381,17109.7106,0
20698,312.45,16166.8381,17109.7106,0
20702,312.49,16166.8381,17109.7106,0
20703,312.49,16166.8381,17109.7106,0
20707,312.51,16166.8381,17109.7106,0
20709,312.53,16166.8381,17109.7106,0
20710,312.55,16166.8381,17109.7106,0
20712,312.55,16166.8381,17109.7106,0
20713,312.55,16166.8381,17109.7106,0
20714,312.55,16166.8381,17109.7106,0
20715,312.57,16166.8381,17109.7106,0
20716,312.57,16166.8381,17109.7106,0
20723,312.57,16166.8381,17109.7106,0
20726,312.58,16166.8381,17109.7106,0
20728,312.58,16166.8381,17109.7106,1
20729,312.61,14634.4830,17109.7106,0
20731,312.63,14806.6510,17109.7106,0
20732,312.65,14953.7125,17109.7106,0
20733,312.66,14953.7125,17109.7106,0
20735,312.69,15027.9045,17109.7106,0
20739,312.71,15027.9045,17109.7106,0
20740,312.75,15060.5106,17109.7106,0
20741,312.79,15285.8068,17109.7106,0
20745,312.86,15350.3071,17109.7106,0
20746,312.91,15350.3071,17109.7106,0
20749,312.93,15350.3071,17109.7106,0
20750,312.95,15350.3071,17109.7106,0
20751,312.95,15350.3071,17109.7106,0
20753,312.95,15350.3071,17109.7106,0
20754,312.98,15495.6764,17109.7106,0
20756,313.02,15495.6764,17109.7106,0
20758,313.06,15495.6764,17109.7106,0
20759,313.08,15495.6764,17109.7106,0
20760,313.11,15564.1350,17109.7106,0
20765,313.23,15564.1350,17109.7106,0
20767,313.26,15564.1350,17109.7106,0
20768,313.26,15564.1350,17109.7106,0
20770,313.30,15567.6875,17109.7106,0
20771,313.32,15757.0489,17109.7106,0
20772,313.34,15757.0489,17109.7106,0
20774,313.37,15757.0489,17109.7106,0
20775,313.39,15757.0489,17109.7106,0
20778,313.43,15757.0489,17109.7106,0
20779,313.46,15757.0489,17109.7106,0
20788,313.60,15757.0489,17109.7106,0
20789,313.62,15791.4647,17109.7106,0
20790,313.64,15791.4647,17109.7106,0
20791,313.69,15791.4647,17109.7106,0
20792,313.71,15791.4647,17109.7106,0
20793,313.73,15791.4647,17109.7106,0
20794,313.73,15791.4647,17109.7106,0
20795,313.75,15791.4647,17109.7106,0
20796,313.78,15853.3689,17109.7106,0
20799,313.82,15853.3689,17109.7106,0
20800,313.85,15853.3689,17109.7106,0
20803,313.88,15853.3689,17109.7106,0
20805,313.92,15853.3689,17109.7106,0
20806,313.92,15853.3689,17109.7106,0
20808,313.95,15853.7710,17109.7106,0
20809,313.97,15853.7710,17109.7106,0
20810,313.99,15952.3954,17109.7106,0
20811,314.01,15952.3954,17109.7106,0
20814,314.03,15952.3954,17109.7106,0
20816,314.05,15952.3954,17109.7106,0
20819,314.11,16006.0389,17109.7106,0
20820,314.13,16006.0389,17109.7106,0
20823,314.17,16006.0389,17109.7106,0
20831,314.25,16006.0389,17109.7106,0
20834,314.29,16006.0389,17109.7106,0
20839,314.37,16006.0389,17109.7106,0
20842,314.41,16006.0389,17109.7106,0
20844,314.46,16006.0389,17109.7106,0
20850,314.52,16006.0389,17109.7106,0
20851,314.53,16006.0389,17109.7106,0
20857,314.59,16006.0389,17109.7106,0
20863,314.67,16006.0389,17109.7106,0
20864,314.67,16006.0389,17109.7106,0
20865,314.68,16006.0389,17109.7106,0
20866,314.74,16006.0389,17109.7106,0
20868,314.74,16006.0389,17109.7106,0
20869,314.78,16006.0389,17109.7106,0
20870,314.80,16006.0389,17109.7106,0
20874,314.86,16006.0389,17109.7106,0
20875,314.87,16006.0389,17109.7106,0
20881,314.91,16006.0389,17109.7106,0
20882,314.91,16006.0389,17109.7106,0
20885,314.91,16006.0389,17109.7106,0
20886,314.93,16007.2365,17109.7106,0
20887,314.95,16007.2365,17109.7106,0
20888,314.97,16007.2365,17109.7106,0
20889,314.97,16007.2365,17109.7106,0
20890,314.97,16007.2365,17109.7106,0
20891,314.99,16007.2365,17109.7106,0
20897,315.06,16007.2365,17109.7106,0
20901,315.11,16007.2365,17109.7106,0
20904,315.15,16007.2365,17109.7106,0
20905,315.15,16007.2365,17109.7106,0
20906,315.17,16007.2365,17109.7106,0
20909,315.20,16007.2365,17109.7106,0
20913,315.24,16007.2365,17109.7106,0
20914,315.26,16007.2365,17109.7106,0
20916,315.30,16007.2365,17109.7106,0
20920,315.41,16007.2365,17109.7106,0
20926,315.50,16007.2365,17109.7106,0
20927,315.50,16007.2365,17109.7106,0
20929,315.52,16007.2365,17109.7106,0
20930,315.52,16007.2365,17109.7106,0
20934,315.56,16007.2365,17109.7106,0
20935,315.57,16007.2365,17109.7106,0
20936,315.59,16007.2365,17109.7106,0
20940,315.65,16007.2365,17109.7106,0
20942,315.65,16007.2365,17109.7106,0
20943,315.65,16007.2365,17109.7106,0
20945,315.65,16007.2365,17109.7106,0
20947,315.67,16007.2365,17109.7106,0
20953,315.73,16007.2365,17109.7106,0
20957,315.73,16007.2365,17109.7106,0
20961,315.77,16007.2365,17109.7106,0
20962,315.78,16007.2365,17109.7106,0
20963,315.78,16007.2365,17109.7106,0
20965,315.78,16007.2365,17109.7106,0
20966,315.78,16007.2365,17109.7106,0
20968,315.78,16007.2365,17109.7106,0
20970,315.78,16007.2365,17109.7106,0
20971,315.79,16007.2365,17109.7106,0
20972,315.81,16007.2365,17109.7106,0
20973,315.81,16007.2365,17109.7106,0
20976,315.85,16007.2365,17109.7106,0
20978,315.87,16007.2365,17109.7106,0
20979,315.87,16007.2365,17109.7106,0
20980,315.87,16007.2365,17109.7106,0
20984,315.90,16007.2365,17109.7106,0
20985,315.90,16007.2365,17109.7106,0
20986,315.90,16007.2365,17109.7106,0
20987,315.90,16007.2365,17109.7106,1
20988,315.93,13886.8779,17109.7106,0
20989,315.95,13886.8779,17109.7106,0
20990,315.98,14017.4496,17109.7106,0
20991,315.99,14017.4496,17109.7106,0
20992,316.01,14017.8639,17109.7106,0
20994,316.03,14017.8639,17109.7106,0
20997,316.09,14017.8639,17109.7106,0
20999,316.16,14017.8639,17109.7106,0
21001,316.21,14017.8639,17109.7106,0
21002,316.24,14122.6176,17109.7106,0
21003,316.26,14122.6176,17109.7106,0
21004,316.29,14233.2985,17109.7106,0
21005,316.31,14233.2985,17109.7106,0
21006,316.32,14233.2985,17109.7106,0
21010,316.37,14233.2985,17109.7106,0
21011,316.40,14233.2985,17109.7106,0
21015,316.42,14233.2985,17109.7106,0
21020,316.48,14233.2985,17109.7106,0
21022,316.51,14233.2985,17109.7106,0
21023,316.53,14233.2985,17109.7106,0
21026,316.53,14233.2985,17109.7106,0
21029,316.58,14233.2985,17109.7106,0
21033,316.62,14233.2985,17109.7106,0
21034,316.62,14233.2985,17109.7106,0
21037,316.66,14343.5159,17109.7106,0
21038,316.67,14412.2149,17109.7106,0
21039,316.69,14412.2149,17109.7106,0
21040,316.69,14412.2149,17109.7106,0
21041,316.73,14412.2149,17109.7106,0
21043,316.75,14412.2149,17109.7106,0
21045,316.76,14412.2149,17109.7106,0
21047,316.76,14412.2149,17109.7106,0
21050,316.81,14412.6804,17109.7106,0
21053,316.83,14412.6804,17109.7106,0
21055,316.86,14455.4170,17109.7106,0
21057,316.88,14455.4170,17109.7106,0
21058,316.90,14455.4170,17109.7106,0
21059,316.92,14455.4170,17109.7106,0
21062,316.92,14455.4170,17109.7106,0
21064,316.96,14455.4170,17109.7106,0
21065,316.96,14455.4170,17109.7106,0
21066,316.99,14455.4170,17109.7106,0
21067,316.99,14455.4170,17109.7106,0
21072,317.05,14455.4170,17109.7106,0
21075,317.09,14455.4170,17109.7106,0
21079,317.13,14455.4170,17109.7106,0
21080,317.15,14460.1793,17109.7106,0
21081,317.16,14460.1793,17109.7106,0
21082,317.18,14460.1793,17109.7106,0
21085,317.25,14460.1793,17109.7106,0
21087,317.27,14460.1793,17109.7106,0
21089,317.31,14460.1793,17109.7106,0
21090,317.31,14460.1793,17109.7106,0
21092,317.34,14460.1793,17109.7106,0
21093,317.34,14460.1793,17109.7106,0
21096,317.38,14460.1793,17109.7106,0
21097,317.38,14460.1793,17109.7106,0
21098,317.38,14460.1793,17109.7106,0
21100,317.40,14460.1793,17109.7106,0
21102,317.42,14460.1793,17109.7106,0
21103,317.42,14460.1793,17109.7106,0
21104,317.42,14460.1793,17109.7106,0
21106,317.43,14460.1793,17109.7106,0
21108,317.43,14460.1793,17109.7106,0
21111,317.43,14460.1793,17109.7106,0
21113,317.45,14460.1793,17109.7106,0
21116,317.49,14460.1793,17109.7106,0
21117,317.49,14460.1793,17109.7106,0
21118,317.49,14460.1793,17109.7106,0
21119,317.51,14460.1793,17109.7106,0
21120,317.51,14460.1793,17109.7106,0
21122,317.54,14460.1793,17109.7106,0
21124,317.54,14460.1793,17109.7106,0
21126,317.58,14460.1793,17109.7106,0
21127,317.61,14460.1793,17109.7106,0
21130,317.63,14460.1793,17109.7106,0
21132,317.65,14460.1793,17109.7106,0
21133,317.65,14460.1793,17109.7106,0
21136,317.65,14460.1793,17109.7106,0
21138,317.66,14460.1793,17109.7106,0
21139,317.66,14460.1793,17109.7106,0
21140,317.68,14460.1793,17109.7106,0
21141,317.68,14460.1793,17109.7106,0
21145,317.74,14460.1793,17109.7106,0
21146,317.74,14460.1793,17109.7106,0
21147,317.74,14460.1793,17109.7106,0
21149,317.74,14460.1793,17109.7106,0
21154,317.78,14468.3299,17109.7106,0
21155,317.81,14663.1163,17109.7106,0
21156,317.82,14663.1163,17109.7106,0
21158,317.83,14663.1163,17109.7106,0
21160,317.84,14663.1163,17109.7106,0
21161,317.86,14663.1163,17109.7106,0
21162,317.89,14663.1163,17109.7106,0
21164,317.92,14663.1163,17109.7106,0
21166,317.94,14663.1163,17109.7106,0
21170,318.04,14663.1163,17109.7106,0
21173,318.09,14663.1163,17109.7106,0
21174,318.10,14663.1163,17109.7106,0
21176,318.12,14663.1163,17109.7106,0
21179,318.21,14663.1163,17109.7106,0
21182,318.22,14663.1163,17109.7106,0
21184,318.22,14663.1163,17109.7106,0
21186,318.22,14663.1163,17109.7106,0
21191,318.26,14663.1163,17109.7106,0
21193,318.28,14663.1163,17109.7106,0
21194,318.28,14663.1163,17109.7106,0
21195,318.28,14663.1163,17109.7106,0
21198,318.30,14663.1163,17109.7106,0
21201,318.32,14663.1163,17109.7106,0
21202,318.32,14663.1163,17109.7106,0
21205,318.33,14663.1163,17109.7106,0
21207,318.33,14663.1163,17109.7106,0
21208,318.33,14663.1163,17109.7106,0
21210,318.33,14663.1163,17109.7106,0
21214,318.37,14663.1163,17109.7106,0
21215,318.37,14663.1163,17109.7106,0
21223,318.40,14663.1163,17109.7106,0
21225,318.41,14663.1163,17109.7106,0
21226,318.42,14663.1163,17109.7106,0
21230,318.44,14663.1163,17109.7106,0
21231,318.45,14663.1163,17109.7106,0
21233,318.45,14663.1163,17109.7106,0
21234,318.45,14663.1163,17109.7106,0
21235,318.45,14663.1163,17109.7106,0
21236,318.45,14663.1163,17109.7106,0
21237,318.45,14663.1163,17109.7106,0
21238,318.45,14663.1163,17109.7106,0
21239,318.45,14663.1163,17109.7106,0
21240,318.45,14663.1163,17109.7106,0
21241,318.45,14663.1163,17109.7106,0
21244,318.47,14663.1163,17109.7106,0
21245,318.49,14663.1163,17109.7106,0
21246,318.50,14663.1163,17109.7106,0
21247,318.50,14663.1163,17109.7106,0
21248,318.50,14663.1163,17109.7106,0
21251,318.50,14663.1163,17109.7106,0
21252,318.50,14663.1163,17109.7106,0
21256,318.54,14663.1163,17109.7106,1
21257,318.57,13139.5813,17109.7106,0
21258,318.58,13139.5813,17109.7106,0
21259,318.60,13139.5813,17109.7106,0
21260,318.61,13139.5813,17109.7106,0
21261,318.63,13139.5813,17109.7106,0
21262,318.64,13139.5813,17109.7106,0
21263,318.66,13139.5813,17109.7106,0
21264,318.67,13139.5813,17109.7106,0
21265,318.68,13139.5813,17109.7106,0
21266,318.70,13150.7609,17109.7106,0
21268,318.73,13160.4417,17109.7106,0
21269,318.74,13179.5591,17109.7106,0
21270,318.82,13360.6025,17109.7106,0
21273,318.87,13360.6025,17109.7106,0
21274,318.91,13362.3035,17109.7106,0
21275,318.96,13362.3035,17109.7106,0
21277,318.99,13362.3035,17109.7106,0
21278,319.01,13389.4512,17109.7106,0
21279,319.06,13584.4857,17109.7106,0
21281,319.12,13692.5269,17109.7106,0
21286,319.24,13692.5269,17109.7106,0
21288,319.31,13692.5269,17109.7106,0
21289,319.34,13709.8729,17109.7106,0
21290,319.37,13765.6410,17109.7106,0
21292,319.41,13765.6410,17109.7106,0
21295,319.41,13765.6410,17109.7106,0
21297,319.51,13824.0071,17109.7106,0
21298,319.53,13824.0071,17109.7106,0
21299,319.61,13824.0071,17109.7106,0
21300,319.63,13824.0071,17109.7106,0
21301,319.66,13884.8772,17109.7106,0
21303,319.75,13884.8772,17109.7106,0
21305,319.82,13884.8772,17109.7106,0
21310,319.93,13885.8623,17109.7106,0
21312,319.95,13885.8623,17109.7106,0
21317,320.02,13885.8623,17109.7106,0
21318,320.06,13885.8623,17109.7106,0
21321,320.12,13885.8623,17109.7106,0
21324,320.21,13885.8623,17109.7106,0
21326,320.23,13885.8623,17109.7106,0
21328,320.25,13885.8623,17109.7106,0
21329,320.25,13885.8623,17109.7106,0
21333,320.25,13885.8623,17109.7106,0
21334,320.25,13885.8623,17109.7106,0
21336,320.36,13946.5442,17109.7106,0
21337,320.38,13946.5442,17109.7106,0
21341,320.43,13946.5442,17109.7106,0
21343,320.45,13946.5442,17109.7106,0
21346,320.51,13946.5442,17109.7106,0
21351,320.52,13946.5442,17109.7106,0
21352,320.54,13964.6661,17109.7106,0
21354,320.56,14007.3681,17109.7106,0
21356,320.60,14007.3681,17109.7106,0
21358,320.62,14007.3681,17109.7106,0
21361,320.64,14007.3681,17109.7106,0
21363,320.68,14028.6516,17109.7106,0
21365,320.75,14028.6516,17109.7106,0
21366,320.77,14028.6516,17109.7106,0
21369,320.81,14028.6516,17109.7106,0
21370,320.83,14028.6516,17109.7106,0
21371,320.87,14225.2393,17109.7106,0
21373,320.89,14225.2393,17109.7106,0
21375,320.91,14225.2393,17109.7106,0
21376,320.91,14225.2393,17109.7106,0
21379,320.96,14225.2393,17109.7106,0
21385,321.01,14225.2393,17109.7106,0
21388,321.06,14225.2393,17109.7106,0
21389,321.08,14227.8955,17109.7106,0
21392,321.10,14227.8955,17109.7106,0
21393,321.10,14227.8955,17109.7106,0
21394,321.10,14227.8955,17109.7106,0
21396,321.16,14232.2288,17109.7106,0
21397,321.17,14232.2288,17109.7106,0
21398,321.19,14232.2288,17109.7106,0
21401,321.25,14232.2288,17109.7106,0
21402,321.31,14232.2288,17109.7106,0
21404,321.31,14232.2288,17109.7106,0
21409,321.39,14232.2288,17109.7106,0
21410,321.39,14232.2288,17109.7106,0
21415,321.47,14232.2288,17109.7106,0
21417,321.52,14233.8198,17109.7106,0
21418,321.54,14233.8198,17109.7106,0
21420,321.61,14233.8198,17109.7106,0
21422,321.66,14233.8198,17109.7106,0
21423,321.66,14233.8198,17109.7106,0
21427,321.68,14233.8198,17109.7106,0
21431,321.72,14233.8198,17109.7106,0
21432,321.78,14237.0002,17109.7106,0
21433,321.81,14289.2956,17109.7106,0
21435,321.85,14289.2956,17109.7106,0
21437,321.91,14289.2956,17109.7106,0
21438,321.92,14289.2956,17109.7106,0
21439,321.93,14289.2956,17109.7106,0
21440,321.93,14289.2956,17109.7106,0
21441,321.93,14289.2956,17109.7106,0
21444,321.95,14289.2956,17109.7106,0
21447,321.97,14289.2956,17109.7106,0
21451,322.00,14289.2956,17109.7106,0
21453,322.03,14289.2956,17109.7106,0
21456,322.05,14289.2956,17109.7106,0
21465,322.15,14289.2956,17109.7106,0
21468,322.17,14289.2956,17109.7106,0
21469,322.17,14289.2956,17109.7106,0
21474,322.25,14291.9599,17109.7106,0
21477,322.32,14291.9599,17109.7106,0
21480,322.36,14291.9599,17109.7106,0
21484,322.38,14291.9599,17109.7106,0
21485,322.38,14291.9599,17109.7106,0
21491,322.41,14291.9599,17109.7106,0
21493,322.45,14291.9599,17109.7106,0
21496,322.47,14291.9599,17109.7106,0
21498,322.51,14291.9599,17109.7106,0
21499,322.51,14291.9599,17109.7106,0
21501,322.53,14291.9599,17109.7106,0
21505,322.56,14291.9599,17109.7106,0
21507,322.58,14291.9599,17109.7106,0
21514,322.65,14291.9599,17109.7106,0
21518,322.73,14291.9599,17109.7106,0
21522,322.75,14291.9599,17109.7106,0
21524,322.75,14291.9599,17109.7106,0
21526,322.79,14291.9599,17109.7106,0
21531,322.88,14291.9599,17109.7106,0
21534,322.91,14291.9599,17109.7106,0
21541,323.01,14291.9599,17109.7106,0
21543,323.02,14291.9599,17109.7106,0
21545,323.02,14291.9599,17109.7106,0
21548,323.06,14291.9599,17109.7106,0
21553,323.12,14291.9599,17109.7106,0
21554,323.12,14291.9599,17109.7106,0
21561,323.19,14291.9599,17109.7106,0
21562,323.19,14291.9599,17109.7106,0
21563,323.21,14293.6434,17109.7106,0
21567,323.27,14293.6434,17109.7106,0
21569,323.31,14293.6434,17109.7106,0
21570,323.39,14293.6434,17109.7106,0
21571,323.41,14293.6434,17109.7106,0
21575,323.48,14293.6434,17109.7106,0
21576,323.50,14293.6434,17109.7106,0
21577,323.51,14293.6434,17109.7106,0
21578,323.54,14293.6434,17109.7106,0
21582,323.60,14293.6434,17109.7106,0
21588,323.64,14293.6434,17109.7106,0
21590,323.66,14293.6434,17109.7106,0
21591,323.66,14293.6434,17109.7106,0
21592,323.67,14293.6434,17109.7106,0
21593,323.67,14293.6434,17109.7106,0
21594,323.68,14293.6434,17109.7106,0
21600,323.71,14293.6434,17109.7106,0
21602,323.73,14293.6434,17109.7106,0
21603,323.75,14293.6434,17109.7106,0
21604,323.75,14293.6434,17109.7106,0
21605,323.79,14293.6434,17109.7106,0
21606,323.80,14293.6434,17109.7106,0
21607,323.81,14328.8890,17109.7106,0
21608,323.84,14328.8890,17109.7106,0
21614,323.91,14328.8890,17109.7106,0
21615,323.92,14328.8890,17109.7106,0
21616,323.93,14328.8890,17109.7106,0
21622,323.96,14328.8890,17109.7106,0
21624,323.98,14328.8890,17109.7106,0
21632,323.98,14328.8890,17109.7106,0
21638,324.05,14328.8890,17109.7106,0
21640,324.05,14328.8890,17109.7106,0
21641,324.07,14328.8890,17109.7106,0
21643,324.08,14328.8890,17109.7106,0
21648,324.10,14328.9623,17109.7106,0
21660,324.34,14328.9623,17109.7106,0
21662,324.36,14328.9623,17109.7106,0
21665,324.38,14328.9623,17109.7106,0
21668,324.41,14328.9623,17109.7106,0
21669,324.42,14328.9623,17109.7106,0
21678,324.51,14328.9623,17109.7106,0
21680,324.53,14328.9623,17109.7106,0
21683,324.58,14328.9623,17109.7106,0
21688,324.60,14328.9623,17109.7106,0
21690,324.66,14336.2352,17109.7106,0
21691,324.69,14336.2352,17109.7106,0
21692,324.77,14398.1204,17109.7106,0
21698,324.89,14398.1204,17109.7106,0
21699,324.90,14398.1204,17109.7106,0
21700,324.93,14398.1204,17109.7106,0
21701,324.93,14398.1204,17109.7106,0
21704,324.97,14398.1204,17109.7106,0
21709,324.99,14398.1204,17109.7106,0
21713,325.06,14398.1204,17109.7106,0
21714,325.07,14398.1204,17109.7106,0
21719,325.09,14398.1204,17109.7106,0
21720,325.09,14398.1204,17109.7106,0
21721,325.09,14398.1204,17109.7106,0
21725,325.13,14398.1204,17109.7106,0
21728,325.14,14398.1204,17109.7106,0
21734,325.14,14398.1204,17109.7106,0
21735,325.16,14398.1204,17109.7106,0
21737,325.17,14398.1204,17109.7106,0
21740,325.19,14398.1204,17109.7106,0
21742,325.20,14398.1204,17109.7106,0
21747,325.23,14398.1204,17109.7106,0
21750,325.24,14398.1204,17109.7106,0
21751,325.24,14398.1204,17109.7106,0
21757,325.34,14398.5952,17109.7106,0
21758,325.36,14398.5952,17109.7106,0
21760,325.36,14398.5952,17109.7106,0
21767,325.48,14398.5952,17109.7106,0
21769,325.52,14398.5952,17109.7106,0
21770,325.52,14398.5952,17109.7106,0
21771,325.58,14398.5952,17109.7106,0
21772,325.58,14398.5952,17109.7106,0
21773,325.62,14398.5952,17109.7106,0
21776,325.62,14398.5952,17109.7106,0
21780,325.63,14398.5952,17109.7106,0
21791,325.70,14398.5952,17109.7106,0
21794,325.75,14398.5952,17109.7106,0
21797,325.77,14398.5952,17109.7106,0
21800,325.77,14398.5952,17109.7106,0
21804,325.79,14398.5952,17109.7106,0
21807,325.81,14398.5952,17109.7106,0
21809,325.83,14398.5952,17109.7106,0
21817,325.85,14398.5952,17109.7106,0
21823,325.89,14398.5952,17109.7106,0
21824,325.89,14398.5952,17109.7106,0
21828,325.91,14398.5952,17109.7106,0
21830,325.91,14398.5952,17109.7106,0
21831,325.92,14398.5952,17109.7106,0
21835,325.92,14398.5952,17109.7106,0
21837,325.92,14398.5952,17109.7106,0
21840,325.93,14398.5952,17109.7106,0
21842,325.95,14398.5952,17109.7106,0
21849,325.96,14398.5952,17109.7106,0
21851,325.98,14398.5952,17109.7106,0
21853,325.98,14398.5952,17109.7106,0
21854,326.00,14398.5952,17109.7106,0
21856,326.02,14398.5952,17109.7106,0
21858,326.02,14398.5952,17109.7106,1
21859,326.05,11931.1866,17109.7106,0
21860,326.07,11931.1866,17109.7106,0
21861,326.08,11931.1866,17109.7106,0
21862,326.10,12229.5532,17109.7106,0
21863,326.11,12237.0564,17109.7106,0
21864,326.12,12237.0564,17109.7106,0
21865,326.13,12237.1405,17109.7106,0
21866,326.15,12274.7952,17109.7106,0
21867,326.17,12274.7952,17109.7106,0
21869,326.18,12317.3190,17109.7106,0
21870,326.19,12317.3190,17109.7106,0
21871,326.21,12397.1585,17109.7106,0
21872,326.22,12414.1414,17109.7106,0
21873,326.24,12425.0195,17109.7106,0
21878,326.27,12425.0195,17109.7106,0
21879,326.29,12462.6602,17109.7106,0
21880,326.31,12462.6602,17109.7106,0
21881,326.32,12686.2458,17109.7106,0
21882,326.33,12686.2458,17109.7106,0
21883,326.35,12695.5585,17109.7106,0
21884,326.36,12796.4981,17109.7106,0
21886,326.38,12796.4981,17109.7106,0
21887,326.40,12934.6075,17109.7106,0
21889,326.42,12936.6318,17109.7106,0
21890,326.43,12936.6318,17109.7106,0
21891,326.45,12936.6318,17109.7106,0
21892,326.47,12936.6318,17109.7106,0
21893,326.47,12936.6318,17109.7106,0
21900,326.53,12936.6318,17109.7106,0
21902,326.54,13052.3959,17109.7106,0
21903,326.56,13066.2143,17109.7106,0
21906,326.57,13066.2143,17109.7106,0
21907,326.59,13102.5413,17109.7106,0
21908,326.61,13103.0753,17109.7106,0
21910,326.62,13103.0753,17109.7106,0
21912,326.66,13103.0753,17109.7106,0
21917,326.71,13167.0061,17109.7106,0
21918,326.73,13167.0061,17109.7106,0
21919,326.74,13168.8316,17109.7106,0
21920,326.76,13168.8316,17109.7106,0
21922,326.76,13168.8316,17109.7106,0
21925,326.78,13296.2032,17109.7106,0
21928,326.80,13308.7030,17109.7106,0
21931,326.84,13308.7030,17109.7106,0
21932,326.84,13308.7030,17109.7106,0
21933,326.86,13343.9484,17109.7106,0
21934,326.89,13343.9484,17109.7106,0
21937,326.92,13343.9484,17109.7106,0
21938,326.93,13343.9484,17109.7106,0
21943,326.98,13343.9484,17109.7106,0
21945,326.99,13343.9484,17109.7106,0
21947,327.00,13343.9484,17109.7106,0
21956,327.02,13343.9484,17109.7106,0
21970,327.08,13343.9484,17109.7106,0
21971,327.08,13343.9484,17109.7106,0
21980,327.21,13343.9484,17109.7106,0
21986,327.26,13343.9484,17109.7106,0
21989,327.30,13343.9484,17109.7106,0
21990,327.32,13343.9484,17109.7106,0
21993,327.35,13343.9484,17109.7106,0
21997,327.38,13343.9484,17109.7106,0
21999,327.40,13343.9484,17109.7106,0
22003,327.44,13345.4045,17109.7106,0
22004,327.46,13345.4045,17109.7106,0
22006,327.48,13345.4045,17109.7106,0
22007,327.48,13345.4045,17109.7106,0
22010,327.51,13345.4045,17109.7106,0
22013,327.53,13345.4045,17109.7106,0
22014,327.53,13345.4045,17109.7106,0
22016,327.55,13345.4045,17109.7106,0
22018,327.57,13345.4045,17109.7106,0
22021,327.60,13345.4045,17109.7106,0
22022,327.62,13345.4045,17109.7106,0
22024,327.62,13345.4045,17109.7106,0
22026,327.64,13345.4045,17109.7106,0
22029,327.67,13345.4045,17109.7106,0
22030,327.68,13345.4045,17109.7106,0
22031,327.69,13345.4045,17109.7106,0
22034,327.74,13345.4045,17109.7106,0
22037,327.77,13345.4045,17109.7106,0
22040,327.79,13346.7722,17109.7106,0
22042,327.82,13346.7722,17109.7106,0
22047,327.89,13346.7722,17109.7106,0
22048,327.91,13346.7722,17109.7106,0
22050,327.92,13346.7722,17109.7106,0
22053,327.96,13346.7722,17109.7106,0
22058,328.01,13346.7722,17109.7106,0
22063,328.09,13346.7722,17109.7106,0
22064,328.10,13346.7722,17109.7106,0
22066,328.12,13346.7722,17109.7106,0
22067,328.12,13346.7722,17109.7106,0
22069,328.14,13346.7722,17109.7106,0
22071,328.16,13346.7722,17109.7106,0
22074,328.18,13346.7722,17109.7106,0
22077,328.20,13346.7722,17109.7106,0
22082,328.24,13346.7722,17109.7106,0
22086,328.28,13346.7722,17109.7106,0
22088,328.29,13346.7722,17109.7106,0
22092,328.36,13346.7722,17109.7106,0
22095,328.37,13346.7722,17109.7106,0
22097,328.37,13346.7722,17109.7106,0
22098,328.38,13346.7722,17109.7106,0
22099,328.38,13346.7722,17109.7106,0
22100,328.39,13346.7722,17109.7106,0
22102,328.41,13346.7722,17109.7106,0
22103,328.42,13346.7722,17109.7106,0
22109,328.46,13346.7722,17109.7106,0
22110,328.46,13346.7722,17109.7106,0
22112,328.47,13346.7722,17109.7106,0
22114,328.50,13346.7722,17109.7106,0
22115,328.50,13346.7722,17109.7106,0
22126,328.61,13375.7759,17109.7106,0
22128,328.63,13416.2984,17109.7106,0
22166,329.05,13418.1769,17109.7106,0
22168,329.08,13420.7905,17109.7106,0
22170,329.12,13420.7905,17109.7106,0
22226,329.63,13420.7905,17109.7106,0
22232,329.67,13420.7905,17109.7106,0
22257,329.91,13420.7905,17109.7106,0
22263,329.95,13420.7905,17109.7106,0
22266,330.00,13420.7905,17109.7106,0
22269,330.00,13420.7905,17109.7106,1
22270,330.03,11302.6287,17109.7106,0
22271,330.04,11302.6287,17109.7106,0
22272,330.05,11602.5423,17109.7106,0
22273,330.06,11602.5423,17109.7106,0
22274,330.08,11602.5423,17109.7106,0
22275,330.09,11640.8300,17109.7106,0
22276,330.11,11640.8300,17109.7106,0
22278,330.14,11640.8300,17109.7106,0
22279,330.15,11640.8300,17109.7106,0
22281,330.17,11640.8300,17109.7106,0
22283,330.19,11640.8300,17109.7106,0
22284,330.19,11640.8300,17109.7106,0
22286,330.21,11649.0083,17109.7106,0
22288,330.24,11649.0083,17109.7106,0
22290,330.25,11649.0410,17109.7106,0
22291,330.27,11732.4444,17109.7106,0
22292,330.29,11807.7538,17109.7106,0
22294,330.30,11807.7538,17109.7106,0
22297,330.32,11807.7538,17109.7106,0
22301,330.34,11807.7538,17109.7106,0
22305,330.36,11854.6227,17109.7106,0
22306,330.37,11854.6227,17109.7106,0
22307,330.40,11854.6227,17109.7106,0
22308,330.45,11895.2526,17109.7106,0
22311,330.50,11895.2526,17109.7106,0
22314,330.54,11895.2526,17109.7106,0
22315,330.56,11895.2526,17109.7106,0
22323,330.64,11895.2526,17109.7106,0
22330,330.70,11895.2526,17109.7106,0
22331,330.70,11895.2526,17109.7106,0
22335,330.72,11895.2526,17109.7106,0
22338,330.76,11895.2526,17109.7106,0
22342,330.78,11895.2526,17109.7106,0
22345,330.80,11991.7056,17109.7106,0
22348,330.82,11991.7056,17109.7106,0
22349,330.84,11991.7056,17109.7106,0
22350,330.85,11991.7056,17109.7106,0
22351,330.86,11991.7056,17109.7106,0
22352,330.88,11991.7056,17109.7106,0
22353,330.89,11991.7056,17109.7106,0
22354,330.90,11991.7056,17109.7106,0
22355,330.90,11991.7056,17109.7106,0
22356,330.92,12047.4074,17109.7106,0
22357,330.94,12256.8940,17109.7106,0
22359,330.95,12284.3238,17109.7106,0
22361,330.97,12284.3238,17109.7106,0
22363,330.98,12284.3238,17109.7106,0
22365,330.98,12284.3238,17109.7106,0
22367,331.00,12324.2680,17109.7106,0
22371,331.03,12621.0288,17109.7106,0
22374,331.05,12621.0288,17109.7106,0
22377,331.06,12696.3813,17109.7106,0
22380,331.08,12696.3813,17109.7106,0
22382,331.10,12705.4955,17109.7106,0
22383,331.11,12705.4955,17109.7106,0
22385,331.13,12997.4545,17109.7106,0
22386,331.14,12997.4545,17109.7106,0
22387,331.16,13001.1051,17109.7106,0
22388,331.18,13084.3259,17109.7106,0
22393,331.20,13084.3259,17109.7106,0
22398,331.22,13084.3259,17109.7106,0
22399,331.23,13084.3259,17109.7106,0
22400,331.25,13085.0803,17109.7106,0
22401,331.26,13093.4416,17109.7106,0
22402,331.28,13093.4416,17109.7106,0
22403,331.30,13093.4416,17109.7106,0
22406,331.31,13093.4416,17109.7106,0
22407,331.32,13093.4416,17109.7106,0
22410,331.34,13093.4416,17109.7106,0
22411,331.34,13093.4416,17109.7106,0
22415,331.41,13093.4416,17109.7106,0
22417,331.44,13093.4416,17109.7106,0
22419,331.47,13093.4416,17109.7106,0
22424,331.52,13093.4416,17109.7106,0
22430,331.58,13093.4416,17109.7106,0
22431,331.58,13093.4416,17109.7106,0
22432,331.59,13093.4416,17109.7106,0
22434,331.61,13093.4416,17109.7106,0
22438,331.64,13093.4416,17109.7106,0
22445,331.68,13093.4416,17109.7106,0
22446,331.68,13093.4416,17109.7106,0
22448,331.68,13093.4416,17109.7106,0
22453,331.74,13093.4416,17109.7106,0
22454,331.74,13093.4416,17109.7106,0
22455,331.75,13093.4416,17109.7106,0
22460,331.79,13093.4416,17109.7106,0
22461,331.79,13093.4416,17109.7106,0
22464,331.79,13093.4416,17109.7106,0
22465,331.79,13093.4416,17109.7106,0
22469,331.84,13093.4416,17109.7106,0
22472,331.87,13098.2579,17109.7106,0
22473,331.88,13098.2579,17109.7106,0
22474,331.90,13133.7345,17109.7106,0
22475,331.92,13218.7927,17109.7106,0
22479,331.94,13270.9449,17109.7106,0
22482,331.97,13270.9449,17109.7106,0
22484,331.99,13270.9449,17109.7106,0
22487,332.01,13270.9449,17109.7106,0
22488,332.02,13270.9449,17109.7106,0
22490,332.05,13270.9449,17109.7106,0
22492,332.07,13270.9449,17109.7106,0
22497,332.13,13270.9449,17109.7106,0
22500,332.14,13270.9449,17109.7106,0
22502,332.16,13270.9449,17109.7106,0
22503,332.16,13270.9449,17109.7106,0
22505,332.16,13270.9449,17109.7106,0
22507,332.18,13270.9449,17109.7106,0
22508,332.19,13270.9449,17109.7106,0
22511,332.20,13270.9449,17109.7106,0
22517,332.22,13270.9449,17109.7106,0
22523,332.26,13270.9449,17109.7106,0
22524,332.26,13270.9449,17109.7106,0
22525,332.27,13270.9449,17109.7106,0
22534,332.31,13270.9449,17109.7106,0
22536,332.35,13272.5824,17109.7106,0
22539,332.36,13272.5824,17109.7106,0
22542,332.38,13272.5824,17109.7106,0
22549,332.47,13272.5824,17109.7106,0
22550,332.48,13272.5824,17109.7106,0
22552,332.50,13272.5824,17109.7106,0
22557,332.56,13272.5824,17109.7106,0
22558,332.56,13272.5824,17109.7106,0
22560,332.58,13272.5824,17109.7106,0
22561,332.58,13272.5824,17109.7106,0
22567,332.63,13272.5824,17109.7106,0
22570,332.66,13272.5824,17109.7106,0
22572,332.68,13272.5824,17109.7106,0
22580,332.72,13272.5824,17109.7106,0
22581,332.74,13273.0069,17109.7106,0
22584,332.78,13273.0069,17109.7106,0
22586,332.80,13273.0069,17109.7106,0
22590,332.83,13273.0069,17109.7106,0
22591,332.84,13273.0069,17109.7106,0
22593,332.87,13273.0069,17109.7106,0
22594,332.89,13273.0069,17109.7106,0
22595,332.89,13273.0069,17109.7106,0
22596,332.91,13273.0069,17109.7106,0
22598,332.94,13273.0069,17109.7106,0
22601,332.99,13273.0069,17109.7106,0
22604,333.05,13273.0069,17109.7106,0
22607,333.07,13273.0069,17109.7106,0
22609,333.07,13273.0069,17109.7106,0
22616,333.13,13273.0069,17109.7106,0
22618,333.13,13273.0069,17109.7106,0
22620,333.14,13273.0069,17109.7106,0
22625,333.17,13273.0069,17109.7106,0
22626,333.18,13273.0069,17109.7106,0
22627,333.18,13273.0069,17109.7106,0
22628,333.19,13273.0069,17109.7106,0
22630,333.19,13273.0069,17109.7106,0
22631,333.19,13273.0069,17109.7106,0
22635,333.23,13273.0069,17109.7106,0
22639,333.25,13273.0069,17109.7106,0
22640,333.26,13273.0069,17109.7106,0
22643,333.27,13273.0069,17109.7106,0
22644,333.28,13273.0069,17109.7106,0
22645,333.29,13273.0069,17109.7106,0
22648,333.33,13273.0069,17109.7106,0
22649,333.33,13273.0069,17109.7106,0
22651,333.33,13273.0069,17109.7106,0
22652,333.34,13273.0069,17109.7106,0
22658,333.39,13273.0069,17109.7106,0
22667,333.43,13273.0069,17109.7106,0
22668,333.44,13273.0069,17109.7106,0
22669,333.44,13273.0069,17109.7106,0
22671,333.46,13273.0069,17109.7106,0
22673,333.46,13273.0069,17109.7106,0
22678,333.50,13273.0069,17109.7106,0
22679,333.51,13273.0069,17109.7106,0
22682,333.51,13273.0069,17109.7106,1
22683,333.53,11381.4651,17109.7106,0
22684,333.54,11381.4651,17109.7106,0
22685,333.55,11381.4651,17109.7106,0
22686,333.57,11381.4651,17109.7106,0
22687,333.58,11381.4651,17109.7106,0
22688,333.59,11448.2162,17109.7106,0
22689,333.61,11456.1874,17109.7106,0
22690,333.62,11534.3353,17109.7106,0
22691,333.63,11534.3353,17109.7106,0
22692,333.64,11547.1900,17109.7106,0
22693,333.66,11923.3992,17109.7106,0
22695,333.67,11989.6963,17109.7106,0
22696,333.68,12017.7460,17109.7106,0
22697,333.70,12017.7460,17109.7106,0
22698,333.71,12112.9206,17109.7106,0
22700,333.73,12112.9206,17109.7106,0
22701,333.74,12112.9206,17109.7106,0
22702,333.76,12353.1812,17109.7106,0
22705,333.78,12375.9446,17109.7106,0
22706,333.79,12771.9267,17109.7106,0
22708,333.81,12789.1359,17109.7106,0
22709,333.82,12789.1359,17109.7106,0
22710,333.84,12909.4813,17109.7106,0
22711,333.86,12909.4813,17109.7106,0
22712,333.87,12909.4813,17109.7106,0
22713,333.89,12909.4813,17109.7106,0
22714,333.91,12909.4813,17109.7106,0
22715,333.93,12919.5562,17109.7106,0
22716,333.93,12919.5562,17109.7106,0
22717,333.94,12919.5562,17109.7106,0
22718,333.96,12919.5562,17109.7106,0
22721,333.96,12919.5562,17109.7106,0
22722,333.98,12940.3501,17109.7106,0
22724,333.99,12940.3501,17109.7106,0
22726,333.99,12940.3501,17109.7106,0
22728,334.01,12941.6158,17109.7106,0
22729,334.03,12956.8862,17109.7106,0
22731,334.05,12956.8862,17109.7106,0
22732,334.06,13070.5642,17109.7106,0
22733,334.08,13070.5642,17109.7106,0
22734,334.09,13070.5642,17109.7106,0
22736,334.12,13102.4085,17109.7106,0
22737,334.13,13102.4085,17109.7106,0
22738,334.15,13102.4085,17109.7106,0
22739,334.16,13102.4085,17109.7106,0
22740,334.18,13103.1007,17109.7106,0
22742,334.22,13163.1567,17109.7106,0
22744,334.23,13163.1567,17109.7106,0
22746,334.25,13163.1567,17109.7106,0
22747,334.26,13163.1567,17109.7106,0
22749,334.28,13175.6451,17109.7106,0
22750,334.29,13175.6451,17109.7106,0
22751,334.31,13175.6451,17109.7106,0
22752,334.32,13198.2877,17109.7106,0
22753,334.34,13198.2877,17109.7106,0
22755,334.36,13198.2877,17109.7106,0
22757,334.37,13201.9271,17109.7106,0
22758,334.39,13327.7491,17109.7106,0
22760,334.43,13327.7491,17109.7106,0
22761,334.44,13327.7491,17109.7106,0
22762,334.46,13420.9472,17109.7106,0
22765,334.48,13420.9472,17109.7106,0
22766,334.48,13420.9472,17109.7106,0
22767,334.50,13613.3626,17109.7106,0
22769,334.52,13613.3626,17109.7106,0
22770,334.53,13615.8391,17109.7106,0
22771,334.55,13616.0101,17109.7106,0
22772,334.56,13616.0101,17109.7106,0
22773,334.58,13623.2434,17109.7106,0
22774,334.60,13625.6251,17109.7106,0
22775,334.62,13625.6251,17109.7106,0
22777,334.62,13625.6251,17109.7106,0
22778,334.64,13625.6251,17109.7106,0
22779,334.65,13632.6868,17109.7106,0
22781,334.69,13667.6802,17109.7106,0
22782,334.71,13676.5551,17109.7106,0
22783,334.73,13676.5551,17109.7106,0
22785,334.76,13676.5551,17109.7106,0
22786,334.78,13676.5551,17109.7106,0
22788,334.78,13676.5551,17109.7106,0
22789,334.78,13676.5551,17109.7106,0
22790,334.80,13676.5551,17109.7106,0
22795,334.87,13676.5551,17109.7106,0
22796,334.87,13676.5551,17109.7106,0
22797,334.89,13676.5551,17109.7106,0
22798,334.91,13676.5551,17109.7106,0
22800,334.93,13676.5551,17109.7106,0
22801,334.93,13676.5551,17109.7106,0
22803,334.96,13676.5551,17109.7106,0
22804,334.98,13678.2036,17109.7106,0
22807,335.01,13765.5892,17109.7106,0
22808,335.03,13765.5892,17109.7106,0
22810,335.05,13768.5797,17109.7106,0
22811,335.05,13768.5797,17109.7106,0
22812,335.07,13768.5797,17109.7106,0
22813,335.08,13778.7617,17109.7106,0
22814,335.10,13785.6860,17109.7106,0
22816,335.13,13785.6860,17109.7106,0
22817,335.14,13785.6860,17109.7106,0
22818,335.16,13785.6860,17109.7106,0
22819,335.17,13785.6860,17109.7106,0
22820,335.17,13785.6860,17109.7106,0
22821,335.17,13785.6860,17109.7106,0
22824,335.19,13785.6860,17109.7106,0
22825,335.20,13785.6860,17109.7106,0
22829,335.24,13785.6860,17109.7106,0
22831,335.28,13785.6860,17109.7106,0
22833,335.28,13785.6860,17109.7106,0
22834,335.29,13785.6860,17109.7106,0
22835,335.29,13785.6860,17109.7106,0
22836,335.31,13785.6860,17109.7106,0
22838,335.32,13785.6860,17109.7106,0
22840,335.34,13785.6860,17109.7106,0
22844,335.36,13785.6860,17109.7106,0
22846,335.37,13785.6860,17109.7106,0
22850,335.41,13785.6860,17109.7106,0
22853,335.43,13785.6860,17109.7106,0
22855,335.45,13788.4568,17109.7106,0
22856,335.46,13788.4568,17109.7106,0
22857,335.48,13788.4568,17109.7106,0
22858,335.50,13788.4568,17109.7106,0
22861,335.50,13788.4568,17109.7106,0
22865,335.57,13788.4568,17109.7106,0
22869,335.60,13788.4568,17109.7106,0
22870,335.60,13788.4568,17109.7106,0
22873,335.62,13788.4568,17109.7106,0
22874,335.63,13788.4568,17109.7106,0
22875,335.63,13788.4568,17109.7106,0
22876,335.63,13788.4568,17109.7106,0
22877,335.63,13788.4568,17109.7106,0
22878,335.63,13788.4568,17109.7106,0
22880,335.65,13788.4568,17109.7106,0
22882,335.65,13788.4568,17109.7106,0
22887,335.68,13793.8845,17109.7106,0
22889,335.70,13800.2730,17109.7106,0
22891,335.72,13800.2730,17109.7106,0
22894,335.72,13800.2730,17109.7106,0
22899,335.74,13800.2730,17109.7106,0
22900,335.74,13800.2730,17109.7106,0
22901,335.76,13800.2730,17109.7106,0
22902,335.78,13800.2730,17109.7106,0
22903,335.80,13800.2730,17109.7106,0
22907,335.83,13800.2730,17109.7106,0
22908,335.85,13800.2730,17109.7106,0
22909,335.87,13800.2730,17109.7106,0
22910,335.88,13801.7647,17109.7106,0
22911,335.90,13801.7647,17109.7106,0
22912,335.92,13801.7647,17109.7106,0
22915,335.94,13801.7647,17109.7106,0
22916,335.95,13801.7647,17109.7106,0
22917,335.95,13801.7647,17109.7106,0
22918,335.95,13801.7647,17109.7106,0
22919,335.97,13801.7647,17109.7106,0
22921,336.00,13801.7647,17109.7106,0
22922,336.01,13801.7647,17109.7106,0
22923,336.01,13801.7647,17109.7106,0
22926,336.06,13801.7647,17109.7106,0
22927,336.07,13801.7647,17109.7106,0
22928,336.07,13801.7647,17109.7106,0
22929,336.07,13801.7647,17109.7106,0
22932,336.11,13801.7647,17109.7106,0
22934,336.13,13801.7647,17109.7106,0
22936,336.14,13801.7647,17109.7106,0
22938,336.17,13801.7647,17109.7106,0
22939,336.17,13801.7647,17109.7106,0
22943,336.20,13801.7647,17109.7106,0
22945,336.24,13801.7647,17109.7106,0
22946,336.24,13801.7647,17109.7106,0
22947,336.24,13801.7647,17109.7106,0
22949,336.26,13801.7647,17109.7106,0
22951,336.28,13801.7647,17109.7106,0
22952,336.30,13801.7647,17109.7106,0
22954,336.30,13801.7647,17109.7106,0
22956,336.32,13801.7647,17109.7106,0
22957,336.32,13801.7647,17109.7106,0
22959,336.33,13801.7647,17109.7106,0
22961,336.34,13801.7647,17109.7106,0
22962,336.36,14032.6855,17109.7106,0
22963,336.38,14130.5526,17109.7106,0
22964,336.39,14130.5526,17109.7106,0
22966,336.43,14350.4294,17109.7106,0
22968,336.44,14350.4294,17109.7106,0
22975,336.51,14350.4294,17109.7106,0
22976,336.53,14350.4294,17109.7106,0
22977,336.54,14350.4294,17109.7106,0
22979,336.54,14350.4294,17109.7106,0
22980,336.56,14350.4294,17109.7106,0
22981,336.56,14350.4294,17109.7106,0
22984,336.58,14350.4294,17109.7106,0
22985,336.58,14350.4294,17109.7106,0
22986,336.60,14350.4294,17109.7106,0
22990,336.62,14350.4294,17109.7106,0
22991,336.62,14350.4294,17109.7106,0
22997,336.66,14350.4294,17109.7106,0
22999,336.70,14350.4294,17109.7106,0
23000,336.70,14350.4294,17109.7106,0
23001,336.70,14350.4294,17109.7106,0
23003,336.72,14350.4294,17109.7106,0
23004,336.73,14350.4294,17109.7106,0
23005,336.73,14350.4294,17109.7106,0
23013,336.78,14350.4294,17109.7106,0
23014,336.78,14350.4294,17109.7106,0
23015,336.78,14350.4294,17109.7106,0
23019,336.81,14350.4294,17109.7106,0
23020,336.82,14350.4294,17109.7106,0
23021,336.83,14350.4294,17109.7106,0
23022,336.84,14350.4294,17109.7106,0
23023,336.86,14350.4294,17109.7106,0
23031,336.92,14350.4294,17109.7106,0
23032,336.92,14350.4294,17109.7106,0
23033,336.93,14350.4294,17109.7106,0
23034,336.94,14350.4294,17109.7106,0
23035,336.94,14350.4294,17109.7106,0
23037,336.98,14350.4294,17109.7106,0
23038,336.99,14350.4294,17109.7106,0
23039,336.99,14350.4294,17109.7106,0
23041,336.99,14350.4294,17109.7106,0
23047,337.04,14350.4294,17109.7106,0
23050,337.04,14350.4294,17109.7106,0
23051,337.06,14350.4294,17109.7106,0
23053,337.06,14350.4294,17109.7106,0
23056,337.07,14350.4294,17109.7106,0
23060,337.12,14350.4294,17109.7106,0
23062,337.13,14350.4294,17109.7106,0
23064,337.16,14350.4294,17109.7106,0
23067,337.18,14350.4294,17109.7106,1
23068,337.21,11812.3353,17109.7106,0
23069,337.22,11812.3353,17109.7106,0
23070,337.23,11812.3353,17109.7106,0
23071,337.25,11897.5788,17109.7106,0
23072,337.26,11897.5788,17109.7106,0
23073,337.27,11897.5788,17109.7106,0
23074,337.28,12144.8229,17109.7106,0
23075,337.30,12429.2767,17109.7106,0
23076,337.34,12599.6036,17109.7106,0
23077,337.36,12599.6036,17109.7106,0
23078,337.37,12617.4559,17109.7106,0
23080,337.39,12617.4559,17109.7106,0
23081,337.41,12750.7909,17109.7106,0
23082,337.43,12750.7909,17109.7106,0
23083,337.44,12750.7909,17109.7106,0
23084,337.46,12750.7909,17109.7106,0
23085,337.47,12750.7909,17109.7106,0
23086,337.49,12898.3419,17109.7106,0
23087,337.51,12958.3616,17109.7106,0
23089,337.52,12958.3616,17109.7106,0
23090,337.54,12958.3616,17109.7106,0
23091,337.55,12958.3616,17109.7106,0
23093,337.55,12958.3616,17109.7106,0
23094,337.57,13348.7437,17109.7106,0
23095,337.59,13543.1437,17109.7106,0
23096,337.61,13560.0981,17109.7106,0
23097,337.62,13560.0981,17109.7106,0
23100,337.64,13560.0981,17109.7106,0
23102,337.65,13560.0981,17109.7106,0
23103,337.67,13560.0981,17109.7106,0
23105,337.67,13560.0981,17109.7106,0
23106,337.69,13855.3222,17109.7106,0
23107,337.70,13907.7701,17109.7106,0
23108,337.72,14016.8068,17109.7106,0
23109,337.74,14083.1224,17109.7106,0
23110,337.75,14083.1224,17109.7106,0
23111,337.77,14083.1224,17109.7106,0
23112,337.79,14085.5101,17109.7106,0
23113,337.81,14085.5101,17109.7106,0
23114,337.82,14095.6241,17109.7106,0
23115,337.84,14218.5599,17109.7106,0
23116,337.86,14224.1556,17109.7106,0
23117,337.89,14227.9509,17109.7106,0
23119,337.90,14438.8606,17109.7106,0
23120,337.92,14438.8606,17109.7106,0
23121,337.94,14438.8606,17109.7106,0
23122,337.97,14823.8855,17109.7106,0
23123,337.98,14840.8800,17109.7106,0
23124,338.00,14840.8800,17109.7106,0
23125,338.02,14840.8800,17109.7106,0
23127,338.04,14845.5590,17109.7106,0
23130,338.05,14845.5590,17109.7106,0
23134,338.09,15006.7771,17109.7106,0
23135,338.11,15006.7771,17109.7106,0
23136,338.13,15006.7771,17109.7106,0
23137,338.15,15006.7771,17109.7106,0
23138,338.15,15006.7771,17109.7106,0
23139,338.15,15006.7771,17109.7106,0
23140,338.17,15006.7771,17109.7106,0
23141,338.17,15006.7771,17109.7106,0
23142,338.19,15006.7771,17109.7106,0
23143,338.21,15120.5150,17109.7106,0
23145,338.23,15120.5150,17109.7106,0
23147,338.26,15120.5150,17109.7106,0
23149,338.30,15120.5150,17109.7106,0
23150,338.31,15120.5150,17109.7106,0
23151,338.33,15120.5150,17109.7106,0
23153,338.37,15120.5150,17109.7106,0
23154,338.37,15120.5150,17109.7106,0
23158,338.41,15120.5150,17109.7106,0
23159,338.42,15120.5150,17109.7106,0
23161,338.43,15126.3948,17109.7106,0
23165,338.45,15126.3948,17109.7106,0
23166,338.49,15126.3948,17109.7106,0
23167,338.50,15126.3948,17109.7106,0
23168,338.51,15126.3948,17109.7106,0
23169,338.54,15148.6813,17109.7106,0
23172,338.58,15148.6813,17109.7106,0
23174,338.61,15148.6813,17109.7106,0
23175,338.62,15148.6813,17109.7106,0
23176,338.63,15148.6813,17109.7106,0
23179,338.67,15148.6813,17109.7106,0
23180,338.68,15148.6813,17109.7106,0
23187,338.74,15148.6813,17109.7106,0
23188,338.74,15148.6813,17109.7106,0
23190,338.76,15148.6813,17109.7106,0
23191,338.78,15148.6813,17109.7106,0
23192,338.80,15148.6813,17109.7106,0
23194,338.83,15148.6813,17109.7106,0
23196,338.86,15148.6813,17109.7106,0
23197,338.87,15148.6813,17109.7106,0
23198,338.89,15148.6813,17109.7106,0
23200,338.91,15148.6813,17109.7106,0
23206,338.94,15148.6813,17109.7106,0
23214,338.98,15148.6813,17109.7106,0
23216,338.99,15148.6813,17109.7106,0
23217,339.00,15148.6813,17109.7106,0
23219,339.03,15148.6813,17109.7106,0
23224,339.03,15148.6813,17109.7106,0
23225,339.04,15148.6813,17109.7106,0
23226,339.04,15148.6813,17109.7106,0
23229,339.06,15148.6813,17109.7106,0
23230,339.07,15150.4215,17109.7106,0
23231,339.09,15150.4215,17109.7106,0
23233,339.11,15150.4215,17109.7106,0
23243,339.17,15150.4215,17109.7106,0
23245,339.19,15150.4215,17109.7106,0
23248,339.21,15150.4215,17109.7106,0
23252,339.26,15150.4215,17109.7106,0
23255,339.28,15247.4684,17109.7106,0
23256,339.30,15247.4684,17109.7106,0
23259,339.35,15247.4684,17109.7106,0
23260,339.38,15407.4237,17109.7106,0
23262,339.40,15514.4773,17109.7106,0
23263,339.42,15514.4773,17109.7106,0
23265,339.46,15514.4773,17109.7106,0
23270,339.51,15514.4773,17109.7106,0
23271,339.52,15514.4773,17109.7106,0
23272,339.52,15514.4773,17109.7106,0
23274,339.56,15514.4773,17109.7106,0
23279,339.59,15514.4773,17109.7106,0
23283,339.61,15514.4773,17109.7106,0
23285,339.61,15514.4773,17109.7106,0
23290,339.65,15514.4773,17109.7106,0
23291,339.66,15514.4773,17109.7106,0
23292,339.68,15514.4773,17109.7106,0
23297,339.71,15514.4773,17109.7106,0
23298,339.71,15514.4773,17109.7106,0
23299,339.71,15514.4773,17109.7106,0
23302,339.74,15514.4773,17109.7106,0
23304,339.75,15514.4773,17109.7106,0
23307,339.77,15514.4773,17109.7106,0
23308,339.77,15514.4773,17109.7106,0
23310,339.80,15514.4773,17109.7106,0
23313,339.81,15514.4773,17109.7106,0
23319,339.85,15514.4773,17109.7106,0
23321,339.87,15514.4773,17109.7106,0
23323,339.89,15514.4773,17109.7106,0
23324,339.89,15514.4773,17109.7106,0
23325,339.90,15514.4773,17109.7106,0
23330,339.96,15514.4773,17109.7106,0
23332,339.98,15514.4773,17109.7106,0
23336,340.03,15514.4773,17109.7106,0
23338,340.05,15514.4773,17109.7106,0
23339,340.05,15514.4773,17109.7106,0
23340,340.05,15514.4773,17109.7106,0
23344,340.09,15514.4773,17109.7106,0
23345,340.11,15514.4773,17109.7106,0
23346,340.11,15514.4773,17109.7106,0
23348,340.11,15514.4773,17109.7106,0
23349,340.13,15515.3229,17109.7106,0
23350,340.15,15515.3229,17109.7106,0
23351,340.17,15523.1677,17109.7106,0
23353,340.20,15591.8011,17109.7106,0
23355,340.22,15591.8011,17109.7106,0
23356,340.24,15591.8011,17109.7106,0
23357,340.25,15591.8011,17109.7106,0
23358,340.25,15591.8011,17109.7106,0
23361,340.27,15591.8011,17109.7106,0
23363,340.29,15591.8011,17109.7106,0
23367,340.32,15591.8011,17109.7106,0
23372,340.39,15591.8011,17109.7106,0
23373,340.41,15591.8011,17109.7106,0
23376,340.41,15591.8011,17109.7106,0
23377,340.43,15591.8011,17109.7106,0
23378,340.45,15591.8011,17109.7106,0
23382,340.47,15591.8011,17109.7106,0
23385,340.51,15591.8011,17109.7106,0
23395,340.61,15592.7960,17109.7106,0
23398,340.68,15592.7960,17109.7106,0
23399,340.70,15592.7960,17109.7106,0
23401,340.73,15592.7960,17109.7106,0
23409,340.76,15592.7960,17109.7106,0
23420,340.86,15592.7960,17109.7106,0
23421,340.86,15592.7960,17109.7106,0
23423,340.88,15592.7960,17109.7106,0
23427,340.90,15592.7960,17109.7106,0
23428,340.91,15592.7960,17109.7106,0
23430,340.91,15592.7960,17109.7106,0
23431,340.93,15592.7960,17109.7106,0
23438,340.99,15592.7960,17109.7106,0
23439,340.99,15592.7960,17109.7106,0
23440,341.00,15592.7960,17109.7106,0
23445,341.05,15592.7960,17109.7106,0
23447,341.07,15592.7960,17109.7106,0
23449,341.09,15592.7960,17109.7106,0
23450,341.09,15592.7960,17109.7106,0
23452,341.11,15592.7960,17109.7106,0
23453,341.12,15592.7960,17109.7106,0
23455,341.15,15592.7960,17109.7106,0
23458,341.19,15592.7960,17109.7106,0
23460,341.22,15592.7960,17109.7106,0
23470,341.28,15592.7960,17109.7106,0
23473,341.31,15592.7960,17109.7106,0
23476,341.33,15592.7960,17109.7106,0
23478,341.34,15592.7960,17109.7106,0
23481,341.37,15592.7960,17109.7106,0
23482,341.39,15592.7960,17109.7106,0
23483,341.39,15592.7960,17109.7106,0
23485,341.41,15592.7960,17109.7106,0
23487,341.43,15592.7960,17109.7106,0
23492,341.49,15592.7960,17109.7106,0
23494,341.53,15592.7960,17109.7106,0
23496,341.53,15592.7960,17109.7106,1
23497,341.56,13063.3687,17109.7106,0
23498,341.57,13063.3687,17109.7106,0
23499,341.59,13063.3687,17109.7106,0
23500,341.60,13063.3687,17109.7106,0
23501,341.61,13063.3687,17109.7106,0
23502,341.63,13063.3687,17109.7106,0
23503,341.64,13122.4129,17109.7106,0
23504,341.66,13122.4129,17109.7106,0
23505,341.67,13122.4129,17109.7106,0
23506,341.69,13122.4129,17109.7106,0
23507,341.70,13239.6041,17109.7106,0
23509,341.71,13239.6041,17109.7106,0
23510,341.75,13239.6041,17109.7106,0
23511,341.76,13239.6041,17109.7106,0
23513,341.78,13287.6089,17109.7106,0
23515,341.79,13287.6089,17109.7106,0
23518,341.81,13287.6089,17109.7106,0
23521,341.83,13287.6089,17109.7106,0
23522,341.85,13384.8089,17109.7106,0
23524,341.87,13571.2099,17109.7106,0
23525,341.88,13795.3132,17109.7106,0
23526,341.91,13985.1100,17109.7106,0
23530,341.93,14118.9610,17109.7106,0
23531,341.94,14118.9610,17109.7106,0
23532,341.97,14149.9048,17109.7106,0
23534,341.98,14149.9048,17109.7106,0
23538,342.01,14341.6622,17109.7106,0
23540,342.03,14341.6622,17109.7106,0
23541,342.04,14341.6622,17109.7106,0
23543,342.06,14341.6622,17109.7106,0
23544,342.07,14454.6045,17109.7106,0
23546,342.09,14454.6045,17109.7106,0
23547,342.10,14454.6045,17109.7106,0
23548,342.12,14469.9499,17109.7106,0
23549,342.14,14469.9499,17109.7106,0
23550,342.15,14653.0595,17109.7106,0
23551,342.17,14833.6702,17109.7106,0
23553,342.19,14833.6702,17109.7106,0
23554,342.20,14833.6702,17109.7106,0
23555,342.22,14901.7660,17109.7106,0
23556,342.23,14963.6423,17109.7106,0
23557,342.25,14963.6423,17109.7106,0
23559,342.27,14963.6423,17109.7106,0
23561,342.28,15080.3828,17109.7106,0
23564,342.31,15203.9269,17109.7106,0
23565,342.33,15353.0335,17109.7106,0
23568,342.37,15391.5438,17109.7106,0
23569,342.39,15394.9561,17109.7106,0
23572,342.43,15394.9561,17109.7106,0
23573,342.45,15400.0217,17109.7106,0
23574,342.46,15400.0217,17109.7106,0
23575,342.48,15400.0217,17109.7106,0
23576,342.50,15400.0217,17109.7106,0
23578,342.52,15654.4679,17109.7106,0
23579,342.53,15654.4679,17109.7106,0
23580,342.55,15654.4679,17109.7106,0
23581,342.57,15697.4637,17109.7106,0
23582,342.59,15710.1674,17109.7106,0
23583,342.60,15710.1674,17109.7106,0
23584,342.62,15710.1674,17109.7106,0
23586,342.64,15710.1674,17109.7106,0
23587,342.66,15872.5916,17109.7106,0
23588,342.69,15995.9739,17109.7106,0
23589,342.72,15995.9739,17109.7106,0
23591,342.74,16139.8907,17109.7106,0
23592,342.76,16139.8907,17109.7106,0
23593,342.77,16139.8907,17109.7106,0
23594,342.79,16207.5034,17109.7106,0
23595,342.81,16279.6876,17109.7106,0
23596,342.84,16291.0319,17109.7106,0
23597,342.86,16291.0319,17109.7106,0
23598,342.87,16303.7326,17109.7106,0
23599,342.89,16407.7435,17109.7106,0
23601,342.93,16407.7435,17109.7106,0
23604,342.96,16407.7435,17109.7106,0
23605,342.98,16419.4842,17109.7106,0
23606,343.00,16419.4842,17109.7106,0
23607,343.02,16419.4842,17109.7106,0
23608,343.05,16433.0251,17109.7106,0
23609,343.07,16433.0251,17109.7106,0
23610,343.09,16433.0251,17109.7106,0
23612,343.11,16433.0251,17109.7106,0
23617,343.16,16433.0251,17109.7106,0
23618,343.17,16433.0251,17109.7106,0
23619,343.18,16434.0777,17109.7106,0
23620,343.20,16434.0777,17109.7106,0
23623,343.26,16434.0777,17109.7106,0
23625,343.28,16461.0458,17109.7106,0
23629,343.32,16461.0458,17109.7106,0
23634,343.35,16480.3747,17109.7106,0
23637,343.37,16480.3747,17109.7106,0
23638,343.37,16480.3747,17109.7106,0
23640,343.39,16490.9863,17109.7106,0
23641,343.41,16615.3020,17109.7106,0
23644,343.45,16615.3020,17109.7106,0
23648,343.47,16615.3020,17109.7106,0
23651,343.51,16615.3020,17109.7106,0
23655,343.53,16615.3020,17109.7106,0
23657,343.57,16615.3020,17109.7106,0
23659,343.57,16615.3020,17109.7106,0
23662,343.60,16615.3020,17109.7106,0
23678,343.74,16615.3020,17109.7106,0
23679,343.76,16615.3020,17109.7106,0
23681,343.78,16615.3020,17109.7106,0
23682,343.78,16615.3020,17109.7106,0
23684,343.80,16615.3020,17109.7106,0
23687,343.84,16615.3020,17109.7106,0
23691,343.85,16615.3020,17109.7106,0
23693,343.85,16615.3020,17109.7106,0
23695,343.88,16615.3020,17109.7106,0
23698,343.88,16615.3020,17109.7106,0
23700,343.88,16615.3020,17109.7106,0
23701,343.89,16615.3020,17109.7106,0
23703,343.90,16615.3020,17109.7106,0
23708,343.94,16615.3020,17109.7106,0
23715,343.98,16615.3020,17109.7106,0
23718,343.99,16615.3020,17109.7106,0
23719,343.99,16615.3020,17109.7106,0
23721,343.99,16615.3020,17109.7106,0
23723,343.99,16615.3020,17109.7106,0
23726,344.03,16615.3020,17109.7106,0
23727,344.03,16615.3020,17109.7106,0
23730,344.05,16615.3020,17109.7106,0
23731,344.05,16615.3020,17109.7106,0
23734,344.08,16615.3020,17109.7106,0
23736,344.08,16615.3020,17109.7106,0
23742,344.12,16615.3020,17109.7106,1
23743,344.17,13128.6162,17109.7106,0
23744,344.18,13128.6162,17109.7106,0
23745,344.19,13128.6162,17109.7106,0
23746,344.21,13128.6162,17109.7106,0
23747,344.22,13128.6162,17109.7106,0
23748,344.24,13218.4138,17109.7106,0
23749,344.25,13218.4138,17109.7106,0
23750,344.27,13218.4138,17109.7106,0
23751,344.29,13274.2552,17109.7106,0
23752,344.31,13275.3745,17109.7106,0
23754,344.33,13487.5746,17109.7106,0
23755,344.35,13869.8312,17109.7106,0
23756,344.36,13869.8312,17109.7106,0
23757,344.38,13978.1279,17109.7106,0
23759,344.40,14063.3696,17109.7106,0
23760,344.43,14121.9809,17109.7106,0
23765,344.45,14218.1481,17109.7106,0
23766,344.46,14229.2229,17109.7106,0
23767,344.48,14484.6341,17109.7106,0
23768,344.50,14484.6341,17109.7106,0
23769,344.51,14649.8647,17109.7106,0
23770,344.53,14829.4423,17109.7106,0
23771,344.54,14895.2926,17109.7106,0
23772,344.56,14895.2926,17109.7106,0
23774,344.58,14895.2926,17109.7106,0
23783,344.60,14912.0063,17109.7106,0
23784,344.62,15019.4919,17109.7106,0
23785,344.64,15019.4919,17109.7106,0
23786,344.66,15019.4919,17109.7106,0
23787,344.67,15019.4919,17109.7106,0
23791,344.69,15019.4919,17109.7106,0
23792,344.71,15080.8072,17109.7106,0
23793,344.74,15264.2718,17109.7106,0
23795,344.76,15264.2718,17109.7106,0
23799,344.78,15264.2718,17109.7106,0
23800,344.80,15264.2718,17109.7106,0
23801,344.82,15264.2718,17109.7106,0
23806,344.87,15288.8274,17109.7106,0
23809,344.89,15443.0765,17109.7106,0
23810,344.91,15450.2576,17109.7106,0
23811,344.93,15450.2576,17109.7106,0
23812,344.96,15529.4865,17109.7106,0
23813,344.97,15529.4865,17109.7106,0
23814,344.99,15666.3250,17109.7106,0
23817,345.02,15704.2608,17109.7106,0
23818,345.04,15704.2608,17109.7106,0
23834,345.19,15704.2608,17109.7106,0
23836,345.21,15704.2608,17109.7106,0
23841,345.26,15704.2608,17109.7106,0
23844,345.28,15704.2608,17109.7106,0
23846,345.30,15704.2608,17109.7106,0
23847,345.31,15704.2608,17109.7106,0
23849,345.34,15704.2608,17109.7106,0
23853,345.35,15704.2608,17109.7106,0
23854,345.37,15704.2608,17109.7106,0
23855,345.37,15704.2608,17109.7106,0
23857,345.38,15704.2608,17109.7106,0
23858,345.38,15704.2608,17109.7106,0
23865,345.45,15704.2608,17109.7106,0
23866,345.47,15704.2608,17109.7106,0
23867,345.49,15704.2608,17109.7106,0
23868,345.49,15704.2608,17109.7106,0
23869,345.51,15704.2608,17109.7106,0
23870,345.51,15704.2608,17109.7106,0
23872,345.51,15704.2608,17109.7106,0
23873,345.52,15704.2608,17109.7106,0
23877,345.52,15704.2608,17109.7106,0
23880,345.53,15704.2608,17109.7106,0
23883,345.57,15704.2608,17109.7106,0
23884,345.58,15708.9541,17109.7106,0
23885,345.62,15861.0455,17109.7106,0
23886,345.64,15861.0455,17109.7106,0
23887,345.66,15861.0455,17109.7106,0
23888,345.68,15861.0455,17109.7106,0
23889,345.68,15861.0455,17109.7106,0
23890,345.70,15861.0455,17109.7106,0
23891,345.72,15861.0455,17109.7106,0
23893,345.75,15871.3684,17109.7106,0
23894,345.76,15871.3684,17109.7106,0
23895,345.78,15871.3684,17109.7106,0
23896,345.80,15871.3684,17109.7106,0
23897,345.81,15871.3684,17109.7106,0
23899,345.84,15871.3684,17109.7106,0
23900,345.85,15871.3684,17109.7106,0
23901,345.87,15871.3684,17109.7106,0
23902,345.89,15871.3684,17109.7106,0
23904,345.91,15875.8368,17109.7106,0
23905,345.93,15875.8368,17109.7106,0
23906,345.95,15875.8368,17109.7106,0
23907,345.96,15875.8368,17109.7106,0
23918,346.07,15875.8368,17109.7106,0
23919,346.08,15875.8368,17109.7106,0
23921,346.10,15875.8368,17109.7106,0
23923,346.11,15875.8368,17109.7106,0
23925,346.13,15875.8368,17109.7106,0
23927,346.14,15875.8368,17109.7106,0
23931,346.19,15875.8368,17109.7106,0
23933,346.22,15875.8368,17109.7106,0
23940,346.26,15875.8368,17109.7106,0
23941,346.28,15875.8368,17109.7106,0
23943,346.31,15875.8368,17109.7106,0
23946,346.35,15875.8368,17109.7106,0
23949,346.41,15877.8744,17109.7106,0
23951,346.43,15877.8744,17109.7106,0
23955,346.49,15883.0168,17109.7106,0
23956,346.51,15883.0168,17109.7106,0
23957,346.53,15883.0168,17109.7106,0
23958,346.55,15883.0168,17109.7106,0
23960,346.55,15883.0168,17109.7106,0
23961,346.57,15883.0168,17109.7106,0
23962,346.59,15883.0168,17109.7106,0
23963,346.61,15944.1295,17109.7106,0
23969,346.72,15944.1295,17109.7106,0
23971,346.75,15944.1295,17109.7106,0
23973,346.76,15944.1295,17109.7106,0
23974,346.78,15944.1295,17109.7106,0
23979,346.84,15944.1295,17109.7106,0
23981,346.89,15944.1295,17109.7106,0
23983,346.91,15944.1295,17109.7106,0
23984,346.92,15944.1295,17109.7106,0
23993,347.00,15944.1295,17109.7106,0
23994,347.01,15944.1295,17109.7106,0
23996,347.01,15944.1295,17109.7106,0
23999,347.03,15944.1295,17109.7106,0
24000,347.03,15944.1295,17109.7106,0
24001,347.03,15944.1295,17109.7106,0
24002,347.03,15944.1295,17109.7106,0
24003,347.05,15944.1295,17109.7106,0
24008,347.08,15944.1295,17109.7106,0
24011,347.10,15944.1295,17109.7106,0
24014,347.13,15944.1295,17109.7106,0
24015,347.14,15944.1295,17109.7106,0
24016,347.15,15944.1295,17109.7106,0
24017,347.15,15944.1295,17109.7106,0
24025,347.25,15944.1295,17109.7106,0
24027,347.25,15944.1295,17109.7106,0
24028,347.25,15944.1295,17109.7106,0
24031,347.28,15944.1295,17109.7106,0
24033,347.29,15944.1295,17109.7106,0
24034,347.29,15944.1295,17109.7106,0
24038,347.33,15944.1295,17109.7106,0
24041,347.35,15944.1295,17109.7106,0
24044,347.37,15944.1295,17109.7106,0
24053,347.42,15944.1295,17109.7106,0
24054,347.44,15944.1295,17109.7106,0
24055,347.45,15944.1295,17109.7106,0
24058,347.47,15944.1295,17109.7106,0
24059,347.48,15944.1295,17109.7106,0
24061,347.50,15944.1295,17109.7106,0
24064,347.52,15944.1295,17109.7106,1
24065,347.55,13226.9932,17109.7106,0
24066,347.56,13226.9932,17109.7106,0
24067,347.58,13226.9932,17109.7106,0
24068,347.60,13226.9932,17109.7106,0
24069,347.61,13261.7294,17109.7106,0
24071,347.65,13337.7669,17109.7106,0
24072,347.67,13337.7669,17109.7106,0
24073,347.68,13337.7669,17109.7106,0
24074,347.69,13604.6421,17109.7106,0
24075,347.72,13715.0655,17109.7106,0
24078,347.74,13719.4691,17109.7106,0
24081,347.76,13719.4691,17109.7106,0
24082,347.78,13852.9262,17109.7106,0
24086,347.82,13852.9262,17109.7106,0
24088,347.84,13982.4008,17109.7106,0
24089,347.85,13982.4008,17109.7106,0
24090,347.88,14261.1078,17109.7106,0
24091,347.90,14261.1078,17109.7106,0
24093,347.92,14261.1078,17109.7106,0
24094,347.93,14261.1078,17109.7106,0
24097,347.95,14373.6612,17109.7106,0
24098,347.97,14421.3303,17109.7106,0
24099,347.99,14421.3303,17109.7106,0
24100,348.00,14848.1016,17109.7106,0
24101,348.01,14848.1016,17109.7106,0
24103,348.03,14848.1016,17109.7106,0
24104,348.05,14866.1867,17109.7106,0
24105,348.06,14866.1867,17109.7106,0
24106,348.08,14866.1867,17109.7106,0
24107,348.09,14866.1867,17109.7106,0
24108,348.11,14866.1867,17109.7106,0
24109,348.13,14891.4500,17109.7106,0
24111,348.15,14895.7859,17109.7106,0
24112,348.16,15046.3617,17109.7106,0
24114,348.18,15157.7501,17109.7106,0
24116,348.20,15157.7501,17109.7106,0
24117,348.21,15157.7501,17109.7106,0
24118,348.23,15352.0319,17109.7106,0
24119,348.24,15352.0319,17109.7106,0
24121,348.26,15352.0319,17109.7106,0
24123,348.28,15352.0319,17109.7106,0
24126,348.29,15352.0319,17109.7106,0
24127,348.30,15352.0319,17109.7106,0
24130,348.33,15352.0319,17109.7106,0
24131,348.35,15447.6855,17109.7106,0
24132,348.36,15447.6855,17109.7106,0
24133,348.38,15447.6855,17109.7106,0
24134,348.39,15447.6855,17109.7106,0
24135,348.42,15527.8397,17109.7106,0
24141,348.46,15527.8397,17109.7106,0
24142,348.47,15527.8397,17109.7106,0
24143,348.49,15527.8397,17109.7106,0
24145,348.53,15527.8397,17109.7106,0
24147,348.55,15527.8397,17109.7106,0
24148,348.56,15527.8397,17109.7106,0
24150,348.58,15527.8397,17109.7106,0
24152,348.61,15527.8397,17109.7106,0
24155,348.63,15527.8397,17109.7106,0
24158,348.65,15527.8397,17109.7106,0
24159,348.67,15527.8397,17109.7106,0
24161,348.68,15527.8397,17109.7106,0
24162,348.70,15527.8397,17109.7106,0
24166,348.74,15527.8397,17109.7106,0
24172,348.80,15527.8397,17109.7106,0
24173,348.80,15527.8397,17109.7106,0
24176,348.80,15527.8397,17109.7106,0
24177,348.82,15527.8397,17109.7106,0
24178,348.82,15527.8397,17109.7106,0
24180,348.84,15527.8397,17109.7106,0
24182,348.84,15527.8397,17109.7106,0
24183,348.85,15527.8397,17109.7106,0
24184,348.86,15527.8397,17109.7106,0
24185,348.86,15527.8397,17109.7106,0
24188,348.86,15527.8397,17109.7106,0
24191,348.89,15527.8397,17109.7106,0
24193,348.92,15566.1052,17109.7106,0
24195,348.96,15566.1052,17109.7106,0
24198,349.05,15566.1052,17109.7106,0
24200,349.06,15566.1052,17109.7106,0
24201,349.08,15566.1052,17109.7106,0
24202,349.09,15566.1052,17109.7106,0
24203,349.10,15566.1052,17109.7106,0
24204,349.12,15566.1052,17109.7106,0
24205,349.12,15566.1052,17109.7106,0
24206,349.14,15566.1052,17109.7106,0
24207,349.15,15566.1052,17109.7106,0
24208,349.17,15566.1052,17109.7106,0
24210,349.21,15571.7421,17109.7106,0
24217,349.28,15571.7421,17109.7106,0
24221,349.30,15571.7421,17109.7106,0
24225,349.32,15571.7421,17109.7106,0
24226,349.34,15571.7421,17109.7106,0
24227,349.36,15571.7421,17109.7106,0
24230,349.36,15571.7421,17109.7106,0
24233,349.40,15571.7421,17109.7106,0
24239,349.47,15571.7421,17109.7106,0
24241,349.47,15571.7421,17109.7106,0
24243,349.49,15571.7421,17109.7106,0
24244,349.49,15571.7421,17109.7106,0
24249,349.55,15571.7421,17109.7106,0
24250,349.57,15571.7421,17109.7106,0
24257,349.63,15571.7421,17109.7106,0
24259,349.65,15571.7421,17109.7106,0
24260,349.66,15571.7421,17109.7106,0
24261,349.68,15571.7421,17109.7106,0
24262,349.68,15571.7421,17109.7106,0
24266,349.71,15571.7421,17109.7106,0
24269,349.71,15571.7421,17109.7106,0
24271,349.71,15571.7421,17109.7106,0
24273,349.73,15571.7421,17109.7106,0
24281,349.78,15571.7421,17109.7106,0
24286,349.82,15571.7421,17109.7106,0
24287,349.83,15571.7421,17109.7106,0
24293,349.86,15571.7421,17109.7106,0
24296,349.88,15571.7421,17109.7106,0
24306,349.98,15571.7421,17109.7106,0
24311,350.02,15571.7421,17109.7106,1
24312,350.04,13192.6189,17109.7106,0
24313,350.06,13412.5114,17109.7106,0
24314,350.07,13694.7424,17109.7106,0
24315,350.08,13930.2436,17109.7106,0
24316,350.10,13941.6385,17109.7106,0
24317,350.11,13949.9258,17109.7106,0
24318,350.12,13949.9258,17109.7106,0
24319,350.14,13949.9258,17109.7106,0
24320,350.15,13949.9258,17109.7106,0
24321,350.16,13949.9258,17109.7106,0
24326,350.22,14153.1404,17109.7106,0
24327,350.24,14161.0065,17109.7106,0
24330,350.26,14255.6376,17109.7106,0
24331,350.27,14255.6376,17109.7106,0
24333,350.29,14700.6978,17109.7106,0
24337,350.31,14700.6978,17109.7106,0
24338,350.32,14701.1433,17109.7106,0
24340,350.33,14714.5037,17109.7106,0
24341,350.35,14714.5037,17109.7106,0
24342,350.36,14714.5037,17109.7106,0
24344,350.38,14714.5037,17109.7106,0
24345,350.39,14970.9259,17109.7106,0
24346,350.41,15033.9090,17109.7106,0
24347,350.42,15096.7107,17109.7106,0
24349,350.48,15096.7107,17109.7106,0
24350,350.50,15096.7107,17109.7106,0
24351,350.51,15194.5071,17109.7106,0
24352,350.54,15274.8087,17109.7106,0
24356,350.56,15274.8087,17109.7106,0
24359,350.57,15274.8087,17109.7106,0
24360,350.59,15274.8087,17109.7106,0
24363,350.60,15274.8087,17109.7106,0
24364,350.63,15300.8160,17109.7106,0
24368,350.67,15300.8160,17109.7106,0
24377,350.77,15301.1626,17109.7106,0
24379,350.82,15301.1626,17109.7106,0
24380,350.84,15301.1626,17109.7106,0
24382,350.85,15301.1626,17109.7106,0
24384,350.89,15301.1626,17109.7106,0
24387,350.91,15301.1626,17109.7106,0
24392,350.94,15301.1626,17109.7106,0
24395,350.96,15301.1626,17109.7106,0
24397,350.97,15301.1626,17109.7106,0
24399,350.98,15301.1626,17109.7106,0
24400,351.00,15301.1626,17109.7106,0
24401,351.01,15301.1626,17109.7106,0
24407,351.03,15301.1626,17109.7106,0
24408,351.05,15301.1626,17109.7106,0
24410,351.07,15301.1626,17109.7106,0
24415,351.10,15301.1626,17109.7106,0
24421,351.17,15301.1626,17109.7106,0
24423,351.19,15301.1626,17109.7106,0
24424,351.21,15321.7912,17109.7106,0
24425,351.23,15321.7912,17109.7106,0
24426,351.24,15321.7912,17109.7106,0
24427,351.26,15433.4282,17109.7106,0
24430,351.30,15433.4282,17109.7106,0
24432,351.31,15433.4282,17109.7106,0
24435,351.37,15475.6179,17109.7106,0
24436,351.39,15475.6179,17109.7106,0
24440,351.41,15475.6179,17109.7106,0
24442,351.44,15476.9163,17109.7106,0
24443,351.46,15498.5949,17109.7106,0
24446,351.49,15498.5949,17109.7106,0
24447,351.49,15498.5949,17109.7106,0
24448,351.51,15498.5949,17109.7106,0
24449,351.52,15498.5949,17109.7106,0
24451,351.56,15498.5949,17109.7106,0
24452,351.57,15498.5949,17109.7106,0
24454,351.57,15498.5949,17109.7106,0
24455,351.57,15498.5949,17109.7106,0
24456,351.59,15498.5949,17109.7106,0
24460,351.61,15498.5949,17109.7106,0
24461,351.63,15498.5949,17109.7106,0
24463,351.65,15498.5949,17109.7106,0
24464,351.67,15498.5949,17109.7106,0
24465,351.67,15498.5949,17109.7106,0
24469,351.69,15498.5949,17109.7106,0
24470,351.71,15498.5949,17109.7106,0
24471,351.72,15506.0616,17109.7106,0
24472,351.74,15506.0616,17109.7106,0
24473,351.75,15594.1868,17109.7106,0
24475,351.77,15594.1868,17109.7106,0
24476,351.79,15596.0265,17109.7106,0
24477,351.80,15700.7098,17109.7106,0
24479,351.82,15827.9287,17109.7106,0
24480,351.84,15827.9287,17109.7106,0
24483,351.86,15850.7156,17109.7106,0
24486,351.87,15850.7156,17109.7106,0
24489,351.88,15850.7156,17109.7106,0
24490,351.89,15864.9108,17109.7106,0
24492,351.92,15864.9108,17109.7106,0
24498,351.98,15864.9108,17109.7106,0
24501,352.04,15864.9108,17109.7106,0
24503,352.06,15864.9108,17109.7106,0
24507,352.11,15864.9108,17109.7106,0
24509,352.13,15864.9108,17109.7106,0
24510,352.14,15865.0099,17109.7106,0
24511,352.16,15865.0099,17109.7106,0
24513,352.18,15866.5082,17109.7106,0
24514,352.20,15866.5565,17109.7106,0
24515,352.21,15866.5565,17109.7106,0
24516,352.23,15866.5565,17109.7106,0
24517,352.24,15866.5565,17109.7106,0
24519,352.26,15866.5565,17109.7106,0
24520,352.28,15866.5565,17109.7106,0
24523,352.29,15866.5565,17109.7106,0
24525,352.31,16022.4232,17109.7106,0
24527,352.35,16022.4232,17109.7106,0
24529,352.36,16022.4232,17109.7106,0
24531,352.38,16022.4232,17109.7106,0
24533,352.42,16022.4232,17109.7106,0
24534,352.43,16022.4232,17109.7106,0
24535,352.45,16022.4232,17109.7106,0
24544,352.51,16022.4232,17109.7106,0
24547,352.55,16022.4232,17109.7106,0
24548,352.56,16022.4232,17109.7106,0
24550,352.58,16022.4232,17109.7106,0
24556,352.64,16024.3380,17109.7106,0
24559,352.67,16024.3380,17109.7106,0
24560,352.69,16024.3380,17109.7106,0
24561,352.71,16024.3380,17109.7106,0
24562,352.72,16024.3380,17109.7106,0
24564,352.74,16024.3380,17109.7106,0
24565,352.76,16024.3380,17109.7106,0
24570,352.84,16024.3380,17109.7106,0
24575,352.90,16024.3380,17109.7106,0
24579,352.94,16024.3380,17109.7106,0
24580,352.95,16024.3380,17109.7106,0
24581,352.97,16024.3380,17109.7106,0
24585,353.01,16025.2280,17109.7106,0
24586,353.02,16025.2280,17109.7106,0
24588,353.04,16025.2280,17109.7106,0
24591,353.07,16033.0985,17109.7106,0
24593,353.11,16033.0985,17109.7106,0
24595,353.13,16033.0985,17109.7106,0
24598,353.15,16033.0985,17109.7106,0
24599,353.16,16033.0985,17109.7106,0
24600,353.18,16033.0985,17109.7106,0
24604,353.20,16033.0985,17109.7106,0
24607,353.24,16033.0985,17109.7106,0
24608,353.25,16036.0437,17109.7106,0
24610,353.27,16150.8209,17109.7106,0
24614,353.32,16150.8209,17109.7106,0
24616,353.34,16150.8209,17109.7106,0
24618,353.38,16150.8209,17109.7106,0
24620,353.39,16150.8209,17109.7106,0
24621,353.41,16150.8209,17109.7106,0
24622,353.43,16150.8209,17109.7106,0
24628,353.46,16152.4134,17109.7106,0
24630,353.48,16152.4134,17109.7106,0
24632,353.50,16165.1186,17109.7106,0
24633,353.53,16215.0373,17109.7106,0
24635,353.57,16215.0373,17109.7106,0
24638,353.58,16215.0373,17109.7106,0
24641,353.64,16215.0373,17109.7106,0
24642,353.64,16215.0373,17109.7106,0
24645,353.67,16215.0373,17109.7106,0
24646,353.69,16215.0373,17109.7106,0
24647,353.71,16215.0373,17109.7106,0
24652,353.73,16215.0373,17109.7106,0
24653,353.73,16215.0373,17109.7106,0
24660,353.79,16215.0373,17109.7106,0
24664,353.81,16215.0373,17109.7106,0
24666,353.82,16215.0373,17109.7106,0
24669,353.85,16215.0373,17109.7106,0
24670,353.85,16215.0373,17109.7106,0
24671,353.85,16215.0373,17109.7106,0
24675,353.91,16215.0373,17109.7106,0
24676,353.92,16215.0373,17109.7106,0
24678,353.93,16215.0373,17109.7106,0
24679,353.93,16215.0373,17109.7106,0
24684,353.97,16215.0373,17109.7106,0
24685,353.98,16215.0373,17109.7106,0
24687,354.00,16221.6378,17109.7106,0
24695,354.07,16221.6378,17109.7106,0
24696,354.09,16221.6378,17109.7106,0
24700,354.11,16221.6378,17109.7106,0
24701,354.13,16221.6378,17109.7106,0
24702,354.15,16221.6378,17109.7106,0
24704,354.17,16221.6378,17109.7106,0
24707,354.20,16221.6378,17109.7106,0
24708,354.22,16221.6378,17109.7106,0
24709,354.23,16221.6378,17109.7106,0
24717,354.34,16221.6378,17109.7106,0
24718,354.35,16221.6378,17109.7106,0
24719,354.35,16221.6378,17109.7106,0
24726,354.39,16221.6378,17109.7106,0
24732,354.45,16221.6378,17109.7106,0
24733,354.46,16226.0932,17109.7106,0
24737,354.50,16226.0932,17109.7106,0
24738,354.51,16226.0932,17109.7106,0
24739,354.53,16226.0932,17109.7106,0
24741,354.55,16226.0932,17109.7106,0
24744,354.58,16226.0932,17109.7106,0
24745,354.62,16226.0932,17109.7106,0
24746,354.64,16226.0932,17109.7106,0
24747,354.66,16226.0932,17109.7106,0
24748,354.67,16226.0932,17109.7106,0
24750,354.69,16226.0932,17109.7106,0
24752,354.71,16226.0932,17109.7106,0
24754,354.73,16226.0932,17109.7106,0
24757,354.75,16226.0932,17109.7106,0
24758,354.75,16226.0932,17109.7106,0
24760,354.77,16226.0932,17109.7106,0
24767,354.80,16226.0932,17109.7106,0
24768,354.80,16226.0932,17109.7106,0
24770,354.82,16226.0932,17109.7106,0
24772,354.86,16226.0932,17109.7106,0
24774,354.88,16226.0932,17109.7106,0
24777,354.92,16226.0932,17109.7106,0
24778,354.92,16226.0932,17109.7106,0
24782,354.97,16226.0932,17109.7106,0
24784,354.97,16226.0932,17109.7106,0
24791,355.03,16226.0932,17109.7106,0
24795,355.05,16226.0932,17109.7106,0
24797,355.07,16226.0932,17109.7106,0
24798,355.09,16226.0932,17109.7106,0
24807,355.19,16226.0932,17109.7106,0
24809,355.21,16226.0932,17109.7106,0
24815,355.25,16226.0932,17109.7106,0
24816,355.26,16226.0932,17109.7106,0
24821,355.32,16226.0932,17109.7106,0
24822,355.32,16226.0932,17109.7106,0
24824,355.32,16226.0932,17109.7106,0
24825,355.33,16226.0932,17109.7106,0
24826,355.33,16226.0932,17109.7106,0
24827,355.33,16226.0932,17109.7106,0
24829,355.34,16226.0932,17109.7106,0
24830,355.34,16226.0932,17109.7106,0
24834,355.38,16226.0932,17109.7106,1
24835,355.41,11724.5390,17109.7106,0
24836,355.42,11724.5390,17109.7106,0
24837,355.43,11724.5390,17109.7106,0
24838,355.45,11726.9663,17109.7106,0
24839,355.46,11735.8017,17109.7106,0
24840,355.47,11736.9235,17109.7106,0
24841,355.49,11736.9235,17109.7106,0
24842,355.50,12064.3936,17109.7106,0
24843,355.51,12065.8229,17109.7106,0
24844,355.53,12065.8229,17109.7106,0
24845,355.54,12065.8229,17109.7106,0
24846,355.56,12083.9755,17109.7106,0
24847,355.57,12260.0787,17109.7106,0
24848,355.59,12573.0451,17109.7106,0
24849,355.60,12573.0451,17109.7106,0
24850,355.61,12573.0451,17109.7106,0
24851,355.63,12574.3284,17109.7106,0
24852,355.64,12582.1655,17109.7106,0
24853,355.66,12582.1655,17109.7106,0
24854,355.67,12659.1715,17109.7106,0
24855,355.68,12659.1715,17109.7106,0
24856,355.69,12659.1715,17109.7106,0
24857,355.71,12671.7489,17109.7106,0
24858,355.72,12671.7489,17109.7106,0
24859,355.74,12699.0937,17109.7106,0
24860,355.75,12699.0937,17109.7106,0
24861,355.76,12699.0937,17109.7106,0
24862,355.76,12699.0937,17109.7106,0
24863,355.78,12710.0451,17109.7106,0
24864,355.79,12710.0451,17109.7106,0
24865,355.81,12710.1201,17109.7106,0
24866,355.82,12710.1201,17109.7106,0
24867,355.84,12762.2014,17109.7106,0
24868,355.85,12762.2014,17109.7106,0
24869,355.87,12762.2014,17109.7106,0
24870,355.88,12985.5084,17109.7106,0
24871,355.90,13382.9701,17109.7106,0
24872,355.92,13391.7896,17109.7106,0
24873,355.93,13404.7344,17109.7106,0
24874,355.95,13404.7344,17109.7106,0
24875,355.96,13503.7155,17109.7106,0
24876,355.98,13794.1809,17109.7106,0
24878,355.99,13794.1809,17109.7106,0
24879,356.01,14001.8134,17109.7106,0
24880,356.02,14032.4880,17109.7106,0
24881,356.03,14032.4880,17109.7106,0
24882,356.05,14032.4880,17109.7106,0
24883,356.06,14032.4880,17109.7106,0
24884,356.06,14032.4880,17109.7106,0
24885,356.07,14433.4485,17109.7106,0
24886,356.09,14433.4485,17109.7106,0
24887,356.11,14433.4485,17109.7106,0
24889,356.12,14433.4485,17109.7106,0
24890,356.12,14433.4485,17109.7106,0
24891,356.13,14433.4485,17109.7106,0
24892,356.15,14433.4485,17109.7106,0
24893,356.16,14433.4485,17109.7106,0
24894,356.18,14515.4324,17109.7106,0
24895,356.20,14651.0722,17109.7106,0
24896,356.22,14668.2814,17109.7106,0
24897,356.23,14877.5922,17109.7106,0
24898,356.25,14877.5922,17109.7106,0
24900,356.27,14881.1772,17109.7106,0
24901,356.28,14881.1772,17109.7106,0
24902,356.30,15026.9935,17109.7106,0
24903,356.32,15043.1565,17109.7106,0
24904,356.33,15049.3455,17109.7106,0
24905,356.36,15055.7384,17109.7106,0
24906,356.37,15059.3683,17109.7106,0
24907,356.39,15062.0303,17109.7106,0
24909,356.41,15200.2035,17109.7106,0
24910,356.43,15286.4830,17109.7106,0
24914,356.49,15286.4830,17109.7106,0
24916,356.50,15286.4830,17109.7106,0
24918,356.55,15286.4830,17109.7106,0
24921,356.59,15286.4830,17109.7106,0
24923,356.60,15286.4830,17109.7106,0
24927,356.68,15286.4830,17109.7106,0
24929,356.71,15286.4830,17109.7106,0
24935,356.77,15286.4830,17109.7106,0
24936,356.77,15286.4830,17109.7106,0
24938,356.80,15286.4830,17109.7106,0
24941,356.83,15286.9761,17109.7106,0
24945,356.89,15286.9761,17109.7106,0
24946,356.91,15286.9761,17109.7106,0
24948,356.93,15286.9761,17109.7106,0
24950,356.96,15286.9761,17109.7106,0
24953,356.98,15286.9761,17109.7106,0
24955,357.00,15286.9761,17109.7106,0
24956,357.01,15286.9761,17109.7106,0
24957,357.02,15286.9761,17109.7106,0
24958,357.04,15300.5378,17109.7106,0
24960,357.08,15300.5378,17109.7106,0
24962,357.11,15300.5378,17109.7106,0
24964,357.18,15300.5378,17109.7106,0
24968,357.24,15300.5378,17109.7106,0
24970,357.26,15300.5378,17109.7106,0
24971,357.28,15300.5378,17109.7106,0
24973,357.28,15300.5378,17109.7106,0
24974,357.30,15300.5378,17109.7106,0
24976,357.34,15301.6145,17109.7106,0
24978,357.37,15301.6145,17109.7106,0
24980,357.41,15301.6145,17109.7106,0
24981,357.41,15301.6145,17109.7106,0
24984,357.43,15301.6145,17109.7106,0
24985,357.44,15301.6145,17109.7106,0
24986,357.46,15301.6145,17109.7106,0
24988,357.48,15301.6145,17109.7106,0
24991,357.50,15301.6145,17109.7106,0
24993,357.52,15301.6145,17109.7106,0
24994,357.54,15301.6145,17109.7106,0
25000,357.56,15301.6145,17109.7106,0
25004,357.58,15301.6145,17109.7106,0
25005,357.60,15301.6145,17109.7106,0
25007,357.62,15301.6145,17109.7106,0
25016,357.72,15301.6145,17109.7106,0
25018,357.74,15301.6145,17109.7106,0
25020,357.74,15301.6145,17109.7106,0
25021,357.74,15301.6145,17109.7106,0
25022,357.74,15301.6145,17109.7106,0
25024,357.78,15301.6145,17109.7106,0
25027,357.80,15301.6145,17109.7106,0
25028,357.80,15301.6145,17109.7106,0
25030,357.82,15301.6145,17109.7106,0
25031,357.82,15301.6145,17109.7106,0
25038,357.92,15301.6145,17109.7106,0
25039,357.92,15301.6145,17109.7106,0
25040,357.92,15301.6145,17109.7106,0
25044,357.96,15301.6145,17109.7106,0
25046,357.98,15301.6145,17109.7106,0
25049,358.00,15301.6145,17109.7106,0
25050,358.02,15301.6145,17109.7106,0
25051,358.02,15301.6145,17109.7106,0
25062,358.12,15301.6145,17109.7106,0
25064,358.15,15301.6145,17109.7106,0
25066,358.17,15301.6145,17109.7106,0
25068,358.18,15301.6145,17109.7106,0
25069,358.18,15301.6145,17109.7106,0
25070,358.19,15301.6145,17109.7106,0
25072,358.19,15301.6145,17109.7106,0
25077,358.25,15301.6145,17109.7106,1
25078,358.28,11528.1991,17109.7106,0
25079,358.29,11528.1991,17109.7106,0
25080,358.31,11528.1991,17109.7106,0
25081,358.32,11528.1991,17109.7106,0
25082,358.32,11528.1991,17109.7106,0
25083,358.34,11528.1991,17109.7106,0
25084,358.36,11603.4725,17109.7106,0
25085,358.37,11603.4725,17109.7106,0
25086,358.38,11842.1671,17109.7106,0
25087,358.40,12006.3334,17109.7106,0
25088,358.41,12062.7821,17109.7106,0
25089,358.43,12169.5436,17109.7106,0
25090,358.44,12563.9744,17109.7106,0
25092,358.45,12563.9744,17109.7106,0
25094,358.47,12643.8531,17109.7106,0
25095,358.48,12878.6612,17109.7106,0
25097,358.50,12878.6612,17109.7106,0
25098,358.51,12960.9394,17109.7106,0
25099,358.52,12960.9394,17109.7106,0
25101,358.54,12960.9394,17109.7106,0
25102,358.54,12960.9394,17109.7106,0
25103,358.55,13052.1341,17109.7106,0
25104,358.56,13052.1341,17109.7106,0
25105,358.58,13062.7313,17109.7106,0
25106,358.59,13063.2616,17109.7106,0
25108,358.60,13328.3923,17109.7106,0
25109,358.62,13328.3923,17109.7106,0
25110,358.64,13471.3332,17109.7106,0
25111,358.65,13583.4583,17109.7106,0
25112,358.66,13583.4583,17109.7106,0
25113,358.68,13583.4583,17109.7106,0
25114,358.69,13583.4583,17109.7106,0
25115,358.70,13583.4583,17109.7106,0
25116,358.72,13583.4583,17109.7106,0
25117,358.73,13634.7514,17109.7106,0
25118,358.75,13634.7514,17109.7106,0
25119,358.76,13650.4349,17109.7106,0
25121,358.78,13707.0098,17109.7106,0
25123,358.80,13707.0098,17109.7106,0
25124,358.82,13905.5200,17109.7106,0
25126,358.84,14049.7645,17109.7106,0
25127,358.85,14049.7645,17109.7106,0
25128,358.89,14244.1645,17109.7106,0
25129,358.90,14244.1645,17109.7106,0
25130,358.92,14244.1645,17109.7106,0
25131,358.93,14244.1645,17109.7106,0
25133,358.95,14244.1645,17109.7106,0
25134,358.95,14244.1645,17109.7106,0
25135,358.95,14244.1645,17109.7106,0
25137,358.95,14244.1645,17109.7106,0
25139,358.97,14244.1645,17109.7106,0
25141,358.98,14384.6811,17109.7106,0
25143,359.00,14432.9865,17109.7106,0
25144,359.02,14553.0915,17109.7106,0
25145,359.04,14737.5854,17109.7106,0
25147,359.07,14737.5854,17109.7106,0
25151,359.11,14737.5854,17109.7106,0
25155,359.15,14737.5854,17109.7106,0
25156,359.16,14737.5854,17109.7106,0
25157,359.16,14737.5854,17109.7106,0
25158,359.18,14737.5854,17109.7106,0
25159,359.20,14737.5854,17109.7106,0
25162,359.22,14737.5854,17109.7106,0
25166,359.26,14737.5854,17109.7106,0
25168,359.29,14737.5854,17109.7106,0
25169,359.29,14737.5854,17109.7106,0
25170,359.29,14737.5854,17109.7106,0
25171,359.31,14737.5854,17109.7106,0
25172,359.32,14737.5854,17109.7106,0
25175,359.36,14748.4358,17109.7106,0
25177,359.38,14748.4358,17109.7106,0
25178,359.40,14748.4358,17109.7106,0
25180,359.42,14748.4358,17109.7106,0
25181,359.44,14770.1001,17109.7106,0
25182,359.46,14770.1001,17109.7106,0
25184,359.48,14770.1001,17109.7106,0
25190,359.51,14770.1001,17109.7106,0
25192,359.52,14770.1001,17109.7106,0
25195,359.57,14770.1001,17109.7106,0
25196,359.59,14770.1001,17109.7106,0
25198,359.59,14770.1001,17109.7106,0
25200,359.61,14770.1001,17109.7106,0
25201,359.61,14770.1001,17109.7106,0
25202,359.63,14770.1001,17109.7106,0
25204,359.64,14770.3355,17109.7106,0
25205,359.66,14770.3355,17109.7106,0
25207,359.71,14770.3355,17109.7106,0
25208,359.73,14855.4629,17109.7106,0
25209,359.74,14855.4629,17109.7106,0
25211,359.78,14858.0425,17109.7106,0
25212,359.80,14858.0425,17109.7106,0
25213,359.81,14858.0425,17109.7106,0
25216,359.86,14858.0425,17109.7106,0
25217,359.87,14858.0425,17109.7106,0
25218,359.89,14858.0425,17109.7106,0
25219,359.90,14858.0425,17109.7106,0
25221,359.94,14858.0425,17109.7106,0
25222,359.94,14858.0425,17109.7106,0
25227,359.99,14858.0425,17109.7106,0
25230,360.01,14858.0425,17109.7106,0
25231,360.03,14858.0425,17109.7106,0
25233,360.07,14860.1061,17109.7106,0
25234,360.08,14860.1061,17109.7106,0
25235,360.10,14990.6981,17109.7106,0
25237,360.15,14990.6981,17109.7106,0
25242,360.17,15028.2983,17109.7106,0
25243,360.21,15063.7753,17109.7106,0
25245,360.24,15063.7753,17109.7106,0
25246,360.25,15063.7753,17109.7106,0
25247,360.27,15063.7753,17109.7106,0
25248,360.31,15063.7753,17109.7106,0
25251,360.37,15063.7753,17109.7106,0
25252,360.39,15063.7753,17109.7106,0
25255,360.41,15063.7753,17109.7106,0
25257,360.43,15063.7753,17109.7106,0
25258,360.43,15063.7753,17109.7106,0
25259,360.45,15063.7753,17109.7106,0
25260,360.48,15063.7753,17109.7106,0
25261,360.48,15063.7753,17109.7106,0
25264,360.49,15063.7753,17109.7106,0
25265,360.50,15063.7753,17109.7106,0
25267,360.53,15063.7753,17109.7106,0
25268,360.54,15063.7753,17109.7106,0
25272,360.60,15063.7753,17109.7106,0
25273,360.60,15063.7753,17109.7106,0
25274,360.60,15063.7753,17109.7106,0
25275,360.60,15063.7753,17109.7106,0
25277,360.61,15063.7753,17109.7106,0
25278,360.61,15063.7753,17109.7106,0
25280,360.63,15063.7753,17109.7106,0
25281,360.63,15063.7753,17109.7106,0
25282,360.65,15063.7753,17109.7106,0
25283,360.65,15063.7753,17109.7106,0
25284,360.65,15063.7753,17109.7106,0
25286,360.65,15063.7753,17109.7106,0
25287,360.66,15063.7753,17109.7106,0
25290,360.69,15063.7753,17109.7106,0
25295,360.72,15063.7753,17109.7106,0
25296,360.74,15063.7753,17109.7106,0
25303,360.82,15063.7753,17109.7106,0
25304,360.82,15063.7753,17109.7106,0
25306,360.85,15068.8112,17109.7106,0
25307,360.87,15068.8112,17109.7106,0
25308,360.89,15068.8112,17109.7106,0
25309,360.91,15068.8112,17109.7106,0
25310,360.93,15068.8112,17109.7106,0
25311,360.94,15068.8112,17109.7106,0
25312,360.96,15068.8112,17109.7106,0
25314,361.00,15068.8112,17109.7106,0
25318,361.05,15068.8112,17109.7106,0
25325,361.15,15068.8112,17109.7106,0
25326,361.15,15068.8112,17109.7106,0
25333,361.29,15068.8112,17109.7106,0
25337,361.29,15068.8112,17109.7106,0
25339,361.31,15068.8112,17109.7106,0
25340,361.32,15068.8112,17109.7106,0
25341,361.34,15068.8112,17109.7106,0
25342,361.36,15068.8112,17109.7106,0
25343,361.36,15068.8112,17109.7106,0
25345,361.42,15068.8112,17109.7106,0
25346,361.42,15068.8112,17109.7106,0
25347,361.42,15068.8112,17109.7106,0
25348,361.42,15068.8112,17109.7106,0
25360,361.57,15068.8112,17109.7106,0
25361,361.59,15068.8112,17109.7106,0
25363,361.61,15068.8112,17109.7106,0
25365,361.63,15079.3641,17109.7106,0
25366,361.64,15079.3641,17109.7106,0
25367,361.72,15079.3641,17109.7106,0
25369,361.74,15079.3641,17109.7106,0
25372,361.78,15079.3641,17109.7106,0
25375,361.81,15079.3641,17109.7106,0
25376,361.82,15079.3641,17109.7106,0
25377,361.84,15079.3641,17109.7106,0
25381,361.88,15079.3641,17109.7106,0
25386,361.93,15079.3641,17109.7106,0
25388,361.95,15079.3641,17109.7106,0
25390,361.99,15079.3641,17109.7106,0
25392,361.99,15079.3641,17109.7106,0
25393,361.99,15079.3641,17109.7106,0
25396,361.99,15079.3641,17109.7106,0
25399,362.03,15079.3641,17109.7106,0
25402,362.07,15079.3641,17109.7106,0
25404,362.11,15079.3641,17109.7106,0
25406,362.11,15079.3641,17109.7106,0
25407,362.11,15079.3641,17109.7106,0
25408,362.13,15079.3641,17109.7106,0
25409,362.14,15079.3641,17109.7106,0
25411,362.16,15079.3641,17109.7106,0
25412,362.16,15079.3641,17109.7106,0
25416,362.16,15079.3641,17109.7106,0
25417,362.18,15079.3641,17109.7106,0
25418,362.18,15079.3641,17109.7106,0
25420,362.19,15079.3641,17109.7106,0
25421,362.20,15079.3641,17109.7106,0
25422,362.21,15079.3641,17109.7106,0
25424,362.23,15079.3641,17109.7106,0
25425,362.25,15079.3641,17109.7106,0
25426,362.25,15079.3641,17109.7106,0
25431,362.29,15079.3641,17109.7106,0
25432,362.29,15079.3641,17109.7106,0
25435,362.31,15079.3641,17109.7106,0
25437,362.33,15079.3641,17109.7106,0
25439,362.33,15079.3641,17109.7106,0
25441,362.35,15079.3641,17109.7106,0
25443,362.35,15079.3641,17109.7106,0
25444,362.35,15079.3641,17109.7106,0
25445,362.35,15079.3641,17109.7106,0
25449,362.37,15079.3641,17109.7106,0
25450,362.39,15079.3641,17109.7106,0
25452,362.39,15079.3641,17109.7106,0
25454,362.41,15079.3641,17109.7106,0
25457,362.45,15079.3641,17109.7106,0
25461,362.49,15079.3641,17109.7106,0
25462,362.49,15079.3641,17109.7106,0
25463,362.49,15079.3641,17109.7106,0
25466,362.53,15079.3641,17109.7106,1
25467,362.55,11376.3828,17109.7106,0
25468,362.57,11508.4550,17109.7106,0
25470,362.61,11583.3072,17109.7106,0
25471,362.62,11583.3072,17109.7106,0
25473,362.64,11583.3072,17109.7106,0
25475,362.65,11583.3072,17109.7106,0
25479,362.73,11675.8224,17109.7106,0
25480,362.74,11675.8224,17109.7106,0
25481,362.74,11675.8224,17109.7106,0
25482,362.75,11675.8224,17109.7106,0
25483,362.75,11675.8224,17109.7106,0
25484,362.77,11792.6479,17109.7106,0
25485,362.79,11792.6479,17109.7106,0
25486,362.80,11792.6479,17109.7106,0
25487,362.82,11792.6479,17109.7106,0
25488,362.83,11792.6479,17109.7106,0
25489,362.85,11792.6479,17109.7106,0
25490,362.86,11792.6479,17109.7106,0
25491,362.88,11805.5905,17109.7106,0
25493,362.89,11808.1859,17109.7106,0
25494,362.91,11854.8832,17109.7106,0
25495,362.93,11854.8832,17109.7106,0
25497,362.95,11961.5617,17109.7106,0
25498,362.96,11961.5617,17109.7106,0
25499,362.98,11961.5617,17109.7106,0
25500,363.02,12332.5514,17109.7106,0
25501,363.04,12417.5769,17109.7106,0
25502,363.06,12417.5769,17109.7106,0
25503,363.09,12454.3459,17109.7106,0
25505,363.14,12454.3459,17109.7106,0
25509,363.17,12454.3459,17109.7106,0
25511,363.21,12454.3459,17109.7106,0
25513,363.23,12454.3459,17109.7106,0
25514,363.24,12454.3459,17109.7106,0
25515,363.26,12454.3459,17109.7106,0
25516,363.28,12454.3459,17109.7106,0
25522,363.31,12454.3459,17109.7106,0
25525,363.38,12454.3459,17109.7106,0
25528,363.40,12454.3459,17109.7106,0
25530,363.43,12454.3459,17109.7106,0
25535,363.50,12454.3459,17109.7106,0
25536,363.50,12454.3459,17109.7106,0
25538,363.51,12454.3459,17109.7106,0
25543,363.56,12454.3459,17109.7106,0
25546,363.60,12454.3459,17109.7106,0
25548,363.63,12454.3459,17109.7106,0
25551,363.65,12454.3459,17109.7106,0
25553,363.65,12454.3459,17109.7106,0
25554,363.65,12454.3459,17109.7106,0
25558,363.70,12460.1452,17109.7106,0
25559,363.72,12460.1452,17109.7106,0
25560,363.73,12460.1452,17109.7106,0
25561,363.75,12468.2738,17109.7106,0
25562,363.76,12468.2738,17109.7106,0
25563,363.78,12468.2738,17109.7106,0
25564,363.80,12468.2738,17109.7106,0
25565,363.81,12468.2738,17109.7106,0
25566,363.83,12468.2738,17109.7106,0
25567,363.84,12468.2738,17109.7106,0
25568,363.86,12474.7511,17109.7106,0
25569,363.88,12474.7511,17109.7106,0
25570,363.89,12474.7511,17109.7106,0
25571,363.89,12474.7511,17109.7106,0
25572,363.89,12474.7511,17109.7106,0
25576,363.95,12474.7511,17109.7106,0
25578,364.01,12556.0445,17109.7106,0
25580,364.05,12556.0445,17109.7106,0
25581,364.09,12556.0445,17109.7106,0
25582,364.11,12556.0445,17109.7106,0
25583,364.12,12575.9899,17109.7106,0
25584,364.14,12624.1840,17109.7106,0
25585,364.16,12624.1840,17109.7106,0
25589,364.22,12624.1840,17109.7106,0
25591,364.25,12624.1840,17109.7106,0
25594,364.27,12624.1840,17109.7106,0
25599,364.34,12624.1840,17109.7106,0
25602,364.38,12624.1840,17109.7106,0
25604,364.40,12624.1840,17109.7106,0
25605,364.40,12624.1840,17109.7106,0
25606,364.40,12624.1840,17109.7106,0
25609,364.47,12624.1840,17109.7106,0
25611,364.49,12624.1840,17109.7106,0
25613,364.52,12624.1840,17109.7106,0
25615,364.53,12624.1840,17109.7106,0
25616,364.53,12624.1840,17109.7106,0
25619,364.56,12624.1840,17109.7106,0
25621,364.60,12624.1840,17109.7106,0
25622,364.60,12624.1840,17109.7106,0
25623,364.61,12624.1840,17109.7106,0
25624,364.61,12624.1840,17109.7106,0
25625,364.61,12624.1840,17109.7106,0
25627,364.63,12624.1840,17109.7106,0
25630,364.66,12624.1840,17109.7106,0
25631,364.66,12624.1840,17109.7106,0
25633,364.68,12624.1840,17109.7106,0
25634,364.70,12624.1840,17109.7106,0
25635,364.70,12624.1840,17109.7106,0
25636,364.70,12624.1840,17109.7106,0
25641,364.76,12624.1840,17109.7106,0
25643,364.77,12624.1840,17109.7106,0
25644,364.79,12624.1840,17109.7106,0
25645,364.79,12624.1840,17109.7106,0
25647,364.79,12624.1840,17109.7106,0
25649,364.80,12624.1840,17109.7106,0
25655,364.86,12624.1840,17109.7106,0
25657,364.88,12624.1840,17109.7106,0
25663,364.92,12624.1840,17109.7106,0
25665,364.92,12624.1840,17109.7106,0
25666,364.92,12624.1840,17109.7106,0
25670,365.00,12624.4937,17109.7106,0
25671,365.01,12624.4937,17109.7106,0
25672,365.03,12624.4937,17109.7106,0
25673,365.06,12624.4937,17109.7106,0
25674,365.08,12624.4937,17109.7106,0
25677,365.11,12624.4937,17109.7106,0
25681,365.16,12624.4937,17109.7106,0
25683,365.18,12624.4937,17109.7106,0
25686,365.24,12624.4937,17109.7106,0
25688,365.24,12624.4937,17109.7106,0
25695,365.34,12624.4937,17109.7106,0
25696,365.34,12624.4937,17109.7106,0
25697,365.34,12624.4937,17109.7106,0
25698,365.36,12624.4937,17109.7106,0
25700,365.40,12624.4937,17109.7106,0
25703,365.40,12624.4937,17109.7106,0
25704,365.40,12624.4937,17109.7106,0
25705,365.40,12624.4937,17109.7106,0
25709,365.43,12624.4937,17109.7106,0
25716,365.47,12624.4937,17109.7106,0
25717,365.48,12624.4937,17109.7106,0
25718,365.49,12624.4937,17109.7106,0
25719,365.49,12624.4937,17109.7106,0
25720,365.50,12624.4937,17109.7106,0
25723,365.51,12624.4937,17109.7106,0
25724,365.51,12624.4937,17109.7106,0
25725,365.51,12624.4937,17109.7106,0
25726,365.51,12624.4937,17109.7106,0
25729,365.56,12624.4937,17109.7106,0
25731,365.58,12624.4937,17109.7106,0
25739,365.66,12624.4937,17109.7106,0
25744,365.68,12624.4937,17109.7106,0
25745,365.68,12624.4937,17109.7106,0
25748,365.70,12624.4937,17109.7106,0
25755,365.79,12624.4937,17109.7106,0
25759,365.85,12678.0983,17109.7106,0
25760,365.87,12678.0983,17109.7106,0
25763,365.94,12678.0983,17109.7106,0
25765,366.01,12678.0983,17109.7106,0
25766,366.03,12678.0983,17109.7106,0
25767,366.03,12678.0983,17109.7106,0
25768,366.05,12679.5683,17109.7106,0
25769,366.08,12739.8592,17109.7106,0
25770,366.09,12739.8592,17109.7106,0
25772,366.15,12739.8592,17109.7106,0
25773,366.17,12739.8592,17109.7106,0
25777,366.25,12815.8936,17109.7106,0
25778,366.28,12815.8936,17109.7106,0
25779,366.30,12815.8936,17109.7106,0
25781,366.36,12815.8936,17109.7106,0
25783,366.38,12815.8936,17109.7106,0
25785,366.42,12815.8936,17109.7106,0
25786,366.43,12815.8936,17109.7106,0
25787,366.45,12815.8936,17109.7106,0
25788,366.47,12815.8936,17109.7106,0
25789,366.49,12815.8936,17109.7106,0
25795,366.61,12815.8936,17109.7106,0
25796,366.61,12815.8936,17109.7106,0
25797,366.62,12815.8936,17109.7106,0
25801,366.65,12815.8936,17109.7106,0
25804,366.67,12815.8936,17109.7106,0
25805,366.67,12815.8936,17109.7106,0
25807,366.69,12815.8936,17109.7106,0
25808,366.71,12815.8936,17109.7106,0
25811,366.72,12815.8936,17109.7106,0
25814,366.79,12815.8936,17109.7106,0
25822,366.81,12815.8936,17109.7106,0
25823,366.87,12815.8936,17109.7106,0
25824,366.88,12815.8936,17109.7106,0
25825,366.88,12815.8936,17109.7106,0
25827,366.91,12815.8936,17109.7106,0
25828,366.93,12849.7159,17109.7106,0
25829,366.94,12849.7159,17109.7106,0
25830,366.96,12849.7159,17109.7106,0
25832,366.97,12849.7159,17109.7106,0
25833,366.99,12861.2857,17109.7106,0
25834,367.01,12861.2857,17109.7106,0
25835,367.03,12861.2857,17109.7106,0
25837,367.10,12861.2857,17109.7106,0
25839,367.12,12984.2203,17109.7106,0
25840,367.14,12984.2203,17109.7106,0
25841,367.16,12984.2203,17109.7106,0
25842,367.18,12984.2203,17109.7106,0
25843,367.20,12984.2203,17109.7106,0
25852,367.33,12984.2203,17109.7106,0
25853,367.35,12984.2203,17109.7106,0
25855,367.37,12984.2203,17109.7106,0
25856,367.41,12984.2203,17109.7106,0
25858,367.41,12984.2203,17109.7106,0
25864,367.47,12984.2203,17109.7106,0
25865,367.48,12984.2203,17109.7106,0
25866,367.49,12984.2203,17109.7106,0
25867,367.50,12984.2203,17109.7106,0
25868,367.50,12984.2203,17109.7106,0
25869,367.51,12984.2203,17109.7106,0
25871,367.55,12984.2203,17109.7106,0
25873,367.56,12984.2203,17109.7106,0
25874,367.56,12984.2203,17109.7106,0
25875,367.56,12984.2203,17109.7106,0
25876,367.56,12984.2203,17109.7106,0
25878,367.58,12984.2203,17109.7106,0
25879,367.58,12984.2203,17109.7106,0
25880,367.61,12984.2203,17109.7106,0
25881,367.68,12984.7000,17109.7106,0
25882,367.72,12984.7000,17109.7106,0
25883,367.73,12984.7000,17109.7106,0
25884,367.75,12984.7000,17109.7106,0
25885,367.77,12984.7000,17109.7106,0
25886,367.79,12984.7000,17109.7106,0
25887,367.79,12984.7000,17109.7106,0
25889,367.81,12984.7000,17109.7106,0
25890,367.82,12984.7000,17109.7106,0
25892,367.89,12984.7000,17109.7106,0
25893,367.92,12984.7000,17109.7106,0
25900,368.04,12984.7000,17109.7106,0
25902,368.07,12984.7000,17109.7106,0
25905,368.09,12984.7000,17109.7106,0
25906,368.11,12984.7000,17109.7106,0
25907,368.11,12984.7000,17109.7106,0
25908,368.12,12984.7000,17109.7106,0
25909,368.12,12984.7000,17109.7106,0
25913,368.19,12984.7000,17109.7106,0
25914,368.19,12984.7000,17109.7106,0
25915,368.19,12984.7000,17109.7106,0
25916,368.19,12984.7000,17109.7106,0
25918,368.24,12984.7000,17109.7106,0
25919,368.24,12984.7000,17109.7106,0
25923,368.27,12984.7000,17109.7106,0
25925,368.29,12984.7000,17109.7106,0
25926,368.31,12984.7000,17109.7106,0
25929,368.34,12984.7000,17109.7106,0
25930,368.34,12984.7000,17109.7106,0
25932,368.36,12984.7000,17109.7106,0
25936,368.44,12984.7000,17109.7106,0
25938,368.45,12984.7000,17109.7106,0
25939,368.45,12984.7000,17109.7106,0
25942,368.53,12992.5172,17109.7106,0
25943,368.55,12992.5172,17109.7106,0
25948,368.64,12992.5172,17109.7106,0
25951,368.68,12992.5172,17109.7106,0
25952,368.70,12992.5172,17109.7106,0
25954,368.73,12992.5172,17109.7106,0
25955,368.73,12992.5172,17109.7106,0
25956,368.76,12992.5172,17109.7106,0
25958,368.76,12992.5172,17109.7106,0
25960,368.78,12992.5172,17109.7106,0
25961,368.79,13006.7487,17109.7106,0
25962,368.81,13006.7487,17109.7106,0
25963,368.86,13197.0595,17109.7106,0
25965,368.87,13197.0595,17109.7106,0
25968,368.92,13197.0595,17109.7106,0
25969,368.93,13197.0595,17109.7106,0
25970,368.95,13197.0595,17109.7106,0
25975,369.02,13197.0595,17109.7106,0
25976,369.04,13197.0595,17109.7106,0
25984,369.10,13197.0595,17109.7106,0
25986,369.15,13197.0595,17109.7106,0
25990,369.15,13197.0595,17109.7106,0
25993,369.17,13197.0595,17109.7106,0
25994,369.19,13197.0595,17109.7106,0
25997,369.23,13197.0595,17109.7106,0
25998,369.23,13197.0595,17109.7106,0
25999,369.26,13197.0595,17109.7106,0
26000,369.26,13197.0595,17109.7106,0
26001,369.28,13197.0595,17109.7106,0
26002,369.28,13197.0595,17109.7106,0
26008,369.34,13197.0595,17109.7106,0
26009,369.34,13197.0595,17109.7106,0
26012,369.36,13197.0595,17109.7106,0
26014,369.37,13197.0595,17109.7106,0
26016,369.41,13197.0595,17109.7106,0
26017,369.41,13197.0595,17109.7106,0
26018,369.43,13197.0595,17109.7106,0
26027,369.51,13197.0595,17109.7106,0
26030,369.53,13197.0595,17109.7106,0
26032,369.55,13197.0595,17109.7106,0
26035,369.56,13197.0595,17109.7106,0
26037,369.57,13197.0595,17109.7106,0
26038,369.59,13197.0595,17109.7106,0
26040,369.59,13197.0595,17109.7106,0
26041,369.59,13197.0595,17109.7106,0
26047,369.68,13197.0595,17109.7106,0
26049,369.69,13197.0595,17109.7106,0
26052,369.74,13197.0595,17109.7106,0
26053,369.74,13197.0595,17109.7106,0
26054,369.74,13197.0595,17109.7106,0
26058,369.83,13197.0595,17109.7106,0
26059,369.83,13197.0595,17109.7106,0
26060,369.83,13197.0595,17109.7106,0
26061,369.83,13197.0595,17109.7106,0
26062,369.83,13197.0595,17109.7106,0
26063,369.84,13197.0595,17109.7106,0
26064,369.84,13197.0595,17109.7106,1
26065,369.86,9142.4253,17109.7106,0
26066,369.87,9530.0843,17109.7106,0
26067,369.88,9541.6245,17109.7106,0
26068,369.89,9541.6245,17109.7106,0
26069,369.90,9792.2270,17109.7106,0
26070,369.92,9809.4795,17109.7106,0
26071,369.93,9828.6809,17109.7106,0
26072,369.94,10068.1607,17109.7106,0
26073,369.95,10110.6712,17109.7106,0
26075,370.00,10145.3072,17109.7106,0
26076,370.01,10145.3072,17109.7106,0
26077,370.06,10145.3072,17109.7106,0
26079,370.09,10145.3072,17109.7106,0
26080,370.10,10145.3072,17109.7106,0
26082,370.11,10145.3072,17109.7106,0
26083,370.13,10264.7593,17109.7106,0
26085,370.15,10346.0711,17109.7106,0
26087,370.19,10379.7368,17109.7106,0
26088,370.20,10512.6984,17109.7106,0
26089,370.21,10512.6984,17109.7106,0
26090,370.23,10512.6984,17109.7106,0
26091,370.25,10535.0906,17109.7106,0
26093,370.26,10538.9598,17109.7106,0
26094,370.28,10538.9598,17109.7106,0
26095,370.29,10538.9598,17109.7106,0
26096,370.30,10541.9742,17109.7106,0
26097,370.31,10541.9742,17109.7106,0
26098,370.31,10541.9742,17109.7106,0
26099,370.32,10942.9247,17109.7106,0
26100,370.34,10942.9247,17109.7106,0
26101,370.35,10942.9247,17109.7106,0
26102,370.36,11017.7496,17109.7106,0
26103,370.37,11083.4409,17109.7106,0
26104,370.38,11223.9679,17109.7106,0
26106,370.40,11580.8385,17109.7106,0
26107,370.43,11580.8385,17109.7106,0
26108,370.44,11580.8385,17109.7106,0
26109,370.46,11587.6839,17109.7106,0
26110,370.47,11588.0909,17109.7106,0
26111,370.48,11588.0909,17109.7106,0
26112,370.49,11588.0909,17109.7106,0
26113,370.50,11633.6636,17109.7106,0
26115,370.52,11633.6636,17109.7106,0
26116,370.53,11633.6636,17109.7106,0
26117,370.54,11633.6636,17109.7106,0
26118,370.56,11633.6636,17109.7106,0
26119,370.56,11633.6636,17109.7106,0
26120,370.57,11633.6636,17109.7106,0
26123,370.60,11633.6636,17109.7106,0
26124,370.60,11633.6636,17109.7106,0
26126,370.61,11633.6636,17109.7106,0
26127,370.63,11687.4796,17109.7106,0
26128,370.65,11766.7926,17109.7106,0
26129,370.66,11771.6132,17109.7106,0
26130,370.67,11771.6132,17109.7106,0
26131,370.68,11771.6132,17109.7106,0
26132,370.70,11789.4273,17109.7106,0
26134,370.71,11789.4273,17109.7106,0
26135,370.72,11848.2728,17109.7106,0
26136,370.73,11848.2728,17109.7106,0
26137,370.75,11895.5179,17109.7106,0
26138,370.76,11895.5179,17109.7106,0
26139,370.78,12018.8270,17109.7106,0
26140,370.79,12073.6941,17109.7106,0
26141,370.80,12077.8682,17109.7106,0
26142,370.81,12077.8682,17109.7106,0
26144,370.83,12077.8682,17109.7106,0
26145,370.84,12077.8682,17109.7106,0
26146,370.85,12077.8682,17109.7106,0
26147,370.87,12077.8682,17109.7106,0
26149,370.89,12147.0485,17109.7106,0
26151,370.90,12147.0485,17109.7106,0
26153,370.92,12147.0485,17109.7106,0
26154,370.93,12147.0485,17109.7106,0
26155,370.95,12155.2466,17109.7106,0
26156,370.96,12155.2466,17109.7106,0
26157,370.98,12158.6815,17109.7106,0
26158,370.99,12158.6815,17109.7106,0
26159,371.01,12194.2055,17109.7106,0
26160,371.02,12198.9722,17109.7106,0
26161,371.03,12303.7822,17109.7106,0
26162,371.05,12417.8444,17109.7106,0
26163,371.06,12417.8444,17109.7106,0
26164,371.08,12473.5090,17109.7106,0
26165,371.09,12511.2970,17109.7106,0
26166,371.11,12511.2970,17109.7106,0
26167,371.12,12511.2970,17109.7106,0
26168,371.14,12744.3086,17109.7106,0
26169,371.16,12757.8653,17109.7106,0
26170,371.18,12757.8653,17109.7106,0
26175,371.23,12757.8653,17109.7106,0
26178,371.26,12757.8653,17109.7106,0
26182,371.28,12757.8653,17109.7106,0
26183,371.28,12757.8653,17109.7106,0
26184,371.28,12757.8653,17109.7106,0
26189,371.35,12757.8653,17109.7106,0
26190,371.37,12837.2853,17109.7106,0
26191,371.38,12837.2853,17109.7106,0
26192,371.40,13201.7539,17109.7106,0
26193,371.41,13304.6205,17109.7106,0
26194,371.42,13304.6205,17109.7106,0
26195,371.44,13304.6205,17109.7106,0
26196,371.46,13348.7918,17109.7106,0
26197,371.46,13348.7918,17109.7106,0
26199,371.49,13348.7918,17109.7106,0
26203,371.52,13348.7918,17109.7106,0
26205,371.56,13348.7918,17109.7106,0
26206,371.57,13348.7918,17109.7106,0
26207,371.59,13348.7918,17109.7106,0
26210,371.61,13348.7918,17109.7106,0
26211,371.61,13348.7918,17109.7106,0
26212,371.65,13400.2323,17109.7106,0
26213,371.66,13418.6514,17109.7106,0
26214,371.68,13418.6514,17109.7106,0
26216,371.72,13418.6514,17109.7106,0
26218,371.75,13418.6514,17109.7106,0
26221,371.77,13418.6514,17109.7106,0
26222,371.77,13418.6514,17109.7106,0
26223,371.78,13418.6514,17109.7106,0
26224,371.78,13418.6514,17109.7106,0
26225,371.78,13418.6514,17109.7106,0
26226,371.78,13418.6514,17109.7106,0
26227,371.78,13418.6514,17109.7106,0
26230,371.83,13418.6514,17109.7106,0
26234,371.90,13418.6514,17109.7106,0
26235,371.90,13418.6514,17109.7106,0
26236,371.90,13418.6514,17109.7106,0
26238,371.94,13418.6514,17109.7106,0
26239,371.96,13418.6514,17109.7106,0
26242,372.01,13557.5198,17109.7106,0
26245,372.04,13557.5198,17109.7106,0
26247,372.05,13557.5198,17109.7106,0
26249,372.08,13557.5198,17109.7106,0
26250,372.09,13557.5198,17109.7106,0
26254,372.13,13557.5198,17109.7106,0
26256,372.16,13557.5198,17109.7106,0
26257,372.16,13557.5198,17109.7106,0
26258,372.18,13557.5198,17109.7106,0
26262,372.22,13557.5198,17109.7106,0
26264,372.23,13557.5198,17109.7106,0
26266,372.23,13557.5198,17109.7106,0
26268,372.24,13557.5198,17109.7106,0
26269,372.24,13557.5198,17109.7106,0
26270,372.25,13557.5198,17109.7106,0
26271,372.25,13557.5198,17109.7106,0
26272,372.25,13557.5198,17109.7106,0
26273,372.27,13557.5198,17109.7106,0
26275,372.29,13557.5198,17109.7106,0
26276,372.31,13557.5198,17109.7106,0
26277,372.31,13557.5198,17109.7106,0
26280,372.33,13557.5198,17109.7106,0
26281,372.33,13557.5198,17109.7106,0
26282,372.33,13557.5198,17109.7106,0
26283,372.33,13557.5198,17109.7106,0
26285,372.33,13557.5198,17109.7106,0
26287,372.35,13557.5198,17109.7106,0
26288,372.35,13557.5198,17109.7106,0
26290,372.36,13557.5198,17109.7106,0
26296,372.43,13557.5198,17109.7106,0
26298,372.45,13557.5198,17109.7106,0
26299,372.46,13557.5198,17109.7106,0
26300,372.48,13557.5198,17109.7106,0
26301,372.48,13557.5198,17109.7106,0
26303,372.50,13557.5198,17109.7106,0
26305,372.50,13557.5198,17109.7106,0
26306,372.51,13557.5198,17109.7106,0
26309,372.53,13557.5198,17109.7106,0
26311,372.53,13557.5198,17109.7106,0
26314,372.56,13557.5198,17109.7106,0
26316,372.57,13557.5198,17109.7106,0
26317,372.57,13557.5198,17109.7106,0
26319,372.59,13557.5198,17109.7106,0
26322,372.62,13557.5198,17109.7106,0
26325,372.64,13557.5198,17109.7106,0
26328,372.68,13557.5198,17109.7106,0
26331,372.71,13557.5198,17109.7106,0
26332,372.72,13557.5198,17109.7106,0
26336,372.74,13557.5198,17109.7106,0
26339,372.78,13557.5198,17109.7106,0
26342,372.78,13557.5198,17109.7106,0
26343,372.78,13557.5198,17109.7106,1
26344,372.80,9909.8431,17109.7106,0
26345,372.81,9909.8431,17109.7106,0
26346,372.82,10056.3417,17109.7106,0
26347,372.83,10139.3208,17109.7106,0
26349,372.85,10259.5386,17109.7106,0
26350,372.86,10259.5386,17109.7106,0
26351,372.87,10376.4968,17109.7106,0
26352,372.88,10394.2747,17109.7106,0
26354,372.88,10394.2747,17109.7106,0
26355,372.89,10455.1411,17109.7106,0
26356,372.90,10455.1411,17109.7106,0
26357,372.92,10920.4935,17109.7106,0
26358,372.93,10920.4935,17109.7106,0
26359,372.94,10935.3399,17109.7106,0
26360,372.95,10935.3399,17109.7106,0
26362,372.96,10935.3399,17109.7106,0
26363,372.98,10935.3399,17109.7106,0
26364,372.99,11015.3437,17109.7106,0
26365,373.00,11041.5594,17109.7106,0
26366,373.02,11319.6342,17109.7106,0
26367,373.03,11319.6342,17109.7106,0
26368,373.04,11329.8080,17109.7106,0
26369,373.05,11717.2517,17109.7106,0
26370,373.07,11787.5308,17109.7106,0
26372,373.08,11787.5308,17109.7106,0
26373,373.09,11787.5308,17109.7106,0
26374,373.10,11787.5308,17109.7106,0
26375,373.12,11895.1567,17109.7106,0
26376,373.13,11895.1567,17109.7106,0
26377,373.14,11970.1989,17109.7106,0
26378,373.15,11970.1989,17109.7106,0
26379,373.16,11970.1989,17109.7106,0
26380,373.17,12023.1182,17109.7106,0
26381,373.18,12023.1182,17109.7106,0
26382,373.19,12023.1182,17109.7106,0
26383,373.19,12023.1182,17109.7106,0
26384,373.19,12023.1182,17109.7106,0
26385,373.19,12023.1182,17109.7106,0
26386,373.19,12023.1182,17109.7106,0
26387,373.20,12023.1182,17109.7106,0
26388,373.21,12028.4169,17109.7106,0
26390,373.22,12032.6864,17109.7106,0
26392,373.23,12032.6864,17109.7106,0
26393,373.25,12032.6864,17109.7106,0
26394,373.25,12032.6864,17109.7106,0
26395,373.26,12032.6864,17109.7106,0
26396,373.27,12032.6864,17109.7106,0
26397,373.28,12032.6864,17109.7106,0
26398,373.29,12032.6864,17109.7106,0
26400,373.31,12035.1545,17109.7106,0
26401,373.32,12035.1545,17109.7106,0
26402,373.33,12308.1638,17109.7106,0
26403,373.34,12308.1638,17109.7106,0
26404,373.35,12360.1698,17109.7106,0
26405,373.36,12360.1698,17109.7106,0
26406,373.38,12481.1117,17109.7106,0
26408,373.39,12481.1117,17109.7106,0
26409,373.42,12533.0122,17109.7106,0
26410,373.43,12533.0122,17109.7106,0
26411,373.45,12727.4122,17109.7106,0
26412,373.47,12727.4122,17109.7106,0
26413,373.48,12728.6630,17109.7106,0
26415,373.49,12728.6630,17109.7106,0
26416,373.51,13126.8536,17109.7106,0
26417,373.52,13126.8536,17109.7106,0
26418,373.54,13126.8536,17109.7106,0
26419,373.55,13126.8536,17109.7106,0
26420,373.57,13142.3737,17109.7106,0
26421,373.59,13366.2176,17109.7106,0
26424,373.63,13366.2176,17109.7106,0
26425,373.63,13366.2176,17109.7106,0
26426,373.64,13366.2176,17109.7106,0
26427,373.65,13462.9064,17109.7106,0
26428,373.66,13462.9064,17109.7106,0
26430,373.68,13463.9261,17109.7106,0
26432,373.69,13539.0299,17109.7106,0
26433,373.70,13668.5641,17109.7106,0
26435,373.71,13668.5641,17109.7106,0
26436,373.73,13668.5641,17109.7106,0
26437,373.74,13692.1993,17109.7106,0
26438,373.75,13703.6807,17109.7106,0
26439,373.77,13712.0800,17109.7106,0
26440,373.78,13712.0800,17109.7106,0
26442,373.79,13712.0800,17109.7106,0
26443,373.81,13832.5252,17109.7106,0
26444,373.82,13832.5252,17109.7106,0
26445,373.84,13832.5252,17109.7106,0
26447,373.87,13832.5252,17109.7106,0
26449,373.89,13832.5252,17109.7106,0
26450,373.90,13846.6383,17109.7106,0
26451,373.91,13846.6383,17109.7106,0
26453,373.93,13964.2844,17109.7106,0
26455,373.95,14051.6376,17109.7106,0
26459,374.04,14051.6376,17109.7106,0
26462,374.07,14051.6376,17109.7106,0
26463,374.08,14051.6376,17109.7106,0
26464,374.10,14051.6376,17109.7106,0
26465,374.11,14051.6376,17109.7106,0
26468,374.13,14051.6376,17109.7106,0
26470,374.14,14051.6376,17109.7106,0
26471,374.14,14051.6376,17109.7106,0
26473,374.16,14051.6376,17109.7106,0
26474,374.17,14051.6376,17109.7106,0
26475,374.19,14053.9444,17109.7106,0
26478,374.25,14071.7870,17109.7106,0
26479,374.27,14071.7870,17109.7106,0
26481,374.29,14071.7870,17109.7106,0
26484,374.33,14071.7870,17109.7106,0
26485,374.34,14121.9715,17109.7106,0
26488,374.41,14122.2558,17109.7106,0
26489,374.43,14122.2558,17109.7106,0
26490,374.44,14122.2558,17109.7106,0
26492,374.46,14251.9116,17109.7106,0
26493,374.47,14257.5290,17109.7106,0
26494,374.49,14257.5290,17109.7106,0
26496,374.57,14257.5290,17109.7106,0
26498,374.58,14271.0540,17109.7106,0
26500,374.60,14399.0479,17109.7106,0
26502,374.68,14399.0479,17109.7106,0
26503,374.69,14399.0479,17109.7106,0
26507,374.72,14399.0479,17109.7106,0
26509,374.72,14399.0479,17109.7106,0
26512,374.74,14399.0479,17109.7106,0
26520,374.79,14399.0479,17109.7106,0
26523,374.81,14399.0479,17109.7106,0
26526,374.83,14399.0479,17109.7106,0
26527,374.85,14564.3288,17109.7106,0
26528,374.86,14564.3288,17109.7106,0
26529,374.88,14564.3288,17109.7106,0
26530,374.89,14564.3288,17109.7106,0
26534,374.91,14564.3288,17109.7106,0
26535,374.91,14564.3288,17109.7106,0
26536,374.92,14564.3288,17109.7106,0
26537,374.94,14564.3288,17109.7106,0
26540,374.96,14564.3288,17109.7106,0
26542,375.01,14564.3288,17109.7106,0
26543,375.01,14564.3288,17109.7106,0
26544,375.02,14564.3288,17109.7106,0
26548,375.06,14564.3288,17109.7106,0
26550,375.06,14564.3288,17109.7106,0
26551,375.07,14564.3288,17109.7106,0
26554,375.08,14564.3288,17109.7106,0
26555,375.09,14564.3288,17109.7106,0
26558,375.11,14564.3288,17109.7106,0
26560,375.12,14564.3288,17109.7106,0
26561,375.13,14564.3288,17109.7106,0
26563,375.15,14564.3288,17109.7106,0
26570,375.16,14564.3288,17109.7106,0
26571,375.16,14564.3288,17109.7106,0
26574,375.18,14564.3288,17109.7106,0
26575,375.20,14564.3288,17109.7106,0
26578,375.23,14564.3288,17109.7106,0
26579,375.24,14564.3288,17109.7106,0
26582,375.26,14566.9179,17109.7106,0
26585,375.27,14566.9179,17109.7106,0
26586,375.29,14574.2608,17109.7106,0
26587,375.30,14574.2608,17109.7106,0
26588,375.32,14574.2608,17109.7106,0
26589,375.34,14574.2608,17109.7106,0
26590,375.36,14683.1927,17109.7106,0
26591,375.37,14683.1927,17109.7106,0
26594,375.46,14683.1927,17109.7106,0
26596,375.48,14683.1927,17109.7106,0
26605,375.50,14683.1927,17109.7106,0
26613,375.53,14683.1927,17109.7106,0
26614,375.55,14683.1927,17109.7106,0
26616,375.58,14683.1927,17109.7106,0
26618,375.60,14683.1927,17109.7106,0
26619,375.60,14683.1927,17109.7106,0
26623,375.64,14683.1927,17109.7106,0
26624,375.65,14683.1927,17109.7106,0
26625,375.67,14683.1927,17109.7106,0
26626,375.67,14683.1927,17109.7106,0
26632,375.72,14683.1927,17109.7106,0
26635,375.72,14683.1927,17109.7106,0
26636,375.74,14741.0576,17109.7106,0
26637,375.75,14741.0576,17109.7106,0
26638,375.78,15012.9869,17109.7106,0
26642,375.86,15012.9869,17109.7106,0
26644,375.88,15039.9703,17109.7106,0
26645,375.89,15040.3416,17109.7106,0
26649,375.99,15101.9775,17109.7106,0
26651,376.00,15101.9775,17109.7106,0
26653,376.08,15102.2312,17109.7106,0
26655,376.09,15102.2312,17109.7106,0
26656,376.11,15102.2312,17109.7106,0
26658,376.12,15102.2312,17109.7106,0
26659,376.14,15226.0648,17109.7106,0
26661,376.15,15226.0648,17109.7106,0
26664,376.20,15226.0648,17109.7106,0
26670,376.24,15226.0648,17109.7106,0
26675,376.30,15226.0648,17109.7106,0
26676,376.32,15226.0648,17109.7106,0
26677,376.32,15226.0648,17109.7106,0
26678,376.34,15226.0648,17109.7106,0
26679,376.34,15226.0648,17109.7106,0
26687,376.38,15226.0648,17109.7106,0
26688,376.39,15226.0648,17109.7106,0
26689,376.40,15226.0648,17109.7106,0
26692,376.40,15226.0648,17109.7106,0
26694,376.41,15226.0648,17109.7106,0
26695,376.43,15226.0648,17109.7106,0
26699,376.45,15226.0648,17109.7106,0
26704,376.49,15226.0648,17109.7106,0
26706,376.51,15226.0648,17109.7106,0
26707,376.51,15226.0648,17109.7106,0
26713,376.55,15226.0648,17109.7106,0
26717,376.57,15226.0648,17109.7106,0
26721,376.59,15226.0648,17109.7106,0
26722,376.60,15226.0648,17109.7106,0
26724,376.60,15226.0648,17109.7106,0
26725,376.60,15226.0648,17109.7106,0
26729,376.64,15226.0648,17109.7106,0
26730,376.64,15226.0648,17109.7106,0
26734,376.64,15226.0648,17109.7106,0
26735,376.64,15226.0648,17109.7106,0
26737,376.66,15226.0648,17109.7106,0
26740,376.69,15226.0648,17109.7106,0
26741,376.69,15226.0648,17109.7106,0
26742,376.69,15226.0648,17109.7106,0
26743,376.70,15226.0648,17109.7106,0
26744,376.70,15226.0648,17109.7106,0
26747,376.70,15226.0648,17109.7106,0
26752,376.73,15226.0648,17109.7106,0
26758,376.75,15226.0648,17109.7106,0
26760,376.77,15226.0648,17109.7106,1
26761,376.79,10676.2346,17109.7106,0
26762,376.80,10763.3762,17109.7106,0
26763,376.82,10784.0759,17109.7106,0
26764,376.83,10784.0759,17109.7106,0
26765,376.84,10784.0759,17109.7106,0
26766,376.85,11191.9135,17109.7106,0
26767,376.86,11193.7555,17109.7106,0
26769,376.88,11193.7555,17109.7106,0
26770,376.89,11278.3934,17109.7106,0
26771,376.90,11278.3934,17109.7106,0
26772,376.90,11278.3934,17109.7106,0
26773,376.92,11278.3934,17109.7106,0
26775,376.93,11289.1513,17109.7106,0
26776,376.94,11289.1513,17109.7106,0
26777,376.96,11289.1513,17109.7106,0
26778,376.97,11289.1513,17109.7106,0
26779,376.98,11307.2272,17109.7106,0
26780,376.99,11509.2109,17109.7106,0
26781,377.00,11509.2109,17109.7106,0
26782,377.02,11511.0966,17109.7106,0
26783,377.03,11511.0966,17109.7106,0
26784,377.04,11520.6289,17109.7106,0
26785,377.05,11520.6289,17109.7106,0
26786,377.07,11520.6289,17109.7106,0
26787,377.08,11547.7165,17109.7106,0
26788,377.09,11547.7165,17109.7106,0
26789,377.10,11624.8992,17109.7106,0
26790,377.12,11624.8992,17109.7106,0
26791,377.13,11693.7763,17109.7106,0
26792,377.14,11693.7763,17109.7106,0
26793,377.15,11693.7763,17109.7106,0
26794,377.16,11693.7763,17109.7106,0
26795,377.17,11693.7763,17109.7106,0
26796,377.19,11739.5099,17109.7106,0
26797,377.20,11741.6873,17109.7106,0
26798,377.21,11964.6574,17109.7106,0
26799,377.23,11964.6574,17109.7106,0
26800,377.24,11964.6574,17109.7106,0
26802,377.25,12155.8248,17109.7106,0
26803,377.26,12155.8248,17109.7106,0
26804,377.28,12351.7371,17109.7106,0
26805,377.29,12405.8880,17109.7106,0
26806,377.30,12604.7574,17109.7106,0
26807,377.32,12903.9602,17109.7106,0
26809,377.33,12903.9602,17109.7106,0
26810,377.34,12903.9602,17109.7106,0
26812,377.36,13069.2088,17109.7106,0
26813,377.37,13069.2088,17109.7106,0
26814,377.39,13303.6957,17109.7106,0
26815,377.40,13380.3543,17109.7106,0
26817,377.43,13380.3543,17109.7106,0
26818,377.45,13380.3543,17109.7106,0
26820,377.46,13380.3543,17109.7106,0
26822,377.49,13476.6038,17109.7106,0
26823,377.53,13515.9872,17109.7106,0
26824,377.54,13515.9872,17109.7106,0
26826,377.57,13515.9872,17109.7106,0
26829,377.60,13521.4637,17109.7106,0
26830,377.62,13623.0374,17109.7106,0
26834,377.64,13690.5306,17109.7106,0
26835,377.65,13695.4028,17109.7106,0
26836,377.67,13695.4028,17109.7106,0
26839,377.68,13695.4028,17109.7106,0
26840,377.69,13695.4028,17109.7106,0
26842,377.72,13750.6576,17109.7106,0
26844,377.73,13842.5250,17109.7106,0
26845,377.75,13842.5250,17109.7106,0
26847,377.76,13842.5250,17109.7106,0
26848,377.78,13842.5250,17109.7106,0
26850,377.78,13842.5250,17109.7106,0
26851,377.79,13842.5250,17109.7106,0
26856,377.83,13842.5250,17109.7106,0
26857,377.84,13842.5250,17109.7106,0
26860,377.89,13842.5250,17109.7106,0
26861,377.89,13842.5250,17109.7106,0
26863,377.90,13842.5250,17109.7106,0
26864,377.91,13842.5250,17109.7106,0
26870,377.96,13842.5250,17109.7106,0
26871,377.98,13842.5250,17109.7106,0
26881,378.08,13842.5250,17109.7106,0
26885,378.10,13842.5250,17109.7106,0
26887,378.13,13849.7416,17109.7106,0
26889,378.15,13849.7416,17109.7106,0
26890,378.16,13849.7416,17109.7106,0
26891,378.18,13849.7416,17109.7106,0
26893,378.19,13849.7416,17109.7106,0
26895,378.20,13849.7416,17109.7106,0
26896,378.22,13849.7416,17109.7106,0
26897,378.23,13849.7416,17109.7106,0
26899,378.25,13849.7416,17109.7106,0
26900,378.26,13849.7416,17109.7106,0
26901,378.26,13849.7416,17109.7106,0
26902,378.26,13849.7416,17109.7106,0
26903,378.27,13849.7416,17109.7106,0
26904,378.30,13934.8398,17109.7106,0
26906,378.32,13934.8398,17109.7106,0
26907,378.33,13934.8398,17109.7106,0
26912,378.40,13934.8398,17109.7106,0
26913,378.41,13937.5591,17109.7106,0
26920,378.50,13937.5591,17109.7106,0
26923,378.51,13937.5591,17109.7106,0
26924,378.53,13937.5591,17109.7106,0
26930,378.56,13937.5591,17109.7106,0
26932,378.60,13955.3973,17109.7106,0
26934,378.61,13967.1303,17109.7106,0
26935,378.63,14050.6750,17109.7106,0
26937,378.64,14094.1080,17109.7106,0
26942,378.69,14094.1080,17109.7106,0
26949,378.78,14095.8657,17109.7106,0
26951,378.80,14095.8657,17109.7106,0
26953,378.81,14095.8657,17109.7106,0
26954,378.83,14095.8657,17109.7106,0
26956,378.84,14095.8657,17109.7106,0
26957,378.85,14095.8657,17109.7106,0
26958,378.87,14178.2903,17109.7106,0
26960,378.88,14178.2903,17109.7106,0
26961,378.89,14178.2903,17109.7106,0
26963,378.91,14178.2903,17109.7106,0
26974,378.97,14178.2903,17109.7106,0
26975,378.98,14208.5923,17109.7106,0
26976,378.99,14211.4277,17109.7106,0
26977,379.01,14211.4277,17109.7106,0
26978,379.02,14247.3444,17109.7106,0
26982,379.04,14247.3444,17109.7106,0
26983,379.07,14442.3398,17109.7106,0
26985,379.08,14442.3398,17109.7106,0
26987,379.10,14442.3398,17109.7106,0
26988,379.11,14452.3791,17109.7106,0
26991,379.13,14452.3791,17109.7106,0
26993,379.16,14452.3791,17109.7106,0
26994,379.18,14452.3791,17109.7106,0
26996,379.21,14452.3791,17109.7106,0
26997,379.23,14452.3791,17109.7106,0
26998,379.24,14575.5522,17109.7106,0
26999,379.26,14575.5522,17109.7106,0
27000,379.27,14594.4192,17109.7106,0
27001,379.31,14594.4192,17109.7106,0
27002,379.33,14594.4192,17109.7106,0
27004,379.34,14594.4192,17109.7106,0
27008,379.36,14594.4192,17109.7106,0
27011,379.37,14594.4192,17109.7106,0
27012,379.39,14594.4192,17109.7106,0
27013,379.40,14631.4227,17109.7106,0
27015,379.42,14821.9139,17109.7106,0
27016,379.43,14821.9139,17109.7106,0
27017,379.44,14821.9139,17109.7106,0
27020,379.45,14821.9139,17109.7106,0
27021,379.47,14821.9139,17109.7106,0
27022,379.49,14821.9139,17109.7106,0
27024,379.52,14821.9139,17109.7106,0
27025,379.53,14821.9139,17109.7106,0
27028,379.57,14821.9139,17109.7106,0
27031,379.58,14821.9139,17109.7106,0
27034,379.63,14821.9139,17109.7106,0
27035,379.64,14821.9139,17109.7106,0
27039,379.67,14821.9139,17109.7106,0
27042,379.70,14821.9139,17109.7106,0
27046,379.72,14821.9139,17109.7106,0
27052,379.79,14821.9139,17109.7106,0
27053,379.80,14821.9139,17109.7106,0
27055,379.82,14821.9139,17109.7106,0
27057,379.82,14821.9139,17109.7106,0
27058,379.84,14821.9139,17109.7106,0
27061,379.84,14821.9139,17109.7106,0
27062,379.85,14821.9139,17109.7106,0
27064,379.85,14821.9139,17109.7106,0
27068,379.86,14821.9139,17109.7106,0
27069,379.86,14821.9139,17109.7106,0
27073,379.90,14821.9139,17109.7106,0
27075,379.91,14821.9139,17109.7106,0
27078,379.93,14821.9139,17109.7106,0
27080,379.96,14821.9139,17109.7106,0
27081,379.96,14821.9139,17109.7106,0
27082,379.98,14821.9139,17109.7106,0
27083,379.98,14821.9139,17109.7106,0
27084,379.99,14821.9139,17109.7106,0
27086,380.02,14821.9139,17109.7106,0
27087,380.04,14821.9139,17109.7106,0
27088,380.05,14821.9139,17109.7106,0
27091,380.08,14821.9139,17109.7106,0
27092,380.09,14821.9139,17109.7106,0
27094,380.11,14821.9139,17109.7106,0
27095,380.11,14821.9139,17109.7106,0
27100,380.15,14821.9139,17109.7106,0
27104,380.15,14821.9139,17109.7106,0
27105,380.15,14821.9139,17109.7106,0
27107,380.16,14821.9139,17109.7106,0
27108,380.16,14821.9139,17109.7106,0
27109,380.17,14821.9139,17109.7106,0
27110,380.17,14821.9139,17109.7106,0
27111,380.17,14821.9139,17109.7106,0
27113,380.19,14821.9139,17109.7106,0
27114,380.20,14821.9139,17109.7106,0
27116,380.20,14821.9139,17109.7106,1
27117,380.22,11703.3339,17109.7106,0
27118,380.23,11703.3339,17109.7106,0
27119,380.24,11895.9411,17109.7106,0
27120,380.25,11895.9411,17109.7106,0
27121,380.26,11895.9411,17109.7106,0
27122,380.27,11895.9411,17109.7106,0
27123,380.28,11895.9411,17109.7106,0
27124,380.30,11895.9411,17109.7106,0
27125,380.31,12202.3311,17109.7106,0
27126,380.32,12384.9656,17109.7106,0
27129,380.33,12385.0512,17109.7106,0
27130,380.34,12385.0512,17109.7106,0
27131,380.35,12385.0512,17109.7106,0
27132,380.37,12431.7042,17109.7106,0
27134,380.38,12540.6442,17109.7106,0
27136,380.40,12650.9771,17109.7106,0
27138,380.42,12650.9771,17109.7106,0
27139,380.43,12650.9771,17109.7106,0
27141,380.44,12650.9771,17109.7106,0
27144,380.47,12650.9771,17109.7106,0
27145,380.48,12650.9771,17109.7106,0
27146,380.50,12650.9771,17109.7106,0
27147,380.51,12650.9771,17109.7106,0
27149,380.52,12734.4166,17109.7106,0
27151,380.54,12734.4166,17109.7106,0
27152,380.55,12734.4166,17109.7106,0
27153,380.56,12734.4166,17109.7106,0
27154,380.58,12818.2417,17109.7106,0
27155,380.59,12822.9296,17109.7106,0
27156,380.60,12827.8627,17109.7106,0
27158,380.61,12827.8627,17109.7106,0
27160,380.62,13042.0567,17109.7106,0
27161,380.64,13100.7270,17109.7106,0
27165,380.68,13100.7270,17109.7106,0
27166,380.69,13100.7270,17109.7106,0
27167,380.69,13100.7270,17109.7106,0
27168,380.70,13100.7270,17109.7106,0
27170,380.71,13243.5002,17109.7106,0
27172,380.72,13243.5002,17109.7106,0
27173,380.73,13243.5002,17109.7106,0
27174,380.75,13263.8106,17109.7106,0
27176,380.76,13263.8106,17109.7106,0
27177,380.77,13443.5313,17109.7106,0
27181,380.80,13443.5313,17109.7106,0
27182,380.80,13443.5313,17109.7106,0
27184,380.83,13443.5313,17109.7106,0
27192,380.89,13443.5313,17109.7106,0
27195,380.92,13443.5313,17109.7106,0
27196,380.94,13443.5313,17109.7106,0
27197,380.95,13443.5313,17109.7106,0
27201,380.99,13443.5313,17109.7106,0
27202,381.01,13443.5313,17109.7106,0
27205,381.04,13443.5313,17109.7106,0
27206,381.04,13443.5313,17109.7106,0
27207,381.05,13443.5640,17109.7106,0
27210,381.08,13443.5640,17109.7106,0
27211,381.09,13443.5640,17109.7106,0
27213,381.11,13443.5640,17109.7106,0
27214,381.12,13443.5640,17109.7106,0
27217,381.16,13444.9978,17109.7106,0
27222,381.18,13444.9978,17109.7106,0
27228,381.25,13444.9978,17109.7106,0
27230,381.28,13444.9978,17109.7106,0
27231,381.30,13444.9978,17109.7106,0
27234,381.30,13444.9978,17109.7106,0
27236,381.33,13444.9978,17109.7106,0
27240,381.37,13444.9978,17109.7106,0
27244,381.39,13444.9978,17109.7106,0
27246,381.39,13444.9978,17109.7106,0
27247,381.40,13444.9978,17109.7106,0
27251,381.41,13444.9978,17109.7106,0
27254,381.43,13444.9978,17109.7106,0
27255,381.43,13444.9978,17109.7106,0
27259,381.46,13444.9978,17109.7106,0
27263,381.49,13444.9978,17109.7106,0
27265,381.55,13444.9978,17109.7106,0
27266,381.56,13444.9978,17109.7106,0
27274,381.63,13444.9978,17109.7106,0
27276,381.64,13444.9978,17109.7106,0
27281,381.65,13444.9978,17109.7106,0
27282,381.66,13444.9978,17109.7106,0
27283,381.67,13444.9978,17109.7106,0
27285,381.68,13444.9978,17109.7106,0
27286,381.68,13444.9978,17109.7106,0
27289,381.70,13444.9978,17109.7106,0
27293,381.73,13534.3018,17109.7106,0
27295,381.76,13689.6273,17109.7106,0
27297,381.79,13689.6273,17109.7106,0
27298,381.80,13689.6273,17109.7106,0
27301,381.83,13689.6273,17109.7106,0
27312,381.91,13689.6273,17109.7106,0
27313,381.93,13689.6273,17109.7106,0
27314,381.94,13689.6273,17109.7106,0
27316,381.95,13689.6273,17109.7106,0
27326,382.02,13689.6273,17109.7106,0
27329,382.02,13689.6273,17109.7106,0
27330,382.03,13705.0394,17109.7106,0
27331,382.05,13705.0394,17109.7106,0
27332,382.06,13902.1844,17109.7106,0
27333,382.07,13902.1844,17109.7106,0
27334,382.09,13902.1844,17109.7106,0
27335,382.10,13902.1844,17109.7106,0
27337,382.11,13902.1844,17109.7106,0
27339,382.14,14159.0928,17109.7106,0
27341,382.16,14159.0928,17109.7106,0
27342,382.17,14220.8060,17109.7106,0
27343,382.19,14220.8060,17109.7106,0
27344,382.20,14220.8060,17109.7106,0
27345,382.21,14308.1985,17109.7106,0
27348,382.26,14308.1985,17109.7106,0
27353,382.31,14308.1985,17109.7106,0
27355,382.34,14308.1985,17109.7106,0
27356,382.35,14308.1985,17109.7106,0
27359,382.40,14308.1985,17109.7106,0
27361,382.40,14308.1985,17109.7106,0
27364,382.42,14308.1985,17109.7106,0
27369,382.47,14308.1985,17109.7106,0
27372,382.52,14308.1985,17109.7106,0
27373,382.53,14308.1985,17109.7106,0
27380,382.60,14308.1985,17109.7106,0
27381,382.61,14308.1985,17109.7106,0
27382,382.62,14317.0656,17109.7106,0
27383,382.63,14317.0656,17109.7106,0
27384,382.65,14317.0656,17109.7106,0
27386,382.66,14317.0656,17109.7106,0
27388,382.67,14317.0656,17109.7106,0
27389,382.69,14443.5083,17109.7106,0
27390,382.70,14443.5083,17109.7106,0
27392,382.71,14443.5083,17109.7106,0
27393,382.72,14443.5083,17109.7106,0
27395,382.73,14443.5083,17109.7106,0
27396,382.74,14527.0396,17109.7106,0
27397,382.75,14527.0396,17109.7106,0
27398,382.76,14527.0396,17109.7106,0
27399,382.78,14527.0396,17109.7106,0
27400,382.79,14527.0396,17109.7106,0
27402,382.79,14527.0396,17109.7106,0
27403,382.82,14527.0396,17109.7106,0
27410,382.88,14527.0396,17109.7106,0
27411,382.89,14527.0396,17109.7106,0
27414,382.91,14527.0396,17109.7106,0
27416,382.94,14527.0396,17109.7106,0
27417,382.96,14527.0396,17109.7106,0
27418,382.96,14527.0396,17109.7106,0
27419,382.97,14527.0396,17109.7106,0
27426,383.04,14527.0396,17109.7106,0
27427,383.05,14527.0396,17109.7106,0
27428,383.05,14527.0396,17109.7106,0
27433,383.09,14527.0396,17109.7106,0
27435,383.12,14527.0396,17109.7106,0
27436,383.12,14527.0396,17109.7106,0
27438,383.13,14527.0396,17109.7106,0
27439,383.15,14527.0396,17109.7106,0
27440,383.15,14527.0396,17109.7106,0
27442,383.15,14527.0396,17109.7106,0
27444,383.15,14527.0396,17109.7106,0
27445,383.16,14527.0396,17109.7106,0
27446,383.16,14527.0396,17109.7106,0
27447,383.18,14527.0396,17109.7106,0
27448,383.18,14527.0396,17109.7106,0
27450,383.18,14527.0396,17109.7106,0
27451,383.19,14527.0396,17109.7106,0
27453,383.21,14527.0396,17109.7106,0
27454,383.21,14527.0396,17109.7106,0
27457,383.24,14527.0396,17109.7106,0
27458,383.25,14527.0396,17109.7106,0
27462,383.27,14527.0396,17109.7106,0
27465,383.27,14527.0396,17109.7106,0
27467,383.29,14527.0396,17109.7106,0
27468,383.29,14527.0396,17109.7106,0
27474,383.34,14527.0396,17109.7106,0
27475,383.36,14527.0396,17109.7106,0
27476,383.36,14527.0396,17109.7106,0
27478,383.39,14527.0396,17109.7106,0
27483,383.41,14527.0396,17109.7106,0
27487,383.44,14527.0396,17109.7106,0
27488,383.45,14527.0396,17109.7106,0
27489,383.46,14527.0396,17109.7106,0
27492,383.47,14527.0396,17109.7106,0
27493,383.48,14527.0396,17109.7106,0
27495,383.49,14527.0396,17109.7106,0
27496,383.49,14527.0396,17109.7106,0
27497,383.49,14527.0396,17109.7106,1
27498,383.51,9082.2013,17109.7106,0
27499,383.52,9082.2013,17109.7106,0
27500,383.53,9226.1376,17109.7106,0
27501,383.54,9226.1376,17109.7106,0
27502,383.55,9230.2645,17109.7106,0
27503,383.56,9230.2645,17109.7106,0
27504,383.56,9230.2645,17109.7106,0
27505,383.57,9307.1638,17109.7106,0
27506,383.58,9340.6768,17109.7106,0
27507,383.59,9359.6698,17109.7106,0
27508,383.60,9359.6698,17109.7106,0
27509,383.62,9526.7786,17109.7106,0
27510,383.63,9527.6593,17109.7106,0
27511,383.64,9527.6593,17109.7106,0
27512,383.65,9527.6593,17109.7106,0
27513,383.66,9527.6593,17109.7106,0
27514,383.67,9527.6593,17109.7106,0
27515,383.68,9934.1263,17109.7106,0
27516,383.69,10321.4603,17109.7106,0
27517,383.70,10422.1297,17109.7106,0
27518,383.71,10616.5297,17109.7106,0
27519,383.73,10616.5297,17109.7106,0
27520,383.74,10616.5297,17109.7106,0
27521,383.75,10821.5368,17109.7106,0
27522,383.76,10821.5368,17109.7106,0
27523,383.76,10821.5368,17109.7106,0
27524,383.78,11041.4000,17109.7106,0
27525,383.79,11041.4000,17109.7106,0
27526,383.79,11041.4000,17109.7106,0
27527,383.80,11100.0222,17109.7106,0
27528,383.81,11204.5120,17109.7106,0
27529,383.82,11217.0143,17109.7106,0
27530,383.83,11217.0143,17109.7106,0
27531,383.83,11217.0143,17109.7106,0
27532,383.87,11417.8175,17109.7106,0
27533,383.88,11417.8175,17109.7106,0
27534,383.91,11417.8175,17109.7106,0
27535,383.91,11417.8175,17109.7106,0
27537,383.91,11417.8175,17109.7106,0
27538,383.92,11417.8175,17109.7106,0
27539,383.93,11417.8175,17109.7106,0
27540,383.94,11417.8175,17109.7106,0
27541,383.96,11417.8175,17109.7106,0
27542,383.97,11417.8175,17109.7106,0
27543,383.98,11417.8175,17109.7106,0
27544,383.99,11417.8175,17109.7106,0
27545,384.01,11477.0876,17109.7106,0
27547,384.04,11477.0876,17109.7106,0
27549,384.11,11864.7087,17109.7106,0
27550,384.17,11864.7087,17109.7106,0
27551,384.19,11864.7087,17109.7106,0
27552,384.23,11896.3304,17109.7106,0
27553,384.25,11896.3304,17109.7106,0
27555,384.29,11896.3304,17109.7106,0
27556,384.34,11896.3304,17109.7106,0
27557,384.36,11896.3304,17109.7106,0
27558,384.38,11896.3304,17109.7106,0
27560,384.41,11896.3304,17109.7106,0
27562,384.54,11958.9077,17109.7106,0
27564,384.58,11958.9077,17109.7106,0
27566,384.65,11990.2146,17109.7106,0
27567,384.66,11990.2146,17109.7106,0
27568,384.66,11990.2146,17109.7106,0
27569,384.66,11990.2146,17109.7106,0
27572,384.69,11990.2146,17109.7106,0
27577,384.81,12258.9721,17109.7106,0
27578,384.83,12258.9721,17109.7106,0
27581,384.91,12258.9721,17109.7106,0
27583,384.95,12308.1102,17109.7106,0
27586,384.97,12308.1102,17109.7106,0
27587,385.00,12348.6299,17109.7106,0
27588,385.04,12348.6299,17109.7106,0
27589,385.12,12431.3268,17109.7106,0
27590,385.15,12432.3902,17109.7106,0
27593,385.23,12432.6683,17109.7106,0
27595,385.27,12460.6311,17109.7106,0
27600,385.36,12462.9854,17109.7106,0
27607,385.50,12464.6300,17109.7106,0
27608,385.51,12464.6300,17109.7106,0
27609,385.51,12464.6300,17109.7106,0
27612,385.60,12476.7547,17109.7106,0
27615,385.67,12483.9402,17109.7106,0
27616,385.72,12483.9402,17109.7106,0
27623,385.84,12791.3798,17109.7106,0
27626,385.97,12791.3798,17109.7106,0
27627,386.01,12791.3798,17109.7106,0
27629,386.03,12791.3798,17109.7106,0
27630,386.05,12842.8603,17109.7106,0
27633,386.16,12842.8603,17109.7106,0
27636,386.22,12842.8603,17109.7106,0
27638,386.22,12842.8603,17109.7106,0
27641,386.28,12842.8603,17109.7106,0
27653,386.35,12842.8603,17109.7106,0
27655,386.35,12842.8603,17109.7106,0
27656,386.38,12842.8603,17109.7106,0
27657,386.41,12842.8603,17109.7106,0
27658,386.41,12842.8603,17109.7106,0
27661,386.44,12842.8603,17109.7106,0
27662,386.44,12842.8603,17109.7106,0
27670,386.49,12842.8603,17109.7106,0
27671,386.52,12842.8603,17109.7106,0
27672,386.54,12842.8603,17109.7106,0
27673,386.59,12842.8603,17109.7106,0
27675,386.60,12842.8603,17109.7106,0
27676,386.60,12842.8603,17109.7106,0
27677,386.60,12842.8603,17109.7106,0
27680,386.66,12842.8603,17109.7106,0
27686,386.72,12842.8603,17109.7106,0
27692,386.76,12842.8603,17109.7106,0
27699,386.83,12842.8603,17109.7106,0
27703,386.86,12842.8603,17109.7106,0
27705,386.88,12842.8603,17109.7106,0
27714,386.98,12842.8603,17109.7106,0
27715,386.99,12842.8603,17109.7106,0
27716,387.03,12842.8603,17109.7106,0
27719,387.03,12842.8603,17109.7106,0
27722,387.03,12842.8603,17109.7106,0
27723,387.03,12842.8603,17109.7106,0
27728,387.04,12842.8603,17109.7106,0
27729,387.06,12853.2257,17109.7106,0
27730,387.11,12853.2257,17109.7106,0
27753,387.40,12854.3195,17109.7106,0
27754,387.45,13013.7466,17109.7106,0
27756,387.57,13018.8215,17109.7106,0
27757,387.60,13018.8215,17109.7106,0
27758,387.65,13020.0703,17109.7106,0
27760,387.71,13104.7901,17109.7106,0
27768,387.90,13104.7901,17109.7106,0
27770,387.91,13104.7901,17109.7106,0
27771,387.93,13104.7901,17109.7106,0
27772,387.96,13104.7901,17109.7106,0
27773,387.97,13104.7901,17109.7106,0
27774,388.03,13131.9374,17109.7106,0
27775,388.04,13131.9374,17109.7106,0
27776,388.06,13131.9374,17109.7106,0
27777,388.08,13131.9374,17109.7106,0
27779,388.16,13131.9374,17109.7106,0
27781,388.24,13131.9374,17109.7106,0
27786,388.34,13131.9374,17109.7106,0
27787,388.36,13131.9374,17109.7106,0
27794,388.48,13131.9374,17109.7106,0
27797,388.58,13131.9374,17109.7106,0
27798,388.62,13131.9374,17109.7106,0
27801,388.68,13131.9374,17109.7106,0
27802,388.70,13131.9374,17109.7106,0
27803,388.72,13131.9374,17109.7106,0
27804,388.74,13131.9374,17109.7106,0
27806,388.82,13131.9374,17109.7106,0
27807,388.82,13131.9374,17109.7106,0
27808,388.82,13131.9374,17109.7106,0
27810,388.84,13131.9374,17109.7106,0
27811,388.90,13197.8492,17109.7106,0
27813,388.97,13197.8492,17109.7106,0
27818,389.08,13197.8492,17109.7106,0
27820,389.10,13197.8492,17109.7106,0
27821,389.13,13276.5276,17109.7106,0
27826,389.20,13276.5276,17109.7106,0
27827,389.23,13276.5276,17109.7106,0
27829,389.28,13276.5276,17109.7106,0
27831,389.36,13276.5276,17109.7106,0
27834,389.36,13276.5276,17109.7106,0
27835,389.39,13276.5276,17109.7106,0
27846,389.59,13276.5276,17109.7106,0
27850,389.66,13276.5276,17109.7106,0
27868,389.76,13276.5276,17109.7106,0
27872,389.84,13276.5276,17109.7106,0
27877,389.91,13276.5276,17109.7106,0
27881,389.94,13276.5276,17109.7106,0
27884,389.98,13276.5276,17109.7106,0
27885,390.02,13276.5276,17109.7106,0
27890,390.03,13276.5276,17109.7106,0
27894,390.07,13276.5276,17109.7106,0
27895,390.07,13276.5276,17109.7106,0
27903,390.23,13276.5276,17109.7106,0
27911,390.38,13276.5276,17109.7106,0
27912,390.38,13276.5276,17109.7106,0
27917,390.38,13276.5276,17109.7106,0
27922,390.44,13276.5276,17109.7106,1
27923,390.50,13060.4605,17109.7106,0
27924,390.55,13266.1275,17109.7106,0
27926,390.59,13266.1275,17109.7106,0
27928,390.68,13266.1275,17109.7106,0
27929,390.73,13266.1275,17109.7106,0
27930,390.74,13266.1275,17109.7106,0
27934,390.78,13266.1275,17109.7106,0
27937,390.87,13266.1275,17109.7106,0
27949,391.12,13266.1275,17109.7106,0
27951,391.15,13266.1275,17109.7106,0
27952,391.15,13266.1275,17109.7106,0
27955,391.22,13266.1275,17109.7106,0
27965,391.39,13266.1275,17109.7106,0
27969,391.43,13266.1275,17109.7106,0
27970,391.47,13428.6226,17109.7106,0
27971,391.55,13428.6226,17109.7106,0
27972,391.62,13438.4564,17109.7106,0
27975,391.75,13561.7393,17109.7106,0
27980,391.87,13561.7393,17109.7106,0
27981,391.90,13561.7393,17109.7106,0
27996,392.15,13561.7393,17109.7106,0
27997,392.20,13561.7393,17109.7106,0
27998,392.21,13561.7393,17109.7106,0
28001,392.34,13579.4222,17109.7106,0
28005,392.45,13579.4222,17109.7106,0
28008,392.59,13579.4222,17109.7106,0
28013,392.71,13579.4222,17109.7106,0
28014,392.71,13579.4222,17109.7106,0
28016,392.75,13614.5961,17109.7106,0
28021,392.93,13614.5961,17109.7106,0
28023,393.05,13614.5961,17109.7106,0
28027,393.13,13614.5961,17109.7106,0
28030,393.21,13614.5961,17109.7106,0
28034,393.28,13614.5961,17109.7106,0
28035,393.35,13614.5961,17109.7106,0
28040,393.38,13614.5961,17109.7106,0
28045,393.42,13614.5961,17109.7106,0
28058,393.49,13614.5961,17109.7106,0
28059,393.49,13614.5961,17109.7106,0
28061,393.49,13614.5961,17109.7106,0
28062,393.51,13614.5961,17109.7106,0
28066,393.55,13614.5961,17109.7106,0
28068,393.59,13614.5961,17109.7106,0
28076,393.65,13614.5961,17109.7106,0
28077,393.66,13614.5961,17109.7106,0
28081,393.69,13614.5961,17109.7106,0
28083,393.74,13614.5961,17109.7106,0
28084,393.77,13614.5961,17109.7106,0
28096,393.86,13614.5961,17109.7106,0
28099,393.86,13614.5961,17109.7106,0
28103,393.87,13614.5961,17109.7106,0
28104,393.90,13614.5961,17109.7106,0
28106,393.92,13614.5961,17109.7106,0
28107,393.92,13614.5961,17109.7106,0
28117,393.98,13614.5961,17109.7106,1
28118,394.05,13518.7748,17109.7106,0
28123,394.28,13518.7748,17109.7106,0
28124,394.35,13518.7748,17109.7106,0
28125,394.40,13518.7748,17109.7106,0
28126,394.44,13518.7748,17109.7106,0
28127,394.44,13518.7748,17109.7106,0
28131,394.50,13518.7748,17109.7106,0
28132,394.55,13518.7748,17109.7106,0
28136,394.70,13518.7748,17109.7106,0
28148,394.80,13518.7748,17109.7106,0
28149,394.80,13518.7748,17109.7106,0
28150,394.85,13518.7748,17109.7106,0
28152,394.92,13518.7748,17109.7106,0
28155,394.95,13518.7748,17109.7106,0
28160,395.06,13518.7748,17109.7106,0
28164,395.12,13518.7748,17109.7106,0
28166,395.15,13518.7748,17109.7106,0
28168,395.18,13518.7748,17109.7106,0
28169,395.21,13518.7748,17109.7106,0
28171,395.24,13518.7748,17109.7106,0
28174,395.30,13518.7748,17109.7106,0
28176,395.30,13518.7748,17109.7106,0
28183,395.33,13518.7748,17109.7106,0
28185,395.37,13518.7748,17109.7106,0
28187,395.37,13518.7748,17109.7106,0
28194,395.46,13518.7748,17109.7106,0
28205,395.49,13518.7748,17109.7106,0
28207,395.49,13518.7748,17109.7106,0
28210,395.49,13518.7748,17109.7106,0
28216,395.49,13518.7748,17109.7106,0
28219,395.50,13518.7748,17109.7106,1
28224,395.67,13025.5223,17109.7106,0
28226,395.73,13025.5223,17109.7106,0
28227,395.77,13180.1585,17109.7106,0
28234,396.09,13182.9806,17109.7106,0
28235,396.11,13182.9806,17109.7106,0
28239,396.23,13370.7452,17109.7106,0
28242,396.36,13370.7452,17109.7106,0
28247,396.56,13370.7452,17109.7106,0
28248,396.59,13370.7452,17109.7106,0
28252,396.66,13370.7452,17109.7106,0
28254,396.66,13370.7452,17109.7106,0
28258,396.75,13464.5322,17109.7106,0
28261,396.85,13464.5322,17109.7106,0
28263,396.89,13472.8183,17109.7106,0
28265,396.94,13472.8183,17109.7106,0
28268,397.01,13472.8183,17109.7106,0
28275,397.10,13472.8183,17109.7106,0
28277,397.20,13472.8183,17109.7106,0
28281,397.32,13561.7995,17109.7106,0
28282,397.35,13787.5422,17109.7106,0
28295,397.51,13787.5422,17109.7106,0
28308,397.67,13787.5422,17109.7106,0
28314,397.86,13787.5422,17109.7106,0
28318,397.90,13787.5422,17109.7106,0
28323,398.00,13787.5422,17109.7106,0
28342,398.36,13787.5422,17109.7106,0
28351,398.41,13787.5422,17109.7106,0
28353,398.45,13787.5422,17109.7106,0
28371,398.61,13787.5422,17109.7106,0
28376,398.64,13787.5422,17109.7106,0
28380,398.71,13787.5422,17109.7106,0
28383,398.72,13787.5422,17109.7106,1
28384,398.77,13180.5011,17109.7106,0
28385,398.81,13180.5011,17109.7106,0
28386,398.85,13180.5011,17109.7106,0
28389,398.95,13180.5011,17109.7106,0
28390,398.98,13180.5011,17109.7106,0
28392,399.05,13180.5011,17109.7106,0
28394,399.10,13180.5011,17109.7106,0
28395,399.11,13180.5011,17109.7106,0
28396,399.13,13217.4485,17109.7106,0
28398,399.19,13217.4485,17109.7106,0
28400,399.24,13217.4485,17109.7106,0
28402,399.30,13235.1415,17109.7106,0
28404,399.35,13235.1415,17109.7106,0
28406,399.39,13410.1838,17109.7106,0
28407,399.41,13532.7801,17109.7106,0
28408,399.45,13532.7801,17109.7106,0
28410,399.49,13532.7801,17109.7106,0
28413,399.54,13671.4672,17109.7106,0
28414,399.57,13671.4672,17109.7106,0
28418,399.65,13671.4672,17109.7106,0
28419,399.67,13718.6738,17109.7106,0
28422,399.74,13718.6738,17109.7106,0
28423,399.77,13718.6738,17109.7106,0
28424,399.77,13718.6738,17109.7106,0
28426,399.80,13718.6738,17109.7106,0
28429,399.90,13893.2525,17109.7106,0
28437,400.18,13893.2525,17109.7106,0
28449,400.41,13893.2525,17109.7106,0
28451,400.43,13893.2525,17109.7106,0
28457,400.58,13893.2525,17109.7106,0
28473,400.68,13893.2525,17109.7106,0
28479,400.72,13893.2525,17109.7106,0
28480,400.76,13893.2525,17109.7106,0
28481,400.79,13893.2525,17109.7106,0
28497,401.03,13893.2525,17109.7106,0
28506,401.17,13893.2525,17109.7106,0
28507,401.24,13893.2525,17109.7106,0
28516,401.44,13893.2525,17109.7106,0
28520,401.50,13893.2525,17109.7106,0
28530,401.66,13893.2525,17109.7106,1
28531,401.69,13224.0515,17109.7106,0
28533,401.75,13224.0515,17109.7106,0
28534,401.77,13304.3042,17109.7106,0
28538,401.79,13304.3042,17109.7106,0
28539,401.82,13304.3042,17109.7106,0
28541,401.91,13304.3042,17109.7106,0
28544,401.99,13304.3042,17109.7106,0
28546,402.07,13304.3042,17109.7106,0
28547,402.11,13522.0128,17109.7106,0
28549,402.18,13533.1760,17109.7106,0
28550,402.22,13714.2932,17109.7106,0
28551,402.24,13714.2932,17109.7106,0
28563,402.51,13714.2932,17109.7106,0
28566,402.58,13714.2932,17109.7106,0
28568,402.66,13714.2932,17109.7106,0
28571,402.77,13714.2932,17109.7106,0
28572,402.80,13714.2932,17109.7106,0
28573,402.88,13714.2932,17109.7106,0
28576,402.97,13714.2932,17109.7106,0
28578,403.02,13714.2932,17109.7106,0
28582,403.08,13714.2932,17109.7106,0
28583,403.17,13714.2932,17109.7106,0
28584,403.26,13811.7250,17109.7106,0
28585,403.28,13811.7250,17109.7106,0
28588,403.34,13811.7250,17109.7106,0
28601,403.88,13811.7250,17109.7106,0
28602,403.96,13811.7250,17109.7106,0
28603,404.00,13811.7250,17109.7106,0
28608,404.17,13811.7250,17109.7106,0
28610,404.20,13811.7250,17109.7106,0
28612,404.24,13811.7250,17109.7106,0
28614,404.24,13811.7250,17109.7106,0
28627,404.66,13811.7250,17109.7106,0
28634,404.85,13811.7250,17109.7106,0
28635,404.85,13811.7250,17109.7106,0
28638,404.89,13811.7250,17109.7106,0
28654,405.35,13811.7250,17109.7106,0
28659,405.37,13811.7250,17109.7106,0
28660,405.41,13866.6038,17109.7106,0
28661,405.43,13866.6038,17109.7106,0
28662,405.45,13866.6038,17109.7106,0
28667,405.66,13866.6038,17109.7106,0
28668,405.71,13866.6038,17109.7106,0
28673,405.77,13866.6038,17109.7106,0
28674,405.79,13866.6038,17109.7106,0
28676,405.82,13866.6038,17109.7106,0
28681,406.00,13866.6038,17109.7106,0
28713,406.77,13866.6038,17109.7106,0
28715,406.83,13866.6038,17109.7106,0
28719,406.98,13928.3124,17109.7106,0
28721,407.02,13928.3124,17109.7106,0
28733,407.35,13928.3124,17109.7106,0
28736,407.37,13928.3124,17109.7106,0
28739,407.39,13928.3124,17109.7106,0
28765,407.99,13928.3124,17109.7106,0
28770,408.05,13928.3124,17109.7106,0
28772,408.08,13928.3124,17109.7106,0
28774,408.13,13928.3124,17109.7106,0
28776,408.20,13928.3124,17109.7106,0
28779,408.21,13928.3124,17109.7106,0
28782,408.24,13928.3124,17109.7106,0
28786,408.27,13928.3124,17109.7106,0
28790,408.32,13928.3124,17109.7106,0
28794,408.40,13928.3124,17109.7106,0
28798,408.50,13928.3124,17109.7106,0
28800,408.54,13953.2797,17109.7106,0
28801,408.56,13953.2797,17109.7106,0
28814,408.83,13953.2797,17109.7106,0
28817,408.87,13953.2797,17109.7106,0
28829,409.33,13953.2797,17109.7106,0
28846,409.81,13953.2797,17109.7106,0
28848,409.83,13953.2797,17109.7106,0
28858,410.09,13953.2797,17109.7106,0
28867,410.25,13953.2797,17109.7106,0
28871,410.31,13953.2797,17109.7106,0
28874,410.34,13953.2797,17109.7106,0
28875,410.35,13953.2797,17109.7106,0
28883,410.48,13953.2797,17109.7106,0
28885,410.48,13953.2797,17109.7106,0
28899,410.90,13953.2797,17109.7106,0
28901,410.90,13953.2797,17109.7106,1
28914,411.63,13953.2797,17109.7106,0
28932,411.82,13953.2797,17109.7106,0
28934,411.82,13953.2797,17109.7106,0
28939,412.00,13953.2797,17109.7106,0
28975,412.92,13953.2797,17109.7106,0
28986,413.10,13953.2797,17109.7106,0
28994,413.18,13953.2797,17109.7106,0
29002,413.35,13953.2797,17109.7106,1
29004,413.43,13510.2295,17109.7106,0
29005,413.45,13711.4553,17109.7106,0
29007,413.52,13711.4553,17109.7106,0
29010,413.67,13711.4553,17109.7106,0
29015,413.84,13711.4553,17109.7106,0
29017,413.94,13711.4553,17109.7106,0
29022,414.13,13716.8545,17109.7106,0
29027,414.36,13716.8545,17109.7106,0
29029,414.44,13716.8545,17109.7106,0
29036,414.67,13722.3525,17109.7106,0
29039,414.74,13745.4104,17109.7106,0
29040,414.76,13755.7554,17109.7106,0
29067,415.64,13755.7554,17109.7106,0
29069,415.69,13756.1990,17109.7106,0
29071,415.73,13756.1990,17109.7106,0
29074,415.80,13925.9274,17109.7106,0
29075,415.86,13925.9274,17109.7106,0
29077,415.88,13925.9274,17109.7106,0
29082,416.03,13925.9274,17109.7106,0
29083,416.05,13926.0556,17109.7106,0
29087,416.21,13926.0556,17109.7106,0
29089,416.27,13926.0556,17109.7106,0
29090,416.30,13926.0556,17109.7106,0
29091,416.32,14254.9936,17109.7106,0
29102,416.62,14254.9936,17109.7106,0
29104,416.68,14295.9260,17109.7106,0
29105,416.71,14295.9260,17109.7106,0
29108,416.80,14295.9260,17109.7106,0
29120,417.03,14295.9260,17109.7106,0
29128,417.13,14295.9260,17109.7106,0
29132,417.25,14295.9260,17109.7106,0
29134,417.26,14295.9260,17109.7106,0
29139,417.32,14295.9260,17109.7106,0
29144,417.42,14295.9260,17109.7106,0
29145,417.42,14295.9260,17109.7106,0
29149,417.52,14365.4702,17109.7106,0
29160,417.84,14365.4702,17109.7106,0
29161,417.88,14366.1919,17109.7106,0
29166,418.00,14366.1919,17109.7106,0
29170,418.19,14366.1919,17109.7106,0
29171,418.23,14446.8446,17109.7106,0
29177,418.43,14446.8446,17109.7106,0
29178,418.45,14446.8446,17109.7106,0
29180,418.51,14446.8446,17109.7106,0
29183,418.56,14446.8446,17109.7106,0
29190,418.78,14446.8446,17109.7106,0
29191,418.80,14446.8446,17109.7106,0
29192,418.80,14446.8446,17109.7106,0
29195,418.85,14446.8446,17109.7106,0
29199,418.86,14446.8446,17109.7106,0
29201,418.90,14446.8446,17109.7106,0
29202,418.94,14446.8446,17109.7106,0
29205,418.96,14468.4499,17109.7106,0
29226,419.56,14491.1615,17109.7106,0
29227,419.59,14491.1615,17109.7106,0
29228,419.62,14491.1615,17109.7106,0
29229,419.66,14491.1615,17109.7106,0
29230,419.68,14491.6335,17109.7106,0
29234,419.79,14491.6335,17109.7106,0
29235,419.82,14491.6335,17109.7106,0
29236,419.86,14491.6335,17109.7106,0
29237,419.88,14491.6335,17109.7106,0
29245,420.07,14506.9007,17109.7106,0
29246,420.11,14506.9007,17109.7106,0
29247,420.13,14506.9007,17109.7106,0
29250,420.16,14506.9007,17109.7106,0
29252,420.20,14506.9007,17109.7106,0
29258,420.35,14506.9007,17109.7106,0
29266,420.55,14506.9007,17109.7106,0
29273,420.73,14506.9007,17109.7106,0
29275,420.74,14506.9007,17109.7106,0
29280,420.85,14506.9007,17109.7106,0
29282,420.88,14506.9007,17109.7106,0
29284,420.93,14506.9007,17109.7106,0
29285,420.98,14513.7142,17109.7106,0
29286,421.00,14513.7142,17109.7106,0
29287,421.07,14513.7142,17109.7106,0
29288,421.09,14513.7142,17109.7106,0
29292,421.26,14532.1510,17109.7106,0
29296,421.37,14532.1510,17109.7106,0
29299,421.45,14614.1679,17109.7106,0
29301,421.54,14614.1679,17109.7106,0
29302,421.56,14614.1679,17109.7106,0
29304,421.62,14614.1679,17109.7106,0
29309,421.75,14614.1679,17109.7106,0
29315,421.93,14614.1679,17109.7106,0
29317,421.93,14614.1679,17109.7106,0
29324,422.19,14614.1679,17109.7106,0
29325,422.19,14614.1679,17109.7106,0
29331,422.23,14614.1679,17109.7106,0
29339,422.49,14614.1679,17109.7106,0
29342,422.57,14614.1679,17109.7106,0
29349,422.65,14614.1679,17109.7106,0
29350,422.65,14614.1679,17109.7106,0
29354,422.68,14614.1679,17109.7106,0
29357,422.70,14614.1679,17109.7106,0
29361,422.71,14614.1679,17109.7106,0
29362,422.71,14614.1679,17109.7106,0
29365,422.75,14614.1679,17109.7106,0
29372,422.82,14614.1679,17109.7106,0
29380,422.84,14614.1679,17109.7106,0
29388,422.85,14614.1679,17109.7106,0
29393,422.86,14614.1679,17109.7106,0
29399,422.89,14614.1679,17109.7106,0
29400,422.89,14614.1679,17109.7106,1
29401,422.99,13509.9750,17109.7106,0
29402,423.01,13561.4068,17109.7106,0
29404,423.06,13561.4068,17109.7106,0
29431,424.03,13568.7907,17109.7106,0
29433,424.13,13568.7907,17109.7106,0
29434,424.17,13568.7907,17109.7106,0
29442,424.44,13568.7907,17109.7106,0
29452,424.84,13568.7907,17109.7106,0
29453,424.84,13568.7907,17109.7106,0
29454,424.85,13568.7907,17109.7106,0
29461,425.04,13576.0686,17109.7106,0
29462,425.07,13576.0686,17109.7106,0
29463,425.07,13576.0686,17109.7106,0
29469,425.23,13576.0686,17109.7106,0
29472,425.31,13576.0686,17109.7106,0
29475,425.40,13576.0686,17109.7106,0
29483,425.62,13576.0686,17109.7106,0
29486,425.71,13576.0686,17109.7106,0
29487,425.74,13576.9834,17109.7106,0
29495,425.93,13784.2596,17109.7106,0
29498,426.02,13784.2596,17109.7106,0
29535,427.17,13784.2596,17109.7106,0
29540,427.37,13784.2596,17109.7106,0
29549,427.55,13784.2596,17109.7106,0
29568,428.06,13784.2596,17109.7106,0
29587,428.32,13784.2596,17109.7106,0
29596,428.41,13784.2596,17109.7106,1
29597,428.46,12603.9216,17109.7106,0
29598,428.49,12603.9216,17109.7106,0
29599,428.52,12603.9216,17109.7106,0
29600,428.55,12603.9216,17109.7106,0
29601,428.56,12728.3756,17109.7106,0
29602,428.58,12728.3756,17109.7106,0
29603,428.60,12728.3756,17109.7106,0
29604,428.63,12773.8222,17109.7106,0
29605,428.65,13014.1538,17109.7106,0
29610,428.77,13014.1538,17109.7106,0
29617,428.93,13014.1538,17109.7106,0
29619,428.98,13100.1964,17109.7106,0
29624,429.12,13100.1964,17109.7106,0
29626,429.21,13100.1964,17109.7106,0
29628,429.25,13259.0506,17109.7106,0
29634,429.42,13259.0506,17109.7106,0
29637,429.50,13261.7992,17109.7106,0
29639,429.55,13261.7992,17109.7106,0
29640,429.58,13321.4150,17109.7106,0
29655,430.14,13321.4150,17109.7106,0
29664,430.35,13321.4150,17109.7106,0
29665,430.39,13611.4308,17109.7106,0
29666,430.41,13724.1874,17109.7106,0
29674,430.63,13724.1874,17109.7106,0
29691,431.12,13724.1874,17109.7106,0
29692,431.15,13724.1874,17109.7106,0
29694,431.19,13724.8126,17109.7106,0
29700,431.34,13724.8126,17109.7106,0
29719,432.14,13728.1232,17109.7106,0
29728,432.31,13728.1232,17109.7106,0
29731,432.39,13730.1842,17109.7106,0
29733,432.41,13730.1842,17109.7106,0
29734,432.43,13730.1842,17109.7106,0
29735,432.44,13730.1842,17109.7106,0
29748,432.94,13730.1842,17109.7106,0
29750,432.97,13730.1842,17109.7106,0
29752,433.02,13754.8048,17109.7106,0
29757,433.26,13754.8048,17109.7106,0
29758,433.28,13754.8048,17109.7106,0
29759,433.33,13754.8048,17109.7106,0
29763,433.44,13886.3588,17109.7106,0
29770,433.68,13886.3588,17109.7106,0
29771,433.73,13886.3588,17109.7106,0
29772,433.75,13916.5484,17109.7106,0
29778,434.04,13916.5484,17109.7106,0
29779,434.08,13916.5484,17109.7106,0
29780,434.09,13916.5484,17109.7106,0
29781,434.09,13916.5484,17109.7106,0
29782,434.13,13918.3047,17109.7106,0
29784,434.21,13918.3047,17109.7106,0
29789,434.39,13949.6952,17109.7106,0
29791,434.46,14177.2329,17109.7106,0
29792,434.47,14189.3475,17109.7106,0
29793,434.51,14189.3475,17109.7106,0
29794,434.58,14193.7310,17109.7106,0
29795,434.59,14193.7310,17109.7106,0
29797,434.67,14278.9117,17109.7106,0
29798,434.71,14278.9117,17109.7106,0
29799,434.73,14279.0766,17109.7106,0
29804,434.96,14279.0766,17109.7106,0
29806,434.99,14279.0766,17109.7106,0
29807,434.99,14279.0766,17109.7106,0
29808,435.01,14279.0766,17109.7106,0
29811,435.09,14279.0766,17109.7106,0
29815,435.20,14279.0766,17109.7106,0
29819,435.31,14279.0766,17109.7106,0
29820,435.33,14279.0766,17109.7106,0
29821,435.41,14309.7294,17109.7106,0
29832,435.82,14309.7294,17109.7106,0
29835,435.89,14309.7294,17109.7106,0
29861,436.79,14310.4704,17109.7106,0
29862,436.81,14310.4704,17109.7106,0
29863,436.86,14310.4704,17109.7106,0
29865,436.86,14310.4704,17109.7106,0
29867,436.91,14310.4704,17109.7106,0
29868,436.94,14357.8873,17109.7106,0
29880,437.30,14357.8873,17109.7106,0
29883,437.33,14357.8873,17109.7106,0
29888,437.53,14357.8873,17109.7106,0
29891,437.61,14361.0689,17109.7106,0
29893,437.69,14361.0689,17109.7106,0
29902,437.93,14361.0689,17109.7106,0
29904,437.97,14361.0689,17109.7106,0
29916,438.28,14361.0689,17109.7106,0
29920,438.43,14361.0689,17109.7106,0
29923,438.57,14361.0689,17109.7106,0
29926,438.60,14361.0689,17109.7106,0
29932,438.65,14361.0689,17109.7106,0
29933,438.75,14361.0689,17109.7106,0
29943,438.93,14361.0689,17109.7106,0
29947,438.97,14361.0689,17109.7106,0
29958,439.15,14361.0689,17109.7106,0
29961,439.18,14361.0689,17109.7106,0
29963,439.18,14361.0689,17109.7106,0
29966,439.29,14361.0689,17109.7106,0
29968,439.32,14375.1553,17109.7106,0
29969,439.34,14375.1553,17109.7106,0
29971,439.40,14380.6413,17109.7106,0
29972,439.42,14380.6413,17109.7106,0
29984,439.84,14380.6413,17109.7106,0
29990,439.94,14380.6413,17109.7106,0
29992,439.97,14380.6413,17109.7106,0
29995,440.07,14380.6413,17109.7106,0
29998,440.10,14380.6413,17109.7106,0
30000,440.21,14380.6413,17109.7106,0
30002,440.25,14380.6413,17109.7106,0
30004,440.29,14380.6413,17109.7106,0
30016,440.36,14382.2092,17109.7106,0
30020,440.54,14382.2092,17109.7106,0
30024,440.65,14382.2092,17109.7106,0
30032,440.87,14382.2092,17109.7106,0
30035,440.95,14387.5040,17109.7106,0
30039,441.15,14387.5040,17109.7106,0
30043,441.29,14387.5040,17109.7106,0
30044,441.34,14387.5040,17109.7106,0
30046,441.39,14387.5040,17109.7106,0
30051,441.60,14387.5040,17109.7106,0
30052,441.62,14387.5040,17109.7106,0
30053,441.62,14387.5040,17109.7106,0
30061,441.82,14387.5040,17109.7106,0
30064,441.85,14389.6053,17109.7106,0
30066,441.90,14389.6053,17109.7106,0
30075,442.25,14389.6053,17109.7106,0
30114,443.21,14389.6053,17109.7106,0
30140,443.77,14389.6053,17109.7106,0
30144,443.86,14389.6053,17109.7106,0
30155,444.00,14389.6053,17109.7106,0
30165,444.04,14389.6053,17109.7106,1
30166,444.09,13301.8360,17109.7106,0
30167,444.11,13305.5088,17109.7106,0
30168,444.14,13470.6322,17109.7106,0
30170,444.21,13470.6322,17109.7106,0
30175,444.42,13592.3849,17109.7106,0
30176,444.44,13612.8467,17109.7106,0
30184,444.72,13612.8467,17109.7106,0
30185,444.76,13852.3277,17109.7106,0
30191,444.94,13852.3277,17109.7106,0
30208,445.38,13858.6720,17109.7106,0
30212,445.48,13858.6720,17109.7106,0
30213,445.54,13858.6720,17109.7106,0
30216,445.64,13858.6720,17109.7106,0
30217,445.68,13858.6720,17109.7106,0
30219,445.73,13987.5200,17109.7106,0
30223,445.80,13987.5200,17109.7106,0
30233,446.17,13987.5200,17109.7106,0
30250,446.63,13987.5200,17109.7106,0
30252,446.72,13987.5200,17109.7106,0
30257,446.85,13987.5200,17109.7106,0
30275,447.41,14020.5883,17109.7106,0
30293,448.11,14037.2637,17109.7106,0
30295,448.16,14037.2637,17109.7106,0
30297,448.22,14093.5143,17109.7106,0
30298,448.26,14093.5143,17109.7106,0
30311,448.64,14132.8872,17109.7106,0
30314,448.69,14132.8872,17109.7106,0
30325,448.92,14132.8872,17109.7106,0
30326,448.94,14282.4672,17109.7106,0
30330,449.00,14282.4672,17109.7106,0
30334,449.11,14282.4672,17109.7106,0
30350,449.52,14282.4672,17109.7106,0
30364,449.99,14282.4672,17109.7106,0
30379,450.11,14282.4672,17109.7106,0
30382,450.13,14282.4672,17109.7106,0
30394,450.27,14282.4672,17109.7106,0
30403,450.43,14282.4672,17109.7106,0
30405,450.43,14282.4672,17109.7106,0
30411,450.61,14282.4672,17109.7106,0
30427,450.80,14282.4672,17109.7106,1
30428,450.82,12589.4729,17109.7106,0
30429,450.83,12731.1842,17109.7106,0
30430,450.84,12821.9806,17109.7106,0
30431,450.86,12821.9806,17109.7106,0
30432,450.87,12821.9806,17109.7106,0
30433,450.89,12821.9806,17109.7106,0
30434,450.90,12821.9806,17109.7106,0
30435,450.91,12821.9806,17109.7106,0
30436,450.93,12821.9806,17109.7106,0
30437,450.94,12821.9806,17109.7106,0
30439,450.97,12821.9806,17109.7106,0
30440,450.99,12951.2422,17109.7106,0
30442,451.02,12951.2422,17109.7106,0
30443,451.04,12951.2422,17109.7106,0
30444,451.05,12962.9130,17109.7106,0
30445,451.06,12964.8732,17109.7106,0
30446,451.08,12964.8732,17109.7106,0
30448,451.12,12964.8732,17109.7106,0
30449,451.13,13076.0652,17109.7106,0
30450,451.15,13076.0652,17109.7106,0
30451,451.16,13158.4134,17109.7106,0
30452,451.18,13158.4134,17109.7106,0
30453,451.19,13196.0809,17109.7106,0
30455,451.23,13196.0809,17109.7106,0
30456,451.25,13196.0809,17109.7106,0
30457,451.26,13196.0809,17109.7106,0
30458,451.28,13196.0809,17109.7106,0
30461,451.30,13196.0809,17109.7106,0
30462,451.31,13196.0809,17109.7106,0
30463,451.33,13231.0583,17109.7106,0
30465,451.35,13231.0583,17109.7106,0
30466,451.36,13231.0583,17109.7106,0
30467,451.40,13361.5208,17109.7106,0
30469,451.47,13361.5208,17109.7106,0
30471,451.58,13361.5208,17109.7106,0
30472,451.60,13361.5208,17109.7106,0
30473,451.60,13361.5208,17109.7106,0
30474,451.60,13361.5208,17109.7106,0
30475,451.62,13361.5208,17109.7106,0
30476,451.63,13361.5208,17109.7106,0
30477,451.67,13361.5208,17109.7106,0
30478,451.67,13361.5208,17109.7106,0
30479,451.71,13392.8519,17109.7106,0
30480,451.76,13423.9788,17109.7106,0
30484,451.83,13572.9522,17109.7106,0
30487,451.93,13572.9522,17109.7106,0
30490,452.02,13616.4737,17109.7106,0
30493,452.13,13733.4495,17109.7106,0
30495,452.16,13733.4495,17109.7106,0
30496,452.21,13733.4495,17109.7106,0
30497,452.23,13733.4495,17109.7106,0
30499,452.29,13733.4495,17109.7106,0
30502,452.34,13733.4495,17109.7106,0
30505,452.41,13733.4495,17109.7106,0
30506,452.43,13733.4495,17109.7106,0
30508,452.49,13733.4495,17109.7106,0
30514,452.55,13733.4495,17109.7106,0
30516,452.60,13779.4914,17109.7106,0
30517,452.62,13779.4914,17109.7106,0
30527,452.90,13779.4914,17109.7106,0
30531,453.00,13779.4914,17109.7106,0
30533,453.06,13779.4914,17109.7106,0
30534,453.08,13858.3405,17109.7106,0
30539,453.23,13858.3405,17109.7106,0
30543,453.41,13858.3405,17109.7106,0
30545,453.41,13858.3405,17109.7106,0
30548,453.48,13858.3405,17109.7106,0
30550,453.56,13858.3405,17109.7106,0
30551,453.61,13970.8106,17109.7106,0
30552,453.65,13970.8106,17109.7106,0
30565,454.08,13970.8106,17109.7106,0
30570,454.13,13970.8106,17109.7106,0
30576,454.34,13970.8106,17109.7106,0
30577,454.34,13970.8106,17109.7106,0
30579,454.38,13970.8106,17109.7106,0
30581,454.39,13970.8106,17109.7106,0
30588,454.66,13970.8106,17109.7106,0
30589,454.69,13970.8106,17109.7106,0
30598,454.87,13970.8106,17109.7106,0
30600,454.90,13970.8106,17109.7106,0
30603,454.93,13970.8106,17109.7106,0
30607,454.99,13970.8106,17109.7106,0
30608,454.99,13970.8106,17109.7106,0
30613,455.10,13970.8106,17109.7106,0
30616,455.13,13970.8106,17109.7106,0
30624,455.22,13970.8106,17109.7106,0
30627,455.27,13970.8106,17109.7106,0
30633,455.34,13970.8106,17109.7106,0
30634,455.34,13970.8106,17109.7106,0
30638,455.38,13970.8106,17109.7106,0
30644,455.48,13970.8106,17109.7106,0
30648,455.55,13970.8106,17109.7106,0
30652,455.55,13970.8106,17109.7106,1
30653,455.58,11850.9443,17109.7106,0
30654,455.60,11908.9650,17109.7106,0
30656,455.62,11966.5064,17109.7106,0
30657,455.63,11966.5064,17109.7106,0
30658,455.65,11966.5064,17109.7106,0
30659,455.66,12116.9788,17109.7106,0
30660,455.67,12116.9788,17109.7106,0
30661,455.69,12153.2217,17109.7106,0
30662,455.70,12156.7339,17109.7106,0
30663,455.71,12351.1339,17109.7106,0
30664,455.72,12351.1339,17109.7106,0
30665,455.74,12713.8905,17109.7106,0
30666,455.75,12790.2894,17109.7106,0
30667,455.76,12797.4160,17109.7106,0
30668,455.77,12799.7292,17109.7106,0
30669,455.79,12799.7292,17109.7106,0
30670,455.80,12799.7292,17109.7106,0
30671,455.81,12799.7292,17109.7106,0
30672,455.82,12947.5726,17109.7106,0
30673,455.84,12947.5726,17109.7106,0
30674,455.85,12947.5726,17109.7106,0
30675,455.86,12947.5726,17109.7106,0
30676,455.87,12952.1762,17109.7106,0
30677,455.88,12952.1762,17109.7106,0
30678,455.90,12974.9005,17109.7106,0
30680,455.91,12974.9005,17109.7106,0
30681,455.92,12974.9005,17109.7106,0
30682,455.93,13027.9331,17109.7106,0
30683,455.95,13027.9331,17109.7106,0
30684,455.96,13027.9331,17109.7106,0
30685,455.97,13032.6696,17109.7106,0
30686,455.99,13032.6696,17109.7106,0
30687,455.99,13032.6696,17109.7106,0
30688,456.00,13032.6696,17109.7106,0
30689,456.01,13032.6696,17109.7106,0
30691,456.02,13032.6696,17109.7106,0
30692,456.04,13032.6696,17109.7106,0
30694,456.04,13032.6696,17109.7106,0
30695,456.05,13032.6696,17109.7106,0
30696,456.06,13109.2096,17109.7106,0
30697,456.07,13109.2096,17109.7106,0
30698,456.09,13109.2096,17109.7106,0
30699,456.11,13259.3552,17109.7106,0
30700,456.12,13259.3552,17109.7106,0
30702,456.13,13260.5739,17109.7106,0
30703,456.15,13260.5739,17109.7106,0
30704,456.16,13272.9871,17109.7106,0
30705,456.18,13272.9871,17109.7106,0
30707,456.18,13272.9871,17109.7106,0
30708,456.20,13272.9871,17109.7106,0
30709,456.21,13272.9871,17109.7106,0
30711,456.23,13272.9871,17109.7106,0
30714,456.28,13273.0504,17109.7106,0
30715,456.30,13305.2047,17109.7106,0
30716,456.31,13305.2047,17109.7106,0
30717,456.33,13343.9828,17109.7106,0
30718,456.35,13739.6572,17109.7106,0
30719,456.38,13775.7612,17109.7106,0
30720,456.39,13778.8208,17109.7106,0
30721,456.41,13778.8208,17109.7106,0
30722,456.41,13778.8208,17109.7106,0
30723,456.44,13796.7637,17109.7106,0
30725,456.45,13796.7637,17109.7106,0
30727,456.47,13798.4055,17109.7106,0
30728,456.49,13798.4055,17109.7106,0
30729,456.50,13815.6494,17109.7106,0
30730,456.52,13815.6494,17109.7106,0
30733,456.55,13831.2971,17109.7106,0
30735,456.60,13831.2971,17109.7106,0
30736,456.61,13831.2971,17109.7106,0
30738,456.63,13831.2971,17109.7106,0
30739,456.63,13831.2971,17109.7106,0
30740,456.64,13831.2971,17109.7106,0
30741,456.66,13831.2971,17109.7106,0
30743,456.66,13831.2971,17109.7106,0
30744,456.66,13831.2971,17109.7106,0
30745,456.68,13919.6167,17109.7106,0
30746,456.69,13944.1136,17109.7106,0
30747,456.70,13969.4984,17109.7106,0
30748,456.72,13969.8287,17109.7106,0
30749,456.73,13969.8287,17109.7106,0
30750,456.75,14131.5498,17109.7106,0
30751,456.77,14131.5498,17109.7106,0
30752,456.79,14131.5498,17109.7106,0
30753,456.80,14131.5498,17109.7106,0
30755,456.82,14137.4799,17109.7106,0
30756,456.82,14137.4799,17109.7106,0
30757,456.84,14263.4135,17109.7106,0
30758,456.86,14321.0497,17109.7106,0
30759,456.88,14444.4090,17109.7106,0
30760,456.90,14575.7460,17109.7106,0
30764,456.96,14576.8892,17109.7106,0
30765,456.98,14576.8892,17109.7106,0
30766,456.99,14576.8892,17109.7106,0
30767,457.00,14576.8892,17109.7106,0
30768,457.02,14576.8892,17109.7106,0
30769,457.03,14576.8892,17109.7106,0
30771,457.07,14697.1177,17109.7106,0
30772,457.09,14697.1177,17109.7106,0
30774,457.12,14697.1177,17109.7106,0
30775,457.14,14697.1177,17109.7106,0
30776,457.16,14697.1177,17109.7106,0
30777,457.17,14697.1177,17109.7106,0
30781,457.22,14697.1177,17109.7106,0
30785,457.26,14697.1177,17109.7106,0
30789,457.33,14697.1177,17109.7106,0
30790,457.35,14697.1177,17109.7106,0
30791,457.36,14697.1177,17109.7106,0
30794,457.41,14697.1177,17109.7106,0
30795,457.41,14697.1177,17109.7106,0
30796,457.42,14697.1177,17109.7106,0
30797,457.42,14697.1177,17109.7106,0
30799,457.42,14697.1177,17109.7106,0
30800,457.44,14697.1177,17109.7106,0
30806,457.48,14697.1177,17109.7106,0
30808,457.49,14697.1177,17109.7106,0
30811,457.51,14697.1177,17109.7106,0
30813,457.51,14697.1177,17109.7106,0
30816,457.54,14697.1177,17109.7106,0
30817,457.55,14697.1177,17109.7106,0
30818,457.55,14697.1177,17109.7106,0
30820,457.55,14697.1177,17109.7106,0
30821,457.57,14710.1552,17109.7106,0
30822,457.59,14710.1552,17109.7106,0
30823,457.61,14710.1552,17109.7106,0
30825,457.64,14710.1552,17109.7106,0
30826,457.64,14710.1552,17109.7106,0
30828,457.67,14710.1552,17109.7106,0
30829,457.67,14710.1552,17109.7106,0
30830,457.67,14710.1552,17109.7106,0
30831,457.68,14710.1552,17109.7106,0
30832,457.68,14710.1552,17109.7106,0
30834,457.68,14710.1552,17109.7106,0
30835,457.68,14710.1552,17109.7106,0
30836,457.68,14710.1552,17109.7106,0
30837,457.70,14710.1552,17109.7106,0
30838,457.70,14710.1552,17109.7106,0
30839,457.71,14710.1552,17109.7106,0
30846,457.80,14710.1552,17109.7106,0
30847,457.81,14710.1552,17109.7106,0
30848,457.82,14710.1552,17109.7106,0
30849,457.83,14710.1552,17109.7106,0
30852,457.87,14710.1552,17109.7106,0
30853,457.87,14710.1552,17109.7106,0
30855,457.90,14710.1552,17109.7106,0
30856,457.90,14710.1552,17109.7106,0
30859,457.92,14710.1552,17109.7106,0
30860,457.92,14710.1552,17109.7106,0
30861,457.93,14710.1552,17109.7106,0
30864,457.97,14710.8757,17109.7106,0
30865,457.98,14710.8757,17109.7106,0
30866,458.00,14710.8757,17109.7106,0
30867,458.02,14710.8757,17109.7106,0
30868,458.02,14710.8757,17109.7106,0
30870,458.04,14710.8757,17109.7106,0
30871,458.05,14714.4186,17109.7106,0
30872,458.07,14714.4186,17109.7106,0
30873,458.09,14714.4186,17109.7106,0
30874,458.11,14867.9461,17109.7106,0
30875,458.12,14867.9461,17109.7106,0
30877,458.16,14867.9461,17109.7106,0
30878,458.17,14867.9461,17109.7106,0
30879,458.19,14867.9461,17109.7106,0
30882,458.21,14867.9461,17109.7106,0
30883,458.21,14867.9461,17109.7106,0
30884,458.23,14867.9461,17109.7106,0
30887,458.25,14867.9461,17109.7106,0
30889,458.25,14867.9461,17109.7106,0
30892,458.29,14867.9461,17109.7106,0
30893,458.29,14867.9461,17109.7106,0
30895,458.31,14867.9461,17109.7106,0
30897,458.33,14867.9461,17109.7106,0
30898,458.33,14867.9461,17109.7106,0
30899,458.33,14867.9461,17109.7106,0
30900,458.33,14867.9461,17109.7106,0
30904,458.35,14867.9461,17109.7106,0
30906,458.35,14867.9461,17109.7106,0
30907,458.35,14867.9461,17109.7106,0
30909,458.36,14867.9461,17109.7106,0
30914,458.40,14867.9461,17109.7106,0
30916,458.41,14867.9461,17109.7106,0
30917,458.43,14867.9461,17109.7106,0
30918,458.43,14867.9461,17109.7106,0
30920,458.48,14867.9461,17109.7106,0
30921,458.48,14867.9461,17109.7106,0
30923,458.48,14867.9461,17109.7106,0
30928,458.52,14867.9461,17109.7106,0
30929,458.52,14867.9461,17109.7106,0
30931,458.53,14867.9461,17109.7106,0
30934,458.57,14867.9461,17109.7106,0
30935,458.57,14867.9461,17109.7106,0
30936,458.59,14867.9461,17109.7106,0
30943,458.65,14867.9461,17109.7106,0
30944,458.67,14877.6315,17109.7106,0
30945,458.71,14877.6315,17109.7106,0
30947,458.73,14955.8621,17109.7106,0
30948,458.76,14955.8621,17109.7106,0
30950,458.80,14956.7832,17109.7106,0
30954,458.85,14956.7832,17109.7106,0
30957,458.89,14956.7832,17109.7106,0
30958,458.91,14956.7832,17109.7106,0
30959,458.93,14956.7832,17109.7106,0
30963,458.99,14956.7832,17109.7106,0
30964,459.00,14956.7832,17109.7106,0
30965,459.02,14956.7832,17109.7106,0
30966,459.02,14956.7832,17109.7106,0
30967,459.02,14956.7832,17109.7106,0
30968,459.03,14956.7832,17109.7106,0
30970,459.05,14956.7832,17109.7106,0
30971,459.06,14956.7832,17109.7106,0
30973,459.06,14956.7832,17109.7106,0
30974,459.06,14956.7832,17109.7106,0
30975,459.09,14956.7832,17109.7106,0
30976,459.09,14956.7832,17109.7106,0
30977,459.10,14956.7832,17109.7106,0
30978,459.10,14956.7832,17109.7106,0
30980,459.12,14956.7832,17109.7106,0
30982,459.13,14956.7832,17109.7106,0
30983,459.14,14957.6448,17109.7106,0
30988,459.22,14957.6448,17109.7106,0
30989,459.24,14957.6448,17109.7106,0
30990,459.26,14957.6448,17109.7106,0
30991,459.26,14957.6448,17109.7106,0
30992,459.27,14957.6448,17109.7106,0
30994,459.31,14957.6448,17109.7106,0
30995,459.34,14957.6448,17109.7106,0
30996,459.37,14957.6448,17109.7106,0
30997,459.38,14957.6448,17109.7106,0
30999,459.40,14957.6448,17109.7106,0
31001,459.44,14957.6448,17109.7106,0
31003,459.44,14957.6448,17109.7106,0
31004,459.44,14957.6448,17109.7106,0
31005,459.44,14957.6448,17109.7106,0
31007,459.49,14957.6448,17109.7106,0
31008,459.50,14957.6448,17109.7106,0
31009,459.50,14957.6448,17109.7106,0
31011,459.52,14957.6448,17109.7106,0
31012,459.53,14957.6448,17109.7106,0
31014,459.55,14957.6448,17109.7106,0
31017,459.55,14957.6448,17109.7106,0
31020,459.57,14957.6448,17109.7106,0
31022,459.57,14957.6448,17109.7106,0
31024,459.61,14957.6448,17109.7106,0
31027,459.66,14957.6448,17109.7106,0
31028,459.66,14957.6448,17109.7106,0
31029,459.66,14957.6448,17109.7106,0
31030,459.67,14957.6448,17109.7106,0
31032,459.68,14957.6448,17109.7106,0
31034,459.70,14957.6448,17109.7106,0
31035,459.71,14957.6448,17109.7106,0
31036,459.73,14957.6448,17109.7106,0
31037,459.73,14957.6448,17109.7106,0
31039,459.75,14957.6448,17109.7106,0
31041,459.75,14957.6448,17109.7106,0
31042,459.76,14957.6448,17109.7106,0
31043,459.76,14957.6448,17109.7106,0
31045,459.76,14957.6448,17109.7106,0
31046,459.76,14957.6448,17109.7106,0
31050,459.78,14957.6448,17109.7106,0
31051,459.79,14957.6448,17109.7106,0
31053,459.82,14957.6448,17109.7106,0
31054,459.82,14957.6448,17109.7106,0
31055,459.82,14957.6448,17109.7106,0
31057,459.84,14957.6448,17109.7106,0
31060,459.86,14957.6448,17109.7106,0
31061,459.87,14959.3872,17109.7106,0
31062,459.89,14959.3872,17109.7106,0
31063,459.91,14959.3872,17109.7106,0
31064,459.93,14959.3872,17109.7106,0
31065,459.94,14959.3872,17109.7106,0
31066,459.96,14959.3872,17109.7106,0
31067,459.98,14983.6423,17109.7106,0
31068,460.00,14983.6423,17109.7106,0
31069,460.02,14983.6423,17109.7106,0
31071,460.03,14984.5333,17109.7106,0
31077,460.15,14984.5333,17109.7106,0
31081,460.21,14984.5333,17109.7106,0
31082,460.23,14984.5333,17109.7106,0
31083,460.24,14984.5333,17109.7106,0
31084,460.26,14984.5333,17109.7106,0
31086,460.26,14984.5333,17109.7106,0
31088,460.30,14984.5333,17109.7106,0
31089,460.31,14984.5333,17109.7106,0
31091,460.33,14984.5333,17109.7106,0
31092,460.34,14984.5333,17109.7106,0
31094,460.35,14984.5333,17109.7106,0
31095,460.35,14984.5333,17109.7106,0
31098,460.39,14985.3631,17109.7106,0
31105,460.46,14985.3631,17109.7106,0
31109,460.53,14985.3631,17109.7106,0
31112,460.59,14985.3631,17109.7106,0
31114,460.62,14985.3631,17109.7106,0
31115,460.65,14985.3631,17109.7106,0
31117,460.66,14985.3631,17109.7106,0
31118,460.67,14985.3631,17109.7106,0
31119,460.69,14985.3631,17109.7106,0
31120,460.69,14985.3631,17109.7106,0
31122,460.72,14985.3631,17109.7106,0
31124,460.72,14985.3631,17109.7106,0
31127,460.74,14985.3631,17109.7106,0
31129,460.76,14985.3631,17109.7106,0
31130,460.76,14985.3631,17109.7106,0
31132,460.78,14985.3631,17109.7106,0
31133,460.78,14985.3631,17109.7106,0
31134,460.78,14985.3631,17109.7106,0
31137,460.83,14985.3631,17109.7106,0
31138,460.85,14985.3631,17109.7106,0
31139,460.85,14985.3631,17109.7106,0
31140,460.85,14985.3631,17109.7106,0
31141,460.87,14985.3631,17109.7106,0
31143,460.87,14985.3631,17109.7106,0
31144,460.87,14985.3631,17109.7106,0
31146,460.90,14985.3631,17109.7106,0
31149,460.95,14985.3631,17109.7106,0
31151,460.96,14985.3631,17109.7106,0
31153,460.96,14985.3631,17109.7106,0
31154,460.96,14985.3631,17109.7106,0
31157,460.98,14985.3631,17109.7106,0
31159,461.01,14985.3631,17109.7106,0
31160,461.01,14985.3631,17109.7106,0
31161,461.03,14985.3631,17109.7106,0
31163,461.05,14985.3631,17109.7106,0
31164,461.07,14985.3631,17109.7106,0
31165,461.09,14985.3631,17109.7106,0
31166,461.09,14985.3631,17109.7106,0
31167,461.10,14985.3631,17109.7106,0
31168,461.11,14985.3631,17109.7106,0
31170,461.12,14985.3631,17109.7106,0
31171,461.13,14985.3631,17109.7106,0
31178,461.18,14985.3631,17109.7106,0
31179,461.19,14985.3631,17109.7106,0
31180,461.20,14985.3631,17109.7106,0
31181,461.21,14985.3631,17109.7106,0
31182,461.22,14985.3631,17109.7106,0
31183,461.22,14985.3631,17109.7106,0
31184,461.23,14985.3631,17109.7106,0
31186,461.25,14985.3631,17109.7106,0
31187,461.25,14985.3631,17109.7106,0
31188,461.26,14985.3631,17109.7106,0
31189,461.26,14985.3631,17109.7106,0
31190,461.26,14985.3631,17109.7106,0
31192,461.30,14985.3631,17109.7106,0
31193,461.30,14985.3631,17109.7106,0
31194,461.30,14985.3631,17109.7106,0
31195,461.30,14985.3631,17109.7106,0
31196,461.32,14985.3631,17109.7106,0
31197,461.32,14985.3631,17109.7106,0
31198,461.32,14985.3631,17109.7106,0
31199,461.32,14985.3631,17109.7106,1
31200,461.34,13278.2806,17109.7106,0
31201,461.36,13405.3054,17109.7106,0
31202,461.37,13405.3054,17109.7106,0
31203,461.38,13744.5507,17109.7106,0
31204,461.40,13744.5507,17109.7106,0
31205,461.41,13744.5507,17109.7106,0
31206,461.43,13888.4552,17109.7106,0
31207,461.46,13888.4552,17109.7106,0
31208,461.48,14001.4059,17109.7106,0
31209,461.49,14420.0215,17109.7106,0
31210,461.51,14420.0215,17109.7106,0
31211,461.53,14420.0215,17109.7106,0
31213,461.55,14743.8457,17109.7106,0
31214,461.56,14804.1282,17109.7106,0
31215,461.59,14842.1743,17109.7106,0
31216,461.61,15033.8476,17109.7106,0
31217,461.63,15033.8476,17109.7106,0
31219,461.68,15033.8476,17109.7106,0
31220,461.69,15075.5316,17109.7106,0
31221,461.71,15083.5588,17109.7106,0
31222,461.73,15136.6851,17109.7106,0
31223,461.73,15136.6851,17109.7106,0
31224,461.74,15263.7763,17109.7106,0
31225,461.76,15263.7763,17109.7106,0
31228,461.77,15263.7763,17109.7106,0
31229,461.80,15631.3572,17109.7106,0
31230,461.81,15670.2419,17109.7106,0
31231,461.83,15670.2419,17109.7106,0
31232,461.85,15670.2419,17109.7106,0
31233,461.87,16041.7763,17109.7106,0
31234,461.88,16041.7763,17109.7106,0
31235,461.90,16041.7763,17109.7106,0
31236,461.91,16041.7763,17109.7106,0
31238,461.93,16041.7763,17109.7106,0
31240,461.95,16041.7763,17109.7106,0
31241,461.96,16041.7763,17109.7106,0
31242,461.98,16041.7763,17109.7106,0
31247,462.09,16041.7763,17109.7106,0
31248,462.12,16164.3549,17109.7106,0
31250,462.14,16270.7921,17109.7106,0
31253,462.16,16270.7921,17109.7106,0
31257,462.20,16270.7921,17109.7106,0
31258,462.22,16270.7921,17109.7106,0
31260,462.23,16270.7921,17109.7106,0
31262,462.27,16270.7921,17109.7106,0
31265,462.29,16270.7921,17109.7106,0
31267,462.31,16270.7921,17109.7106,0
31271,462.35,16270.7921,17109.7106,0
31272,462.35,16270.7921,17109.7106,0
31275,462.37,16270.7921,17109.7106,0
31281,462.43,16270.7921,17109.7106,0
31282,462.44,16273.7821,17109.7106,0
31283,462.47,16273.7821,17109.7106,0
31285,462.49,16273.7821,17109.7106,0
31286,462.50,16273.7821,17109.7106,0
31288,462.54,16273.7821,17109.7106,0
31291,462.56,16276.7330,17109.7106,0
31293,462.60,16276.7330,17109.7106,0
31294,462.61,16276.7330,17109.7106,0
31295,462.63,16276.7330,17109.7106,0
31296,462.66,16276.7330,17109.7106,0
31298,462.71,16276.7330,17109.7106,0
31301,462.76,16276.7330,17109.7106,0
31306,462.80,16276.7330,17109.7106,0
31307,462.81,16276.7330,17109.7106,0
31309,462.81,16276.7330,17109.7106,0
31310,462.83,16276.7330,17109.7106,0
31313,462.86,16276.7330,17109.7106,0
31314,462.87,16276.7330,17109.7106,0
31315,462.88,16276.7330,17109.7106,0
31316,462.90,16276.7330,17109.7106,0
31317,462.92,16276.7330,17109.7106,0
31319,462.94,16276.7330,17109.7106,0
31320,462.94,16276.7330,17109.7106,0
31321,462.96,16276.7330,17109.7106,0
31322,462.97,16278.1175,17109.7106,0
31323,462.99,16278.1175,17109.7106,0
31324,463.01,16278.1175,17109.7106,0
31325,463.03,16278.1175,17109.7106,0
31326,463.04,16278.1175,17109.7106,0
31328,463.07,16278.1175,17109.7106,0
31329,463.09,16278.1175,17109.7106,0
31331,463.11,16278.1175,17109.7106,0
31332,463.13,16278.1175,17109.7106,0
31337,463.21,16278.1175,17109.7106,0
31338,463.21,16278.1175,17109.7106,0
31339,463.23,16278.1175,17109.7106,0
31342,463.27,16278.1175,17109.7106,0
31344,463.31,16278.1175,17109.7106,0
31347,463.35,16278.1175,17109.7106,0
31349,463.37,16278.1175,17109.7106,0
31350,463.39,16300.7891,17109.7106,0
31352,463.41,16300.7891,17109.7106,0
31358,463.47,16300.7891,17109.7106,0
31359,463.49,16300.7891,17109.7106,0
31360,463.50,16300.7891,17109.7106,0
31362,463.54,16300.7891,17109.7106,0
31365,463.56,16300.7891,17109.7106,0
31366,463.58,16303.2681,17109.7106,0
31370,463.63,16303.2681,17109.7106,0
31372,463.65,16303.2681,17109.7106,0
31374,463.69,16303.2681,17109.7106,0
31376,463.73,16303.4989,17109.7106,0
31377,463.75,16303.4989,17109.7106,0
31381,463.78,16303.4989,17109.7106,0
31383,463.80,16303.4989,17109.7106,0
31385,463.82,16303.4989,17109.7106,0
31386,463.84,16303.4989,17109.7106,0
31387,463.86,16303.4989,17109.7106,0
31389,463.88,16303.4989,17109.7106,0
31391,463.90,16303.4989,17109.7106,0
31392,463.91,16303.4989,17109.7106,0
31397,463.96,16303.4989,17109.7106,0
31398,463.98,16303.4989,17109.7106,0
31404,464.04,16303.4989,17109.7106,0
31407,464.08,16303.4989,17109.7106,0
31413,464.12,16303.4989,17109.7106,0
31416,464.12,16303.4989,17109.7106,0
31417,464.14,16303.4989,17109.7106,0
31419,464.16,16303.4989,17109.7106,0
31420,464.16,16303.4989,17109.7106,0
31422,464.17,16303.4989,17109.7106,0
31427,464.23,16303.4989,17109.7106,0
31429,464.24,16303.4989,17109.7106,0
31432,464.27,16303.4989,17109.7106,0
31437,464.29,16303.4989,17109.7106,0
31440,464.31,16303.4989,17109.7106,0
31442,464.32,16303.4989,17109.7106,0
31443,464.32,16303.4989,17109.7106,0
31445,464.34,16303.4989,17109.7106,0
31448,464.36,16303.4989,17109.7106,0
31453,464.40,16303.4989,17109.7106,0
31454,464.40,16303.4989,17109.7106,0
31456,464.42,16303.4989,17109.7106,0
31458,464.44,16303.4989,17109.7106,0
31459,464.44,16303.4989,17109.7106,0
31460,464.46,16303.4989,17109.7106,0
31461,464.47,16303.4989,17109.7106,0
31463,464.49,16303.4989,17109.7106,0
31466,464.51,16303.4989,17109.7106,0
31467,464.51,16303.4989,17109.7106,0
31471,464.53,16303.4989,17109.7106,0
31472,464.54,16303.4989,17109.7106,0
31473,464.54,16303.4989,17109.7106,0
31475,464.54,16303.4989,17109.7106,0
31477,464.54,16303.4989,17109.7106,1
31478,464.57,13938.9913,17109.7106,0
31479,464.59,13938.9913,17109.7106,0
31480,464.60,13941.1467,17109.7106,0
31481,464.62,14276.2694,17109.7106,0
31482,464.63,14276.2694,17109.7106,0
31483,464.65,14447.2667,17109.7106,0
31484,464.67,14716.0551,17109.7106,0
31485,464.68,14716.0551,17109.7106,0
31486,464.70,14716.0551,17109.7106,0
31487,464.71,14716.0551,17109.7106,0
31489,464.73,14716.0551,17109.7106,0
31490,464.75,14716.0551,17109.7106,0
31491,464.77,14928.2075,17109.7106,0
31494,464.80,15172.7487,17109.7106,0
31495,464.82,15172.7487,17109.7106,0
31496,464.84,15172.7487,17109.7106,0
31499,464.87,15172.7487,17109.7106,0
31504,464.94,15172.7487,17109.7106,0
31506,464.96,15172.7487,17109.7106,0
31508,464.98,15172.7487,17109.7106,0
31514,465.03,15172.7487,17109.7106,0
31517,465.05,15172.7487,17109.7106,0
31521,465.09,15172.7487,17109.7106,0
31524,465.13,15172.7487,17109.7106,0
31527,465.17,15172.7487,17109.7106,0
31530,465.17,15172.7487,17109.7106,0
31532,465.19,15173.5266,17109.7106,0
31534,465.21,15173.5266,17109.7106,0
31539,465.26,15173.5266,17109.7106,0
31542,465.29,15173.5266,17109.7106,0
31547,465.36,15173.5266,17109.7106,0
31549,465.40,15173.5266,17109.7106,0
31552,465.42,15173.5266,17109.7106,0
31553,465.44,15173.5266,17109.7106,0
31555,465.46,15173.5266,17109.7106,0
31556,465.48,15173.5266,17109.7106,0
31560,465.53,15173.5266,17109.7106,0
31562,465.53,15173.5266,17109.7106,0
31564,465.55,15173.5266,17109.7106,0
31565,465.55,15173.5266,17109.7106,0
31574,465.64,15173.5266,17109.7106,0
31575,465.66,15173.5266,17109.7106,0
31577,465.69,15173.5266,17109.7106,0
31578,465.69,15173.5266,17109.7106,0
31580,465.71,15173.5266,17109.7106,0
31581,465.73,15173.5266,17109.7106,0
31582,465.74,15173.5266,17109.7106,0
31583,465.78,15173.5266,17109.7106,0
31584,465.78,15173.5266,17109.7106,0
31585,465.78,15173.5266,17109.7106,0
31586,465.78,15173.5266,17109.7106,0
31587,465.78,15173.5266,17109.7106,0
31588,465.80,15173.5266,17109.7106,0
31589,465.80,15173.5266,17109.7106,0
31591,465.82,15192.9727,17109.7106,0
31592,465.83,15192.9727,17109.7106,0
31593,465.85,15192.9727,17109.7106,0
31594,465.86,15376.7646,17109.7106,0
31595,465.88,15376.7646,17109.7106,0
31596,465.90,15566.5531,17109.7106,0
31599,465.92,15566.5531,17109.7106,0
31600,465.93,15566.5531,17109.7106,0
31603,465.94,15572.7614,17109.7106,0
31604,465.97,15673.4478,17109.7106,0
31605,465.99,15673.4478,17109.7106,0
31607,466.01,15673.4478,17109.7106,0
31609,466.04,15673.4478,17109.7106,0
31616,466.13,15673.4478,17109.7106,0
31617,466.13,15673.4478,17109.7106,0
31618,466.15,15673.4478,17109.7106,0
31620,466.17,15673.4478,17109.7106,0
31621,466.17,15673.4478,17109.7106,0
31622,466.19,15673.4478,17109.7106,0
31623,466.21,15673.4478,17109.7106,0
31624,466.23,15673.4478,17109.7106,0
31625,466.24,15673.4478,17109.7106,0
31627,466.28,15673.4478,17109.7106,0
31629,466.28,15673.4478,17109.7106,0
31630,466.29,15673.4478,17109.7106,0
31632,466.31,15673.4478,17109.7106,0
31633,466.31,15673.4478,17109.7106,0
31637,466.35,15673.4478,17109.7106,0
31639,466.36,15673.4478,17109.7106,0
31641,466.38,15673.4478,17109.7106,0
31644,466.44,15685.4838,17109.7106,0
31646,466.47,15700.7050,17109.7106,0
31647,466.49,15700.7050,17109.7106,0
31648,466.51,15700.7050,17109.7106,0
31649,466.52,15700.7050,17109.7106,0
31655,466.61,15700.7050,17109.7106,0
31657,466.63,15700.7050,17109.7106,0
31661,466.70,15703.8443,17109.7106,0
31663,466.72,15703.8443,17109.7106,0
31666,466.75,15705.2384,17109.7106,0
31668,466.79,15705.2384,17109.7106,0
31671,466.84,15705.2384,17109.7106,0
31672,466.86,15705.2384,17109.7106,0
31673,466.88,15705.2384,17109.7106,0
31676,466.92,15705.2384,17109.7106,0
31677,466.94,15705.2384,17109.7106,0
31684,466.99,15705.2384,17109.7106,0
31686,467.01,15705.2384,17109.7106,0
31688,467.05,15705.2384,17109.7106,0
31690,467.07,15705.2384,17109.7106,0
31691,467.07,15705.2384,17109.7106,0
31697,467.11,15705.2384,17109.7106,0
31698,467.13,15705.2384,17109.7106,0
31705,467.20,15705.2384,17109.7106,0
31711,467.22,15705.2384,17109.7106,0
31714,467.27,15707.8070,17109.7106,0
31719,467.35,15707.8070,17109.7106,0
31720,467.37,15707.8070,17109.7106,0
31723,467.38,15707.8070,17109.7106,0
31725,467.42,15707.8070,17109.7106,0
31726,467.44,15707.8070,17109.7106,0
31728,467.46,15707.8070,17109.7106,0
31730,467.49,15707.8070,17109.7106,0
31731,467.51,15707.8070,17109.7106,0
31733,467.53,15707.8070,17109.7106,0
31734,467.55,15707.8070,17109.7106,0
31735,467.56,15707.8070,17109.7106,0
31738,467.60,15715.5890,17109.7106,0
31739,467.62,15715.5890,17109.7106,0
31740,467.64,15715.5890,17109.7106,0
31745,467.71,15715.5890,17109.7106,0
31747,467.75,15715.5890,17109.7106,0
31748,467.77,15715.5890,17109.7106,0
31750,467.83,15715.5890,17109.7106,0
31753,467.86,15715.5890,17109.7106,0
31754,467.88,15715.5890,17109.7106,0
31755,467.90,15982.7731,17109.7106,0
31758,467.93,15982.7731,17109.7106,0
31759,467.95,15982.7731,17109.7106,0
31762,468.01,15982.7731,17109.7106,0
31764,468.04,15982.7731,17109.7106,0
31769,468.11,15982.7731,17109.7106,0
31772,468.17,15982.7731,17109.7106,0
31773,468.18,15982.7731,17109.7106,0
31775,468.20,15982.7731,17109.7106,0
31776,468.21,15982.7731,17109.7106,0
31777,468.23,15982.7731,17109.7106,0
31779,468.24,15982.7731,17109.7106,0
31780,468.26,15982.7731,17109.7106,0
31782,468.28,15982.7731,17109.7106,0
31784,468.30,15982.7731,17109.7106,0
31787,468.33,15982.7731,17109.7106,0
31788,468.33,15982.7731,17109.7106,0
31789,468.35,15982.7731,17109.7106,0
31791,468.37,15982.7731,17109.7106,0
31792,468.38,15982.7731,17109.7106,0
31794,468.41,15982.7731,17109.7106,0
31795,468.42,15982.7731,17109.7106,0
31796,468.44,15982.7731,17109.7106,0
31797,468.44,15982.7731,17109.7106,0
31799,468.44,15982.7731,17109.7106,0
31802,468.47,15982.7731,17109.7106,0
31805,468.51,15982.7731,17109.7106,0
31806,468.53,15982.7731,17109.7106,0
31808,468.53,15982.7731,17109.7106,0
31810,468.56,15982.7731,17109.7106,0
31811,468.56,15982.7731,17109.7106,0
31814,468.59,15982.7731,17109.7106,0
31816,468.62,15982.7731,17109.7106,0
31817,468.62,15982.7731,17109.7106,0
31818,468.64,15983.3337,17109.7106,0
31819,468.66,15983.3337,17109.7106,0
31824,468.75,15983.3337,17109.7106,0
31827,468.78,15983.3337,17109.7106,0
31828,468.80,15983.3337,17109.7106,0
31830,468.83,15983.3337,17109.7106,0
31831,468.84,15983.3337,17109.7106,0
31836,468.87,15983.3337,17109.7106,0
31840,468.94,15989.0765,17109.7106,0
31842,468.97,15989.0765,17109.7106,0
31843,468.99,15989.0765,17109.7106,0
31844,469.00,15989.0765,17109.7106,0
31845,469.00,15989.0765,17109.7106,0
31846,469.02,15989.0765,17109.7106,0
31847,469.04,15989.0765,17109.7106,0
31848,469.05,16025.7120,17109.7106,0
31849,469.06,16025.7120,17109.7106,0
31850,469.08,16025.7120,17109.7106,0
31851,469.10,16031.0805,17109.7106,0
31852,469.11,16031.0805,17109.7106,0
31853,469.13,16031.0805,17109.7106,0
31857,469.16,16031.0805,17109.7106,0
31858,469.18,16031.0805,17109.7106,0
31860,469.19,16031.0805,17109.7106,0
31862,469.21,16031.0805,17109.7106,0
31863,469.21,16031.0805,17109.7106,0
31864,469.21,16031.0805,17109.7106,0
31865,469.24,16031.0805,17109.7106,0
31867,469.26,16031.0805,17109.7106,0
31868,469.26,16031.0805,17109.7106,0
31869,469.27,16031.0805,17109.7106,0
31872,469.28,16031.0805,17109.7106,0
31876,469.32,16031.0805,17109.7106,0
31878,469.35,16031.0805,17109.7106,0
31881,469.36,16031.0805,17109.7106,0
31884,469.40,16031.0805,17109.7106,0
31885,469.41,16031.0805,17109.7106,0
31890,469.42,16031.0805,17109.7106,0
31891,469.42,16031.0805,17109.7106,0
31893,469.44,16031.0805,17109.7106,0
31895,469.46,16031.0805,17109.7106,0
31898,469.47,16031.0805,17109.7106,0
31901,469.49,16031.0805,17109.7106,0
31904,469.49,16031.0805,17109.7106,0
31906,469.50,16031.0805,17109.7106,0
31908,469.53,16031.0805,17109.7106,0
31909,469.54,16031.0805,17109.7106,0
31915,469.56,16031.0805,17109.7106,0
31922,469.62,16031.0805,17109.7106,0
31925,469.62,16031.0805,17109.7106,0
31931,469.64,16031.0805,17109.7106,0
31938,469.66,16031.0805,17109.7106,0
31939,469.67,16031.0805,17109.7106,0
31940,469.67,16031.0805,17109.7106,0
31943,469.70,16031.0805,17109.7106,0
31946,469.72,16031.0805,17109.7106,0
31949,469.75,16031.0805,17109.7106,0
31950,469.76,16031.0805,17109.7106,0
31952,469.78,16031.0805,17109.7106,1
31953,469.80,13658.4762,17109.7106,0
31954,469.82,13829.7663,17109.7106,0
31955,469.83,13829.7663,17109.7106,0
31958,469.84,13829.7663,17109.7106,0
31960,469.86,13945.1981,17109.7106,0
31965,469.91,13945.1981,17109.7106,0
31968,469.92,13945.1981,17109.7106,0
31969,469.94,13945.1981,17109.7106,0
31976,470.02,13945.1981,17109.7106,0
31977,470.03,13945.1981,17109.7106,0
31978,470.05,13945.1981,17109.7106,0
31979,470.06,13945.1981,17109.7106,0
31980,470.07,13945.1981,17109.7106,0
31983,470.10,13945.1981,17109.7106,0
31984,470.12,13998.2351,17109.7106,0
31985,470.13,14050.7626,17109.7106,0
31987,470.14,14050.7626,17109.7106,0
31990,470.16,14050.7626,17109.7106,0
31991,470.17,14050.7626,17109.7106,0
31992,470.19,14050.7626,17109.7106,0
31993,470.20,14231.5313,17109.7106,0
31995,470.21,14231.5313,17109.7106,0
31996,470.23,14324.1052,17109.7106,0
31998,470.25,14354.8796,17109.7106,0
31999,470.29,14354.8796,17109.7106,0
32000,470.32,14545.8842,17109.7106,0
32006,470.43,14545.8842,17109.7106,0
32009,470.46,14545.8842,17109.7106,0
32010,470.47,14545.8842,17109.7106,0
32011,470.51,14545.8842,17109.7106,0
32012,470.52,14759.1511,17109.7106,0
32013,470.54,14759.3773,17109.7106,0
32014,470.55,14759.3773,17109.7106,0
32016,470.57,14768.2365,17109.7106,0
32024,470.66,14801.7513,17109.7106,0
32025,470.68,14801.7513,17109.7106,0
32027,470.69,14951.4551,17109.7106,0
32028,470.71,14951.4551,17109.7106,0
32030,470.72,14951.4551,17109.7106,0
32032,470.75,14951.5580,17109.7106,0
32033,470.77,14951.5580,17109.7106,0
32034,470.78,14951.5580,17109.7106,0
32039,470.85,14951.5580,17109.7106,0
32046,470.92,14951.5580,17109.7106,0
32048,470.92,14951.5580,17109.7106,0
32049,470.92,14951.5580,17109.7106,0
32053,470.97,14951.5580,17109.7106,0
32055,470.99,14951.5580,17109.7106,0
32056,471.01,14951.5580,17109.7106,0
32057,471.02,14951.5580,17109.7106,0
32058,471.03,14951.5580,17109.7106,0
32060,471.07,14951.5580,17109.7106,0
32062,471.07,14951.5580,17109.7106,0
32063,471.08,14951.5580,17109.7106,0
32064,471.08,14951.5580,17109.7106,0
32065,471.08,14951.5580,17109.7106,0
32070,471.15,14951.5580,17109.7106,0
32071,471.16,14951.5580,17109.7106,0
32073,471.18,14951.5580,17109.7106,0
32074,471.18,14951.5580,17109.7106,0
32076,471.21,14951.5580,17109.7106,0
32079,471.26,14951.5580,17109.7106,0
32084,471.30,14951.5580,17109.7106,0
32086,471.32,14951.5580,17109.7106,0
32090,471.34,14951.5580,17109.7106,0
32091,471.35,14951.5580,17109.7106,0
32092,471.35,14951.5580,17109.7106,0
32097,471.41,14951.5580,17109.7106,0
32098,471.41,14951.5580,17109.7106,0
32102,471.45,14951.5580,17109.7106,0
32104,471.47,14951.5580,17109.7106,0
32108,471.49,14951.5580,17109.7106,0
32111,471.51,14951.5580,17109.7106,0
32114,471.56,14951.5580,17109.7106,0
32116,471.60,14951.5580,17109.7106,0
32117,471.61,14951.5580,17109.7106,0
32118,471.61,14951.5580,17109.7106,0
32119,471.63,14951.5580,17109.7106,0
32120,471.63,14951.5580,17109.7106,0
32122,471.66,14951.5580,17109.7106,0
32124,471.68,14951.5580,17109.7106,0
32130,471.73,14951.5580,17109.7106,0
32131,471.73,14951.5580,17109.7106,0
32132,471.73,14951.5580,17109.7106,0
32133,471.73,14951.5580,17109.7106,1
32134,471.76,12422.8504,17109.7106,0
32135,471.77,12625.7759,17109.7106,0
32136,471.78,12625.7759,17109.7106,0
32137,471.79,12625.7759,17109.7106,0
32138,471.80,12625.7759,17109.7106,0
32139,471.81,12625.7759,17109.7106,0
32140,471.82,12734.4555,17109.7106,0
32141,471.83,12734.4555,17109.7106,0
32142,471.84,12861.9043,17109.7106,0
32143,471.85,12861.9043,17109.7106,0
32144,471.86,12861.9043,17109.7106,0
32145,471.87,12953.8982,17109.7106,0
32146,471.88,12970.8339,17109.7106,0
32147,471.90,12970.8339,17109.7106,0
32148,471.91,12970.8339,17109.7106,0
32149,471.92,13001.2307,17109.7106,0
32150,471.93,13001.2307,17109.7106,0
32151,471.94,13033.5352,17109.7106,0
32152,471.95,13033.5352,17109.7106,0
32153,471.97,13046.0321,17109.7106,0
32154,471.98,13046.0321,17109.7106,0
32155,471.99,13046.0321,17109.7106,0
32156,472.00,13119.1105,17109.7106,0
32157,472.01,13119.1105,17109.7106,0
32158,472.02,13119.1105,17109.7106,0
32159,472.04,13119.1105,17109.7106,0
32160,472.05,13134.6714,17109.7106,0
32161,472.06,13167.1223,17109.7106,0
32162,472.07,13167.1223,17109.7106,0
32163,472.09,13167.1223,17109.7106,0
32164,472.10,13167.1223,17109.7106,0
32165,472.11,13167.1223,17109.7106,0
32166,472.12,13232.5179,17109.7106,0
32167,472.14,13326.9088,17109.7106,0
32168,472.15,13448.7671,17109.7106,0
32169,472.16,13448.7671,17109.7106,0
32170,472.18,13581.1006,17109.7106,0
32171,472.19,13583.7841,17109.7106,0
32172,472.20,13583.7841,17109.7106,0
32174,472.22,13646.9648,17109.7106,0
32176,472.23,13648.3098,17109.7106,0
32177,472.25,13648.3098,17109.7106,0
32178,472.27,13775.0374,17109.7106,0
32181,472.32,13775.0374,17109.7106,0
32182,472.33,13775.0374,17109.7106,0
32184,472.36,13775.0374,17109.7106,0
32185,472.37,13856.8305,17109.7106,0
32186,472.40,14094.6456,17109.7106,0
32188,472.41,14094.6456,17109.7106,0
32197,472.45,14094.6456,17109.7106,0
32198,472.47,14094.6456,17109.7106,0
32199,472.48,14094.6456,17109.7106,0
32203,472.53,14094.6456,17109.7106,0
32204,472.54,14094.6456,17109.7106,0
32205,472.55,14094.6456,17109.7106,0
32206,472.56,14094.6456,17109.7106,0
32209,472.56,14094.6456,17109.7106,0
32210,472.57,14094.6456,17109.7106,0
32211,472.59,14094.6456,17109.7106,0
32212,472.60,14094.6456,17109.7106,0
32213,472.60,14094.6456,17109.7106,0
32218,472.65,14094.6456,17109.7106,0
32219,472.67,14094.6456,17109.7106,0
32221,472.67,14094.6456,17109.7106,0
32224,472.72,14123.7573,17109.7106,0
32225,472.76,14155.3354,17109.7106,0
32226,472.77,14155.3354,17109.7106,0
32227,472.79,14155.3354,17109.7106,0
32232,472.84,14209.1469,17109.7106,0
32234,472.87,14209.1469,17109.7106,0
32235,472.88,14209.1469,17109.7106,0
32236,472.89,14209.1469,17109.7106,0
32237,472.91,14209.1469,17109.7106,0
32244,472.97,14209.1469,17109.7106,0
32247,473.00,14209.1469,17109.7106,0
32248,473.02,14209.1469,17109.7106,0
32249,473.03,14209.1469,17109.7106,0
32250,473.05,14209.1469,17109.7106,0
32251,473.05,14209.1469,17109.7106,0
32253,473.06,14209.1469,17109.7106,0
32254,473.08,14209.1469,17109.7106,0
32255,473.08,14209.1469,17109.7106,0
32256,473.08,14209.1469,17109.7106,0
32270,473.18,14212.2923,17109.7106,0
32271,473.19,14212.2923,17109.7106,0
32272,473.20,14212.2923,17109.7106,0
32273,473.22,14212.2923,17109.7106,0
32274,473.23,14212.2923,17109.7106,0
32277,473.26,14212.2923,17109.7106,0
32279,473.27,14212.2923,17109.7106,0
32283,473.29,14212.2923,17109.7106,0
32284,473.30,14212.2923,17109.7106,0
32286,473.33,14212.2923,17109.7106,0
32287,473.34,14212.2923,17109.7106,0
32289,473.36,14212.2923,17109.7106,0
32290,473.38,14212.2923,17109.7106,0
32292,473.39,14212.2923,17109.7106,0
32293,473.40,14212.2923,17109.7106,0
32294,473.42,14214.1875,17109.7106,0
32295,473.43,14214.1875,17109.7106,0
32296,473.44,14214.1875,17109.7106,0
32297,473.46,14214.1875,17109.7106,0
32298,473.47,14214.1875,17109.7106,0
32299,473.49,14214.1875,17109.7106,0
32301,473.50,14214.1875,17109.7106,0
32302,473.52,14268.2775,17109.7106,0
32303,473.54,14268.2775,17109.7106,0
32304,473.55,14268.2775,17109.7106,0
32305,473.56,14268.6141,17109.7106,0
32307,473.58,14268.6141,17109.7106,0
32309,473.59,14268.6141,17109.7106,0
32310,473.61,14268.6141,17109.7106,0
32311,473.62,14268.6141,17109.7106,0
32312,473.64,14268.6141,17109.7106,0
32314,473.65,14268.6141,17109.7106,0
32315,473.67,14268.6141,17109.7106,0
32319,473.67,14268.6141,17109.7106,0
32324,473.72,14268.6141,17109.7106,0
32325,473.73,14268.6141,17109.7106,0
32327,473.75,14268.6141,17109.7106,0
32329,473.76,14268.6141,17109.7106,0
32333,473.79,14268.6141,17109.7106,0
32334,473.80,14268.6141,17109.7106,0
32335,473.80,14268.6141,17109.7106,0
32338,473.83,14268.6141,17109.7106,0
32340,473.85,14268.6141,17109.7106,0
32341,473.85,14268.6141,17109.7106,0
32343,473.85,14268.6141,17109.7106,0
32345,473.85,14268.6141,17109.7106,0
32346,473.87,14268.6141,17109.7106,0
32349,473.89,14268.6141,17109.7106,0
32351,473.92,14268.6141,17109.7106,0
32355,473.94,14268.6141,17109.7106,0
32356,473.94,14268.6141,17109.7106,0
32357,473.94,14268.6141,17109.7106,0
32358,473.94,14268.6141,17109.7106,0
32359,473.94,14268.6141,17109.7106,0
32365,473.98,14268.6141,17109.7106,0
32366,473.98,14268.6141,17109.7106,0
32367,473.98,14268.6141,17109.7106,0
32371,473.99,14268.6141,17109.7106,0
32372,474.00,14274.2389,17109.7106,0
32374,474.01,14274.2389,17109.7106,0
32377,474.05,14366.8103,17109.7106,0
32378,474.06,14366.8103,17109.7106,0
32380,474.09,14366.8103,17109.7106,0
32382,474.11,14366.8103,17109.7106,0
32383,474.12,14366.8103,17109.7106,0
32385,474.15,14366.8103,17109.7106,0
32386,474.17,14366.8103,17109.7106,0
32389,474.19,14366.8103,17109.7106,0
32390,474.20,14366.8103,17109.7106,0
32393,474.24,14366.8103,17109.7106,0
32395,474.28,14366.8103,17109.7106,0
32398,474.29,14366.8103,17109.7106,0
32399,474.31,14366.8103,17109.7106,0
32400,474.31,14366.8103,17109.7106,0
32401,474.31,14366.8103,17109.7106,0
32413,474.37,14366.8103,17109.7106,0
32415,474.40,14366.8103,17109.7106,0
32418,474.44,14366.8103,17109.7106,0
32419,474.44,14366.8103,17109.7106,0
32420,474.44,14366.8103,17109.7106,0
32423,474.44,14366.8103,17109.7106,0
32425,474.46,14366.8103,17109.7106,0
32428,474.48,14366.8103,17109.7106,0
32430,474.48,14366.8103,17109.7106,0
32431,474.49,14366.8103,17109.7106,0
32435,474.50,14366.8103,17109.7106,0
32438,474.54,14366.8103,17109.7106,0
32439,474.54,14366.8103,17109.7106,0
32441,474.54,14366.8103,17109.7106,0
32444,474.56,14370.0527,17109.7106,0
32445,474.57,14370.0527,17109.7106,0
32446,474.59,14370.0527,17109.7106,0
32449,474.64,14370.0527,17109.7106,0
32450,474.65,14370.0527,17109.7106,0
32451,474.66,14370.0527,17109.7106,0
32456,474.71,14370.0527,17109.7106,0
32464,474.74,14370.0527,17109.7106,0
32466,474.77,14370.0527,17109.7106,0
32467,474.77,14370.0527,17109.7106,0
32468,474.77,14370.0527,17109.7106,0
32470,474.78,14370.0527,17109.7106,0
32471,474.80,14370.0527,17109.7106,0
32472,474.80,14370.0527,17109.7106,0
32475,474.80,14370.0527,17109.7106,0
32478,474.83,14370.0527,17109.7106,0
32480,474.86,14370.0527,17109.7106,0
32481,474.88,14370.0527,17109.7106,0
32482,474.88,14370.0527,17109.7106,0
32483,474.88,14370.0527,17109.7106,0
32491,474.94,14370.0527,17109.7106,0
32499,475.01,14370.0527,17109.7106,0
32500,475.02,14372.5326,17109.7106,0
32501,475.04,14373.1011,17109.7106,0
32502,475.05,14373.1011,17109.7106,0
32503,475.05,14373.1011,17109.7106,0
32506,475.08,14373.1011,17109.7106,0
32508,475.11,14373.1011,17109.7106,0
32511,475.15,14374.5836,17109.7106,0
32515,475.18,14374.5836,17109.7106,0
32516,475.19,14374.5836,17109.7106,0
32518,475.23,14374.5836,17109.7106,0
32520,475.24,14374.5836,17109.7106,0
32521,475.26,14374.5836,17109.7106,0
32528,475.31,14374.5836,17109.7106,0
32529,475.35,14374.5836,17109.7106,0
32537,475.44,14375.3657,17109.7106,0
32539,475.45,14375.3657,17109.7106,0
32542,475.46,14375.3657,17109.7106,0
32544,475.48,14375.3657,17109.7106,0
32545,475.50,14375.3657,17109.7106,0
32548,475.54,14375.3657,17109.7106,0
32552,475.58,14375.3657,17109.7106,0
32553,475.58,14375.3657,17109.7106,0
32554,475.60,14375.3657,17109.7106,0
32556,475.60,14375.3657,17109.7106,0
32558,475.60,14375.3657,17109.7106,0
32560,475.62,14375.3657,17109.7106,0
32561,475.64,14376.8605,17109.7106,0
32562,475.65,14376.8605,17109.7106,0
32563,475.66,14376.8605,17109.7106,0
32566,475.68,14376.8605,17109.7106,0
32567,475.69,14376.8605,17109.7106,0
32568,475.70,14376.8605,17109.7106,0
32571,475.72,14376.8605,17109.7106,0
32572,475.73,14376.8605,17109.7106,0
32573,475.74,14376.8605,17109.7106,0
32575,475.75,14376.8605,17109.7106,0
32576,475.76,14376.8605,17109.7106,0
32578,475.77,14376.8605,17109.7106,0
32579,475.79,14376.8605,17109.7106,0
32581,475.80,14376.8605,17109.7106,0
32584,475.82,14376.8605,17109.7106,0
32586,475.83,14376.8605,17109.7106,0
32587,475.84,14376.8605,17109.7106,0
32588,475.85,14376.8605,17109.7106,0
32590,475.88,14376.8605,17109.7106,0
32591,475.89,14376.8605,17109.7106,0
32593,475.90,14376.8605,17109.7106,0
32595,475.91,14376.8605,17109.7106,0
32599,475.95,14376.8605,17109.7106,0
32601,475.95,14376.8605,17109.7106,0
32603,475.96,14376.8605,17109.7106,0
32607,476.00,14376.8605,17109.7106,0
32610,476.02,14376.8605,17109.7106,0
32615,476.07,14376.8605,17109.7106,0
32617,476.10,14376.8605,17109.7106,0
32621,476.13,14376.8605,17109.7106,0
32622,476.13,14376.8605,17109.7106,0
32623,476.13,14376.8605,17109.7106,0
32625,476.13,14376.8605,17109.7106,0
32626,476.15,14376.8605,17109.7106,0
32629,476.15,14376.8605,17109.7106,0
32632,476.15,14376.8605,17109.7106,0
32633,476.15,14376.8605,17109.7106,0
32634,476.17,14463.7857,17109.7106,0
32636,476.19,14501.6045,17109.7106,0
32637,476.21,14501.6045,17109.7106,0
32640,476.25,14501.6045,17109.7106,0
32641,476.26,14501.6045,17109.7106,0
32646,476.31,14501.6045,17109.7106,0
32652,476.34,14501.6045,17109.7106,0
32653,476.36,14501.6045,17109.7106,0
32656,476.39,14508.1880,17109.7106,0
32660,476.42,14508.1880,17109.7106,0
32665,476.46,14508.1880,17109.7106,0
32669,476.48,14508.1880,17109.7106,0
32672,476.49,14508.1880,17109.7106,0
32675,476.52,14508.1880,17109.7106,0
32676,476.54,14508.1880,17109.7106,0
32677,476.54,14508.1880,17109.7106,0
32683,476.60,14508.1880,17109.7106,0
32684,476.62,14508.1880,17109.7106,0
32687,476.65,14508.1880,17109.7106,0
32688,476.66,14508.1880,17109.7106,0
32689,476.68,14508.1880,17109.7106,0
32691,476.70,14508.1880,17109.7106,0
32692,476.70,14508.1880,17109.7106,0
32694,476.71,14508.1880,17109.7106,0
32695,476.73,14508.1880,17109.7106,0
32696,476.73,14508.1880,17109.7106,0
32700,476.75,14508.1880,17109.7106,0
32701,476.76,14508.1880,17109.7106,0
32703,476.78,14508.1880,17109.7106,0
32705,476.80,14508.1880,17109.7106,0
32706,476.80,14508.1880,17109.7106,0
32711,476.85,14508.1880,17109.7106,0
32715,476.89,14508.1880,17109.7106,0
32718,476.91,14508.1880,17109.7106,0
32720,476.91,14508.1880,17109.7106,0
32721,476.91,14508.1880,17109.7106,0
32722,476.92,14508.1880,17109.7106,0
32728,476.99,14508.1880,17109.7106,0
32729,477.01,14508.1880,17109.7106,0
32730,477.01,14508.1880,17109.7106,0
32731,477.01,14508.1880,17109.7106,0
32732,477.01,14508.1880,17109.7106,0
32734,477.01,14508.1880,17109.7106,0
32738,477.01,14508.1880,17109.7106,0
32740,477.03,14508.1880,17109.7106,0
32742,477.06,14508.1880,17109.7106,0
32750,477.13,14508.1880,17109.7106,0
32752,477.15,14508.1880,17109.7106,0
32754,477.17,14508.1880,17109.7106,0
32755,477.17,14508.1880,17109.7106,0
32757,477.17,14508.1880,17109.7106,1
32758,477.19,11937.0985,17109.7106,0
32759,477.20,11937.0985,17109.7106,0
32760,477.21,12052.0894,17109.7106,0
32761,477.22,12188.0360,17109.7106,0
32762,477.23,12188.0360,17109.7106,0
32763,477.24,12188.0360,17109.7106,0
32764,477.25,12188.0360,17109.7106,0
32765,477.26,12188.0360,17109.7106,0
32766,477.28,12227.7594,17109.7106,0
32767,477.29,12304.2021,17109.7106,0
32768,477.30,12407.2780,17109.7106,0
32774,477.35,12623.9460,17109.7106,0
32775,477.36,13000.6229,17109.7106,0
32780,477.38,13078.0013,17109.7106,0
32781,477.39,13078.0013,17109.7106,0
32783,477.40,13078.0013,17109.7106,0
32784,477.41,13078.0013,17109.7106,0
32785,477.43,13089.2585,17109.7106,0
32786,477.44,13089.2585,17109.7106,0
32787,477.45,13089.2585,17109.7106,0
32788,477.46,13089.2585,17109.7106,0
32789,477.47,13098.7045,17109.7106,0
32790,477.48,13275.3098,17109.7106,0
32791,477.50,13275.3098,17109.7106,0
32794,477.51,13318.5253,17109.7106,0
32795,477.52,13349.6080,17109.7106,0
32797,477.54,13349.6080,17109.7106,0
32798,477.55,13349.6080,17109.7106,0
32800,477.58,13349.6080,17109.7106,0
32801,477.60,13427.0938,17109.7106,0
32802,477.61,13427.0938,17109.7106,0
32808,477.64,13427.0938,17109.7106,0
32812,477.67,13427.0938,17109.7106,0
32817,477.69,13427.0938,17109.7106,0
32818,477.70,13427.0938,17109.7106,0
32820,477.73,13427.0938,17109.7106,0
32821,477.74,13427.0938,17109.7106,0
32823,477.74,13427.0938,17109.7106,0
32824,477.74,13427.0938,17109.7106,0
32828,477.75,13427.0938,17109.7106,0
32832,477.79,13433.3595,17109.7106,0
32833,477.80,13433.3595,17109.7106,0
32836,477.82,13433.3595,17109.7106,0
32837,477.82,13433.3595,17109.7106,0
32839,477.83,13433.3595,17109.7106,0
32840,477.84,13433.3595,17109.7106,0
32841,477.86,13433.3595,17109.7106,0
32842,477.87,13480.3074,17109.7106,0
32844,477.89,13480.3074,17109.7106,0
32846,477.90,13480.3074,17109.7106,0
32848,477.91,13532.6338,17109.7106,0
32849,477.93,13532.6338,17109.7106,0
32852,477.96,13532.6338,17109.7106,0
32855,478.01,13532.6338,17109.7106,0
32858,478.01,13532.6338,17109.7106,0
32859,478.02,13532.6338,17109.7106,0
32860,478.04,13532.6338,17109.7106,0
32861,478.05,13532.6338,17109.7106,0
32863,478.08,13532.6338,17109.7106,0
32868,478.12,13532.6338,17109.7106,0
32871,478.16,13534.1400,17109.7106,0
32872,478.18,13534.1400,17109.7106,0
32873,478.19,13534.1400,17109.7106,0
32874,478.20,13534.1400,17109.7106,0
32875,478.22,13619.0190,17109.7106,0
32876,478.23,13619.0190,17109.7106,0
32877,478.25,13724.7149,17109.7106,0
32879,478.28,13724.7149,17109.7106,0
32888,478.35,13724.7149,17109.7106,0
32891,478.39,13724.7149,17109.7106,0
32898,478.44,13724.7149,17109.7106,0
32904,478.49,13724.7149,17109.7106,0
32911,478.55,13724.7149,17109.7106,0
32912,478.56,13724.7149,17109.7106,0
32914,478.58,13728.3517,17109.7106,0
32915,478.59,13800.9124,17109.7106,0
32918,478.61,13927.4775,17109.7106,0
32919,478.62,13927.4775,17109.7106,0
32920,478.63,13927.4775,17109.7106,0
32921,478.64,13927.4775,17109.7106,0
32922,478.66,13987.4555,17109.7106,0
32926,478.71,13987.4555,17109.7106,0
32927,478.73,13987.4555,17109.7106,0
32929,478.76,13987.4555,17109.7106,0
32930,478.76,13987.4555,17109.7106,0
32931,478.77,14005.5779,17109.7106,0
32932,478.79,14005.5779,17109.7106,0
32934,478.80,14005.5779,17109.7106,0
32935,478.82,14005.5779,17109.7106,0
32936,478.84,14120.0481,17109.7106,0
32937,478.86,14120.0481,17109.7106,0
32947,478.94,14120.0481,17109.7106,0
32948,478.96,14120.0481,17109.7106,0
32953,479.03,14120.0481,17109.7106,0
32956,479.04,14120.0481,17109.7106,0
32957,479.04,14120.0481,17109.7106,0
32959,479.08,14120.0481,17109.7106,0
32961,479.09,14120.0481,17109.7106,0
32962,479.11,14120.0481,17109.7106,0
32964,479.13,14120.0481,17109.7106,0
32965,479.15,14120.0481,17109.7106,0
32968,479.19,14120.0481,17109.7106,0
32971,479.24,14120.0481,17109.7106,0
32980,479.26,14120.0481,17109.7106,0
32981,479.27,14120.0481,17109.7106,0
32982,479.29,14120.0481,17109.7106,0
32984,479.30,14120.0481,17109.7106,0
32987,479.34,14120.0481,17109.7106,0
32988,479.34,14120.0481,17109.7106,0
32994,479.40,14120.0481,17109.7106,0
32995,479.40,14120.0481,17109.7106,0
32998,479.41,14120.0481,17109.7106,0
32999,479.41,14120.0481,17109.7106,0
33001,479.44,14120.0481,17109.7106,0
33006,479.50,14120.0481,17109.7106,0
33008,479.52,14120.0481,17109.7106,0
33010,479.54,14120.0481,17109.7106,0
33015,479.59,14120.0481,17109.7106,0
33017,479.59,14120.0481,17109.7106,0
33020,479.63,14120.0481,17109.7106,0
33025,479.65,14120.0481,17109.7106,0
33027,479.66,14120.0481,17109.7106,0
33030,479.66,14120.0481,17109.7106,0
33033,479.67,14120.0481,17109.7106,0
33037,479.70,14120.0481,17109.7106,1
33038,479.72,10043.3272,17109.7106,0
33039,479.73,10043.3272,17109.7106,0
33040,479.73,10043.3272,17109.7106,0
33041,479.73,10043.3272,17109.7106,0
33042,479.74,10043.3272,17109.7106,0
33043,479.75,10043.3272,17109.7106,0
33044,479.75,10043.3272,17109.7106,0
33045,479.77,10064.4245,17109.7106,0
33046,479.77,10064.4245,17109.7106,0
33047,479.78,10402.3161,17109.7106,0
33048,479.79,10432.3365,17109.7106,0
33050,479.80,10443.0034,17109.7106,0
33052,479.81,10826.9659,17109.7106,0
33053,479.82,10826.9659,17109.7106,0
33054,479.83,10826.9659,17109.7106,0
33055,479.85,11012.2100,17109.7106,0
33057,479.86,11050.6769,17109.7106,0
33059,479.87,11050.6769,17109.7106,0
33060,479.88,11050.6769,17109.7106,0
33061,479.89,11050.6769,17109.7106,0
33062,479.90,11095.9547,17109.7106,0
33063,479.92,11349.8646,17109.7106,0
33064,479.93,11349.8646,17109.7106,0
33065,479.94,11349.8646,17109.7106,0
33066,479.95,11355.8616,17109.7106,0
33067,479.96,11355.8616,17109.7106,0
33068,480.00,11397.1050,17109.7106,0
33069,480.01,11397.1050,17109.7106,0
33070,480.03,11399.9742,17109.7106,0
33073,480.04,11637.5742,17109.7106,0
33074,480.05,11643.8455,17109.7106,0
33077,480.07,11643.8455,17109.7106,0
33078,480.08,11643.8455,17109.7106,0
33080,480.09,11760.1661,17109.7106,0
33081,480.10,11792.7887,17109.7106,0
33082,480.11,11792.7887,17109.7106,0
33083,480.12,11792.7887,17109.7106,0
33084,480.14,11793.2204,17109.7106,0
33085,480.15,11793.2204,17109.7106,0
33086,480.16,11801.3088,17109.7106,0
33087,480.17,11801.3088,17109.7106,0
33088,480.18,11801.3088,17109.7106,0
33089,480.18,11801.3088,17109.7106,0
33090,480.18,11801.3088,17109.7106,0
33091,480.18,11801.3088,17109.7106,0
33092,480.20,11801.3088,17109.7106,0
33094,480.20,11801.3088,17109.7106,0
33095,480.21,11975.7581,17109.7106,0
33096,480.23,11975.7581,17109.7106,0
33097,480.24,11975.7581,17109.7106,0
33098,480.26,11975.7581,17109.7106,0
33099,480.27,12058.3586,17109.7106,0
33100,480.29,12415.9413,17109.7106,0
33101,480.30,12415.9413,17109.7106,0
33102,480.32,12502.0170,17109.7106,0
33103,480.33,12502.0170,17109.7106,0
33104,480.34,12541.6380,17109.7106,0
33105,480.34,12541.6380,17109.7106,0
33106,480.36,12550.9013,17109.7106,0
33107,480.37,12550.9013,17109.7106,0
33110,480.39,12550.9013,17109.7106,0
33111,480.40,12551.6647,17109.7106,0
33113,480.42,12551.6647,17109.7106,0
33114,480.44,12551.6647,17109.7106,0
33115,480.45,12631.0782,17109.7106,0
33117,480.47,12631.0782,17109.7106,0
33118,480.49,12631.0782,17109.7106,0
33120,480.53,12634.7904,17109.7106,0
33121,480.55,12727.9722,17109.7106,0
33122,480.57,12754.1657,17109.7106,0
33125,480.59,12772.0490,17109.7106,0
33126,480.60,12772.0490,17109.7106,0
33127,480.63,13143.5821,17109.7106,0
33128,480.65,13162.6022,17109.7106,0
33129,480.66,13385.5493,17109.7106,0
33132,480.68,13385.5493,17109.7106,0
33136,480.70,13385.5493,17109.7106,0
33137,480.71,13385.5493,17109.7106,0
33139,480.73,13385.5493,17109.7106,0
33142,480.75,13385.5493,17109.7106,0
33145,480.79,13385.5493,17109.7106,0
33146,480.81,13385.5493,17109.7106,0
33149,480.84,13385.5493,17109.7106,0
33155,480.88,13385.5493,17109.7106,0
33160,480.92,13385.5493,17109.7106,0
33162,480.94,13385.5493,17109.7106,0
33166,480.96,13385.5493,17109.7106,0
33169,480.97,13385.5493,17109.7106,0
33172,481.02,13385.5493,17109.7106,0
33174,481.04,13385.5493,17109.7106,0
33176,481.05,13385.5493,17109.7106,0
33177,481.06,13492.7809,17109.7106,0
33178,481.08,13492.7809,17109.7106,0
33180,481.09,13496.9572,17109.7106,0
33181,481.11,13496.9572,17109.7106,0
33182,481.12,13496.9572,17109.7106,0
33183,481.12,13496.9572,17109.7106,0
33184,481.14,13496.9572,17109.7106,0
33185,481.16,13496.9572,17109.7106,0
33186,481.17,13497.3542,17109.7106,0
33188,481.21,13497.3542,17109.7106,0
33192,481.24,13497.3542,17109.7106,0
33194,481.26,13516.1312,17109.7106,0
33195,481.27,13516.1470,17109.7106,0
33197,481.31,13516.1470,17109.7106,0
33198,481.32,13516.1470,17109.7106,0
33199,481.34,13517.3532,17109.7106,0
33200,481.36,13517.3532,17109.7106,0
33201,481.37,13517.3532,17109.7106,0
33202,481.41,13625.0093,17109.7106,0
33204,481.44,13625.0093,17109.7106,0
33205,481.46,13625.0093,17109.7106,0
33206,481.47,13625.0093,17109.7106,0
33207,481.49,13625.0093,17109.7106,0
33208,481.51,13625.0093,17109.7106,0
33210,481.55,13625.0093,17109.7106,0
33211,481.56,13625.0093,17109.7106,0
33212,481.58,13625.0093,17109.7106,0
33220,481.67,13625.0093,17109.7106,0
33221,481.68,13625.0093,17109.7106,0
33222,481.70,13625.0093,17109.7106,0
33223,481.70,13625.0093,17109.7106,0
33224,481.72,13625.0093,17109.7106,0
33225,481.73,13635.9345,17109.7106,0
33226,481.74,13635.9345,17109.7106,0
33227,481.76,13635.9345,17109.7106,0
33228,481.77,13635.9345,17109.7106,0
33229,481.80,13635.9345,17109.7106,0
33230,481.81,13635.9345,17109.7106,0
33231,481.83,13635.9345,17109.7106,0
33232,481.85,13635.9345,17109.7106,0
33233,481.85,13635.9345,17109.7106,0
33234,481.86,13635.9345,17109.7106,0
33235,481.88,13661.4887,17109.7106,0
33237,481.92,13686.4782,17109.7106,0
33241,481.96,13686.4782,17109.7106,0
33243,481.99,13686.4782,17109.7106,0
33245,482.01,13686.4782,17109.7106,0
33247,482.03,13686.4782,17109.7106,0
33248,482.03,13686.4782,17109.7106,0
33249,482.05,13686.4782,17109.7106,0
33252,482.09,13686.4782,17109.7106,0
33255,482.14,13686.4782,17109.7106,0
33256,482.15,13686.4782,17109.7106,0
33263,482.26,13686.4782,17109.7106,0
33265,482.29,13686.4782,17109.7106,0
33266,482.31,13686.4782,17109.7106,0
33268,482.36,13686.4782,17109.7106,0
33269,482.36,13686.4782,17109.7106,0
33271,482.36,13686.4782,17109.7106,0
33272,482.36,13686.4782,17109.7106,0
33275,482.38,13686.4782,17109.7106,0
33277,482.40,13686.4782,17109.7106,0
33278,482.40,13686.4782,17109.7106,0
33283,482.46,13686.4782,17109.7106,0
33284,482.46,13686.4782,17109.7106,0
33288,482.48,13686.4782,17109.7106,0
33290,482.50,13686.4782,17109.7106,0
33293,482.51,13686.4782,17109.7106,0
33295,482.55,13686.4782,17109.7106,0
33300,482.55,13686.4782,17109.7106,0
33303,482.58,13686.4782,17109.7106,0
33305,482.59,13686.4782,17109.7106,0
33307,482.59,13686.4782,17109.7106,0
33312,482.67,13686.4782,17109.7106,0
33313,482.67,13686.4782,17109.7106,0
33320,482.71,13686.4782,17109.7106,0
33321,482.71,13686.4782,17109.7106,0
33324,482.72,13686.4782,17109.7106,0
33325,482.72,13686.4782,17109.7106,0
33331,482.72,13686.4782,17109.7106,0
33332,482.73,13686.4782,17109.7106,0
33333,482.73,13686.4782,17109.7106,0
33334,482.73,13686.4782,17109.7106,0
33335,482.73,13686.4782,17109.7106,0
33336,482.73,13686.4782,17109.7106,0
33338,482.73,13686.4782,17109.7106,1
33341,482.75,10468.7065,17109.7106,0
33342,482.76,10468.7065,17109.7106,0
33343,482.78,10619.7147,17109.7106,0
33345,482.79,10619.7147,17109.7106,0
33346,482.80,10804.8065,17109.7106,0
33348,482.81,10804.8065,17109.7106,0
33350,482.82,10804.8065,17109.7106,0
33358,482.84,10942.6331,17109.7106,0
33361,482.85,10942.6331,17109.7106,0
33362,482.86,11109.5551,17109.7106,0
33363,482.87,11397.0534,17109.7106,0
33364,482.88,11397.0534,17109.7106,0
33367,482.90,11551.1705,17109.7106,0
33370,482.91,11567.2030,17109.7106,0
33372,482.92,11567.2030,17109.7106,0
33373,482.93,11643.7828,17109.7106,0
33376,482.95,11837.9245,17109.7106,0
33377,482.96,12107.5672,17109.7106,0
33378,482.97,12402.8026,17109.7106,0
33379,482.98,12402.8026,17109.7106,0
33382,483.00,12402.8026,17109.7106,0
33383,483.01,12452.9041,17109.7106,0
33384,483.02,12452.9041,17109.7106,0
33385,483.03,12452.9041,17109.7106,0
33386,483.05,12521.3168,17109.7106,0
33387,483.07,12734.3123,17109.7106,0
33388,483.08,12734.3123,17109.7106,0
33389,483.09,12911.2086,17109.7106,0
33391,483.11,12911.2086,17109.7106,0
33392,483.12,12911.2086,17109.7106,0
33393,483.14,13017.4137,17109.7106,0
33394,483.15,13017.4137,17109.7106,0
33395,483.16,13017.4137,17109.7106,0
33398,483.17,13017.4137,17109.7106,0
33399,483.19,13029.9032,17109.7106,0
33400,483.20,13029.9032,17109.7106,0
33401,483.22,13082.1867,17109.7106,0
33402,483.25,13276.3284,17109.7106,0
33403,483.26,13276.3284,17109.7106,0
33406,483.29,13277.4840,17109.7106,0
33407,483.31,13277.4840,17109.7106,0
33408,483.32,13277.4840,17109.7106,0
33409,483.34,13277.4840,17109.7106,0
33412,483.39,13277.4840,17109.7106,0
33414,483.39,13277.4840,17109.7106,0
33416,483.41,13277.4840,17109.7106,0
33419,483.46,13277.4840,17109.7106,0
33424,483.53,13277.4840,17109.7106,0
33426,483.54,13277.4840,17109.7106,0
33428,483.57,13312.5800,17109.7106,0
33435,483.61,13345.8248,17109.7106,0
33436,483.62,13345.8248,17109.7106,0
33438,483.65,13491.1956,17109.7106,0
33441,483.68,13491.1956,17109.7106,0
33444,483.72,13491.1956,17109.7106,0
33445,483.74,13491.1956,17109.7106,0
33446,483.74,13491.1956,17109.7106,0
33448,483.74,13491.1956,17109.7106,0
33451,483.76,13491.1956,17109.7106,0
33452,483.78,13491.1956,17109.7106,0
33454,483.78,13491.1956,17109.7106,0
33457,483.81,13491.1956,17109.7106,0
33458,483.82,13491.1956,17109.7106,0
33459,483.82,13491.1956,17109.7106,0
33465,483.87,13491.1956,17109.7106,0
33472,483.91,13491.1956,17109.7106,0
33473,483.93,13491.1956,17109.7106,0
33478,483.97,13491.1956,17109.7106,0
33479,483.97,13491.1956,17109.7106,0
33485,484.00,13491.1956,17109.7106,0
33490,484.04,13491.1956,17109.7106,0
33492,484.05,13491.1956,17109.7106,0
33495,484.10,13491.1956,17109.7106,0
33499,484.13,13491.1956,17109.7106,0
33500,484.15,13491.1956,17109.7106,0
33502,484.15,13491.1956,17109.7106,0
33503,484.15,13491.1956,17109.7106,0
33504,484.15,13491.1956,17109.7106,0
33508,484.17,13491.1956,17109.7106,0
33510,484.18,13491.1956,17109.7106,0
33511,484.18,13491.1956,17109.7106,0
33513,484.18,13491.1956,17109.7106,0
33516,484.19,13491.1956,17109.7106,0
33521,484.21,13491.1956,17109.7106,0
33526,484.26,13491.1956,17109.7106,0
33527,484.28,13491.1956,17109.7106,0
33529,484.28,13491.1956,17109.7106,0
33530,484.28,13491.1956,17109.7106,0
33534,484.30,13491.1956,17109.7106,0
33536,484.32,13491.1956,17109.7106,0
33537,484.32,13491.1956,17109.7106,0
33539,484.34,13491.1956,17109.7106,1
33540,484.36,10584.0997,17109.7106,0
33541,484.37,10584.0997,17109.7106,0
33542,484.38,10584.0997,17109.7106,0
33543,484.39,10584.0997,17109.7106,0
33544,484.40,10584.0997,17109.7106,0
33545,484.41,10584.0997,17109.7106,0
33546,484.42,10584.0997,17109.7106,0
33547,484.42,10584.0997,17109.7106,0
33548,484.43,10592.9127,17109.7106,0
33549,484.45,10872.9653,17109.7106,0
33550,484.46,10872.9653,17109.7106,0
33551,484.47,10872.9653,17109.7106,0
33552,484.48,10872.9653,17109.7106,0
33553,484.49,10873.2747,17109.7106,0
33554,484.50,11067.1185,17109.7106,0
33556,484.51,11104.2685,17109.7106,0
33557,484.52,11104.2685,17109.7106,0
33559,484.53,11134.5779,17109.7106,0
33560,484.55,11346.5549,17109.7106,0
33562,484.56,11356.1793,17109.7106,0
33563,484.57,11428.6394,17109.7106,0
33564,484.58,11436.1300,17109.7106,0
33565,484.60,11436.1300,17109.7106,0
33566,484.61,11485.5972,17109.7106,0
33567,484.62,11485.5972,17109.7106,0
33568,484.63,11575.4270,17109.7106,0
33569,484.64,11575.4270,17109.7106,0
33570,484.66,11575.4270,17109.7106,0
33571,484.67,11681.7470,17109.7106,0
33572,484.68,11681.7470,17109.7106,0
33573,484.69,11681.7470,17109.7106,0
33575,484.70,11681.7470,17109.7106,0
33576,484.71,11792.9495,17109.7106,0
33577,484.73,11792.9495,17109.7106,0
33578,484.74,11792.9495,17109.7106,0
33579,484.75,11792.9495,17109.7106,0
33580,484.76,11822.4612,17109.7106,0
33581,484.77,11822.4612,17109.7106,0
33582,484.78,11822.4612,17109.7106,0
33583,484.79,11822.4612,17109.7106,0
33585,484.81,11822.4612,17109.7106,0
33587,484.82,11864.9037,17109.7106,0
33588,484.83,11908.0520,17109.7106,0
33591,484.85,11908.0520,17109.7106,0
33592,484.86,11908.0520,17109.7106,0
33593,484.87,11908.0520,17109.7106,0
33594,484.88,12057.3295,17109.7106,0
33596,484.90,12057.3295,17109.7106,0
33597,484.91,12068.0403,17109.7106,0
33599,484.92,12150.4823,17109.7106,0
33600,484.93,12169.7221,17109.7106,0
33601,484.94,12169.7221,17109.7106,0
33602,484.96,12288.1159,17109.7106,0
33604,484.97,12288.1159,17109.7106,0
33607,484.98,12288.1159,17109.7106,0
33609,485.04,12288.1159,17109.7106,0
33610,485.05,12291.3232,17109.7106,0
33614,485.08,12291.3232,17109.7106,0
33617,485.12,12291.3232,17109.7106,0
33618,485.13,12291.3232,17109.7106,0
33619,485.15,12291.3232,17109.7106,0
33622,485.17,12291.3232,17109.7106,0
33623,485.18,12291.3232,17109.7106,0
33625,485.19,12291.3232,17109.7106,0
33626,485.20,12322.8668,17109.7106,0
33628,485.22,12378.2020,17109.7106,0
33630,485.23,12378.2020,17109.7106,0
33631,485.24,12378.2020,17109.7106,0
33632,485.26,12378.2020,17109.7106,0
33634,485.27,12378.2020,17109.7106,0
33637,485.29,12378.2020,17109.7106,0
33641,485.35,12380.6668,17109.7106,0
33643,485.35,12380.6668,17109.7106,0
33644,485.36,12380.6668,17109.7106,0
33648,485.41,12483.4855,17109.7106,0
33651,485.47,12506.6877,17109.7106,0
33656,485.53,12506.6877,17109.7106,0
33657,485.55,12506.6877,17109.7106,0
33663,485.65,12533.7339,17109.7106,0
33664,485.67,12575.9388,17109.7106,0
33665,485.68,12575.9388,17109.7106,0
33666,485.70,12620.4368,17109.7106,0
33667,485.71,12633.5475,17109.7106,0
33675,485.73,12633.5475,17109.7106,0
33677,485.77,12633.5475,17109.7106,0
33680,485.79,12633.5475,17109.7106,0
33683,485.81,12633.5475,17109.7106,0
33684,485.82,12633.5475,17109.7106,0
33687,485.85,12633.5475,17109.7106,0
33688,485.87,12742.4849,17109.7106,0
33692,485.91,12742.4849,17109.7106,0
33697,485.98,12784.9245,17109.7106,0
33698,485.99,12784.9245,17109.7106,0
33702,486.01,12917.4354,17109.7106,0
33703,486.03,12917.4354,17109.7106,0
33704,486.04,12928.4018,17109.7106,0
33707,486.10,12928.4018,17109.7106,0
33709,486.11,13150.5292,17109.7106,0
33710,486.12,13150.5292,17109.7106,0
33711,486.14,13150.5292,17109.7106,0
33713,486.15,13195.0820,17109.7106,0
33714,486.16,13195.0820,17109.7106,0
33715,486.18,13218.6916,17109.7106,0
33717,486.20,13218.6916,17109.7106,0
33718,486.21,13218.6916,17109.7106,0
33719,486.23,13251.0173,17109.7106,0
33720,486.24,13251.0173,17109.7106,0
33721,486.25,13251.0173,17109.7106,0
33722,486.27,13251.0173,17109.7106,0
33727,486.27,13251.0173,17109.7106,0
33728,486.28,13251.0173,17109.7106,0
33733,486.33,13251.0173,17109.7106,0
33735,486.33,13251.0173,17109.7106,0
33738,486.37,13251.0173,17109.7106,0
33739,486.38,13251.0173,17109.7106,0
33743,486.41,13251.0173,17109.7106,0
33752,486.50,13251.0173,17109.7106,0
33755,486.53,13251.0173,17109.7106,0
33756,486.53,13251.0173,17109.7106,0
33758,486.55,13251.0173,17109.7106,0
33759,486.56,13251.0173,17109.7106,0
33761,486.58,13251.0173,17109.7106,0
33765,486.63,13260.2981,17109.7106,0
33768,486.71,13276.3169,17109.7106,0
33770,486.72,13276.3169,17109.7106,0
33773,486.74,13276.3169,17109.7106,0
33775,486.75,13276.3169,17109.7106,0
33776,486.77,13276.3169,17109.7106,0
33777,486.78,13276.3169,17109.7106,0
33779,486.86,13276.3169,17109.7106,0
33780,486.86,13276.3169,17109.7106,0
33781,486.88,13276.3169,17109.7106,0
33782,486.91,13440.3687,17109.7106,0
33783,486.92,13440.3687,17109.7106,0
33785,486.94,13440.3687,17109.7106,0
33787,486.94,13440.3687,17109.7106,0
33791,486.99,13440.3687,17109.7106,0
33793,487.00,13440.3687,17109.7106,0
33800,487.06,13440.3687,17109.7106,0
33803,487.08,13440.3687,17109.7106,0
33805,487.09,13440.3687,17109.7106,0
33809,487.13,13440.3687,17109.7106,0
33814,487.16,13440.3687,17109.7106,0
33815,487.18,13440.3687,17109.7106,0
33816,487.18,13440.3687,17109.7106,0
33821,487.25,13440.3687,17109.7106,0
33823,487.25,13440.3687,17109.7106,0
33829,487.29,13440.3687,17109.7106,0
33836,487.38,13463.4609,17109.7106,0
33840,487.39,13463.4609,17109.7106,0
33841,487.41,13463.4609,17109.7106,0
33843,487.42,13463.4609,17109.7106,0
33844,487.44,13463.4609,17109.7106,0
33848,487.53,13463.4609,17109.7106,0
33853,487.56,13463.4609,17109.7106,0
33854,487.57,13463.4609,17109.7106,0
33855,487.57,13463.4609,17109.7106,0
33859,487.61,13463.4609,17109.7106,0
33861,487.63,13463.4609,17109.7106,0
33862,487.63,13463.4609,17109.7106,0
33863,487.64,13463.4609,17109.7106,0
33865,487.66,13463.4609,17109.7106,0
33867,487.69,13463.4609,17109.7106,0
33870,487.74,13463.4609,17109.7106,0
33874,487.81,13463.4609,17109.7106,0
33875,487.81,13463.4609,17109.7106,0
33878,487.84,13463.4609,17109.7106,0
33879,487.85,13463.4609,17109.7106,0
33883,487.87,13463.4609,17109.7106,0
33885,487.89,13463.4609,17109.7106,0
33899,487.95,13463.4609,17109.7106,0
33900,487.95,13463.4609,17109.7106,0
33901,487.95,13463.4609,17109.7106,0
33902,487.95,13463.4609,17109.7106,0
33903,487.97,13463.4609,17109.7106,0
33904,487.97,13463.4609,17109.7106,0
33905,487.97,13463.4609,17109.7106,0
33907,487.98,13463.4609,17109.7106,0
33908,487.99,13463.4609,17109.7106,0
33911,488.01,13473.0780,17109.7106,0
33913,488.03,13473.0780,17109.7106,0
33914,488.04,13519.1643,17109.7106,0
33915,488.06,13519.1643,17109.7106,0
33918,488.13,13519.1643,17109.7106,0
33920,488.18,13519.1643,17109.7106,0
33921,488.20,13519.1643,17109.7106,0
33925,488.22,13519.1643,17109.7106,0
33928,488.25,13519.1643,17109.7106,0
33929,488.27,13519.1643,17109.7106,0
33930,488.28,13519.1643,17109.7106,0
33931,488.30,13519.1643,17109.7106,0
33935,488.33,13519.1643,17109.7106,0
33936,488.33,13519.1643,17109.7106,0
33937,488.33,13519.1643,17109.7106,0
33939,488.34,13519.1643,17109.7106,0
33940,488.35,13519.1643,17109.7106,0
33943,488.37,13519.1643,17109.7106,0
33945,488.39,13522.5503,17109.7106,0
33947,488.40,13627.2458,17109.7106,0
33948,488.42,13650.3687,17109.7106,0
33953,488.46,13650.3687,17109.7106,0
33959,488.52,13650.3687,17109.7106,0
33962,488.55,13650.3687,17109.7106,0
33963,488.57,13650.3687,17109.7106,0
33964,488.58,13650.3687,17109.7106,0
33974,488.67,13650.3687,17109.7106,0
33978,488.69,13650.3687,17109.7106,0
33981,488.70,13650.3687,17109.7106,0
33987,488.79,13650.3687,17109.7106,0
33998,488.86,13650.3687,17109.7106,0
34001,488.88,13650.3687,17109.7106,0
34003,488.88,13650.3687,17109.7106,0
34005,488.90,13650.3687,17109.7106,0
34008,488.92,13650.3687,17109.7106,0
34013,488.94,13650.3687,17109.7106,0
34022,489.00,13650.3687,17109.7106,0
34025,489.02,13650.3687,17109.7106,0
34026,489.02,13650.3687,17109.7106,0
34028,489.04,13650.4284,17109.7106,0
34030,489.05,13650.4284,17109.7106,0
34033,489.09,13650.4284,17109.7106,0
34036,489.14,13650.4284,17109.7106,0
34040,489.17,13650.4284,17109.7106,0
34045,489.21,13650.4284,17109.7106,0
34047,489.24,13650.4284,17109.7106,0
34048,489.26,13650.4284,17109.7106,0
34049,489.26,13650.4284,17109.7106,0
34057,489.32,13650.4284,17109.7106,0
34058,489.33,13650.4284,17109.7106,0
34063,489.40,13650.4284,17109.7106,0
34065,489.41,13650.4284,17109.7106,0
34066,489.42,13650.4284,17109.7106,0
34068,489.45,13650.4284,17109.7106,0
34071,489.49,13650.4284,17109.7106,0
34075,489.53,13650.4284,17109.7106,0
34081,489.60,13650.4284,17109.7106,0
34088,489.66,13650.4284,17109.7106,0
34089,489.67,13650.4284,17109.7106,0
34094,489.69,13650.4284,17109.7106,0
34097,489.71,13650.4284,17109.7106,0
34099,489.72,13650.4284,17109.7106,0
34102,489.73,13650.4284,17109.7106,0
34103,489.74,13650.4284,17109.7106,0
34108,489.78,13650.4284,17109.7106,0
34112,489.78,13650.4284,17109.7106,0
34113,489.79,13650.4284,17109.7106,0
34119,489.84,13650.4284,17109.7106,0
34125,489.90,13650.4284,17109.7106,0
34126,489.90,13650.4284,17109.7106,0
34129,489.90,13650.4284,17109.7106,1
34130,489.92,10930.8612,17109.7106,0
34131,489.93,10930.8612,17109.7106,0
34132,489.95,10930.8612,17109.7106,0
34133,489.96,10930.8612,17109.7106,0
34134,489.97,10930.8612,17109.7106,0
34135,489.98,11032.1351,17109.7106,0
34136,489.99,11032.1351,17109.7106,0
34137,490.00,11238.3973,17109.7106,0
34138,490.01,11238.3973,17109.7106,0
34139,490.02,11239.2975,17109.7106,0
34140,490.03,11239.2975,17109.7106,0
34141,490.04,11351.3092,17109.7106,0
34142,490.05,11351.3092,17109.7106,0
34143,490.06,11360.6221,17109.7106,0
34144,490.07,11360.6221,17109.7106,0
34145,490.09,11374.9302,17109.7106,0
34146,490.10,11374.9302,17109.7106,0
34147,490.11,11374.9302,17109.7106,0
34149,490.12,11375.7426,17109.7106,0
34150,490.13,11375.7426,17109.7106,0
34152,490.14,11375.7426,17109.7106,0
34153,490.15,11375.7426,17109.7106,0
34154,490.16,11375.7426,17109.7106,0
34155,490.18,11375.7426,17109.7106,0
34156,490.19,11375.7426,17109.7106,0
34157,490.20,11624.8829,17109.7106,0
34158,490.21,11624.8829,17109.7106,0
34159,490.22,11902.4857,17109.7106,0
34160,490.23,11909.0850,17109.7106,0
34162,490.25,11909.0850,17109.7106,0
34164,490.26,11922.4332,17109.7106,0
34166,490.27,12079.3128,17109.7106,0
34167,490.28,12159.4871,17109.7106,0
34168,490.29,12283.4137,17109.7106,0
34169,490.30,12307.6269,17109.7106,0
34170,490.32,12310.5121,17109.7106,0
34171,490.33,12369.4121,17109.7106,0
34172,490.34,12369.4121,17109.7106,0
34174,490.35,12369.4121,17109.7106,0
34175,490.36,12369.4121,17109.7106,0
34176,490.37,12414.7748,17109.7106,0
34177,490.38,12414.7748,17109.7106,0
34178,490.39,12628.6644,17109.7106,0
34179,490.40,12806.3826,17109.7106,0
34180,490.42,12806.3826,17109.7106,0
34181,490.43,12838.7416,17109.7106,0
34183,490.46,12839.1864,17109.7106,0
34184,490.48,12839.1864,17109.7106,0
34185,490.49,12839.1864,17109.7106,0
34186,490.50,12880.6611,17109.7106,0
34187,490.51,12880.6611,17109.7106,0
34188,490.52,12880.6611,17109.7106,0
34189,490.54,12942.7018,17109.7106,0
34191,490.55,12944.0278,17109.7106,0
34193,490.56,12944.0278,17109.7106,0
34194,490.57,12944.0278,17109.7106,0
34195,490.59,13066.8199,17109.7106,0
34198,490.65,13066.8199,17109.7106,0
34200,490.67,13066.8199,17109.7106,0
34206,490.70,13066.8199,17109.7106,0
34210,490.72,13066.8199,17109.7106,0
34213,490.73,13066.8199,17109.7106,0
34214,490.74,13066.8199,17109.7106,0
34217,490.76,13066.8199,17109.7106,0
34221,490.77,13066.8199,17109.7106,0
34222,490.78,13066.8199,17109.7106,0
34224,490.80,13070.5922,17109.7106,0
34226,490.81,13070.5922,17109.7106,0
34227,490.83,13070.5922,17109.7106,0
34229,490.87,13070.5922,17109.7106,0
34232,490.90,13070.5922,17109.7106,0
34233,490.90,13070.5922,17109.7106,0
34236,490.91,13106.3071,17109.7106,0
34237,490.92,13124.9594,17109.7106,0
34238,490.94,13124.9594,17109.7106,0
34239,490.95,13124.9594,17109.7106,0
34240,490.96,13124.9594,17109.7106,0
34242,490.97,13195.9241,17109.7106,0
34243,490.99,13195.9241,17109.7106,0
34244,491.00,13195.9241,17109.7106,0
34246,491.01,13195.9241,17109.7106,0
34248,491.06,13195.9241,17109.7106,0
34249,491.07,13211.5327,17109.7106,0
34253,491.09,13414.6531,17109.7106,0
34255,491.10,13414.6531,17109.7106,0
34258,491.16,13414.6531,17109.7106,0
34259,491.18,13414.6531,17109.7106,0
34260,491.19,13419.5828,17109.7106,0
34263,491.26,13419.5828,17109.7106,0
34265,491.28,13419.5828,17109.7106,0
34266,491.29,13419.5828,17109.7106,0
34269,491.30,13419.5828,17109.7106,0
34272,491.32,13419.5828,17109.7106,0
34273,491.33,13419.5828,17109.7106,0
34278,491.35,13419.5828,17109.7106,0
34280,491.36,13419.5828,17109.7106,0
34286,491.39,13419.5828,17109.7106,0
34287,491.40,13419.5828,17109.7106,0
34289,491.42,13419.5828,17109.7106,0
34290,491.43,13419.5828,17109.7106,0
34292,491.44,13419.5828,17109.7106,0
34293,491.45,13419.5828,17109.7106,0
34294,491.47,13419.5828,17109.7106,0
34297,491.47,13419.5828,17109.7106,0
34298,491.48,13419.5828,17109.7106,0
34306,491.54,13421.8348,17109.7106,0
34307,491.55,13421.8348,17109.7106,0
34308,491.57,13421.8348,17109.7106,0
34309,491.60,13421.8348,17109.7106,0
34311,491.61,13421.8348,17109.7106,0
34312,491.63,13432.2421,17109.7106,0
34313,491.64,13500.1893,17109.7106,0
34314,491.66,13611.6391,17109.7106,0
34315,491.67,13611.6391,17109.7106,0
34317,491.68,13611.6391,17109.7106,0
34318,491.71,13692.0758,17109.7106,0
34320,491.72,13692.0758,17109.7106,0
34322,491.73,13706.4416,17109.7106,0
34328,491.80,13733.9680,17109.7106,0
34329,491.81,13733.9680,17109.7106,0
34331,491.88,13740.3563,17109.7106,0
34333,491.89,13740.3563,17109.7106,0
34338,491.96,13740.3563,17109.7106,0
34340,491.97,13740.3563,17109.7106,0
34343,492.00,13740.3563,17109.7106,0
34344,492.01,13740.3892,17109.7106,0
34345,492.03,13740.3892,17109.7106,0
34346,492.04,13740.3892,17109.7106,0
34349,492.12,13740.3892,17109.7106,0
34350,492.13,13740.3892,17109.7106,0
34353,492.15,13740.3892,17109.7106,0
34359,492.22,13740.3892,17109.7106,0
34360,492.23,13740.3892,17109.7106,0
34365,492.25,13740.3892,17109.7106,0
34366,492.27,13742.0145,17109.7106,0
34369,492.33,13742.0145,17109.7106,0
34377,492.39,13742.0145,17109.7106,0
34381,492.42,13742.0145,17109.7106,0
34384,492.44,13742.0145,17109.7106,0
34389,492.46,13742.0145,17109.7106,0
34391,492.47,13742.0145,17109.7106,0
34393,492.48,13742.0145,17109.7106,0
34394,492.50,13742.0145,17109.7106,0
34396,492.51,13742.0145,17109.7106,0
34397,492.53,13742.0145,17109.7106,0
34399,492.54,13742.5928,17109.7106,0
34403,492.56,13742.5928,17109.7106,0
34405,492.57,13742.5928,17109.7106,0
34411,492.67,13742.5928,17109.7106,0
34412,492.68,13742.5928,17109.7106,0
34413,492.70,13742.5928,17109.7106,0
34423,492.74,13742.5928,17109.7106,0
34427,492.75,13742.5928,17109.7106,0
34440,492.83,13742.5928,17109.7106,0
34441,492.84,13742.5928,17109.7106,0
34443,492.85,13742.5928,17109.7106,0
34446,492.88,13742.5928,17109.7106,0
34447,492.89,13742.5928,17109.7106,0
34448,492.91,13742.5928,17109.7106,0
34451,492.96,13742.5928,17109.7106,0
34452,492.96,13742.5928,17109.7106,0
34455,492.97,13742.5928,17109.7106,0
34457,492.98,13742.5928,17109.7106,0
34463,492.99,13742.5928,17109.7106,0
34465,493.00,13742.5928,17109.7106,0
34466,493.01,13742.5928,17109.7106,0
34470,493.03,13742.5928,17109.7106,0
34475,493.04,13742.5928,17109.7106,0
34480,493.08,13742.5928,17109.7106,0
34482,493.09,13742.5928,17109.7106,0
34487,493.10,13742.5928,17109.7106,0
34491,493.10,13742.5928,17109.7106,0
34496,493.13,13742.5928,17109.7106,0
34497,493.13,13742.5928,17109.7106,0
34498,493.14,13742.5928,17109.7106,0
34500,493.14,13742.5928,17109.7106,1
34501,493.16,10243.4699,17109.7106,0
34502,493.17,10243.4699,17109.7106,0
34503,493.18,10243.4699,17109.7106,0
34504,493.20,10602.0832,17109.7106,0
34505,493.21,10602.0832,17109.7106,0
34506,493.22,10645.2223,17109.7106,0
34507,493.23,10645.2223,17109.7106,0
34509,493.24,10645.2223,17109.7106,0
34510,493.25,10645.2223,17109.7106,0
34511,493.26,10645.2223,17109.7106,0
34512,493.27,10645.2223,17109.7106,0
34513,493.28,10645.2223,17109.7106,0
34514,493.29,10699.7456,17109.7106,0
34515,493.30,10699.7456,17109.7106,0
34516,493.31,10725.9491,17109.7106,0
34517,493.32,10725.9491,17109.7106,0
34518,493.33,10951.2374,17109.7106,0
34520,493.34,10951.2374,17109.7106,0
34521,493.36,11051.8797,17109.7106,0
34523,493.37,11051.8797,17109.7106,0
34524,493.38,11052.4637,17109.7106,0
34525,493.40,11144.0828,17109.7106,0
34526,493.41,11144.0828,17109.7106,0
34527,493.43,11555.9110,17109.7106,0
34528,493.45,11555.9110,17109.7106,0
34529,493.47,11555.9110,17109.7106,0
34531,493.48,11672.9978,17109.7106,0
34532,493.50,11791.1657,17109.7106,0
34538,493.59,12183.8881,17109.7106,0
34543,493.72,12183.8881,17109.7106,0
34546,493.80,12183.8881,17109.7106,0
34548,493.85,12183.8881,17109.7106,0
34550,493.91,12183.8881,17109.7106,0
34551,493.92,12183.8881,17109.7106,0
34552,494.00,12183.8881,17109.7106,0
34553,494.04,12183.8881,17109.7106,0
34556,494.14,12183.8881,17109.7106,0
34557,494.15,12188.6002,17109.7106,0
34558,494.17,12188.6002,17109.7106,0
34560,494.25,12188.6002,17109.7106,0
34562,494.35,12188.6002,17109.7106,0
34564,494.37,12188.6002,17109.7106,0
34565,494.42,12266.3051,17109.7106,0
34567,494.45,12266.3051,17109.7106,0
34568,494.48,12266.3051,17109.7106,0
34571,494.52,12266.3051,17109.7106,0
34572,494.57,12588.7838,17109.7106,0
34573,494.59,12588.7838,17109.7106,0
34574,494.62,12642.8413,17109.7106,0
34575,494.64,12642.8413,17109.7106,0
34577,494.70,12642.8413,17109.7106,0
34578,494.74,12642.8413,17109.7106,0
34579,494.77,12642.8413,17109.7106,0
34580,494.80,12642.8413,17109.7106,0
34583,494.88,12642.8413,17109.7106,0
34584,494.96,12642.8413,17109.7106,0
34585,495.03,12670.6024,17109.7106,0
34587,495.10,12670.6024,17109.7106,0
34589,495.13,12670.6024,17109.7106,0
34591,495.22,12670.6024,17109.7106,0
34592,495.24,12670.6024,17109.7106,0
34595,495.29,12670.6024,17109.7106,0
34596,495.34,12674.8905,17109.7106,0
34597,495.38,12674.8905,17109.7106,0
34600,495.44,12733.3118,17109.7106,0
34605,495.56,12755.1763,17109.7106,0
34607,495.57,12755.1763,17109.7106,0
34608,495.59,13001.7154,17109.7106,0
34609,495.63,13001.7154,17109.7106,0
34614,495.89,13001.7154,17109.7106,0
34625,496.13,13001.7154,17109.7106,0
34627,496.16,13001.7154,17109.7106,0
34630,496.21,13001.7154,17109.7106,0
34632,496.35,13001.7154,17109.7106,0
34642,496.53,13001.7154,17109.7106,0
34649,496.71,13001.7154,17109.7106,0
34652,496.73,13001.7154,17109.7106,0
34655,496.79,13001.7154,17109.7106,0
34656,496.82,13001.7154,17109.7106,0
34660,496.90,13001.7154,17109.7106,0
34661,496.91,13001.7154,17109.7106,0
34665,496.92,13001.7154,17109.7106,0
34666,496.92,13001.7154,17109.7106,0
34667,496.94,13001.7154,17109.7106,0
34673,496.99,13108.8805,17109.7106,0
34675,497.02,13108.8805,17109.7106,0
34686,497.28,13108.8805,17109.7106,0
34700,497.42,13108.8805,17109.7106,0
34718,497.76,13108.8805,17109.7106,0
34722,497.82,13108.8805,17109.7106,0
34725,497.88,13108.8805,17109.7106,0
34727,497.92,13108.8805,17109.7106,0
34730,497.92,13108.8805,17109.7106,0
34737,498.03,13108.8805,17109.7106,0
34738,498.03,13108.8805,17109.7106,0
34743,498.16,13108.8805,17109.7106,0
34756,498.32,13108.8805,17109.7106,0
34759,498.33,13108.8805,17109.7106,0
34762,498.36,13108.8805,17109.7106,0
34763,498.41,13108.8805,17109.7106,0
34770,498.50,13108.8805,17109.7106,0
34774,498.51,13108.8805,17109.7106,1
34775,498.53,9040.8246,17109.7106,0
34776,498.54,9040.8246,17109.7106,0
34777,498.54,9040.8246,17109.7106,0
34778,498.55,9114.0519,17109.7106,0
34779,498.56,9151.3177,17109.7106,0
34780,498.57,9151.3177,17109.7106,0
34781,498.58,9154.8984,17109.7106,0
34782,498.59,9159.7443,17109.7106,0
34783,498.61,9159.7443,17109.7106,0
34784,498.62,9231.6039,17109.7106,0
34785,498.63,9251.4580,17109.7106,0
34786,498.64,9251.4580,17109.7106,0
34787,498.65,9251.4580,17109.7106,0
34788,498.68,9347.0108,17109.7106,0
34789,498.70,9347.0108,17109.7106,0
34791,498.74,9508.4563,17109.7106,0
34792,498.76,9508.4563,17109.7106,0
34793,498.81,9508.4563,17109.7106,0
34794,498.86,9775.6043,17109.7106,0
34795,498.91,9931.9526,17109.7106,0
34796,498.92,9931.9526,17109.7106,0
34797,498.94,10060.8052,17109.7106,0
34799,498.98,10060.8052,17109.7106,0
34800,499.00,10077.4009,17109.7106,0
34802,499.04,10077.4009,17109.7106,0
34805,499.06,10077.4009,17109.7106,0
34806,499.07,10077.4009,17109.7106,0
34809,499.14,10215.6477,17109.7106,0
34810,499.16,10319.9730,17109.7106,0
34812,499.18,10469.4042,17109.7106,0
34814,499.19,10469.4042,17109.7106,0
34815,499.21,10469.4042,17109.7106,0
34820,499.32,10469.4042,17109.7106,0
34821,499.32,10469.4042,17109.7106,0
34823,499.36,10469.4042,17109.7106,0
34824,499.37,10469.4042,17109.7106,0
34826,499.43,10469.4042,17109.7106,0
34829,499.45,10474.0161,17109.7106,0
34839,499.68,10474.8023,17109.7106,0
34840,499.72,10474.8023,17109.7106,0
34841,499.74,10698.3413,17109.7106,0
34843,499.78,10705.7001,17109.7106,0
34845,499.83,11004.2811,17109.7106,0
34847,499.89,11004.2811,17109.7106,0
34848,499.90,11004.2811,17109.7106,0
34851,499.96,11004.2811,17109.7106,0
34856,500.05,11045.2074,17109.7106,0
34859,500.12,11045.2074,17109.7106,0
34860,500.14,11045.2074,17109.7106,0
34863,500.16,11047.8424,17109.7106,0
34864,500.18,11056.1562,17109.7106,0
34865,500.21,11269.8025,17109.7106,0
34866,500.24,11269.8025,17109.7106,0
34867,500.25,11281.3353,17109.7106,0
34868,500.27,11281.3353,17109.7106,0
34869,500.27,11281.3353,17109.7106,0
34870,500.29,11281.3353,17109.7106,0
34875,500.36,11281.3353,17109.7106,0
34877,500.38,11281.3353,17109.7106,0
34879,500.42,11281.3353,17109.7106,0
34881,500.44,11281.3353,17109.7106,0
34883,500.44,11281.3353,17109.7106,0
34884,500.45,11281.3353,17109.7106,0
34885,500.45,11281.3353,17109.7106,0
34886,500.47,11281.3353,17109.7106,0
34887,500.52,11281.3353,17109.7106,0
34889,500.58,11312.0970,17109.7106,0
34893,500.65,11312.0970,17109.7106,0
34895,500.67,11312.0970,17109.7106,0
34896,500.69,11384.5162,17109.7106,0
34922,501.21,11384.5162,17109.7106,0
34924,501.24,11384.5162,17109.7106,0
34934,501.33,11384.5162,17109.7106,0
34937,501.38,11384.5162,17109.7106,0
34938,501.41,11384.5162,17109.7106,0
34940,501.43,11384.5162,17109.7106,0
34943,501.46,11384.5162,17109.7106,0
34945,501.46,11384.5162,17109.7106,0
34947,501.46,11384.5162,17109.7106,0
34949,501.51,11384.5162,17109.7106,0
34951,501.57,11384.5162,17109.7106,0
34961,501.66,11399.8832,17109.7106,0
34962,501.67,11399.8832,17109.7106,0
34963,501.69,11550.7130,17109.7106,0
34964,501.72,11550.7130,17109.7106,0
34965,501.73,11550.7130,17109.7106,0
34968,501.78,11550.7130,17109.7106,0
34971,501.82,11550.7130,17109.7106,0
34972,501.84,11550.7130,17109.7106,0
34973,501.87,11590.9590,17109.7106,0
34974,501.90,11611.4203,17109.7106,0
34975,501.92,11611.4203,17109.7106,0
34976,501.94,11611.4203,17109.7106,0
34979,501.98,11611.4203,17109.7106,0
34981,502.06,11718.0135,17109.7106,0
34982,502.12,11859.5127,17109.7106,0
34984,502.17,11859.5127,17109.7106,0
34988,502.24,11859.5127,17109.7106,0
34991,502.32,11931.4869,17109.7106,0
34992,502.33,11931.4869,17109.7106,0
34993,502.36,11931.4869,17109.7106,0
35004,502.55,11939.9566,17109.7106,0
35006,502.62,11939.9566,17109.7106,0
35007,502.67,11939.9566,17109.7106,0
35008,502.69,11939.9566,17109.7106,0
35010,502.75,11939.9566,17109.7106,0
35012,502.80,11939.9566,17109.7106,0
35013,502.83,11939.9566,17109.7106,0
35014,502.86,11939.9566,17109.7106,0
35015,502.87,11939.9566,17109.7106,0
35016,502.87,11939.9566,17109.7106,0
35019,502.93,11939.9566,17109.7106,0
35020,502.95,11939.9566,17109.7106,0
35025,503.09,11939.9566,17109.7106,0
35027,503.12,11939.9566,17109.7106,0
35029,503.12,11939.9566,17109.7106,0
35030,503.12,11939.9566,17109.7106,0
35031,503.18,11939.9566,17109.7106,0
35033,503.26,11939.9566,17109.7106,0
35034,503.26,11939.9566,17109.7106,0
35036,503.29,11939.9566,17109.7106,0
35041,503.31,11939.9566,17109.7106,0
35043,503.37,11939.9566,17109.7106,0
35048,503.40,11939.9566,17109.7106,0
35050,503.44,11939.9566,17109.7106,0
35058,503.49,11939.9566,17109.7106,0
35064,503.52,11939.9566,17109.7106,0
35066,503.53,11939.9566,17109.7106,0
35068,503.54,11939.9566,17109.7106,0
35071,503.54,11939.9566,17109.7106,0
35072,503.60,11939.9566,17109.7106,0
35074,503.63,11939.9566,17109.7106,0
35075,503.66,11943.6650,17109.7106,0
35077,503.71,11943.6650,17109.7106,0
35078,503.73,11943.6650,17109.7106,0
35080,503.83,11943.6650,17109.7106,0
35083,503.86,11943.6650,17109.7106,0
35086,503.91,11943.6650,17109.7106,0
35087,503.95,11945.8446,17109.7106,0
35092,504.01,11945.8446,17109.7106,0
35094,504.04,11945.8446,17109.7106,0
35098,504.11,11945.8446,17109.7106,0
35099,504.11,11945.8446,17109.7106,0
35100,504.11,11945.8446,17109.7106,0
35101,504.13,11945.8446,17109.7106,0
35103,504.21,11945.8446,17109.7106,0
35106,504.24,11945.8446,17109.7106,0
35107,504.24,11945.8446,17109.7106,0
35114,504.29,11949.3705,17109.7106,0
35116,504.33,11949.3705,17109.7106,0
35118,504.37,11949.3705,17109.7106,0
35124,504.52,11949.3705,17109.7106,0
35129,504.61,11949.3705,17109.7106,0
35132,504.64,11949.3705,17109.7106,0
35150,504.87,11949.3705,17109.7106,0
35157,504.94,11949.3705,17109.7106,0
35158,505.02,11949.3705,17109.7106,0
35159,505.02,11949.3705,17109.7106,0
35162,505.05,11949.3705,17109.7106,0
35165,505.05,11949.3705,17109.7106,0
35171,505.11,11949.3705,17109.7106,0
35173,505.19,11949.3705,17109.7106,0
35174,505.19,11949.3705,17109.7106,0
35176,505.26,11949.3705,17109.7106,0
35180,505.34,11949.3705,17109.7106,0
35183,505.35,11949.3705,17109.7106,0
35184,505.35,11949.3705,17109.7106,0
35186,505.35,11949.3705,17109.7106,0
35187,505.35,11949.3705,17109.7106,0
35191,505.38,11949.3705,17109.7106,0
35193,505.38,11949.3705,17109.7106,0
35195,505.40,12018.1852,17109.7106,0
35196,505.42,12075.4506,17109.7106,0
35197,505.43,12075.4506,17109.7106,0
35198,505.45,12075.4506,17109.7106,0
35199,505.45,12075.4506,17109.7106,0
35201,505.48,12076.0762,17109.7106,0
35202,505.51,12120.7098,17109.7106,0
35203,505.54,12120.7098,17109.7106,0
35204,505.56,12120.7098,17109.7106,0
35205,505.58,12143.1824,17109.7106,0
35207,505.67,12143.1824,17109.7106,0
35209,505.77,12143.1824,17109.7106,0
35210,505.79,12143.1824,17109.7106,0
35212,505.85,12143.1824,17109.7106,0
35217,505.94,12143.1824,17109.7106,0
35219,505.99,12143.1824,17109.7106,0
35221,506.03,12143.1824,17109.7106,0
35225,506.07,12143.1824,17109.7106,0
35226,506.09,12143.1824,17109.7106,0
35229,506.10,12143.1824,17109.7106,0
35230,506.13,12143.1824,17109.7106,0
35238,506.21,12143.1824,17109.7106,0
35240,506.24,12143.1824,17109.7106,0
35242,506.27,12143.1824,17109.7106,0
35243,506.29,12143.1824,17109.7106,0
35248,506.38,12143.1824,17109.7106,0
35255,506.45,12143.1824,17109.7106,0
35258,506.49,12143.6586,17109.7106,0
35259,506.52,12143.6586,17109.7106,0
35260,506.59,12143.6586,17109.7106,0
35261,506.64,12143.6586,17109.7106,0
35264,506.74,12145.3341,17109.7106,0
35266,506.76,12145.3341,17109.7106,0
35269,506.85,12154.5638,17109.7106,0
35274,506.99,12154.5638,17109.7106,0
35277,507.09,12154.5638,17109.7106,0
35283,507.27,12154.5638,17109.7106,0
35291,507.37,12154.5638,17109.7106,0
35301,507.47,12162.1734,17109.7106,0
35303,507.58,12162.1734,17109.7106,0
35304,507.59,12162.1734,17109.7106,0
35305,507.63,12162.1734,17109.7106,0
35308,507.67,12162.1734,17109.7106,0
35309,507.71,12162.1734,17109.7106,0
35311,507.74,12162.1734,17109.7106,0
35316,507.78,12162.1734,17109.7106,0
35318,507.84,12162.1734,17109.7106,0
35323,507.96,12219.9992,17109.7106,0
35325,508.02,12279.5388,17109.7106,0
35327,508.04,12279.5388,17109.7106,0
35328,508.07,12354.3470,17109.7106,0
35330,508.10,12354.3470,17109.7106,0
35333,508.18,12354.3470,17109.7106,0
35339,508.43,12354.3470,17109.7106,0
35344,508.52,12354.3470,17109.7106,0
35361,508.78,12354.3470,17109.7106,0
35362,508.78,12354.3470,17109.7106,0
35366,508.81,12354.3470,17109.7106,0
35367,508.83,12354.3470,17109.7106,0
35369,508.86,12354.3470,17109.7106,0
35373,508.90,12354.3470,17109.7106,0
35374,508.95,12354.3470,17109.7106,0
35375,508.95,12354.3470,17109.7106,0
35378,508.95,12354.3470,17109.7106,0
35379,508.95,12354.3470,17109.7106,0
35383,508.99,12438.0041,17109.7106,0
35384,509.00,12438.0041,17109.7106,0
35385,509.03,12473.1675,17109.7106,0
35386,509.07,12473.1675,17109.7106,0
35388,509.15,12473.1675,17109.7106,0
35389,509.17,12473.1675,17109.7106,0
35390,509.19,12473.1675,17109.7106,0
35392,509.23,12473.1675,17109.7106,0
35394,509.29,12473.1675,17109.7106,0
35396,509.34,12473.1727,17109.7106,0
35397,509.35,12473.1727,17109.7106,0
35398,509.37,12475.1109,17109.7106,0
35403,509.41,12475.1109,17109.7106,0
35406,509.47,12475.1109,17109.7106,0
35408,509.49,12475.1109,17109.7106,0
35409,509.51,12475.1109,17109.7106,0
35412,509.53,12475.1109,17109.7106,0
35414,509.54,12475.1109,17109.7106,0
35415,509.56,12475.1109,17109.7106,0
35416,509.57,12475.1109,17109.7106,0
35420,509.67,12475.1109,17109.7106,0
35424,509.79,12475.1109,17109.7106,0
35426,509.83,12475.1109,17109.7106,0
35427,509.83,12475.1109,17109.7106,0
35432,509.88,12475.1109,17109.7106,0
35436,509.99,12475.1109,17109.7106,0
35437,509.99,12475.1109,17109.7106,0
35438,510.01,12475.1109,17109.7106,0
35443,510.06,12475.1109,17109.7106,0
35444,510.09,12475.1109,17109.7106,0
35446,510.10,12475.1109,17109.7106,0
35447,510.10,12475.1109,17109.7106,0
35449,510.10,12475.1109,17109.7106,0
35450,510.10,12475.1109,17109.7106,0
35451,510.10,12475.1109,17109.7106,0
35452,510.10,12475.1109,17109.7106,0
35454,510.12,12475.1109,17109.7106,0
35457,510.17,12475.1109,17109.7106,0
35458,510.17,12475.1109,17109.7106,0
35465,510.22,12475.1109,17109.7106,0
35466,510.24,12475.1109,17109.7106,0
35467,510.26,12613.9144,17109.7106,0
35469,510.31,12613.9144,17109.7106,0
35470,510.32,12613.9144,17109.7106,0
35471,510.32,12613.9144,17109.7106,0
35472,510.36,12613.9144,17109.7106,0
35474,510.39,12613.9144,17109.7106,0
35475,510.43,12613.9144,17109.7106,0
35480,510.51,12613.9962,17109.7106,0
35486,510.69,12613.9962,17109.7106,0
35487,510.70,12759.7615,17109.7106,0
35491,510.78,12759.7615,17109.7106,0
35492,510.80,12759.7615,17109.7106,0
35493,510.83,12759.7615,17109.7106,0
35496,510.85,12759.7615,17109.7106,0
35501,510.93,12759.7615,17109.7106,0
35503,510.99,12759.7615,17109.7106,0
35505,511.00,12759.7615,17109.7106,0
35506,511.00,12759.7615,17109.7106,0
35507,511.03,12759.7615,17109.7106,0
35510,511.05,12759.7615,17109.7106,0
35511,511.07,12759.7615,17109.7106,0
35512,511.10,12759.7615,17109.7106,0
35525,511.21,12759.7615,17109.7106,0
35537,511.35,12759.7615,17109.7106,0
35540,511.37,12759.7615,17109.7106,0
35543,511.41,12759.7615,17109.7106,0
35548,511.43,12759.7615,17109.7106,0
35549,511.44,12759.7615,17109.7106,0
35550,511.44,12759.7615,17109.7106,0
35554,511.47,12759.7615,17109.7106,0
35558,511.56,12759.7615,17109.7106,0
35566,511.58,12791.8902,17109.7106,0
35567,511.61,12791.8902,17109.7106,0
35568,511.63,12898.9238,17109.7106,0
35569,511.66,12898.9238,17109.7106,0
35570,511.68,13039.3877,17109.7106,0
35574,511.79,13039.3877,17109.7106,0
35578,511.91,13206.5486,17109.7106,0
35579,511.94,13230.9255,17109.7106,0
35580,511.96,13230.9255,17109.7106,0
35585,512.00,13230.9255,17109.7106,0
35587,512.08,13230.9255,17109.7106,0
35589,512.11,13230.9255,17109.7106,0
35594,512.21,13230.9255,17109.7106,0
35595,512.23,13230.9255,17109.7106,0
35596,512.26,13232.1114,17109.7106,0
35608,512.37,13232.1114,17109.7106,0
35622,512.50,13232.1114,17109.7106,0
35624,512.55,13232.1114,17109.7106,0
35632,512.61,13232.1114,17109.7106,0
35636,512.64,13232.1114,17109.7106,0
35646,512.78,13232.1114,17109.7106,0
35654,512.84,13232.1114,17109.7106,0
35656,512.88,13232.1114,17109.7106,0
35659,512.93,13232.1114,17109.7106,0
35664,512.98,13232.1114,17109.7106,0
35665,513.01,13232.1114,17109.7106,0
35666,513.02,13232.1114,17109.7106,0
35667,513.09,13234.5197,17109.7106,0
35669,513.18,13234.5197,17109.7106,0
35673,513.21,13260.9161,17109.7106,0
35675,513.29,13260.9161,17109.7106,0
35678,513.31,13260.9161,17109.7106,0
35683,513.39,13260.9161,17109.7106,0
35689,513.47,13260.9161,17109.7106,0
35695,513.50,13260.9161,17109.7106,0
35713,513.67,13260.9161,17109.7106,0
35718,513.73,13266.7402,17109.7106,0
35719,513.77,13345.6160,17109.7106,0
35721,513.83,13345.6160,17109.7106,0
35725,513.89,13345.6160,17109.7106,0
35731,513.98,13345.6160,17109.7106,0
35738,514.03,13345.6160,17109.7106,0
35739,514.04,13345.6160,17109.7106,0
35741,514.06,13345.6160,17109.7106,0
35744,514.09,13345.6160,17109.7106,0
35752,514.23,13345.6160,17109.7106,0
35753,514.27,13345.6160,17109.7106,0
35754,514.29,13345.6160,17109.7106,0
35759,514.36,13345.6160,17109.7106,0
35760,514.43,13345.6160,17109.7106,0
35767,514.50,13345.6160,17109.7106,0
35768,514.50,13345.6160,17109.7106,0
35769,514.51,13345.6160,17109.7106,0
35771,514.51,13345.6160,17109.7106,0
35772,514.51,13345.6160,17109.7106,0
35775,514.55,13345.6160,17109.7106,0
35776,514.55,13345.6160,17109.7106,0
35781,514.63,13345.6160,17109.7106,0
35782,514.63,13345.6160,17109.7106,0
35783,514.63,13345.6160,17109.7106,0
35787,514.65,13345.6160,17109.7106,0
35791,514.67,13345.6160,17109.7106,0
35792,514.69,13345.6160,17109.7106,0
35797,514.77,13346.5642,17109.7106,0
35799,514.85,13346.5642,17109.7106,0
35801,514.87,13346.5642,17109.7106,0
35803,514.87,13346.5642,17109.7106,0
35806,514.94,13346.5642,17109.7106,0
35808,514.98,13346.5642,17109.7106,0
35809,515.05,13346.5642,17109.7106,0
35811,515.09,13346.5642,17109.7106,0
35813,515.13,13346.5642,17109.7106,0
35814,515.17,13346.5642,17109.7106,0
35819,515.29,13346.5642,17109.7106,0
35821,515.29,13346.5642,17109.7106,0
35824,515.32,13346.5642,17109.7106,0
35830,515.41,13346.5642,17109.7106,0
35832,515.42,13346.5642,17109.7106,0
35837,515.44,13346.5642,17109.7106,0
35838,515.46,13346.5642,17109.7106,0
35839,515.49,13346.5642,17109.7106,0
35846,515.60,13346.5642,17109.7106,0
35847,515.62,13346.5642,17109.7106,0
35851,515.70,13346.5642,17109.7106,0
35855,515.75,13346.5642,17109.7106,0
35856,515.75,13346.5642,17109.7106,0
35862,515.79,13346.5642,17109.7106,0
35863,515.79,13346.5642,17109.7106,0
35864,515.86,13346.5642,17109.7106,0
35865,515.86,13346.5642,17109.7106,0
35866,515.86,13346.5642,17109.7106,0
35867,515.86,13346.5642,17109.7106,0
35870,515.90,13346.5642,17109.7106,0
35872,515.92,13346.5642,17109.7106,0
35873,515.92,13346.5642,17109.7106,0
35875,515.97,13346.5642,17109.7106,0
35878,515.99,13346.5642,17109.7106,0
35884,516.03,13346.5642,17109.7106,0
35885,516.03,13346.5642,17109.7106,0
35888,516.07,13346.5642,17109.7106,0
35889,516.07,13346.5642,17109.7106,0
35892,516.09,13346.5642,17109.7106,0
35893,516.09,13346.5642,17109.7106,0
35894,516.09,13346.5642,17109.7106,0
35896,516.11,13346.5642,17109.7106,0
35897,516.11,13346.5642,17109.7106,0
35898,516.11,13346.5642,17109.7106,1
35899,516.16,9434.1197,17109.7106,0
35900,516.18,9526.9654,17109.7106,0
35901,516.19,9579.2099,17109.7106,0
35902,516.20,9579.2099,17109.7106,0
35903,516.21,9579.2099,17109.7106,0
35904,516.23,9579.2099,17109.7106,0
35905,516.24,9579.2099,17109.7106,0
35906,516.25,9788.2766,17109.7106,0
35907,516.27,9788.2766,17109.7106,0
35908,516.28,9788.2766,17109.7106,0
35909,516.30,9847.8648,17109.7106,0
35910,516.31,9984.7086,17109.7106,0
35911,516.32,10148.8731,17109.7106,0
35912,516.34,10229.6588,17109.7106,0
35913,516.36,10273.0611,17109.7106,0
35915,516.41,10301.4097,17109.7106,0
35916,516.44,10301.4097,17109.7106,0
35918,516.48,10387.7833,17109.7106,0
35919,516.49,10387.7833,17109.7106,0
35921,516.52,10387.7833,17109.7106,0
35923,516.55,10387.7833,17109.7106,0
35924,516.57,10387.7833,17109.7106,0
35925,516.58,10387.7833,17109.7106,0
35930,516.61,10387.7833,17109.7106,0
35935,516.71,10387.7833,17109.7106,0
35938,516.74,10387.7833,17109.7106,0
35939,516.77,10390.9162,17109.7106,0
35940,516.79,10390.9162,17109.7106,0
35941,516.81,10390.9162,17109.7106,0
35942,516.83,10390.9162,17109.7106,0
35943,516.84,10472.6101,17109.7106,0
35944,516.86,10472.6101,17109.7106,0
35945,516.87,10472.6101,17109.7106,0
35946,516.94,10472.6101,17109.7106,0
35948,516.96,10472.6101,17109.7106,0
35949,516.98,10472.6101,17109.7106,0
35950,516.99,10472.6101,17109.7106,0
35951,517.06,10480.7026,17109.7106,0
35952,517.07,10480.7026,17109.7106,0
35956,517.13,10480.7026,17109.7106,0
35957,517.15,10480.7026,17109.7106,0
35958,517.15,10480.7026,17109.7106,0
35959,517.18,10516.4722,17109.7106,0
35960,517.22,10650.1389,17109.7106,0
35962,517.25,10650.1389,17109.7106,0
35964,517.29,10650.1389,17109.7106,0
35965,517.34,10650.1389,17109.7106,0
35966,517.35,10650.1389,17109.7106,0
35968,517.39,10650.1389,17109.7106,0
35970,517.46,10651.1861,17109.7106,0
35972,517.49,10651.1861,17109.7106,0
35974,517.52,10651.1861,17109.7106,0
35977,517.54,10651.1861,17109.7106,0
35978,517.57,10651.1861,17109.7106,0
35980,517.62,10651.1861,17109.7106,0
35981,517.63,10651.1861,17109.7106,0
35982,517.64,10651.1861,17109.7106,0
35984,517.66,10651.1861,17109.7106,0
35987,517.75,10652.1593,17109.7106,0
35988,517.79,10652.1593,17109.7106,0
35989,517.84,10652.1593,17109.7106,0
35990,517.86,10652.1593,17109.7106,0
35991,517.88,10652.1593,17109.7106,0
35993,517.91,10652.1593,17109.7106,0
35994,517.91,10652.1593,17109.7106,0
35995,517.91,10652.1593,17109.7106,0
35996,517.93,10652.1593,17109.7106,0
35997,517.94,10672.8636,17109.7106,0
35998,517.97,10672.8636,17109.7106,0
35999,518.00,10804.5528,17109.7106,0
36000,518.02,10804.5528,17109.7106,0
36001,518.03,10804.5528,17109.7106,0
36002,518.07,10804.5528,17109.7106,0
36003,518.12,10804.5528,17109.7106,0
36005,518.14,10804.5528,17109.7106,0
36006,518.15,10805.5047,17109.7106,0
36007,518.20,10868.2786,17109.7106,0
36011,518.28,10868.2786,17109.7106,0
36012,518.29,10868.4218,17109.7106,0
36013,518.31,10996.3715,17109.7106,0
36014,518.32,10996.3715,17109.7106,0
36015,518.37,10996.3715,17109.7106,0
36017,518.39,11082.4989,17109.7106,0
36018,518.45,11147.4023,17109.7106,0
36019,518.47,11258.6706,17109.7106,0
36022,518.52,11258.6706,17109.7106,0
36024,518.57,11258.6706,17109.7106,0
36028,518.62,11258.6706,17109.7106,0
36029,518.64,11258.6706,17109.7106,0
36030,518.67,11260.5389,17109.7106,0
36031,518.69,11260.5389,17109.7106,0
36032,518.70,11260.5389,17109.7106,0
36033,518.73,11260.5389,17109.7106,0
36034,518.74,11260.5389,17109.7106,0
36036,518.77,11260.5389,17109.7106,0
36038,518.79,11260.5389,17109.7106,0
36039,518.81,11266.7221,17109.7106,0
36040,518.87,11267.5779,17109.7106,0
36041,518.88,11267.5779,17109.7106,0
36046,518.98,11267.5779,17109.7106,0
36049,519.05,11267.5779,17109.7106,0
36051,519.09,11281.2134,17109.7106,0
36053,519.13,11281.2134,17109.7106,0
36054,519.15,11281.2134,17109.7106,0
36055,519.17,11316.0482,17109.7106,0
36056,519.20,11316.0482,17109.7106,0
36057,519.21,11316.0482,17109.7106,0
36058,519.23,11316.0482,17109.7106,0
36059,519.28,11320.7311,17109.7106,0
36060,519.34,11324.0940,17109.7106,0
36061,519.38,11324.0940,17109.7106,0
36062,519.41,11324.0940,17109.7106,0
36063,519.48,11352.1337,17109.7106,0
36064,519.49,11352.1337,17109.7106,0
36066,519.57,11352.1337,17109.7106,0
36067,519.60,11352.1337,17109.7106,0
36068,519.62,11352.1337,17109.7106,0
36069,519.63,11352.1337,17109.7106,0
36070,519.70,11352.1337,17109.7106,0
36071,519.71,11352.1337,17109.7106,0
36073,519.73,11352.1337,17109.7106,0
36074,519.75,11352.1337,17109.7106,0
36075,519.75,11352.1337,17109.7106,0
36076,519.76,11352.1337,17109.7106,0
36080,519.81,11352.1337,17109.7106,0
36081,519.83,11352.1337,17109.7106,0
36083,519.83,11352.1337,17109.7106,0
36084,519.87,11352.1337,17109.7106,0
36087,519.91,11352.7579,17109.7106,0
36088,519.92,11379.0616,17109.7106,0
36089,519.94,11384.9736,17109.7106,0
36090,519.95,11480.5304,17109.7106,0
36092,519.96,11480.5304,17109.7106,0
36094,519.98,11480.5304,17109.7106,0
36095,519.98,11480.5304,17109.7106,0
36096,520.00,11480.5304,17109.7106,0
36098,520.02,11480.5304,17109.7106,0
36102,520.06,11480.5304,17109.7106,0
36103,520.06,11480.5304,17109.7106,0
36104,520.06,11480.5304,17109.7106,0
36105,520.06,11480.5304,17109.7106,0
36106,520.06,11480.5304,17109.7106,0
36108,520.14,11480.6297,17109.7106,0
36109,520.17,11480.6297,17109.7106,0
36111,520.21,11481.6416,17109.7106,0
36112,520.22,11481.6416,17109.7106,0
36113,520.24,11481.6416,17109.7106,0
36114,520.26,11481.6416,17109.7106,0
36115,520.27,11481.6416,17109.7106,0
36116,520.29,11481.6416,17109.7106,0
36119,520.38,11481.6416,17109.7106,0
36120,520.38,11481.6416,17109.7106,0
36121,520.40,11481.6416,17109.7106,0
36122,520.41,11481.6416,17109.7106,0
36123,520.42,11481.6416,17109.7106,0
36124,520.44,11481.6416,17109.7106,0
36125,520.45,11481.6416,17109.7106,0
36126,520.47,11481.6416,17109.7106,0
36127,520.51,11889.6511,17109.7106,0
36128,520.53,11889.6511,17109.7106,0
36131,520.59,11889.6511,17109.7106,0
36132,520.65,11889.6511,17109.7106,0
36133,520.67,11889.6511,17109.7106,0
36135,520.75,11889.6511,17109.7106,0
36138,520.79,11889.6511,17109.7106,0
36143,520.84,11889.6511,17109.7106,0
36144,520.84,11889.6511,17109.7106,0
36145,520.84,11889.6511,17109.7106,0
36146,520.84,11889.6511,17109.7106,0
36149,520.86,11889.6511,17109.7106,0
36150,520.88,11889.6511,17109.7106,0
36151,520.88,11889.6511,17109.7106,0
36152,520.88,11889.6511,17109.7106,0
36154,520.92,11889.6511,17109.7106,0
36157,520.94,11889.6511,17109.7106,0
36159,520.95,11889.6511,17109.7106,0
36167,521.02,11889.6511,17109.7106,0
36170,521.08,11889.6511,17109.7106,0
36173,521.11,11889.6511,17109.7106,0
36175,521.11,11889.6511,17109.7106,0
36176,521.11,11889.6511,17109.7106,0
36177,521.11,11889.6511,17109.7106,0
36179,521.15,11889.6511,17109.7106,0
36180,521.15,11889.6511,17109.7106,0
36181,521.15,11889.6511,17109.7106,0
36185,521.18,11894.9218,17109.7106,0
36187,521.21,11894.9218,17109.7106,0
36188,521.22,11894.9218,17109.7106,0
36189,521.23,11894.9218,17109.7106,0
36190,521.23,11894.9218,17109.7106,0
36191,521.26,11894.9218,17109.7106,0
36193,521.32,11894.9218,17109.7106,0
36195,521.41,12234.3790,17109.7106,0
36196,521.43,12244.9545,17109.7106,0
36197,521.45,12244.9545,17109.7106,0
36201,521.50,12244.9545,17109.7106,0
36205,521.56,12244.9545,17109.7106,0
36207,521.56,12244.9545,17109.7106,0
36208,521.60,12244.9545,17109.7106,0
36210,521.64,12244.9545,17109.7106,0
36213,521.69,12244.9545,17109.7106,0
36216,521.71,12244.9545,17109.7106,0
36218,521.72,12244.9545,17109.7106,0
36219,521.72,12244.9545,17109.7106,0
36222,521.74,12244.9545,17109.7106,0
36225,521.75,12244.9545,17109.7106,0
36226,521.75,12244.9545,17109.7106,0
36228,521.78,12244.9545,17109.7106,0
36233,521.80,12244.9545,17109.7106,0
36234,521.84,12408.0198,17109.7106,0
36235,521.89,12408.0198,17109.7106,0
36236,521.97,12408.0198,17109.7106,0
36237,521.98,12408.0198,17109.7106,0
36238,522.00,12408.0198,17109.7106,0
36239,522.03,12460.5310,17109.7106,0
36240,522.10,12460.5310,17109.7106,0
36242,522.13,12461.7094,17109.7106,0
36243,522.13,12461.7094,17109.7106,0
36245,522.16,12461.7094,17109.7106,0
36246,522.20,12461.7094,17109.7106,0
36247,522.24,12461.7094,17109.7106,0
36249,522.26,12461.7094,17109.7106,0
36250,522.30,12461.7094,17109.7106,0
36251,522.31,12461.7094,17109.7106,0
36255,522.41,12461.7094,17109.7106,0
36256,522.43,12461.7094,17109.7106,0
36258,522.46,12461.7094,17109.7106,0
36260,522.47,12461.7094,17109.7106,0
36263,522.50,12461.7094,17109.7106,0
36264,522.55,12461.7094,17109.7106,0
36267,522.59,12461.7094,17109.7106,0
36269,522.65,12461.7094,17109.7106,0
36270,522.67,12461.7094,17109.7106,0
36272,522.71,12461.7094,17109.7106,0
36274,522.73,12461.7094,17109.7106,0
36276,522.77,12462.6165,17109.7106,0
36278,522.81,12462.6165,17109.7106,0
36280,522.86,12462.6165,17109.7106,0
36283,522.92,12462.6165,17109.7106,0
36287,522.98,12462.6165,17109.7106,0
36290,523.03,12474.2566,17109.7106,0
36291,523.05,12474.2566,17109.7106,0
36292,523.14,12477.3488,17109.7106,0
36293,523.16,12748.5479,17109.7106,0
36297,523.18,12748.5479,17109.7106,0
36301,523.29,12748.5479,17109.7106,0
36302,523.35,12748.5479,17109.7106,0
36303,523.36,12748.5479,17109.7106,0
36304,523.38,12748.5479,17109.7106,0
36307,523.40,12748.5479,17109.7106,0
36308,523.42,12748.5479,17109.7106,0
36312,523.45,12748.5479,17109.7106,0
36314,523.49,12748.5479,17109.7106,0
36315,523.51,12748.5479,17109.7106,0
36316,523.53,12748.5479,17109.7106,0
36318,523.53,12748.5479,17109.7106,0
36319,523.53,12748.5479,17109.7106,0
36322,523.55,12748.5479,17109.7106,0
36325,523.61,12753.7514,17109.7106,0
36326,523.66,12753.7514,17109.7106,0
36327,523.68,12753.7514,17109.7106,0
36328,523.70,12753.7514,17109.7106,0
36329,523.73,12981.0151,17109.7106,0
36331,523.78,12981.0151,17109.7106,0
36332,523.80,12985.7964,17109.7106,0
36333,523.81,12985.7964,17109.7106,0
36334,523.83,12985.7964,17109.7106,0
36337,523.89,12985.7964,17109.7106,0
36340,523.92,12985.7964,17109.7106,0
36344,523.98,12985.7964,17109.7106,0
36347,524.06,12985.7964,17109.7106,0
36349,524.11,12985.7964,17109.7106,0
36352,524.15,12985.7964,17109.7106,0
36353,524.15,12985.7964,17109.7106,0
36357,524.24,12985.7964,17109.7106,0
36358,524.24,12985.7964,17109.7106,0
36359,524.24,12985.7964,17109.7106,0
36361,524.25,12985.7964,17109.7106,0
36362,524.29,12988.5640,17109.7106,0
36364,524.33,12988.5640,17109.7106,0
36366,524.38,12988.5640,17109.7106,0
36367,524.38,12988.5640,17109.7106,0
36369,524.43,12988.5640,17109.7106,0
36371,524.49,12988.5640,17109.7106,0
36375,524.52,12988.5640,17109.7106,0
36378,524.55,12988.5640,17109.7106,0
36382,524.56,12988.5640,17109.7106,0
36388,524.70,12988.5640,17109.7106,0
36389,524.76,12996.1897,17109.7106,0
36390,524.82,13043.8623,17109.7106,0
36391,524.86,13043.8623,17109.7106,0
36393,524.88,13043.8623,17109.7106,0
36394,524.90,13043.8623,17109.7106,0
36395,524.90,13043.8623,17109.7106,0
36396,524.90,13043.8623,17109.7106,0
36397,524.92,13043.8623,17109.7106,0
36398,524.95,13049.8230,17109.7106,0
36399,524.97,13049.8230,17109.7106,0
36400,525.01,13049.8230,17109.7106,0
36405,525.05,13049.8230,17109.7106,0
36409,525.13,13049.8230,17109.7106,0
36414,525.25,13049.8230,17109.7106,0
36415,525.25,13049.8230,17109.7106,0
36417,525.27,13049.8230,17109.7106,0
36420,525.27,13049.8230,17109.7106,0
36421,525.29,13049.8230,17109.7106,0
36423,525.31,13049.8230,17109.7106,0
36424,525.31,13049.8230,17109.7106,0
36426,525.32,13049.8230,17109.7106,0
36436,525.46,13049.8230,17109.7106,0
36438,525.46,13049.8230,17109.7106,0
36439,525.46,13049.8230,17109.7106,0
36440,525.47,13049.8230,17109.7106,0
36443,525.48,13049.8230,17109.7106,0
36444,525.51,13067.7049,17109.7106,0
36445,525.57,13067.7049,17109.7106,0
36447,525.66,13067.7049,17109.7106,0
36449,525.71,13067.7049,17109.7106,0
36450,525.73,13069.6688,17109.7106,0
36451,525.74,13069.6688,17109.7106,0
36452,525.77,13069.6688,17109.7106,0
36453,525.81,13071.2519,17109.7106,0
36457,525.84,13074.7686,17109.7106,0
36460,525.91,13074.7686,17109.7106,0
36462,525.94,13074.7686,17109.7106,0
36464,525.98,13074.7686,17109.7106,0
36465,525.98,13074.7686,17109.7106,0
36468,526.00,13074.7686,17109.7106,0
36469,526.06,13074.7686,17109.7106,0
36481,526.25,13074.7686,17109.7106,0
36482,526.30,13074.7686,17109.7106,0
36483,526.30,13074.7686,17109.7106,0
36494,526.50,13081.8338,17109.7106,0
36495,526.54,13081.8338,17109.7106,0
36496,526.55,13081.8338,17109.7106,0
36497,526.61,13325.3293,17109.7106,0
36498,526.63,13325.3293,17109.7106,0
36499,526.66,13325.3293,17109.7106,0
36501,526.69,13496.8567,17109.7106,0
36502,526.72,13916.2822,17109.7106,0
36504,526.75,13922.6504,17109.7106,0
36506,526.81,13922.6504,17109.7106,0
36509,526.90,13928.7455,17109.7106,0
36511,526.94,13928.7455,17109.7106,0
36512,526.96,13928.7455,17109.7106,0
36514,526.98,13928.7455,17109.7106,0
36515,527.00,13955.2647,17109.7106,0
36517,527.02,13955.2647,17109.7106,0
36519,527.06,13955.2647,17109.7106,0
36523,527.12,13955.2647,17109.7106,0
36526,527.18,13955.2647,17109.7106,0
36527,527.21,13955.2647,17109.7106,0
36530,527.25,13955.2647,17109.7106,0
36531,527.25,13955.2647,17109.7106,0
36532,527.36,13955.2647,17109.7106,0
36534,527.36,13955.2647,17109.7106,0
36535,527.36,13955.2647,17109.7106,0
36540,527.44,13958.5492,17109.7106,0
36542,527.47,13958.5492,17109.7106,0
36549,527.51,13958.5492,17109.7106,0
36552,527.57,13958.5492,17109.7106,0
36556,527.64,13958.5492,17109.7106,0
36559,527.66,13958.5492,17109.7106,0
36561,527.66,13958.5492,17109.7106,0
36562,527.69,13958.5492,17109.7106,0
36563,527.69,13958.5492,17109.7106,0
36564,527.70,13958.5492,17109.7106,0
36565,527.73,13958.5492,17109.7106,0
36566,527.77,13958.5492,17109.7106,0
36567,527.78,13958.5492,17109.7106,0
36569,527.81,13958.5492,17109.7106,0
36572,527.85,13958.5492,17109.7106,0
36581,527.99,13958.5492,17109.7106,0
36582,527.99,13958.5492,17109.7106,0
36583,527.99,13958.5492,17109.7106,0
36584,527.99,13958.5492,17109.7106,0
36586,528.02,13958.5492,17109.7106,0
36587,528.02,13958.5492,17109.7106,0
36588,528.02,13958.5492,17109.7106,0
36590,528.03,13958.5492,17109.7106,0
36592,528.04,13958.5492,17109.7106,0
36598,528.12,13958.5492,17109.7106,0
36599,528.14,13958.5492,17109.7106,0
36600,528.14,13958.5492,17109.7106,0
36603,528.22,13958.5492,17109.7106,0
36604,528.22,13958.5492,17109.7106,0
36605,528.23,13958.5492,17109.7106,0
36606,528.27,13958.5492,17109.7106,0
36607,528.29,13958.5492,17109.7106,0
36611,528.29,13958.5492,17109.7106,0
36613,528.29,13958.5492,17109.7106,0
36616,528.31,13958.5492,17109.7106,0
36618,528.34,13958.5492,17109.7106,0
36619,528.34,13958.5492,17109.7106,0
36620,528.34,13958.5492,17109.7106,0
36621,528.35,13958.5492,17109.7106,0
36625,528.41,13958.5492,17109.7106,0
36628,528.44,13958.5492,17109.7106,0
36632,528.49,13958.5492,17109.7106,0
36633,528.51,13958.5492,17109.7106,0
36636,528.55,13958.5492,17109.7106,0
36639,528.58,13958.5492,17109.7106,0
36641,528.60,13958.5492,17109.7106,1
36642,528.62,10282.2582,17109.7106,0
36643,528.62,10282.2582,17109.7106,0
36644,528.64,10314.2970,17109.7106,0
36645,528.65,10314.2970,17109.7106,0
36646,528.66,10369.3762,17109.7106,0
36647,528.67,10369.3762,17109.7106,0
36648,528.68,10507.3894,17109.7106,0
36649,528.70,10507.3894,17109.7106,0
36650,528.71,10767.7028,17109.7106,0
36651,528.72,10767.7028,17109.7106,0
36652,528.73,10767.7028,17109.7106,0
36653,528.74,11042.5746,17109.7106,0
36654,528.76,11042.5746,17109.7106,0
36655,528.77,11274.5253,17109.7106,0
36656,528.79,11414.2800,17109.7106,0
36657,528.80,11554.9571,17109.7106,0
36658,528.81,11554.9571,17109.7106,0
36659,528.82,11561.0591,17109.7106,0
36660,528.84,11561.0591,17109.7106,0
36662,528.89,11581.0771,17109.7106,0
36663,528.90,11581.0771,17109.7106,0
36664,528.91,11584.6161,17109.7106,0
36666,528.95,11584.6161,17109.7106,0
36667,528.97,11644.1531,17109.7106,0
36668,528.98,11655.9767,17109.7106,0
36669,529.01,11681.6785,17109.7106,0
36670,529.04,11686.1800,17109.7106,0
36672,529.05,11686.1800,17109.7106,0
36673,529.07,11744.7074,17109.7106,0
36675,529.12,11772.6083,17109.7106,0
36676,529.16,11772.6083,17109.7106,0
36677,529.17,11772.6083,17109.7106,0
36678,529.18,11772.6083,17109.7106,0
36679,529.20,12075.8736,17109.7106,0
36680,529.22,12431.5130,17109.7106,0
36681,529.24,12431.5130,17109.7106,0
36682,529.26,12431.5130,17109.7106,0
36683,529.27,12715.0893,17109.7106,0
36684,529.29,12715.0893,17109.7106,0
36685,529.31,12715.0893,17109.7106,0
36686,529.33,12896.0089,17109.7106,0
36688,529.37,12896.0089,17109.7106,0
36690,529.39,12896.0089,17109.7106,0
36691,529.41,12896.0089,17109.7106,0
36692,529.43,12896.0089,17109.7106,0
36693,529.49,12896.0089,17109.7106,0
36694,529.51,12908.1625,17109.7106,0
36695,529.53,12908.1625,17109.7106,0
36696,529.56,12908.1625,17109.7106,0
36698,529.56,12908.1625,17109.7106,0
36699,529.60,12963.8548,17109.7106,0
36700,529.64,12979.2324,17109.7106,0
36702,529.65,13145.9600,17109.7106,0
36703,529.68,13150.6902,17109.7106,0
36704,529.71,13186.3387,17109.7106,0
36706,529.82,13266.5400,17109.7106,0
36707,529.85,13266.5400,17109.7106,0
36712,530.02,13266.5400,17109.7106,0
36713,530.05,13266.5400,17109.7106,0
36717,530.10,13266.5400,17109.7106,0
36724,530.14,13285.2666,17109.7106,0
36725,530.16,13285.2666,17109.7106,0
36726,530.17,13285.2666,17109.7106,0
36728,530.22,13285.2666,17109.7106,0
36736,530.47,13312.8914,17109.7106,0
36742,530.58,13320.9575,17109.7106,0
36745,530.64,13323.0094,17109.7106,0
36747,530.66,13354.3163,17109.7106,0
36752,530.77,13356.0893,17109.7106,0
36755,530.91,13356.0893,17109.7106,0
36759,531.00,13356.0893,17109.7106,0
36760,531.02,13356.0893,17109.7106,0
36761,531.05,13356.0893,17109.7106,0
36762,531.07,13356.9527,17109.7106,0
36763,531.13,13356.9527,17109.7106,0
36770,531.19,13356.9527,17109.7106,0
36771,531.21,13372.8021,17109.7106,0
36775,531.38,13372.8021,17109.7106,0
36779,531.42,13372.8021,17109.7106,0
36782,531.44,13372.8021,17109.7106,0
36784,531.45,13372.8021,17109.7106,0
36786,531.48,13372.8021,17109.7106,0
36787,531.48,13372.8021,17109.7106,0
36789,531.51,13372.8021,17109.7106,0
36790,531.53,13372.8021,17109.7106,0
36791,531.53,13372.8021,17109.7106,0
36796,531.60,13372.8021,17109.7106,0
36798,531.62,13372.8021,17109.7106,0
36804,531.64,13372.8021,17109.7106,0
36807,531.69,13376.8391,17109.7106,0
36809,531.77,13376.8391,17109.7106,0
36811,531.79,13376.8391,17109.7106,0
36812,531.79,13376.8391,17109.7106,0
36813,531.82,13376.8391,17109.7106,0
36815,531.84,13376.8391,17109.7106,0
36816,531.84,13376.8391,17109.7106,0
36817,531.86,13376.8391,17109.7106,0
36826,532.00,13376.8391,17109.7106,0
36827,532.05,13376.8391,17109.7106,0
36830,532.10,13376.8391,17109.7106,0
36831,532.13,13376.8391,17109.7106,0
36832,532.17,13376.8391,17109.7106,0
36836,532.18,13376.8391,17109.7106,0
36837,532.21,13392.0445,17109.7106,0
36840,532.26,13392.0445,17109.7106,0
36841,532.28,13392.0445,17109.7106,0
36844,532.41,13392.0445,17109.7106,0
36845,532.43,13392.0445,17109.7106,0
36846,532.47,13392.0445,17109.7106,0
36847,532.51,13392.0445,17109.7106,0
36849,532.55,13392.0445,17109.7106,0
36850,532.57,13392.0445,17109.7106,0
36851,532.65,13392.0445,17109.7106,0
36852,532.67,13392.0445,17109.7106,0
36855,532.70,13392.0445,17109.7106,0
36858,532.70,13392.0445,17109.7106,0
36860,532.77,13392.9809,17109.7106,0
36864,532.83,13392.9809,17109.7106,0
36865,532.85,13392.9809,17109.7106,0
36869,532.92,13392.9809,17109.7106,0
36870,532.94,13392.9809,17109.7106,0
36871,532.96,13392.9809,17109.7106,0
36872,532.96,13392.9809,17109.7106,0
36873,532.98,13392.9809,17109.7106,0
36875,532.98,13392.9809,17109.7106,0
36877,533.03,13392.9809,17109.7106,0
36878,533.05,13392.9809,17109.7106,0
36879,533.05,13392.9809,17109.7106,0
36886,533.13,13392.9809,17109.7106,0
36887,533.13,13392.9809,17109.7106,0
36893,533.16,13392.9809,17109.7106,0
36894,533.16,13392.9809,17109.7106,0
36897,533.16,13392.9809,17109.7106,0
36899,533.16,13392.9809,17109.7106,0
36900,533.16,13392.9809,17109.7106,0
36901,533.16,13392.9809,17109.7106,0
36906,533.21,13392.9809,17109.7106,0
36907,533.23,13392.9809,17109.7106,0
36910,533.26,13392.9809,17109.7106,0
36912,533.28,13392.9809,17109.7106,0
36913,533.30,13392.9809,17109.7106,0
36914,533.35,13392.9809,17109.7106,0
36915,533.35,13392.9809,17109.7106,0
36916,533.36,13392.9809,17109.7106,0
36918,533.37,13392.9809,17109.7106,0
36920,533.38,13392.9809,17109.7106,0
36925,533.41,13392.9809,17109.7106,0
36928,533.41,13392.9809,17109.7106,0
36934,533.45,13393.7573,17109.7106,0
36936,533.47,13393.7573,17109.7106,0
36939,533.55,13393.7573,17109.7106,0
36942,533.63,13393.7573,17109.7106,0
36945,533.65,13393.7573,17109.7106,0
36946,533.68,13522.7165,17109.7106,0
36949,533.73,13522.7165,17109.7106,0
36953,533.80,13522.7165,17109.7106,0
36954,533.82,13522.7165,17109.7106,0
36955,533.82,13522.7165,17109.7106,0
36956,533.84,13522.7165,17109.7106,0
36958,533.86,13543.4124,17109.7106,0
36959,533.89,13543.4124,17109.7106,0
36960,533.91,13543.4124,17109.7106,0
36964,534.05,13543.4124,17109.7106,0
36966,534.08,13543.4124,17109.7106,0
36967,534.08,13543.4124,17109.7106,0
36968,534.10,13545.2194,17109.7106,0
36969,534.12,13545.2194,17109.7106,0
36970,534.14,13545.2194,17109.7106,0
36973,534.20,13606.5559,17109.7106,0
36979,534.33,13606.5559,17109.7106,0
36981,534.35,13606.5559,17109.7106,0
36982,534.37,13606.5559,17109.7106,0
36992,534.41,13606.5559,17109.7106,0
36993,534.43,13606.5559,17109.7106,0
37012,534.46,13606.5559,17109.7106,0
37013,534.54,13606.5559,17109.7106,0
37016,534.55,13606.5559,17109.7106,0
37018,534.56,13606.5559,17109.7106,0
37019,534.57,13606.5559,17109.7106,0
37020,534.59,13610.7018,17109.7106,0
37021,534.61,13610.7018,17109.7106,0
37027,534.79,13610.7018,17109.7106,0
37029,534.82,13610.7018,17109.7106,0
37036,534.85,13610.7018,17109.7106,0
37041,534.93,13610.7265,17109.7106,0
37042,534.96,13610.7265,17109.7106,0
37043,534.98,13610.7265,17109.7106,0
37044,535.01,13610.7265,17109.7106,0
37046,535.04,13610.7265,17109.7106,0
37049,535.11,13610.7265,17109.7106,0
37051,535.17,13611.0553,17109.7106,0
37052,535.21,13611.0553,17109.7106,0
37059,535.39,13611.0553,17109.7106,0
37065,535.43,13611.0553,17109.7106,0
37068,535.45,13611.0553,17109.7106,0
37069,535.52,13611.0553,17109.7106,0
37073,535.55,13611.0553,17109.7106,0
37088,535.60,13611.0553,17109.7106,0
37094,535.64,13611.0553,17109.7106,0
37095,535.65,13611.0553,17109.7106,0
37099,535.69,13611.0553,17109.7106,0
37101,535.70,13611.0553,17109.7106,0
37107,535.74,13611.0553,17109.7106,0
37112,535.82,13611.0553,17109.7106,0
37113,535.82,13611.0553,17109.7106,0
37118,535.83,13611.0553,17109.7106,0
37128,535.86,13611.0553,17109.7106,0
37134,535.91,13612.8949,17109.7106,0
37138,536.02,13612.8949,17109.7106,0
37140,536.06,13612.8949,17109.7106,0
37141,536.06,13612.8949,17109.7106,0
37142,536.06,13612.8949,17109.7106,0
37143,536.06,13612.8949,17109.7106,0
37151,536.21,13612.8949,17109.7106,0
37159,536.25,13612.8949,17109.7106,0
37162,536.26,13612.8949,17109.7106,0
37163,536.30,13612.8949,17109.7106,0
37166,536.31,13612.8949,17109.7106,0
37171,536.35,13612.8949,17109.7106,0
37174,536.35,13612.8949,17109.7106,0
37175,536.35,13612.8949,17109.7106,0
37180,536.36,13612.8949,17109.7106,0
37188,536.41,13612.8949,17109.7106,0
37189,536.44,13612.8949,17109.7106,0
37196,536.46,13612.8949,17109.7106,0
37198,536.47,13612.8949,17109.7106,0
37202,536.48,13612.8949,17109.7106,0
37207,536.50,13612.8949,17109.7106,0
37210,536.52,13612.8949,17109.7106,0
37213,536.53,13612.8949,17109.7106,0
37216,536.55,13612.8949,17109.7106,0
37217,536.55,13612.8949,17109.7106,0
37218,536.55,13612.8949,17109.7106,0
37220,536.58,13612.8949,17109.7106,0
37222,536.60,13612.8949,17109.7106,0
37223,536.63,13612.8949,17109.7106,0
37224,536.66,13612.8949,17109.7106,0
37226,536.70,13625.9329,17109.7106,0
37227,536.71,13625.9329,17109.7106,0
37230,536.78,13625.9329,17109.7106,0
37232,536.83,13625.9329,17109.7106,0
37233,536.88,13625.9329,17109.7106,0
37234,536.91,13625.9329,17109.7106,0
37235,536.93,13625.9329,17109.7106,0
37237,536.96,13625.9329,17109.7106,0
37239,537.00,13625.9329,17109.7106,0
37240,537.04,13625.9329,17109.7106,0
37243,537.06,13625.9329,17109.7106,0
37244,537.08,13625.9329,17109.7106,0
37245,537.14,13625.9329,17109.7106,0
37247,537.14,13625.9329,17109.7106,0
37252,537.22,13625.9329,17109.7106,0
37253,537.26,13625.9329,17109.7106,0
37254,537.26,13625.9329,17109.7106,0
37256,537.34,13625.9329,17109.7106,0
37257,537.34,13625.9329,17109.7106,0
37258,537.34,13625.9329,17109.7106,0
37259,537.37,13625.9329,17109.7106,0
37260,537.39,13625.9329,17109.7106,0
37262,537.47,13625.9329,17109.7106,0
37263,537.53,13625.9329,17109.7106,0
37264,537.57,13625.9329,17109.7106,0
37265,537.57,13625.9329,17109.7106,0
37269,537.61,13625.9329,17109.7106,0
37273,537.72,13625.9329,17109.7106,0
37276,537.73,13625.9329,17109.7106,0
37277,537.73,13625.9329,17109.7106,0
37281,537.73,13625.9329,17109.7106,0
37283,537.75,13625.9329,17109.7106,0
37284,537.76,13625.9329,17109.7106,0
37285,537.76,13625.9329,17109.7106,0
37291,537.79,13625.9329,17109.7106,0
37292,537.83,13625.9329,17109.7106,0
37295,537.83,13625.9329,17109.7106,0
37297,537.88,13625.9329,17109.7106,0
37298,537.88,13625.9329,17109.7106,0
37299,537.91,13625.9329,17109.7106,0
37300,537.91,13625.9329,17109.7106,0
37301,537.91,13625.9329,17109.7106,0
37302,537.93,13625.9329,17109.7106,0
37303,537.93,13625.9329,17109.7106,0
37305,537.96,13625.9329,17109.7106,0
37306,537.98,13625.9329,17109.7106,0
37307,538.00,13625.9329,17109.7106,0
37308,538.00,13625.9329,17109.7106,0
37311,538.02,13625.9329,17109.7106,0
37312,538.02,13625.9329,17109.7106,0
37313,538.02,13625.9329,17109.7106,0
37314,538.04,13625.9329,17109.7106,0
37316,538.04,13625.9329,17109.7106,0
37317,538.06,13625.9329,17109.7106,0
37318,538.06,13625.9329,17109.7106,0
37320,538.06,13625.9329,17109.7106,0
37322,538.06,13625.9329,17109.7106,0
37323,538.08,13625.9329,17109.7106,0
37326,538.10,13625.9329,17109.7106,0
37327,538.10,13625.9329,17109.7106,1
37328,538.12,9564.6345,17109.7106,0
37329,538.13,9564.6345,17109.7106,0
37330,538.15,9564.6345,17109.7106,0
37331,538.16,9567.6661,17109.7106,0
37332,538.17,9567.6661,17109.7106,0
37333,538.19,9567.6661,17109.7106,0
37334,538.20,9567.6661,17109.7106,0
37335,538.21,9567.6661,17109.7106,0
37336,538.22,9625.7068,17109.7106,0
37337,538.24,9657.9645,17109.7106,0
37338,538.25,9659.4707,17109.7106,0
37339,538.26,9659.4707,17109.7106,0
37340,538.27,9805.9570,17109.7106,0
37341,538.28,10168.0481,17109.7106,0
37342,538.30,10168.0481,17109.7106,0
37343,538.31,10199.1379,17109.7106,0
37344,538.32,10322.0463,17109.7106,0
37345,538.34,10322.0463,17109.7106,0
37346,538.35,10322.0463,17109.7106,0
37347,538.36,10615.9930,17109.7106,0
37348,538.37,10615.9930,17109.7106,0
37349,538.39,10621.7252,17109.7106,0
37350,538.40,10901.2371,17109.7106,0
37352,538.42,11078.2999,17109.7106,0
37353,538.43,11078.2999,17109.7106,0
37355,538.44,11078.2999,17109.7106,0
37357,538.46,11155.3189,17109.7106,0
37358,538.47,11155.3189,17109.7106,0
37363,538.49,11166.8904,17109.7106,0
37364,538.50,11265.6333,17109.7106,0
37365,538.52,11430.5173,17109.7106,0
37366,538.53,11521.0731,17109.7106,0
37367,538.54,11521.0731,17109.7106,0
37368,538.56,11927.5401,17109.7106,0
37369,538.57,12139.5993,17109.7106,0
37370,538.59,12156.3054,17109.7106,0
37372,538.63,12271.0143,17109.7106,0
37374,538.67,12271.0143,17109.7106,0
37375,538.71,12284.0875,17109.7106,0
37377,538.75,12284.0875,17109.7106,0
37378,538.77,12284.0875,17109.7106,0
37379,538.80,12422.2207,17109.7106,0
37383,538.90,12445.6432,17109.7106,0
37385,538.94,12445.6432,17109.7106,0
37388,539.03,12493.2173,17109.7106,0
37389,539.05,12502.7905,17109.7106,0
37401,539.17,12502.7905,17109.7106,0
37402,539.20,12502.7905,17109.7106,0
37403,539.25,12502.7905,17109.7106,0
37404,539.27,12502.7905,17109.7106,0
37408,539.32,12502.7905,17109.7106,0
37410,539.38,12502.7905,17109.7106,0
37412,539.46,12508.6549,17109.7106,0
37413,539.53,12508.6549,17109.7106,0
37414,539.56,12508.6549,17109.7106,0
37415,539.57,12508.6549,17109.7106,0
37416,539.61,12521.6057,17109.7106,0
37418,539.66,12612.8209,17109.7106,0
37419,539.68,12612.8209,17109.7106,0
37420,539.71,12612.8209,17109.7106,0
37421,539.76,12673.3370,17109.7106,0
37426,539.83,12673.3370,17109.7106,0
37430,539.84,12673.3370,17109.7106,0
37434,539.89,12685.7062,17109.7106,0
37436,539.91,12686.8962,17109.7106,0
37438,539.97,12686.8962,17109.7106,0
37439,540.00,12686.8962,17109.7106,0
37442,540.09,12686.8962,17109.7106,0
37444,540.11,12686.8962,17109.7106,0
37445,540.11,12686.8962,17109.7106,0
37446,540.14,12731.8474,17109.7106,0
37452,540.19,12731.8474,17109.7106,0
37455,540.25,12731.8474,17109.7106,0
37458,540.35,12731.8474,17109.7106,0
37460,540.43,12731.8474,17109.7106,0
37462,540.47,12783.6015,17109.7106,0
37463,540.49,12783.6015,17109.7106,0
37466,540.51,12783.6015,17109.7106,0
37467,540.52,12784.8756,17109.7106,0
37468,540.54,12846.5417,17109.7106,0
37471,540.60,12846.5417,17109.7106,0
37472,540.64,12860.2224,17109.7106,0
37473,540.65,12972.7151,17109.7106,0
37475,540.68,12972.7151,17109.7106,0
37479,540.74,12972.7151,17109.7106,0
37482,540.78,12972.7151,17109.7106,0
37484,540.80,12972.7151,17109.7106,0
37488,540.86,12972.7151,17109.7106,0
37495,540.91,12977.2184,17109.7106,0
37497,540.98,13000.4857,17109.7106,0
37499,541.00,13000.4857,17109.7106,0
37501,541.02,13000.4857,17109.7106,0
37508,541.12,13000.4857,17109.7106,0
37513,541.16,13000.4857,17109.7106,0
37514,541.20,13000.4857,17109.7106,0
37517,541.27,13035.0973,17109.7106,0
37518,541.29,13219.1121,17109.7106,0
37519,541.34,13219.1121,17109.7106,0
37520,541.41,13396.6939,17109.7106,0
37523,541.45,13396.6939,17109.7106,0
37524,541.47,13396.6939,17109.7106,0
37532,541.60,13396.6939,17109.7106,0
37538,541.65,13396.6939,17109.7106,0
37540,541.69,13396.6939,17109.7106,0
37545,541.80,13396.6939,17109.7106,0
37548,541.92,13396.6939,17109.7106,0
37550,541.94,13396.6939,17109.7106,0
37551,541.96,13396.6939,17109.7106,0
37552,541.96,13396.6939,17109.7106,0
37553,542.04,13470.1232,17109.7106,0
37554,542.06,13517.8639,17109.7106,0
37558,542.13,13517.8639,17109.7106,0
37559,542.18,13517.8639,17109.7106,0
37561,542.20,13517.8639,17109.7106,0
37569,542.26,13517.8639,17109.7106,0
37571,542.31,13518.2780,17109.7106,0
37573,542.36,13528.0625,17109.7106,0
37576,542.47,13528.0625,17109.7106,0
37578,542.50,13528.0625,17109.7106,0
37585,542.65,13528.0625,17109.7106,0
37586,542.69,13528.0625,17109.7106,0
37589,542.76,13528.0625,17109.7106,0
37592,542.84,13528.0625,17109.7106,0
37593,542.84,13528.0625,17109.7106,0
37596,542.92,13528.0625,17109.7106,0
37599,542.94,13528.0625,17109.7106,0
37601,543.02,13528.0625,17109.7106,0
37604,543.06,13528.0625,17109.7106,0
37608,543.08,13528.0625,17109.7106,0
37613,543.11,13528.0625,17109.7106,0
37616,543.14,13528.0625,17109.7106,0
37617,543.15,13528.0625,17109.7106,0
37618,543.15,13528.0625,17109.7106,0
37621,543.16,13528.0625,17109.7106,0
37626,543.20,13528.0625,17109.7106,0
37628,543.23,13530.0953,17109.7106,0
37631,543.29,13530.0953,17109.7106,0
37633,543.29,13530.0953,17109.7106,0
37635,543.34,13530.0953,17109.7106,0
37651,543.50,13530.0953,17109.7106,0
37654,543.55,13530.0953,17109.7106,0
37661,543.59,13530.0953,17109.7106,0
37662,543.62,13530.0953,17109.7106,0
37665,543.66,13530.0953,17109.7106,0
37666,543.66,13530.0953,17109.7106,0
37667,543.67,13530.0953,17109.7106,0
37670,543.71,13530.0953,17109.7106,0
37672,543.73,13530.0953,17109.7106,0
37673,543.73,13530.0953,17109.7106,0
37683,543.79,13530.0953,17109.7106,0
37686,543.79,13530.0953,17109.7106,0
37688,543.83,13531.3407,17109.7106,0
37689,543.85,13557.8896,17109.7106,0
37705,544.01,13557.8896,17109.7106,0
37713,544.05,13557.8896,17109.7106,0
37718,544.09,13557.8896,17109.7106,0
37722,544.21,13557.8896,17109.7106,0
37727,544.30,13557.8896,17109.7106,0
37730,544.36,13557.8896,17109.7106,0
37734,544.40,13557.8896,17109.7106,0
37737,544.42,13557.8896,17109.7106,0
37741,544.44,13557.8896,17109.7106,0
37747,544.52,13557.8896,17109.7106,0
37749,544.58,13557.8896,17109.7106,0
37751,544.59,13557.8896,17109.7106,0
37754,544.60,13557.8896,17109.7106,0
37763,544.67,13557.8896,17109.7106,0
37769,544.73,13560.1140,17109.7106,0
37771,544.79,13560.1140,17109.7106,0
37773,544.84,13560.1140,17109.7106,0
37781,544.90,13560.1140,17109.7106,0
37783,544.93,13560.1140,17109.7106,0
37787,545.01,13560.1140,17109.7106,0
37788,545.01,13560.1140,17109.7106,0
37789,545.01,13560.1140,17109.7106,0
37799,545.14,13560.1140,17109.7106,0
37803,545.19,13560.1140,17109.7106,0
37812,545.22,13560.1140,17109.7106,0
37814,545.23,13560.1140,17109.7106,0
37815,545.23,13560.1140,17109.7106,0
37817,545.24,13560.1140,17109.7106,0
37822,545.27,13560.1140,17109.7106,0
37823,545.28,13560.1140,17109.7106,0
37831,545.30,13560.1140,17109.7106,0
37835,545.30,13560.1140,17109.7106,0
37836,545.33,13563.9612,17109.7106,0
37837,545.34,13563.9612,17109.7106,0
37847,545.52,13638.3888,17109.7106,0
37849,545.60,13638.3888,17109.7106,0
37850,545.64,13638.3888,17109.7106,0
37851,545.66,13638.3888,17109.7106,0
37855,545.68,13638.3888,17109.7106,0
37856,545.74,13638.3888,17109.7106,0
37859,545.79,13638.3888,17109.7106,0
37861,545.81,13717.8493,17109.7106,0
37862,545.83,13717.8493,17109.7106,0
37866,545.90,13717.8493,17109.7106,0
37869,545.96,13717.8493,17109.7106,0
37875,546.02,13717.8493,17109.7106,0
37876,546.04,13717.8493,17109.7106,0
37880,546.08,13717.8493,17109.7106,0
37882,546.12,13717.8493,17109.7106,0
37885,546.14,13717.8493,17109.7106,0
37886,546.14,13717.8493,17109.7106,0
37887,546.19,13717.8493,17109.7106,0
37889,546.20,13717.8493,17109.7106,0
37890,546.20,13717.8493,17109.7106,0
37892,546.24,13717.8493,17109.7106,0
37894,546.25,13717.8493,17109.7106,0
37896,546.25,13717.8493,17109.7106,0
37899,546.25,13717.8493,17109.7106,0
37901,546.26,13717.8493,17109.7106,0
37903,546.26,13717.8493,17109.7106,0
37905,546.26,13717.8493,17109.7106,0
37906,546.26,13717.8493,17109.7106,0
37914,546.40,13717.8493,17109.7106,0
37916,546.43,13717.8493,17109.7106,0
37920,546.47,13717.8493,17109.7106,0
37923,546.47,13717.8493,17109.7106,0
37925,546.47,13717.8493,17109.7106,0
37934,546.61,13717.8493,17109.7106,0
37940,546.64,13717.8493,17109.7106,0
37944,546.69,13717.8493,17109.7106,0
37955,546.78,13717.8493,17109.7106,0
37956,546.79,13717.8493,17109.7106,0
37957,546.81,13718.6953,17109.7106,0
37960,546.87,13718.6953,17109.7106,0
37962,546.95,13718.6953,17109.7106,0
37964,546.99,13718.6953,17109.7106,0
37966,547.07,13718.6953,17109.7106,0
37968,547.12,13718.6953,17109.7106,0
37970,547.14,13718.6953,17109.7106,0
37971,547.16,13718.6953,17109.7106,0
37973,547.19,13718.6953,17109.7106,0
37975,547.21,13718.6953,17109.7106,0
37977,547.28,13718.6953,17109.7106,0
37980,547.28,13718.6953,17109.7106,0
37984,547.30,13718.6953,17109.7106,0
37985,547.37,13718.6953,17109.7106,0
37988,547.39,13718.6953,17109.7106,0
37989,547.41,13718.6953,17109.7106,0
37990,547.41,13718.6953,17109.7106,0
37991,547.41,13718.6953,17109.7106,0
37993,547.42,13718.6953,17109.7106,0
37996,547.44,13718.6953,17109.7106,0
37998,547.45,13718.6953,17109.7106,0
38001,547.47,13718.6953,17109.7106,0
38007,547.50,13718.6953,17109.7106,0
38011,547.53,13718.6953,17109.7106,0
38014,547.56,13718.6953,17109.7106,0
38015,547.56,13718.6953,17109.7106,0
38018,547.57,13718.6953,17109.7106,0
38027,547.62,13718.6953,17109.7106,0
38030,547.65,13718.6953,17109.7106,0
38031,547.65,13718.6953,17109.7106,0
38044,547.69,13718.6953,17109.7106,0
38046,547.71,13718.6953,17109.7106,0
38048,547.71,13718.6953,17109.7106,0
38051,547.78,13731.7616,17109.7106,0
38054,547.80,13731.7616,17109.7106,0
38055,547.85,13731.7616,17109.7106,0
38058,547.96,13731.7616,17109.7106,0
38064,548.07,13731.7616,17109.7106,0
38065,548.14,13731.7616,17109.7106,0
38067,548.16,13731.7616,17109.7106,0
38070,548.20,13731.7616,17109.7106,0
38071,548.20,13731.7616,17109.7106,0
38072,548.20,13731.7616,17109.7106,0
38076,548.23,13731.7616,17109.7106,0
38077,548.23,13731.7616,17109.7106,0
38079,548.24,13731.7616,17109.7106,0
38086,548.28,13731.7616,17109.7106,0
38097,548.36,13731.7616,17109.7106,0
38104,548.46,13731.7616,17109.7106,0
38108,548.53,13731.7616,17109.7106,0
38111,548.53,13731.7616,17109.7106,0
38112,548.53,13731.7616,17109.7106,0
38114,548.53,13731.7616,17109.7106,0
38121,548.56,13731.7616,17109.7106,0
38126,548.61,13731.7616,17109.7106,0
38127,548.61,13731.7616,17109.7106,0
38133,548.62,13731.7616,17109.7106,0
38136,548.63,13731.7616,17109.7106,0
38139,548.65,13731.7616,17109.7106,0
38142,548.65,13731.7616,17109.7106,0
38143,548.65,13731.7616,17109.7106,0
38145,548.65,13731.7616,17109.7106,0
38151,548.67,13731.7616,17109.7106,0
38152,548.67,13731.7616,17109.7106,1
38153,548.69,9875.7667,17109.7106,0
38154,548.70,9875.7667,17109.7106,0
38155,548.71,9921.2397,17109.7106,0
38156,548.72,9921.2397,17109.7106,0
38157,548.73,9921.2397,17109.7106,0
38158,548.74,9921.2397,17109.7106,0
38159,548.75,9934.9375,17109.7106,0
38160,548.76,9947.3709,17109.7106,0
38161,548.81,9947.3709,17109.7106,0
38162,548.82,10044.2331,17109.7106,0
38163,548.83,10044.2331,17109.7106,0
38164,548.84,10070.8852,17109.7106,0
38165,548.85,10070.8852,17109.7106,0
38166,548.87,10070.8852,17109.7106,0
38167,548.88,10070.8852,17109.7106,0
38168,548.89,10070.8852,17109.7106,0
38169,548.90,10070.8852,17109.7106,0
38170,548.91,10276.9491,17109.7106,0
38171,548.92,10289.5050,17109.7106,0
38172,548.93,10307.9383,17109.7106,0
38173,548.95,10307.9383,17109.7106,0
38174,548.96,10307.9383,17109.7106,0
38175,548.97,10328.0411,17109.7106,0
38176,548.98,10436.6655,17109.7106,0
38177,548.99,10436.6655,17109.7106,0
38178,549.01,10636.2012,17109.7106,0
38179,549.02,10636.2012,17109.7106,0
38180,549.03,10636.2012,17109.7106,0
38181,549.04,10636.2012,17109.7106,0
38182,549.06,10636.2012,17109.7106,0
38183,549.07,10896.9905,17109.7106,0
38184,549.08,10896.9905,17109.7106,0
38185,549.09,10985.9880,17109.7106,0
38186,549.11,11038.3906,17109.7106,0
38187,549.12,11038.3906,17109.7106,0
38188,549.13,11079.6241,17109.7106,0
38189,549.15,11079.6241,17109.7106,0
38190,549.16,11140.0116,17109.7106,0
38191,549.17,11147.7033,17109.7106,0
38193,549.19,11147.7033,17109.7106,0
38194,549.20,11147.7033,17109.7106,0
38195,549.21,11147.7033,17109.7106,0
38196,549.23,11147.7033,17109.7106,0
38198,549.25,11228.7360,17109.7106,0
38200,549.26,11232.1712,17109.7106,0
38201,549.27,11281.2181,17109.7106,0
38202,549.29,11295.7659,17109.7106,0
38204,549.30,11461.1154,17109.7106,0
38205,549.31,11461.1154,17109.7106,0
38206,549.33,11461.1154,17109.7106,0
38207,549.34,11481.2909,17109.7106,0
38208,549.36,11481.2909,17109.7106,0
38209,549.37,11481.2909,17109.7106,0
38210,549.38,11499.9934,17109.7106,0
38211,549.40,11702.6441,17109.7106,0
38213,549.41,11779.1224,17109.7106,0
38215,549.43,11794.3261,17109.7106,0
38216,549.45,11794.7760,17109.7106,0
38217,549.48,11794.7760,17109.7106,0
38223,549.54,11794.7760,17109.7106,0
38224,549.54,11794.7760,17109.7106,0
38225,549.57,11794.7760,17109.7106,0
38226,549.59,11794.7760,17109.7106,0
38227,549.59,11794.7760,17109.7106,0
38229,549.60,11794.7760,17109.7106,0
38230,549.62,11939.6209,17109.7106,0
38232,549.64,11939.6209,17109.7106,0
38236,549.65,11947.5185,17109.7106,0
38237,549.67,11947.5185,17109.7106,0
38239,549.68,11947.5185,17109.7106,0
38240,549.70,11947.5185,17109.7106,0
38241,549.72,11947.5185,17109.7106,0
38242,549.73,11947.5185,17109.7106,0
38243,549.75,11947.5185,17109.7106,0
38245,549.77,12096.1092,17109.7106,0
38246,549.78,12096.1092,17109.7106,0
38247,549.80,12096.1092,17109.7106,0
38251,549.82,12096.1092,17109.7106,0
38254,549.86,12124.3226,17109.7106,0
38259,549.90,12124.3226,17109.7106,0
38260,549.92,12130.2612,17109.7106,0
38261,549.95,12130.2612,17109.7106,0
38265,549.99,12219.2289,17109.7106,0
38267,550.15,12274.7775,17109.7106,0
38269,550.23,12401.3017,17109.7106,0
38271,550.27,12416.7867,17109.7106,0
38277,550.47,12416.7867,17109.7106,0
38279,550.51,12416.7867,17109.7106,0
38283,550.63,12416.7867,17109.7106,0
38285,550.66,12416.7867,17109.7106,0
38286,550.68,12416.7867,17109.7106,0
38287,550.72,12416.7867,17109.7106,0
38288,550.73,12416.7867,17109.7106,0
38290,550.80,12416.7867,17109.7106,0
38291,550.80,12416.7867,17109.7106,0
38293,550.81,12416.7867,17109.7106,0
38295,550.85,12416.7867,17109.7106,0
38296,550.87,12472.7252,17109.7106,0
38299,550.96,12472.7252,17109.7106,0
38302,551.04,12682.0125,17109.7106,0
38306,551.13,12682.0125,17109.7106,0
38312,551.34,12682.0125,17109.7106,0
38313,551.36,12682.0125,17109.7106,0
38319,551.54,12682.0125,17109.7106,0
38320,551.55,12723.1726,17109.7106,0
38330,551.81,12723.1726,17109.7106,0
38345,552.09,12723.1726,17109.7106,0
38353,552.20,12723.1726,17109.7106,0
38357,552.34,12754.9781,17109.7106,0
38361,552.42,12794.0504,17109.7106,0
38363,552.46,12794.0504,17109.7106,0
38367,552.49,12794.0504,17109.7106,0
38372,552.58,12794.0504,17109.7106,0
38396,552.79,12800.4559,17109.7106,0
38397,552.80,12800.4559,17109.7106,0
38400,552.84,12800.4559,17109.7106,0
38401,552.86,12800.4559,17109.7106,0
38405,552.90,12800.4559,17109.7106,0
38407,552.94,12861.6584,17109.7106,0
38409,552.96,12874.1871,17109.7106,0
38411,553.02,12934.1143,17109.7106,0
38412,553.07,12934.1143,17109.7106,0
38413,553.07,12934.1143,17109.7106,0
38415,553.08,12934.1143,17109.7106,0
38418,553.11,12959.1031,17109.7106,0
38424,553.20,12959.1031,17109.7106,0
38430,553.24,12960.7855,17109.7106,0
38438,553.28,12960.7855,17109.7106,0
38441,553.31,12960.7855,17109.7106,0
38442,553.33,12960.7855,17109.7106,0
38444,553.42,12960.7855,17109.7106,0
38447,553.46,12960.7855,17109.7106,0
38448,553.46,12960.7855,17109.7106,0
38451,553.55,12962.1312,17109.7106,0
38455,553.60,12965.3242,17109.7106,0
38456,553.62,13076.6554,17109.7106,0
38457,553.65,13076.6554,17109.7106,0
38460,553.67,13076.6554,17109.7106,0
38464,553.74,13076.6554,17109.7106,0
38465,553.76,13076.6554,17109.7106,0
38466,553.82,13076.6554,17109.7106,0
38467,553.84,13076.6554,17109.7106,0
38468,553.85,13076.6554,17109.7106,0
38469,553.87,13076.6554,17109.7106,0
38471,553.91,13078.4934,17109.7106,0
38474,553.95,13079.9220,17109.7106,0
38475,553.99,13079.9220,17109.7106,0
38478,554.02,13079.9220,17109.7106,0
38485,554.08,13079.9220,17109.7106,0
38486,554.14,13079.9220,17109.7106,0
38487,554.15,13079.9220,17109.7106,0
38488,554.17,13079.9220,17109.7106,0
38491,554.23,13079.9220,17109.7106,0
38495,554.27,13079.9220,17109.7106,0
38497,554.34,13079.9220,17109.7106,0
38500,554.38,13079.9220,17109.7106,0
38503,554.42,13080.8232,17109.7106,0
38504,554.44,13305.9510,17109.7106,0
38514,554.59,13305.9510,17109.7106,0
38517,554.61,13305.9510,17109.7106,0
38518,554.62,13305.9510,17109.7106,0
38519,554.63,13305.9510,17109.7106,0
38521,554.66,13305.9510,17109.7106,0
38525,554.72,13305.9510,17109.7106,0
38532,554.79,13305.9510,17109.7106,0
38538,554.95,13305.9510,17109.7106,0
38546,555.00,13305.9510,17109.7106,0
38547,555.06,13305.9510,17109.7106,0
38548,555.06,13305.9510,17109.7106,0
38549,555.11,13305.9510,17109.7106,0
38550,555.11,13305.9510,17109.7106,0
38555,555.18,13305.9510,17109.7106,0
38563,555.19,13305.9510,17109.7106,0
38565,555.20,13305.9510,17109.7106,0
38567,555.21,13305.9510,17109.7106,0
38594,555.35,13305.9510,17109.7106,0
38596,555.36,13305.9510,17109.7106,0
38600,555.37,13305.9510,17109.7106,0
38605,555.40,13305.9510,17109.7106,1
38606,555.42,9606.3801,17109.7106,0
38607,555.43,9751.3456,17109.7106,0
38608,555.44,9832.1014,17109.7106,0
38609,555.45,9953.7943,17109.7106,0
38610,555.47,9953.7943,17109.7106,0
38611,555.48,9953.7943,17109.7106,0
38612,555.49,9958.6130,17109.7106,0
38613,555.51,9965.0044,17109.7106,0
38614,555.57,9965.0044,17109.7106,0
38615,555.60,9965.0044,17109.7106,0
38616,555.63,10196.2248,17109.7106,0
38619,555.75,10209.7653,17109.7106,0
38620,555.76,10209.7653,17109.7106,0
38621,555.78,10217.3451,17109.7106,0
38622,555.82,10217.3451,17109.7106,0
38623,555.84,10217.3451,17109.7106,0
38624,555.87,10227.5574,17109.7106,0
38625,555.90,10227.5574,17109.7106,0
38626,555.93,10227.5574,17109.7106,0
38627,555.94,10268.6140,17109.7106,0
38628,555.97,10307.8017,17109.7106,0
38629,555.99,10466.8272,17109.7106,0
38630,556.01,10466.8272,17109.7106,0
38642,556.23,10466.8272,17109.7106,0
38643,556.25,10466.8272,17109.7106,0
38645,556.29,10663.6851,17109.7106,0
38646,556.32,10663.6851,17109.7106,0
38650,556.39,10663.6851,17109.7106,0
38651,556.42,10663.6851,17109.7106,0
38653,556.48,10663.6851,17109.7106,0
38654,556.49,10663.6851,17109.7106,0
38658,556.53,10663.6851,17109.7106,0
38665,556.70,10663.6851,17109.7106,0
38667,556.74,10663.6851,17109.7106,0
38669,556.78,10663.6851,17109.7106,0
38670,556.82,10663.6851,17109.7106,0
38671,556.83,10663.6851,17109.7106,0
38673,556.85,10663.6851,17109.7106,0
38676,556.93,10672.2488,17109.7106,0
38677,556.97,10672.2488,17109.7106,0
38679,557.05,10716.2692,17109.7106,0
38680,557.06,10716.2692,17109.7106,0
38681,557.09,10716.2692,17109.7106,0
38683,557.12,10716.2692,17109.7106,0
38684,557.18,10716.2692,17109.7106,0
38687,557.23,10716.2692,17109.7106,0
38688,557.27,10716.2692,17109.7106,0
38689,557.28,10716.2692,17109.7106,0
38691,557.35,10716.2692,17109.7106,0
38692,557.37,10720.5850,17109.7106,0
38693,557.39,10720.5850,17109.7106,0
38694,557.41,10720.5850,17109.7106,0
38696,557.46,10770.3618,17109.7106,0
38697,557.47,10770.3618,17109.7106,0
38698,557.48,10770.3618,17109.7106,0
38699,557.49,10916.2409,17109.7106,0
38700,557.55,10916.2409,17109.7106,0
38701,557.56,10916.2409,17109.7106,0
38703,557.60,10916.2409,17109.7106,0
38704,557.61,10950.8011,17109.7106,0
38706,557.67,11060.4497,17109.7106,0
38707,557.71,11129.8840,17109.7106,0
38708,557.77,11129.9117,17109.7106,0
38710,557.82,11129.9117,17109.7106,0
38712,557.87,11129.9117,17109.7106,0
38713,557.88,11129.9117,17109.7106,0
38714,557.90,11158.9975,17109.7106,0
38718,557.94,11158.9975,17109.7106,0
38721,558.01,11158.9975,17109.7106,0
38722,558.03,11205.4218,17109.7106,0
38723,558.06,11205.4218,17109.7106,0
38724,558.09,11226.7160,17109.7106,0
38725,558.15,11345.2104,17109.7106,0
38729,558.26,11459.2086,17109.7106,0
38730,558.28,11501.2082,17109.7106,0
38731,558.29,11698.5452,17109.7106,0
38732,558.35,11863.9784,17109.7106,0
38733,558.38,11928.0484,17109.7106,0
38736,558.46,11928.0484,17109.7106,0
38741,558.68,11928.0484,17109.7106,0
38748,558.81,11928.0484,17109.7106,0
38763,559.16,12012.4355,17109.7106,0
38768,559.30,12055.8450,17109.7106,0
38774,559.46,12055.8450,17109.7106,0
38780,559.61,12081.8621,17109.7106,0
38781,559.64,12081.8621,17109.7106,0
38782,559.66,12081.8621,17109.7106,0
38783,559.68,12137.7755,17109.7106,0
38784,559.72,12192.1126,17109.7106,0
38788,559.79,12192.1126,17109.7106,0
38798,560.15,12288.0556,17109.7106,0
38804,560.31,12359.2053,17109.7106,0
38806,560.39,12364.5891,17109.7106,0
38811,561.01,12364.5891,17109.7106,0
38813,561.07,12364.5891,17109.7106,0
38814,561.12,12403.1301,17109.7106,0
38815,561.16,12403.1301,17109.7106,0
38816,561.28,12442.6873,17109.7106,0
38817,561.35,12443.9368,17109.7106,0
38819,561.53,12443.9368,17109.7106,0
38826,561.80,12532.7911,17109.7106,0
38828,561.87,12532.7911,17109.7106,0
38829,561.95,12532.7911,17109.7106,0
38834,562.07,12532.7911,17109.7106,0
38848,562.36,12540.3251,17109.7106,0
38857,562.60,12540.3251,17109.7106,0
38860,562.68,12754.9706,17109.7106,0
38862,562.74,12754.9706,17109.7106,0
38864,562.83,12754.9706,17109.7106,0
38887,563.45,12754.9706,17109.7106,0
38890,563.53,12754.9706,17109.7106,0
38894,563.65,12754.9706,17109.7106,0
38898,563.73,12754.9706,17109.7106,0
38909,563.91,12754.9706,17109.7106,0
38921,564.04,12754.9706,17109.7106,0
38923,564.12,12759.6087,17109.7106,0
38927,564.23,12844.2685,17109.7106,0
38935,564.53,12870.5754,17109.7106,0
38936,564.55,12875.6273,17109.7106,0
38938,564.60,12875.6273,17109.7106,0
38957,565.12,12921.0944,17109.7106,0
38960,565.20,12948.4768,17109.7106,0
38963,565.30,12948.4768,17109.7106,0
38964,565.36,13119.7775,17109.7106,0
38973,565.61,13226.0100,17109.7106,0
38977,565.72,13252.0600,17109.7106,0
38981,565.83,13254.9906,17109.7106,0
38984,565.92,13254.9906,17109.7106,0
38996,566.31,13254.9906,17109.7106,0
39002,566.49,13254.9906,17109.7106,0
39004,566.57,13291.1830,17109.7106,0
39007,566.64,13291.1830,17109.7106,0
39010,566.70,13291.1830,17109.7106,0
39028,567.07,13291.1830,17109.7106,0
39033,567.20,13291.1830,17109.7106,0
39041,567.28,13291.1830,17109.7106,0
39061,567.48,13291.1830,17109.7106,0
39066,567.56,13291.1830,17109.7106,0
39072,567.71,13308.0858,17109.7106,0
39073,567.75,13308.0858,17109.7106,0
39081,567.97,13413.3369,17109.7106,0
39099,568.32,13413.3369,17109.7106,0
39101,568.38,13413.3369,17109.7106,0
39108,568.48,13413.3369,17109.7106,0
39117,568.65,13413.3369,17109.7106,0
39131,568.88,13413.3369,17109.7106,0
39136,569.01,13413.3369,17109.7106,0
39156,569.20,13413.3369,17109.7106,0
39157,569.20,13413.3369,17109.7106,0
39159,569.20,13413.3369,17109.7106,0
39161,569.26,13419.6833,17109.7106,0
39172,569.61,13419.6833,17109.7106,0
39174,569.63,13419.6833,17109.7106,0
39182,569.74,13419.6833,17109.7106,0
39192,569.95,13419.6833,17109.7106,0
39194,570.02,13419.6833,17109.7106,0
39207,570.31,13419.6833,17109.7106,0
39230,570.64,13419.6833,17109.7106,0
39244,570.65,13419.6833,17109.7106,0
39251,570.76,13419.6833,17109.7106,0
39252,570.78,13419.6833,17109.7106,0
39255,570.79,13419.6833,17109.7106,0
39262,570.79,13419.6833,17109.7106,1
39263,570.81,9611.4882,17109.7106,0
39264,570.82,9939.8240,17109.7106,0
39265,570.83,9939.8240,17109.7106,0
39266,570.84,9939.8240,17109.7106,0
39267,570.85,9955.9043,17109.7106,0
39268,570.86,9955.9043,17109.7106,0
39269,570.88,9955.9043,17109.7106,0
39270,570.89,10011.3071,17109.7106,0
39271,570.90,10011.3071,17109.7106,0
39272,570.91,10011.3071,17109.7106,0
39273,570.91,10011.3071,17109.7106,0
39274,570.92,10042.1922,17109.7106,0
39275,570.93,10042.1922,17109.7106,0
39276,570.94,10042.1922,17109.7106,0
39277,570.95,10042.1922,17109.7106,0
39278,570.96,10042.1922,17109.7106,0
39279,570.97,10049.9029,17109.7106,0
39280,570.98,10049.9029,17109.7106,0
39281,571.00,10049.9029,17109.7106,0
39282,571.00,10049.9029,17109.7106,0
39283,571.01,10049.9029,17109.7106,0
39284,571.02,10049.9029,17109.7106,0
39285,571.03,10072.4811,17109.7106,0
39286,571.04,10072.4811,17109.7106,0
39287,571.05,10072.4811,17109.7106,0
39288,571.06,10072.4811,17109.7106,0
39289,571.07,10072.4811,17109.7106,0
39290,571.08,10072.4811,17109.7106,0
39291,571.09,10072.4811,17109.7106,0
39292,571.10,10072.4811,17109.7106,0
39293,571.10,10072.4811,17109.7106,0
39294,571.11,10072.4811,17109.7106,0
39295,571.12,10077.6019,17109.7106,0
39296,571.13,10083.2101,17109.7106,0
39297,571.13,10083.2101,17109.7106,0
39298,571.14,10083.2101,17109.7106,0
39299,571.15,10108.3763,17109.7106,0
39300,571.16,10208.0506,17109.7106,0
39301,571.18,10539.0527,17109.7106,0
39302,571.20,10539.0527,17109.7106,0
39303,571.21,10692.1348,17109.7106,0
39304,571.23,10692.1348,17109.7106,0
39305,571.24,10692.1348,17109.7106,0
39306,571.25,10695.3833,17109.7106,0
39307,571.27,10786.8001,17109.7106,0
39308,571.28,10844.7510,17109.7106,0
39309,571.29,11129.2134,17109.7106,0
39310,571.30,11273.7188,17109.7106,0
39311,571.32,11388.9846,17109.7106,0
39312,571.33,11388.9846,17109.7106,0
39313,571.35,11388.9846,17109.7106,0
39314,571.36,11388.9846,17109.7106,0
39315,571.37,11410.3552,17109.7106,0
39316,571.38,11410.3552,17109.7106,0
39317,571.40,11467.7064,17109.7106,0
39318,571.41,11467.7064,17109.7106,0
39319,571.42,11486.1744,17109.7106,0
39320,571.44,11587.5886,17109.7106,0
39321,571.45,11587.5886,17109.7106,0
39322,571.46,11587.5886,17109.7106,0
39323,571.47,11680.4969,17109.7106,0
39324,571.49,11681.0124,17109.7106,0
39326,571.50,11878.4616,17109.7106,0
39327,571.51,11886.2690,17109.7106,0
39328,571.52,11886.2690,17109.7106,0
39329,571.53,12095.2061,17109.7106,0
39330,571.55,12161.7798,17109.7106,0
39331,571.56,12175.2985,17109.7106,0
39332,571.57,12175.2985,17109.7106,0
39333,571.58,12225.9371,17109.7106,0
39334,571.60,12225.9371,17109.7106,0
39335,571.61,12294.0248,17109.7106,0
39336,571.62,12403.5613,17109.7106,0
39337,571.64,12411.0169,17109.7106,0
39338,571.65,12414.2344,17109.7106,0
39339,571.66,12414.2344,17109.7106,0
39340,571.68,12617.3961,17109.7106,0
39341,571.69,12617.3961,17109.7106,0
39342,571.71,12744.1187,17109.7106,0
39343,571.72,12744.1187,17109.7106,0
39344,571.79,12765.9237,17109.7106,0
39345,571.82,12765.9237,17109.7106,0
39347,571.88,12765.9237,17109.7106,0
39348,571.91,12768.1259,17109.7106,0
39350,572.00,12964.7960,17109.7106,0
39351,572.05,12964.7960,17109.7106,0
39353,572.09,12964.7960,17109.7106,0
39354,572.09,12964.7960,17109.7106,0
39355,572.13,12971.2448,17109.7106,0
39357,572.22,12971.2448,17109.7106,0
39358,572.24,12971.2448,17109.7106,0
39359,572.28,12971.2448,17109.7106,0
39360,572.31,12971.2448,17109.7106,0
39361,572.34,12971.2448,17109.7106,0
39363,572.36,12971.2448,17109.7106,0
39364,572.39,12976.1283,17109.7106,0
39365,572.45,13048.4368,17109.7106,0
39366,572.48,13048.4368,17109.7106,0
39367,572.48,13048.4368,17109.7106,0
39368,572.53,13048.4368,17109.7106,0
39369,572.60,13057.1574,17109.7106,0
39370,572.63,13107.2285,17109.7106,0
39373,572.70,13107.2285,17109.7106,0
39375,572.78,13107.2285,17109.7106,0
39377,572.84,13107.2285,17109.7106,0
39378,572.84,13107.2285,17109.7106,0
39379,572.86,13107.2285,17109.7106,0
39380,572.88,13114.6784,17109.7106,0
39381,572.89,13114.6784,17109.7106,0
39384,572.96,13114.6784,17109.7106,0
39386,573.02,13114.6784,17109.7106,0
39387,573.02,13114.6784,17109.7106,0
39388,573.09,13114.6784,17109.7106,0
39389,573.09,13114.6784,17109.7106,0
39392,573.15,13114.6784,17109.7106,0
39394,573.21,13114.6784,17109.7106,0
39395,573.22,13116.3581,17109.7106,0
39398,573.30,13116.3581,17109.7106,0
39404,573.48,13116.3581,17109.7106,0
39405,573.51,13116.3581,17109.7106,0
39406,573.54,13121.8876,17109.7106,0
39408,573.59,13121.8876,17109.7106,0
39412,573.71,13121.8876,17109.7106,0
39413,573.71,13121.8876,17109.7106,0
39414,573.73,13121.8876,17109.7106,0
39415,573.74,13123.3691,17109.7106,0
39416,573.77,13123.3691,17109.7106,0
39419,573.85,13123.3691,17109.7106,0
39420,573.87,13123.3691,17109.7106,0
39422,573.94,13124.5151,17109.7106,0
39426,574.04,13125.9011,17109.7106,0
39429,574.10,13125.9011,17109.7106,0
39434,574.23,13125.9011,17109.7106,0
39436,574.27,13125.9011,17109.7106,0
39442,574.38,13125.9011,17109.7106,0
39444,574.45,13130.6781,17109.7106,0
39448,574.54,13130.6781,17109.7106,0
39451,574.57,13130.6781,17109.7106,0
39452,574.57,13130.6781,17109.7106,0
39456,574.66,13130.6781,17109.7106,0
39457,574.67,13130.6781,17109.7106,0
39458,574.67,13130.6781,17109.7106,0
39465,574.83,13538.5046,17109.7106,0
39466,574.84,13538.5046,17109.7106,0
39467,574.87,13540.3599,17109.7106,0
39468,574.89,13540.3599,17109.7106,0
39469,574.92,13659.5952,17109.7106,0
39470,574.94,13659.5952,17109.7106,0
39474,575.04,13659.5952,17109.7106,0
39477,575.13,13659.5952,17109.7106,0
39478,575.15,13682.9824,17109.7106,0
39480,575.21,13682.9824,17109.7106,0
39482,575.25,13682.9824,17109.7106,0
39486,575.33,13682.9824,17109.7106,0
39498,575.53,13682.9824,17109.7106,0
39499,575.56,13682.9824,17109.7106,0
39501,575.57,13682.9824,17109.7106,0
39502,575.59,13682.9824,17109.7106,0
39504,575.61,13682.9824,17109.7106,0
39508,575.62,13682.9824,17109.7106,0
39520,575.74,13682.9824,17109.7106,0
39522,575.84,13682.9824,17109.7106,0
39527,575.96,13682.9824,17109.7106,0
39529,575.96,13682.9824,17109.7106,0
39530,575.98,13682.9824,17109.7106,0
39533,576.00,13685.7615,17109.7106,0
39534,576.03,13685.7615,17109.7106,0
39535,576.05,13685.7615,17109.7106,0
39536,576.09,13685.7615,17109.7106,0
39540,576.20,13685.7615,17109.7106,0
39541,576.31,13685.7615,17109.7106,0
39543,576.36,13685.7615,17109.7106,0
39548,576.39,13685.7615,17109.7106,0
39551,576.52,13702.4303,17109.7106,0
39552,576.57,13702.4303,17109.7106,0
39553,576.61,13702.4303,17109.7106,0
39554,576.68,13710.1372,17109.7106,0
39557,576.81,13716.9236,17109.7106,0
39558,576.85,13716.9236,17109.7106,0
39559,576.89,13754.7452,17109.7106,0
39560,576.92,13758.4880,17109.7106,0
39561,576.95,13760.2894,17109.7106,0
39563,577.02,13760.2894,17109.7106,0
39564,577.02,13760.2894,17109.7106,0
39565,577.09,13760.2894,17109.7106,0
39567,577.16,13760.2894,17109.7106,0
39568,577.17,13760.2894,17109.7106,0
39569,577.17,13760.2894,17109.7106,0
39571,577.21,13760.2894,17109.7106,0
39573,577.27,13760.2894,17109.7106,0
39574,577.27,13760.2894,17109.7106,0
39575,577.29,13760.2894,17109.7106,0
39576,577.29,13760.2894,17109.7106,0
39579,577.36,13760.2894,17109.7106,0
39581,577.40,13760.2894,17109.7106,0
39583,577.42,13760.2894,17109.7106,0
39584,577.47,13760.2894,17109.7106,0
39587,577.50,13760.2894,17109.7106,0
39588,577.56,13760.2894,17109.7106,0
39592,577.60,13760.2894,17109.7106,0
39594,577.64,13760.2894,17109.7106,0
39599,577.67,13760.2894,17109.7106,0
39600,577.67,13760.2894,17109.7106,0
39601,577.69,13760.2894,17109.7106,0
39602,577.69,13760.2894,17109.7106,0
39607,577.76,13760.2894,17109.7106,0
39609,577.79,13760.2894,17109.7106,0
39611,577.79,13760.2894,17109.7106,0
39613,577.82,13760.2894,17109.7106,0
39614,577.82,13760.2894,17109.7106,0
39615,577.82,13760.2894,17109.7106,0
39616,577.84,13760.2894,17109.7106,0
39621,577.92,13760.2894,17109.7106,0
39625,577.96,13760.2894,17109.7106,0
39633,578.02,13760.2894,17109.7106,0
39634,578.02,13760.2894,17109.7106,0
39641,578.15,13760.2894,17109.7106,0
39643,578.19,13760.2894,17109.7106,0
39645,578.20,13760.2894,17109.7106,0
39646,578.20,13760.2894,17109.7106,0
39647,578.21,13760.2894,17109.7106,0
39649,578.22,13760.2894,17109.7106,0
39650,578.25,13760.2894,17109.7106,0
39651,578.30,13760.2894,17109.7106,0
39654,578.34,13760.2894,17109.7106,0
39656,578.37,13773.8964,17109.7106,0
39657,578.40,13773.8964,17109.7106,0
39658,578.47,13773.8964,17109.7106,0
39659,578.47,13773.8964,17109.7106,0
39662,578.58,13783.1255,17109.7106,0
39663,578.60,13789.5144,17109.7106,0
39664,578.63,13789.5144,17109.7106,0
39666,578.65,13790.1369,17109.7106,0
39677,578.94,13790.1369,17109.7106,0
39680,578.97,13790.1369,17109.7106,0
39682,579.00,13790.1369,17109.7106,0
39686,579.08,13790.1369,17109.7106,0
39693,579.27,13790.1369,17109.7106,0
39695,579.30,13790.1369,17109.7106,0
39697,579.38,13790.1369,17109.7106,0
39703,579.44,13790.1369,17109.7106,0
39709,579.45,13790.1369,17109.7106,0
39710,579.49,13790.1369,17109.7106,0
39713,579.54,13790.1369,17109.7106,0
39715,579.54,13790.1369,17109.7106,0
39720,579.66,13790.1369,17109.7106,0
39721,579.67,13790.1369,17109.7106,0
39725,579.76,13790.1369,17109.7106,0
39733,579.80,13790.1369,17109.7106,0
39736,579.89,13790.1369,17109.7106,0
39745,580.08,13791.8981,17109.7106,0
39748,580.16,13791.8981,17109.7106,0
39752,580.32,13791.8981,17109.7106,0
39760,580.60,13791.8981,17109.7106,0
39767,580.76,13791.8981,17109.7106,0
39769,580.79,13791.8981,17109.7106,0
39772,580.85,13791.8981,17109.7106,0
39776,580.95,13791.8981,17109.7106,0
39781,580.99,13791.8981,17109.7106,0
39782,581.01,13791.8981,17109.7106,0
39784,581.02,13791.8981,17109.7106,0
39786,581.03,13791.8981,17109.7106,0
39788,581.03,13791.8981,17109.7106,0
39792,581.17,13791.8981,17109.7106,0
39793,581.17,13791.8981,17109.7106,0
39795,581.17,13791.8981,17109.7106,0
39801,581.24,13791.8981,17109.7106,0
39802,581.24,13791.8981,17109.7106,0
39803,581.26,13793.5170,17109.7106,0
39807,581.38,13793.5170,17109.7106,0
39809,581.45,13793.5170,17109.7106,0
39814,581.58,13793.5170,17109.7106,0
39817,581.58,13793.5170,17109.7106,0
39821,581.64,13793.5170,17109.7106,0
39833,581.85,13793.5170,17109.7106,0
39835,581.91,13793.5170,17109.7106,0
39838,581.96,13793.5170,17109.7106,0
39849,582.16,13793.5170,17109.7106,0
39853,582.17,13793.5170,17109.7106,0
39857,582.27,13793.5170,17109.7106,0
39859,582.30,13793.5170,17109.7106,0
39862,582.33,13793.5170,17109.7106,0
39863,582.37,13793.5170,17109.7106,0
39869,582.42,13793.5170,17109.7106,0
39877,582.50,13793.5170,17109.7106,0
39886,582.60,13793.5170,17109.7106,0
39892,582.67,13793.5170,17109.7106,0
39897,582.77,13793.5170,17109.7106,0
39904,582.79,13793.5170,17109.7106,1
39905,582.88,13874.3446,17109.7106,0
39911,583.01,13874.3446,17109.7106,0
39918,583.27,13874.3446,17109.7106,0
39922,583.30,13874.3446,17109.7106,0
39926,583.40,13874.3446,17109.7106,0
39938,583.63,13874.3446,17109.7106,0
39952,583.79,13874.3446,17109.7106,0
39958,583.80,13874.3446,17109.7106,0
39959,583.80,13874.3446,17109.7106,0
39960,583.85,13874.3446,17109.7106,0
39961,583.85,13874.3446,17109.7106,0
39964,583.91,13874.3446,17109.7106,0
39965,583.93,13903.9520,17109.7106,0
39967,583.98,13903.9520,17109.7106,0
39968,584.00,13903.9520,17109.7106,0
39969,584.03,13903.9520,17109.7106,0
39973,584.14,13903.9520,17109.7106,0
39977,584.18,13903.9520,17109.7106,0
39978,584.19,13903.9520,17109.7106,0
39982,584.25,13903.9520,17109.7106,0
39984,584.28,13903.9520,17109.7106,0
39985,584.28,13903.9520,17109.7106,0
39987,584.29,13903.9520,17109.7106,0
39988,584.29,13903.9520,17109.7106,0
39991,584.37,13903.9520,17109.7106,0
39999,584.44,13903.9520,17109.7106,0
40000,584.44,13903.9520,17109.7106,0
40003,584.47,13903.9520,17109.7106,0
40009,584.51,13903.9520,17109.7106,0
40010,584.51,13903.9520,17109.7106,0
40013,584.52,13903.9520,17109.7106,0
40015,584.56,13903.9520,17109.7106,0
40017,584.63,13922.1818,17109.7106,0
40018,584.66,13922.1818,17109.7106,0
40019,584.68,13922.1818,17109.7106,0
40022,584.75,13922.1818,17109.7106,0
40023,584.77,13922.1818,17109.7106,0
40024,584.77,13922.1818,17109.7106,0
40026,584.89,13945.8364,17109.7106,0
40029,584.96,13945.8364,17109.7106,0
40030,584.98,13945.8364,17109.7106,0
40031,585.00,13945.8364,17109.7106,0
40032,585.00,13945.8364,17109.7106,0
40033,585.08,13945.8364,17109.7106,0
40034,585.08,13945.8364,17109.7106,0
40036,585.10,13945.8364,17109.7106,0
40037,585.13,14087.6518,17109.7106,0
40039,585.20,14087.6518,17109.7106,0
40040,585.28,14087.6518,17109.7106,0
40043,585.36,14087.6518,17109.7106,0
40044,585.36,14087.6518,17109.7106,0
40046,585.40,14087.6518,17109.7106,0
40049,585.45,14087.6518,17109.7106,0
40054,585.54,14087.6518,17109.7106,0
40056,585.54,14087.6518,17109.7106,0
40060,585.64,14087.6518,17109.7106,0
40063,585.65,14087.6518,17109.7106,0
40066,585.66,14087.6518,17109.7106,0
40068,585.66,14087.6518,17109.7106,0
40076,585.70,14087.6518,17109.7106,0
40082,585.85,14087.6518,17109.7106,0
40088,585.90,14087.6518,17109.7106,0
40091,585.91,14087.6518,17109.7106,0
40094,585.94,14087.6518,17109.7106,0
40096,585.95,14087.6518,17109.7106,0
40110,586.04,14087.6518,17109.7106,0
40119,586.12,14087.6518,17109.7106,0
40124,586.21,14087.6518,17109.7106,0
40127,586.22,14087.6518,17109.7106,0
40131,586.22,14087.6518,17109.7106,0
40134,586.23,14087.6518,17109.7106,0
40138,586.24,14087.6518,17109.7106,1
40139,586.28,14087.6518,17109.7106,0
40142,586.33,14087.6518,17109.7106,0
40149,586.38,14087.6518,17109.7106,0
40151,586.39,14087.6518,17109.7106,0
40154,586.50,14087.6518,17109.7106,0
40159,586.51,14087.6518,17109.7106,0
40161,586.53,14087.6518,17109.7106,0
40163,586.53,14087.6518,17109.7106,0
40166,586.53,14087.6518,17109.7106,0
40174,586.62,14087.6518,17109.7106,0
40175,586.63,14087.6518,17109.7106,0
40179,586.64,14087.6518,17109.7106,0
40180,586.64,14087.6518,17109.7106,0
40186,586.69,14087.6518,17109.7106,0
40189,586.69,14087.6518,17109.7106,0
40191,586.70,14087.6518,17109.7106,0
40196,586.71,14087.6518,17109.7106,0
40198,586.71,14087.6518,17109.7106,0
40207,586.78,14087.6518,17109.7106,0
40208,586.79,14087.6518,17109.7106,0
40216,586.86,14087.6518,17109.7106,0
40220,586.87,14087.6518,17109.7106,0
40225,586.92,14087.6518,17109.7106,0
40227,586.92,14087.6518,17109.7106,0
40228,586.92,14087.6518,17109.7106,0
40232,586.97,14087.6518,17109.7106,0
40233,586.97,14087.6518,17109.7106,0
40236,586.98,14087.6518,17109.7106,0
40239,587.01,14087.6518,17109.7106,1
40242,587.22,13512.4734,17109.7106,0
40243,587.26,13512.4734,17109.7106,0
40244,587.32,13512.4734,17109.7106,0
40247,587.37,13512.4734,17109.7106,0
40249,587.43,13512.4734,17109.7106,0
40251,587.52,13616.7680,17109.7106,0
40253,587.60,13616.7680,17109.7106,0
40254,587.62,13616.7680,17109.7106,0
40255,587.64,13616.7680,17109.7106,0
40256,587.67,13616.7680,17109.7106,0
40259,587.77,13836.8829,17109.7106,0
40260,587.83,13836.8829,17109.7106,0
40263,587.93,13836.8829,17109.7106,0
40265,587.95,13836.8829,17109.7106,0
40267,588.00,13836.8829,17109.7106,0
40268,588.04,13836.8829,17109.7106,0
40277,588.21,13836.8829,17109.7106,0
40279,588.27,13836.8829,17109.7106,0
40283,588.31,13836.8829,17109.7106,0
40284,588.31,13836.8829,17109.7106,0
40289,588.34,13836.8829,17109.7106,0
40292,588.45,13918.1382,17109.7106,0
40293,588.48,13918.1382,17109.7106,0
40301,588.76,13918.1382,17109.7106,0
40302,588.81,13918.1382,17109.7106,0
40303,588.85,13919.3986,17109.7106,0
40304,588.86,13925.0640,17109.7106,0
40306,588.92,13926.6400,17109.7106,0
40307,588.94,13926.6400,17109.7106,0
40308,588.98,13926.6400,17109.7106,0
40313,589.11,13926.6400,17109.7106,0
40315,589.20,13926.6400,17109.7106,0
40317,589.23,13926.6400,17109.7106,0
40318,589.28,13926.6400,17109.7106,0
40319,589.28,13926.6400,17109.7106,0
40323,589.35,13926.6400,17109.7106,0
40325,589.35,13926.6400,17109.7106,0
40326,589.36,13926.6400,17109.7106,0
40327,589.36,13926.6400,17109.7106,0
40329,589.38,13926.6400,17109.7106,0
40335,589.56,14017.3063,17109.7106,0
40340,589.70,14017.3063,17109.7106,0
40341,589.74,14017.3063,17109.7106,0
40342,589.75,14017.3063,17109.7106,0
40343,589.77,14017.3063,17109.7106,0
40344,589.81,14017.3063,17109.7106,0
40345,589.82,14017.3063,17109.7106,0
40348,589.86,14017.3063,17109.7106,0
40350,589.89,14017.3063,17109.7106,0
40357,590.06,14017.3063,17109.7106,0
40359,590.06,14017.3063,17109.7106,0
40363,590.10,14017.3063,17109.7106,0
40365,590.13,14017.3063,17109.7106,0
40366,590.13,14017.3063,17109.7106,0
40367,590.17,14017.3063,17109.7106,0
40370,590.19,14017.3063,17109.7106,0
40371,590.19,14017.3063,17109.7106,0
40373,590.24,14017.3063,17109.7106,0
40379,590.36,14017.3063,17109.7106,0
40381,590.36,14017.3063,17109.7106,0
40383,590.40,14017.3063,17109.7106,0
40384,590.43,14017.3063,17109.7106,0
40392,590.56,14017.3063,17109.7106,0
40398,590.60,14017.3063,17109.7106,0
40399,590.60,14017.3063,17109.7106,0
40411,590.70,14017.3063,17109.7106,0
40414,590.70,14017.3063,17109.7106,0
40417,590.73,14017.3063,17109.7106,0
40418,590.73,14017.3063,17109.7106,0
40424,590.82,14017.3063,17109.7106,0
40429,590.87,14017.3063,17109.7106,0
40430,590.90,14017.3063,17109.7106,0
40436,590.98,14017.3063,17109.7106,1
40437,591.06,13695.5277,17109.7106,0
40438,591.14,13792.2592,17109.7106,0
40439,591.16,13792.2592,17109.7106,0
40440,591.17,13792.2592,17109.7106,0
40441,591.23,13792.2592,17109.7106,0
40444,591.30,13792.2592,17109.7106,0
40445,591.30,13792.2592,17109.7106,0
40446,591.32,13792.2592,17109.7106,0
40447,591.33,13792.2592,17109.7106,0
40450,591.48,13792.2592,17109.7106,0
40452,591.56,13792.2592,17109.7106,0
40454,591.62,13792.2592,17109.7106,0
40455,591.64,13878.5203,17109.7106,0
40457,591.69,13878.5203,17109.7106,0
40459,591.79,13878.5203,17109.7106,0
40460,591.80,13878.5203,17109.7106,0
40462,591.85,13878.5203,17109.7106,0
40463,591.85,13878.5203,17109.7106,0
40464,591.86,13878.5203,17109.7106,0
40465,591.90,13878.5203,17109.7106,0
40466,591.92,13909.5248,17109.7106,0
40467,591.96,13909.5248,17109.7106,0
40468,591.96,13909.5248,17109.7106,0
40469,591.98,13909.5248,17109.7106,0
40470,592.00,13909.5248,17109.7106,0
40473,592.11,13909.5248,17109.7106,0
40477,592.19,13909.5248,17109.7106,0
40479,592.23,14000.4041,17109.7106,0
40481,592.28,14000.4041,17109.7106,0
40482,592.33,14000.4041,17109.7106,0
40485,592.35,14000.4041,17109.7106,0
40487,592.37,14000.4041,17109.7106,0
40488,592.37,14000.4041,17109.7106,0
40492,592.44,14000.4041,17109.7106,0
40498,592.48,14000.4041,17109.7106,0
40500,592.51,14000.4041,17109.7106,0
40503,592.55,14000.4041,17109.7106,0
40508,592.59,14000.4041,17109.7106,0
40511,592.64,14000.4041,17109.7106,0
40512,592.64,14000.4041,17109.7106,0
40518,592.76,14000.4041,17109.7106,0
40519,592.77,14000.4041,17109.7106,0
40524,592.85,14000.4041,17109.7106,0
40526,592.89,14000.4041,17109.7106,0
40533,592.94,14000.5566,17109.7106,0
40534,592.98,14000.5566,17109.7106,0
40543,593.17,14000.5566,17109.7106,0
40546,593.21,14000.5566,17109.7106,0
40547,593.21,14000.5566,17109.7106,0
40550,593.21,14000.5566,17109.7106,0
40554,593.22,14000.5566,17109.7106,0
40558,593.30,14000.5566,17109.7106,0
40561,593.41,14000.5566,17109.7106,0
40569,593.58,14000.5566,17109.7106,0
40571,593.59,14000.5566,17109.7106,0
40572,593.59,14000.5566,17109.7106,0
40573,593.59,14000.5566,17109.7106,0
40576,593.60,14000.5566,17109.7106,0
40579,593.60,14000.5566,17109.7106,0
40581,593.65,14000.5566,17109.7106,0
40582,593.65,14000.5566,17109.7106,0
40583,593.69,14001.2464,17109.7106,0
40585,593.77,14001.2464,17109.7106,0
40586,593.80,14001.2464,17109.7106,0
40587,593.82,14001.2464,17109.7106,0
40596,593.98,14001.2464,17109.7106,0
40597,593.98,14001.2464,17109.7106,0
40598,593.98,14001.2464,17109.7106,0
40605,594.08,14001.2464,17109.7106,0
40606,594.08,14001.2464,17109.7106,0
40609,594.08,14001.2464,17109.7106,0
40612,594.11,14001.2464,17109.7106,0
40617,594.14,14001.2464,17109.7106,0
40618,594.14,14001.2464,17109.7106,0
40623,594.27,14001.2464,17109.7106,0
40624,594.27,14001.2464,17109.7106,0
40625,594.29,14001.2464,17109.7106,0
40628,594.30,14001.2464,17109.7106,0
40633,594.30,14001.2464,17109.7106,0
40635,594.30,14001.2464,17109.7106,0
40637,594.34,14001.2464,17109.7106,0
40640,594.35,14001.2464,17109.7106,0
40641,594.35,14001.2464,17109.7106,0
40643,594.36,14001.2464,17109.7106,0
40645,594.41,14001.2464,17109.7106,0
40648,594.42,14001.2464,17109.7106,0
40650,594.47,14001.2464,17109.7106,0
40652,594.48,14001.2464,17109.7106,0
40653,594.48,14001.2464,17109.7106,0
40654,594.48,14001.2464,17109.7106,0
40656,594.49,14001.2464,17109.7106,0
40657,594.49,14001.2464,17109.7106,0
40659,594.53,14001.2464,17109.7106,0
40661,594.55,14001.2464,17109.7106,0
40663,594.58,14001.2464,17109.7106,0
40669,594.59,14001.2464,17109.7106,0
40671,594.59,14001.2464,17109.7106,0
40675,594.60,14001.2464,17109.7106,0
40676,594.64,14001.2464,17109.7106,0
40677,594.64,14001.2464,17109.7106,0
40678,594.64,14001.2464,17109.7106,0
40679,594.66,14001.2464,17109.7106,0
40680,594.66,14001.2464,17109.7106,0
40681,594.66,14001.2464,17109.7106,0
40684,594.66,14001.2464,17109.7106,1
40685,594.73,13312.9407,17109.7106,0
40686,594.76,13312.9407,17109.7106,0
40687,594.82,13455.2090,17109.7106,0
40688,594.90,13455.2090,17109.7106,0
40690,594.93,13600.3576,17109.7106,0
40691,594.96,13604.8932,17109.7106,0
40693,595.04,13605.2759,17109.7106,0
40694,595.14,13605.2759,17109.7106,0
40695,595.16,13605.2759,17109.7106,0
40696,595.18,13605.2759,17109.7106,0
40697,595.23,13709.1217,17109.7106,0
40701,595.38,13709.1217,17109.7106,0
40703,595.40,13709.1217,17109.7106,0
40704,595.44,13709.1217,17109.7106,0
40706,595.49,13709.1217,17109.7106,0
40707,595.52,13709.1217,17109.7106,0
40708,595.53,13709.1217,17109.7106,0
40709,595.54,13709.1217,17109.7106,0
40710,595.54,13709.1217,17109.7106,0
40712,595.56,13709.1217,17109.7106,0
40714,595.59,13709.1217,17109.7106,0
40715,595.62,13709.1217,17109.7106,0
40717,595.64,13751.4370,17109.7106,0
40718,595.68,13896.6617,17109.7106,0
40719,595.72,13896.6617,17109.7106,0
40723,595.86,13896.6617,17109.7106,0
40725,595.92,13896.6617,17109.7106,0
40726,595.94,13896.6617,17109.7106,0
40727,595.99,13896.6617,17109.7106,0
40728,596.02,13896.6617,17109.7106,0
40729,596.02,13896.6617,17109.7106,0
40734,596.06,13896.6617,17109.7106,0
40735,596.11,13896.6617,17109.7106,0
40736,596.11,13896.6617,17109.7106,0
40737,596.11,13896.6617,17109.7106,0
40738,596.11,13896.6617,17109.7106,0
40740,596.18,13896.6617,17109.7106,0
40742,596.21,13896.6617,17109.7106,0
40743,596.24,13896.6617,17109.7106,0
40745,596.31,13896.6617,17109.7106,0
40746,596.31,13896.6617,17109.7106,0
40748,596.31,13896.6617,17109.7106,0
40750,596.34,13896.6617,17109.7106,0
40761,596.42,13896.6617,17109.7106,0
40764,596.43,13896.6617,17109.7106,0
40773,596.54,13896.6617,17109.7106,0
40778,596.55,13896.6617,17109.7106,0
40781,596.56,13896.6617,17109.7106,0
40783,596.56,13896.6617,17109.7106,0
40787,596.57,13896.6617,17109.7106,0
40788,596.59,13903.8897,17109.7106,0
40789,596.66,13903.8897,17109.7106,0
40790,596.66,13903.8897,17109.7106,0
40791,596.68,13903.8897,17109.7106,0
40792,596.70,14070.7004,17109.7106,0
40793,596.76,14070.7004,17109.7106,0
40794,596.81,14070.7004,17109.7106,0
40796,596.86,14095.6707,17109.7106,0
40800,596.97,14095.6707,17109.7106,0
40808,597.07,14095.6707,17109.7106,0
40811,597.12,14095.6707,17109.7106,0
40812,597.17,14095.6707,17109.7106,0
40814,597.23,14095.6707,17109.7106,0
40817,597.23,14095.6707,17109.7106,0
40819,597.23,14095.6707,17109.7106,0
40821,597.24,14095.6707,17109.7106,0
40824,597.26,14095.6707,17109.7106,0
40827,597.28,14095.6707,17109.7106,0
40829,597.33,14095.6707,17109.7106,0
40830,597.34,14095.6707,17109.7106,0
40833,597.38,14095.6707,17109.7106,0
40835,597.39,14095.6707,17109.7106,0
40838,597.39,14095.6707,17109.7106,0
40839,597.39,14095.6707,17109.7106,0
40840,597.39,14095.6707,17109.7106,0
40841,597.43,14095.6707,17109.7106,0
40842,597.43,14095.6707,17109.7106,0
40843,597.43,14095.6707,17109.7106,0
40845,597.44,14095.6707,17109.7106,0
40848,597.45,14095.6707,17109.7106,0
40849,597.47,14095.6707,17109.7106,0
40850,597.51,14145.2165,17109.7106,0
40851,597.55,14145.2165,17109.7106,0
40852,597.57,14145.2165,17109.7106,0
40853,597.61,14231.7881,17109.7106,0
40858,597.70,14231.7881,17109.7106,0
40864,597.77,14231.7881,17109.7106,0
40870,597.95,14231.7881,17109.7106,0
40873,597.97,14334.9335,17109.7106,0
40875,598.02,14334.9335,17109.7106,0
40876,598.06,14334.9335,17109.7106,0
40882,598.13,14334.9335,17109.7106,0
40884,598.19,14334.9335,17109.7106,0
40885,598.19,14334.9335,17109.7106,0
40887,598.21,14334.9335,17109.7106,0
40890,598.35,14334.9335,17109.7106,0
40892,598.39,14334.9335,17109.7106,0
40893,598.43,14334.9335,17109.7106,0
40894,598.45,14334.9335,17109.7106,0
40896,598.45,14334.9335,17109.7106,0
40905,598.59,14334.9335,17109.7106,0
40906,598.70,14334.9335,17109.7106,0
40907,598.71,14334.9335,17109.7106,0
40912,598.78,14334.9335,17109.7106,0
40913,598.84,14334.9335,17109.7106,0
40919,598.87,14334.9335,17109.7106,0
40926,598.89,14334.9335,17109.7106,0
40927,598.93,14334.9335,17109.7106,0
40928,598.93,14334.9335,17109.7106,0
40931,598.95,14334.9335,17109.7106,0
40934,598.96,14334.9335,17109.7106,0
40940,599.05,14334.9335,17109.7106,0
40944,599.07,14334.9335,17109.7106,0
40945,599.09,14334.9335,17109.7106,0
40946,599.09,14334.9335,17109.7106,0
40951,599.12,14334.9335,17109.7106,0
40957,599.18,14340.8025,17109.7106,0
40958,599.21,14340.8025,17109.7106,0
40959,599.23,14340.8025,17109.7106,0
40960,599.25,14340.8025,17109.7106,0
40961,599.25,14340.8025,17109.7106,0
40962,599.31,14340.8025,17109.7106,0
40963,599.37,14340.8025,17109.7106,0
40964,599.39,14482.4321,17109.7106,0
40966,599.45,14522.4885,17109.7106,0
40967,599.49,14522.4885,17109.7106,0
40968,599.50,14522.4885,17109.7106,0
40970,599.52,14522.4885,17109.7106,0
40971,599.54,14522.4885,17109.7106,0
40972,599.55,14522.4885,17109.7106,0
40973,599.57,14522.4885,17109.7106,0
40974,599.59,14522.4885,17109.7106,0
40975,599.61,14522.4885,17109.7106,0
40977,599.70,14522.4885,17109.7106,0
40978,599.76,14522.4885,17109.7106,0
40979,599.79,14522.4885,17109.7106,0
40980,599.83,14522.4885,17109.7106,0
40983,599.87,14522.4885,17109.7106,0
40984,599.87,14522.4885,17109.7106,0
40985,599.87,14522.4885,17109.7106,0
40986,599.87,14522.4885,17109.7106,0
40990,599.91,14541.8875,17109.7106,0
40991,599.94,14541.8875,17109.7106,0
40993,600.02,14541.8875,17109.7106,0
