iter,wall_s,f_curr,f_best,kick
1,2.83,2616.1152,2616.1152,0
2,2.84,2616.1152,2616.1152,0
3,2.85,2792.1995,2792.1995,0
4,2.86,2805.6148,2805.6148,0
5,2.86,2889.5050,2889.5050,0
6,2.87,2978.2461,2978.2461,0
7,2.87,3037.7072,3037.7072,0
8,2.88,3057.1979,3057.1979,0
9,2.88,3156.5072,3156.5072,0
10,2.89,3156.5072,3156.5072,0
11,2.90,3462.8152,3462.8152,0
12,2.91,3502.8856,3502.8856,0
13,2.92,3715.8944,3715.8944,0
14,2.93,3893.4533,3893.4533,0
15,2.94,3893.7074,3893.7074,0
16,2.95,3904.1514,3904.1514,0
17,2.96,3973.0559,3973.0559,0
18,2.97,3973.0559,3973.0559,0
19,2.99,4136.1350,4136.1350,0
20,3.00,4286.6483,4286.6483,0
21,3.01,4286.6483,4286.6483,0
22,3.03,4529.2938,4529.2938,0
23,3.04,4529.2938,4529.2938,0
24,3.05,4536.2965,4536.2965,0
25,3.06,4536.2965,4536.2965,0
26,3.07,4536.2965,4536.2965,0
27,3.08,4536.2965,4536.2965,0
28,3.10,4536.2965,4536.2965,0
29,3.11,4775.8092,4775.8092,0
30,3.13,4830.5789,4830.5789,0
31,3.14,4830.5789,4830.5789,0
32,3.15,4969.5849,4969.5849,0
33,3.17,5173.8063,5173.8063,0
34,3.18,5469.1966,5469.1966,0
35,3.20,5821.5444,5821.5444,0
36,3.21,6044.2466,6044.2466,0
37,3.23,6131.0261,6131.0261,0
38,3.25,6135.9955,6135.9955,0
39,3.26,6374.1737,6374.1737,0
40,3.28,6469.3689,6469.3689,0
41,3.29,6490.3300,6490.3300,0
42,3.31,6490.3300,6490.3300,0
43,3.33,6735.8267,6735.8267,0
44,3.35,6735.8267,6735.8267,0
45,3.37,6735.8267,6735.8267,0
46,3.38,6735.8267,6735.8267,0
47,3.40,6960.2160,6960.2160,0
48,3.42,6960.2160,6960.2160,0
49,3.43,6984.4696,6984.4696,0
50,3.45,6984.4696,6984.4696,0
51,3.47,7137.4779,7137.4779,0
52,3.49,7259.1877,7259.1877,0
53,3.51,7262.6532,7262.6532,0
54,3.53,7454.5686,7454.5686,0
55,3.55,7454.5686,7454.5686,0
56,3.57,7573.3692,7573.3692,0
57,3.59,7573.3692,7573.3692,0
58,3.61,7781.9083,7781.9083,0
59,3.63,7781.9083,7781.9083,0
60,3.65,7781.9083,7781.9083,0
61,3.68,7927.0352,7927.0352,0
62,3.70,7927.0352,7927.0352,0
63,3.72,7927.0352,7927.0352,0
64,3.74,7927.0352,7927.0352,0
65,3.76,7927.0352,7927.0352,0
66,3.78,7927.0352,7927.0352,0
67,3.81,7927.0352,7927.0352,0
68,3.83,7927.0352,7927.0352,0
69,3.85,7927.0352,7927.0352,0
70,3.86,7927.0352,7927.0352,0
71,3.88,7927.0352,7927.0352,0
72,3.90,7927.0352,7927.0352,0
73,3.92,7944.3531,7944.3531,0
74,3.95,8083.9483,8083.9483,0
75,3.98,8083.9483,8083.9483,0
76,4.00,8328.1688,8328.1688,0
77,4.03,8328.1688,8328.1688,0
78,4.05,8328.1688,8328.1688,0
79,4.07,8355.3069,8355.3069,0
80,4.09,8355.3069,8355.3069,0
81,4.12,8355.3069,8355.3069,0
82,4.14,8355.3069,8355.3069,0
83,4.16,8355.3069,8355.3069,0
84,4.18,8355.3069,8355.3069,0
85,4.20,8541.6191,8541.6191,0
86,4.22,8541.6191,8541.6191,0
87,4.24,8541.6191,8541.6191,0
88,4.26,8553.3409,8553.3409,0
89,4.29,8553.3409,8553.3409,0
90,4.31,8553.3409,8553.3409,0
91,4.34,8707.0012,8707.0012,0
92,4.36,9155.0448,9155.0448,0
93,4.39,9155.0448,9155.0448,0
94,4.41,9282.7167,9282.7167,0
95,4.44,9305.8584,9305.8584,0
96,4.47,9305.8584,9305.8584,0
97,4.49,9305.8584,9305.8584,0
98,4.51,9305.8584,9305.8584,0
99,4.53,9305.8584,9305.8584,0
100,4.56,9424.2155,9424.2155,0
101,4.59,9424.2155,9424.2155,0
102,4.61,9440.4460,9440.4460,0
103,4.64,9652.4744,9652.4744,0
104,4.66,9652.4744,9652.4744,0
105,4.69,9865.7448,9865.7448,0
106,4.71,9865.7448,9865.7448,0
107,4.74,9865.7448,9865.7448,0
108,4.77,9865.7448,9865.7448,0
109,4.79,9865.7448,9865.7448,0
110,4.81,9865.7448,9865.7448,0
111,4.84,9865.7448,9865.7448,0
112,4.86,9955.6894,9955.6894,0
113,4.89,9955.6894,9955.6894,0
114,4.91,9955.6894,9955.6894,0
115,4.93,9960.5050,9960.5050,0
116,4.96,10006.5581,10006.5581,0
117,4.99,10118.7366,10118.7366,0
118,5.01,10118.7366,10118.7366,0
119,5.03,10118.7366,10118.7366,0
120,5.06,10118.7366,10118.7366,0
121,5.08,10118.7366,10118.7366,0
122,5.11,10156.3333,10156.3333,0
123,5.14,10156.3333,10156.3333,0
124,5.17,10249.2456,10249.2456,0
125,5.21,10258.6587,10258.6587,0
126,5.24,10258.6587,10258.6587,0
127,5.26,10264.9151,10264.9151,0
128,5.29,10264.9151,10264.9151,0
129,5.31,10264.9151,10264.9151,0
130,5.34,10415.4955,10415.4955,0
131,5.37,10415.5773,10415.5773,0
132,5.39,10421.7468,10421.7468,0
133,5.41,10421.7468,10421.7468,0
134,5.44,10421.7468,10421.7468,0
135,5.46,10421.7468,10421.7468,0
136,5.49,10524.1621,10524.1621,0
137,5.52,10540.0843,10540.0843,0
138,5.55,10547.6655,10547.6655,0
139,5.59,10547.6655,10547.6655,0
140,5.62,10685.2304,10685.2304,0
141,5.64,10943.6156,10943.6156,0
142,5.66,11098.9008,11098.9008,0
143,5.68,11098.9008,11098.9008,0
144,5.70,11214.4552,11214.4552,0
145,5.73,11214.4552,11214.4552,0
146,5.76,11279.5979,11279.5979,0
147,5.78,11303.6003,11303.6003,0
148,5.80,11448.0970,11448.0970,0
149,5.82,11727.9673,11727.9673,0
150,5.84,11840.3401,11840.3401,0
151,5.88,11840.3401,11840.3401,0
152,5.90,11841.0341,11841.0341,0
153,5.93,11841.0341,11841.0341,0
154,5.96,11847.5669,11847.5669,0
155,5.99,11847.5669,11847.5669,0
156,5.99,11847.5669,11847.5669,0
157,6.01,11847.5669,11847.5669,0
158,6.03,11847.5669,11847.5669,0
159,6.06,11849.3555,11849.3555,0
160,6.09,11862.8403,11862.8403,0
161,6.11,11862.8403,11862.8403,0
162,6.14,11862.8403,11862.8403,0
163,6.16,11863.1843,11863.1843,0
164,6.18,12053.7880,12053.7880,0
165,6.21,12053.7880,12053.7880,0
166,6.23,12053.7880,12053.7880,0
167,6.25,12054.0389,12054.0389,0
168,6.29,12086.2586,12086.2586,0
169,6.32,12192.7373,12192.7373,0
170,6.36,12192.7373,12192.7373,0
171,6.39,12192.7373,12192.7373,0
172,6.43,12192.7373,12192.7373,0
173,6.46,12192.7373,12192.7373,0
174,6.49,12195.9518,12195.9518,0
175,6.52,12195.9518,12195.9518,0
176,6.56,12195.9518,12195.9518,0
177,6.56,12195.9518,12195.9518,0
178,6.59,12195.9518,12195.9518,0
179,6.62,12195.9518,12195.9518,0
180,6.66,12313.1974,12313.1974,0
181,6.70,12313.1974,12313.1974,0
182,6.73,12313.1974,12313.1974,0
183,6.77,12313.1974,12313.1974,0
184,6.80,12313.1974,12313.1974,0
185,6.83,12351.7374,12351.7374,0
186,6.87,12351.7374,12351.7374,0
187,6.90,12351.7374,12351.7374,0
188,6.94,12351.7374,12351.7374,0
189,6.97,12351.7374,12351.7374,0
190,7.01,12351.7374,12351.7374,0
191,7.04,12351.7374,12351.7374,0
192,7.08,12351.7374,12351.7374,0
193,7.11,12369.9054,12369.9054,0
194,7.15,12369.9054,12369.9054,0
195,7.19,12543.4333,12543.4333,0
196,7.22,12543.4333,12543.4333,0
197,7.26,12546.2107,12546.2107,0
198,7.30,12565.8852,12565.8852,0
199,7.33,12565.8852,12565.8852,0
200,7.37,12565.8852,12565.8852,0
201,7.41,12565.8852,12565.8852,0
202,7.44,12593.4741,12593.4741,0
203,7.48,12593.4741,12593.4741,0
204,7.50,12712.3826,12712.3826,0
205,7.53,12712.3826,12712.3826,0
206,7.56,12734.3432,12734.3432,0
207,7.58,12741.0275,12741.0275,0
208,7.61,12741.0275,12741.0275,0
209,7.66,12887.8734,12887.8734,0
210,7.69,12901.7133,12901.7133,0
211,7.72,13105.3664,13105.3664,0
212,7.75,13105.3664,13105.3664,0
213,7.77,13105.3664,13105.3664,0
214,7.79,13105.3664,13105.3664,0
215,7.82,13114.3004,13114.3004,0
216,7.86,13264.1984,13264.1984,0
217,7.89,13264.1984,13264.1984,0
218,7.92,13264.1984,13264.1984,0
219,7.95,13264.1984,13264.1984,0
220,7.98,13319.4930,13319.4930,0
221,8.01,13319.4930,13319.4930,0
222,8.04,13320.0370,13320.0370,0
223,8.05,13320.0370,13320.0370,0
224,8.08,13325.1251,13325.1251,0
225,8.12,13325.1251,13325.1251,0
226,8.15,13325.1251,13325.1251,0
227,8.18,13334.8035,13334.8035,0
228,8.23,13334.8035,13334.8035,0
229,8.26,13446.2648,13446.2648,0
230,8.29,13475.1500,13475.1500,0
231,8.32,13475.1500,13475.1500,0
232,8.35,13477.9035,13477.9035,0
233,8.38,13477.9035,13477.9035,0
234,8.41,13477.9035,13477.9035,0
235,8.44,13671.2507,13671.2507,0
236,8.48,13671.2507,13671.2507,0
237,8.52,13671.2507,13671.2507,0
238,8.55,13671.2507,13671.2507,0
239,8.64,13671.2507,13671.2507,0
240,8.68,13692.4918,13692.4918,0
241,8.72,13692.4918,13692.4918,0
242,8.75,13770.1953,13770.1953,0
243,8.79,13770.3751,13770.3751,0
244,8.83,13770.3751,13770.3751,0
245,8.88,13839.6253,13839.6253,0
246,8.92,13907.3994,13907.3994,0
247,8.96,13907.3994,13907.3994,0
248,8.99,13907.3994,13907.3994,0
249,9.02,13964.5949,13964.5949,0
250,9.05,13988.3490,13988.3490,0
251,9.09,13995.2616,13995.2616,0
252,9.12,14111.1037,14111.1037,0
253,9.17,14119.1914,14119.1914,0
254,9.21,14119.1914,14119.1914,0
255,9.25,14119.1914,14119.1914,0
256,9.28,14119.1914,14119.1914,0
257,9.31,14119.1914,14119.1914,0
258,9.35,14122.7458,14122.7458,0
259,9.39,14520.8802,14520.8802,0
260,9.44,14520.8802,14520.8802,0
261,9.49,14608.0878,14608.0878,0
262,9.54,14608.0878,14608.0878,0
263,9.59,14608.0878,14608.0878,0
264,9.61,14608.0878,14608.0878,0
265,9.65,14608.0878,14608.0878,0
266,9.69,14631.8464,14631.8464,0
267,9.74,14708.0349,14708.0349,0
268,9.79,14719.8595,14719.8595,0
269,9.84,14719.8595,14719.8595,0
270,9.89,14736.6290,14736.6290,0
271,9.95,14737.4479,14737.4479,0
272,10.00,14737.4479,14737.4479,0
273,10.05,14757.4100,14757.4100,0
274,10.11,14757.4100,14757.4100,0
275,10.12,14757.4100,14757.4100,0
276,10.16,14757.4100,14757.4100,0
277,10.21,14757.4100,14757.4100,0
278,10.26,14757.4100,14757.4100,0
279,10.30,14757.4100,14757.4100,0
280,10.30,14757.4100,14757.4100,0
281,10.35,14757.4100,14757.4100,0
282,10.35,14757.4100,14757.4100,0
283,10.35,14757.4100,14757.4100,0
284,10.40,14836.9859,14836.9859,0
285,10.45,14836.9859,14836.9859,0
286,10.50,14836.9859,14836.9859,0
288,10.55,14836.9859,14836.9859,0
289,10.61,14836.9859,14836.9859,0
290,10.65,14837.9414,14837.9414,0
292,10.71,14837.9414,14837.9414,0
293,10.76,14837.9414,14837.9414,0
294,10.81,14837.9414,14837.9414,0
295,10.81,14837.9414,14837.9414,0
296,10.85,14837.9414,14837.9414,0
297,10.90,14837.9414,14837.9414,0
298,10.92,14837.9414,14837.9414,0
299,10.96,14837.9414,14837.9414,0
301,11.01,14837.9414,14837.9414,0
302,11.01,14837.9414,14837.9414,0
303,11.01,14837.9414,14837.9414,0
304,11.01,14837.9414,14837.9414,0
306,11.01,14837.9414,14837.9414,0
307,11.05,14837.9414,14837.9414,0
308,11.09,14837.9414,14837.9414,0
309,11.13,14837.9414,14837.9414,0
310,11.18,14837.9414,14837.9414,0
315,11.18,14837.9414,14837.9414,0
316,11.22,14837.9414,14837.9414,0
318,11.27,14837.9414,14837.9414,0
321,11.31,14837.9414,14837.9414,0
329,11.36,14837.9414,14837.9414,0
331,11.42,14837.9414,14837.9414,0
334,11.46,14837.9414,14837.9414,0
335,11.50,14837.9414,14837.9414,0
336,11.55,14837.9414,14837.9414,0
337,11.59,14837.9414,14837.9414,0
338,11.63,14837.9414,14837.9414,0
344,11.63,14837.9414,14837.9414,0
347,11.63,14837.9414,14837.9414,0
348,11.68,14837.9414,14837.9414,0
350,11.72,14837.9414,14837.9414,0
353,11.77,14837.9414,14837.9414,0
354,11.81,14837.9414,14837.9414,0
364,11.86,14837.9414,14837.9414,0
367,11.90,14837.9414,14837.9414,0
369,11.94,14837.9414,14837.9414,0
372,11.98,14837.9414,14837.9414,0
375,12.03,14837.9414,14837.9414,0
382,12.06,14837.9414,14837.9414,0
383,12.11,14837.9414,14837.9414,0
384,12.15,14837.9414,14837.9414,0
385,12.15,14837.9414,14837.9414,1
386,12.24,14622.4757,14837.9414,0
387,12.29,14622.4757,14837.9414,0
388,12.33,14622.4757,14837.9414,0
389,12.38,14622.4757,14837.9414,0
390,12.42,14816.8757,14837.9414,0
391,12.48,14817.1990,14837.9414,0
393,12.53,14817.1990,14837.9414,0
394,12.54,14817.1990,14837.9414,0
395,12.59,14817.1990,14837.9414,0
398,12.64,14817.1990,14837.9414,0
399,12.64,14817.1990,14837.9414,0
400,12.68,14817.1990,14837.9414,0
401,12.72,14817.1990,14837.9414,0
402,12.77,14817.1990,14837.9414,0
403,12.77,14817.1990,14837.9414,0
404,12.81,14817.1990,14837.9414,0
405,12.86,14817.1990,14837.9414,0
406,12.90,14817.1990,14837.9414,0
407,12.90,14817.1990,14837.9414,0
408,12.94,14817.1990,14837.9414,0
409,12.98,14817.1990,14837.9414,0
411,13.02,14817.1990,14837.9414,0
413,13.02,14817.1990,14837.9414,0
414,13.07,14817.1990,14837.9414,0
415,13.07,14817.1990,14837.9414,0
416,13.11,14817.1990,14837.9414,0
417,13.11,14817.1990,14837.9414,0
419,13.11,14817.1990,14837.9414,0
420,13.16,14817.1990,14837.9414,0
422,13.20,14817.1990,14837.9414,0
424,13.23,14817.1990,14837.9414,0
425,13.27,14817.1990,14837.9414,0
427,13.32,14817.1990,14837.9414,0
429,13.36,14830.2573,14837.9414,0
430,13.41,14830.2573,14837.9414,0
432,13.47,14830.2573,14837.9414,0
433,13.51,14830.2573,14837.9414,0
434,13.55,14830.2573,14837.9414,0
435,13.60,14830.2573,14837.9414,0
437,13.63,14830.2573,14837.9414,0
438,13.67,14830.2573,14837.9414,0
439,13.71,14830.2573,14837.9414,0
440,13.74,14830.2573,14837.9414,0
441,13.79,14830.2573,14837.9414,0
442,13.83,14830.2573,14837.9414,0
443,13.84,14830.2573,14837.9414,0
444,13.89,14830.2573,14837.9414,0
445,13.93,14830.2573,14837.9414,0
447,13.93,14830.2573,14837.9414,0
448,13.93,14830.2573,14837.9414,0
449,13.93,14830.2573,14837.9414,0
451,13.98,14830.2573,14837.9414,0
453,14.02,14830.2573,14837.9414,0
455,14.02,14830.2573,14837.9414,0
461,14.06,14830.2573,14837.9414,0
464,14.06,14830.2573,14837.9414,0
465,14.11,14830.2573,14837.9414,0
466,14.11,14830.2573,14837.9414,0
467,14.15,14830.2573,14837.9414,0
468,14.19,14830.2573,14837.9414,0
470,14.23,14830.2573,14837.9414,0
471,14.27,14830.2573,14837.9414,0
472,14.32,14830.2573,14837.9414,0
478,14.37,14830.2573,14837.9414,0
482,14.41,14830.2573,14837.9414,0
495,14.46,14830.2573,14837.9414,0
500,14.50,14830.2573,14837.9414,0
501,14.55,14830.2573,14837.9414,0
509,14.59,14830.2573,14837.9414,0
511,14.65,14830.2573,14837.9414,0
512,14.69,14830.2573,14837.9414,0
514,14.73,14830.2573,14837.9414,0
517,14.77,14830.2573,14837.9414,0
528,14.82,14830.2573,14837.9414,0
529,14.82,14837.9414,14837.9414,1
530,14.88,14397.1391,14837.9414,0
531,14.92,14397.1391,14837.9414,0
532,14.97,14601.1990,14837.9414,0
533,15.01,14601.1990,14837.9414,0
534,15.06,14601.1990,14837.9414,0
535,15.10,14759.4693,14837.9414,0
536,15.13,14943.1144,14943.1144,0
537,15.18,14943.1144,14943.1144,0
538,15.23,14943.1144,14943.1144,0
539,15.27,14979.9876,14979.9876,0
540,15.33,14979.9876,14979.9876,0
541,15.39,14979.9876,14979.9876,0
542,15.43,15000.2980,15000.2980,0
543,15.50,15000.5732,15000.5732,0
544,15.54,15284.8191,15284.8191,0
545,15.59,15284.8191,15284.8191,0
546,15.66,15284.8191,15284.8191,0
547,15.67,15284.8191,15284.8191,0
549,15.72,15284.8191,15284.8191,0
550,15.76,15284.8191,15284.8191,0
552,15.76,15284.8191,15284.8191,0
555,15.81,15286.1298,15286.1298,0
556,15.87,15286.1298,15286.1298,0
559,15.93,15286.1298,15286.1298,0
560,15.98,15286.1298,15286.1298,0
561,16.03,15286.1298,15286.1298,0
563,16.09,15286.1298,15286.1298,0
564,16.09,15286.1298,15286.1298,0
565,16.13,15286.7422,15286.7422,0
568,16.20,15363.1611,15363.1611,0
569,16.26,15363.1611,15363.1611,0
570,16.31,15363.1611,15363.1611,0
571,16.36,15363.1611,15363.1611,0
572,16.42,15363.2614,15363.2614,0
573,16.47,15363.2614,15363.2614,0
574,16.52,15407.6346,15407.6346,0
575,16.58,15407.6346,15407.6346,0
576,16.63,15407.6346,15407.6346,0
577,16.69,15407.6346,15407.6346,0
578,16.73,15407.6346,15407.6346,0
579,16.79,15463.7983,15463.7983,0
580,16.83,15463.7983,15463.7983,0
581,16.90,15463.7983,15463.7983,0
582,16.93,15463.7983,15463.7983,0
583,17.00,15463.7983,15463.7983,0
584,17.05,15463.7983,15463.7983,0
586,17.09,15463.7983,15463.7983,0
588,17.14,15463.7983,15463.7983,0
590,17.19,15463.7983,15463.7983,0
591,17.19,15463.7983,15463.7983,0
592,17.19,15463.7983,15463.7983,0
593,17.23,15463.7983,15463.7983,0
594,17.29,15463.7983,15463.7983,0
597,17.34,15463.7983,15463.7983,0
598,17.38,15463.7983,15463.7983,0
599,17.38,15463.7983,15463.7983,0
600,17.38,15463.7983,15463.7983,0
601,17.42,15463.7983,15463.7983,0
602,17.42,15463.7983,15463.7983,0
604,17.47,15463.7983,15463.7983,0
606,17.52,15463.7983,15463.7983,0
607,17.52,15463.7983,15463.7983,0
608,17.56,15463.7983,15463.7983,0
609,17.60,15463.7983,15463.7983,0
611,17.64,15463.7983,15463.7983,0
612,17.64,15463.7983,15463.7983,0
613,17.69,15463.7983,15463.7983,0
618,17.72,15463.7983,15463.7983,0
620,17.72,15463.7983,15463.7983,0
623,17.77,15479.8501,15479.8501,0
624,17.82,15479.8501,15479.8501,0
625,17.84,15479.8501,15479.8501,0
626,17.88,15479.8501,15479.8501,0
627,17.88,15479.8501,15479.8501,0
628,17.93,15479.8501,15479.8501,0
629,17.93,15479.8501,15479.8501,0
630,17.97,15479.8501,15479.8501,0
632,18.02,15479.8501,15479.8501,0
633,18.07,15479.8501,15479.8501,0
635,18.12,15479.8501,15479.8501,0
636,18.17,15479.8501,15479.8501,0
638,18.17,15479.8501,15479.8501,0
639,18.21,15479.8501,15479.8501,0
640,18.21,15479.8501,15479.8501,0
642,18.21,15479.8501,15479.8501,0
643,18.25,15479.8501,15479.8501,0
644,18.25,15479.8501,15479.8501,0
645,18.29,15479.8501,15479.8501,0
646,18.33,15479.8501,15479.8501,0
648,18.38,15479.8501,15479.8501,0
649,18.42,15479.8501,15479.8501,0
653,18.47,15479.8501,15479.8501,0
655,18.53,15479.8501,15479.8501,0
658,18.57,15479.8501,15479.8501,0
661,18.62,15479.8501,15479.8501,0
665,18.67,15479.8501,15479.8501,0
667,18.71,15479.8501,15479.8501,0
670,18.76,15479.8501,15479.8501,0
672,18.82,15479.8501,15479.8501,0
673,18.86,15479.8501,15479.8501,0
677,18.90,15479.8501,15479.8501,0
678,18.95,15479.8501,15479.8501,0
684,19.00,15479.8501,15479.8501,0
696,19.04,15479.8501,15479.8501,0
698,19.10,15479.8501,15479.8501,0
701,19.15,15479.8501,15479.8501,0
703,19.20,15479.8501,15479.8501,0
709,19.24,15479.8501,15479.8501,0
718,19.28,15479.8501,15479.8501,0
719,19.33,15479.8501,15479.8501,0
720,19.33,15479.8501,15479.8501,1
721,19.44,15278.3039,15479.8501,0
722,19.49,15479.8501,15479.8501,0
723,19.50,15479.8501,15479.8501,0
725,19.51,15479.8501,15479.8501,0
727,19.51,15479.8501,15479.8501,0
729,19.51,15479.8501,15479.8501,0
731,19.51,15479.8501,15479.8501,0
733,19.51,15479.8501,15479.8501,0
735,19.51,15479.8501,15479.8501,0
736,19.51,15479.8501,15479.8501,0
737,19.51,15479.8501,15479.8501,0
738,19.53,15479.8501,15479.8501,0
739,19.53,15479.8501,15479.8501,0
741,19.53,15479.8501,15479.8501,0
743,19.53,15479.8501,15479.8501,0
744,19.53,15479.8501,15479.8501,0
745,19.53,15479.8501,15479.8501,0
746,19.53,15479.8501,15479.8501,0
748,19.53,15479.8501,15479.8501,0
749,19.53,15479.8501,15479.8501,0
750,19.53,15479.8501,15479.8501,0
751,19.53,15479.8501,15479.8501,0
752,19.53,15479.8501,15479.8501,0
753,19.53,15479.8501,15479.8501,0
754,19.53,15479.8501,15479.8501,0
755,19.53,15479.8501,15479.8501,0
756,19.53,15479.8501,15479.8501,0
762,19.53,15479.8501,15479.8501,0
763,19.53,15479.8501,15479.8501,0
765,19.53,15479.8501,15479.8501,0
767,19.53,15479.8501,15479.8501,0
770,19.53,15479.8501,15479.8501,0
774,19.53,15479.8501,15479.8501,0
777,19.53,15479.8501,15479.8501,0
779,19.53,15479.8501,15479.8501,0
782,19.53,15479.8501,15479.8501,0
785,19.53,15479.8501,15479.8501,0
789,19.53,15479.8501,15479.8501,0
794,19.53,15479.8501,15479.8501,0
798,19.53,15479.8501,15479.8501,0
799,19.53,15479.8501,15479.8501,0
805,19.53,15479.8501,15479.8501,0
806,19.53,15479.8501,15479.8501,1
807,19.60,15242.5343,15479.8501,0
808,19.63,15242.5343,15479.8501,0
809,19.68,15242.5343,15479.8501,0
810,19.72,15442.7151,15479.8501,0
811,19.76,15442.7151,15479.8501,0
812,19.80,15442.7151,15479.8501,0
813,19.85,15442.7151,15479.8501,0
814,19.89,15442.7151,15479.8501,0
815,19.91,15442.7151,15479.8501,0
816,19.91,15442.7151,15479.8501,0
817,19.96,15479.8501,15479.8501,0
819,19.98,15479.8501,15479.8501,0
820,19.98,15479.8501,15479.8501,0
821,20.00,15479.8501,15479.8501,0
824,20.00,15479.8501,15479.8501,0
825,20.00,15479.8501,15479.8501,0
826,20.00,15479.8501,15479.8501,0
827,20.00,15479.8501,15479.8501,0
828,20.00,15479.8501,15479.8501,0
829,20.00,15479.8501,15479.8501,0
830,20.00,15479.8501,15479.8501,0
831,20.00,15479.8501,15479.8501,0
833,20.00,15479.8501,15479.8501,0
834,20.00,15479.8501,15479.8501,0
835,20.00,15479.8501,15479.8501,0
837,20.00,15479.8501,15479.8501,0
838,20.00,15479.8501,15479.8501,0
840,20.00,15479.8501,15479.8501,0
844,20.00,15479.8501,15479.8501,0
846,20.00,15479.8501,15479.8501,0
847,20.00,15479.8501,15479.8501,0
849,20.00,15479.8501,15479.8501,0
854,20.00,15479.8501,15479.8501,0
855,20.00,15479.8501,15479.8501,0
856,20.00,15479.8501,15479.8501,0
857,20.00,15479.8501,15479.8501,0
858,20.00,15479.8501,15479.8501,0
861,20.00,15479.8501,15479.8501,0
864,20.00,15479.8501,15479.8501,0
870,20.00,15479.8501,15479.8501,0
871,20.00,15479.8501,15479.8501,0
877,20.00,15479.8501,15479.8501,0
879,20.00,15479.8501,15479.8501,0
880,20.00,15479.8501,15479.8501,0
881,20.00,15479.8501,15479.8501,0
885,20.00,15479.8501,15479.8501,0
893,20.00,15479.8501,15479.8501,0
894,20.00,15479.8501,15479.8501,0
898,20.00,15479.8501,15479.8501,0
907,20.00,15479.8501,15479.8501,0
908,20.00,15479.8501,15479.8501,0
909,20.00,15479.8501,15479.8501,1
910,20.11,15128.4004,15479.8501,0
911,20.16,15128.4004,15479.8501,0
912,20.22,15128.4004,15479.8501,0
913,20.29,15128.4004,15479.8501,0
914,20.34,15128.4004,15479.8501,0
915,20.38,15128.4004,15479.8501,0
916,20.38,15128.4004,15479.8501,0
917,20.43,15128.4004,15479.8501,0
918,20.43,15128.4004,15479.8501,0
919,20.43,15128.4004,15479.8501,0
920,20.48,15305.4912,15479.8501,0
922,20.54,15306.1237,15479.8501,0
923,20.58,15324.0129,15479.8501,0
924,20.62,15324.0129,15479.8501,0
925,20.68,15324.0129,15479.8501,0
926,20.71,15324.0129,15479.8501,0
928,20.81,15324.0129,15479.8501,0
929,20.84,15324.0129,15479.8501,0
930,20.88,15324.0129,15479.8501,0
931,20.92,15324.0129,15479.8501,0
932,20.95,15324.0129,15479.8501,0
933,20.99,15324.0129,15479.8501,0
934,21.02,15324.0129,15479.8501,0
935,21.07,15324.0129,15479.8501,0
937,21.11,15324.0129,15479.8501,0
938,21.15,15324.0129,15479.8501,0
939,21.15,15324.0129,15479.8501,0
940,21.18,15324.0129,15479.8501,0
941,21.23,15324.0129,15479.8501,0
942,21.26,15324.0129,15479.8501,0
943,21.29,15324.0129,15479.8501,0
944,21.33,15324.0129,15479.8501,0
946,21.38,15324.0129,15479.8501,0
947,21.43,15333.6660,15479.8501,0
948,21.49,15333.6660,15479.8501,0
949,21.54,15333.6660,15479.8501,0
950,21.58,15333.6660,15479.8501,0
951,21.63,15333.6660,15479.8501,0
953,21.67,15333.6660,15479.8501,0
954,21.71,15334.4398,15479.8501,0
955,21.77,15334.4398,15479.8501,0
956,21.81,15334.4398,15479.8501,0
957,21.86,15334.4398,15479.8501,0
958,21.91,15334.4398,15479.8501,0
960,21.98,15334.4398,15479.8501,0
962,22.03,15334.4398,15479.8501,0
963,22.07,15334.4398,15479.8501,0
964,22.11,15334.4398,15479.8501,0
965,22.16,15334.4398,15479.8501,0
967,22.20,15334.4398,15479.8501,0
968,22.25,15334.4398,15479.8501,0
970,22.25,15334.4398,15479.8501,0
972,22.29,15334.4398,15479.8501,0
973,22.33,15334.4398,15479.8501,0
975,22.38,15334.4398,15479.8501,0
976,22.39,15334.4398,15479.8501,0
978,22.39,15334.4398,15479.8501,0
979,22.39,15334.4398,15479.8501,0
980,22.45,15334.4398,15479.8501,0
983,22.51,15334.4398,15479.8501,0
984,22.55,15334.4398,15479.8501,0
985,22.55,15334.4398,15479.8501,0
986,22.60,15334.4398,15479.8501,0
988,22.64,15334.4398,15479.8501,0
989,22.64,15334.4398,15479.8501,0
990,22.68,15334.4398,15479.8501,0
991,22.72,15334.4398,15479.8501,0
992,22.76,15334.4398,15479.8501,0
995,22.81,15334.4398,15479.8501,0
997,22.81,15334.4398,15479.8501,0
998,22.84,15334.4398,15479.8501,0
999,22.84,15334.4398,15479.8501,0
1000,22.84,15334.4398,15479.8501,0
1005,22.89,15334.4398,15479.8501,0
1006,22.93,15334.4398,15479.8501,0
1007,22.97,15334.4398,15479.8501,0
1010,23.01,15334.4398,15479.8501,0
1028,23.06,15334.4398,15479.8501,0
1030,23.10,15334.4398,15479.8501,0
1031,23.15,15334.4398,15479.8501,0
1033,23.20,15334.4398,15479.8501,0
1034,23.25,15334.4398,15479.8501,0
1043,23.29,15348.1671,15479.8501,0
1045,23.35,15348.1671,15479.8501,0
1047,23.40,15348.1671,15479.8501,0
1049,23.45,15348.1671,15479.8501,0
1050,23.50,15348.1671,15479.8501,0
1052,23.55,15348.1671,15479.8501,0
1053,23.55,15348.1671,15479.8501,0
1056,23.55,15348.1671,15479.8501,0
1058,23.55,15348.1671,15479.8501,0
1059,23.60,15348.1671,15479.8501,0
1060,23.60,15348.1671,15479.8501,0
1061,23.64,15348.1671,15479.8501,0
1063,23.64,15348.1671,15479.8501,0
1065,23.68,15348.1671,15479.8501,0
1074,23.72,15348.1671,15479.8501,0
1075,23.76,15348.1671,15479.8501,0
1077,23.81,15348.1671,15479.8501,0
1078,23.86,15348.1671,15479.8501,0
1079,23.90,15348.1671,15479.8501,0
1080,23.93,15348.1671,15479.8501,0
1081,23.98,15348.1671,15479.8501,0
1083,24.01,15348.1671,15479.8501,0
1085,24.06,15348.1671,15479.8501,0
1089,24.10,15348.1671,15479.8501,0
1095,24.14,15348.1671,15479.8501,0
1098,24.19,15348.1671,15479.8501,0
1104,24.23,15348.1671,15479.8501,0
1108,24.28,15348.1671,15479.8501,0
1109,24.33,15348.1671,15479.8501,0
1132,24.38,15348.1671,15479.8501,0
1135,24.42,15348.1671,15479.8501,0
1144,24.47,15348.1671,15479.8501,0
1146,24.52,15348.1671,15479.8501,0
1159,24.57,15348.1671,15479.8501,0
1161,24.62,15348.1671,15479.8501,0
1164,24.67,15348.1671,15479.8501,0
1166,24.72,15348.1671,15479.8501,0
1169,24.76,15348.1671,15479.8501,0
1172,24.81,15348.1671,15479.8501,0
1174,24.85,15348.1671,15479.8501,0
1177,24.85,15348.1671,15479.8501,0
1180,24.89,15348.1671,15479.8501,0
1181,24.89,15479.8501,15479.8501,1
1182,24.99,15024.8415,15479.8501,0
1183,25.04,15024.8415,15479.8501,0
1184,25.10,15024.8415,15479.8501,0
1185,25.14,15024.8415,15479.8501,0
1186,25.19,15024.8415,15479.8501,0
1187,25.23,15089.6663,15479.8501,0
1188,25.29,15089.6663,15479.8501,0
1189,25.34,15092.4390,15479.8501,0
1190,25.38,15303.1524,15479.8501,0
1191,25.44,15303.1524,15479.8501,0
1192,25.51,15303.1524,15479.8501,0
1193,25.56,15472.6618,15479.8501,0
1194,25.60,15609.8824,15609.8824,0
1195,25.64,15622.6514,15622.6514,0
1196,25.71,15622.6514,15622.6514,0
1197,25.77,15622.6514,15622.6514,0
1198,25.82,15622.6514,15622.6514,0
1199,25.82,15622.6514,15622.6514,0
1200,25.82,15622.6514,15622.6514,0
1202,25.86,15622.6514,15622.6514,0
1203,25.91,15622.6514,15622.6514,0
1206,25.96,15622.6514,15622.6514,0
1207,25.99,15625.8480,15625.8480,0
1208,26.05,15625.8480,15625.8480,0
1209,26.10,15625.8480,15625.8480,0
1210,26.13,15625.8480,15625.8480,0
1213,26.17,15625.8480,15625.8480,0
1214,26.18,15625.8480,15625.8480,0
1218,26.22,15625.8480,15625.8480,0
1219,26.27,15625.8480,15625.8480,0
1220,26.31,15625.8480,15625.8480,0
1221,26.35,15625.8480,15625.8480,0
1222,26.38,15625.8480,15625.8480,0
1223,26.38,15625.8480,15625.8480,0
1224,26.38,15625.8480,15625.8480,0
1225,26.41,15625.8480,15625.8480,0
1226,26.44,15639.4980,15639.4980,0
1228,26.49,15639.4980,15639.4980,0
1231,26.52,15639.4980,15639.4980,0
1232,26.55,15639.4980,15639.4980,0
1233,26.60,15639.4980,15639.4980,0
1234,26.66,15639.4980,15639.4980,0
1235,26.69,15639.4980,15639.4980,0
1236,26.72,15639.4980,15639.4980,0
1239,26.76,15639.4980,15639.4980,0
1240,26.81,15639.4980,15639.4980,0
1241,26.84,15639.4980,15639.4980,0
1242,26.88,15639.4980,15639.4980,0
1243,26.91,15639.4980,15639.4980,0
1244,26.95,15639.4980,15639.4980,0
1245,26.95,15639.4980,15639.4980,0
1246,26.98,15639.4980,15639.4980,0
1247,27.03,15639.4980,15639.4980,0
1248,27.07,15639.4980,15639.4980,0
1249,27.07,15639.4980,15639.4980,0
1251,27.10,15639.4980,15639.4980,0
1252,27.15,15639.4980,15639.4980,0
1254,27.19,15639.4980,15639.4980,0
1258,27.19,15639.4980,15639.4980,0
1259,27.19,15639.4980,15639.4980,0
1261,27.23,15639.4980,15639.4980,0
1262,27.27,15639.4980,15639.4980,0
1269,27.27,15639.4980,15639.4980,0
1270,27.27,15639.4980,15639.4980,0
1273,27.30,15639.4980,15639.4980,0
1274,27.33,15639.4980,15639.4980,0
1275,27.33,15639.4980,15639.4980,0
1281,27.36,15691.6362,15691.6362,0
1284,27.40,15691.6362,15691.6362,0
1285,27.46,15691.6362,15691.6362,0
1286,27.51,15691.6362,15691.6362,0
1287,27.55,15691.6362,15691.6362,0
1288,27.58,15691.6362,15691.6362,0
1289,27.62,15691.6362,15691.6362,0
1290,27.65,15691.6362,15691.6362,0
1291,27.71,15691.6362,15691.6362,0
1292,27.75,15691.6362,15691.6362,0
1294,27.75,15691.6362,15691.6362,0
1295,27.78,15691.6362,15691.6362,0
1296,27.81,15691.6362,15691.6362,0
1297,27.81,15691.6362,15691.6362,0
1298,27.85,15691.6362,15691.6362,0
1299,27.85,15691.6362,15691.6362,0
1300,27.89,15691.6362,15691.6362,0
1301,27.92,15691.6362,15691.6362,0
1303,27.96,15691.6362,15691.6362,0
1304,27.99,15691.6362,15691.6362,0
1305,27.99,15691.6362,15691.6362,0
1306,28.04,15691.6362,15691.6362,0
1307,28.04,15691.6362,15691.6362,0
1309,28.04,15691.6362,15691.6362,0
1310,28.07,15691.6362,15691.6362,0
1313,28.10,15691.6362,15691.6362,0
1315,28.10,15691.6362,15691.6362,0
1317,28.13,15691.6362,15691.6362,0
1318,28.17,15691.6362,15691.6362,0
1324,28.21,15691.6362,15691.6362,0
1329,28.26,15691.6362,15691.6362,0
1338,28.29,15691.6362,15691.6362,0
1339,28.32,15691.6362,15691.6362,0
1341,28.37,15691.6362,15691.6362,0
1345,28.41,15691.6362,15691.6362,0
1355,28.44,15691.6362,15691.6362,0
1359,28.47,15691.6362,15691.6362,0
1360,28.52,15691.6362,15691.6362,0
1364,28.57,15691.6362,15691.6362,0
1366,28.60,15691.6362,15691.6362,0
1367,28.64,15691.6362,15691.6362,0
1372,28.67,15691.6362,15691.6362,0
1379,28.72,15691.6362,15691.6362,0
1382,28.76,15691.6362,15691.6362,0
1385,28.79,15691.6362,15691.6362,0
1386,28.79,15691.6362,15691.6362,1
1387,28.90,15489.4382,15691.6362,0
1388,28.94,15489.4382,15691.6362,0
1389,28.99,15489.4382,15691.6362,0
1390,29.03,15691.6362,15691.6362,0
1392,29.05,15691.6362,15691.6362,0
1394,29.05,15691.6362,15691.6362,0
1395,29.05,15691.6362,15691.6362,0
1397,29.05,15691.6362,15691.6362,0
1398,29.05,15691.6362,15691.6362,0
1399,29.07,15691.6362,15691.6362,0
1400,29.07,15691.6362,15691.6362,0
1401,29.07,15691.6362,15691.6362,0
1403,29.07,15691.6362,15691.6362,0
1406,29.07,15691.6362,15691.6362,0
1407,29.07,15691.6362,15691.6362,0
1408,29.07,15691.6362,15691.6362,0
1411,29.07,15691.6362,15691.6362,0
1412,29.07,15691.6362,15691.6362,0
1413,29.07,15691.6362,15691.6362,0
1414,29.07,15691.6362,15691.6362,0
1415,29.07,15691.6362,15691.6362,0
1416,29.07,15691.6362,15691.6362,0
1417,29.07,15691.6362,15691.6362,0
1419,29.07,15691.6362,15691.6362,0
1426,29.07,15691.6362,15691.6362,0
1427,29.07,15691.6362,15691.6362,0
1429,29.07,15691.6362,15691.6362,0
1431,29.07,15691.6362,15691.6362,0
1439,29.07,15691.6362,15691.6362,0
1440,29.07,15691.6362,15691.6362,0
1441,29.07,15691.6362,15691.6362,0
1442,29.07,15691.6362,15691.6362,0
1443,29.07,15691.6362,15691.6362,0
1445,29.07,15691.6362,15691.6362,0
1446,29.07,15691.6362,15691.6362,0
1449,29.07,15691.6362,15691.6362,0
1455,29.07,15691.6362,15691.6362,0
1459,29.07,15691.6362,15691.6362,0
1462,29.07,15691.6362,15691.6362,0
1463,29.07,15691.6362,15691.6362,0
1469,29.07,15691.6362,15691.6362,0
1479,29.07,15691.6362,15691.6362,0
1484,29.07,15691.6362,15691.6362,0
1492,29.07,15691.6362,15691.6362,0
1493,29.07,15691.6362,15691.6362,0
1495,29.07,15691.6362,15691.6362,0
1496,29.07,15691.6362,15691.6362,0
1497,29.07,15691.6362,15691.6362,0
1498,29.07,15691.6362,15691.6362,1
1499,29.13,15467.5223,15691.6362,0
1500,29.17,15467.5223,15691.6362,0
1501,29.20,15467.5223,15691.6362,0
1502,29.23,15467.5223,15691.6362,0
1503,29.28,15504.7714,15691.6362,0
1504,29.33,15504.7714,15691.6362,0
1505,29.38,15504.7714,15691.6362,0
1506,29.43,15504.7714,15691.6362,0
1507,29.47,15504.7714,15691.6362,0
1508,29.52,15504.7714,15691.6362,0
1509,29.56,15504.7714,15691.6362,0
1510,29.59,15691.6362,15691.6362,0
1511,29.60,15691.6362,15691.6362,0
1512,29.61,15691.6362,15691.6362,0
1513,29.63,15691.6362,15691.6362,0
1515,29.63,15691.6362,15691.6362,0
1516,29.63,15691.6362,15691.6362,0
1517,29.63,15691.6362,15691.6362,0
1519,29.63,15691.6362,15691.6362,0
1520,29.63,15691.6362,15691.6362,0
1521,29.63,15691.6362,15691.6362,0
1523,29.63,15691.6362,15691.6362,0
1524,29.63,15691.6362,15691.6362,0
1525,29.63,15691.6362,15691.6362,0
1528,29.63,15691.6362,15691.6362,0
1529,29.63,15691.6362,15691.6362,0
1530,29.63,15691.6362,15691.6362,0
1531,29.63,15691.6362,15691.6362,0
1532,29.63,15691.6362,15691.6362,0
1534,29.63,15691.6362,15691.6362,0
1536,29.63,15691.6362,15691.6362,0
1538,29.63,15691.6362,15691.6362,0
1539,29.63,15691.6362,15691.6362,0
1540,29.63,15691.6362,15691.6362,0
1541,29.63,15691.6362,15691.6362,0
1542,29.63,15691.6362,15691.6362,0
1544,29.63,15691.6362,15691.6362,0
1548,29.63,15691.6362,15691.6362,0
1549,29.63,15691.6362,15691.6362,0
1552,29.63,15691.6362,15691.6362,0
1554,29.63,15691.6362,15691.6362,0
1556,29.63,15691.6362,15691.6362,0
1557,29.63,15691.6362,15691.6362,0
1560,29.63,15691.6362,15691.6362,0
1561,29.63,15691.6362,15691.6362,0
1562,29.63,15691.6362,15691.6362,0
1564,29.63,15691.6362,15691.6362,0
1573,29.63,15691.6362,15691.6362,0
1577,29.63,15691.6362,15691.6362,0
1578,29.63,15691.6362,15691.6362,0
1581,29.63,15691.6362,15691.6362,0
1590,29.63,15691.6362,15691.6362,0
1599,29.63,15691.6362,15691.6362,0
1605,29.63,15691.6362,15691.6362,0
1606,29.63,15691.6362,15691.6362,0
1609,29.63,15691.6362,15691.6362,0
1610,29.63,15691.6362,15691.6362,1
1611,29.76,15195.9007,15691.6362,0
1612,29.82,15364.5274,15691.6362,0
1613,29.87,15364.5274,15691.6362,0
1614,29.93,15364.5274,15691.6362,0
1615,29.98,15374.4883,15691.6362,0
1616,30.04,15374.4883,15691.6362,0
1617,30.08,15374.4883,15691.6362,0
1618,30.10,15374.4883,15691.6362,0
1619,30.14,15374.4883,15691.6362,0
1620,30.18,15547.4010,15691.6362,0
1621,30.22,15547.4010,15691.6362,0
1623,30.26,15547.4010,15691.6362,0
1624,30.30,15547.4010,15691.6362,0
1625,30.34,15547.4010,15691.6362,0
1626,30.37,15547.4010,15691.6362,0
1627,30.37,15547.4010,15691.6362,0
1629,30.40,15547.4010,15691.6362,0
1631,30.47,15547.4010,15691.6362,0
1632,30.51,15547.4010,15691.6362,0
1633,30.56,15547.4010,15691.6362,0
1634,30.60,15547.4010,15691.6362,0
1635,30.60,15547.4010,15691.6362,0
1636,30.63,15547.4010,15691.6362,0
1637,30.66,15547.4010,15691.6362,0
1639,30.71,15547.4010,15691.6362,0
1641,30.75,15551.3448,15691.6362,0
1642,30.81,15551.3448,15691.6362,0
1643,30.85,15691.6362,15691.6362,0
1646,30.86,15691.6362,15691.6362,0
1647,30.87,15691.6362,15691.6362,0
1648,30.87,15691.6362,15691.6362,0
1649,30.87,15691.6362,15691.6362,0
1651,30.88,15691.6362,15691.6362,0
1652,30.88,15691.6362,15691.6362,0
1655,30.88,15691.6362,15691.6362,0
1656,30.88,15691.6362,15691.6362,0
1658,30.88,15691.6362,15691.6362,0
1659,30.88,15691.6362,15691.6362,0
1660,30.88,15691.6362,15691.6362,0
1661,30.88,15691.6362,15691.6362,0
1662,30.88,15691.6362,15691.6362,0
1663,30.88,15691.6362,15691.6362,0
1664,30.88,15691.6362,15691.6362,0
1667,30.88,15691.6362,15691.6362,0
1669,30.88,15691.6362,15691.6362,0
1671,30.88,15691.6362,15691.6362,0
1672,30.88,15691.6362,15691.6362,0
1675,30.88,15691.6362,15691.6362,0
1676,30.88,15691.6362,15691.6362,0
1677,30.88,15691.6362,15691.6362,0
1679,30.88,15691.6362,15691.6362,0
1683,30.88,15691.6362,15691.6362,0
1684,30.88,15691.6362,15691.6362,0
1685,30.88,15691.6362,15691.6362,0
1690,30.88,15691.6362,15691.6362,0
1694,30.88,15691.6362,15691.6362,0
1702,30.88,15691.6362,15691.6362,0
1704,30.88,15691.6362,15691.6362,0
1711,30.88,15691.6362,15691.6362,0
1715,30.88,15691.6362,15691.6362,0
1716,30.88,15691.6362,15691.6362,0
1725,30.88,15691.6362,15691.6362,0
1729,30.88,15691.6362,15691.6362,0
1732,30.88,15691.6362,15691.6362,0
1733,30.88,15691.6362,15691.6362,0
1734,30.88,15691.6362,15691.6362,0
1744,30.88,15691.6362,15691.6362,0
1747,30.88,15691.6362,15691.6362,0
1749,30.88,15691.6362,15691.6362,0
1751,30.88,15691.6362,15691.6362,0
1757,30.88,15691.6362,15691.6362,0
1758,30.88,15691.6362,15691.6362,0
1759,30.88,15691.6362,15691.6362,1
1760,31.02,15296.9637,15691.6362,0
1761,31.07,15495.5337,15691.6362,0
1762,31.13,15495.5337,15691.6362,0
1763,31.17,15495.5337,15691.6362,0
1764,31.23,15495.5337,15691.6362,0
1765,31.28,15495.5337,15691.6362,0
1766,31.33,15495.5337,15691.6362,0
1767,31.38,15495.5337,15691.6362,0
1768,31.43,15495.5337,15691.6362,0
1769,31.48,15495.5337,15691.6362,0
1770,31.53,15659.6588,15691.6362,0
1771,31.59,15659.6588,15691.6362,0
1772,31.63,15659.6588,15691.6362,0
1773,31.67,15659.6588,15691.6362,0
1774,31.72,15659.6588,15691.6362,0
1775,31.74,15659.6588,15691.6362,0
1776,31.79,15659.6588,15691.6362,0
1778,31.84,15659.6588,15691.6362,0
1779,31.88,15659.6588,15691.6362,0
1780,31.93,15659.6588,15691.6362,0
1781,31.98,15659.6588,15691.6362,0
1782,32.03,15678.6592,15691.6362,0
1783,32.08,15678.6592,15691.6362,0
1784,32.14,15678.6592,15691.6362,0
1785,32.19,15678.6592,15691.6362,0
1787,32.22,15678.6592,15691.6362,0
1788,32.27,15678.6592,15691.6362,0
1789,32.30,15678.6592,15691.6362,0
1790,32.35,15678.6592,15691.6362,0
1791,32.40,15678.6592,15691.6362,0
1792,32.47,15678.6592,15691.6362,0
1793,32.51,15691.2820,15691.6362,0
1794,32.55,15691.2820,15691.6362,0
1796,32.61,15691.2820,15691.6362,0
1798,32.64,15691.6362,15691.6362,0
1800,32.66,15691.6362,15691.6362,0
1801,32.66,15691.6362,15691.6362,0
1802,32.66,15691.6362,15691.6362,0
1803,32.66,15691.6362,15691.6362,0
1804,32.66,15691.6362,15691.6362,0
1805,32.66,15691.6362,15691.6362,0
1807,32.66,15691.6362,15691.6362,0
1809,32.66,15691.6362,15691.6362,0
1810,32.68,15691.6362,15691.6362,0
1811,32.68,15691.6362,15691.6362,0
1813,32.68,15691.6362,15691.6362,0
1818,32.68,15691.6362,15691.6362,0
1820,32.68,15691.6362,15691.6362,0
1821,32.68,15691.6362,15691.6362,0
1822,32.68,15691.6362,15691.6362,0
1823,32.68,15691.6362,15691.6362,0
1824,32.68,15691.6362,15691.6362,0
1828,32.68,15691.6362,15691.6362,0
1829,32.68,15691.6362,15691.6362,0
1830,32.68,15691.6362,15691.6362,0
1835,32.68,15691.6362,15691.6362,0
1837,32.68,15691.6362,15691.6362,0
1838,32.68,15691.6362,15691.6362,0
1839,32.68,15691.6362,15691.6362,0
1840,32.68,15691.6362,15691.6362,0
1844,32.68,15691.6362,15691.6362,0
1846,32.68,15691.6362,15691.6362,0
1847,32.68,15691.6362,15691.6362,0
1852,32.68,15691.6362,15691.6362,0
1859,32.68,15691.6362,15691.6362,0
1870,32.68,15691.6362,15691.6362,0
1871,32.68,15691.6362,15691.6362,0
1882,32.68,15691.6362,15691.6362,0
1886,32.68,15691.6362,15691.6362,0
1887,32.68,15691.6362,15691.6362,0
1893,32.68,15691.6362,15691.6362,0
1894,32.68,15691.6362,15691.6362,0
1910,32.68,15691.6362,15691.6362,0
1915,32.68,15691.6362,15691.6362,0
1917,32.68,15691.6362,15691.6362,0
1918,32.68,15691.6362,15691.6362,0
1923,32.68,15691.6362,15691.6362,0
1927,32.68,15691.6362,15691.6362,0
1934,32.68,15691.6362,15691.6362,0
1935,32.68,15691.6362,15691.6362,1
1936,32.77,14917.9816,15691.6362,0
1937,32.83,14917.9816,15691.6362,0
1938,32.88,14917.9816,15691.6362,0
1939,32.92,14917.9816,15691.6362,0
1940,32.97,14917.9816,15691.6362,0
1941,33.02,14917.9816,15691.6362,0
1942,33.07,14917.9816,15691.6362,0
1943,33.12,15176.3358,15691.6362,0
1944,33.18,15176.3358,15691.6362,0
1945,33.20,15176.3358,15691.6362,0
1946,33.24,15176.3358,15691.6362,0
1947,33.29,15280.5330,15691.6362,0
1948,33.35,15280.5330,15691.6362,0
1949,33.41,15280.5330,15691.6362,0
1950,33.46,15280.5330,15691.6362,0
1951,33.51,15280.5330,15691.6362,0
1952,33.55,15474.0294,15691.6362,0
1954,33.60,15474.0294,15691.6362,0
1955,33.65,15474.0294,15691.6362,0
1956,33.70,15474.0294,15691.6362,0
1958,33.73,15474.0294,15691.6362,0
1959,33.74,15474.0294,15691.6362,0
1964,33.78,15474.0294,15691.6362,0
1965,33.82,15474.0294,15691.6362,0
1966,33.87,15474.0294,15691.6362,0
1967,33.91,15474.0294,15691.6362,0
1968,33.91,15474.0294,15691.6362,0
1969,33.95,15474.0294,15691.6362,0
1970,34.00,15474.0294,15691.6362,0
1971,34.03,15474.0294,15691.6362,0
1972,34.07,15474.0294,15691.6362,0
1974,34.11,15474.0294,15691.6362,0
1975,34.14,15474.0294,15691.6362,0
1976,34.18,15474.0294,15691.6362,0
1977,34.22,15474.0294,15691.6362,0
1978,34.25,15474.0294,15691.6362,0
1982,34.30,15474.0294,15691.6362,0
1984,34.30,15474.0294,15691.6362,0
1989,34.33,15474.0294,15691.6362,0
1991,34.33,15474.0294,15691.6362,0
1995,34.37,15474.0294,15691.6362,0
2004,34.42,15474.0294,15691.6362,0
2009,34.46,15474.0294,15691.6362,0
2016,34.50,15474.0294,15691.6362,0
2020,34.53,15474.0294,15691.6362,0
2031,34.56,15474.0294,15691.6362,0
2033,34.59,15474.0294,15691.6362,0
2035,34.63,15474.0294,15691.6362,0
2036,34.66,15474.0294,15691.6362,0
2053,34.69,15474.0294,15691.6362,0
2058,34.73,15474.0294,15691.6362,0
2059,34.78,15474.0294,15691.6362,0
2061,34.82,15474.0294,15691.6362,0
2069,34.86,15474.0294,15691.6362,0
2070,34.91,15474.0294,15691.6362,0
2074,34.94,15474.0294,15691.6362,0
2078,34.97,15474.0294,15691.6362,0
2086,35.01,15474.0294,15691.6362,0
2087,35.01,15691.6362,15691.6362,1
2088,35.11,14881.9435,15691.6362,0
2089,35.16,14881.9435,15691.6362,0
2090,35.21,14881.9435,15691.6362,0
2091,35.26,14881.9435,15691.6362,0
2092,35.31,15117.4594,15691.6362,0
2093,35.38,15117.4594,15691.6362,0
2094,35.43,15335.9324,15691.6362,0
2095,35.48,15335.9324,15691.6362,0
2096,35.53,15499.0439,15691.6362,0
2097,35.58,15499.0439,15691.6362,0
2098,35.63,15499.0439,15691.6362,0
2099,35.67,15499.0439,15691.6362,0
2100,35.73,15499.5077,15691.6362,0
2101,35.74,15499.5077,15691.6362,0
2102,35.78,15657.5935,15691.6362,0
2103,35.82,15715.3609,15715.3609,0
2104,35.89,15715.3609,15715.3609,0
2105,35.92,15715.3609,15715.3609,0
2106,35.96,15715.3609,15715.3609,0
2108,35.97,15715.3609,15715.3609,0
2109,36.02,15715.3609,15715.3609,0
2110,36.08,15898.8202,15898.8202,0
2111,36.12,15898.8202,15898.8202,0
2112,36.16,15907.7076,15907.7076,0
2113,36.22,15907.7076,15907.7076,0
2114,36.27,15907.7076,15907.7076,0
2115,36.31,15907.7076,15907.7076,0
2118,36.35,15907.7076,15907.7076,0
2120,36.36,15907.7076,15907.7076,0
2121,36.41,15907.7076,15907.7076,0
2122,36.44,15907.7076,15907.7076,0
2123,36.48,15907.7076,15907.7076,0
2124,36.52,15907.7076,15907.7076,0
2125,36.56,15907.7076,15907.7076,0
2126,36.60,15907.7076,15907.7076,0
2127,36.63,15907.7076,15907.7076,0
2128,36.63,15907.7076,15907.7076,0
2130,36.66,15907.7076,15907.7076,0
2131,36.70,15907.7076,15907.7076,0
2134,36.73,15907.7076,15907.7076,0
2142,36.77,15907.7076,15907.7076,0
2152,36.81,15907.7076,15907.7076,0
2155,36.85,15907.7076,15907.7076,0
2157,36.90,15907.7076,15907.7076,0
2163,36.94,15907.7076,15907.7076,0
2170,36.98,15907.7076,15907.7076,0
2173,37.02,15907.7076,15907.7076,0
2180,37.05,15907.7076,15907.7076,0
2181,37.09,15907.7076,15907.7076,0
2182,37.13,15907.7076,15907.7076,0
2197,37.16,15907.7076,15907.7076,0
2198,37.20,15907.7076,15907.7076,0
2205,37.24,15907.7076,15907.7076,0
2208,37.29,15907.7076,15907.7076,0
2220,37.32,15907.7076,15907.7076,0
2222,37.36,15907.7076,15907.7076,0
2223,37.36,15907.7076,15907.7076,1
2224,37.47,15701.8794,15907.7076,0
2225,37.53,15701.8794,15907.7076,0
2226,37.59,15701.8794,15907.7076,0
2227,37.63,15907.7076,15907.7076,0
2228,37.64,15907.7076,15907.7076,0
2229,37.65,15907.7076,15907.7076,0
2231,37.65,15907.7076,15907.7076,0
2232,37.67,15907.7076,15907.7076,0
2233,37.67,15907.7076,15907.7076,0
2234,37.67,15907.7076,15907.7076,0
2236,37.67,15907.7076,15907.7076,0
2237,37.67,15907.7076,15907.7076,0
2238,37.67,15907.7076,15907.7076,0
2239,37.67,15907.7076,15907.7076,0
2240,37.67,15907.7076,15907.7076,0
2242,37.67,15907.7076,15907.7076,0
2245,37.67,15907.7076,15907.7076,0
2247,37.67,15907.7076,15907.7076,0
2250,37.67,15907.7076,15907.7076,0
2251,37.67,15907.7076,15907.7076,0
2253,37.67,15907.7076,15907.7076,0
2256,37.67,15907.7076,15907.7076,0
2261,37.67,15907.7076,15907.7076,0
2264,37.67,15907.7076,15907.7076,0
2269,37.67,15907.7076,15907.7076,0
2274,37.67,15907.7076,15907.7076,0
2275,37.67,15907.7076,15907.7076,0
2276,37.67,15907.7076,15907.7076,0
2277,37.67,15907.7076,15907.7076,0
2279,37.67,15907.7076,15907.7076,0
2281,37.67,15907.7076,15907.7076,0
2284,37.67,15907.7076,15907.7076,0
2286,37.67,15907.7076,15907.7076,0
2287,37.67,15907.7076,15907.7076,0
2294,37.67,15907.7076,15907.7076,0
2296,37.67,15907.7076,15907.7076,0
2297,37.67,15907.7076,15907.7076,1
2298,37.76,15549.4599,15907.7076,0
2299,37.80,15749.6202,15907.7076,0
2300,37.85,15749.6202,15907.7076,0
2301,37.91,15749.6202,15907.7076,0
2302,37.91,15749.6202,15907.7076,0
2303,37.95,15749.6202,15907.7076,0
2304,37.99,15907.7076,15907.7076,0
2305,38.01,15907.7076,15907.7076,0
2306,38.01,15907.7076,15907.7076,0
2307,38.01,15907.7076,15907.7076,0
2308,38.01,15907.7076,15907.7076,0
2309,38.01,15907.7076,15907.7076,0
2311,38.03,15907.7076,15907.7076,0
2312,38.03,15907.7076,15907.7076,0
2313,38.03,15907.7076,15907.7076,0
2314,38.03,15907.7076,15907.7076,0
2315,38.03,15907.7076,15907.7076,0
2316,38.03,15907.7076,15907.7076,0
2321,38.03,15907.7076,15907.7076,0
2325,38.03,15907.7076,15907.7076,0
2326,38.03,15907.7076,15907.7076,0
2332,38.03,15907.7076,15907.7076,0
2333,38.03,15907.7076,15907.7076,0
2335,38.03,15907.7076,15907.7076,0
2342,38.03,15907.7076,15907.7076,0
2347,38.03,15907.7076,15907.7076,0
2353,38.03,15907.7076,15907.7076,0
2354,38.03,15907.7076,15907.7076,0
2355,38.03,15907.7076,15907.7076,0
2358,38.03,15907.7076,15907.7076,0
2359,38.03,15907.7076,15907.7076,0
2364,38.03,15907.7076,15907.7076,0
2365,38.03,15907.7076,15907.7076,0
2375,38.03,15907.7076,15907.7076,0
2382,38.03,15907.7076,15907.7076,0
2386,38.03,15907.7076,15907.7076,0
2387,38.03,15907.7076,15907.7076,0
2402,38.03,15907.7076,15907.7076,0
2403,38.03,15907.7076,15907.7076,0
2404,38.03,15907.7076,15907.7076,1
2405,38.11,15543.4437,15907.7076,0
2406,38.16,15543.4437,15907.7076,0
2407,38.19,15543.4437,15907.7076,0
2408,38.24,15729.6667,15907.7076,0
2409,38.27,15729.6667,15907.7076,0
2410,38.30,15729.6667,15907.7076,0
2411,38.34,15867.5644,15907.7076,0
2412,38.39,15867.5644,15907.7076,0
2413,38.44,15870.7610,15907.7076,0
2414,38.48,15870.7610,15907.7076,0
2415,38.52,15870.7610,15907.7076,0
2416,38.58,15870.7610,15907.7076,0
2417,38.62,15870.7610,15907.7076,0
2418,38.66,15907.7076,15907.7076,0
2419,38.66,15907.7076,15907.7076,0
2420,38.66,15907.7076,15907.7076,0
2421,38.66,15907.7076,15907.7076,0
2422,38.68,15907.7076,15907.7076,0
2423,38.68,15907.7076,15907.7076,0
2424,38.68,15907.7076,15907.7076,0
2425,38.68,15907.7076,15907.7076,0
2427,38.69,15907.7076,15907.7076,0
2429,38.69,15907.7076,15907.7076,0
2432,38.69,15907.7076,15907.7076,0
2434,38.69,15907.7076,15907.7076,0
2435,38.69,15907.7076,15907.7076,0
2436,38.69,15907.7076,15907.7076,0
2438,38.69,15907.7076,15907.7076,0
2441,38.69,15907.7076,15907.7076,0
2442,38.69,15907.7076,15907.7076,0
2443,38.69,15907.7076,15907.7076,0
2445,38.69,15907.7076,15907.7076,0
2446,38.69,15907.7076,15907.7076,0
2447,38.69,15907.7076,15907.7076,0
2453,38.69,15907.7076,15907.7076,0
2454,38.69,15907.7076,15907.7076,0
2456,38.69,15907.7076,15907.7076,0
2457,38.69,15907.7076,15907.7076,0
2461,38.69,15907.7076,15907.7076,0
2462,38.69,15907.7076,15907.7076,0
2477,38.69,15907.7076,15907.7076,0
2482,38.69,15907.7076,15907.7076,0
2483,38.69,15907.7076,15907.7076,0
2492,38.69,15907.7076,15907.7076,0
2497,38.70,15907.7076,15907.7076,0
2498,38.70,15907.7076,15907.7076,0
2499,38.70,15907.7076,15907.7076,1
2500,38.79,15334.5744,15907.7076,0
2501,38.83,15334.5744,15907.7076,0
2502,38.88,15334.5744,15907.7076,0
2503,38.93,15334.5744,15907.7076,0
2504,38.97,15334.5744,15907.7076,0
2505,39.01,15514.8029,15907.7076,0
2506,39.07,15514.8029,15907.7076,0
2507,39.12,15514.8029,15907.7076,0
2508,39.16,15514.8029,15907.7076,0
2509,39.20,15550.4955,15907.7076,0
2510,39.25,15550.4955,15907.7076,0
2511,39.30,15689.1074,15907.7076,0
2512,39.34,15689.1074,15907.7076,0
2513,39.40,15689.1074,15907.7076,0
2514,39.44,15689.1074,15907.7076,0
2515,39.48,15891.6188,15907.7076,0
2516,39.53,15891.6188,15907.7076,0
2517,39.57,15904.5110,15907.7076,0
2518,39.61,15904.5110,15907.7076,0
2519,39.65,15904.5110,15907.7076,0
2521,39.70,15907.7076,15907.7076,0
2522,39.72,15907.7076,15907.7076,0
2524,39.74,15907.7076,15907.7076,0
2525,39.74,15907.7076,15907.7076,0
2526,39.74,15907.7076,15907.7076,0
2527,39.74,15907.7076,15907.7076,0
2531,39.74,15907.7076,15907.7076,0
2533,39.74,15907.7076,15907.7076,0
2534,39.74,15907.7076,15907.7076,0
2535,39.74,15907.7076,15907.7076,0
2537,39.74,15907.7076,15907.7076,0
2538,39.74,15907.7076,15907.7076,0
2539,39.74,15907.7076,15907.7076,0
2542,39.74,15907.7076,15907.7076,0
2543,39.74,15907.7076,15907.7076,0
2544,39.74,15907.7076,15907.7076,0
2554,39.74,15907.7076,15907.7076,0
2559,39.74,15907.7076,15907.7076,0
2561,39.74,15907.7076,15907.7076,0
2562,39.74,15907.7076,15907.7076,0
2569,39.74,15907.7076,15907.7076,0
2570,39.74,15907.7076,15907.7076,0
2572,39.74,15907.7076,15907.7076,0
2574,39.74,15907.7076,15907.7076,0
2576,39.74,15907.7076,15907.7076,0
2586,39.74,15907.7076,15907.7076,0
2588,39.74,15907.7076,15907.7076,0
2599,39.74,15907.7076,15907.7076,0
2607,39.74,15907.7076,15907.7076,0
2609,39.74,15907.7076,15907.7076,0
2613,39.74,15907.7076,15907.7076,0
2614,39.74,15907.7076,15907.7076,0
2620,39.74,15907.7076,15907.7076,0
2621,39.74,15907.7076,15907.7076,1
2622,39.83,15152.3854,15907.7076,0
2623,39.89,15152.3854,15907.7076,0
2624,39.94,15253.7198,15907.7076,0
2625,39.98,15319.3897,15907.7076,0
2626,40.01,15515.4652,15907.7076,0
2627,40.06,15515.4652,15907.7076,0
2628,40.10,15519.9053,15907.7076,0
2629,40.14,15519.9053,15907.7076,0
2630,40.18,15804.3259,15907.7076,0
2631,40.22,15804.3259,15907.7076,0
2632,40.25,15804.3259,15907.7076,0
2633,40.28,15804.3259,15907.7076,0
2634,40.32,15907.7076,15907.7076,0
2635,40.34,15907.7076,15907.7076,0
2637,40.36,15907.7076,15907.7076,0
2638,40.36,15907.7076,15907.7076,0
2639,40.36,15907.7076,15907.7076,0
2640,40.36,15907.7076,15907.7076,0
2642,40.36,15907.7076,15907.7076,0
2643,40.36,15907.7076,15907.7076,0
2645,40.36,15907.7076,15907.7076,0
2646,40.36,15907.7076,15907.7076,0
2647,40.36,15907.7076,15907.7076,0
2652,40.36,15907.7076,15907.7076,0
2654,40.36,15907.7076,15907.7076,0
2664,40.36,15907.7076,15907.7076,0
2669,40.36,15907.7076,15907.7076,0
2674,40.36,15907.7076,15907.7076,0
2675,40.36,15907.7076,15907.7076,0
2681,40.36,15907.7076,15907.7076,0
2684,40.36,15907.7076,15907.7076,0
2685,40.36,15907.7076,15907.7076,0
2705,40.36,15907.7076,15907.7076,0
2709,40.36,15907.7076,15907.7076,0
2712,40.36,15907.7076,15907.7076,0
2715,40.36,15907.7076,15907.7076,0
2716,40.36,15907.7076,15907.7076,0
2721,40.36,15907.7076,15907.7076,0
2723,40.36,15907.7076,15907.7076,0
2732,40.36,15907.7076,15907.7076,0
2737,40.36,15907.7076,15907.7076,0
2738,40.36,15907.7076,15907.7076,0
2739,40.36,15907.7076,15907.7076,0
2740,40.36,15907.7076,15907.7076,0
2741,40.36,15907.7076,15907.7076,0
2742,40.36,15907.7076,15907.7076,1
2743,40.46,14759.4660,15907.7076,0
2744,40.51,14759.4660,15907.7076,0
2745,40.55,14759.4660,15907.7076,0
2746,40.61,14759.4660,15907.7076,0
2747,40.66,14759.4660,15907.7076,0
2748,40.70,14759.4660,15907.7076,0
2749,40.75,14759.4660,15907.7076,0
2750,40.79,14818.8184,15907.7076,0
2751,40.84,14818.8184,15907.7076,0
2752,40.90,14818.8184,15907.7076,0
2753,40.90,14818.8184,15907.7076,0
2754,40.96,14818.8184,15907.7076,0
2755,41.01,15055.4088,15907.7076,0
2756,41.07,15055.4088,15907.7076,0
2757,41.12,15055.4088,15907.7076,0
2758,41.17,15055.4088,15907.7076,0
2759,41.22,15055.4088,15907.7076,0
2760,41.26,15270.2077,15907.7076,0
2761,41.31,15270.2077,15907.7076,0
2762,41.36,15270.2077,15907.7076,0
2763,41.41,15270.2077,15907.7076,0
2764,41.46,15270.2077,15907.7076,0
2765,41.50,15270.2077,15907.7076,0
2766,41.54,15270.2077,15907.7076,0
2767,41.59,15270.2077,15907.7076,0
2768,41.63,15270.2077,15907.7076,0
2769,41.67,15469.8621,15907.7076,0
2770,41.72,15469.8621,15907.7076,0
2771,41.76,15806.6046,15907.7076,0
2772,41.80,15806.6046,15907.7076,0
2773,41.84,15806.6046,15907.7076,0
2774,41.87,15815.4921,15907.7076,0
2775,41.92,15815.4921,15907.7076,0
2776,41.95,15873.2708,15907.7076,0
2777,41.99,15891.5031,15907.7076,0
2778,42.03,15891.5031,15907.7076,0
2779,42.08,15891.5031,15907.7076,0
2780,42.15,15891.5031,15907.7076,0
2781,42.18,15891.7631,15907.7076,0
2782,42.24,15891.7631,15907.7076,0
2783,42.27,15891.7631,15907.7076,0
2784,42.28,15891.7631,15907.7076,0
2785,42.32,15891.7631,15907.7076,0
2786,42.35,15891.7631,15907.7076,0
2787,42.38,15891.7631,15907.7076,0
2788,42.42,15891.7631,15907.7076,0
2789,42.45,15891.7631,15907.7076,0
2790,42.48,15891.7631,15907.7076,0
2791,42.51,15891.7631,15907.7076,0
2792,42.54,15891.7631,15907.7076,0
2794,42.58,15891.7631,15907.7076,0
2795,42.61,15891.7631,15907.7076,0
2796,42.65,15891.7631,15907.7076,0
2797,42.68,15891.7631,15907.7076,0
2798,42.73,15891.7631,15907.7076,0
2799,42.76,15891.7631,15907.7076,0
2800,42.80,15891.7631,15907.7076,0
2801,42.84,15891.7631,15907.7076,0
2802,42.84,15891.7631,15907.7076,0
2803,42.90,15891.7631,15907.7076,0
2805,42.90,15891.7631,15907.7076,0
2806,42.90,15891.7631,15907.7076,0
2808,42.90,15891.7631,15907.7076,0
2809,42.93,15891.7631,15907.7076,0
2810,42.97,15891.7631,15907.7076,0
2811,43.00,15891.7631,15907.7076,0
2815,43.04,15891.7631,15907.7076,0
2820,43.04,15891.7631,15907.7076,0
2821,43.07,15891.7631,15907.7076,0
2823,43.11,15891.7631,15907.7076,0
2825,43.15,15891.7631,15907.7076,0
2826,43.18,15891.7631,15907.7076,0
2828,43.18,15891.7631,15907.7076,0
2829,43.21,15891.7631,15907.7076,0
2832,43.25,15891.7631,15907.7076,0
2833,43.29,15891.7631,15907.7076,0
2834,43.32,15891.7631,15907.7076,0
2835,43.36,15891.7631,15907.7076,0
2836,43.39,15891.7631,15907.7076,0
2837,43.43,15891.7631,15907.7076,0
2841,43.47,15891.7631,15907.7076,0
2842,43.51,15891.7631,15907.7076,0
2857,43.57,15891.7631,15907.7076,0
2860,43.60,15891.7631,15907.7076,0
2864,43.64,15891.7631,15907.7076,0
2871,43.67,15891.7631,15907.7076,0
2872,43.67,15907.7076,15907.7076,1
2873,43.77,14931.6863,15907.7076,0
2874,43.81,14931.6863,15907.7076,0
2875,43.87,14975.8903,15907.7076,0
2876,43.92,15139.6927,15907.7076,0
2877,43.96,15262.0861,15907.7076,0
2878,44.00,15278.8523,15907.7076,0
2879,44.04,15278.8523,15907.7076,0
2880,44.08,15278.8523,15907.7076,0
2882,44.12,15283.8289,15907.7076,0
2883,44.17,15283.8289,15907.7076,0
2887,44.22,15298.4978,15907.7076,0
2888,44.27,15298.4978,15907.7076,0
2889,44.30,15298.4978,15907.7076,0
2890,44.33,15298.4978,15907.7076,0
2891,44.38,15298.4978,15907.7076,0
2892,44.43,15530.9399,15907.7076,0
2893,44.48,15530.9399,15907.7076,0
2894,44.54,15530.9399,15907.7076,0
2895,44.58,15530.9399,15907.7076,0
2896,44.64,15530.9399,15907.7076,0
2897,44.68,15552.8178,15907.7076,0
2898,44.74,15552.8178,15907.7076,0
2899,44.80,15552.8178,15907.7076,0
2900,44.85,15552.8178,15907.7076,0
2901,44.90,15552.8178,15907.7076,0
2902,44.93,15688.1912,15907.7076,0
2903,44.97,15688.1912,15907.7076,0
2904,45.02,15688.1912,15907.7076,0
2905,45.06,15688.1912,15907.7076,0
2906,45.10,15688.1912,15907.7076,0
2907,45.15,15688.1912,15907.7076,0
2908,45.19,15788.1069,15907.7076,0
2909,45.24,15788.1069,15907.7076,0
2911,45.31,15788.1069,15907.7076,0
2914,45.33,15788.1069,15907.7076,0
2916,45.36,15788.1069,15907.7076,0
2918,45.39,15788.1069,15907.7076,0
2919,45.39,15788.1069,15907.7076,0
2921,45.39,15788.1069,15907.7076,0
2922,45.43,15788.1069,15907.7076,0
2923,45.47,15797.1983,15907.7076,0
2924,45.51,15797.1983,15907.7076,0
2925,45.56,15797.1983,15907.7076,0
2926,45.61,16005.8218,16005.8218,0
2927,45.65,16104.7555,16104.7555,0
2928,45.70,16104.7555,16104.7555,0
2930,45.74,16104.7555,16104.7555,0
2931,45.76,16104.7555,16104.7555,0
2932,45.79,16104.7555,16104.7555,0
2934,45.82,16104.7555,16104.7555,0
2935,45.82,16104.7555,16104.7555,0
2936,45.82,16104.7555,16104.7555,0
2937,45.86,16104.7555,16104.7555,0
2941,45.90,16104.7555,16104.7555,0
2942,45.95,16104.7555,16104.7555,0
2943,45.98,16104.7555,16104.7555,0
2953,46.02,16104.7555,16104.7555,0
2956,46.06,16104.7555,16104.7555,0
2960,46.09,16104.7555,16104.7555,0
2963,46.13,16104.7555,16104.7555,0
2964,46.17,16104.7555,16104.7555,0
2973,46.23,16104.7555,16104.7555,0
2975,46.26,16118.3852,16118.3852,0
2976,46.31,16118.3852,16118.3852,0
2979,46.36,16118.3852,16118.3852,0
2980,46.41,16118.3852,16118.3852,0
2982,46.46,16118.3852,16118.3852,0
2983,46.51,16118.3852,16118.3852,0
2985,46.55,16118.3852,16118.3852,0
2986,46.59,16118.3852,16118.3852,0
2987,46.59,16118.3852,16118.3852,0
2988,46.59,16118.3852,16118.3852,0
2989,46.59,16118.3852,16118.3852,0
2990,46.59,16118.3852,16118.3852,0
2992,46.63,16118.3852,16118.3852,0
2994,46.67,16118.3852,16118.3852,0
2995,46.67,16118.3852,16118.3852,0
2997,46.71,16118.3852,16118.3852,0
2999,46.76,16118.3852,16118.3852,0
3001,46.76,16118.3852,16118.3852,0
3003,46.80,16118.3852,16118.3852,0
3004,46.83,16118.3852,16118.3852,0
3005,46.87,16118.3852,16118.3852,0
3007,46.91,16118.3852,16118.3852,0
3008,46.95,16118.3852,16118.3852,0
3013,47.00,16118.3852,16118.3852,0
3015,47.04,16118.3852,16118.3852,0
3019,47.09,16118.3852,16118.3852,0
3024,47.13,16118.3852,16118.3852,0
3028,47.19,16118.3852,16118.3852,0
3031,47.24,16124.3208,16124.3208,0
3032,47.28,16124.3208,16124.3208,0
3033,47.32,16124.3208,16124.3208,0
3035,47.36,16124.3208,16124.3208,0
3036,47.42,16124.3208,16124.3208,0
3037,47.45,16124.3208,16124.3208,0
3039,47.49,16124.3208,16124.3208,0
3041,47.51,16124.3208,16124.3208,0
3042,47.51,16124.3208,16124.3208,0
3043,47.55,16124.3208,16124.3208,0
3044,47.59,16124.3208,16124.3208,0
3046,47.63,16124.3208,16124.3208,0
3047,47.68,16124.3208,16124.3208,0
3048,47.71,16124.3208,16124.3208,0
3053,47.71,16124.3208,16124.3208,0
3054,47.71,16124.3208,16124.3208,0
3056,47.76,16124.3208,16124.3208,0
3058,47.76,16124.3208,16124.3208,0
3059,47.80,16124.3208,16124.3208,0
3061,47.84,16124.3208,16124.3208,0
3062,47.87,16124.3208,16124.3208,0
3068,47.91,16124.3208,16124.3208,0
3071,47.96,16124.3208,16124.3208,0
3079,48.01,16124.3208,16124.3208,0
3090,48.05,16124.3208,16124.3208,0
3091,48.05,16124.3208,16124.3208,0
3093,48.08,16124.3208,16124.3208,0
3098,48.12,16124.3208,16124.3208,0
3104,48.17,16124.3208,16124.3208,0
3108,48.22,16124.3208,16124.3208,0
3109,48.26,16124.3208,16124.3208,0
3110,48.30,16124.3208,16124.3208,0
3111,48.33,16124.3208,16124.3208,0
3114,48.37,16124.3208,16124.3208,0
3119,48.41,16124.3208,16124.3208,0
3121,48.45,16124.3208,16124.3208,0
3122,48.49,16124.3208,16124.3208,0
3124,48.55,16124.3208,16124.3208,0
3125,48.55,16124.3208,16124.3208,1
3126,48.64,15918.4927,16124.3208,0
3127,48.68,16124.3208,16124.3208,0
3128,48.70,16124.3208,16124.3208,0
3130,48.71,16124.3208,16124.3208,0
3131,48.72,16124.3208,16124.3208,0
3133,48.72,16124.3208,16124.3208,0
3134,48.72,16124.3208,16124.3208,0
3135,48.72,16124.3208,16124.3208,0
3136,48.73,16124.3208,16124.3208,0
3137,48.73,16124.3208,16124.3208,0
3138,48.73,16124.3208,16124.3208,0
3140,48.73,16124.3208,16124.3208,0
3143,48.73,16124.3208,16124.3208,0
3150,48.73,16124.3208,16124.3208,0
3153,48.73,16124.3208,16124.3208,0
3154,48.73,16124.3208,16124.3208,0
3157,48.73,16124.3208,16124.3208,0
3158,48.73,16124.3208,16124.3208,0
3162,48.73,16124.3208,16124.3208,0
3167,48.73,16124.3208,16124.3208,0
3168,48.73,16124.3208,16124.3208,0
3171,48.73,16124.3208,16124.3208,0
3173,48.73,16124.3208,16124.3208,0
3176,48.73,16124.3208,16124.3208,0
3180,48.73,16124.3208,16124.3208,0
3183,48.73,16124.3208,16124.3208,0
3186,48.73,16124.3208,16124.3208,0
3187,48.73,16124.3208,16124.3208,0
3195,48.73,16124.3208,16124.3208,0
3198,48.73,16124.3208,16124.3208,0
3201,48.73,16124.3208,16124.3208,0
3203,48.73,16124.3208,16124.3208,0
3206,48.73,16124.3208,16124.3208,0
3208,48.73,16124.3208,16124.3208,0
3209,48.73,16124.3208,16124.3208,0
3210,48.73,16124.3208,16124.3208,0
3213,48.73,16124.3208,16124.3208,0
3215,48.73,16124.3208,16124.3208,0
3224,48.73,16124.3208,16124.3208,0
3225,48.73,16124.3208,16124.3208,1
3226,48.82,15966.2334,16124.3208,0
3227,48.86,16124.3208,16124.3208,0
3228,48.88,16124.3208,16124.3208,0
3229,48.88,16124.3208,16124.3208,0
3230,48.88,16124.3208,16124.3208,0
3231,48.88,16124.3208,16124.3208,0
3232,48.88,16124.3208,16124.3208,0
3233,48.90,16124.3208,16124.3208,0
3234,48.90,16124.3208,16124.3208,0
3235,48.90,16124.3208,16124.3208,0
3237,48.90,16124.3208,16124.3208,0
3238,48.90,16124.3208,16124.3208,0
3239,48.90,16124.3208,16124.3208,0
3240,48.90,16124.3208,16124.3208,0
3241,48.90,16124.3208,16124.3208,0
3242,48.90,16124.3208,16124.3208,0
3243,48.90,16124.3208,16124.3208,0
3244,48.90,16124.3208,16124.3208,0
3252,48.90,16124.3208,16124.3208,0
3253,48.90,16124.3208,16124.3208,0
3267,48.90,16124.3208,16124.3208,0
3268,48.90,16124.3208,16124.3208,0
3269,48.90,16124.3208,16124.3208,0
3272,48.90,16124.3208,16124.3208,0
3276,48.90,16124.3208,16124.3208,0
3279,48.90,16124.3208,16124.3208,0
3280,48.90,16124.3208,16124.3208,0
3281,48.90,16124.3208,16124.3208,0
3283,48.90,16124.3208,16124.3208,0
3292,48.90,16124.3208,16124.3208,0
3294,48.90,16124.3208,16124.3208,0
3296,48.90,16124.3208,16124.3208,0
3300,48.90,16124.3208,16124.3208,0
3306,48.90,16124.3208,16124.3208,0
3307,48.90,16124.3208,16124.3208,0
3309,48.90,16124.3208,16124.3208,0
3314,48.90,16124.3208,16124.3208,0
3316,48.90,16124.3208,16124.3208,0
3317,48.90,16124.3208,16124.3208,0
3318,48.90,16124.3208,16124.3208,1
3319,48.98,15760.0488,16124.3208,0
3320,49.03,15760.0488,16124.3208,0
3321,49.07,15938.7349,16124.3208,0
3322,49.12,15938.7349,16124.3208,0
3323,49.15,15938.7349,16124.3208,0
3324,49.21,15946.2724,16124.3208,0
3325,49.27,15946.2724,16124.3208,0
3326,49.31,15946.2724,16124.3208,0
3327,49.35,15946.2724,16124.3208,0
3328,49.37,15946.2724,16124.3208,0
3329,49.41,15946.2724,16124.3208,0
3330,49.46,15983.2065,16124.3208,0
3331,49.51,15983.2065,16124.3208,0
3332,49.55,16124.3208,16124.3208,0
3335,49.57,16124.3208,16124.3208,0
3336,49.57,16124.3208,16124.3208,0
3337,49.58,16124.3208,16124.3208,0
3338,49.58,16124.3208,16124.3208,0
3340,49.58,16124.3208,16124.3208,0
3341,49.59,16124.3208,16124.3208,0
3342,49.59,16124.3208,16124.3208,0
3344,49.59,16124.3208,16124.3208,0
3347,49.59,16124.3208,16124.3208,0
3348,49.59,16124.3208,16124.3208,0
3349,49.59,16124.3208,16124.3208,0
3351,49.59,16124.3208,16124.3208,0
3353,49.59,16124.3208,16124.3208,0
3356,49.59,16124.3208,16124.3208,0
3357,49.59,16124.3208,16124.3208,0
3358,49.59,16124.3208,16124.3208,0
3367,49.59,16124.3208,16124.3208,0
3368,49.59,16124.3208,16124.3208,0
3369,49.59,16124.3208,16124.3208,0
3370,49.59,16124.3208,16124.3208,0
3373,49.59,16124.3208,16124.3208,0
3375,49.59,16124.3208,16124.3208,0
3380,49.59,16124.3208,16124.3208,0
3382,49.59,16124.3208,16124.3208,0
3387,49.59,16124.3208,16124.3208,0
3388,49.59,16124.3208,16124.3208,0
3390,49.59,16124.3208,16124.3208,0
3392,49.59,16124.3208,16124.3208,0
3393,49.59,16124.3208,16124.3208,0
3394,49.59,16124.3208,16124.3208,0
3395,49.59,16124.3208,16124.3208,0
3396,49.59,16124.3208,16124.3208,0
3400,49.59,16124.3208,16124.3208,0
3404,49.59,16124.3208,16124.3208,0
3406,49.59,16124.3208,16124.3208,0
3409,49.59,16124.3208,16124.3208,0
3416,49.59,16124.3208,16124.3208,0
3417,49.59,16124.3208,16124.3208,1
3418,49.69,15758.4918,16124.3208,0
3419,49.74,15936.6860,16124.3208,0
3420,49.81,15936.6860,16124.3208,0
3421,49.85,15955.6707,16124.3208,0
3422,49.89,16028.5654,16124.3208,0
3423,49.94,16028.5654,16124.3208,0
3424,50.00,16028.5654,16124.3208,0
3426,50.04,16028.5654,16124.3208,0
3427,50.10,16028.5654,16124.3208,0
3428,50.13,16028.5654,16124.3208,0
3429,50.17,16028.5654,16124.3208,0
3430,50.22,16028.5654,16124.3208,0
3431,50.22,16028.5654,16124.3208,0
3432,50.22,16028.5654,16124.3208,0
3433,50.25,16028.5654,16124.3208,0
3434,50.25,16028.5654,16124.3208,0
3435,50.30,16028.5654,16124.3208,0
3439,50.30,16028.5654,16124.3208,0
3440,50.30,16028.5654,16124.3208,0
3441,50.34,16028.5654,16124.3208,0
3442,50.38,16028.5654,16124.3208,0
3443,50.38,16028.5654,16124.3208,0
3444,50.41,16028.5654,16124.3208,0
3446,50.41,16028.5654,16124.3208,0
3448,50.41,16028.5654,16124.3208,0
3450,50.45,16028.5654,16124.3208,0
3451,50.45,16028.5654,16124.3208,0
3454,50.49,16028.5654,16124.3208,0
3457,50.53,16028.5654,16124.3208,0
3462,50.58,16028.5654,16124.3208,0
3474,50.62,16028.5654,16124.3208,0
3483,50.66,16028.5654,16124.3208,0
3484,50.72,16028.5654,16124.3208,0
3494,50.77,16028.5654,16124.3208,0
3496,50.83,16028.5654,16124.3208,0
3498,50.89,16028.5654,16124.3208,0
3500,50.94,16028.5654,16124.3208,0
3502,50.98,16028.5654,16124.3208,0
3511,51.02,16028.5654,16124.3208,0
3512,51.07,16028.5654,16124.3208,0
3514,51.11,16028.5654,16124.3208,0
3516,51.14,16028.5654,16124.3208,0
3539,51.18,16028.5654,16124.3208,0
3547,51.23,16028.5654,16124.3208,0
3548,51.27,16028.5654,16124.3208,0
3551,51.30,16028.5654,16124.3208,0
3552,51.34,16028.5654,16124.3208,0
3553,51.34,16124.3208,16124.3208,1
3554,51.45,15299.0982,16124.3208,0
3555,51.50,15299.0982,16124.3208,0
3556,51.56,15481.2597,16124.3208,0
3557,51.60,15551.5901,16124.3208,0
3558,51.69,15551.5901,16124.3208,0
3559,51.73,15625.2655,16124.3208,0
3560,51.79,15625.2655,16124.3208,0
3561,51.84,15625.2655,16124.3208,0
3562,51.90,15625.2655,16124.3208,0
3563,51.94,15625.2655,16124.3208,0
3564,51.98,15905.1880,16124.3208,0
3565,52.02,15917.6400,16124.3208,0
3567,52.08,15917.6400,16124.3208,0
3569,52.13,15917.6400,16124.3208,0
3570,52.17,15917.6400,16124.3208,0
3571,52.21,15917.6400,16124.3208,0
3572,52.23,15917.6400,16124.3208,0
3573,52.26,15917.6400,16124.3208,0
3574,52.29,15917.6400,16124.3208,0
3575,52.33,15917.6400,16124.3208,0
3576,52.36,15917.6400,16124.3208,0
3577,52.40,15917.6400,16124.3208,0
3578,52.44,15923.8473,16124.3208,0
3579,52.48,16027.4660,16124.3208,0
3580,52.53,16027.4660,16124.3208,0
3581,52.59,16027.4660,16124.3208,0
3582,52.63,16027.4660,16124.3208,0
3583,52.66,16027.4660,16124.3208,0
3584,52.70,16042.6862,16124.3208,0
3585,52.76,16042.6862,16124.3208,0
3586,52.81,16042.6862,16124.3208,0
3587,52.85,16042.6862,16124.3208,0
3588,52.90,16042.6862,16124.3208,0
3591,52.90,16042.6862,16124.3208,0
3593,52.94,16042.6862,16124.3208,0
3594,52.99,16042.6862,16124.3208,0
3596,53.03,16042.6862,16124.3208,0
3597,53.03,16042.6862,16124.3208,0
3598,53.08,16042.6862,16124.3208,0
3599,53.14,16042.6862,16124.3208,0
3600,53.14,16042.6862,16124.3208,0
3603,53.18,16042.6862,16124.3208,0
3604,53.22,16042.6862,16124.3208,0
3606,53.22,16042.6862,16124.3208,0
3607,53.25,16042.6862,16124.3208,0
3609,53.29,16042.6862,16124.3208,0
3610,53.34,16042.6862,16124.3208,0
3611,53.37,16042.6862,16124.3208,0
3612,53.41,16042.6862,16124.3208,0
3616,53.41,16042.6862,16124.3208,0
3617,53.44,16042.6862,16124.3208,0
3618,53.47,16042.6862,16124.3208,0
3619,53.51,16042.6862,16124.3208,0
3621,53.55,16042.6862,16124.3208,0
3623,53.58,16042.6862,16124.3208,0
3624,53.61,16042.6862,16124.3208,0
3625,53.61,16042.6862,16124.3208,0
3626,53.61,16042.6862,16124.3208,0
3627,53.65,16056.3950,16124.3208,0
3628,53.69,16056.3950,16124.3208,0
3629,53.76,16056.3950,16124.3208,0
3630,53.81,16056.3950,16124.3208,0
3631,53.87,16056.3950,16124.3208,0
3633,53.91,16056.3950,16124.3208,0
3634,53.95,16056.3950,16124.3208,0
3635,53.95,16056.3950,16124.3208,0
3636,53.98,16056.3950,16124.3208,0
3637,54.02,16056.3950,16124.3208,0
3638,54.05,16056.3950,16124.3208,0
3639,54.08,16056.3950,16124.3208,0
3640,54.12,16056.3950,16124.3208,0
3642,54.12,16056.3950,16124.3208,0
3643,54.16,16056.3950,16124.3208,0
3645,54.16,16056.3950,16124.3208,0
3646,54.16,16056.3950,16124.3208,0
3652,54.21,16056.3950,16124.3208,0
3655,54.21,16056.3950,16124.3208,0
3656,54.21,16056.3950,16124.3208,0
3657,54.25,16056.3950,16124.3208,0
3662,54.30,16056.3950,16124.3208,0
3668,54.33,16056.3950,16124.3208,0
3670,54.38,16056.3950,16124.3208,0
3671,54.43,16056.3950,16124.3208,0
3679,54.46,16056.3950,16124.3208,0
3680,54.50,16056.3950,16124.3208,0
3686,54.55,16056.3950,16124.3208,0
3691,54.58,16056.3950,16124.3208,0
3708,54.62,16056.3950,16124.3208,0
3709,54.67,16056.3950,16124.3208,0
3714,54.70,16056.3950,16124.3208,0
3715,54.74,16056.3950,16124.3208,0
3721,54.78,16056.3950,16124.3208,0
3723,54.82,16056.3950,16124.3208,0
3725,54.86,16056.3950,16124.3208,0
3726,54.89,16056.3950,16124.3208,0
3727,54.89,16124.3208,16124.3208,1
3728,54.97,14999.8170,16124.3208,0
3729,55.01,14999.8170,16124.3208,0
3730,55.05,14999.8170,16124.3208,0
3731,55.09,15014.3406,16124.3208,0
3732,55.13,15167.2234,16124.3208,0
3733,55.17,15240.9013,16124.3208,0
3734,55.23,15240.9013,16124.3208,0
3735,55.26,15240.9013,16124.3208,0
3736,55.32,15240.9013,16124.3208,0
3737,55.36,15240.9013,16124.3208,0
3738,55.40,15240.9013,16124.3208,0
3739,55.43,15240.9013,16124.3208,0
3740,55.47,15240.9013,16124.3208,0
3741,55.53,15240.9013,16124.3208,0
3742,55.56,15240.9013,16124.3208,0
3743,55.56,15240.9013,16124.3208,0
3744,55.60,15240.9013,16124.3208,0
3745,55.63,15240.9013,16124.3208,0
3746,55.67,15240.9013,16124.3208,0
3747,55.67,15240.9013,16124.3208,0
3748,55.70,15240.9013,16124.3208,0
3749,55.74,15438.8146,16124.3208,0
3750,55.80,15438.8146,16124.3208,0
3751,55.86,15438.8146,16124.3208,0
3752,55.90,15541.0539,16124.3208,0
3753,55.96,15541.0539,16124.3208,0
3754,55.99,15541.0539,16124.3208,0
3755,56.04,15579.9015,16124.3208,0
3756,56.08,15579.9015,16124.3208,0
3757,56.12,15579.9015,16124.3208,0
3758,56.17,15784.4654,16124.3208,0
3759,56.25,15784.4654,16124.3208,0
3760,56.31,15884.0334,16124.3208,0
3761,56.37,15884.0334,16124.3208,0
3762,56.45,15884.0334,16124.3208,0
3763,56.49,15884.0334,16124.3208,0
3764,56.55,16017.6118,16124.3208,0
3765,56.61,16017.6118,16124.3208,0
3766,56.67,16022.8433,16124.3208,0
3767,56.73,16231.1426,16231.1426,0
3768,56.80,16231.1426,16231.1426,0
3769,56.85,16239.8192,16239.8192,0
3770,56.91,16267.9620,16267.9620,0
3771,57.00,16267.9620,16267.9620,0
3772,57.06,16283.5362,16283.5362,0
3773,57.12,16292.1645,16292.1645,0
3775,57.17,16310.5024,16310.5024,0
3776,57.21,16310.5024,16310.5024,0
3778,57.26,16310.5024,16310.5024,0
3780,57.35,16310.5024,16310.5024,0
3781,57.40,16310.5024,16310.5024,0
3782,57.42,16310.5024,16310.5024,0
3783,57.46,16310.5024,16310.5024,0
3784,57.50,16310.5024,16310.5024,0
3785,57.54,16310.5024,16310.5024,0
3786,57.58,16310.5024,16310.5024,0
3787,57.62,16310.5024,16310.5024,0
3788,57.66,16315.3458,16315.3458,0
3789,57.75,16317.6914,16317.6914,0
3790,57.79,16317.6914,16317.6914,0
3791,57.88,16317.6914,16317.6914,0
3792,57.94,16317.6914,16317.6914,0
3793,57.98,16317.6914,16317.6914,0
3794,58.03,16317.6914,16317.6914,0
3795,58.03,16317.6914,16317.6914,0
3796,58.08,16317.6914,16317.6914,0
3798,58.08,16317.6914,16317.6914,0
3799,58.08,16317.6914,16317.6914,0
3801,58.12,16317.6914,16317.6914,0
3804,58.17,16317.6914,16317.6914,0
3805,58.17,16317.6914,16317.6914,0
3807,58.17,16317.6914,16317.6914,0
3809,58.21,16317.6914,16317.6914,0
3812,58.21,16317.6914,16317.6914,0
3816,58.27,16317.6914,16317.6914,0
3819,58.32,16317.6914,16317.6914,0
3820,58.36,16317.6914,16317.6914,0
3828,58.40,16317.6914,16317.6914,0
3834,58.44,16317.6914,16317.6914,0
3838,58.47,16317.6914,16317.6914,0
3839,58.53,16317.6914,16317.6914,0
3840,58.58,16317.6914,16317.6914,0
3842,58.62,16317.6914,16317.6914,0
3845,58.66,16317.6914,16317.6914,0
3846,58.71,16317.6914,16317.6914,0
3851,58.76,16317.6914,16317.6914,0
3855,58.80,16317.6914,16317.6914,0
3856,58.85,16317.6914,16317.6914,0
3858,58.90,16317.6914,16317.6914,0
3861,58.96,16317.6914,16317.6914,0
3863,58.99,16317.6914,16317.6914,0
3866,59.04,16317.6914,16317.6914,0
3868,59.10,16317.6914,16317.6914,0
3869,59.15,16317.6914,16317.6914,0
3876,59.19,16317.6914,16317.6914,0
3878,59.24,16317.6914,16317.6914,0
3880,59.28,16317.6914,16317.6914,0
3886,59.33,16317.6914,16317.6914,0
3887,59.33,16317.6914,16317.6914,1
3888,59.45,16111.8655,16317.6914,0
3889,59.51,16317.6914,16317.6914,0
3891,59.52,16317.6914,16317.6914,0
3892,59.52,16317.6914,16317.6914,0
3893,59.52,16317.6914,16317.6914,0
3894,59.52,16317.6914,16317.6914,0
3895,59.55,16317.6914,16317.6914,0
3896,59.57,16317.6914,16317.6914,0
3897,59.57,16317.6914,16317.6914,0
3898,59.57,16317.6914,16317.6914,0
3899,59.57,16317.6914,16317.6914,0
3900,59.57,16317.6914,16317.6914,0
3902,59.57,16317.6914,16317.6914,0
3903,59.57,16317.6914,16317.6914,0
3906,59.57,16317.6914,16317.6914,0
3907,59.57,16317.6914,16317.6914,0
3908,59.57,16317.6914,16317.6914,0
3909,59.57,16317.6914,16317.6914,0
3910,59.57,16317.6914,16317.6914,0
3911,59.57,16317.6914,16317.6914,0
3912,59.57,16317.6914,16317.6914,0
3913,59.57,16317.6914,16317.6914,0
3914,59.57,16317.6914,16317.6914,0
3916,59.57,16317.6914,16317.6914,0
3917,59.57,16317.6914,16317.6914,0
3918,59.57,16317.6914,16317.6914,0
3920,59.57,16317.6914,16317.6914,0
3921,59.57,16317.6914,16317.6914,0
3927,59.57,16317.6914,16317.6914,0
3930,59.57,16317.6914,16317.6914,0
3935,59.57,16317.6914,16317.6914,0
3936,59.57,16317.6914,16317.6914,0
3939,59.57,16317.6914,16317.6914,0
3943,59.57,16317.6914,16317.6914,0
3946,59.57,16317.6914,16317.6914,0
3952,59.57,16317.6914,16317.6914,0
3962,59.57,16317.6914,16317.6914,0
3963,59.57,16317.6914,16317.6914,0
3970,59.57,16317.6914,16317.6914,0
3971,59.57,16317.6914,16317.6914,0
3973,59.57,16317.6914,16317.6914,0
3974,59.57,16317.6914,16317.6914,1
3975,59.66,16118.3993,16317.6914,0
3976,59.70,16278.4853,16317.6914,0
3977,59.75,16290.8990,16317.6914,0
3980,59.82,16290.8990,16317.6914,0
3982,59.89,16290.8990,16317.6914,0
3983,59.92,16290.8990,16317.6914,0
3984,59.97,16290.8990,16317.6914,0
3985,59.97,16290.8990,16317.6914,0
3986,60.01,16290.8990,16317.6914,0
3987,60.01,16290.8990,16317.6914,0
3988,60.06,16290.8990,16317.6914,0
3989,60.06,16290.8990,16317.6914,0
3991,60.06,16290.8990,16317.6914,0
3992,60.10,16290.8990,16317.6914,0
4000,60.13,16290.8990,16317.6914,0
4012,60.18,16290.8990,16317.6914,0
4016,60.21,16290.8990,16317.6914,0
4019,60.25,16290.8990,16317.6914,0
4049,60.29,16290.8990,16317.6914,0
4052,60.32,16290.8990,16317.6914,0
4055,60.36,16290.8990,16317.6914,0
4058,60.40,16290.8990,16317.6914,0
4068,60.43,16290.8990,16317.6914,0
4072,60.47,16290.8990,16317.6914,0
4080,60.51,16290.8990,16317.6914,0
4092,60.56,16290.8990,16317.6914,0
4095,60.61,16290.8990,16317.6914,0
4096,60.64,16290.8990,16317.6914,0
4102,60.68,16290.8990,16317.6914,0
4113,60.73,16290.8990,16317.6914,0
4116,60.77,16290.8990,16317.6914,0
4119,60.80,16290.8990,16317.6914,0
4120,60.84,16290.8990,16317.6914,0
4123,60.89,16290.8990,16317.6914,0
4137,60.93,16290.8990,16317.6914,0
4138,60.98,16290.8990,16317.6914,0
4139,60.98,16317.6914,16317.6914,1
4140,61.07,15953.3845,16317.6914,0
4141,61.12,15962.6112,16317.6914,0
4142,61.14,15962.6112,16317.6914,0
4143,61.18,15962.6112,16317.6914,0
4144,61.22,15962.6112,16317.6914,0
4145,61.26,15974.0479,16317.6914,0
4146,61.31,15974.0479,16317.6914,0
4147,61.37,15974.0479,16317.6914,0
4150,61.45,15974.0479,16317.6914,0
4151,61.49,15974.0479,16317.6914,0
4152,61.53,15974.0479,16317.6914,0
4154,61.60,15974.0479,16317.6914,0
4155,61.60,15974.0479,16317.6914,0
4156,61.64,15974.0479,16317.6914,0
4158,61.68,15974.0479,16317.6914,0
4161,61.68,15974.0479,16317.6914,0
4162,61.73,15974.0479,16317.6914,0
4163,61.73,15974.0479,16317.6914,0
4164,61.73,15974.0479,16317.6914,0
4165,61.77,15974.0479,16317.6914,0
4167,61.77,15974.0479,16317.6914,0
4168,61.81,15974.0479,16317.6914,0
4174,61.84,15974.0479,16317.6914,0
4175,61.84,15974.0479,16317.6914,0
4176,61.88,15974.0479,16317.6914,0
4178,61.92,15974.0479,16317.6914,0
4182,61.96,15974.0479,16317.6914,0
4184,62.00,15974.0479,16317.6914,0
4186,62.05,15974.0479,16317.6914,0
4187,62.09,15974.0479,16317.6914,0
4192,62.13,15974.0479,16317.6914,0
4196,62.16,15974.0479,16317.6914,0
4199,62.20,15974.0479,16317.6914,0
4203,62.23,15974.0479,16317.6914,0
4205,62.27,15974.0479,16317.6914,0
4216,62.31,15974.0479,16317.6914,0
4223,62.34,15974.0479,16317.6914,0
4228,62.38,15974.0479,16317.6914,0
4229,62.43,15974.0479,16317.6914,0
4238,62.49,15976.1814,16317.6914,0
4239,62.55,15976.1814,16317.6914,0
4240,62.61,16011.1567,16317.6914,0
4241,62.66,16011.1567,16317.6914,0
4244,62.73,16011.1567,16317.6914,0
4246,62.80,16011.1567,16317.6914,0
4248,62.86,16018.9561,16317.6914,0
4249,62.88,16018.9561,16317.6914,0
4250,62.96,16018.9561,16317.6914,0
4251,63.01,16018.9561,16317.6914,0
4252,63.06,16018.9561,16317.6914,0
4253,63.13,16056.1992,16317.6914,0
4254,63.22,16056.1992,16317.6914,0
4255,63.30,16056.1992,16317.6914,0
4258,63.36,16056.1992,16317.6914,0
4259,63.42,16056.1992,16317.6914,0
4260,63.46,16056.1992,16317.6914,0
4261,63.52,16056.1992,16317.6914,0
4262,63.57,16056.1992,16317.6914,0
4263,63.62,16145.0198,16317.6914,0
4264,63.69,16145.0198,16317.6914,0
4265,63.75,16182.0549,16317.6914,0
4266,63.83,16182.0549,16317.6914,0
4267,63.89,16182.0549,16317.6914,0
4268,63.96,16182.0549,16317.6914,0
4269,64.03,16189.4915,16317.6914,0
4270,64.10,16189.4915,16317.6914,0
4272,64.13,16189.4915,16317.6914,0
4273,64.19,16189.4915,16317.6914,0
4275,64.24,16189.4915,16317.6914,0
4276,64.24,16189.4915,16317.6914,0
4277,64.29,16189.4915,16317.6914,0
4278,64.34,16189.4915,16317.6914,0
4279,64.39,16189.4915,16317.6914,0
4280,64.39,16189.4915,16317.6914,0
4281,64.44,16189.4915,16317.6914,0
4282,64.48,16189.4915,16317.6914,0
4283,64.48,16189.4915,16317.6914,0
4284,64.48,16189.4915,16317.6914,0
4285,64.53,16189.4915,16317.6914,0
4287,64.58,16189.4915,16317.6914,0
4288,64.63,16189.4915,16317.6914,0
4291,64.63,16189.4915,16317.6914,0
4293,64.63,16189.4915,16317.6914,0
4298,64.68,16189.4915,16317.6914,0
4314,64.73,16189.4915,16317.6914,0
4324,64.77,16189.4915,16317.6914,0
4326,64.81,16189.4915,16317.6914,0
4335,64.86,16189.4915,16317.6914,0
4337,64.91,16189.4915,16317.6914,0
4342,65.02,16189.4915,16317.6914,0
4346,65.07,16189.4915,16317.6914,0
4357,65.12,16189.4915,16317.6914,0
4359,65.18,16189.4915,16317.6914,0
4360,65.22,16189.4915,16317.6914,0
4386,65.26,16189.4915,16317.6914,0
4399,65.31,16189.4915,16317.6914,0
4400,65.37,16189.4915,16317.6914,0
4401,65.40,16189.4915,16317.6914,0
4402,65.46,16189.4915,16317.6914,0
4405,65.51,16189.4915,16317.6914,0
4406,65.55,16189.4915,16317.6914,0
4407,65.59,16189.4915,16317.6914,0
4408,65.63,16189.4915,16317.6914,0
4410,65.68,16189.4915,16317.6914,0
4415,65.73,16189.4915,16317.6914,0
4424,65.77,16189.4915,16317.6914,0
4425,65.81,16189.4915,16317.6914,0
4426,65.81,16317.6914,16317.6914,1
4427,65.94,15738.5360,16317.6914,0
4428,66.01,15738.5360,16317.6914,0
4429,66.07,15738.5360,16317.6914,0
4430,66.13,15766.5236,16317.6914,0
4431,66.20,15766.5236,16317.6914,0
4432,66.26,15766.5236,16317.6914,0
4433,66.32,15943.6010,16317.6914,0
4434,66.38,15962.7093,16317.6914,0
4435,66.43,16011.1309,16317.6914,0
4437,66.50,16011.1309,16317.6914,0
4438,66.56,16011.1309,16317.6914,0
4439,66.61,16183.9815,16317.6914,0
4440,66.68,16195.2880,16317.6914,0
4442,66.74,16195.2880,16317.6914,0
4443,66.80,16196.4894,16317.6914,0
4444,66.87,16196.4894,16317.6914,0
4445,66.94,16196.4894,16317.6914,0
4446,66.98,16196.4894,16317.6914,0
4447,67.03,16196.4894,16317.6914,0
4448,67.07,16196.4894,16317.6914,0
4449,67.11,16196.4894,16317.6914,0
4450,67.17,16196.4894,16317.6914,0
4451,67.20,16196.4894,16317.6914,0
4452,67.25,16196.4894,16317.6914,0
4453,67.25,16196.4894,16317.6914,0
4454,67.30,16196.4894,16317.6914,0
4455,67.34,16196.4894,16317.6914,0
4456,67.34,16196.4894,16317.6914,0
4457,67.40,16196.4894,16317.6914,0
4458,67.40,16196.4894,16317.6914,0
4459,67.40,16196.4894,16317.6914,0
4460,67.40,16196.4894,16317.6914,0
4461,67.40,16196.4894,16317.6914,0
4464,67.45,16196.4894,16317.6914,0
4470,67.45,16196.4894,16317.6914,0
4472,67.49,16196.4894,16317.6914,0
4473,67.53,16196.4894,16317.6914,0
4478,67.59,16196.4894,16317.6914,0
4482,67.63,16196.4894,16317.6914,0
4484,67.68,16196.4894,16317.6914,0
4486,67.71,16196.4894,16317.6914,0
4487,67.78,16196.4894,16317.6914,0
4488,67.78,16317.6914,16317.6914,1
4489,67.92,15493.4528,16317.6914,0
4490,67.98,15493.9618,16317.6914,0
4491,68.03,15689.4837,16317.6914,0
4492,68.09,15689.4837,16317.6914,0
4493,68.13,15689.4837,16317.6914,0
4494,68.17,15689.4837,16317.6914,0
4495,68.19,15689.4837,16317.6914,0
4496,68.25,15691.1806,16317.6914,0
4497,68.30,15739.6756,16317.6914,0
4498,68.36,15810.0867,16317.6914,0
4499,68.44,15810.0867,16317.6914,0
4500,68.51,15810.0867,16317.6914,0
4501,68.57,15810.0867,16317.6914,0
4502,68.62,15810.0867,16317.6914,0
4503,68.68,15810.0867,16317.6914,0
4504,68.73,16096.4499,16317.6914,0
4505,68.81,16096.4499,16317.6914,0
4506,68.87,16262.5368,16317.6914,0
4511,68.95,16262.5368,16317.6914,0
4512,69.02,16262.5368,16317.6914,0
4513,69.02,16262.5368,16317.6914,0
4514,69.08,16262.5368,16317.6914,0
4515,69.13,16262.5368,16317.6914,0
4516,69.18,16263.6828,16317.6914,0
4519,69.26,16263.6828,16317.6914,0
4522,69.26,16263.6828,16317.6914,0
4523,69.33,16263.6828,16317.6914,0
4524,69.38,16263.6828,16317.6914,0
4525,69.44,16263.6828,16317.6914,0
4526,69.44,16263.6828,16317.6914,0
4527,69.44,16263.6828,16317.6914,0
4528,69.49,16263.6828,16317.6914,0
4529,69.49,16263.6828,16317.6914,0
4530,69.49,16263.6828,16317.6914,0
4532,69.55,16263.6828,16317.6914,0
4538,69.60,16263.6828,16317.6914,0
4539,69.64,16263.6828,16317.6914,0
4544,69.68,16263.6828,16317.6914,0
4545,69.73,16263.6828,16317.6914,0
4546,69.78,16263.6828,16317.6914,0
4552,69.82,16263.6828,16317.6914,0
4553,69.87,16263.6828,16317.6914,0
4564,69.91,16263.6828,16317.6914,0
4568,69.96,16263.6828,16317.6914,0
4569,70.01,16263.6828,16317.6914,0
4581,70.06,16263.6828,16317.6914,0
4582,70.11,16263.6828,16317.6914,0
4583,70.15,16263.6828,16317.6914,0
4586,70.20,16263.6828,16317.6914,0
4590,70.24,16263.6828,16317.6914,0
4599,70.29,16263.6828,16317.6914,0
4604,70.34,16263.6828,16317.6914,0
4605,70.39,16263.6828,16317.6914,0
4613,70.45,16263.6828,16317.6914,0
4614,70.49,16263.6828,16317.6914,0
4615,70.49,16317.6914,16317.6914,1
4616,70.60,15176.7310,16317.6914,0
4617,70.64,15485.4341,16317.6914,0
4618,70.69,15485.4341,16317.6914,0
4619,70.73,15498.5919,16317.6914,0
4620,70.77,15498.5919,16317.6914,0
4621,70.83,15498.5919,16317.6914,0
4622,70.89,15498.5919,16317.6914,0
4623,70.93,15723.9977,16317.6914,0
4624,71.00,15723.9977,16317.6914,0
4625,71.03,15723.9977,16317.6914,0
4626,71.09,15924.0505,16317.6914,0
4627,71.13,15924.0505,16317.6914,0
4628,71.20,15924.0505,16317.6914,0
4629,71.25,15971.9346,16317.6914,0
4630,71.30,15984.8691,16317.6914,0
4631,71.37,15984.8691,16317.6914,0
4632,71.42,15993.1717,16317.6914,0
4634,71.50,15993.1717,16317.6914,0
4635,71.53,15993.1717,16317.6914,0
4636,71.57,15993.1717,16317.6914,0
4637,71.61,15993.1717,16317.6914,0
4638,71.66,15993.1717,16317.6914,0
4639,71.70,15993.1717,16317.6914,0
4640,71.75,15993.1717,16317.6914,0
4641,71.80,15993.1717,16317.6914,0
4642,71.80,15993.1717,16317.6914,0
4643,71.84,15993.1717,16317.6914,0
4644,71.84,15993.1717,16317.6914,0
4645,71.88,15993.1717,16317.6914,0
4647,71.88,15993.1717,16317.6914,0
4648,71.93,15993.1717,16317.6914,0
4653,71.97,15993.1717,16317.6914,0
4657,71.97,15993.1717,16317.6914,0
4666,72.01,15993.1717,16317.6914,0
4669,72.01,15993.1717,16317.6914,0
4670,72.01,15993.1717,16317.6914,0
4675,72.06,15993.1717,16317.6914,0
4676,72.11,15993.1717,16317.6914,0
4685,72.14,15993.1717,16317.6914,0
4686,72.19,15993.1717,16317.6914,0
4691,72.23,15993.1717,16317.6914,0
4692,72.27,15993.1717,16317.6914,0
4696,72.32,15993.1717,16317.6914,0
4699,72.36,15993.1717,16317.6914,0
4710,72.39,15993.1717,16317.6914,0
4711,72.45,15993.1717,16317.6914,0
4712,72.49,15993.1717,16317.6914,0
4721,72.54,15993.1717,16317.6914,0
4722,72.58,15993.1717,16317.6914,0
4726,72.63,15993.1717,16317.6914,0
4731,72.68,15993.1717,16317.6914,0
4732,72.68,16317.6914,16317.6914,1
4733,72.75,15235.7442,16317.6914,0
4734,72.81,15486.8506,16317.6914,0
4735,72.89,15486.8506,16317.6914,0
4736,72.96,15486.8506,16317.6914,0
4737,73.02,15486.8506,16317.6914,0
4738,73.08,15487.9506,16317.6914,0
4739,73.15,15487.9506,16317.6914,0
4740,73.20,15487.9506,16317.6914,0
4741,73.27,15487.9506,16317.6914,0
4742,73.33,15487.9506,16317.6914,0
4743,73.38,15487.9506,16317.6914,0
4744,73.43,15487.9506,16317.6914,0
4745,73.48,15487.9506,16317.6914,0
4746,73.53,15487.9506,16317.6914,0
4747,73.59,15701.5959,16317.6914,0
4748,73.67,15701.5959,16317.6914,0
4749,73.73,15701.5959,16317.6914,0
4750,73.81,15701.5959,16317.6914,0
4751,73.86,15701.5959,16317.6914,0
4752,73.92,15701.5959,16317.6914,0
4753,73.97,15701.5959,16317.6914,0
4754,74.04,15701.5959,16317.6914,0
4755,74.10,15701.5959,16317.6914,0
4756,74.15,15701.5959,16317.6914,0
4757,74.20,15701.5959,16317.6914,0
4758,74.26,15887.7280,16317.6914,0
4759,74.33,16055.3130,16317.6914,0
4760,74.40,16055.3130,16317.6914,0
4761,74.47,16055.3130,16317.6914,0
4762,74.51,16055.3130,16317.6914,0
4763,74.56,16055.3130,16317.6914,0
4764,74.62,16055.3130,16317.6914,0
4765,74.68,16205.6331,16317.6914,0
4766,74.74,16221.5590,16317.6914,0
4767,74.78,16234.3618,16317.6914,0
4768,74.85,16234.3618,16317.6914,0
4769,74.89,16234.3618,16317.6914,0
4772,74.95,16234.3618,16317.6914,0
4774,75.03,16234.3618,16317.6914,0
4775,75.09,16234.3618,16317.6914,0
4776,75.13,16234.3618,16317.6914,0
4777,75.17,16234.3618,16317.6914,0
4778,75.21,16234.3618,16317.6914,0
4779,75.21,16234.3618,16317.6914,0
4780,75.25,16234.3618,16317.6914,0
4781,75.30,16234.3618,16317.6914,0
4782,75.34,16234.3618,16317.6914,0
4783,75.34,16234.3618,16317.6914,0
4784,75.40,16234.3618,16317.6914,0
4786,75.40,16234.3618,16317.6914,0
4787,75.40,16234.3618,16317.6914,0
4789,75.44,16234.3618,16317.6914,0
4790,75.48,16234.3618,16317.6914,0
4791,75.48,16234.3618,16317.6914,0
4792,75.48,16234.3618,16317.6914,0
4793,75.52,16234.3618,16317.6914,0
4794,75.52,16234.3618,16317.6914,0
4795,75.56,16234.3618,16317.6914,0
4796,75.56,16234.3618,16317.6914,0
4797,75.60,16234.3618,16317.6914,0
4798,75.64,16234.3618,16317.6914,0
4802,75.68,16234.3618,16317.6914,0
4804,75.68,16234.3618,16317.6914,0
4807,75.68,16234.3618,16317.6914,0
4811,75.72,16234.3618,16317.6914,0
4812,75.75,16234.3618,16317.6914,0
4813,75.79,16234.3618,16317.6914,0
4817,75.83,16234.3618,16317.6914,0
4825,75.86,16234.3618,16317.6914,0
4835,75.91,16234.3618,16317.6914,0
4836,75.94,16234.3618,16317.6914,0
4837,75.98,16234.3618,16317.6914,0
4839,76.02,16234.3618,16317.6914,0
4843,76.05,16234.3618,16317.6914,0
4854,76.10,16234.3618,16317.6914,0
4859,76.13,16234.3618,16317.6914,0
4861,76.17,16234.3618,16317.6914,0
4862,76.21,16234.3618,16317.6914,0
4866,76.25,16234.3618,16317.6914,0
4871,76.29,16234.3618,16317.6914,0
4883,76.32,16234.3618,16317.6914,0
4890,76.41,16234.3618,16317.6914,0
4891,76.46,16234.3618,16317.6914,0
4893,76.50,16234.3618,16317.6914,0
4894,76.50,16317.6914,16317.6914,1
4895,76.61,15141.5089,16317.6914,0
4896,76.68,15141.5089,16317.6914,0
4897,76.75,15141.5089,16317.6914,0
4898,76.81,15383.7340,16317.6914,0
4899,76.85,15503.7991,16317.6914,0
4900,76.91,15503.7991,16317.6914,0
4901,76.98,15503.7991,16317.6914,0
4902,77.05,15503.7991,16317.6914,0
4903,77.10,15503.7991,16317.6914,0
4904,77.14,15503.7991,16317.6914,0
4905,77.19,15535.0560,16317.6914,0
4906,77.26,15535.0560,16317.6914,0
4907,77.33,15535.0560,16317.6914,0
4908,77.33,15535.0560,16317.6914,0
4909,77.38,15535.0560,16317.6914,0
4910,77.43,15535.0560,16317.6914,0
4911,77.47,15541.9606,16317.6914,0
4912,77.53,15541.9606,16317.6914,0
4913,77.59,15740.6534,16317.6914,0
4914,77.64,15892.4830,16317.6914,0
4915,77.68,16097.8846,16317.6914,0
4916,77.72,16292.8195,16317.6914,0
4917,77.78,16293.0839,16317.6914,0
4918,77.84,16293.0839,16317.6914,0
4920,77.88,16293.0839,16317.6914,0
4921,77.94,16293.0839,16317.6914,0
4922,77.98,16293.0839,16317.6914,0
4923,77.98,16293.0839,16317.6914,0
4924,78.02,16293.0839,16317.6914,0
4925,78.02,16293.0839,16317.6914,0
4926,78.06,16294.2789,16317.6914,0
4927,78.11,16294.2789,16317.6914,0
4928,78.18,16294.2789,16317.6914,0
4929,78.21,16294.2789,16317.6914,0
4930,78.28,16296.7677,16317.6914,0
4931,78.35,16296.7677,16317.6914,0
4932,78.40,16309.1932,16317.6914,0
4933,78.47,16309.1932,16317.6914,0
4936,78.54,16309.1932,16317.6914,0
4937,78.58,16309.1932,16317.6914,0
4940,78.64,16309.1932,16317.6914,0
4941,78.69,16309.1932,16317.6914,0
4942,78.73,16309.1932,16317.6914,0
4943,78.78,16309.1932,16317.6914,0
4945,78.78,16309.1932,16317.6914,0
4946,78.83,16309.1932,16317.6914,0
4950,78.83,16309.1932,16317.6914,0
4952,78.83,16309.1932,16317.6914,0
4955,78.88,16309.1932,16317.6914,0
4957,78.88,16309.1932,16317.6914,0
4958,78.93,16309.1932,16317.6914,0
4959,78.99,16309.1932,16317.6914,0
4960,78.99,16309.1932,16317.6914,0
4961,79.03,16309.1932,16317.6914,0
4962,79.08,16309.1932,16317.6914,0
4963,79.12,16309.1932,16317.6914,0
4969,79.17,16309.1932,16317.6914,0
4970,79.22,16309.1932,16317.6914,0
4971,79.26,16309.1932,16317.6914,0
4973,79.31,16309.1932,16317.6914,0
4983,79.36,16309.1932,16317.6914,0
4984,79.40,16309.1932,16317.6914,0
4986,79.44,16309.1932,16317.6914,0
4987,79.48,16309.1932,16317.6914,0
4988,79.53,16309.1932,16317.6914,0
4991,79.57,16309.1932,16317.6914,0
4998,79.62,16309.1932,16317.6914,0
5004,79.66,16309.1932,16317.6914,0
5005,79.69,16309.1932,16317.6914,0
5017,79.73,16309.1932,16317.6914,0
5022,79.78,16309.1932,16317.6914,0
5028,79.81,16309.1932,16317.6914,0
5032,79.84,16309.1932,16317.6914,0
5035,79.88,16309.1932,16317.6914,0
5036,79.88,16317.6914,16317.6914,1
5037,80.00,14574.9481,16317.6914,0
5038,80.05,14574.9481,16317.6914,0
5039,80.11,14574.9481,16317.6914,0
5040,80.17,14835.4596,16317.6914,0
5041,80.24,14835.4596,16317.6914,0
5042,80.31,14835.4596,16317.6914,0
5043,80.37,14835.4596,16317.6914,0
5044,80.42,14835.4596,16317.6914,0
5045,80.47,14835.4596,16317.6914,0
5046,80.53,14835.4596,16317.6914,0
5047,80.58,14835.4596,16317.6914,0
5048,80.64,14873.4577,16317.6914,0
5049,80.69,14873.4577,16317.6914,0
5050,80.74,14873.4577,16317.6914,0
5051,80.80,15280.4030,16317.6914,0
5052,80.85,15301.9763,16317.6914,0
5053,80.90,15455.9160,16317.6914,0
5054,80.99,15455.9160,16317.6914,0
5055,81.06,15455.9160,16317.6914,0
5056,81.11,15455.9160,16317.6914,0
5057,81.17,15606.4408,16317.6914,0
5058,81.22,15627.0126,16317.6914,0
5062,81.30,15627.0126,16317.6914,0
5063,81.35,15633.9998,16317.6914,0
5064,81.44,15633.9998,16317.6914,0
5065,81.52,15633.9998,16317.6914,0
5066,81.58,15679.2094,16317.6914,0
5067,81.63,15844.0619,16317.6914,0
5069,81.71,15844.0619,16317.6914,0
5070,81.76,15844.0619,16317.6914,0
5071,81.81,15851.3554,16317.6914,0
5072,81.88,15851.3554,16317.6914,0
5073,81.93,15872.0139,16317.6914,0
5074,81.97,15872.0139,16317.6914,0
5075,82.05,15873.1137,16317.6914,0
5076,82.09,15873.1137,16317.6914,0
5077,82.17,15873.1137,16317.6914,0
5078,82.21,15873.1137,16317.6914,0
5079,82.26,15927.0319,16317.6914,0
5080,82.31,15927.0319,16317.6914,0
5081,82.34,15927.0319,16317.6914,0
5082,82.41,15927.0319,16317.6914,0
5083,82.44,15927.0319,16317.6914,0
5084,82.48,15927.0319,16317.6914,0
5087,82.53,15927.0319,16317.6914,0
5089,82.57,15927.0319,16317.6914,0
5090,82.60,15927.0319,16317.6914,0
5091,82.64,15927.0319,16317.6914,0
5092,82.68,15927.0319,16317.6914,0
5093,82.68,15927.0319,16317.6914,0
5094,82.72,15927.0319,16317.6914,0
5095,82.76,15927.0319,16317.6914,0
5097,82.80,15927.0319,16317.6914,0
5099,82.80,15927.0319,16317.6914,0
5100,82.80,15927.0319,16317.6914,0
5101,82.84,15929.6772,16317.6914,0
5103,82.91,15929.6772,16317.6914,0
5105,82.94,15929.6772,16317.6914,0
5106,82.98,15929.6772,16317.6914,0
5107,83.01,15929.6772,16317.6914,0
5108,83.06,15929.9981,16317.6914,0
5109,83.12,15929.9981,16317.6914,0
5110,83.16,15929.9981,16317.6914,0
5111,83.20,15942.7482,16317.6914,0
5112,83.27,15942.7482,16317.6914,0
5113,83.34,15942.7482,16317.6914,0
5114,83.38,15942.7482,16317.6914,0
5115,83.42,15942.7482,16317.6914,0
5116,83.46,15942.7482,16317.6914,0
5117,83.50,15942.7482,16317.6914,0
5118,83.54,15942.7482,16317.6914,0
5120,83.58,15942.7482,16317.6914,0
5121,83.62,15942.7482,16317.6914,0
5122,83.65,15942.7482,16317.6914,0
5123,83.68,15942.7482,16317.6914,0
5124,83.68,15942.7482,16317.6914,0
5125,83.72,15942.7482,16317.6914,0
5127,83.75,15942.7482,16317.6914,0
5129,83.75,15942.7482,16317.6914,0
5130,83.79,15942.7482,16317.6914,0
5131,83.79,15942.7482,16317.6914,0
5132,83.82,15942.7482,16317.6914,0
5133,83.82,15942.7482,16317.6914,0
5134,83.86,15942.7482,16317.6914,0
5135,83.86,15942.7482,16317.6914,0
5136,83.90,15942.7482,16317.6914,0
5137,83.95,15942.7482,16317.6914,0
5140,83.95,15942.7482,16317.6914,0
5141,83.99,15942.7482,16317.6914,0
5142,83.99,15942.7482,16317.6914,0
5143,84.02,15942.7482,16317.6914,0
5145,84.05,15942.7482,16317.6914,0
5147,84.05,15942.7482,16317.6914,0
5148,84.09,15942.7482,16317.6914,0
5149,84.12,15942.7482,16317.6914,0
5151,84.17,15942.7482,16317.6914,0
5152,84.20,15942.7482,16317.6914,0
5154,84.20,15942.7482,16317.6914,0
5155,84.20,15942.7482,16317.6914,0
5159,84.24,15942.7482,16317.6914,0
5169,84.24,15942.7482,16317.6914,0
5170,84.24,15942.7482,16317.6914,0
5171,84.24,15942.7482,16317.6914,0
5172,84.24,15942.7482,16317.6914,0
5179,84.28,15942.7482,16317.6914,0
5180,84.28,16317.6914,16317.6914,1
5181,84.38,14901.6519,16317.6914,0
5182,84.44,14911.2081,16317.6914,0
5183,84.50,15003.4904,16317.6914,0
5184,84.55,15003.4904,16317.6914,0
5185,84.62,15003.4904,16317.6914,0
5186,84.67,15003.4904,16317.6914,0
5187,84.74,15003.4904,16317.6914,0
5188,84.79,15003.4904,16317.6914,0
5189,84.84,15003.4904,16317.6914,0
5190,84.89,15039.3879,16317.6914,0
5191,84.95,15039.3879,16317.6914,0
5192,85.00,15039.3879,16317.6914,0
5193,85.05,15120.0403,16317.6914,0
5194,85.12,15120.0403,16317.6914,0
5195,85.17,15120.0403,16317.6914,0
5196,85.21,15124.5135,16317.6914,0
5197,85.28,15124.5135,16317.6914,0
5198,85.28,15124.5135,16317.6914,0
5199,85.33,15261.5567,16317.6914,0
5200,85.38,15261.5567,16317.6914,0
5201,85.45,15261.5567,16317.6914,0
5203,85.52,15261.5567,16317.6914,0
5205,85.57,15261.5567,16317.6914,0
5206,85.57,15261.5567,16317.6914,0
5207,85.61,15262.1246,16317.6914,0
5208,85.68,15262.1246,16317.6914,0
5209,85.72,15262.1246,16317.6914,0
5210,85.73,15262.1246,16317.6914,0
5211,85.77,15449.6866,16317.6914,0
5212,85.84,15449.6866,16317.6914,0
5213,85.92,15449.6866,16317.6914,0
5214,85.96,15449.6866,16317.6914,0
5215,85.96,15449.6866,16317.6914,0
5219,86.01,15449.6866,16317.6914,0
5221,86.06,15449.6866,16317.6914,0
5222,86.11,15453.8467,16317.6914,0
5223,86.17,15453.8467,16317.6914,0
5224,86.24,15453.8467,16317.6914,0
5225,86.29,15453.8467,16317.6914,0
5226,86.34,15453.8467,16317.6914,0
5227,86.39,15453.8467,16317.6914,0
5228,86.44,15528.8858,16317.6914,0
5229,86.50,15528.8858,16317.6914,0
5230,86.57,15528.8858,16317.6914,0
5231,86.61,15629.2979,16317.6914,0
5233,86.68,15629.2979,16317.6914,0
5234,86.74,15629.2979,16317.6914,0
5236,86.76,15629.2979,16317.6914,0
5237,86.80,15629.2979,16317.6914,0
5240,86.85,15629.2979,16317.6914,0
5241,86.90,15629.2979,16317.6914,0
5242,86.95,15629.2979,16317.6914,0
5243,86.99,15629.2979,16317.6914,0
5244,87.04,15629.2979,16317.6914,0
5246,87.10,15633.0716,16317.6914,0
5247,87.16,15633.0716,16317.6914,0
5248,87.20,15633.0716,16317.6914,0
5249,87.25,15633.0716,16317.6914,0
5250,87.29,15790.7421,16317.6914,0
5251,87.35,15792.6754,16317.6914,0
5252,87.41,15792.6754,16317.6914,0
5253,87.45,15792.6754,16317.6914,0
5254,87.49,15899.2303,16317.6914,0
5255,87.53,16137.3907,16317.6914,0
5256,87.57,16145.9787,16317.6914,0
5258,87.64,16145.9787,16317.6914,0
5259,87.68,16145.9787,16317.6914,0
5261,87.73,16145.9787,16317.6914,0
5262,87.77,16145.9787,16317.6914,0
5263,87.77,16145.9787,16317.6914,0
5266,87.83,16145.9787,16317.6914,0
5267,87.83,16145.9787,16317.6914,0
5269,87.86,16145.9787,16317.6914,0
5270,87.86,16145.9787,16317.6914,0
5271,87.90,16145.9787,16317.6914,0
5273,87.90,16145.9787,16317.6914,0
5274,87.93,16145.9787,16317.6914,0
5277,87.97,16145.9787,16317.6914,0
5279,87.97,16145.9787,16317.6914,0
5280,87.97,16145.9787,16317.6914,0
5281,88.01,16145.9787,16317.6914,0
5285,88.06,16145.9787,16317.6914,0
5287,88.09,16145.9787,16317.6914,0
5290,88.13,16145.9787,16317.6914,0
5297,88.17,16145.9787,16317.6914,0
5299,88.21,16145.9787,16317.6914,0
5300,88.25,16145.9787,16317.6914,0
5303,88.28,16145.9787,16317.6914,0
5306,88.34,16145.9787,16317.6914,0
5307,88.37,16145.9787,16317.6914,0
5311,88.41,16145.9787,16317.6914,0
5316,88.45,16145.9787,16317.6914,0
5322,88.48,16145.9787,16317.6914,0
5325,88.53,16145.9787,16317.6914,0
5327,88.57,16145.9787,16317.6914,0
5329,88.60,16145.9787,16317.6914,0
5334,88.64,16145.9787,16317.6914,0
5335,88.64,16317.6914,16317.6914,1
5336,88.73,14902.8918,16317.6914,0
5337,88.79,14902.8918,16317.6914,0
5338,88.84,14902.8918,16317.6914,0
5339,88.87,14902.8918,16317.6914,0
5340,88.91,14902.8918,16317.6914,0
5341,88.95,14902.8918,16317.6914,0
5342,88.99,14902.8918,16317.6914,0
5343,89.03,15013.1811,16317.6914,0
5344,89.09,15013.1811,16317.6914,0
5345,89.13,15013.1811,16317.6914,0
5346,89.19,15013.1811,16317.6914,0
5347,89.24,15013.1811,16317.6914,0
5348,89.27,15102.4897,16317.6914,0
5349,89.33,15102.4897,16317.6914,0
5350,89.37,15229.3485,16317.6914,0
5351,89.43,15229.3485,16317.6914,0
5352,89.48,15229.3485,16317.6914,0
5353,89.52,15443.1932,16317.6914,0
5354,89.58,15443.1932,16317.6914,0
5355,89.64,15444.2824,16317.6914,0
5356,89.69,15444.2824,16317.6914,0
5357,89.74,15681.0502,16317.6914,0
5358,89.82,15681.0502,16317.6914,0
5359,89.86,15681.0502,16317.6914,0
5360,89.91,15681.0502,16317.6914,0
5361,89.93,15681.0502,16317.6914,0
5362,89.98,15681.0502,16317.6914,0
5363,90.03,15681.0502,16317.6914,0
5364,90.08,15681.0502,16317.6914,0
5365,90.13,15795.6914,16317.6914,0
5366,90.18,15795.6914,16317.6914,0
5367,90.25,15795.6914,16317.6914,0
5368,90.32,15987.1313,16317.6914,0
5369,90.39,15987.1313,16317.6914,0
5370,90.45,16033.7977,16317.6914,0
5371,90.49,16086.8738,16317.6914,0
5372,90.55,16086.8738,16317.6914,0
5373,90.59,16112.0468,16317.6914,0
5374,90.66,16112.0468,16317.6914,0
5375,90.69,16112.0468,16317.6914,0
5376,90.75,16112.0468,16317.6914,0
5377,90.79,16112.0468,16317.6914,0
5378,90.84,16112.0468,16317.6914,0
5380,90.88,16112.0468,16317.6914,0
5381,90.92,16112.0468,16317.6914,0
5382,90.97,16112.0468,16317.6914,0
5383,91.00,16112.0468,16317.6914,0
5384,91.03,16112.0468,16317.6914,0
5385,91.03,16112.0468,16317.6914,0
5386,91.08,16120.6168,16317.6914,0
5388,91.14,16120.6168,16317.6914,0
5389,91.20,16120.6168,16317.6914,0
5390,91.26,16120.6168,16317.6914,0
5391,91.29,16120.6168,16317.6914,0
5392,91.33,16120.6168,16317.6914,0
5393,91.37,16120.6168,16317.6914,0
5394,91.40,16120.6168,16317.6914,0
5395,91.43,16120.6168,16317.6914,0
5398,91.49,16120.6168,16317.6914,0
5399,91.49,16120.6168,16317.6914,0
5400,91.54,16120.6168,16317.6914,0
5402,91.57,16120.6168,16317.6914,0
5405,91.62,16120.6168,16317.6914,0
5407,91.62,16120.6168,16317.6914,0
5408,91.66,16120.6168,16317.6914,0
5409,91.66,16120.6168,16317.6914,0
5411,91.66,16120.6168,16317.6914,0
5412,91.70,16120.6168,16317.6914,0
5418,91.70,16120.6168,16317.6914,0
5419,91.74,16120.6168,16317.6914,0
5420,91.74,16120.6168,16317.6914,0
5422,91.79,16120.6168,16317.6914,0
5423,91.83,16120.6168,16317.6914,0
5431,91.87,16120.6168,16317.6914,0
5435,91.90,16120.6168,16317.6914,0
5437,91.94,16120.6168,16317.6914,0
5440,91.97,16120.6168,16317.6914,0
5443,92.02,16120.6168,16317.6914,0
5448,92.06,16120.6168,16317.6914,0
5449,92.06,16317.6914,16317.6914,1
5450,92.14,13441.8983,16317.6914,0
5451,92.19,13441.8983,16317.6914,0
5452,92.23,13441.8983,16317.6914,0
5453,92.27,13441.8983,16317.6914,0
5454,92.32,13441.8983,16317.6914,0
5455,92.36,13441.8983,16317.6914,0
5456,92.39,13441.8983,16317.6914,0
5457,92.42,13441.8983,16317.6914,0
5458,92.48,13470.5059,16317.6914,0
5459,92.53,13470.5059,16317.6914,0
5460,92.57,13768.7166,16317.6914,0
5461,92.62,14011.0046,16317.6914,0
5462,92.66,14094.3870,16317.6914,0
5463,92.71,14094.3870,16317.6914,0
5464,92.74,14094.3870,16317.6914,0
5465,92.79,14292.1209,16317.6914,0
5466,92.83,14442.2446,16317.6914,0
5467,92.86,14442.2446,16317.6914,0
5468,92.91,14442.4493,16317.6914,0
5469,92.95,14500.6214,16317.6914,0
5470,93.00,14500.6214,16317.6914,0
5471,93.04,14500.9080,16317.6914,0
5472,93.09,14503.0786,16317.6914,0
5473,93.14,14503.0786,16317.6914,0
5474,93.18,14600.8140,16317.6914,0
5475,93.24,14600.8140,16317.6914,0
5476,93.28,14600.8140,16317.6914,0
5477,93.34,14600.8140,16317.6914,0
5478,93.36,14600.8140,16317.6914,0
5479,93.40,14600.8140,16317.6914,0
5480,93.43,14600.8140,16317.6914,0
5482,93.47,14600.8140,16317.6914,0
5484,93.51,14600.8140,16317.6914,0
5485,93.56,14600.8140,16317.6914,0
5486,93.56,14600.8140,16317.6914,0
5487,93.56,14600.8140,16317.6914,0
5489,93.61,14600.8140,16317.6914,0
5490,93.64,14600.8140,16317.6914,0
5491,93.64,14600.8140,16317.6914,0
5492,93.68,14600.8140,16317.6914,0
5493,93.68,14600.8140,16317.6914,0
5494,93.72,14600.8140,16317.6914,0
5496,93.76,14600.8140,16317.6914,0
5500,93.79,14600.8140,16317.6914,0
5507,93.83,14600.8140,16317.6914,0
5509,93.87,14600.8140,16317.6914,0
5517,93.90,14600.8140,16317.6914,0
5519,93.95,14600.8140,16317.6914,0
5521,93.98,14600.8140,16317.6914,0
5535,94.01,14600.8140,16317.6914,0
5538,94.06,14600.8140,16317.6914,0
5550,94.10,14600.8140,16317.6914,0
5555,94.13,14600.8140,16317.6914,0
5574,94.17,14600.8140,16317.6914,0
5575,94.21,14600.8140,16317.6914,0
5578,94.25,14600.8140,16317.6914,0
5583,94.29,14600.8140,16317.6914,0
5587,94.32,14600.8140,16317.6914,0
5588,94.36,14600.8140,16317.6914,0
5599,94.40,14600.8140,16317.6914,0
5600,94.40,16317.6914,16317.6914,1
5601,94.46,13594.4766,16317.6914,0
5602,94.50,13606.8587,16317.6914,0
5603,94.55,13606.8587,16317.6914,0
5604,94.59,13766.9065,16317.6914,0
5605,94.64,13766.9065,16317.6914,0
5606,94.69,13766.9065,16317.6914,0
5607,94.72,13766.9065,16317.6914,0
5608,94.75,13766.9065,16317.6914,0
5609,94.78,13793.3134,16317.6914,0
5610,94.83,13807.3444,16317.6914,0
5611,94.87,14205.1800,16317.6914,0
5612,94.92,14208.3523,16317.6914,0
5613,94.97,14208.3523,16317.6914,0
5614,95.03,14229.4948,16317.6914,0
5615,95.08,14229.9908,16317.6914,0
5616,95.13,14229.9908,16317.6914,0
5617,95.17,14229.9908,16317.6914,0
5618,95.23,14241.9518,16317.6914,0
5619,95.27,14241.9518,16317.6914,0
5620,95.30,14241.9518,16317.6914,0
5621,95.36,14241.9518,16317.6914,0
5622,95.41,14241.9518,16317.6914,0
5623,95.45,14255.6065,16317.6914,0
5624,95.50,14255.6065,16317.6914,0
5625,95.54,14255.6065,16317.6914,0
5626,95.66,14255.6065,16317.6914,0
5627,95.69,14255.6065,16317.6914,0
5628,95.73,14255.6065,16317.6914,0
5629,95.77,14255.6065,16317.6914,0
5630,95.82,14255.6065,16317.6914,0
5631,95.85,14255.6065,16317.6914,0
5632,95.89,14271.7570,16317.6914,0
5633,95.93,14626.5874,16317.6914,0
5634,95.98,14626.5874,16317.6914,0
5635,96.02,14626.5874,16317.6914,0
5636,96.06,14672.9360,16317.6914,0
5637,96.10,14672.9360,16317.6914,0
5638,96.14,14701.9898,16317.6914,0
5639,96.19,14701.9898,16317.6914,0
5640,96.23,14701.9898,16317.6914,0
5641,96.27,14756.8433,16317.6914,0
5642,96.33,14756.8433,16317.6914,0
5643,96.39,14756.8433,16317.6914,0
5644,96.42,14756.8433,16317.6914,0
5645,96.46,14794.9283,16317.6914,0
5646,96.56,14920.2202,16317.6914,0
5647,96.64,14970.7500,16317.6914,0
5648,96.74,14982.4937,16317.6914,0
5649,96.89,14982.4937,16317.6914,0
5650,97.02,14982.4937,16317.6914,0
5652,97.08,14982.4937,16317.6914,0
5655,97.20,14982.4937,16317.6914,0
5656,97.24,14982.4937,16317.6914,0
5657,97.35,14988.6437,16317.6914,0
5658,97.44,14988.6437,16317.6914,0
5659,97.59,14988.6437,16317.6914,0
5661,97.71,14988.6437,16317.6914,0
5662,97.77,14999.9532,16317.6914,0
5663,97.86,14999.9532,16317.6914,0
5665,98.02,15004.2577,16317.6914,0
5666,98.12,15004.2577,16317.6914,0
5669,98.23,15004.2577,16317.6914,0
5670,98.34,15004.2577,16317.6914,0
5671,98.41,15031.0561,16317.6914,0
5672,98.55,15077.4256,16317.6914,0
5676,98.64,15077.4256,16317.6914,0
5677,98.73,15077.4256,16317.6914,0
5678,98.86,15077.6268,16317.6914,0
5680,98.94,15077.6268,16317.6914,0
5681,98.98,15078.0345,16317.6914,0
5682,99.07,15123.4831,16317.6914,0
5683,99.19,15123.4831,16317.6914,0
5684,99.31,15123.4831,16317.6914,0
5687,99.37,15131.9501,16317.6914,0
5688,99.44,15131.9501,16317.6914,0
5689,99.54,15131.9501,16317.6914,0
5692,99.57,15131.9501,16317.6914,0
5695,99.57,15131.9501,16317.6914,0
5696,99.66,15131.9501,16317.6914,0
5697,99.71,15131.9501,16317.6914,0
5698,99.80,15153.5976,16317.6914,0
5700,99.88,15153.5976,16317.6914,0
5702,99.95,15153.5976,16317.6914,0
5703,100.05,15153.5976,16317.6914,0
5704,100.14,15153.5976,16317.6914,0
5705,100.21,15153.5976,16317.6914,0
5707,100.34,15153.5976,16317.6914,0
5710,100.34,15153.5976,16317.6914,0
5712,100.47,15153.5976,16317.6914,0
5713,100.47,15153.5976,16317.6914,0
5714,100.51,15153.5976,16317.6914,0
5715,100.55,15153.5976,16317.6914,0
5716,100.60,15153.5976,16317.6914,0
5719,100.67,15153.5976,16317.6914,0
5720,100.72,15153.5976,16317.6914,0
5721,100.72,15153.5976,16317.6914,0
5723,100.83,15153.5976,16317.6914,0
5724,100.91,15153.5976,16317.6914,0
5726,101.03,15153.5976,16317.6914,0
5727,101.17,15153.5976,16317.6914,0
5729,101.22,15153.5976,16317.6914,0
5732,101.22,15153.5976,16317.6914,0
5733,101.22,15153.5976,16317.6914,0
5734,101.22,15153.5976,16317.6914,0
5735,101.29,15153.5976,16317.6914,0
5737,101.29,15153.5976,16317.6914,0
5738,101.41,15153.5976,16317.6914,0
5739,101.47,15153.5976,16317.6914,0
5754,101.53,15153.5976,16317.6914,0
5755,101.68,15153.5976,16317.6914,0
5777,101.73,15153.5976,16317.6914,0
5787,101.86,15153.5976,16317.6914,0
5788,101.95,15153.5976,16317.6914,0
5790,102.06,15153.5976,16317.6914,0
5793,102.16,15153.5976,16317.6914,0
5794,102.16,16317.6914,16317.6914,1
5795,102.23,14025.0615,16317.6914,0
5796,102.27,14268.9339,16317.6914,0
5797,102.31,14268.9339,16317.6914,0
5798,102.35,14268.9339,16317.6914,0
5799,102.40,14268.9339,16317.6914,0
5800,102.43,14274.8448,16317.6914,0
5801,102.47,14281.5969,16317.6914,0
5802,102.51,14428.7401,16317.6914,0
5803,102.54,14556.2978,16317.6914,0
5804,102.59,14556.2978,16317.6914,0
5805,102.63,14750.6971,16317.6914,0
5806,102.68,14750.6971,16317.6914,0
5807,102.71,14750.6971,16317.6914,0
5808,102.77,14750.6971,16317.6914,0
5810,102.82,14750.6971,16317.6914,0
5811,102.86,14750.6971,16317.6914,0
5812,102.90,14758.9419,16317.6914,0
5813,102.96,14864.9591,16317.6914,0
5814,103.01,14966.5953,16317.6914,0
5815,103.07,14966.5953,16317.6914,0
5816,103.11,14966.5953,16317.6914,0
5817,103.16,14978.0554,16317.6914,0
5818,103.23,14978.0554,16317.6914,0
5819,103.27,14978.0554,16317.6914,0
5820,103.32,14978.0554,16317.6914,0
5821,103.39,14978.0554,16317.6914,0
5822,103.44,14978.0554,16317.6914,0
5823,103.49,14989.6368,16317.6914,0
5824,103.55,14989.6368,16317.6914,0
5825,103.60,14989.6368,16317.6914,0
5826,103.65,14989.6368,16317.6914,0
5827,103.70,15176.2633,16317.6914,0
5828,103.75,15176.2633,16317.6914,0
5829,103.83,15207.7843,16317.6914,0
5830,103.89,15207.7843,16317.6914,0
5831,103.94,15207.7843,16317.6914,0
5832,104.01,15207.7843,16317.6914,0
5833,104.06,15245.1003,16317.6914,0
5834,104.13,15246.5943,16317.6914,0
5835,104.19,15246.5943,16317.6914,0
5836,104.26,15246.5943,16317.6914,0
5837,104.31,15246.5943,16317.6914,0
5838,104.35,15246.5943,16317.6914,0
5839,104.41,15415.2648,16317.6914,0
5840,104.48,15415.2648,16317.6914,0
5841,104.54,15415.2648,16317.6914,0
5842,104.58,15415.2648,16317.6914,0
5843,104.62,15415.2648,16317.6914,0
5844,104.68,15415.2648,16317.6914,0
5845,104.75,15415.2648,16317.6914,0
5846,104.79,15427.0801,16317.6914,0
5847,104.83,15427.0801,16317.6914,0
5848,104.86,15427.0801,16317.6914,0
5850,104.91,15427.0801,16317.6914,0
5852,104.96,15427.0801,16317.6914,0
5853,105.00,15427.0801,16317.6914,0
5854,105.03,15427.0801,16317.6914,0
5855,105.07,15427.0801,16317.6914,0
5856,105.11,15427.0801,16317.6914,0
5857,105.14,15427.0801,16317.6914,0
5859,105.19,15427.0801,16317.6914,0
5860,105.22,15427.0801,16317.6914,0
5862,105.26,15427.0801,16317.6914,0
5863,105.32,15427.0801,16317.6914,0
5864,105.35,15427.0801,16317.6914,0
5866,105.39,15427.0801,16317.6914,0
5868,105.39,15427.0801,16317.6914,0
5869,105.42,15427.0801,16317.6914,0
5870,105.46,15427.0801,16317.6914,0
5871,105.46,15427.0801,16317.6914,0
5872,105.46,15427.0801,16317.6914,0
5873,105.51,15427.0801,16317.6914,0
5874,105.55,15427.0801,16317.6914,0
5876,105.55,15427.0801,16317.6914,0
5877,105.58,15427.0801,16317.6914,0
5878,105.62,15427.0801,16317.6914,0
5882,105.65,15427.0801,16317.6914,0
5887,105.70,15427.0801,16317.6914,0
5895,105.73,15427.0801,16317.6914,0
5896,105.78,15427.0801,16317.6914,0
5899,105.82,15555.7294,16317.6914,0
5900,105.85,15650.2019,16317.6914,0
5901,105.91,15650.2019,16317.6914,0
5902,105.97,15650.2019,16317.6914,0
5903,106.02,15650.2019,16317.6914,0
5904,106.07,15650.2019,16317.6914,0
5905,106.11,15650.2019,16317.6914,0
5906,106.15,15650.2019,16317.6914,0
5907,106.18,15650.2019,16317.6914,0
5908,106.22,15650.2019,16317.6914,0
5909,106.22,15650.2019,16317.6914,0
5910,106.26,15650.2019,16317.6914,0
5911,106.29,15653.1171,16317.6914,0
5912,106.35,15653.1171,16317.6914,0
5913,106.41,15653.1171,16317.6914,0
5914,106.48,15653.1171,16317.6914,0
5915,106.53,15653.1171,16317.6914,0
5916,106.57,15662.8129,16317.6914,0
5917,106.62,15662.8129,16317.6914,0
5918,106.67,15662.8129,16317.6914,0
5919,106.71,15662.8129,16317.6914,0
5921,106.78,15662.8129,16317.6914,0
5922,106.81,15662.8129,16317.6914,0
5925,106.81,15662.8129,16317.6914,0
5926,106.85,15662.8129,16317.6914,0
5928,106.89,15662.8129,16317.6914,0
5929,106.92,15662.8129,16317.6914,0
5930,106.95,15662.8129,16317.6914,0
5933,106.95,15662.8129,16317.6914,0
5935,106.99,15662.8129,16317.6914,0
5937,107.02,15662.8129,16317.6914,0
5938,107.08,15662.8129,16317.6914,0
5940,107.08,15662.8129,16317.6914,0
5945,107.11,15662.8129,16317.6914,0
5948,107.11,15662.8129,16317.6914,0
5953,107.16,15662.8129,16317.6914,0
5955,107.19,15662.8129,16317.6914,0
5964,107.23,15662.8129,16317.6914,0
5973,107.26,15662.8129,16317.6914,0
5981,107.31,15662.8129,16317.6914,0
5988,107.35,15662.8129,16317.6914,0
5992,107.38,15662.8129,16317.6914,0
5998,107.42,15662.8129,16317.6914,0
6005,107.45,15662.8129,16317.6914,0
6006,107.50,15662.8129,16317.6914,0
6007,107.54,15662.8129,16317.6914,0
6013,107.59,15662.8129,16317.6914,0
6014,107.63,15662.8129,16317.6914,0
6022,107.66,15662.8129,16317.6914,0
6034,107.70,15662.8129,16317.6914,0
6036,107.73,15662.8129,16317.6914,0
6037,107.76,15662.8129,16317.6914,0
6038,107.79,15662.8129,16317.6914,0
6039,107.79,16317.6914,16317.6914,1
6040,107.86,13943.8263,16317.6914,0
6041,107.91,13943.8263,16317.6914,0
6042,107.93,13943.8263,16317.6914,0
6043,107.98,14271.8461,16317.6914,0
6044,108.04,14321.3933,16317.6914,0
6045,108.08,14537.1831,16317.6914,0
6046,108.13,14537.1831,16317.6914,0
6047,108.19,14537.1831,16317.6914,0
6048,108.25,14537.1831,16317.6914,0
6049,108.29,14537.1831,16317.6914,0
6050,108.33,14537.1831,16317.6914,0
6051,108.36,14537.1831,16317.6914,0
6052,108.40,14724.2768,16317.6914,0
6053,108.45,14726.6173,16317.6914,0
6054,108.50,14726.6173,16317.6914,0
6055,108.56,14726.6173,16317.6914,0
6056,108.56,14726.6173,16317.6914,0
6057,108.61,14726.6173,16317.6914,0
6058,108.65,14726.6173,16317.6914,0
6059,108.70,14726.6173,16317.6914,0
6060,108.74,14726.6173,16317.6914,0
6061,108.78,14726.6173,16317.6914,0
6062,108.84,14895.9076,16317.6914,0
6063,108.90,14895.9076,16317.6914,0
6064,108.96,15113.0900,16317.6914,0
6065,109.02,15113.0900,16317.6914,0
6066,109.07,15280.6817,16317.6914,0
6067,109.12,15481.3699,16317.6914,0
6068,109.19,15494.1142,16317.6914,0
6069,109.23,15500.1906,16317.6914,0
6070,109.30,15505.7344,16317.6914,0
6071,109.35,15505.7344,16317.6914,0
6072,109.41,15505.7344,16317.6914,0
6073,109.48,15505.7344,16317.6914,0
6074,109.55,15505.7344,16317.6914,0
6075,109.60,15505.7344,16317.6914,0
6076,109.65,15505.7344,16317.6914,0
6077,109.70,15519.4188,16317.6914,0
6078,109.76,15519.4188,16317.6914,0
6079,109.81,15569.8179,16317.6914,0
6080,109.88,15580.8764,16317.6914,0
6081,109.92,15580.8764,16317.6914,0
6082,109.99,15580.8764,16317.6914,0
6083,110.03,15580.8764,16317.6914,0
6084,110.08,15708.4351,16317.6914,0
6085,110.13,15708.4351,16317.6914,0
6086,110.19,15747.9969,16317.6914,0
6087,110.24,15747.9969,16317.6914,0
6088,110.29,15837.7099,16317.6914,0
6089,110.36,15837.7099,16317.6914,0
6090,110.42,15839.4129,16317.6914,0
6091,110.48,15839.4129,16317.6914,0
6092,110.54,15839.4129,16317.6914,0
6093,110.58,15839.4129,16317.6914,0
6094,110.65,15839.4129,16317.6914,0
6095,110.71,15839.4129,16317.6914,0
6096,110.76,15883.4374,16317.6914,0
6097,110.81,15941.3035,16317.6914,0
6098,110.88,15941.3035,16317.6914,0
6099,110.94,15950.1233,16317.6914,0
6100,111.00,16186.4332,16317.6914,0
6101,111.05,16269.9237,16317.6914,0
6103,111.12,16269.9237,16317.6914,0
6104,111.17,16269.9237,16317.6914,0
6105,111.23,16269.9237,16317.6914,0
6106,111.28,16269.9237,16317.6914,0
6107,111.32,16270.3520,16317.6914,0
6108,111.37,16297.6322,16317.6914,0
6109,111.44,16297.6322,16317.6914,0
6110,111.49,16297.6322,16317.6914,0
6111,111.54,16520.6059,16520.6059,0
6112,111.59,16520.6059,16520.6059,0
6113,111.64,16520.6059,16520.6059,0
6115,111.68,16520.6059,16520.6059,0
6116,111.74,16520.6059,16520.6059,0
6117,111.77,16520.6059,16520.6059,0
6119,111.81,16520.6059,16520.6059,0
6120,111.87,16520.6059,16520.6059,0
6122,111.91,16520.6059,16520.6059,0
6123,111.95,16520.6059,16520.6059,0
6124,112.00,16520.6059,16520.6059,0
6125,112.04,16520.6059,16520.6059,0
6126,112.08,16520.6059,16520.6059,0
6127,112.13,16520.6059,16520.6059,0
6132,112.18,16615.9415,16615.9415,0
6133,112.24,16615.9415,16615.9415,0
6134,112.31,16615.9415,16615.9415,0
6135,112.35,16615.9415,16615.9415,0
6136,112.39,16615.9415,16615.9415,0
6137,112.44,16615.9415,16615.9415,0
6138,112.48,16664.4776,16664.4776,0
6139,112.55,16664.4776,16664.4776,0
6140,112.62,16670.5394,16670.5394,0
6143,112.66,16670.5394,16670.5394,0
6145,112.71,16670.5394,16670.5394,0
6146,112.77,16670.5394,16670.5394,0
6147,112.84,16670.7847,16670.7847,0
6148,112.90,16670.7847,16670.7847,0
6151,112.95,16670.7847,16670.7847,0
6152,112.99,16670.7847,16670.7847,0
6154,113.02,16670.7847,16670.7847,0
6156,113.06,16670.7847,16670.7847,0
6157,113.09,16670.7847,16670.7847,0
6158,113.15,16670.7847,16670.7847,0
6159,113.20,16670.7847,16670.7847,0
6161,113.21,16670.7847,16670.7847,0
6162,113.24,16670.7847,16670.7847,0
6163,113.33,16670.7847,16670.7847,0
6164,113.36,16670.7847,16670.7847,0
6165,113.40,16670.7847,16670.7847,0
6166,113.44,16670.7847,16670.7847,0
6167,113.49,16670.7847,16670.7847,0
6168,113.54,16670.7847,16670.7847,0
6169,113.54,16670.7847,16670.7847,0
6170,113.58,16670.7847,16670.7847,0
6171,113.58,16670.7847,16670.7847,0
6172,113.58,16670.7847,16670.7847,0
6174,113.62,16670.7847,16670.7847,0
6177,113.65,16670.7847,16670.7847,0
6178,113.69,16670.7847,16670.7847,0
6180,113.73,16670.7847,16670.7847,0
6181,113.76,16670.7847,16670.7847,0
6183,113.80,16670.7847,16670.7847,0
6184,113.80,16670.7847,16670.7847,0
6185,113.86,16670.7847,16670.7847,0
6186,113.90,16670.7847,16670.7847,0
6189,113.94,16670.7847,16670.7847,0
6190,113.94,16670.7847,16670.7847,0
6191,114.00,16670.7847,16670.7847,0
6192,114.00,16670.7847,16670.7847,0
6193,114.04,16670.7847,16670.7847,0
6195,114.07,16670.7847,16670.7847,0
6196,114.11,16670.7847,16670.7847,0
6200,114.16,16670.7847,16670.7847,0
6201,114.16,16670.7847,16670.7847,0
6202,114.20,16670.7847,16670.7847,0
6204,114.24,16670.7847,16670.7847,0
6205,114.28,16670.7847,16670.7847,0
6206,114.32,16670.7847,16670.7847,0
6208,114.32,16670.7847,16670.7847,0
6209,114.37,16670.7847,16670.7847,0
6210,114.37,16670.7847,16670.7847,0
6213,114.40,16770.8271,16770.8271,0
6214,114.45,16770.8271,16770.8271,0
6215,114.51,16770.8271,16770.8271,0
6216,114.57,16770.8271,16770.8271,0
6217,114.60,16770.8271,16770.8271,0
6218,114.63,16770.8271,16770.8271,0
6219,114.67,16770.8271,16770.8271,0
6222,114.72,16770.8271,16770.8271,0
6225,114.75,16770.8271,16770.8271,0
6227,114.79,16770.8271,16770.8271,0
6229,114.83,16770.8271,16770.8271,0
6230,114.87,16770.8271,16770.8271,0
6232,114.91,16770.8271,16770.8271,0
6233,114.91,16770.8271,16770.8271,0
6235,114.96,16770.8271,16770.8271,0
6236,115.00,16770.8271,16770.8271,0
6237,115.04,16770.8271,16770.8271,0
6239,115.04,16770.8271,16770.8271,0
6240,115.04,16770.8271,16770.8271,0
6242,115.08,16770.8271,16770.8271,0
6244,115.08,16770.8271,16770.8271,0
6245,115.12,16770.8271,16770.8271,0
6246,115.16,16770.8271,16770.8271,0
6248,115.16,16770.8271,16770.8271,0
6250,115.16,16770.8271,16770.8271,0
6251,115.16,16770.8271,16770.8271,0
6252,115.19,16770.8271,16770.8271,0
6253,115.19,16770.8271,16770.8271,0
6255,115.23,16770.8271,16770.8271,0
6256,115.23,16770.8271,16770.8271,0
6258,115.27,16770.8271,16770.8271,0
6268,115.31,16770.8271,16770.8271,0
6283,115.34,16770.8271,16770.8271,0
6284,115.39,16770.8271,16770.8271,0
6286,115.43,16770.8271,16770.8271,0
6287,115.46,16770.8271,16770.8271,0
6292,115.52,16770.8271,16770.8271,0
6305,115.56,16770.8271,16770.8271,0
6307,115.60,16770.8271,16770.8271,0
6316,115.63,16770.8271,16770.8271,0
6318,115.67,16770.8271,16770.8271,0
6319,115.73,16770.8271,16770.8271,0
6321,115.77,16770.8271,16770.8271,0
6322,115.82,16770.8271,16770.8271,0
6325,115.86,16770.8271,16770.8271,0
6327,115.90,16770.8271,16770.8271,0
6328,115.90,16770.8271,16770.8271,1
6329,115.98,16556.3411,16770.8271,0
6330,116.02,16556.3411,16770.8271,0
6331,116.06,16749.0668,16770.8271,0
6332,116.12,16749.0668,16770.8271,0
6333,116.18,16749.0668,16770.8271,0
6334,116.22,16884.3384,16884.3384,0
6335,116.28,16884.3384,16884.3384,0
6336,116.32,17078.7375,17078.7375,0
6337,116.35,17078.7375,17078.7375,0
6338,116.41,17078.7375,17078.7375,0
6341,116.45,17078.7375,17078.7375,0
6342,116.50,17078.7375,17078.7375,0
6343,116.55,17078.7375,17078.7375,0
6344,116.61,17078.7375,17078.7375,0
6346,116.66,17078.7375,17078.7375,0
6347,116.69,17078.7375,17078.7375,0
6348,116.69,17078.7375,17078.7375,0
6349,116.73,17078.7375,17078.7375,0
6350,116.78,17078.7375,17078.7375,0
6351,116.81,17078.7375,17078.7375,0
6352,116.85,17078.7375,17078.7375,0
6353,116.88,17078.7375,17078.7375,0
6354,116.88,17078.7375,17078.7375,0
6355,116.92,17078.7375,17078.7375,0
6357,116.92,17078.7375,17078.7375,0
6358,116.92,17078.7375,17078.7375,0
6359,116.95,17078.7375,17078.7375,0
6363,116.99,17078.7375,17078.7375,0
6370,117.05,17078.7375,17078.7375,0
6371,117.05,17078.7375,17078.7375,0
6379,117.09,17078.7375,17078.7375,0
6382,117.14,17078.7375,17078.7375,0
6383,117.18,17078.7375,17078.7375,0
6384,117.22,17078.7375,17078.7375,0
6387,117.25,17078.7375,17078.7375,0
6388,117.30,17078.7375,17078.7375,0
6390,117.34,17078.7375,17078.7375,0
6391,117.38,17078.7375,17078.7375,0
6392,117.38,17078.7375,17078.7375,1
6393,117.44,16884.3384,17078.7375,0
6394,117.50,16884.3384,17078.7375,0
6395,117.56,16884.3384,17078.7375,0
6396,117.61,16884.3384,17078.7375,0
6397,117.65,16884.3384,17078.7375,0
6398,117.65,16884.3384,17078.7375,0
6399,117.68,17078.7375,17078.7375,0
6400,117.71,17078.7375,17078.7375,0
6403,117.74,17078.7375,17078.7375,0
6405,117.74,17078.7375,17078.7375,0
6406,117.74,17078.7375,17078.7375,0
6407,117.74,17078.7375,17078.7375,0
6408,117.74,17078.7375,17078.7375,0
6409,117.74,17078.7375,17078.7375,0
6411,117.74,17078.7375,17078.7375,0
6412,117.74,17078.7375,17078.7375,0
6414,117.74,17078.7375,17078.7375,0
6415,117.74,17078.7375,17078.7375,0
6416,117.74,17078.7375,17078.7375,0
6417,117.74,17078.7375,17078.7375,0
6418,117.74,17078.7375,17078.7375,0
6419,117.74,17078.7375,17078.7375,0
6420,117.74,17078.7375,17078.7375,0
6424,117.74,17078.7375,17078.7375,0
6426,117.74,17078.7375,17078.7375,0
6427,117.74,17078.7375,17078.7375,0
6429,117.74,17078.7375,17078.7375,0
6431,117.74,17078.7375,17078.7375,0
6432,117.74,17078.7375,17078.7375,0
6434,117.74,17078.7375,17078.7375,0
6444,117.74,17078.7375,17078.7375,0
6449,117.74,17078.7375,17078.7375,0
6450,117.74,17078.7375,17078.7375,0
6454,117.74,17078.7375,17078.7375,0
6457,117.74,17078.7375,17078.7375,0
6461,117.74,17078.7375,17078.7375,0
6466,117.74,17078.7375,17078.7375,0
6467,117.74,17078.7375,17078.7375,1
6468,117.85,16727.4638,17078.7375,0
6469,117.89,16943.4668,17078.7375,0
6470,117.93,16943.4668,17078.7375,0
6471,117.97,16943.4668,17078.7375,0
6472,118.01,17078.7375,17078.7375,0
6474,118.04,17078.7375,17078.7375,0
6475,118.06,17078.7375,17078.7375,0
6478,118.06,17078.7375,17078.7375,0
6479,118.07,17078.7375,17078.7375,0
6481,118.07,17078.7375,17078.7375,0
6483,118.07,17078.7375,17078.7375,0
6484,118.07,17078.7375,17078.7375,0
6488,118.07,17078.7375,17078.7375,0
6489,118.07,17078.7375,17078.7375,0
6490,118.07,17078.7375,17078.7375,0
6492,118.07,17078.7375,17078.7375,0
6495,118.07,17078.7375,17078.7375,0
6496,118.07,17078.7375,17078.7375,0
6497,118.07,17078.7375,17078.7375,0
6498,118.07,17078.7375,17078.7375,0
6501,118.07,17078.7375,17078.7375,0
6503,118.07,17078.7375,17078.7375,0
6505,118.07,17078.7375,17078.7375,0
6506,118.07,17078.7375,17078.7375,0
6510,118.07,17078.7375,17078.7375,0
6512,118.07,17078.7375,17078.7375,0
6514,118.07,17078.7375,17078.7375,0
6515,118.07,17078.7375,17078.7375,0
6516,118.07,17078.7375,17078.7375,0
6520,118.07,17078.7375,17078.7375,0
6522,118.07,17078.7375,17078.7375,0
6523,118.07,17078.7375,17078.7375,0
6524,118.07,17078.7375,17078.7375,0
6526,118.07,17078.7375,17078.7375,0
6527,118.07,17078.7375,17078.7375,0
6528,118.07,17078.7375,17078.7375,1
6529,118.15,16740.1890,17078.7375,0
6530,118.19,16931.4967,17078.7375,0
6531,118.23,16931.4967,17078.7375,0
6532,118.27,16931.4967,17078.7375,0
6533,118.33,16931.4967,17078.7375,0
6534,118.37,16931.4967,17078.7375,0
6535,118.42,16931.4967,17078.7375,0
6536,118.46,17078.7375,17078.7375,0
6537,118.46,17078.7375,17078.7375,0
6538,118.46,17078.7375,17078.7375,0
6539,118.49,17078.7375,17078.7375,0
6540,118.49,17078.7375,17078.7375,0
6541,118.49,17078.7375,17078.7375,0
6543,118.49,17078.7375,17078.7375,0
6544,118.49,17078.7375,17078.7375,0
6545,118.52,17078.7375,17078.7375,0
6547,118.52,17078.7375,17078.7375,0
6548,118.52,17078.7375,17078.7375,0
6549,118.52,17078.7375,17078.7375,0
6551,118.52,17078.7375,17078.7375,0
6552,118.52,17078.7375,17078.7375,0
6553,118.52,17078.7375,17078.7375,0
6556,118.52,17078.7375,17078.7375,0
6557,118.52,17078.7375,17078.7375,0
6559,118.52,17078.7375,17078.7375,0
6560,118.52,17078.7375,17078.7375,0
6561,118.52,17078.7375,17078.7375,0
6562,118.52,17078.7375,17078.7375,0
6565,118.52,17078.7375,17078.7375,0
6566,118.52,17078.7375,17078.7375,0
6567,118.52,17078.7375,17078.7375,0
6571,118.52,17078.7375,17078.7375,0
6572,118.52,17078.7375,17078.7375,0
6574,118.52,17078.7375,17078.7375,0
6577,118.52,17078.7375,17078.7375,0
6578,118.52,17078.7375,17078.7375,0
6585,118.52,17078.7375,17078.7375,0
6587,118.52,17078.7375,17078.7375,0
6588,118.52,17078.7375,17078.7375,1
6589,118.60,16534.0825,17078.7375,0
6590,118.64,16709.6555,17078.7375,0
6591,118.69,16832.5776,17078.7375,0
6592,118.76,16832.5776,17078.7375,0
6593,118.81,16832.5776,17078.7375,0
6594,118.84,16980.6908,17078.7375,0
6595,118.91,16980.6908,17078.7375,0
6596,118.95,16980.6908,17078.7375,0
6597,118.99,16980.6908,17078.7375,0
6598,119.05,16980.6908,17078.7375,0
6599,119.08,16980.6908,17078.7375,0
6600,119.13,16980.6908,17078.7375,0
6601,119.17,16980.6908,17078.7375,0
6602,119.20,16980.6908,17078.7375,0
6603,119.23,16980.6908,17078.7375,0
6604,119.27,16980.6908,17078.7375,0
6605,119.27,16980.6908,17078.7375,0
6606,119.31,16980.6908,17078.7375,0
6607,119.31,16980.6908,17078.7375,0
6608,119.34,16980.6908,17078.7375,0
6609,119.34,16980.6908,17078.7375,0
6610,119.38,16980.6908,17078.7375,0
6611,119.38,16980.6908,17078.7375,0
6612,119.42,17013.4534,17078.7375,0
6613,119.48,17013.4534,17078.7375,0
6615,119.52,17013.4534,17078.7375,0
6616,119.59,17013.4534,17078.7375,0
6617,119.63,17013.4534,17078.7375,0
6618,119.66,17013.4534,17078.7375,0
6619,119.70,17013.4534,17078.7375,0
6620,119.70,17013.4534,17078.7375,0
6621,119.70,17013.4534,17078.7375,0
6622,119.74,17013.4534,17078.7375,0
6623,119.78,17013.4534,17078.7375,0
6625,119.78,17013.4534,17078.7375,0
6626,119.82,17013.4534,17078.7375,0
6627,119.83,17013.4534,17078.7375,0
6628,119.83,17013.4534,17078.7375,0
6629,119.83,17013.4534,17078.7375,0
6630,119.86,17013.4534,17078.7375,0
6632,119.91,17013.4534,17078.7375,0
6633,119.95,17013.4534,17078.7375,0
6634,120.01,17013.4534,17078.7375,0
6635,120.06,17013.4534,17078.7375,0
6636,120.11,17013.4534,17078.7375,0
6640,120.15,17013.4534,17078.7375,0
6641,120.19,17013.4534,17078.7375,0
6643,120.23,17013.4534,17078.7375,0
6646,120.27,17013.4534,17078.7375,0
6647,120.31,17013.4534,17078.7375,0
6652,120.35,17013.4534,17078.7375,0
6660,120.41,17013.4534,17078.7375,0
6663,120.46,17013.4534,17078.7375,0
6680,120.51,17013.4534,17078.7375,0
6681,120.55,17013.4534,17078.7375,0
6688,120.60,17013.4534,17078.7375,0
6689,120.60,17078.7375,17078.7375,1
6690,120.69,16470.6768,17078.7375,0
6691,120.76,16470.6768,17078.7375,0
6692,120.85,16470.6768,17078.7375,0
6693,120.89,16470.6768,17078.7375,0
6695,120.93,16470.6768,17078.7375,0
6696,120.99,16470.6768,17078.7375,0
6699,121.04,16470.6768,17078.7375,0
6701,121.09,16497.9895,17078.7375,0
6702,121.14,16686.7933,17078.7375,0
6703,121.18,16696.8099,17078.7375,0
6704,121.24,16696.8099,17078.7375,0
6705,121.30,16703.7752,17078.7375,0
6706,121.35,16703.7752,17078.7375,0
6707,121.39,16892.8449,17078.7375,0
6708,121.43,16907.0483,17078.7375,0
6709,121.49,16907.0483,17078.7375,0
6710,121.55,16907.0483,17078.7375,0
6712,121.59,16907.0483,17078.7375,0
6715,121.59,16907.0483,17078.7375,0
6716,121.63,16907.0483,17078.7375,0
6720,121.67,16907.0483,17078.7375,0
6721,121.70,16907.0483,17078.7375,0
6723,121.74,16907.0483,17078.7375,0
6724,121.74,16907.0483,17078.7375,0
6725,121.79,16907.0483,17078.7375,0
6726,121.83,16907.0483,17078.7375,0
6727,121.83,16907.0483,17078.7375,0
6728,121.88,16907.0483,17078.7375,0
6729,121.91,16917.0237,17078.7375,0
6730,121.97,16917.0237,17078.7375,0
6734,122.02,16917.0237,17078.7375,0
6735,122.06,16917.0237,17078.7375,0
6736,122.10,16917.1087,17078.7375,0
6737,122.16,16917.1087,17078.7375,0
6738,122.23,16917.1087,17078.7375,0
6740,122.23,16917.1087,17078.7375,0
6742,122.23,16917.1087,17078.7375,0
6743,122.27,16917.1087,17078.7375,0
6744,122.30,16917.1087,17078.7375,0
6746,122.30,16917.1087,17078.7375,0
6747,122.34,16917.1087,17078.7375,0
6748,122.34,16917.1087,17078.7375,0
6750,122.34,16917.1087,17078.7375,0
6751,122.39,16917.1087,17078.7375,0
6752,122.43,16917.1087,17078.7375,0
6753,122.43,16917.1087,17078.7375,0
6754,122.47,16917.1087,17078.7375,0
6756,122.52,16917.1087,17078.7375,0
6758,122.56,16917.1087,17078.7375,0
6759,122.59,16917.1087,17078.7375,0
6761,122.63,16917.1087,17078.7375,0
6762,122.66,16917.1087,17078.7375,0
6763,122.70,16917.1087,17078.7375,0
6766,122.74,16917.1087,17078.7375,0
6767,122.78,16917.1087,17078.7375,0
6769,122.81,16917.1087,17078.7375,0
6773,122.87,16917.1087,17078.7375,0
6775,122.90,16917.1087,17078.7375,0
6784,122.95,16917.1087,17078.7375,0
6789,123.00,16917.1087,17078.7375,0
6797,123.05,16917.1087,17078.7375,0
6802,123.10,16917.1087,17078.7375,0
6803,123.10,17078.7375,17078.7375,1
6804,123.18,16236.1956,17078.7375,0
6805,123.21,16236.1956,17078.7375,0
6806,123.28,16236.1956,17078.7375,0
6807,123.32,16236.1956,17078.7375,0
6808,123.36,16236.1956,17078.7375,0
6809,123.40,16236.1956,17078.7375,0
6810,123.47,16236.1956,17078.7375,0
6811,123.51,16236.1956,17078.7375,0
6812,123.55,16236.1956,17078.7375,0
6813,123.59,16236.1956,17078.7375,0
6814,123.64,16236.1956,17078.7375,0
6815,123.67,16236.1956,17078.7375,0
6816,123.71,16236.1956,17078.7375,0
6817,123.75,16236.1956,17078.7375,0
6818,123.80,16420.7796,17078.7375,0
6819,123.85,16461.5653,17078.7375,0
6820,123.91,16461.5653,17078.7375,0
6821,123.96,16461.5653,17078.7375,0
6822,124.01,16523.3716,17078.7375,0
6823,124.05,16523.3716,17078.7375,0
6824,124.12,16523.3716,17078.7375,0
6825,124.18,16523.3716,17078.7375,0
6826,124.23,16523.3716,17078.7375,0
6827,124.26,16523.3716,17078.7375,0
6828,124.30,16646.8217,17078.7375,0
6829,124.37,16646.8217,17078.7375,0
6830,124.41,16664.0483,17078.7375,0
6831,124.48,16665.7464,17078.7375,0
6832,124.52,16665.7464,17078.7375,0
6833,124.59,16665.7464,17078.7375,0
6834,124.65,16665.7661,17078.7375,0
6835,124.72,16665.7661,17078.7375,0
6836,124.72,16665.7661,17078.7375,0
6837,124.76,16665.7661,17078.7375,0
6838,124.82,16665.7661,17078.7375,0
6839,124.88,16665.7661,17078.7375,0
6843,124.92,16671.5466,17078.7375,0
6844,124.99,16671.5466,17078.7375,0
6845,125.02,16671.5466,17078.7375,0
6846,125.05,16671.5466,17078.7375,0
6848,125.09,16671.5466,17078.7375,0
6850,125.13,16671.5466,17078.7375,0
6851,125.17,16671.5466,17078.7375,0
6852,125.22,16671.5466,17078.7375,0
6853,125.25,16671.5466,17078.7375,0
6855,125.31,16671.5466,17078.7375,0
6856,125.34,16671.5466,17078.7375,0
6857,125.38,16671.5466,17078.7375,0
6858,125.42,16671.7794,17078.7375,0
6860,125.49,16671.7794,17078.7375,0
6861,125.53,16671.7794,17078.7375,0
6862,125.57,16671.7794,17078.7375,0
6863,125.63,16671.7794,17078.7375,0
6865,125.63,16671.7794,17078.7375,0
6866,125.68,16671.7794,17078.7375,0
6868,125.72,16671.7794,17078.7375,0
6869,125.75,16671.7794,17078.7375,0
6870,125.75,16671.7794,17078.7375,0
6871,125.80,16671.7794,17078.7375,0
6872,125.84,16671.7794,17078.7375,0
6874,125.87,16671.7794,17078.7375,0
6877,125.87,16671.7794,17078.7375,0
6878,125.91,16671.7794,17078.7375,0
6879,125.91,16671.7794,17078.7375,0
6880,125.91,16671.7794,17078.7375,0
6882,125.95,16671.7794,17078.7375,0
6883,125.99,16671.7794,17078.7375,0
6885,126.04,16671.7794,17078.7375,0
6886,126.08,16671.7794,17078.7375,0
6887,126.12,16671.7794,17078.7375,0
6888,126.15,16671.7794,17078.7375,0
6889,126.19,16671.7794,17078.7375,0
6890,126.19,16671.7794,17078.7375,0
6892,126.24,16671.7794,17078.7375,0
6893,126.24,16671.7794,17078.7375,0
6894,126.27,16671.7794,17078.7375,0
6896,126.27,16671.7794,17078.7375,0
6898,126.31,16671.7794,17078.7375,0
6899,126.34,16671.7794,17078.7375,0
6900,126.38,16734.5559,17078.7375,0
6901,126.43,16734.5559,17078.7375,0
6903,126.50,16734.5559,17078.7375,0
6904,126.54,16734.5559,17078.7375,0
6906,126.55,16734.5559,17078.7375,0
6907,126.58,16734.5559,17078.7375,0
6908,126.61,16734.5559,17078.7375,0
6910,126.65,16734.5559,17078.7375,0
6911,126.69,16734.5559,17078.7375,0
6912,126.72,16734.5559,17078.7375,0
6913,126.72,16734.5559,17078.7375,0
6914,126.72,16734.5559,17078.7375,0
6915,126.77,16734.5559,17078.7375,0
6916,126.83,16734.5559,17078.7375,0
6917,126.87,16734.5559,17078.7375,0
6918,126.91,16734.5559,17078.7375,0
6919,126.94,16734.5559,17078.7375,0
6920,126.97,16734.5559,17078.7375,0
6921,127.00,16734.5559,17078.7375,0
6922,127.04,16734.5559,17078.7375,0
6923,127.09,16734.5559,17078.7375,0
6924,127.12,16734.5559,17078.7375,0
6926,127.17,16734.5559,17078.7375,0
6928,127.21,16734.5559,17078.7375,0
6929,127.21,16734.5559,17078.7375,0
6930,127.21,16734.5559,17078.7375,0
6931,127.25,16734.5559,17078.7375,0
6932,127.25,16734.5559,17078.7375,0
6934,127.25,16734.5559,17078.7375,0
6935,127.29,16734.5559,17078.7375,0
6937,127.29,16734.5559,17078.7375,0
6938,127.29,16734.5559,17078.7375,0
6939,127.33,16734.5559,17078.7375,0
6944,127.37,16734.5559,17078.7375,0
6945,127.41,16734.5559,17078.7375,0
6946,127.46,16734.5559,17078.7375,0
6949,127.52,16734.5559,17078.7375,0
6950,127.55,16734.5559,17078.7375,0
6951,127.59,16734.5559,17078.7375,0
6952,127.59,17078.7375,17078.7375,1
6953,127.67,16187.1362,17078.7375,0
6954,127.73,16202.6084,17078.7375,0
6955,127.80,16212.5812,17078.7375,0
6956,127.87,16212.5812,17078.7375,0
6957,127.95,16212.6120,17078.7375,0
6958,127.99,16366.7929,17078.7375,0
6959,128.03,16600.2036,17078.7375,0
6960,128.07,16698.3837,17078.7375,0
6961,128.11,16723.1004,17078.7375,0
6963,128.18,16723.1004,17078.7375,0
6965,128.21,16725.0932,17078.7375,0
6966,128.27,16725.0932,17078.7375,0
6967,128.30,16725.0932,17078.7375,0
6969,128.36,16725.0932,17078.7375,0
6970,128.40,16725.0932,17078.7375,0
6971,128.43,16725.0932,17078.7375,0
6972,128.46,16725.0932,17078.7375,0
6973,128.49,16725.0932,17078.7375,0
6974,128.52,16725.0932,17078.7375,0
6976,128.57,16725.0932,17078.7375,0
6977,128.57,16725.0932,17078.7375,0
6978,128.61,16725.0932,17078.7375,0
6980,128.64,16725.0932,17078.7375,0
6982,128.64,16725.0932,17078.7375,0
6983,128.68,16725.0932,17078.7375,0
6984,128.71,16725.0932,17078.7375,0
6985,128.74,16752.5812,17078.7375,0
6986,128.79,16752.5812,17078.7375,0
6987,128.83,16752.5812,17078.7375,0
6988,128.88,16752.5812,17078.7375,0
6989,128.93,16752.5812,17078.7375,0
6993,128.97,16752.5812,17078.7375,0
6994,129.00,16752.5812,17078.7375,0
6995,129.04,16752.5812,17078.7375,0
6997,129.09,16752.5812,17078.7375,0
6998,129.13,16752.5812,17078.7375,0
6999,129.17,16752.5812,17078.7375,0
7000,129.17,16752.5812,17078.7375,0
7001,129.21,16752.5812,17078.7375,0
7002,129.25,16752.5812,17078.7375,0
7006,129.28,16752.5812,17078.7375,0
7007,129.33,16752.5812,17078.7375,0
7012,129.37,16752.5812,17078.7375,0
7018,129.42,16752.5812,17078.7375,0
7019,129.47,16752.5812,17078.7375,0
7021,129.51,16752.5812,17078.7375,0
7022,129.55,16752.5812,17078.7375,0
7023,129.59,16752.5812,17078.7375,0
7032,129.63,16752.5812,17078.7375,0
7034,129.67,16752.5812,17078.7375,0
7035,129.71,16752.5812,17078.7375,0
7037,129.74,16752.5812,17078.7375,0
7042,129.78,16752.5812,17078.7375,0
7045,129.81,16752.5812,17078.7375,0
7047,129.85,16800.2265,17078.7375,0
7048,129.92,16800.2265,17078.7375,0
7049,129.96,16952.1741,17078.7375,0
7050,130.02,16958.9162,17078.7375,0
7051,130.06,16979.1655,17078.7375,0
7052,130.11,16979.1655,17078.7375,0
7053,130.17,16979.1655,17078.7375,0
7054,130.23,16979.1655,17078.7375,0
7055,130.27,16979.1655,17078.7375,0
7056,130.30,16979.1655,17078.7375,0
7057,130.30,16979.1655,17078.7375,0
7058,130.36,16979.1655,17078.7375,0
7059,130.36,16979.1655,17078.7375,0
7062,130.36,16979.1655,17078.7375,0
7064,130.39,16979.1655,17078.7375,0
7065,130.39,16979.1655,17078.7375,0
7067,130.39,16979.1655,17078.7375,0
7069,130.43,16979.1655,17078.7375,0
7071,130.46,16979.1655,17078.7375,0
7073,130.49,16979.1655,17078.7375,0
7074,130.57,16979.1655,17078.7375,0
7084,130.61,16979.1655,17078.7375,0
7099,130.65,16979.1655,17078.7375,0
7105,130.69,16979.1655,17078.7375,0
7107,130.73,16979.1655,17078.7375,0
7110,130.79,16979.1655,17078.7375,0
7111,130.82,16979.1655,17078.7375,0
7113,130.86,16979.1655,17078.7375,0
7119,130.90,16979.1655,17078.7375,0
7123,130.93,16979.1655,17078.7375,0
7124,130.99,16979.1655,17078.7375,0
7125,131.04,16979.1655,17078.7375,0
7126,131.04,17078.7375,17078.7375,1
7127,131.15,15560.6337,17078.7375,0
7128,131.22,15560.6337,17078.7375,0
7129,131.27,15571.8504,17078.7375,0
7130,131.34,15571.8504,17078.7375,0
7131,131.41,15571.8504,17078.7375,0
7132,131.47,15571.8504,17078.7375,0
7133,131.51,15571.8504,17078.7375,0
7134,131.57,15571.8504,17078.7375,0
7135,131.62,15571.8504,17078.7375,0
7136,131.67,15837.0670,17078.7375,0
7137,131.74,15837.0670,17078.7375,0
7138,131.79,15837.0670,17078.7375,0
7139,131.85,15837.0670,17078.7375,0
7140,131.90,15837.0670,17078.7375,0
7141,131.94,15837.0670,17078.7375,0
7142,131.98,16022.2111,17078.7375,0
7143,132.02,16161.3163,17078.7375,0
7144,132.07,16161.3163,17078.7375,0
7145,132.12,16356.5702,17078.7375,0
7146,132.15,16507.0585,17078.7375,0
7147,132.19,16561.0134,17078.7375,0
7148,132.24,16564.2025,17078.7375,0
7149,132.29,16580.7394,17078.7375,0
7150,132.32,16679.0640,17078.7375,0
7151,132.38,16679.0640,17078.7375,0
7152,132.41,16679.0640,17078.7375,0
7153,132.46,16738.6380,17078.7375,0
7154,132.51,16738.6380,17078.7375,0
7155,132.56,16738.6380,17078.7375,0
7156,132.62,16738.6380,17078.7375,0
7157,132.65,16738.6380,17078.7375,0
7158,132.65,16738.6380,17078.7375,0
7163,132.69,16738.6380,17078.7375,0
7164,132.72,16959.4950,17078.7375,0
7165,132.78,16959.4950,17078.7375,0
7166,132.82,16959.4950,17078.7375,0
7167,132.86,16959.4950,17078.7375,0
7168,132.89,16959.4950,17078.7375,0
7170,132.95,16984.6937,17078.7375,0
7171,133.01,16984.6937,17078.7375,0
7172,133.06,16984.6937,17078.7375,0
7173,133.10,16984.6937,17078.7375,0
7174,133.13,16984.6937,17078.7375,0
7175,133.17,17123.7316,17123.7316,0
7176,133.21,17123.7316,17123.7316,0
7177,133.27,17123.7316,17123.7316,0
7178,133.33,17123.7316,17123.7316,0
7179,133.40,17123.7316,17123.7316,0
7180,133.40,17123.7316,17123.7316,0
7182,133.43,17123.7316,17123.7316,0
7185,133.49,17123.7316,17123.7316,0
7192,133.53,17123.7316,17123.7316,0
7194,133.58,17123.7316,17123.7316,0
7196,133.63,17123.7316,17123.7316,0
7199,133.66,17123.7316,17123.7316,0
7200,133.70,17123.7316,17123.7316,0
7210,133.74,17123.7316,17123.7316,0
7214,133.77,17123.7316,17123.7316,0
7217,133.81,17123.7316,17123.7316,0
7218,133.87,17123.7316,17123.7316,0
7225,133.90,17123.7316,17123.7316,0
7226,133.95,17123.7316,17123.7316,0
7230,133.99,17123.7316,17123.7316,0
7231,133.99,17123.7316,17123.7316,1
7232,134.08,16929.3316,17123.7316,0
7235,134.11,16929.3316,17123.7316,0
7236,134.14,16929.3316,17123.7316,0
7237,134.18,17123.7316,17123.7316,0
7238,134.18,17123.7316,17123.7316,0
7239,134.21,17123.7316,17123.7316,0
7240,134.23,17123.7316,17123.7316,0
7243,134.24,17123.7316,17123.7316,0
7245,134.24,17123.7316,17123.7316,0
7246,134.24,17123.7316,17123.7316,0
7249,134.24,17123.7316,17123.7316,0
7252,134.24,17123.7316,17123.7316,0
7254,134.24,17123.7316,17123.7316,0
7255,134.24,17123.7316,17123.7316,0
7258,134.24,17123.7316,17123.7316,0
7259,134.24,17123.7316,17123.7316,0
7261,134.24,17123.7316,17123.7316,0
7265,134.24,17123.7316,17123.7316,0
7271,134.24,17123.7316,17123.7316,0
7273,134.24,17123.7316,17123.7316,0
7274,134.24,17123.7316,17123.7316,0
7279,134.24,17123.7316,17123.7316,0
7281,134.24,17123.7316,17123.7316,0
7282,134.24,17123.7316,17123.7316,1
7283,134.34,16772.4569,17123.7316,0
7284,134.39,16772.4569,17123.7316,0
7285,134.43,16772.4569,17123.7316,0
7286,134.47,16923.7708,17123.7316,0
7287,134.53,16923.7708,17123.7316,0
7288,134.59,16923.7708,17123.7316,0
7289,134.63,17059.7886,17123.7316,0
7290,134.69,17059.7886,17123.7316,0
7291,134.73,17269.0472,17269.0472,0
7292,134.80,17269.0472,17269.0472,0
7293,134.83,17269.0472,17269.0472,0
7294,134.87,17269.0472,17269.0472,0
7295,134.91,17269.0472,17269.0472,0
7296,134.95,17429.2535,17429.2535,0
7297,134.99,17447.4809,17447.4809,0
7298,135.09,17456.5384,17456.5384,0
7299,135.15,17456.5384,17456.5384,0
7300,135.20,17456.5384,17456.5384,0
7301,135.25,17456.5384,17456.5384,0
7302,135.28,17456.5384,17456.5384,0
7303,135.32,17551.3343,17551.3343,0
7304,135.39,17551.3343,17551.3343,0
7305,135.45,17551.3343,17551.3343,0
7306,135.49,17551.3343,17551.3343,0
7307,135.56,17551.3343,17551.3343,0
7308,135.60,17551.3343,17551.3343,0
7309,135.63,17551.3343,17551.3343,0
7310,135.68,17669.1324,17669.1324,0
7311,135.72,17721.3083,17721.3083,0
7312,135.77,17721.3083,17721.3083,0
7313,135.81,17721.3083,17721.3083,0
7314,135.85,17727.3019,17727.3019,0
7315,135.92,17727.3019,17727.3019,0
7316,135.96,17727.3019,17727.3019,0
7317,136.01,17727.3019,17727.3019,0
7319,136.05,17729.0910,17729.0910,0
7320,136.12,17729.0910,17729.0910,0
7321,136.16,17729.0910,17729.0910,0
7322,136.16,17729.0910,17729.0910,0
7324,136.20,17729.0910,17729.0910,0
7325,136.24,17729.0910,17729.0910,0
7326,136.28,17729.0910,17729.0910,0
7327,136.32,17729.0910,17729.0910,0
7328,136.36,17729.0910,17729.0910,0
7330,136.43,17729.0910,17729.0910,0
7335,136.43,17729.0910,17729.0910,0
7336,136.47,17729.0910,17729.0910,0
7342,136.48,17729.0910,17729.0910,0
7345,136.48,17729.0910,17729.0910,0
7347,136.48,17729.0910,17729.0910,0
7348,136.52,17729.0910,17729.0910,0
7349,136.58,17729.0910,17729.0910,0
7350,136.62,17729.0910,17729.0910,0
7353,136.66,17729.0910,17729.0910,0
7361,136.70,17729.0910,17729.0910,0
7366,136.75,17729.0910,17729.0910,0
7368,136.79,17729.0910,17729.0910,0
7371,136.83,17729.0910,17729.0910,0
7374,136.87,17729.0910,17729.0910,0
7375,136.87,17729.0910,17729.0910,1
7376,136.95,17729.0910,17729.0910,0
7378,136.98,17729.0910,17729.0910,0
7379,137.01,17729.0910,17729.0910,0
7381,137.01,17729.0910,17729.0910,0
7382,137.02,17729.0910,17729.0910,0
7383,137.02,17729.0910,17729.0910,0
7384,137.02,17729.0910,17729.0910,0
7386,137.02,17729.0910,17729.0910,0
7387,137.02,17729.0910,17729.0910,0
7388,137.02,17729.0910,17729.0910,0
7391,137.02,17729.0910,17729.0910,0
7394,137.02,17729.0910,17729.0910,0
7396,137.02,17729.0910,17729.0910,0
7397,137.02,17729.0910,17729.0910,0
7398,137.02,17729.0910,17729.0910,0
7400,137.02,17729.0910,17729.0910,0
7402,137.02,17729.0910,17729.0910,0
7403,137.02,17729.0910,17729.0910,0
7406,137.02,17729.0910,17729.0910,0
7407,137.02,17729.0910,17729.0910,0
7414,137.02,17729.0910,17729.0910,0
7416,137.02,17729.0910,17729.0910,0
7424,137.02,17729.0910,17729.0910,0
7426,137.02,17729.0910,17729.0910,0
7427,137.02,17729.0910,17729.0910,1
7428,137.09,17385.5337,17729.0910,0
7429,137.16,17385.5337,17729.0910,0
7430,137.22,17385.5337,17729.0910,0
7431,137.25,17385.5337,17729.0910,0
7432,137.30,17385.5337,17729.0910,0
7433,137.33,17407.1354,17729.0910,0
7434,137.37,17407.1354,17729.0910,0
7435,137.44,17407.1354,17729.0910,0
7436,137.48,17593.0742,17729.0910,0
7437,137.54,17593.0742,17729.0910,0
7438,137.61,17593.0742,17729.0910,0
7439,137.65,17729.0910,17729.0910,0
7440,137.69,17729.0910,17729.0910,0
7442,137.69,17729.0910,17729.0910,0
7443,137.69,17729.0910,17729.0910,0
7444,137.69,17729.0910,17729.0910,0
7445,137.69,17729.0910,17729.0910,0
7447,137.69,17729.0910,17729.0910,0
7448,137.72,17729.0910,17729.0910,0
7450,137.72,17729.0910,17729.0910,0
7451,137.72,17729.0910,17729.0910,0
7452,137.72,17729.0910,17729.0910,0
7453,137.72,17729.0910,17729.0910,0
7454,137.72,17729.0910,17729.0910,0
7456,137.72,17729.0910,17729.0910,0
7458,137.72,17729.0910,17729.0910,0
7460,137.72,17729.0910,17729.0910,0
7461,137.72,17729.0910,17729.0910,0
7463,137.72,17729.0910,17729.0910,0
7464,137.72,17729.0910,17729.0910,0
7466,137.72,17729.0910,17729.0910,0
7467,137.72,17729.0910,17729.0910,0
7469,137.72,17729.0910,17729.0910,0
7474,137.72,17729.0910,17729.0910,0
7477,137.72,17729.0910,17729.0910,0
7478,137.73,17729.0910,17729.0910,1
7479,137.81,17260.4987,17729.0910,0
7480,137.85,17507.1481,17729.0910,0
7481,137.89,17658.4974,17729.0910,0
7483,137.96,17658.4974,17729.0910,0
7484,138.03,17658.4974,17729.0910,0
7486,138.07,17658.4974,17729.0910,0
7487,138.10,17658.4974,17729.0910,0
7488,138.14,17658.4974,17729.0910,0
7489,138.19,17658.4974,17729.0910,0
7491,138.23,17658.4974,17729.0910,0
7494,138.23,17658.4974,17729.0910,0
7495,138.23,17658.4974,17729.0910,0
7497,138.23,17658.4974,17729.0910,0
7498,138.27,17658.4974,17729.0910,0
7499,138.31,17658.4974,17729.0910,0
7501,138.35,17658.4974,17729.0910,0
7506,138.39,17658.4974,17729.0910,0
7518,138.42,17658.4974,17729.0910,0
7521,138.48,17658.4974,17729.0910,0
7526,138.52,17658.4974,17729.0910,0
7527,138.56,17658.4974,17729.0910,0
7529,138.61,17658.4974,17729.0910,0
7533,138.65,17658.4974,17729.0910,0
7538,138.69,17658.4974,17729.0910,0
7539,138.69,17729.0910,17729.0910,1
7540,138.78,17179.3082,17729.0910,0
7541,138.86,17179.3082,17729.0910,0
7542,138.90,17179.3082,17729.0910,0
7543,138.97,17179.3082,17729.0910,0
7544,139.01,17179.3082,17729.0910,0
7545,139.05,17179.3082,17729.0910,0
7546,139.09,17179.3082,17729.0910,0
7547,139.13,17179.3082,17729.0910,0
7548,139.17,17179.3082,17729.0910,0
7549,139.22,17179.3082,17729.0910,0
7550,139.27,17355.3996,17729.0910,0
7551,139.35,17355.3996,17729.0910,0
7552,139.39,17355.3996,17729.0910,0
7553,139.43,17355.3996,17729.0910,0
7554,139.47,17472.4464,17729.0910,0
7555,139.53,17472.4464,17729.0910,0
7556,139.58,17472.4464,17729.0910,0
7557,139.62,17472.4464,17729.0910,0
7558,139.68,17613.4763,17729.0910,0
7559,139.73,17613.4763,17729.0910,0
7560,139.80,17613.4763,17729.0910,0
7561,139.87,17613.4763,17729.0910,0
7562,139.91,17647.9212,17729.0910,0
7563,139.97,17647.9212,17729.0910,0
7564,140.04,17647.9212,17729.0910,0
7565,140.09,17647.9212,17729.0910,0
7566,140.13,17647.9212,17729.0910,0
7567,140.21,17647.9212,17729.0910,0
7568,140.25,17647.9212,17729.0910,0
7569,140.29,17647.9212,17729.0910,0
7570,140.34,17647.9212,17729.0910,0
7571,140.38,17647.9212,17729.0910,0
7572,140.43,17653.9715,17729.0910,0
7573,140.52,17653.9715,17729.0910,0
7574,140.59,17653.9715,17729.0910,0
7576,140.64,17653.9715,17729.0910,0
7577,140.68,17653.9715,17729.0910,0
7578,140.72,17653.9715,17729.0910,0
7580,140.76,17655.4408,17729.0910,0
7581,140.80,17655.4408,17729.0910,0
7582,140.88,17655.4408,17729.0910,0
7583,140.96,17658.3481,17729.0910,0
7584,140.99,17658.3481,17729.0910,0
7585,141.04,17658.3481,17729.0910,0
7586,141.11,17658.3481,17729.0910,0
7587,141.15,17658.3481,17729.0910,0
7588,141.22,17658.3481,17729.0910,0
7589,141.26,17658.3481,17729.0910,0
7590,141.30,17658.3481,17729.0910,0
7593,141.30,17658.3481,17729.0910,0
7594,141.34,17658.3481,17729.0910,0
7595,141.38,17658.3481,17729.0910,0
7596,141.42,17658.3481,17729.0910,0
7597,141.47,17658.3481,17729.0910,0
7598,141.51,17658.3481,17729.0910,0
7599,141.56,17658.3481,17729.0910,0
7600,141.60,17658.3481,17729.0910,0
7601,141.65,17658.3481,17729.0910,0
7602,141.69,17658.3481,17729.0910,0
7605,141.75,17658.3481,17729.0910,0
7606,141.75,17658.3481,17729.0910,0
7607,141.75,17658.3481,17729.0910,0
7608,141.75,17658.3481,17729.0910,0
7611,141.80,17658.3481,17729.0910,0
7612,141.84,17658.3481,17729.0910,0
7614,141.84,17658.3481,17729.0910,0
7617,141.84,17658.3481,17729.0910,0
7618,141.84,17658.3481,17729.0910,0
7619,141.89,17658.3481,17729.0910,0
7621,141.95,17658.3481,17729.0910,0
7622,142.00,17658.3481,17729.0910,0
7623,142.00,17658.3481,17729.0910,0
7627,142.00,17658.3481,17729.0910,0
7630,142.04,17658.3481,17729.0910,0
7631,142.04,17729.0910,17729.0910,1
7632,142.13,17320.2805,17729.0910,0
7633,142.19,17320.2805,17729.0910,0
7634,142.24,17320.2805,17729.0910,0
7635,142.30,17320.2805,17729.0910,0
7636,142.34,17320.2805,17729.0910,0
7637,142.38,17506.6595,17729.0910,0
7638,142.42,17699.5474,17729.0910,0
7639,142.49,17699.5474,17729.0910,0
7640,142.58,17699.5474,17729.0910,0
7641,142.63,17699.5474,17729.0910,0
7642,142.66,17699.5474,17729.0910,0
7643,142.70,17699.5474,17729.0910,0
7644,142.74,17699.5474,17729.0910,0
7645,142.78,17699.5474,17729.0910,0
7646,142.82,17699.5474,17729.0910,0
7647,142.85,17699.5474,17729.0910,0
7648,142.89,17712.8767,17729.0910,0
7649,142.94,17712.8767,17729.0910,0
7650,143.00,17712.8767,17729.0910,0
7651,143.04,17712.8767,17729.0910,0
7652,143.08,17712.8767,17729.0910,0
7653,143.12,17723.4368,17729.0910,0
7655,143.19,17723.4368,17729.0910,0
7656,143.23,17723.4368,17729.0910,0
7657,143.27,17723.4368,17729.0910,0
7658,143.34,17723.4368,17729.0910,0
7659,143.38,17723.4368,17729.0910,0
7660,143.42,17723.4368,17729.0910,0
7661,143.47,17723.4368,17729.0910,0
7662,143.47,17723.4368,17729.0910,0
7663,143.51,17723.4368,17729.0910,0
7664,143.51,17723.4368,17729.0910,0
7665,143.55,17723.4368,17729.0910,0
7666,143.55,17723.4368,17729.0910,0
7669,143.59,17723.4368,17729.0910,0
7670,143.63,17723.4368,17729.0910,0
7671,143.63,17723.4368,17729.0910,0
7672,143.63,17723.4368,17729.0910,0
7676,143.68,17723.4368,17729.0910,0
7677,143.73,17723.4368,17729.0910,0
7678,143.76,17723.4368,17729.0910,0
7683,143.80,17723.4368,17729.0910,0
7685,143.84,17723.4368,17729.0910,0
7687,143.88,17723.4368,17729.0910,0
7689,143.93,17723.4368,17729.0910,0
7693,143.97,17723.4368,17729.0910,0
7694,143.97,17729.0910,17729.0910,1
7695,144.08,16734.9359,17729.0910,0
7696,144.13,16736.7367,17729.0910,0
7697,144.18,16783.4278,17729.0910,0
7698,144.25,16783.4278,17729.0910,0
7699,144.33,16783.4278,17729.0910,0
7700,144.38,16863.2165,17729.0910,0
7701,144.42,17138.3331,17729.0910,0
7702,144.47,17138.3331,17729.0910,0
7703,144.52,17166.0192,17729.0910,0
7704,144.58,17166.0192,17729.0910,0
7705,144.63,17166.0192,17729.0910,0
7706,144.67,17166.0192,17729.0910,0
7707,144.72,17166.0192,17729.0910,0
7708,144.76,17166.0192,17729.0910,0
7709,144.80,17166.0192,17729.0910,0
7710,144.85,17211.3177,17729.0910,0
7711,144.93,17211.3177,17729.0910,0
7712,145.00,17211.3177,17729.0910,0
7713,145.05,17211.3177,17729.0910,0
7714,145.09,17211.3177,17729.0910,0
7715,145.15,17244.3701,17729.0910,0
7716,145.19,17314.6647,17729.0910,0
7717,145.23,17314.6647,17729.0910,0
7718,145.31,17314.6647,17729.0910,0
7720,145.36,17314.6647,17729.0910,0
7724,145.40,17314.6647,17729.0910,0
7725,145.48,17314.6647,17729.0910,0
7726,145.52,17314.6647,17729.0910,0
7727,145.52,17314.6647,17729.0910,0
7728,145.56,17318.5921,17729.0910,0
7729,145.63,17318.9462,17729.0910,0
7730,145.67,17318.9462,17729.0910,0
7731,145.74,17318.9462,17729.0910,0
7732,145.78,17318.9462,17729.0910,0
7733,145.84,17318.9462,17729.0910,0
7734,145.84,17318.9462,17729.0910,0
7735,145.88,17377.7832,17729.0910,0
7736,145.93,17377.7832,17729.0910,0
7737,145.97,17377.7832,17729.0910,0
7738,146.04,17377.7832,17729.0910,0
7739,146.11,17377.7832,17729.0910,0
7742,146.15,17377.7832,17729.0910,0
7743,146.19,17377.7832,17729.0910,0
7744,146.23,17377.7832,17729.0910,0
7745,146.23,17377.7832,17729.0910,0
7746,146.26,17377.7832,17729.0910,0
7747,146.30,17377.7832,17729.0910,0
7748,146.30,17377.7832,17729.0910,0
7749,146.34,17377.7832,17729.0910,0
7750,146.34,17377.7832,17729.0910,0
7751,146.34,17377.7832,17729.0910,0
7753,146.38,17377.7832,17729.0910,0
7757,146.42,17377.7832,17729.0910,0
7762,146.46,17377.7832,17729.0910,0
7764,146.50,17377.7832,17729.0910,0
7769,146.54,17377.7832,17729.0910,0
7774,146.59,17377.7832,17729.0910,0
7775,146.59,17729.0910,17729.0910,1
7776,146.68,16658.7633,17729.0910,0
7777,146.75,16658.7633,17729.0910,0
7778,146.80,16658.7633,17729.0910,0
7779,146.83,16658.7633,17729.0910,0
7780,146.88,16794.1666,17729.0910,0
7781,146.92,16920.2314,17729.0910,0
7782,147.05,16920.2314,17729.0910,0
7783,147.12,16920.2314,17729.0910,0
7784,147.16,17145.7777,17729.0910,0
7785,147.22,17145.7777,17729.0910,0
7786,147.28,17145.7777,17729.0910,0
7787,147.35,17269.6440,17729.0910,0
7788,147.40,17269.6440,17729.0910,0
7789,147.47,17269.6440,17729.0910,0
7790,147.51,17276.2874,17729.0910,0
7791,147.55,17314.6261,17729.0910,0
7792,147.60,17328.1598,17729.0910,0
7793,147.64,17388.0462,17729.0910,0
7794,147.71,17388.0462,17729.0910,0
7795,147.75,17522.1407,17729.0910,0
7796,147.80,17591.4501,17729.0910,0
7797,147.87,17672.0422,17729.0910,0
7798,147.91,17672.0422,17729.0910,0
7799,147.98,17675.1195,17729.0910,0
7800,148.05,17675.1195,17729.0910,0
7801,148.09,17697.5937,17729.0910,0
7802,148.13,17697.5937,17729.0910,0
7803,148.17,17697.5937,17729.0910,0
7805,148.21,17697.5937,17729.0910,0
7808,148.28,17700.9739,17729.0910,0
7809,148.35,17700.9739,17729.0910,0
7811,148.40,17704.6088,17729.0910,0
7812,148.45,17704.6088,17729.0910,0
7813,148.52,17704.6088,17729.0910,0
7814,148.58,17755.3436,17755.3436,0
7816,148.65,17755.3436,17755.3436,0
7818,148.72,17755.3436,17755.3436,0
7819,148.76,17755.3436,17755.3436,0
7821,148.80,17755.3436,17755.3436,0
7822,148.84,17755.4701,17755.4701,0
7823,148.88,17755.4701,17755.4701,0
7824,148.91,17755.4701,17755.4701,0
7826,148.95,17755.4701,17755.4701,0
7827,148.98,17755.4701,17755.4701,0
7828,149.04,17755.4701,17755.4701,0
7829,149.11,17755.4701,17755.4701,0
7830,149.15,17755.4701,17755.4701,0
7832,149.20,17755.4701,17755.4701,0
7833,149.23,17755.4701,17755.4701,0
7834,149.23,17755.4701,17755.4701,0
7836,149.27,17755.4701,17755.4701,0
7837,149.31,17755.4701,17755.4701,0
7838,149.35,17755.4701,17755.4701,0
7839,149.39,17755.4701,17755.4701,0
7840,149.44,17755.4701,17755.4701,0
7841,149.47,17755.4701,17755.4701,0
7844,149.47,17755.4701,17755.4701,0
7846,149.47,17755.4701,17755.4701,0
7849,149.52,17755.4701,17755.4701,0
7851,149.55,17755.4701,17755.4701,0
7854,149.55,17755.4701,17755.4701,0
7856,149.60,17755.4701,17755.4701,0
7857,149.60,17755.4701,17755.4701,0
7858,149.60,17755.4701,17755.4701,0
7862,149.60,17755.4701,17755.4701,0
7868,149.63,17755.4701,17755.4701,0
7869,149.63,17755.4701,17755.4701,1
7870,149.74,17561.0701,17755.4701,0
7871,149.81,17561.0701,17755.4701,0
7872,149.85,17561.0701,17755.4701,0
7873,149.90,17561.0701,17755.4701,0
7874,149.94,17561.0701,17755.4701,0
7875,149.99,17561.0701,17755.4701,0
7876,150.03,17561.0701,17755.4701,0
7877,150.07,17609.3860,17755.4701,0
7879,150.15,17609.3860,17755.4701,0
7880,150.20,17609.3860,17755.4701,0
7881,150.24,17609.3860,17755.4701,0
7882,150.31,17609.3860,17755.4701,0
7883,150.35,17609.3860,17755.4701,0
7885,150.39,17609.3860,17755.4701,0
7886,150.44,17609.3860,17755.4701,0
7887,150.48,17619.4523,17755.4701,0
7888,150.55,17619.4523,17755.4701,0
7889,150.60,17619.4523,17755.4701,0
7890,150.67,17619.4523,17755.4701,0
7891,150.72,17619.4523,17755.4701,0
7892,150.73,17619.4523,17755.4701,0
7893,150.73,17619.4523,17755.4701,0
7894,150.77,17755.4701,17755.4701,0
7895,150.80,17755.4701,17755.4701,0
7896,150.83,17755.4701,17755.4701,0
7897,150.83,17755.4701,17755.4701,0
7899,150.84,17755.4701,17755.4701,0
7902,150.84,17755.4701,17755.4701,0
7903,150.84,17755.4701,17755.4701,0
7904,150.84,17755.4701,17755.4701,0
7906,150.84,17755.4701,17755.4701,0
7907,150.84,17755.4701,17755.4701,0
7909,150.84,17755.4701,17755.4701,0
7910,150.84,17755.4701,17755.4701,0
7911,150.84,17755.4701,17755.4701,0
7912,150.84,17755.4701,17755.4701,0
7913,150.84,17755.4701,17755.4701,0
7914,150.84,17755.4701,17755.4701,0
7915,150.84,17755.4701,17755.4701,0
7918,150.84,17755.4701,17755.4701,0
7921,150.84,17755.4701,17755.4701,0
7924,150.84,17755.4701,17755.4701,0
7927,150.84,17755.4701,17755.4701,0
7928,150.84,17755.4701,17755.4701,0
7929,150.84,17755.4701,17755.4701,0
7930,150.84,17755.4701,17755.4701,0
7935,150.84,17755.4701,17755.4701,0
7936,150.84,17755.4701,17755.4701,0
7937,150.84,17755.4701,17755.4701,0
7938,150.84,17755.4701,17755.4701,1
7939,150.95,17411.9135,17755.4701,0
7940,151.02,17411.9135,17755.4701,0
7941,151.06,17433.5134,17755.4701,0
7942,151.12,17433.5134,17755.4701,0
7943,151.20,17433.5134,17755.4701,0
7944,151.23,17433.5134,17755.4701,0
7945,151.27,17433.5134,17755.4701,0
7946,151.30,17433.5134,17755.4701,0
7947,151.35,17561.0701,17755.4701,0
7948,151.38,17561.0701,17755.4701,0
7949,151.42,17561.0701,17755.4701,0
7950,151.42,17561.0701,17755.4701,0
7951,151.46,17609.3860,17755.4701,0
7952,151.54,17609.3860,17755.4701,0
7953,151.62,17609.3860,17755.4701,0
7954,151.62,17609.3860,17755.4701,0
7957,151.67,17609.3860,17755.4701,0
7958,151.67,17609.3860,17755.4701,0
7959,151.67,17609.3860,17755.4701,0
7960,151.67,17609.3860,17755.4701,0
7963,151.74,17609.3860,17755.4701,0
7965,151.74,17609.3860,17755.4701,0
7966,151.78,17609.3860,17755.4701,0
7967,151.82,17609.3860,17755.4701,0
7968,151.82,17609.3860,17755.4701,0
7969,151.82,17609.3860,17755.4701,0
7971,151.86,17609.3860,17755.4701,0
7972,151.90,17619.4523,17755.4701,0
7973,151.96,17619.4523,17755.4701,0
7974,152.00,17619.4523,17755.4701,0
7975,152.04,17619.4523,17755.4701,0
7976,152.09,17619.4523,17755.4701,0
7977,152.13,17755.4701,17755.4701,0
7978,152.17,17755.4701,17755.4701,0
7979,152.17,17755.4701,17755.4701,0
7981,152.17,17755.4701,17755.4701,0
7982,152.21,17755.4701,17755.4701,0
7983,152.21,17755.4701,17755.4701,0
7984,152.21,17755.4701,17755.4701,0
7986,152.21,17755.4701,17755.4701,0
7988,152.21,17755.4701,17755.4701,0
7989,152.21,17755.4701,17755.4701,0
7990,152.21,17755.4701,17755.4701,0
7991,152.21,17755.4701,17755.4701,0
7992,152.21,17755.4701,17755.4701,0
7993,152.21,17755.4701,17755.4701,0
7994,152.21,17755.4701,17755.4701,0
7995,152.21,17755.4701,17755.4701,0
7997,152.21,17755.4701,17755.4701,0
7998,152.21,17755.4701,17755.4701,0
8000,152.21,17755.4701,17755.4701,0
8002,152.21,17755.4701,17755.4701,0
8003,152.21,17755.4701,17755.4701,0
8004,152.21,17755.4701,17755.4701,0
8005,152.21,17755.4701,17755.4701,0
8006,152.21,17755.4701,17755.4701,0
8009,152.21,17755.4701,17755.4701,0
8012,152.21,17755.4701,17755.4701,0
8013,152.21,17755.4701,17755.4701,0
8014,152.21,17755.4701,17755.4701,1
8015,152.29,17424.1788,17755.4701,0
8016,152.36,17424.1788,17755.4701,0
8017,152.43,17424.1788,17755.4701,0
8018,152.47,17424.1788,17755.4701,0
8019,152.52,17604.8323,17755.4701,0
8020,152.59,17604.8323,17755.4701,0
8021,152.62,17604.8323,17755.4701,0
8022,152.67,17604.8323,17755.4701,0
8023,152.71,17755.4701,17755.4701,0
8025,152.72,17755.4701,17755.4701,0
8026,152.76,17755.4701,17755.4701,0
8027,152.76,17755.4701,17755.4701,0
8028,152.79,17755.4701,17755.4701,0
8031,152.79,17755.4701,17755.4701,0
8033,152.79,17755.4701,17755.4701,0
8034,152.79,17755.4701,17755.4701,0
8035,152.79,17755.4701,17755.4701,0
8037,152.79,17755.4701,17755.4701,0
8039,152.79,17755.4701,17755.4701,0
8040,152.79,17755.4701,17755.4701,0
8042,152.79,17755.4701,17755.4701,0
8044,152.79,17755.4701,17755.4701,0
8049,152.79,17755.4701,17755.4701,0
8050,152.79,17755.4701,17755.4701,0
8051,152.79,17755.4701,17755.4701,0
8052,152.79,17755.4701,17755.4701,0
8053,152.79,17755.4701,17755.4701,0
8054,152.79,17755.4701,17755.4701,0
8055,152.79,17755.4701,17755.4701,0
8056,152.79,17755.4701,17755.4701,0
8060,152.79,17755.4701,17755.4701,0
8065,152.79,17755.4701,17755.4701,0
8067,152.79,17755.4701,17755.4701,0
8069,152.79,17755.4701,17755.4701,0
8073,152.79,17755.4701,17755.4701,0
8074,152.79,17755.4701,17755.4701,1
8075,152.88,17225.3797,17755.4701,0
8076,152.92,17225.3797,17755.4701,0
8077,152.95,17225.3797,17755.4701,0
8078,153.03,17225.3797,17755.4701,0
8079,153.07,17225.3797,17755.4701,0
8080,153.11,17225.3797,17755.4701,0
8081,153.15,17225.3797,17755.4701,0
8082,153.19,17407.3481,17755.4701,0
8083,153.26,17407.3481,17755.4701,0
8085,153.34,17407.3481,17755.4701,0
8086,153.38,17407.3481,17755.4701,0
8088,153.42,17407.3481,17755.4701,0
8089,153.46,17407.3481,17755.4701,0
8090,153.50,17407.3481,17755.4701,0
8091,153.54,17407.3481,17755.4701,0
8092,153.54,17407.3481,17755.4701,0
8094,153.54,17407.3481,17755.4701,0
8095,153.59,17418.0258,17755.4701,0
8096,153.64,17418.0258,17755.4701,0
8097,153.69,17428.2796,17755.4701,0
8098,153.77,17428.2796,17755.4701,0
8099,153.81,17428.2796,17755.4701,0
8100,153.89,17428.2796,17755.4701,0
8101,153.93,17428.2796,17755.4701,0
8102,153.96,17428.2796,17755.4701,0
8103,154.01,17604.8788,17755.4701,0
8104,154.09,17604.8788,17755.4701,0
8105,154.13,17746.8444,17755.4701,0
8107,154.21,17746.8444,17755.4701,0
8109,154.29,17746.8444,17755.4701,0
8110,154.32,17746.8444,17755.4701,0
8111,154.32,17746.8444,17755.4701,0
8113,154.36,17746.8444,17755.4701,0
8114,154.40,17746.8444,17755.4701,0
8116,154.44,17746.8444,17755.4701,0
8117,154.48,17746.8444,17755.4701,0
8118,154.52,17746.8444,17755.4701,0
8119,154.55,17746.8444,17755.4701,0
8120,154.55,17746.8444,17755.4701,0
8121,154.59,17746.8444,17755.4701,0
8122,154.64,17746.8444,17755.4701,0
8123,154.70,17746.8444,17755.4701,0
8124,154.74,17746.8444,17755.4701,0
8125,154.74,17746.8444,17755.4701,0
8126,154.78,17746.8444,17755.4701,0
8127,154.78,17746.8444,17755.4701,0
8128,154.82,17746.8444,17755.4701,0
8129,154.86,17746.8444,17755.4701,0
8130,154.86,17746.8444,17755.4701,0
8131,154.86,17746.8444,17755.4701,0
8133,154.86,17746.8444,17755.4701,0
8134,154.86,17746.8444,17755.4701,0
8135,154.90,17746.8444,17755.4701,0
8136,154.90,17746.8444,17755.4701,0
8137,154.93,17828.1016,17828.1016,0
8138,155.00,17828.1016,17828.1016,0
8141,155.05,17831.2803,17831.2803,0
8142,155.09,17831.2803,17831.2803,0
8143,155.17,17831.2803,17831.2803,0
8144,155.24,17831.2803,17831.2803,0
8148,155.29,17831.2803,17831.2803,0
8149,155.34,17831.2803,17831.2803,0
8153,155.34,17831.2803,17831.2803,0
8155,155.34,17831.2803,17831.2803,0
8156,155.38,17831.2803,17831.2803,0
8157,155.42,17831.2803,17831.2803,0
8158,155.46,17831.2803,17831.2803,0
8159,155.50,17831.2803,17831.2803,0
8160,155.54,17831.2803,17831.2803,0
8163,155.54,17831.2803,17831.2803,0
8166,155.58,17831.2803,17831.2803,0
8167,155.62,17831.2803,17831.2803,0
8168,155.66,17831.2803,17831.2803,0
8169,155.66,17831.2803,17831.2803,0
8171,155.70,17831.2803,17831.2803,0
8173,155.74,17831.2803,17831.2803,0
8174,155.78,17831.2803,17831.2803,0
8177,155.78,17831.2803,17831.2803,0
8179,155.78,17831.2803,17831.2803,0
8181,155.81,17831.2803,17831.2803,0
8185,155.85,17831.2803,17831.2803,0
8186,155.85,17831.2803,17831.2803,0
8188,155.89,17831.2803,17831.2803,0
8192,155.89,17831.2803,17831.2803,0
8210,155.89,17831.2803,17831.2803,0
8220,155.89,17831.2803,17831.2803,0
8221,155.94,17831.2803,17831.2803,0
8222,155.94,17831.2803,17831.2803,1
8223,156.04,17636.8803,17831.2803,0
8224,156.11,17636.8803,17831.2803,0
8225,156.15,17636.8803,17831.2803,0
8226,156.19,17636.8803,17831.2803,0
8227,156.23,17636.8803,17831.2803,0
8228,156.27,17636.8803,17831.2803,0
8229,156.31,17831.2803,17831.2803,0
8230,156.32,17831.2803,17831.2803,0
8233,156.35,17831.2803,17831.2803,0
8235,156.35,17831.2803,17831.2803,0
8237,156.35,17831.2803,17831.2803,0
8238,156.35,17831.2803,17831.2803,0
8239,156.35,17831.2803,17831.2803,0
8240,156.35,17831.2803,17831.2803,0
8241,156.35,17831.2803,17831.2803,0
8243,156.35,17831.2803,17831.2803,0
8244,156.35,17831.2803,17831.2803,0
8245,156.35,17831.2803,17831.2803,0
8246,156.38,17831.2803,17831.2803,0
8247,156.38,17831.2803,17831.2803,0
8248,156.38,17831.2803,17831.2803,0
8249,156.38,17831.2803,17831.2803,0
8251,156.38,17831.2803,17831.2803,0
8252,156.38,17831.2803,17831.2803,0
8253,156.38,17831.2803,17831.2803,0
8254,156.38,17831.2803,17831.2803,0
8255,156.38,17831.2803,17831.2803,0
8257,156.38,17831.2803,17831.2803,0
8259,156.38,17831.2803,17831.2803,0
8260,156.38,17831.2803,17831.2803,0
8261,156.38,17831.2803,17831.2803,0
8262,156.38,17831.2803,17831.2803,0
8263,156.38,17831.2803,17831.2803,0
8265,156.38,17831.2803,17831.2803,0
8267,156.38,17831.2803,17831.2803,0
8270,156.38,17831.2803,17831.2803,0
8281,156.38,17831.2803,17831.2803,0
8282,156.38,17831.2803,17831.2803,1
8283,156.49,17487.7226,17831.2803,0
8284,156.52,17487.7226,17831.2803,0
8285,156.56,17628.1219,17831.2803,0
8286,156.60,17628.1219,17831.2803,0
8287,156.67,17628.1219,17831.2803,0
8288,156.71,17831.2803,17831.2803,0
8290,156.72,17831.2803,17831.2803,0
8291,156.76,17831.2803,17831.2803,0
8293,156.76,17831.2803,17831.2803,0
8295,156.79,17831.2803,17831.2803,0
8297,156.79,17831.2803,17831.2803,0
8298,156.79,17831.2803,17831.2803,0
8300,156.79,17831.2803,17831.2803,0
8301,156.79,17831.2803,17831.2803,0
8302,156.79,17831.2803,17831.2803,0
8304,156.79,17831.2803,17831.2803,0
8305,156.79,17831.2803,17831.2803,0
8306,156.79,17831.2803,17831.2803,0
8308,156.79,17831.2803,17831.2803,0
8309,156.79,17831.2803,17831.2803,0
8310,156.79,17831.2803,17831.2803,0
8312,156.79,17831.2803,17831.2803,0
8313,156.79,17831.2803,17831.2803,0
8316,156.79,17831.2803,17831.2803,0
8317,156.79,17831.2803,17831.2803,0
8318,156.79,17831.2803,17831.2803,0
8319,156.79,17831.2803,17831.2803,0
8320,156.79,17831.2803,17831.2803,0
8323,156.79,17831.2803,17831.2803,0
8324,156.79,17831.2803,17831.2803,0
8330,156.79,17831.2803,17831.2803,0
8334,156.79,17831.2803,17831.2803,0
8339,156.79,17831.2803,17831.2803,0
8340,156.79,17831.2803,17831.2803,0
8353,156.79,17831.2803,17831.2803,0
8370,156.79,17831.2803,17831.2803,0
8371,156.79,17831.2803,17831.2803,1
8372,156.90,17253.6637,17831.2803,0
8373,156.95,17253.6637,17831.2803,0
8374,157.00,17499.8716,17831.2803,0
8375,157.04,17609.9208,17831.2803,0
8376,157.11,17609.9208,17831.2803,0
8377,157.16,17609.9208,17831.2803,0
8378,157.19,17609.9208,17831.2803,0
8379,157.23,17609.9208,17831.2803,0
8380,157.29,17609.9208,17831.2803,0
8382,157.37,17609.9208,17831.2803,0
8383,157.41,17609.9208,17831.2803,0
8384,157.45,17609.9208,17831.2803,0
8385,157.49,17760.7150,17831.2803,0
8386,157.57,17760.7150,17831.2803,0
8387,157.65,17760.7150,17831.2803,0
8388,157.69,17760.7150,17831.2803,0
8389,157.73,17760.7150,17831.2803,0
8390,157.77,17760.7150,17831.2803,0
8391,157.81,17760.7150,17831.2803,0
8392,157.81,17760.7150,17831.2803,0
8393,157.85,17760.7150,17831.2803,0
8394,157.85,17760.7150,17831.2803,0
8395,157.91,17760.7150,17831.2803,0
8396,157.91,17760.7150,17831.2803,0
8397,157.95,17760.7150,17831.2803,0
8400,158.00,17760.7150,17831.2803,0
8401,158.00,17760.7150,17831.2803,0
8404,158.00,17760.7150,17831.2803,0
8405,158.04,17760.7150,17831.2803,0
8407,158.08,17760.7150,17831.2803,0
8409,158.12,17760.7150,17831.2803,0
8410,158.12,17760.7150,17831.2803,0
8411,158.16,17760.7150,17831.2803,0
8413,158.16,17760.7150,17831.2803,0
8416,158.20,17760.7150,17831.2803,0
8417,158.24,17760.7150,17831.2803,0
8419,158.28,17760.7150,17831.2803,0
8421,158.32,17760.7150,17831.2803,0
8426,158.36,17760.7150,17831.2803,0
8427,158.36,17831.2803,17831.2803,1
8428,158.45,17268.5572,17831.2803,0
8429,158.53,17268.5572,17831.2803,0
8430,158.57,17460.4854,17831.2803,0
8431,158.61,17631.5510,17831.2803,0
8432,158.69,17631.5510,17831.2803,0
8433,158.73,17634.9119,17831.2803,0
8435,158.78,17634.9119,17831.2803,0
8436,158.83,17634.9119,17831.2803,0
8438,158.90,17634.9119,17831.2803,0
8439,158.94,17634.9119,17831.2803,0
8440,158.98,17634.9119,17831.2803,0
8441,159.02,17634.9119,17831.2803,0
8442,159.02,17634.9119,17831.2803,0
8444,159.06,17634.9119,17831.2803,0
8446,159.11,17634.9119,17831.2803,0
8447,159.16,17634.9119,17831.2803,0
8448,159.19,17634.9119,17831.2803,0
8450,159.23,17634.9119,17831.2803,0
8452,159.27,17634.9119,17831.2803,0
8453,159.31,17634.9119,17831.2803,0
8454,159.35,17634.9119,17831.2803,0
8456,159.35,17634.9119,17831.2803,0
8457,159.39,17634.9119,17831.2803,0
8458,159.42,17634.9119,17831.2803,0
8459,159.46,17634.9119,17831.2803,0
8460,159.46,17634.9119,17831.2803,0
8461,159.50,17634.9119,17831.2803,0
8463,159.50,17634.9119,17831.2803,0
8465,159.54,17634.9119,17831.2803,0
8467,159.58,17634.9119,17831.2803,0
8469,159.58,17634.9119,17831.2803,0
8470,159.61,17634.9119,17831.2803,0
8471,159.65,17634.9119,17831.2803,0
8473,159.70,17634.9119,17831.2803,0
8474,159.74,17634.9119,17831.2803,0
8475,159.74,17634.9119,17831.2803,0
8476,159.74,17634.9119,17831.2803,0
8478,159.78,17634.9119,17831.2803,0
8479,159.78,17634.9119,17831.2803,0
8481,159.78,17634.9119,17831.2803,0
8482,159.82,17634.9119,17831.2803,0
8483,159.82,17634.9119,17831.2803,0
8486,159.82,17634.9119,17831.2803,0
8487,159.82,17634.9119,17831.2803,0
8488,159.82,17634.9119,17831.2803,0
8489,159.82,17634.9119,17831.2803,0
8491,159.86,17634.9119,17831.2803,0
8493,159.90,17634.9119,17831.2803,0
8494,159.90,17634.9119,17831.2803,0
8498,159.90,17634.9119,17831.2803,0
8499,159.90,17831.2803,17831.2803,1
8500,159.99,17191.6654,17831.2803,0
8501,160.06,17191.6654,17831.2803,0
8502,160.13,17191.6654,17831.2803,0
8503,160.17,17191.6654,17831.2803,0
8504,160.20,17200.0650,17831.2803,0
8505,160.25,17200.0650,17831.2803,0
8506,160.29,17200.0650,17831.2803,0
8507,160.36,17200.0650,17831.2803,0
8508,160.40,17200.0650,17831.2803,0
8509,160.44,17296.2587,17831.2803,0
8510,160.51,17296.2587,17831.2803,0
8511,160.58,17296.2587,17831.2803,0
8512,160.63,17480.7559,17831.2803,0
8513,160.67,17672.5098,17831.2803,0
8514,160.74,17672.5098,17831.2803,0
8515,160.82,17672.5098,17831.2803,0
8516,160.85,17672.5098,17831.2803,0
8517,160.89,17672.5098,17831.2803,0
8518,160.93,17818.9981,17831.2803,0
8519,161.01,17818.9981,17831.2803,0
8520,161.08,17818.9981,17831.2803,0
8521,161.14,17818.9981,17831.2803,0
8522,161.18,17831.2803,17831.2803,0
8523,161.21,17831.2803,17831.2803,0
8526,161.25,17831.2803,17831.2803,0
8527,161.25,17831.2803,17831.2803,0
8528,161.25,17831.2803,17831.2803,0
8530,161.25,17831.2803,17831.2803,0
8533,161.25,17831.2803,17831.2803,0
8534,161.25,17831.2803,17831.2803,0
8535,161.25,17831.2803,17831.2803,0
8536,161.25,17831.2803,17831.2803,0
8537,161.25,17831.2803,17831.2803,0
8538,161.25,17831.2803,17831.2803,0
8539,161.25,17831.2803,17831.2803,0
8540,161.25,17831.2803,17831.2803,0
8541,161.25,17831.2803,17831.2803,0
8542,161.25,17831.2803,17831.2803,0
8543,161.25,17831.2803,17831.2803,0
8545,161.25,17831.2803,17831.2803,0
8547,161.25,17831.2803,17831.2803,0
8548,161.25,17831.2803,17831.2803,0
8550,161.25,17831.2803,17831.2803,0
8551,161.25,17831.2803,17831.2803,0
8552,161.25,17831.2803,17831.2803,0
8553,161.25,17831.2803,17831.2803,0
8557,161.25,17831.2803,17831.2803,0
8559,161.25,17831.2803,17831.2803,0
8560,161.25,17831.2803,17831.2803,0
8561,161.25,17831.2803,17831.2803,0
8563,161.25,17831.2803,17831.2803,0
8566,161.25,17831.2803,17831.2803,0
8568,161.25,17831.2803,17831.2803,0
8569,161.25,17831.2803,17831.2803,1
8570,161.36,16997.9695,17831.2803,0
8571,161.42,17214.9227,17831.2803,0
8572,161.49,17214.9227,17831.2803,0
8573,161.52,17214.9227,17831.2803,0
8574,161.60,17219.8465,17831.2803,0
8575,161.68,17219.8465,17831.2803,0
8576,161.75,17219.8465,17831.2803,0
8577,161.80,17247.8003,17831.2803,0
8578,161.85,17291.1774,17831.2803,0
8579,161.90,17291.1774,17831.2803,0
8580,161.98,17291.1774,17831.2803,0
8581,162.02,17291.1774,17831.2803,0
8582,162.10,17291.1774,17831.2803,0
8583,162.14,17291.1774,17831.2803,0
8584,162.18,17291.1774,17831.2803,0
8585,162.23,17291.1774,17831.2803,0
8586,162.23,17291.1774,17831.2803,0
8587,162.27,17291.1774,17831.2803,0
8588,162.32,17291.1774,17831.2803,0
8589,162.37,17323.7048,17831.2803,0
8590,162.42,17323.7048,17831.2803,0
8591,162.50,17323.7048,17831.2803,0
8593,162.56,17334.2455,17831.2803,0
8594,162.61,17334.2455,17831.2803,0
8595,162.69,17334.2455,17831.2803,0
8597,162.78,17339.7591,17831.2803,0
8598,162.86,17339.7591,17831.2803,0
8599,162.91,17339.7591,17831.2803,0
8600,163.05,17339.7591,17831.2803,0
8603,163.05,17339.7591,17831.2803,0
8604,163.13,17339.7591,17831.2803,0
8605,163.18,17339.7591,17831.2803,0
8606,163.23,17339.7591,17831.2803,0
8607,163.27,17339.7591,17831.2803,0
8609,163.32,17356.0342,17831.2803,0
8610,163.40,17356.0342,17831.2803,0
8611,163.45,17356.0342,17831.2803,0
8612,163.52,17356.0342,17831.2803,0
8613,163.62,17356.0342,17831.2803,0
8614,163.67,17356.0342,17831.2803,0
8615,163.71,17373.0092,17831.2803,0
8616,163.79,17373.7210,17831.2803,0
8618,163.87,17375.7968,17831.2803,0
8619,163.94,17375.7968,17831.2803,0
8621,164.02,17375.7968,17831.2803,0
8622,164.06,17375.7968,17831.2803,0
8623,164.11,17384.9225,17831.2803,0
8624,164.18,17384.9225,17831.2803,0
8625,164.23,17515.3024,17831.2803,0
8626,164.30,17515.3024,17831.2803,0
8627,164.35,17515.3024,17831.2803,0
8628,164.40,17515.3024,17831.2803,0
8629,164.44,17515.3024,17831.2803,0
8630,164.49,17590.6222,17831.2803,0
8631,164.57,17590.6222,17831.2803,0
8632,164.61,17590.6222,17831.2803,0
8633,164.69,17590.6222,17831.2803,0
8634,164.73,17590.6222,17831.2803,0
8635,164.79,17590.6222,17831.2803,0
8636,164.82,17590.6222,17831.2803,0
8637,164.87,17590.6222,17831.2803,0
8638,164.91,17590.6222,17831.2803,0
8639,164.95,17590.6222,17831.2803,0
8640,164.99,17590.6222,17831.2803,0
8641,165.04,17738.6977,17831.2803,0
8642,165.12,17743.9313,17831.2803,0
8643,165.19,17743.9313,17831.2803,0
8644,165.23,17893.8871,17893.8871,0
8645,165.31,17893.8871,17893.8871,0
8647,165.34,17893.8871,17893.8871,0
8648,165.42,17893.8871,17893.8871,0
8650,165.47,17893.8871,17893.8871,0
8651,165.47,17893.8871,17893.8871,0
8653,165.51,17893.8871,17893.8871,0
8656,165.55,17893.8871,17893.8871,0
8657,165.58,17894.1331,17894.1331,0
8660,165.66,17894.1331,17894.1331,0
8661,165.71,17894.1331,17894.1331,0
8662,165.75,17894.1331,17894.1331,0
8663,165.82,17894.1331,17894.1331,0
8664,165.87,17894.1331,17894.1331,0
8666,165.90,17894.1331,17894.1331,0
8668,165.94,17894.1331,17894.1331,0
8669,165.94,17894.1331,17894.1331,0
8670,165.94,17894.1331,17894.1331,0
8671,165.98,17894.1331,17894.1331,0
8672,165.98,17894.1331,17894.1331,0
8673,166.01,17894.1331,17894.1331,0
8674,166.01,17894.1331,17894.1331,0
8675,166.01,17894.1331,17894.1331,0
8676,166.01,17894.1331,17894.1331,0
8677,166.05,17894.1331,17894.1331,0
8678,166.10,17894.1331,17894.1331,0
8679,166.15,17894.1331,17894.1331,0
8680,166.19,17894.1331,17894.1331,0
8683,166.23,17894.1331,17894.1331,0
8684,166.23,17894.1331,17894.1331,0
8686,166.26,17894.1331,17894.1331,0
8687,166.26,17894.1331,17894.1331,0
8688,166.26,17894.1331,17894.1331,0
8689,166.26,17894.1331,17894.1331,0
8692,166.31,17894.1331,17894.1331,0
8693,166.35,17894.1331,17894.1331,0
8695,166.39,17894.1331,17894.1331,0
8697,166.44,17894.1331,17894.1331,0
8699,166.44,17894.1331,17894.1331,0
8700,166.44,17894.1331,17894.1331,0
8701,166.48,17894.1331,17894.1331,0
8702,166.52,17894.1331,17894.1331,0
8704,166.52,17894.1331,17894.1331,0
8706,166.57,17894.1331,17894.1331,0
8707,166.62,17894.1331,17894.1331,0
8708,166.62,17894.1331,17894.1331,1
8709,166.73,17699.7352,17894.1331,0
8710,166.77,17894.1331,17894.1331,0
8711,166.81,17894.1331,17894.1331,0
8712,166.84,17894.1331,17894.1331,0
8713,166.85,17894.1331,17894.1331,0
8714,166.85,17894.1331,17894.1331,0
8716,166.85,17894.1331,17894.1331,0
8718,166.85,17894.1331,17894.1331,0
8719,166.85,17894.1331,17894.1331,0
8720,166.85,17894.1331,17894.1331,0
8721,166.85,17894.1331,17894.1331,0
8722,166.85,17894.1331,17894.1331,0
8723,166.85,17894.1331,17894.1331,0
8725,166.85,17894.1331,17894.1331,0
8727,166.85,17894.1331,17894.1331,0
8730,166.85,17894.1331,17894.1331,0
8732,166.85,17894.1331,17894.1331,0
8733,166.85,17894.1331,17894.1331,0
8734,166.85,17894.1331,17894.1331,0
8735,166.85,17894.1331,17894.1331,0
8736,166.85,17894.1331,17894.1331,0
8737,166.85,17894.1331,17894.1331,0
8738,166.85,17894.1331,17894.1331,0
8739,166.85,17894.1331,17894.1331,0
8740,166.85,17894.1331,17894.1331,0
8742,166.85,17894.1331,17894.1331,0
8743,166.85,17894.1331,17894.1331,0
8745,166.85,17894.1331,17894.1331,0
8746,166.85,17894.1331,17894.1331,0
8747,166.85,17894.1331,17894.1331,0
8748,166.85,17894.1331,17894.1331,0
8750,166.85,17894.1331,17894.1331,0
8753,166.85,17894.1331,17894.1331,0
8754,166.85,17894.1331,17894.1331,0
8756,166.85,17894.1331,17894.1331,0
8758,166.85,17894.1331,17894.1331,0
8764,166.85,17894.1331,17894.1331,0
8765,166.85,17894.1331,17894.1331,0
8766,166.85,17894.1331,17894.1331,1
8767,166.98,17535.0802,17894.1331,0
8768,167.08,17535.0802,17894.1331,0
8769,167.12,17757.2962,17894.1331,0
8770,167.17,17894.1331,17894.1331,0
8771,167.20,17894.1331,17894.1331,0
8773,167.21,17894.1331,17894.1331,0
8774,167.24,17894.1331,17894.1331,0
8775,167.25,17894.1331,17894.1331,0
8776,167.25,17894.1331,17894.1331,0
8777,167.25,17894.1331,17894.1331,0
8778,167.25,17894.1331,17894.1331,0
8779,167.25,17894.1331,17894.1331,0
8780,167.25,17894.1331,17894.1331,0
8781,167.25,17894.1331,17894.1331,0
8783,167.25,17894.1331,17894.1331,0
8784,167.25,17894.1331,17894.1331,0
8785,167.25,17894.1331,17894.1331,0
8786,167.25,17894.1331,17894.1331,0
8787,167.25,17894.1331,17894.1331,0
8788,167.25,17894.1331,17894.1331,0
8789,167.25,17894.1331,17894.1331,0
8790,167.25,17894.1331,17894.1331,0
8791,167.25,17894.1331,17894.1331,0
8792,167.25,17894.1331,17894.1331,0
8794,167.25,17894.1331,17894.1331,0
8795,167.25,17894.1331,17894.1331,0
8796,167.25,17894.1331,17894.1331,0
8797,167.25,17894.1331,17894.1331,0
8800,167.25,17894.1331,17894.1331,0
8801,167.25,17894.1331,17894.1331,0
8805,167.25,17894.1331,17894.1331,0
8806,167.25,17894.1331,17894.1331,0
8807,167.25,17894.1331,17894.1331,0
8808,167.25,17894.1331,17894.1331,0
8810,167.25,17894.1331,17894.1331,0
8820,167.25,17894.1331,17894.1331,0
8825,167.25,17894.1331,17894.1331,0
8831,167.25,17894.1331,17894.1331,0
8832,167.25,17894.1331,17894.1331,0
8835,167.25,17894.1331,17894.1331,0
8836,167.25,17894.1331,17894.1331,1
8837,167.34,17554.0851,17894.1331,0
8838,167.38,17554.0851,17894.1331,0
8839,167.42,17702.3088,17894.1331,0
8840,167.46,17894.1331,17894.1331,0
8845,167.50,17894.1331,17894.1331,0
8846,167.54,17894.1331,17894.1331,0
8847,167.54,17894.1331,17894.1331,0
8848,167.54,17894.1331,17894.1331,0
8849,167.54,17894.1331,17894.1331,0
8850,167.54,17894.1331,17894.1331,0
8852,167.54,17894.1331,17894.1331,0
8853,167.54,17894.1331,17894.1331,0
8854,167.54,17894.1331,17894.1331,0
8855,167.54,17894.1331,17894.1331,0
8856,167.54,17894.1331,17894.1331,0
8858,167.54,17894.1331,17894.1331,0
8859,167.54,17894.1331,17894.1331,0
8860,167.54,17894.1331,17894.1331,0
8861,167.54,17894.1331,17894.1331,0
8862,167.54,17894.1331,17894.1331,0
8863,167.54,17894.1331,17894.1331,0
8864,167.54,17894.1331,17894.1331,0
8865,167.54,17894.1331,17894.1331,0
8866,167.54,17894.1331,17894.1331,0
8867,167.54,17894.1331,17894.1331,0
8868,167.54,17894.1331,17894.1331,0
8869,167.54,17894.1331,17894.1331,0
8871,167.54,17894.1331,17894.1331,0
8872,167.54,17894.1331,17894.1331,0
8875,167.54,17894.1331,17894.1331,0
8877,167.54,17894.1331,17894.1331,0
8879,167.54,17894.1331,17894.1331,0
8880,167.54,17894.1331,17894.1331,0
8881,167.54,17894.1331,17894.1331,0
8882,167.54,17894.1331,17894.1331,0
8885,167.54,17894.1331,17894.1331,0
8887,167.54,17894.1331,17894.1331,0
8888,167.54,17894.1331,17894.1331,0
8890,167.54,17894.1331,17894.1331,0
8891,167.54,17894.1331,17894.1331,0
8892,167.54,17894.1331,17894.1331,1
8893,167.64,17307.8208,17894.1331,0
8894,167.69,17307.8208,17894.1331,0
8895,167.77,17307.8208,17894.1331,0
8896,167.85,17307.8208,17894.1331,0
8897,167.89,17307.8208,17894.1331,0
8898,167.93,17307.8208,17894.1331,0
8899,167.97,17307.8208,17894.1331,0
8900,168.02,17498.3080,17894.1331,0
8901,168.10,17498.3080,17894.1331,0
8902,168.18,17498.3080,17894.1331,0
8903,168.23,17498.3080,17894.1331,0
8904,168.27,17498.3080,17894.1331,0
8905,168.31,17499.3756,17894.1331,0
8906,168.36,17622.4430,17894.1331,0
8907,168.41,17768.2757,17894.1331,0
8908,168.50,17772.5969,17894.1331,0
8909,168.56,17772.5969,17894.1331,0
8910,168.61,17772.5969,17894.1331,0
8911,168.65,17772.5969,17894.1331,0
8912,168.70,17772.5969,17894.1331,0
8913,168.78,17772.5969,17894.1331,0
8914,168.86,17772.5969,17894.1331,0
8915,168.90,17772.5969,17894.1331,0
8916,168.95,17772.5969,17894.1331,0
8917,168.99,17772.5969,17894.1331,0
8919,169.04,17772.5969,17894.1331,0
8920,169.08,17772.5969,17894.1331,0
8922,169.08,17772.5969,17894.1331,0
8925,169.13,17772.5969,17894.1331,0
8926,169.17,17772.5969,17894.1331,0
8927,169.22,17772.5969,17894.1331,0
8928,169.26,17772.5969,17894.1331,0
8929,169.26,17772.5969,17894.1331,0
8930,169.30,17772.5969,17894.1331,0
8931,169.34,17772.5969,17894.1331,0
8932,169.38,17772.5969,17894.1331,0
8934,169.38,17772.5969,17894.1331,0
8935,169.43,17772.5969,17894.1331,0
8936,169.48,17772.5969,17894.1331,0
8937,169.52,17772.5969,17894.1331,0
8938,169.57,17772.5969,17894.1331,0
8939,169.61,17772.5969,17894.1331,0
8940,169.65,17772.5969,17894.1331,0
8941,169.65,17772.5969,17894.1331,0
8949,169.65,17772.5969,17894.1331,0
8950,169.70,17772.5969,17894.1331,0
8953,169.70,17772.5969,17894.1331,0
8954,169.70,17772.5969,17894.1331,0
8955,169.70,17772.5969,17894.1331,0
8958,169.70,17772.5969,17894.1331,0
8959,169.74,17772.5969,17894.1331,0
8961,169.78,17772.5969,17894.1331,0
8962,169.78,17772.5969,17894.1331,0
8964,169.78,17772.5969,17894.1331,0
8965,169.83,17772.5969,17894.1331,0
8967,169.83,17772.5969,17894.1331,0
8968,169.83,17772.5969,17894.1331,0
8970,169.83,17772.5969,17894.1331,0
8975,169.83,17772.5969,17894.1331,0
8977,169.88,17772.5969,17894.1331,0
8979,169.88,17772.5969,17894.1331,0
8985,169.88,17772.5969,17894.1331,0
8986,169.88,17894.1331,17894.1331,1
8987,169.98,17445.5431,17894.1331,0
8988,170.03,17445.5431,17894.1331,0
8989,170.08,17633.4839,17894.1331,0
8990,170.14,17633.4839,17894.1331,0
8991,170.18,17787.5277,17894.1331,0
8992,170.26,17787.5277,17894.1331,0
8993,170.30,17787.5277,17894.1331,0
8994,170.36,17862.7326,17894.1331,0
8995,170.44,17862.7326,17894.1331,0
8996,170.52,17862.7326,17894.1331,0
8997,170.56,17862.7326,17894.1331,0
8998,170.61,17862.7326,17894.1331,0
8999,170.65,17862.7326,17894.1331,0
9000,170.68,17862.7326,17894.1331,0
9001,170.73,17894.1331,17894.1331,0
9002,170.76,17894.1331,17894.1331,0
9003,170.80,17894.1331,17894.1331,0
9005,170.81,17894.1331,17894.1331,0
9006,170.81,17894.1331,17894.1331,0
9007,170.81,17894.1331,17894.1331,0
9009,170.81,17894.1331,17894.1331,0
9010,170.81,17894.1331,17894.1331,0
9015,170.81,17894.1331,17894.1331,0
9016,170.81,17894.1331,17894.1331,0
9018,170.81,17894.1331,17894.1331,0
9019,170.81,17894.1331,17894.1331,0
9020,170.81,17894.1331,17894.1331,0
9021,170.81,17894.1331,17894.1331,0
9022,170.81,17894.1331,17894.1331,0
9024,170.81,17894.1331,17894.1331,0
9025,170.81,17894.1331,17894.1331,0
9026,170.81,17894.1331,17894.1331,0
9027,170.81,17894.1331,17894.1331,0
9028,170.81,17894.1331,17894.1331,0
9029,170.81,17894.1331,17894.1331,0
9030,170.81,17894.1331,17894.1331,0
9031,170.81,17894.1331,17894.1331,0
9032,170.81,17894.1331,17894.1331,0
9033,170.81,17894.1331,17894.1331,0
9034,170.81,17894.1331,17894.1331,0
9035,170.81,17894.1331,17894.1331,0
9037,170.81,17894.1331,17894.1331,0
9042,170.81,17894.1331,17894.1331,0
9043,170.81,17894.1331,17894.1331,0
9045,170.81,17894.1331,17894.1331,0
9046,170.81,17894.1331,17894.1331,0
9048,170.81,17894.1331,17894.1331,0
9064,170.81,17894.1331,17894.1331,0
9066,170.81,17894.1331,17894.1331,0
9067,170.81,17894.1331,17894.1331,0
9078,170.81,17894.1331,17894.1331,0
9079,170.81,17894.1331,17894.1331,1
9080,170.90,17122.1502,17894.1331,0
9081,170.94,17122.1502,17894.1331,0
9082,170.99,17272.2349,17894.1331,0
9083,171.06,17272.2349,17894.1331,0
9084,171.11,17272.2349,17894.1331,0
9085,171.15,17272.2349,17894.1331,0
9086,171.19,17272.7734,17894.1331,0
9087,171.26,17272.7734,17894.1331,0
9088,171.30,17362.2305,17894.1331,0
9089,171.34,17387.9600,17894.1331,0
9090,171.39,17401.8561,17894.1331,0
9092,171.44,17401.8561,17894.1331,0
9093,171.51,17401.8561,17894.1331,0
9094,171.56,17401.8561,17894.1331,0
9095,171.60,17401.8561,17894.1331,0
9096,171.64,17431.5436,17894.1331,0
9097,171.71,17431.5436,17894.1331,0
9098,171.75,17580.5981,17894.1331,0
9099,171.83,17580.5981,17894.1331,0
9100,171.87,17789.6662,17894.1331,0
9102,171.95,17789.6662,17894.1331,0
9104,172.02,17789.6662,17894.1331,0
9105,172.06,17789.6662,17894.1331,0
9106,172.11,17789.6662,17894.1331,0
9107,172.11,17789.6662,17894.1331,0
9108,172.15,17789.6662,17894.1331,0
9109,172.18,17789.6662,17894.1331,0
9110,172.18,17789.6662,17894.1331,0
9111,172.22,17789.6662,17894.1331,0
9112,172.26,17789.6662,17894.1331,0
9113,172.31,17789.6662,17894.1331,0
9114,172.35,17789.6662,17894.1331,0
9115,172.35,17789.6662,17894.1331,0
9119,172.39,17789.6662,17894.1331,0
9121,172.44,17789.6662,17894.1331,0
9123,172.44,17789.6662,17894.1331,0
9125,172.44,17789.6662,17894.1331,0
9126,172.48,17789.6662,17894.1331,0
9127,172.48,17789.6662,17894.1331,0
9128,172.53,17789.6662,17894.1331,0
9131,172.57,17789.6662,17894.1331,0
9132,172.61,17789.6662,17894.1331,0
9135,172.65,17789.6662,17894.1331,0
9136,172.70,17789.6662,17894.1331,0
9137,172.70,17894.1331,17894.1331,1
9138,172.79,16899.8149,17894.1331,0
9139,172.86,16899.8149,17894.1331,0
9140,172.95,16899.8149,17894.1331,0
9141,172.98,16899.8149,17894.1331,0
9142,173.04,16940.2986,17894.1331,0
9143,173.12,16940.2986,17894.1331,0
9144,173.16,16940.2986,17894.1331,0
9145,173.20,16940.2986,17894.1331,0
9146,173.25,16940.2986,17894.1331,0
9147,173.33,16941.2500,17894.1331,0
9148,173.37,17182.6909,17894.1331,0
9149,173.42,17518.7364,17894.1331,0
9150,173.48,17518.7364,17894.1331,0
9151,173.55,17518.7364,17894.1331,0
9152,173.58,17518.7364,17894.1331,0
9153,173.62,17518.7364,17894.1331,0
9154,173.66,17575.8322,17894.1331,0
9155,173.73,17576.0740,17894.1331,0
9158,173.81,17576.0740,17894.1331,0
9159,173.84,17580.3654,17894.1331,0
9160,173.88,17624.0376,17894.1331,0
9161,173.93,17624.0376,17894.1331,0
9162,173.97,17637.6152,17894.1331,0
9163,174.01,17637.6152,17894.1331,0
9164,174.08,17637.6152,17894.1331,0
9165,174.13,17637.6152,17894.1331,0
9166,174.17,17637.6152,17894.1331,0
9168,174.22,17637.6152,17894.1331,0
9169,174.29,17637.6152,17894.1331,0
9170,174.33,17637.6152,17894.1331,0
9172,174.37,17637.6152,17894.1331,0
9175,174.37,17637.6152,17894.1331,0
9176,174.37,17637.6152,17894.1331,0
9178,174.41,17637.6152,17894.1331,0
9179,174.41,17637.6152,17894.1331,0
9180,174.45,17637.6152,17894.1331,0
9181,174.49,17637.6152,17894.1331,0
9182,174.53,17637.6152,17894.1331,0
9183,174.53,17637.6152,17894.1331,0
9184,174.57,17637.6152,17894.1331,0
9185,174.60,17637.6152,17894.1331,0
9186,174.64,17637.6152,17894.1331,0
9190,174.64,17637.6152,17894.1331,0
9191,174.68,17637.6152,17894.1331,0
9193,174.68,17637.6152,17894.1331,0
9194,174.68,17637.6152,17894.1331,0
9196,174.72,17637.6152,17894.1331,0
9205,174.76,17637.6152,17894.1331,0
9206,174.80,17637.6152,17894.1331,0
9216,174.85,17637.6152,17894.1331,0
9219,174.89,17637.6152,17894.1331,0
9220,174.89,17894.1331,17894.1331,1
9221,174.98,16977.5057,17894.1331,0
9222,175.05,16977.5057,17894.1331,0
9223,175.09,16977.5057,17894.1331,0
9224,175.13,16982.9225,17894.1331,0
9225,175.20,16982.9225,17894.1331,0
9226,175.24,17207.8444,17894.1331,0
9227,175.29,17207.8444,17894.1331,0
9228,175.33,17207.8444,17894.1331,0
9229,175.38,17207.8444,17894.1331,0
9230,175.42,17362.4466,17894.1331,0
9231,175.47,17570.6968,17894.1331,0
9232,175.52,17570.6968,17894.1331,0
9233,175.59,17570.6968,17894.1331,0
9234,175.63,17570.6968,17894.1331,0
9235,175.67,17570.6968,17894.1331,0
9236,175.74,17570.6968,17894.1331,0
9237,175.79,17736.4114,17894.1331,0
9238,175.87,17736.4114,17894.1331,0
9239,175.93,17736.4114,17894.1331,0
9240,176.00,17736.4114,17894.1331,0
9241,176.05,17736.4114,17894.1331,0
9242,176.08,17924.2724,17924.2724,0
9243,176.12,17924.2724,17924.2724,0
9244,176.16,17939.0742,17939.0742,0
9246,176.21,17939.0742,17939.0742,0
9247,176.29,17939.0742,17939.0742,0
9248,176.33,17939.0742,17939.0742,0
9249,176.37,17939.0742,17939.0742,0
9250,176.41,17939.0742,17939.0742,0
9254,176.45,17939.0742,17939.0742,0
9255,176.50,17939.0742,17939.0742,0
9256,176.54,17939.0742,17939.0742,0
9262,176.54,17939.0742,17939.0742,0
9263,176.54,17939.0742,17939.0742,0
9264,176.57,17939.0742,17939.0742,0
9265,176.61,17939.0742,17939.0742,0
9266,176.65,17939.0742,17939.0742,0
9269,176.69,17939.0742,17939.0742,0
9272,176.74,17939.0742,17939.0742,0
9273,176.78,17939.0742,17939.0742,0
9288,176.82,17939.0742,17939.0742,0
9295,176.87,17939.0742,17939.0742,0
9296,176.87,17939.0742,17939.0742,1
9297,176.94,17939.0742,17939.0742,0
9298,176.94,17939.0742,17939.0742,0
9299,176.94,17939.0742,17939.0742,0
9300,176.98,17939.0742,17939.0742,0
9301,176.98,17939.0742,17939.0742,0
9302,177.01,17939.0742,17939.0742,0
9303,177.01,17939.0742,17939.0742,0
9305,177.01,17939.0742,17939.0742,0
9306,177.01,17939.0742,17939.0742,0
9307,177.01,17939.0742,17939.0742,0
9309,177.01,17939.0742,17939.0742,0
9313,177.01,17939.0742,17939.0742,0
9318,177.02,17939.0742,17939.0742,0
9319,177.02,17939.0742,17939.0742,0
9321,177.02,17939.0742,17939.0742,0
9322,177.02,17939.0742,17939.0742,0
9330,177.02,17939.0742,17939.0742,0
9332,177.02,17939.0742,17939.0742,0
9340,177.02,17939.0742,17939.0742,0
9341,177.02,17939.0742,17939.0742,1
9342,177.10,17699.2825,17939.0742,0
9343,177.18,17699.2825,17939.0742,0
9344,177.25,17699.2825,17939.0742,0
9345,177.30,17699.2825,17939.0742,0
9346,177.34,17699.2825,17939.0742,0
9347,177.38,17699.2825,17939.0742,0
9348,177.42,17709.6118,17939.0742,0
9349,177.50,17709.6118,17939.0742,0
9350,177.53,17709.6118,17939.0742,0
9351,177.57,17721.6110,17939.0742,0
9353,177.65,17721.6110,17939.0742,0
9354,177.69,17738.3656,17939.0742,0
9356,177.77,17738.3656,17939.0742,0
9359,177.81,17738.3656,17939.0742,0
9361,177.85,17738.6204,17939.0742,0
9362,177.93,17738.6204,17939.0742,0
9364,178.01,17738.6204,17939.0742,0
9365,178.05,17738.6204,17939.0742,0
9366,178.09,17738.6204,17939.0742,0
9368,178.13,17738.6204,17939.0742,0
9369,178.13,17738.6204,17939.0742,0
9370,178.17,17738.6204,17939.0742,0
9371,178.21,17738.6204,17939.0742,0
9372,178.25,17738.6204,17939.0742,0
9374,178.29,17738.6204,17939.0742,0
9376,178.34,17738.6204,17939.0742,0
9377,178.34,17738.6204,17939.0742,0
9378,178.38,17738.6204,17939.0742,0
9379,178.42,17738.6204,17939.0742,0
9380,178.46,17738.6204,17939.0742,0
9381,178.46,17738.6204,17939.0742,0
9382,178.46,17738.6204,17939.0742,0
9383,178.46,17738.6204,17939.0742,0
9384,178.50,17738.6204,17939.0742,0
9385,178.50,17738.6204,17939.0742,0
9386,178.54,17738.6204,17939.0742,0
9387,178.57,17738.6204,17939.0742,0
9388,178.57,17738.6204,17939.0742,0
9390,178.61,17738.6204,17939.0742,0
9391,178.65,17738.6204,17939.0742,0
9392,178.68,17738.6204,17939.0742,0
9393,178.68,17738.6204,17939.0742,0
9394,178.68,17738.6204,17939.0742,0
9395,178.73,17738.6204,17939.0742,0
9397,178.73,17738.6204,17939.0742,0
9399,178.73,17738.6204,17939.0742,0
9400,178.77,17738.6204,17939.0742,0
9404,178.77,17738.6204,17939.0742,0
9409,178.81,17738.6204,17939.0742,0
9416,178.84,17738.6204,17939.0742,0
9417,178.84,17939.0742,17939.0742,1
9418,178.96,17341.9609,17939.0742,0
9419,178.99,17341.9609,17939.0742,0
9420,179.03,17341.9609,17939.0742,0
9421,179.08,17598.7901,17939.0742,0
9422,179.13,17598.7901,17939.0742,0
9423,179.21,17598.7901,17939.0742,0
9424,179.24,17598.7901,17939.0742,0
9425,179.28,17598.7901,17939.0742,0
9426,179.33,17598.7901,17939.0742,0
9427,179.40,17598.7901,17939.0742,0
9428,179.40,17598.7901,17939.0742,0
9429,179.43,17598.7901,17939.0742,0
9430,179.48,17790.9429,17939.0742,0
9431,179.56,17790.9429,17939.0742,0
9432,179.60,17790.9429,17939.0742,0
9433,179.69,17790.9429,17939.0742,0
9434,179.72,17939.0742,17939.0742,0
9435,179.76,17939.0742,17939.0742,0
9436,179.76,17939.0742,17939.0742,0
9437,179.80,17939.0742,17939.0742,0
9438,179.80,17939.0742,17939.0742,0
9439,179.80,17939.0742,17939.0742,0
9441,179.80,17939.0742,17939.0742,0
9443,179.80,17939.0742,17939.0742,0
9450,179.80,17939.0742,17939.0742,0
9451,179.80,17939.0742,17939.0742,0
9454,179.80,17939.0742,17939.0742,0
9456,179.80,17939.0742,17939.0742,0
9459,179.80,17939.0742,17939.0742,0
9462,179.80,17939.0742,17939.0742,0
9464,179.80,17939.0742,17939.0742,0
9467,179.80,17939.0742,17939.0742,0
9468,179.80,17939.0742,17939.0742,0
9471,179.80,17939.0742,17939.0742,0
9480,179.80,17939.0742,17939.0742,0
9481,179.80,17939.0742,17939.0742,1
9482,179.89,17269.5610,17939.0742,0
9483,179.97,17269.5610,17939.0742,0
9484,180.04,17269.5610,17939.0742,0
9485,180.08,17269.5610,17939.0742,0
9486,180.12,17269.5610,17939.0742,0
9487,180.17,17269.5610,17939.0742,0
9488,180.21,17269.5610,17939.0742,0
9489,180.25,17269.5610,17939.0742,0
9490,180.29,17269.5610,17939.0742,0
9491,180.33,17269.5610,17939.0742,0
9492,180.37,17269.5610,17939.0742,0
9493,180.41,17269.5610,17939.0742,0
9494,180.46,17458.3916,17939.0742,0
9495,180.51,17458.3916,17939.0742,0
9496,180.59,17458.3916,17939.0742,0
9497,180.66,17458.3916,17939.0742,0
9498,180.71,17458.3916,17939.0742,0
9499,180.74,17498.2321,17939.0742,0
9500,180.81,17498.2321,17939.0742,0
9501,180.86,17498.2321,17939.0742,0
9502,180.90,17498.2321,17939.0742,0
9504,180.95,17498.2321,17939.0742,0
9505,180.99,17498.2321,17939.0742,0
9508,181.04,17511.0383,17939.0742,0
9509,181.09,17642.0114,17939.0742,0
9510,181.16,17642.0114,17939.0742,0
9511,181.21,17642.0114,17939.0742,0
9512,181.25,17789.5363,17939.0742,0
9513,181.33,17789.5363,17939.0742,0
9514,181.40,17789.5363,17939.0742,0
9515,181.46,17939.0742,17939.0742,0
9516,181.50,17939.0742,17939.0742,0
9519,181.54,17939.0742,17939.0742,0
9520,181.54,17939.0742,17939.0742,0
9521,181.54,17939.0742,17939.0742,0
9522,181.54,17939.0742,17939.0742,0
9523,181.54,17939.0742,17939.0742,0
9526,181.54,17939.0742,17939.0742,0
9527,181.54,17939.0742,17939.0742,0
9528,181.54,17939.0742,17939.0742,0
9530,181.54,17939.0742,17939.0742,0
9532,181.54,17939.0742,17939.0742,0
9535,181.54,17939.0742,17939.0742,0
9539,181.54,17939.0742,17939.0742,0
9543,181.54,17939.0742,17939.0742,0
9550,181.54,17939.0742,17939.0742,0
9557,181.54,17939.0742,17939.0742,0
9559,181.54,17939.0742,17939.0742,0
9564,181.54,17939.0742,17939.0742,0
9565,181.54,17939.0742,17939.0742,1
9566,181.65,17357.1565,17939.0742,0
9567,181.73,17357.6614,17939.0742,0
9568,181.78,17357.6614,17939.0742,0
9569,181.81,17357.6614,17939.0742,0
9570,181.86,17491.0299,17939.0742,0
9571,181.91,17491.0299,17939.0742,0
9572,181.94,17676.3756,17939.0742,0
9573,182.03,17676.3756,17939.0742,0
9574,182.07,17709.6703,17939.0742,0
9575,182.12,17709.6703,17939.0742,0
9577,182.20,17709.6703,17939.0742,0
9578,182.23,17709.6703,17939.0742,0
9580,182.27,17709.6703,17939.0742,0
9581,182.31,17709.6703,17939.0742,0
9582,182.39,17709.6703,17939.0742,0
9583,182.43,17709.6703,17939.0742,0
9584,182.47,17709.6703,17939.0742,0
9585,182.51,17709.6703,17939.0742,0
9586,182.54,17709.6703,17939.0742,0
9590,182.59,17709.6703,17939.0742,0
9592,182.63,17709.6703,17939.0742,0
9593,182.63,17709.6703,17939.0742,0
9595,182.67,17709.6703,17939.0742,0
9596,182.71,17712.2715,17939.0742,0
9597,182.79,17712.2715,17939.0742,0
9598,182.83,17712.2715,17939.0742,0
9599,182.90,17712.2715,17939.0742,0
9600,182.95,17712.2715,17939.0742,0
9601,182.99,17712.2715,17939.0742,0
9602,183.03,17712.2715,17939.0742,0
9603,183.07,17786.0512,17939.0742,0
9604,183.11,17939.0742,17939.0742,0
9605,183.15,17939.0742,17939.0742,0
9608,183.18,17939.0742,17939.0742,0
9609,183.19,17939.0742,17939.0742,0
9610,183.19,17939.0742,17939.0742,0
9612,183.19,17939.0742,17939.0742,0
9613,183.19,17939.0742,17939.0742,0
9614,183.19,17939.0742,17939.0742,0
9618,183.19,17939.0742,17939.0742,0
9620,183.19,17939.0742,17939.0742,0
9629,183.19,17939.0742,17939.0742,0
9630,183.19,17939.0742,17939.0742,0
9633,183.19,17939.0742,17939.0742,0
9634,183.19,17939.0742,17939.0742,0
9639,183.19,17939.0742,17939.0742,0
9641,183.19,17939.0742,17939.0742,0
9645,183.19,17939.0742,17939.0742,0
9646,183.19,17939.0742,17939.0742,0
9648,183.19,17939.0742,17939.0742,0
9649,183.19,17939.0742,17939.0742,1
9650,183.28,17139.4107,17939.0742,0
9651,183.36,17139.4107,17939.0742,0
9652,183.41,17349.0305,17939.0742,0
9653,183.48,17349.0305,17939.0742,0
9654,183.64,17349.0305,17939.0742,0
9655,183.72,17349.0305,17939.0742,0
9656,183.75,17349.0305,17939.0742,0
9657,183.80,17349.0305,17939.0742,0
9658,183.84,17349.0305,17939.0742,0
9659,183.88,17349.0305,17939.0742,0
9660,183.92,17349.0305,17939.0742,0
9661,183.96,17349.0305,17939.0742,0
9662,184.00,17349.5796,17939.0742,0
9663,184.08,17349.5796,17939.0742,0
9664,184.16,17349.5796,17939.0742,0
9665,184.20,17349.5796,17939.0742,0
9666,184.24,17349.5796,17939.0742,0
9667,184.29,17349.5796,17939.0742,0
9668,184.33,17492.9977,17939.0742,0
9669,184.38,17492.9977,17939.0742,0
9670,184.46,17492.9977,17939.0742,0
9671,184.53,17492.9977,17939.0742,0
9672,184.58,17659.9666,17939.0742,0
9673,184.66,17659.9666,17939.0742,0
9674,184.75,17659.9666,17939.0742,0
9675,184.80,17798.7438,17939.0742,0
9676,184.87,17798.7438,17939.0742,0
9677,184.94,17798.7438,17939.0742,0
9678,184.98,17798.7438,17939.0742,0
9679,185.01,17798.7438,17939.0742,0
9680,185.06,17798.7438,17939.0742,0
9681,185.10,17798.7438,17939.0742,0
9682,185.14,17973.2394,17973.2394,0
9683,185.21,17973.2394,17973.2394,0
9684,185.26,17973.2394,17973.2394,0
9685,185.29,17973.2394,17973.2394,0
9686,185.33,17973.2394,17973.2394,0
9687,185.37,17973.2394,17973.2394,0
9688,185.40,17973.2394,17973.2394,0
9689,185.44,18063.0641,18063.0641,0
9690,185.51,18063.0641,18063.0641,0
9692,185.60,18063.0641,18063.0641,0
9693,185.64,18063.0641,18063.0641,0
9694,185.68,18063.0641,18063.0641,0
9695,185.73,18063.0641,18063.0641,0
9698,185.77,18063.0641,18063.0641,0
9699,185.77,18063.0641,18063.0641,0
9701,185.81,18063.0641,18063.0641,0
9702,185.84,18063.0641,18063.0641,0
9704,185.84,18063.0641,18063.0641,0
9706,185.88,18063.0641,18063.0641,0
9707,185.88,18063.0641,18063.0641,0
9709,185.93,18063.0641,18063.0641,0
9710,185.97,18063.0641,18063.0641,0
9711,186.01,18063.0641,18063.0641,0
9720,186.01,18063.0641,18063.0641,0
9721,186.06,18063.0641,18063.0641,0
9722,186.10,18063.0641,18063.0641,0
9723,186.15,18063.0641,18063.0641,0
9727,186.15,18063.0641,18063.0641,0
9728,186.19,18063.0641,18063.0641,0
9730,186.23,18063.0641,18063.0641,0
9735,186.27,18063.0641,18063.0641,0
9740,186.31,18063.0641,18063.0641,0
9742,186.36,18063.0641,18063.0641,0
9748,186.39,18063.0641,18063.0641,0
9758,186.43,18063.0641,18063.0641,0
9759,186.43,18063.0641,18063.0641,1
9760,186.53,17868.6648,18063.0641,0
9761,186.57,18063.0641,18063.0641,0
9762,186.58,18063.0641,18063.0641,0
9763,186.61,18063.0641,18063.0641,0
9766,186.62,18063.0641,18063.0641,0
9767,186.62,18063.0641,18063.0641,0
9768,186.65,18063.0641,18063.0641,0
9769,186.65,18063.0641,18063.0641,0
9770,186.65,18063.0641,18063.0641,0
9772,186.65,18063.0641,18063.0641,0
9773,186.65,18063.0641,18063.0641,0
9774,186.65,18063.0641,18063.0641,0
9777,186.65,18063.0641,18063.0641,0
9781,186.65,18063.0641,18063.0641,0
9786,186.65,18063.0641,18063.0641,0
9787,186.65,18063.0641,18063.0641,0
9791,186.65,18063.0641,18063.0641,0
9805,186.65,18063.0641,18063.0641,0
9806,186.65,18063.0641,18063.0641,0
9809,186.65,18063.0641,18063.0641,0
9811,186.65,18063.0641,18063.0641,0
9818,186.65,18063.0641,18063.0641,0
9819,186.65,18063.0641,18063.0641,0
9821,186.65,18063.0641,18063.0641,0
9828,186.65,18063.0641,18063.0641,0
9831,186.65,18063.0641,18063.0641,0
9835,186.65,18063.0641,18063.0641,0
9837,186.65,18063.0641,18063.0641,0
9839,186.65,18063.0641,18063.0641,0
9840,186.65,18063.0641,18063.0641,1
9841,186.77,17704.0098,18063.0641,0
9842,186.82,17704.0098,18063.0641,0
9843,186.86,17732.4524,18063.0641,0
9844,186.93,17732.4524,18063.0641,0
9845,187.02,17732.4524,18063.0641,0
9846,187.07,17742.3518,18063.0641,0
9847,187.11,17742.3518,18063.0641,0
9848,187.18,17742.3518,18063.0641,0
9849,187.22,17881.1368,18063.0641,0
9850,187.29,17881.1368,18063.0641,0
9851,187.34,17881.1368,18063.0641,0
9854,187.37,17881.1368,18063.0641,0
9858,187.41,17881.1368,18063.0641,0
9859,187.48,17881.1368,18063.0641,0
9860,187.52,17881.1368,18063.0641,0
9861,187.56,17881.1368,18063.0641,0
9862,187.60,17881.1368,18063.0641,0
9863,187.64,17881.1368,18063.0641,0
9866,187.64,17881.1368,18063.0641,0
9867,187.64,17881.1368,18063.0641,0
9868,187.67,17881.1368,18063.0641,0
9869,187.67,17881.1368,18063.0641,0
9871,187.71,17881.1368,18063.0641,0
9872,187.75,17881.1368,18063.0641,0
9873,187.80,17881.1368,18063.0641,0
9874,187.80,17881.1368,18063.0641,0
9875,187.84,17881.1368,18063.0641,0
9876,187.84,17881.1368,18063.0641,0
9877,187.89,17881.1368,18063.0641,0
9878,187.93,17881.1368,18063.0641,0
9879,187.93,17881.1368,18063.0641,0
9880,187.93,17881.1368,18063.0641,0
9883,187.97,17881.1368,18063.0641,0
9888,187.97,17881.1368,18063.0641,0
9889,187.97,17881.1368,18063.0641,0
9890,188.01,17881.1368,18063.0641,0
9891,188.05,17881.1368,18063.0641,0
9893,188.09,17881.1368,18063.0641,0
9897,188.13,17881.1368,18063.0641,0
9898,188.13,17881.1368,18063.0641,0
9899,188.18,17881.1368,18063.0641,0
9900,188.21,17881.1368,18063.0641,0
9905,188.25,17881.1368,18063.0641,0
9907,188.29,17881.1368,18063.0641,0
9908,188.33,17881.1368,18063.0641,0
9909,188.33,18063.0641,18063.0641,1
9910,188.41,17656.2493,18063.0641,0
9911,188.46,17805.2961,18063.0641,0
9912,188.50,18063.0641,18063.0641,0
9913,188.53,18063.0641,18063.0641,0
9914,188.57,18063.0641,18063.0641,0
9915,188.57,18063.0641,18063.0641,0
9916,188.58,18063.0641,18063.0641,0
9917,188.58,18063.0641,18063.0641,0
9918,188.58,18063.0641,18063.0641,0
9919,188.58,18063.0641,18063.0641,0
9921,188.58,18063.0641,18063.0641,0
9922,188.58,18063.0641,18063.0641,0
9923,188.58,18063.0641,18063.0641,0
9924,188.58,18063.0641,18063.0641,0
9925,188.58,18063.0641,18063.0641,0
9926,188.58,18063.0641,18063.0641,0
9927,188.58,18063.0641,18063.0641,0
9928,188.58,18063.0641,18063.0641,0
9929,188.58,18063.0641,18063.0641,0
9930,188.58,18063.0641,18063.0641,0
9932,188.58,18063.0641,18063.0641,0
9933,188.58,18063.0641,18063.0641,0
9936,188.58,18063.0641,18063.0641,0
9938,188.58,18063.0641,18063.0641,0
9939,188.58,18063.0641,18063.0641,0
9943,188.58,18063.0641,18063.0641,0
9944,188.58,18063.0641,18063.0641,0
9945,188.58,18063.0641,18063.0641,0
9946,188.58,18063.0641,18063.0641,0
9949,188.58,18063.0641,18063.0641,0
9950,188.58,18063.0641,18063.0641,1
9951,188.69,17367.4249,18063.0641,0
9952,188.76,17367.4249,18063.0641,0
9953,188.84,17367.4249,18063.0641,0
9954,188.88,17367.4249,18063.0641,0
9955,188.93,17549.5384,18063.0641,0
9956,188.99,17549.5384,18063.0641,0
9957,189.04,17724.5292,18063.0641,0
9958,189.11,17724.5292,18063.0641,0
9959,189.18,17724.5292,18063.0641,0
9960,189.23,17737.5526,18063.0641,0
9961,189.27,17737.5526,18063.0641,0
9962,189.34,17737.5526,18063.0641,0
9963,189.38,17925.7919,18063.0641,0
9964,189.42,17936.2762,18063.0641,0
9965,189.52,17936.2762,18063.0641,0
9967,189.57,17936.2762,18063.0641,0
9968,189.64,17936.5277,18063.0641,0
9969,189.72,17936.5277,18063.0641,0
9972,189.72,17936.5277,18063.0641,0
9974,189.80,17936.5277,18063.0641,0
9976,189.85,17936.5277,18063.0641,0
9977,189.85,17936.5277,18063.0641,0
9978,189.85,17936.5277,18063.0641,0
9979,189.85,17936.5277,18063.0641,0
9980,189.85,17936.5277,18063.0641,0
9985,189.90,17936.5277,18063.0641,0
9986,189.94,17936.5277,18063.0641,0
9992,189.99,17936.5277,18063.0641,0
9993,190.04,17936.5277,18063.0641,0
9999,190.08,17936.5277,18063.0641,0
10000,190.12,17936.5277,18063.0641,0
10011,190.18,17936.5277,18063.0641,0
10012,190.22,17936.5277,18063.0641,0
10013,190.28,17936.5277,18063.0641,0
10014,190.32,17936.5277,18063.0641,0
10016,190.37,17936.5277,18063.0641,0
10018,190.41,17936.5277,18063.0641,0
10026,190.45,17936.5277,18063.0641,0
10027,190.45,18063.0641,18063.0641,1
10028,190.54,17463.7046,18063.0641,0
10029,190.62,17463.7046,18063.0641,0
10030,190.66,17476.8225,18063.0641,0
10031,190.71,17476.8225,18063.0641,0
10032,190.75,17476.8225,18063.0641,0
10033,190.79,17476.8225,18063.0641,0
10034,190.83,17476.8225,18063.0641,0
10035,190.87,17476.8225,18063.0641,0
10036,190.95,17476.8225,18063.0641,0
10037,191.02,17476.8225,18063.0641,0
10038,191.06,17476.8225,18063.0641,0
10039,191.09,17476.8225,18063.0641,0
10040,191.14,17476.8225,18063.0641,0
10041,191.19,17508.8332,18063.0641,0
10042,191.26,17508.8332,18063.0641,0
10043,191.33,17508.8332,18063.0641,0
10044,191.37,17508.8332,18063.0641,0
10045,191.41,17509.0460,18063.0641,0
10046,191.45,17514.9223,18063.0641,0
10047,191.50,17517.1020,18063.0641,0
10048,191.57,17517.1020,18063.0641,0
10049,191.62,17593.8550,18063.0641,0
10050,191.69,17593.8550,18063.0641,0
10051,191.73,17608.9572,18063.0641,0
10052,191.81,17613.8171,18063.0641,0
10053,191.89,17613.8171,18063.0641,0
10054,191.94,17615.9059,18063.0641,0
10055,192.01,17615.9059,18063.0641,0
10056,192.05,17615.9059,18063.0641,0
10057,192.09,17811.7147,18063.0641,0
10058,192.16,17811.7147,18063.0641,0
10059,192.20,17811.7147,18063.0641,0
10060,192.28,17811.7147,18063.0641,0
10061,192.34,17811.7147,18063.0641,0
10062,192.38,17811.7147,18063.0641,0
10063,192.43,17811.7147,18063.0641,0
10064,192.43,17811.7147,18063.0641,0
10065,192.47,17811.7147,18063.0641,0
10068,192.51,17811.7147,18063.0641,0
10069,192.55,17811.7147,18063.0641,0
10070,192.55,17811.7147,18063.0641,0
10071,192.59,17811.7147,18063.0641,0
10072,192.63,17813.1385,18063.0641,0
10073,192.70,17813.1385,18063.0641,0
10076,192.78,17813.1385,18063.0641,0
10077,192.82,17813.1385,18063.0641,0
10078,192.82,17813.1385,18063.0641,0
10079,192.87,17813.1385,18063.0641,0
10080,192.90,17813.1385,18063.0641,0
10081,192.94,17813.1385,18063.0641,0
10083,192.99,17813.1385,18063.0641,0
10084,192.99,17813.1385,18063.0641,0
10085,192.99,17813.1385,18063.0641,0
10086,193.03,17813.1385,18063.0641,0
10088,193.03,17813.1385,18063.0641,0
10090,193.03,17813.1385,18063.0641,0
10091,193.07,17813.1385,18063.0641,0
10092,193.12,17813.1385,18063.0641,0
10093,193.16,17813.1385,18063.0641,0
10094,193.21,17813.1385,18063.0641,0
10098,193.26,17813.1385,18063.0641,0
10099,193.29,17813.1385,18063.0641,0
10101,193.29,17813.1385,18063.0641,0
10102,193.29,17813.1385,18063.0641,0
10103,193.29,17813.1385,18063.0641,0
10105,193.33,17813.1385,18063.0641,0
10108,193.33,17813.1385,18063.0641,0
10110,193.38,17813.1385,18063.0641,0
10113,193.42,17813.1385,18063.0641,0
10119,193.46,17813.1385,18063.0641,0
10120,193.46,18063.0641,18063.0641,1
10121,193.58,17053.2216,18063.0641,0
10122,193.66,17053.2216,18063.0641,0
10123,193.70,17053.2216,18063.0641,0
10124,193.74,17053.2216,18063.0641,0
10125,193.79,17053.2216,18063.0641,0
10126,193.79,17053.2216,18063.0641,0
10127,193.83,17067.2410,18063.0641,0
10128,193.90,17067.2410,18063.0641,0
10129,193.97,17067.2410,18063.0641,0
10130,194.01,17067.2410,18063.0641,0
10131,194.05,17214.8986,18063.0641,0
10132,194.08,17230.0723,18063.0641,0
10135,194.16,17230.0723,18063.0641,0
10136,194.19,17230.0723,18063.0641,0
10137,194.22,17230.0723,18063.0641,0
10138,194.27,17230.0723,18063.0641,0
10139,194.31,17230.0723,18063.0641,0
10140,194.36,17230.0723,18063.0641,0
10141,194.40,17230.0723,18063.0641,0
10142,194.44,17230.0723,18063.0641,0
10143,194.47,17230.0723,18063.0641,0
10144,194.47,17230.0723,18063.0641,0
10145,194.52,17230.0723,18063.0641,0
10146,194.55,17230.0723,18063.0641,0
10147,194.59,17230.0723,18063.0641,0
10148,194.62,17230.0723,18063.0641,0
10149,194.66,17230.0723,18063.0641,0
10150,194.66,17230.0723,18063.0641,0
10151,194.70,17230.0723,18063.0641,0
10152,194.74,17230.9326,18063.0641,0
10154,194.80,17230.9326,18063.0641,0
10155,194.86,17230.9326,18063.0641,0
10157,194.89,17230.9326,18063.0641,0
10159,194.93,17230.9326,18063.0641,0
10160,194.97,17230.9326,18063.0641,0
10161,195.00,17230.9326,18063.0641,0
10164,195.04,17230.9326,18063.0641,0
10165,195.07,17230.9326,18063.0641,0
10166,195.11,17230.9326,18063.0641,0
10167,195.11,17230.9326,18063.0641,0
10168,195.11,17230.9326,18063.0641,0
10169,195.14,17230.9326,18063.0641,0
10171,195.17,17230.9326,18063.0641,0
10172,195.22,17230.9326,18063.0641,0
10173,195.27,17230.9326,18063.0641,0
10175,195.30,17230.9326,18063.0641,0
10176,195.30,17230.9326,18063.0641,0
10178,195.33,17230.9326,18063.0641,0
10181,195.33,17230.9326,18063.0641,0
10183,195.38,17230.9326,18063.0641,0
10188,195.41,17230.9326,18063.0641,0
10189,195.41,17230.9326,18063.0641,0
10191,195.41,17230.9326,18063.0641,0
10192,195.45,17230.9326,18063.0641,0
10193,195.50,17230.9326,18063.0641,0
10199,195.56,17230.9326,18063.0641,0
10200,195.60,17230.9326,18063.0641,0
10201,195.64,17230.9326,18063.0641,0
10202,195.69,17230.9326,18063.0641,0
10204,195.74,17230.9326,18063.0641,0
10205,195.79,17230.9326,18063.0641,0
10206,195.79,17230.9326,18063.0641,0
10211,195.83,17230.9326,18063.0641,0
10230,195.86,17230.9326,18063.0641,0
10233,195.90,17230.9326,18063.0641,0
10234,195.94,17230.9326,18063.0641,0
10235,195.94,18063.0641,18063.0641,1
10236,196.06,17042.8886,18063.0641,0
10237,196.10,17042.8886,18063.0641,0
10238,196.14,17042.8886,18063.0641,0
10239,196.20,17066.0145,18063.0641,0
10240,196.28,17066.0145,18063.0641,0
10241,196.32,17066.0145,18063.0641,0
10242,196.36,17066.0145,18063.0641,0
10243,196.41,17073.3668,18063.0641,0
10244,196.48,17073.3668,18063.0641,0
10245,196.55,17073.3668,18063.0641,0
10246,196.59,17073.3668,18063.0641,0
10247,196.63,17073.3668,18063.0641,0
10248,196.68,17073.3668,18063.0641,0
10249,196.72,17073.3668,18063.0641,0
10250,196.76,17073.3668,18063.0641,0
10251,196.82,17411.8342,18063.0641,0
10252,196.86,17455.7980,18063.0641,0
10253,196.91,17701.5675,18063.0641,0
10254,196.96,17725.6156,18063.0641,0
10255,197.03,17725.6156,18063.0641,0
10256,197.07,17725.6156,18063.0641,0
10257,197.13,17725.6156,18063.0641,0
10258,197.18,17784.0481,18063.0641,0
10259,197.23,17872.7565,18063.0641,0
10260,197.26,17872.7565,18063.0641,0
10261,197.31,17885.9676,18063.0641,0
10262,197.38,17885.9676,18063.0641,0
10265,197.42,17885.9676,18063.0641,0
10267,197.46,17885.9676,18063.0641,0
10268,197.49,17885.9676,18063.0641,0
10269,197.53,17885.9676,18063.0641,0
10270,197.57,17885.9676,18063.0641,0
10271,197.61,17885.9676,18063.0641,0
10272,197.61,17885.9676,18063.0641,0
10273,197.66,17885.9676,18063.0641,0
10274,197.70,17885.9676,18063.0641,0
10275,197.74,17885.9676,18063.0641,0
10276,197.78,17885.9676,18063.0641,0
10277,197.78,17885.9676,18063.0641,0
10278,197.78,17885.9676,18063.0641,0
10279,197.81,17890.3638,18063.0641,0
10280,197.89,17890.3638,18063.0641,0
10281,197.96,17890.3638,18063.0641,0
10282,198.00,17902.6255,18063.0641,0
10283,198.08,17902.8717,18063.0641,0
10284,198.13,17902.8717,18063.0641,0
10285,198.21,17902.8717,18063.0641,0
10288,198.21,17902.8717,18063.0641,0
10289,198.25,17902.8717,18063.0641,0
10291,198.30,17902.8717,18063.0641,0
10292,198.33,17902.8717,18063.0641,0
10293,198.38,17902.8717,18063.0641,0
10294,198.43,17902.8717,18063.0641,0
10295,198.43,17902.8717,18063.0641,0
10296,198.46,17902.8717,18063.0641,0
10297,198.53,17902.8717,18063.0641,0
10298,198.53,17902.8717,18063.0641,0
10299,198.58,17902.8717,18063.0641,0
10300,198.63,17902.8717,18063.0641,0
10301,198.67,17902.8717,18063.0641,0
10302,198.67,17902.8717,18063.0641,0
10303,198.67,17902.8717,18063.0641,0
10304,198.67,17902.8717,18063.0641,0
10305,198.71,17902.8717,18063.0641,0
10308,198.75,17902.8717,18063.0641,0
10309,198.79,17902.8717,18063.0641,0
10312,198.83,17902.8717,18063.0641,0
10313,198.88,17902.8717,18063.0641,0
10335,198.93,17902.8717,18063.0641,0
10336,198.93,18063.0641,18063.0641,1
10337,199.05,16814.1193,18063.0641,0
10338,199.09,16814.1193,18063.0641,0
10339,199.14,17072.2230,18063.0641,0
10340,199.21,17072.2230,18063.0641,0
10341,199.25,17224.6364,18063.0641,0
10342,199.29,17242.8221,18063.0641,0
10343,199.37,17242.8221,18063.0641,0
10344,199.43,17242.8221,18063.0641,0
10345,199.48,17242.8221,18063.0641,0
10347,199.52,17242.8221,18063.0641,0
10348,199.55,17242.8221,18063.0641,0
10350,199.60,17357.5195,18063.0641,0
10351,199.66,17357.5195,18063.0641,0
10352,199.71,17357.5195,18063.0641,0
10353,199.74,17357.5195,18063.0641,0
10354,199.81,17357.5195,18063.0641,0
10355,199.86,17357.5195,18063.0641,0
10356,199.90,17357.5195,18063.0641,0
10357,199.95,17563.0666,18063.0641,0
10358,200.02,17563.0666,18063.0641,0
10359,200.06,17563.0666,18063.0641,0
10360,200.13,17563.0666,18063.0641,0
10361,200.18,17563.0666,18063.0641,0
10362,200.23,17711.1708,18063.0641,0
10363,200.28,17724.4345,18063.0641,0
10365,200.33,17908.6832,18063.0641,0
10366,200.38,17908.6832,18063.0641,0
10367,200.42,18070.0277,18070.0277,0
10368,200.46,18083.4762,18083.4762,0
10373,200.55,18083.4762,18083.4762,0
10374,200.59,18083.4762,18083.4762,0
10376,200.64,18083.4762,18083.4762,0
10377,200.68,18083.4762,18083.4762,0
10378,200.71,18083.4762,18083.4762,0
10379,200.76,18083.4762,18083.4762,0
10380,200.79,18083.4762,18083.4762,0
10381,200.83,18083.4762,18083.4762,0
10383,200.88,18083.4762,18083.4762,0
10384,200.92,18083.4762,18083.4762,0
10386,200.96,18083.4762,18083.4762,0
10390,200.96,18083.4762,18083.4762,0
10391,201.00,18083.4762,18083.4762,0
10392,201.00,18083.4762,18083.4762,0
10397,201.03,18083.4762,18083.4762,0
10400,201.08,18083.4762,18083.4762,0
10401,201.11,18083.4762,18083.4762,0
10403,201.16,18083.4762,18083.4762,0
10409,201.20,18083.4762,18083.4762,0
10410,201.20,18083.4762,18083.4762,1
10411,201.31,17889.0762,18083.4762,0
10412,201.35,18083.4762,18083.4762,0
10415,201.39,18083.4762,18083.4762,0
10416,201.39,18083.4762,18083.4762,0
10417,201.40,18083.4762,18083.4762,0
10418,201.44,18083.4762,18083.4762,0
10419,201.44,18083.4762,18083.4762,0
10420,201.44,18083.4762,18083.4762,0
10421,201.44,18083.4762,18083.4762,0
10423,201.44,18083.4762,18083.4762,0
10424,201.44,18083.4762,18083.4762,0
10425,201.44,18083.4762,18083.4762,0
10426,201.44,18083.4762,18083.4762,0
10427,201.44,18083.4762,18083.4762,0
10429,201.44,18083.4762,18083.4762,0
10430,201.44,18083.4762,18083.4762,0
10432,201.44,18083.4762,18083.4762,0
10441,201.44,18083.4762,18083.4762,0
10442,201.44,18083.4762,18083.4762,0
10448,201.44,18083.4762,18083.4762,0
10456,201.44,18083.4762,18083.4762,0
10457,201.44,18083.4762,18083.4762,1
10458,201.55,17724.4224,18083.4762,0
10459,201.62,17724.4224,18083.4762,0
10460,201.67,17724.4224,18083.4762,0
10461,201.72,17724.4224,18083.4762,0
10462,201.78,17724.4224,18083.4762,0
10463,201.78,17724.4224,18083.4762,0
10464,201.82,17724.4224,18083.4762,0
10465,201.82,17724.4224,18083.4762,0
10466,201.87,17724.4224,18083.4762,0
10467,201.91,17724.4224,18083.4762,0
10468,201.96,17843.6860,18083.4762,0
10469,202.03,17860.4401,18083.4762,0
10470,202.07,18083.4762,18083.4762,0
10471,202.08,18083.4762,18083.4762,0
10472,202.11,18083.4762,18083.4762,0
10473,202.11,18083.4762,18083.4762,0
10474,202.11,18083.4762,18083.4762,0
10475,202.11,18083.4762,18083.4762,0
10477,202.12,18083.4762,18083.4762,0
10478,202.15,18083.4762,18083.4762,0
10479,202.15,18083.4762,18083.4762,0
10480,202.15,18083.4762,18083.4762,0
10483,202.15,18083.4762,18083.4762,0
10484,202.15,18083.4762,18083.4762,0
10486,202.15,18083.4762,18083.4762,0
10492,202.15,18083.4762,18083.4762,0
10495,202.15,18083.4762,18083.4762,0
10497,202.15,18083.4762,18083.4762,0
10507,202.15,18083.4762,18083.4762,0
10508,202.15,18083.4762,18083.4762,0
10510,202.15,18083.4762,18083.4762,0
10511,202.15,18083.4762,18083.4762,0
10512,202.15,18083.4762,18083.4762,1
10513,202.24,17486.3647,18083.4762,0
10514,202.32,17486.3647,18083.4762,0
10515,202.39,17486.3647,18083.4762,0
10516,202.43,17486.3647,18083.4762,0
10517,202.48,17743.1957,18083.4762,0
10518,202.53,17935.3503,18083.4762,0
10519,202.61,17935.3503,18083.4762,0
10520,202.65,17935.3503,18083.4762,0
10521,202.69,17935.3503,18083.4762,0
10523,202.73,18083.4762,18083.4762,0
10524,202.76,18083.4762,18083.4762,0
10525,202.77,18083.4762,18083.4762,0
10527,202.77,18083.4762,18083.4762,0
10529,202.77,18083.4762,18083.4762,0
10530,202.80,18083.4762,18083.4762,0
10531,202.80,18083.4762,18083.4762,0
10532,202.80,18083.4762,18083.4762,0
10534,202.80,18083.4762,18083.4762,0
10535,202.80,18083.4762,18083.4762,0
10537,202.80,18083.4762,18083.4762,0
10538,202.80,18083.4762,18083.4762,0
10539,202.80,18083.4762,18083.4762,0
10540,202.80,18083.4762,18083.4762,0
10549,202.80,18083.4762,18083.4762,0
10555,202.80,18083.4762,18083.4762,0
10561,202.80,18083.4762,18083.4762,0
10562,202.80,18083.4762,18083.4762,0
10570,202.80,18083.4762,18083.4762,0
10571,202.80,18083.4762,18083.4762,0
10572,202.80,18083.4762,18083.4762,1
10573,202.90,17510.6697,18083.4762,0
10574,202.96,17510.6697,18083.4762,0
10575,203.03,17510.6697,18083.4762,0
10576,203.08,17700.3990,18083.4762,0
10577,203.13,17700.3990,18083.4762,0
10578,203.17,17709.5638,18083.4762,0
10579,203.25,17709.5638,18083.4762,0
10580,203.30,17709.5638,18083.4762,0
10581,203.35,17709.5638,18083.4762,0
10582,203.39,17881.2181,18083.4762,0
10583,203.44,17897.2990,18083.4762,0
10584,203.48,18044.6434,18083.4762,0
10585,203.57,18044.6434,18083.4762,0
10588,203.65,18046.7955,18083.4762,0
10589,203.73,18046.7955,18083.4762,0
10590,203.78,18046.7955,18083.4762,0
10592,203.83,18046.7955,18083.4762,0
10593,203.91,18046.7955,18083.4762,0
10594,203.96,18046.7955,18083.4762,0
10596,203.96,18046.7955,18083.4762,0
10597,204.01,18046.7955,18083.4762,0
10598,204.05,18053.6517,18083.4762,0
10599,204.10,18053.6517,18083.4762,0
10601,204.15,18053.6517,18083.4762,0
10603,204.22,18053.6517,18083.4762,0
10604,204.27,18053.6496,18083.4762,0
10607,204.35,18053.6496,18083.4762,0
10608,204.39,18053.6496,18083.4762,0
10609,204.44,18053.6496,18083.4762,0
10611,204.49,18053.6496,18083.4762,0
10615,204.53,18053.6496,18083.4762,0
10616,204.57,18053.6517,18083.4762,0
10618,204.66,18053.6517,18083.4762,0
10619,204.70,18053.6496,18083.4762,0
10620,204.73,18053.6496,18083.4762,0
10622,204.74,18053.6496,18083.4762,0
10623,204.84,18053.6496,18083.4762,0
10624,204.84,18053.6496,18083.4762,0
10625,204.88,18053.6517,18083.4762,0
10626,204.88,18053.6517,18083.4762,0
10627,204.93,18053.6517,18083.4762,0
10630,205.01,18053.6496,18083.4762,0
10631,205.04,18053.6496,18083.4762,0
10632,205.08,18053.6496,18083.4762,0
10633,205.12,18053.6496,18083.4762,0
10634,205.12,18053.6496,18083.4762,0
10635,205.12,18053.6496,18083.4762,0
10636,205.16,18053.6496,18083.4762,0
10638,205.17,18053.6496,18083.4762,0
10639,205.21,18053.6496,18083.4762,0
10640,205.26,18053.6496,18083.4762,0
10641,205.26,18053.6496,18083.4762,0
10644,205.26,18053.6496,18083.4762,0
10645,205.31,18053.6496,18083.4762,0
10646,205.31,18053.6496,18083.4762,0
10647,205.35,18053.6517,18083.4762,0
10648,205.43,18053.6517,18083.4762,0
10649,205.51,18053.6496,18083.4762,0
10650,205.54,18053.6496,18083.4762,0
10651,205.59,18053.6496,18083.4762,0
10652,205.59,18053.6496,18083.4762,0
10653,205.59,18053.6496,18083.4762,0
10657,205.63,18053.6517,18083.4762,0
10658,205.67,18053.6517,18083.4762,0
10660,205.67,18053.6517,18083.4762,0
10661,205.68,18053.6517,18083.4762,0
10662,205.68,18053.6517,18083.4762,0
10665,205.68,18053.6517,18083.4762,0
10666,205.72,18053.6517,18083.4762,0
10667,205.76,18053.6517,18083.4762,0
10668,205.80,18053.6496,18083.4762,0
10669,205.80,18053.6496,18083.4762,0
10670,205.84,18053.6496,18083.4762,0
10671,205.88,18053.6517,18083.4762,0
10673,205.94,18053.6517,18083.4762,0
10675,206.01,18053.6496,18083.4762,0
10678,206.05,18053.6496,18083.4762,0
10679,206.09,18053.6496,18083.4762,0
10680,206.09,18053.6496,18083.4762,0
10681,206.09,18053.6496,18083.4762,0
10682,206.13,18053.6517,18083.4762,0
10683,206.13,18053.6517,18083.4762,0
10688,206.14,18053.6517,18083.4762,0
10689,206.18,18053.6517,18083.4762,0
10690,206.26,18053.6517,18083.4762,0
10691,206.30,18053.6517,18083.4762,0
10693,206.30,18053.6517,18083.4762,0
10694,206.34,18053.6517,18083.4762,0
10698,206.34,18053.6517,18083.4762,0
10699,206.34,18053.6517,18083.4762,0
10700,206.38,18053.6496,18083.4762,0
10702,206.44,18053.6496,18083.4762,0
10703,206.47,18053.6496,18083.4762,0
10704,206.52,18053.6496,18083.4762,0
10705,206.52,18053.6496,18083.4762,0
10706,206.52,18053.6496,18083.4762,0
10707,206.60,18053.6517,18083.4762,0
10708,206.65,18053.6517,18083.4762,0
10709,206.65,18053.6517,18083.4762,0
10710,206.73,18053.6496,18083.4762,0
10711,206.76,18053.6496,18083.4762,0
10713,206.77,18053.6496,18083.4762,0
10715,206.82,18053.6496,18083.4762,0
10716,206.89,18053.6517,18083.4762,0
10717,206.94,18053.6517,18083.4762,0
10718,206.94,18053.6517,18083.4762,0
10719,206.94,18053.6517,18083.4762,0
10721,206.98,18053.6517,18083.4762,0
10723,207.01,18053.6517,18083.4762,0
10725,207.01,18053.6517,18083.4762,0
10726,207.05,18053.6496,18083.4762,0
10727,207.06,18053.6496,18083.4762,0
10729,207.06,18053.6496,18083.4762,0
10730,207.10,18053.6496,18083.4762,0
10731,207.14,18053.6517,18083.4762,0
10732,207.17,18053.6517,18083.4762,0
10733,207.22,18053.6517,18083.4762,0
10734,207.26,18053.6517,18083.4762,0
10735,207.26,18053.6517,18083.4762,0
10736,207.30,18053.6517,18083.4762,0
10737,207.30,18053.6517,18083.4762,0
10738,207.34,18053.6496,18083.4762,0
10740,207.35,18053.6496,18083.4762,0
10741,207.38,18053.6496,18083.4762,0
10743,207.38,18053.6496,18083.4762,0
10744,207.38,18053.6496,18083.4762,0
10746,207.42,18053.6517,18083.4762,0
10748,207.46,18053.6517,18083.4762,0
10749,207.49,18053.6517,18083.4762,0
10750,207.50,18053.6517,18083.4762,0
10751,207.54,18053.6496,18083.4762,0
10752,207.58,18053.6496,18083.4762,0
10753,207.62,18053.6517,18083.4762,0
10754,207.65,18053.6517,18083.4762,0
10755,207.68,18053.6517,18083.4762,0
10756,207.69,18053.6517,18083.4762,0
10758,207.69,18053.6517,18083.4762,0
10759,207.69,18053.6517,18083.4762,0
10760,207.69,18053.6517,18083.4762,0
10761,207.69,18053.6517,18083.4762,0
10764,207.69,18053.6517,18083.4762,0
10765,207.69,18053.6517,18083.4762,0
10766,207.69,18053.6517,18083.4762,0
10767,207.69,18053.6517,18083.4762,0
10768,207.74,18053.6496,18083.4762,0
10769,207.77,18053.6496,18083.4762,0
10770,207.77,18053.6496,18083.4762,0
10771,207.80,18053.6496,18083.4762,0
10772,207.80,18053.6496,18083.4762,0
10773,207.84,18053.6517,18083.4762,0
10774,207.92,18053.6496,18083.4762,0
10775,207.95,18053.6496,18083.4762,0
10777,208.00,18053.6517,18083.4762,0
10779,208.08,18053.6496,18083.4762,0
10780,208.15,18053.6517,18083.4762,0
10781,208.25,18053.6496,18083.4762,0
10783,208.26,18053.6496,18083.4762,0
10785,208.26,18053.6496,18083.4762,0
10788,208.29,18053.6496,18083.4762,0
10789,208.29,18053.6496,18083.4762,0
10790,208.29,18053.6496,18083.4762,0
10793,208.29,18053.6496,18083.4762,0
10794,208.29,18053.6496,18083.4762,0
10795,208.29,18053.6496,18083.4762,0
10796,208.33,18053.6517,18083.4762,0
10797,208.37,18053.6517,18083.4762,0
10798,208.37,18053.6517,18083.4762,0
10799,208.37,18053.6517,18083.4762,0
10802,208.41,18053.6517,18083.4762,0
10806,208.41,18053.6517,18083.4762,0
10807,208.41,18053.6517,18083.4762,0
10809,208.41,18053.6517,18083.4762,0
10810,208.41,18053.6517,18083.4762,0
10811,208.41,18053.6517,18083.4762,0
10813,208.41,18053.6517,18083.4762,0
10815,208.41,18053.6517,18083.4762,0
10816,208.41,18053.6517,18083.4762,0
10819,208.45,18053.6496,18083.4762,0
10820,208.49,18053.6496,18083.4762,0
10821,208.49,18053.6496,18083.4762,0
10822,208.52,18053.6496,18083.4762,0
10823,208.52,18053.6496,18083.4762,0
10824,208.57,18053.6517,18083.4762,0
10826,208.60,18053.6517,18083.4762,0
10827,208.64,18053.6517,18083.4762,0
10828,208.64,18053.6517,18083.4762,0
10829,208.64,18053.6517,18083.4762,0
10831,208.64,18053.6517,18083.4762,0
10833,208.64,18053.6517,18083.4762,0
10834,208.69,18053.6496,18083.4762,0
10835,208.72,18053.6496,18083.4762,0
10836,208.73,18053.6496,18083.4762,0
10839,208.76,18053.6496,18083.4762,0
10840,208.76,18053.6496,18083.4762,0
10842,208.76,18053.6496,18083.4762,0
10843,208.76,18053.6496,18083.4762,0
10844,208.76,18053.6496,18083.4762,0
10845,208.76,18053.6496,18083.4762,0
10846,208.76,18053.6496,18083.4762,0
10847,208.76,18053.6496,18083.4762,0
10849,208.76,18053.6496,18083.4762,0
10851,208.80,18053.6517,18083.4762,0
10852,208.81,18053.6517,18083.4762,0
10853,208.88,18053.6496,18083.4762,0
10856,208.96,18053.6517,18083.4762,0
10857,209.00,18053.6517,18083.4762,0
10860,209.01,18053.6517,18083.4762,0
10861,209.01,18053.6517,18083.4762,0
10862,209.01,18053.6517,18083.4762,0
10863,209.01,18053.6517,18083.4762,0
10864,209.01,18053.6517,18083.4762,0
10865,209.04,18053.6517,18083.4762,0
10866,209.04,18053.6517,18083.4762,0
10867,209.04,18053.6517,18083.4762,0
10870,209.04,18053.6517,18083.4762,0
10872,209.08,18053.6496,18083.4762,0
10873,209.16,18053.6517,18083.4762,0
10874,209.19,18053.6517,18083.4762,0
10878,209.20,18053.6517,18083.4762,0
10879,209.20,18053.6517,18083.4762,0
10880,209.24,18053.6496,18083.4762,0
10881,209.32,18053.6517,18083.4762,0
10883,209.36,18053.6517,18083.4762,0
10884,209.36,18053.6517,18083.4762,0
10885,209.36,18053.6517,18083.4762,0
10886,209.36,18053.6517,18083.4762,0
10888,209.36,18053.6517,18083.4762,0
10889,209.39,18053.6517,18083.4762,0
10891,209.39,18053.6517,18083.4762,0
10892,209.44,18053.6496,18083.4762,0
10893,209.51,18053.6517,18083.4762,0
10894,209.59,18053.6496,18083.4762,0
10895,209.62,18053.6496,18083.4762,0
10896,209.70,18053.6517,18083.4762,0
10898,209.73,18053.6517,18083.4762,0
10899,209.74,18053.6517,18083.4762,0
10900,209.74,18053.6517,18083.4762,0
10902,209.78,18053.6496,18083.4762,0
10903,209.86,18053.6517,18083.4762,0
10904,209.86,18053.6517,18083.4762,0
10906,209.87,18053.6517,18083.4762,0
10908,209.90,18053.6517,18083.4762,0
10909,209.90,18053.6517,18083.4762,0
10910,209.90,18053.6517,18083.4762,0
10911,209.90,18053.6517,18083.4762,0
10912,209.93,18053.6517,18083.4762,0
10913,209.93,18053.6517,18083.4762,0
10914,209.93,18053.6517,18083.4762,0
10915,209.93,18053.6517,18083.4762,0
10916,209.93,18053.6517,18083.4762,0
10917,209.93,18053.6517,18083.4762,0
10918,209.98,18053.6496,18083.4762,0
10919,210.01,18053.6496,18083.4762,0
10920,210.04,18053.6496,18083.4762,0
10922,210.05,18053.6496,18083.4762,0
10923,210.09,18053.6517,18083.4762,0
10924,210.10,18053.6517,18083.4762,0
10926,210.13,18053.6517,18083.4762,0
10927,210.17,18053.6517,18083.4762,0
10928,210.21,18053.6496,18083.4762,0
10929,210.24,18053.6496,18083.4762,0
10930,210.28,18053.6496,18083.4762,0
10931,210.28,18053.6496,18083.4762,0
10932,210.28,18053.6496,18083.4762,0
10933,210.28,18053.6496,18083.4762,0
10934,210.32,18053.6517,18083.4762,0
10936,210.40,18053.6496,18083.4762,0
10937,210.41,18053.6496,18083.4762,0
10939,210.45,18053.6496,18083.4762,0
10940,210.45,18053.6496,18083.4762,0
10941,210.45,18053.6496,18083.4762,0
10944,210.45,18053.6496,18083.4762,0
10945,210.45,18053.6496,18083.4762,0
10946,210.45,18053.6496,18083.4762,0
10947,210.49,18053.6517,18083.4762,0
10948,210.52,18053.6517,18083.4762,0
10949,210.53,18053.6517,18083.4762,0
10950,210.53,18053.6517,18083.4762,0
10951,210.56,18053.6517,18083.4762,0
10953,210.56,18053.6517,18083.4762,0
10955,210.61,18053.6496,18083.4762,0
10956,210.64,18053.6496,18083.4762,0
10957,210.64,18053.6496,18083.4762,0
10959,210.69,18053.6496,18083.4762,0
10960,210.69,18053.6496,18083.4762,0
10961,210.73,18053.6517,18083.4762,0
10963,210.74,18053.6517,18083.4762,0
10964,210.74,18053.6517,18083.4762,0
10967,210.78,18053.6517,18083.4762,0
10968,210.78,18053.6517,18083.4762,0
10969,210.81,18053.6517,18083.4762,0
10970,210.81,18053.6517,18083.4762,0
10972,210.81,18053.6517,18083.4762,0
10974,210.81,18053.6517,18083.4762,0
10975,210.81,18053.6517,18083.4762,0
10976,210.81,18053.6517,18083.4762,0
10977,210.81,18053.6517,18083.4762,0
10978,210.81,18053.6517,18083.4762,0
10979,210.85,18053.6496,18083.4762,0
10980,210.89,18053.6496,18083.4762,0
10981,210.92,18053.6496,18083.4762,0
10982,210.92,18053.6496,18083.4762,0
10983,210.96,18053.6517,18083.4762,0
10984,210.99,18053.6517,18083.4762,0
10985,211.03,18053.6517,18083.4762,0
10986,211.03,18053.6517,18083.4762,0
10987,211.03,18053.6517,18083.4762,0
10988,211.03,18053.6517,18083.4762,0
10989,211.03,18053.6517,18083.4762,0
10993,211.04,18053.6517,18083.4762,0
10994,211.04,18053.6517,18083.4762,0
10996,211.08,18053.6496,18083.4762,0
10997,211.08,18053.6496,18083.4762,0
10998,211.12,18053.6496,18083.4762,0
10999,211.12,18053.6496,18083.4762,0
11000,211.15,18053.6496,18083.4762,0
11001,211.19,18053.6517,18083.4762,0
11002,211.23,18053.6517,18083.4762,0
11003,211.23,18053.6517,18083.4762,0
11004,211.30,18053.6496,18083.4762,0
11005,211.31,18053.6496,18083.4762,0
11006,211.31,18053.6496,18083.4762,0
11007,211.34,18053.6496,18083.4762,0
11008,211.37,18053.6496,18083.4762,0
11012,211.38,18053.6496,18083.4762,0
11013,211.42,18053.6517,18083.4762,0
11014,211.45,18053.6517,18083.4762,0
11015,211.45,18053.6517,18083.4762,0
11016,211.46,18053.6517,18083.4762,0
11017,211.46,18053.6517,18083.4762,0
11019,211.46,18053.6517,18083.4762,0
11020,211.50,18053.6496,18083.4762,0
11021,211.58,18053.6517,18083.4762,0
11022,211.62,18053.6517,18083.4762,0
11023,211.65,18053.6517,18083.4762,0
11024,211.65,18053.6517,18083.4762,0
11025,211.65,18053.6517,18083.4762,0
11026,211.65,18053.6517,18083.4762,0
11028,211.66,18053.6517,18083.4762,0
11029,211.66,18053.6517,18083.4762,0
11030,211.70,18053.6496,18083.4762,0
11031,211.73,18053.6496,18083.4762,0
11032,211.81,18053.6517,18083.4762,0
11033,211.82,18053.6517,18083.4762,0
11034,211.85,18053.6517,18083.4762,0
11036,211.85,18053.6517,18083.4762,0
11040,211.85,18053.6517,18083.4762,0
11041,211.85,18053.6517,18083.4762,0
11042,211.90,18053.6496,18083.4762,0
11043,211.93,18053.6496,18083.4762,0
11045,211.93,18053.6496,18083.4762,0
11047,211.94,18053.6496,18083.4762,0
11048,211.97,18053.6496,18083.4762,0
11050,211.97,18053.6496,18083.4762,0
11051,211.97,18053.6496,18083.4762,0
11053,211.97,18053.6496,18083.4762,0
11054,211.97,18053.6496,18083.4762,0
11055,211.97,18053.6496,18083.4762,0
11056,211.97,18053.6496,18083.4762,0
11058,211.97,18053.6496,18083.4762,0
11059,211.97,18053.6496,18083.4762,0
11060,212.01,18053.6517,18083.4762,0
11062,212.05,18053.6517,18083.4762,0
11068,212.09,18053.6496,18083.4762,0
11069,212.13,18053.6496,18083.4762,0
11071,212.14,18053.6496,18083.4762,0
11072,212.17,18053.6496,18083.4762,0
11073,212.21,18053.6517,18083.4762,0
11074,212.25,18053.6517,18083.4762,0
11075,212.25,18053.6517,18083.4762,0
11076,212.28,18053.6517,18083.4762,0
11077,212.29,18053.6517,18083.4762,0
11078,212.29,18053.6517,18083.4762,0
11079,212.29,18053.6517,18083.4762,0
11081,212.33,18053.6496,18083.4762,0
11082,212.41,18053.6517,18083.4762,0
11083,212.48,18053.6496,18083.4762,0
11084,212.52,18053.6496,18083.4762,0
11085,212.52,18053.6496,18083.4762,0
11086,212.52,18053.6496,18083.4762,0
11088,212.53,18053.6496,18083.4762,0
11089,212.60,18053.6517,18083.4762,0
11090,212.61,18053.6517,18083.4762,0
11093,212.65,18053.6517,18083.4762,0
11094,212.65,18053.6517,18083.4762,0
11096,212.68,18053.6517,18083.4762,0
11098,212.68,18053.6517,18083.4762,0
11099,212.68,18053.6517,18083.4762,0
11100,212.72,18053.6496,18083.4762,0
11101,212.76,18053.6496,18083.4762,0
11102,212.76,18053.6496,18083.4762,0
11103,212.76,18053.6496,18083.4762,0
11104,212.80,18053.6496,18083.4762,0
11105,212.80,18053.6496,18083.4762,0
11107,212.80,18053.6496,18083.4762,0
11108,212.80,18053.6496,18083.4762,0
11110,212.84,18053.6517,18083.4762,0
11111,212.85,18053.6517,18083.4762,0
11112,212.88,18053.6517,18083.4762,0
11113,212.88,18053.6517,18083.4762,0
11114,212.91,18053.6517,18083.4762,0
11115,212.91,18053.6517,18083.4762,0
11118,212.92,18053.6517,18083.4762,0
11119,212.92,18053.6517,18083.4762,0
11123,212.92,18053.6517,18083.4762,0
11124,212.92,18053.6517,18083.4762,0
11126,212.92,18053.6517,18083.4762,0
11127,212.96,18053.6496,18083.4762,0
11128,213.04,18053.6517,18083.4762,0
11129,213.07,18053.6517,18083.4762,0
11130,213.11,18053.6517,18083.4762,0
11131,213.11,18053.6517,18083.4762,0
11132,213.11,18053.6517,18083.4762,0
11133,213.15,18053.6496,18083.4762,0
11134,213.16,18053.6496,18083.4762,0
11136,213.20,18053.6496,18083.4762,0
11139,213.20,18053.6496,18083.4762,0
11140,213.20,18053.6496,18083.4762,0
11141,213.23,18053.6496,18083.4762,0
11143,213.23,18053.6496,18083.4762,0
11144,213.27,18053.6517,18083.4762,0
11145,213.28,18053.6517,18083.4762,0
11146,213.28,18053.6517,18083.4762,0
11147,213.35,18053.6496,18083.4762,0
11148,213.36,18053.6496,18083.4762,0
11149,213.39,18053.6496,18083.4762,0
11150,213.42,18053.6496,18083.4762,0
11151,213.42,18053.6496,18083.4762,0
11152,213.42,18053.6496,18083.4762,0
11153,213.42,18053.6496,18083.4762,0
11154,213.42,18053.6496,18083.4762,0
11155,213.47,18053.6517,18083.4762,0
11161,213.48,18053.6517,18083.4762,0
11162,213.48,18053.6517,18083.4762,0
11165,213.48,18053.6517,18083.4762,0
11166,213.48,18053.6517,18083.4762,0
11167,213.48,18053.6517,18083.4762,0
11168,213.51,18053.6517,18083.4762,0
11169,213.55,18053.6496,18083.4762,0
11170,213.56,18053.6496,18083.4762,0
11172,213.56,18053.6496,18083.4762,0
11173,213.64,18053.6517,18083.4762,0
11175,213.67,18053.6517,18083.4762,0
11177,213.67,18053.6517,18083.4762,0
11178,213.71,18053.6517,18083.4762,0
11181,213.71,18053.6517,18083.4762,0
11182,213.71,18053.6517,18083.4762,0
11183,213.71,18053.6517,18083.4762,0
11185,213.71,18053.6517,18083.4762,0
11186,213.71,18053.6517,18083.4762,0
11187,213.75,18053.6496,18083.4762,0
11188,213.79,18053.6496,18083.4762,0
11189,213.79,18053.6496,18083.4762,0
11191,213.80,18053.6496,18083.4762,0
11192,213.80,18053.6496,18083.4762,0
11193,213.80,18053.6496,18083.4762,0
11194,213.80,18053.6496,18083.4762,0
11196,213.84,18053.6517,18083.4762,0
11197,213.84,18053.6517,18083.4762,0
11199,213.88,18053.6517,18083.4762,0
11200,213.92,18053.6496,18083.4762,0
11201,213.96,18053.6496,18083.4762,0
11202,213.99,18053.6496,18083.4762,0
11203,214.00,18053.6496,18083.4762,0
11204,214.00,18053.6496,18083.4762,0
11205,214.00,18053.6496,18083.4762,0
11206,214.00,18053.6496,18083.4762,0
11207,214.00,18053.6496,18083.4762,0
11208,214.00,18053.6496,18083.4762,0
11211,214.04,18053.6517,18083.4762,0
11214,214.12,18053.6496,18083.4762,0
11218,214.16,18053.6496,18083.4762,0
11219,214.24,18053.6517,18083.4762,0
11222,214.27,18053.6517,18083.4762,0
11224,214.27,18053.6517,18083.4762,0
11225,214.28,18053.6517,18083.4762,0
11226,214.28,18053.6517,18083.4762,0
11227,214.28,18053.6517,18083.4762,0
11228,214.28,18053.6517,18083.4762,0
11229,214.28,18053.6517,18083.4762,0
11230,214.28,18053.6517,18083.4762,0
11231,214.28,18053.6517,18083.4762,0
11232,214.28,18053.6517,18083.4762,0
11233,214.32,18053.6496,18083.4762,0
11234,214.33,18053.6496,18083.4762,0
11236,214.36,18053.6496,18083.4762,0
11237,214.36,18053.6496,18083.4762,0
11238,214.44,18053.6517,18083.4762,0
11239,214.47,18053.6517,18083.4762,0
11242,214.54,18053.6496,18083.4762,0
11243,214.57,18053.6496,18083.4762,0
11244,214.65,18053.6517,18083.4762,0
11246,214.66,18053.6517,18083.4762,0
11247,214.69,18053.6517,18083.4762,0
11248,214.69,18053.6517,18083.4762,0
11249,214.73,18053.6517,18083.4762,0
11250,214.77,18053.6496,18083.4762,0
11251,214.80,18053.6496,18083.4762,0
11252,214.83,18053.6496,18083.4762,0
11254,214.84,18053.6496,18083.4762,0
11255,214.84,18053.6496,18083.4762,0
11256,214.89,18053.6517,18083.4762,0
11257,214.92,18053.6517,18083.4762,0
11259,214.93,18053.6517,18083.4762,0
11260,214.93,18053.6517,18083.4762,0
11261,214.93,18053.6517,18083.4762,0
11263,214.96,18053.6517,18083.4762,0
11264,214.96,18053.6517,18083.4762,0
11265,215.00,18053.6496,18083.4762,0
11267,215.01,18053.6496,18083.4762,0
11269,215.05,18053.6496,18083.4762,0
11270,215.05,18053.6496,18083.4762,0
11272,215.05,18053.6496,18083.4762,0
11273,215.05,18053.6496,18083.4762,0
11274,215.09,18053.6517,18083.4762,0
11275,215.12,18053.6517,18083.4762,0
11278,215.12,18053.6517,18083.4762,0
11279,215.16,18053.6517,18083.4762,0
11280,215.16,18053.6517,18083.4762,0
11281,215.16,18053.6517,18083.4762,0
11282,215.16,18053.6517,18083.4762,0
11284,215.21,18053.6496,18083.4762,0
11285,215.24,18053.6496,18083.4762,0
11286,215.27,18053.6496,18083.4762,0
11287,215.28,18053.6496,18083.4762,0
11288,215.28,18053.6496,18083.4762,0
11289,215.28,18053.6496,18083.4762,0
11290,215.28,18053.6496,18083.4762,0
11291,215.28,18053.6496,18083.4762,0
11292,215.28,18053.6496,18083.4762,0
11293,215.28,18053.6496,18083.4762,0
11294,215.28,18053.6496,18083.4762,0
11295,215.32,18053.6517,18083.4762,0
11296,215.33,18053.6517,18083.4762,0
11298,215.36,18053.6517,18083.4762,0
11299,215.40,18053.6517,18083.4762,0
11300,215.40,18053.6517,18083.4762,0
11301,215.45,18053.6517,18083.4762,0
11302,215.45,18053.6517,18083.4762,0
11303,215.45,18053.6517,18083.4762,0
11304,215.45,18053.6517,18083.4762,0
11305,215.45,18053.6517,18083.4762,0
11307,215.49,18053.6496,18083.4762,0
11308,215.53,18053.6496,18083.4762,0
11309,215.53,18053.6496,18083.4762,0
11311,215.54,18053.6496,18083.4762,0
11312,215.54,18053.6496,18083.4762,0
11314,215.54,18053.6496,18083.4762,0
11315,215.57,18053.6496,18083.4762,0
11316,215.57,18053.6496,18083.4762,0
11317,215.57,18053.6496,18083.4762,0
11318,215.57,18053.6496,18083.4762,0
11319,215.61,18053.6517,18083.4762,0
11320,215.62,18053.6517,18083.4762,0
11322,215.62,18053.6517,18083.4762,0
11323,215.70,18053.6496,18083.4762,0
11324,215.73,18053.6496,18083.4762,0
11325,215.73,18053.6496,18083.4762,0
11326,215.78,18053.6517,18083.4762,0
11328,215.78,18053.6517,18083.4762,0
11329,215.82,18053.6517,18083.4762,0
11332,215.85,18053.6517,18083.4762,0
11335,215.85,18053.6517,18083.4762,0
11336,215.85,18053.6517,18083.4762,0
11337,215.85,18053.6517,18083.4762,0
11338,215.85,18053.6517,18083.4762,0
11339,215.85,18053.6517,18083.4762,0
11341,215.85,18053.6517,18083.4762,0
11342,215.85,18053.6517,18083.4762,0
11344,215.89,18053.6496,18083.4762,0
11345,215.97,18053.6517,18083.4762,0
11346,215.97,18053.6517,18083.4762,0
11348,215.98,18053.6517,18083.4762,0
11349,216.01,18053.6517,18083.4762,0
11351,216.04,18053.6517,18083.4762,0
11352,216.04,18053.6517,18083.4762,0
11353,216.04,18053.6517,18083.4762,0
11354,216.04,18053.6517,18083.4762,0
11355,216.04,18053.6517,18083.4762,0
11357,216.04,18053.6517,18083.4762,0
11358,216.04,18053.6517,18083.4762,0
11359,216.04,18053.6517,18083.4762,0
11360,216.09,18053.6496,18083.4762,0
11361,216.09,18053.6496,18083.4762,0
11362,216.17,18053.6517,18083.4762,0
11363,216.24,18053.6496,18083.4762,0
11364,216.25,18053.6496,18083.4762,0
11366,216.29,18053.6496,18083.4762,0
11368,216.33,18053.6517,18083.4762,0
11370,216.37,18053.6517,18083.4762,0
11373,216.37,18053.6517,18083.4762,0
11374,216.37,18053.6517,18083.4762,0
11376,216.37,18053.6517,18083.4762,0
11377,216.37,18053.6517,18083.4762,0
11378,216.40,18053.6517,18083.4762,0
11379,216.40,18053.6517,18083.4762,0
11381,216.40,18053.6517,18083.4762,0
11383,216.45,18053.6496,18083.4762,0
11384,216.52,18053.6517,18083.4762,0
11386,216.53,18053.6517,18083.4762,0
11387,216.61,18053.6496,18083.4762,0
11388,216.68,18053.6517,18083.4762,0
11390,216.69,18053.6517,18083.4762,0
11391,216.73,18053.6517,18083.4762,0
11392,216.77,18053.6496,18083.4762,0
11393,216.78,18053.6496,18083.4762,0
11394,216.81,18053.6496,18083.4762,0
11395,216.81,18053.6496,18083.4762,0
11396,216.88,18053.6517,18083.4762,0
11397,216.89,18053.6517,18083.4762,0
11399,216.89,18053.6517,18083.4762,0
11401,216.92,18053.6517,18083.4762,0
11403,216.96,18053.6517,18083.4762,0
11406,216.96,18053.6517,18083.4762,0
11407,216.96,18053.6517,18083.4762,0
11408,216.96,18053.6517,18083.4762,0
11409,216.96,18053.6517,18083.4762,0
11411,216.96,18053.6517,18083.4762,0
11412,216.96,18053.6517,18083.4762,0
11413,217.00,18053.6496,18083.4762,0
11414,217.03,18053.6496,18083.4762,0
11415,217.07,18053.6496,18083.4762,0
11417,217.11,18053.6517,18083.4762,0
11418,217.15,18053.6517,18083.4762,0
11419,217.23,18053.6496,18083.4762,0
11421,217.23,18053.6496,18083.4762,0
11422,217.23,18053.6496,18083.4762,0
11423,217.23,18053.6496,18083.4762,0
11425,217.27,18053.6496,18083.4762,0
11426,217.27,18053.6496,18083.4762,0
11428,217.27,18053.6496,18083.4762,0
11429,217.27,18053.6496,18083.4762,0
11431,217.30,18053.6496,18083.4762,0
11432,217.30,18053.6496,18083.4762,0
11434,217.34,18053.6517,18083.4762,0
11435,217.35,18053.6517,18083.4762,0
11437,217.35,18053.6517,18083.4762,0
11438,217.43,18053.6496,18083.4762,0
11439,217.46,18053.6496,18083.4762,0
11440,217.47,18053.6496,18083.4762,0
11443,217.47,18053.6496,18083.4762,0
11444,217.47,18053.6496,18083.4762,0
11445,217.47,18053.6496,18083.4762,0
11446,217.47,18053.6496,18083.4762,0
11448,217.51,18053.6496,18083.4762,0
11450,217.55,18053.6517,18083.4762,0
11451,217.58,18053.6517,18083.4762,0
11453,217.59,18053.6517,18083.4762,0
11454,217.59,18053.6517,18083.4762,0
11455,217.59,18053.6517,18083.4762,0
11458,217.59,18053.6517,18083.4762,0
11460,217.62,18053.6517,18083.4762,0
11461,217.67,18053.6496,18083.4762,0
11462,217.74,18053.6517,18083.4762,0
11466,217.75,18053.6517,18083.4762,0
11467,217.78,18053.6517,18083.4762,0
11469,217.78,18053.6517,18083.4762,0
11470,217.82,18053.6517,18083.4762,0
11472,217.82,18053.6517,18083.4762,0
11473,217.82,18053.6517,18083.4762,0
11476,217.82,18053.6517,18083.4762,0
11477,217.82,18053.6517,18083.4762,0
11478,217.82,18053.6517,18083.4762,0
11479,217.82,18053.6517,18083.4762,0
11480,217.82,18053.6517,18083.4762,0
11481,217.86,18053.6496,18083.4762,0
11482,217.89,18053.6496,18083.4762,0
11483,217.90,18053.6496,18083.4762,0
11484,217.90,18053.6496,18083.4762,0
11485,217.90,18053.6496,18083.4762,0
11487,217.90,18053.6496,18083.4762,0
11488,217.94,18053.6496,18083.4762,0
11489,217.94,18053.6496,18083.4762,0
11490,217.94,18053.6496,18083.4762,0
11491,217.94,18053.6496,18083.4762,0
11492,217.98,18053.6517,18083.4762,0
11496,218.02,18053.6517,18083.4762,0
11497,218.05,18053.6517,18083.4762,0
11498,218.05,18053.6517,18083.4762,0
11499,218.05,18053.6517,18083.4762,0
11500,218.05,18053.6517,18083.4762,0
11501,218.05,18053.6517,18083.4762,0
11505,218.10,18053.6496,18083.4762,0
11506,218.17,18053.6517,18083.4762,0
11507,218.21,18053.6517,18083.4762,0
11508,218.21,18053.6517,18083.4762,0
11509,218.21,18053.6517,18083.4762,0
11511,218.25,18053.6517,18083.4762,0
11513,218.25,18053.6517,18083.4762,0
11514,218.25,18053.6517,18083.4762,0
11515,218.25,18053.6517,18083.4762,0
11516,218.25,18053.6517,18083.4762,0
11517,218.29,18053.6496,18083.4762,0
11518,218.32,18053.6496,18083.4762,0
11520,218.36,18053.6496,18083.4762,0
11521,218.36,18053.6496,18083.4762,0
11522,218.37,18053.6496,18083.4762,0
11523,218.41,18053.6517,18083.4762,0
11525,218.42,18053.6517,18083.4762,0
11526,218.45,18053.6517,18083.4762,0
11527,218.48,18053.6517,18083.4762,0
11528,218.48,18053.6517,18083.4762,0
11529,218.48,18053.6517,18083.4762,0
11530,218.48,18053.6517,18083.4762,0
11531,218.48,18053.6517,18083.4762,0
11533,218.48,18053.6517,18083.4762,0
11534,218.53,18053.6496,18083.4762,0
11535,218.56,18053.6496,18083.4762,0
11536,218.59,18053.6496,18083.4762,0
11537,218.64,18053.6517,18083.4762,0
11538,218.67,18053.6517,18083.4762,0
11540,218.68,18053.6517,18083.4762,0
11541,218.68,18053.6517,18083.4762,0
11542,218.71,18053.6517,18083.4762,0
11543,218.71,18053.6517,18083.4762,0
11545,218.71,18053.6517,18083.4762,0
11546,218.71,18053.6517,18083.4762,0
11547,218.71,18053.6517,18083.4762,0
11548,218.71,18053.6517,18083.4762,0
11549,218.71,18053.6517,18083.4762,0
11550,218.71,18053.6517,18083.4762,0
11551,218.71,18053.6517,18083.4762,0
11552,218.71,18053.6517,18083.4762,0
11553,218.75,18053.6496,18083.4762,0
11555,218.79,18053.6496,18083.4762,0
11556,218.80,18053.6496,18083.4762,0
11557,218.80,18053.6496,18083.4762,0
11558,218.80,18053.6496,18083.4762,0
11559,218.87,18053.6517,18083.4762,0
11561,218.88,18053.6517,18083.4762,0
11562,218.91,18053.6517,18083.4762,0
11563,218.91,18053.6517,18083.4762,0
11564,218.95,18053.6517,18083.4762,0
11565,218.95,18053.6517,18083.4762,0
11566,218.95,18053.6517,18083.4762,0
11567,218.95,18053.6517,18083.4762,0
11568,218.95,18053.6517,18083.4762,0
11569,218.95,18053.6517,18083.4762,0
11570,218.95,18053.6517,18083.4762,0
11571,218.99,18053.6496,18083.4762,0
11573,219.02,18053.6496,18083.4762,0
11576,219.06,18053.6496,18083.4762,0
11577,219.06,18053.6496,18083.4762,0
11579,219.06,18053.6496,18083.4762,0
11580,219.10,18053.6517,18083.4762,0
11582,219.11,18053.6517,18083.4762,0
11583,219.11,18053.6517,18083.4762,0
11586,219.11,18053.6517,18083.4762,0
11587,219.11,18053.6517,18083.4762,0
11588,219.18,18053.6496,18083.4762,0
11589,219.26,18053.6517,18083.4762,0
11590,219.29,18053.6517,18083.4762,0
11592,219.34,18053.6496,18083.4762,0
11593,219.35,18053.6496,18083.4762,0
11594,219.35,18053.6496,18083.4762,0
11595,219.38,18053.6496,18083.4762,0
11596,219.38,18053.6496,18083.4762,0
11598,219.38,18053.6496,18083.4762,0
11599,219.38,18053.6496,18083.4762,0
11600,219.38,18053.6496,18083.4762,0
11601,219.38,18053.6496,18083.4762,0
11603,219.38,18053.6496,18083.4762,0
11604,219.46,18053.6517,18083.4762,0
11605,219.46,18053.6517,18083.4762,0
11607,219.50,18053.6517,18083.4762,0
11608,219.58,18053.6496,18083.4762,0
11609,219.65,18053.6517,18083.4762,0
11610,219.69,18053.6517,18083.4762,0
11611,219.69,18053.6517,18083.4762,0
11612,219.69,18053.6517,18083.4762,0
11613,219.69,18053.6517,18083.4762,0
11614,219.74,18053.6496,18083.4762,0
11615,219.74,18053.6496,18083.4762,0
11616,219.74,18053.6496,18083.4762,0
11617,219.77,18053.6496,18083.4762,0
11618,219.85,18053.6517,18083.4762,0
11620,219.93,18053.6496,18083.4762,0
11621,219.97,18053.6496,18083.4762,0
11623,219.97,18053.6496,18083.4762,0
11625,220.00,18053.6496,18083.4762,0
11627,220.00,18053.6496,18083.4762,0
11628,220.00,18053.6496,18083.4762,0
11629,220.01,18053.6496,18083.4762,0
11630,220.01,18053.6496,18083.4762,0
11631,220.01,18053.6496,18083.4762,0
11632,220.07,18053.6517,18083.4762,0
11635,220.15,18053.6496,18083.4762,0
11636,220.19,18053.6496,18083.4762,0
11637,220.19,18053.6496,18083.4762,0
11638,220.23,18053.6517,18083.4762,0
11639,220.27,18053.6517,18083.4762,0
11640,220.27,18053.6517,18083.4762,0
11641,220.30,18053.6517,18083.4762,0
11643,220.31,18053.6517,18083.4762,0
11644,220.35,18053.6496,18083.4762,0
11645,220.38,18053.6496,18083.4762,0
11646,220.42,18053.6496,18083.4762,0
11647,220.42,18053.6496,18083.4762,0
11648,220.46,18053.6517,18083.4762,0
11650,220.47,18053.6517,18083.4762,0
11654,220.47,18053.6517,18083.4762,0
11655,220.47,18053.6517,18083.4762,0
11656,220.51,18053.6517,18083.4762,0
11657,220.55,18053.6496,18083.4762,0
11659,220.63,18053.6517,18083.4762,0
11660,220.66,18053.6517,18083.4762,0
11661,220.66,18053.6517,18083.4762,0
11662,220.67,18053.6517,18083.4762,0
11663,220.70,18053.6517,18083.4762,0
11664,220.74,18053.6496,18083.4762,0
11665,220.78,18053.6496,18083.4762,0
11666,220.78,18053.6496,18083.4762,0
11667,220.81,18053.6496,18083.4762,0
11668,220.86,18053.6517,18083.4762,0
11670,220.89,18053.6517,18083.4762,0
11671,220.93,18053.6517,18083.4762,0
11672,220.93,18053.6517,18083.4762,0
11673,220.93,18053.6517,18083.4762,0
11674,220.93,18053.6517,18083.4762,0
11678,220.93,18053.6517,18083.4762,0
11679,220.93,18053.6517,18083.4762,0
11681,220.93,18053.6517,18083.4762,0
11682,220.93,18053.6517,18083.4762,0
11683,220.93,18053.6517,18083.4762,0
11685,220.98,18053.6496,18083.4762,0
11686,220.98,18053.6496,18083.4762,0
11687,220.98,18053.6496,18083.4762,0
11689,220.98,18053.6496,18083.4762,0
11690,221.02,18053.6496,18083.4762,0
11691,221.02,18053.6496,18083.4762,0
11692,221.02,18053.6496,18083.4762,0
11693,221.02,18053.6496,18083.4762,0
11694,221.06,18053.6517,18083.4762,0
11695,221.09,18053.6517,18083.4762,0
11697,221.10,18053.6517,18083.4762,0
11698,221.10,18053.6517,18083.4762,0
11700,221.10,18053.6517,18083.4762,0
11702,221.14,18053.6517,18083.4762,0
11703,221.14,18053.6517,18083.4762,0
11707,221.14,18053.6517,18083.4762,0
11709,221.14,18053.6517,18083.4762,0
11710,221.14,18053.6517,18083.4762,0
11711,221.18,18053.6496,18083.4762,0
11712,221.25,18053.6517,18083.4762,0
11713,221.33,18053.6496,18083.4762,0
11714,221.36,18053.6496,18083.4762,0
11715,221.40,18053.6496,18083.4762,0
11716,221.40,18053.6496,18083.4762,0
11717,221.44,18053.6517,18083.4762,0
11718,221.51,18053.6496,18083.4762,0
11719,221.55,18053.6496,18083.4762,0
11720,221.55,18053.6496,18083.4762,0
11721,221.55,18053.6496,18083.4762,0
11722,221.59,18053.6517,18083.4762,0
11723,221.63,18053.6517,18083.4762,0
11725,221.67,18053.6517,18083.4762,0
11726,221.67,18053.6517,18083.4762,0
11727,221.71,18053.6496,18083.4762,0
11728,221.75,18053.6496,18083.4762,0
11729,221.75,18053.6496,18083.4762,0
11730,221.79,18053.6517,18083.4762,0
11731,221.86,18053.6496,18083.4762,0
11732,221.90,18053.6496,18083.4762,0
11734,221.93,18053.6496,18083.4762,0
11735,221.94,18053.6496,18083.4762,0
11736,221.94,18053.6496,18083.4762,0
11737,221.98,18053.6517,18083.4762,0
11740,221.99,18053.6517,18083.4762,0
11741,222.02,18053.6517,18083.4762,0
11742,222.06,18053.6517,18083.4762,0
11743,222.06,18053.6517,18083.4762,0
11744,222.06,18053.6517,18083.4762,0
11746,222.06,18053.6517,18083.4762,0
11747,222.06,18053.6517,18083.4762,0
11748,222.06,18053.6517,18083.4762,0
11749,222.06,18053.6517,18083.4762,0
11751,222.06,18053.6517,18083.4762,0
11752,222.06,18053.6517,18083.4762,0
11753,222.10,18053.6496,18083.4762,0
11756,222.14,18053.6496,18083.4762,0
11757,222.14,18053.6496,18083.4762,0
11758,222.14,18053.6496,18083.4762,0
11759,222.14,18053.6496,18083.4762,0
11760,222.22,18053.6517,18083.4762,0
11761,222.25,18053.6517,18083.4762,0
11763,222.25,18053.6517,18083.4762,0
11764,222.29,18053.6517,18083.4762,0
11765,222.29,18053.6517,18083.4762,0
11766,222.34,18053.6496,18083.4762,0
11768,222.34,18053.6496,18083.4762,0
11769,222.42,18053.6517,18083.4762,0
11770,222.50,18053.6496,18083.4762,0
11771,222.50,18053.6496,18083.4762,0
11773,222.51,18053.6496,18083.4762,0
11775,222.54,18053.6496,18083.4762,0
11776,222.57,18053.6496,18083.4762,0
11777,222.57,18053.6496,18083.4762,0
11778,222.57,18053.6496,18083.4762,0
11782,222.57,18053.6496,18083.4762,0
11784,222.57,18053.6496,18083.4762,0
11785,222.57,18053.6496,18083.4762,0
11786,222.61,18053.6517,18083.4762,0
11788,222.65,18053.6517,18083.4762,0
11792,222.65,18053.6517,18083.4762,0
11793,222.65,18053.6517,18083.4762,0
11795,222.69,18053.6517,18083.4762,0
11796,222.69,18053.6517,18083.4762,0
11797,222.69,18053.6517,18083.4762,0
11798,222.69,18053.6517,18083.4762,0
11800,222.73,18053.6496,18083.4762,0
11801,222.81,18053.6517,18083.4762,0
11802,222.81,18053.6517,18083.4762,0
11803,222.85,18053.6517,18083.4762,0
11804,222.85,18053.6517,18083.4762,0
11805,222.85,18053.6517,18083.4762,0
11806,222.85,18053.6517,18083.4762,0
11808,222.85,18053.6517,18083.4762,0
11809,222.85,18053.6517,18083.4762,0
11811,222.89,18053.6496,18083.4762,0
11812,222.93,18053.6496,18083.4762,0
11813,222.93,18053.6496,18083.4762,0
11815,222.97,18053.6496,18083.4762,0
11816,222.97,18053.6496,18083.4762,0
11817,222.97,18053.6496,18083.4762,0
11818,223.01,18053.6517,18083.4762,0
11820,223.05,18053.6517,18083.4762,0
11821,223.08,18053.6517,18083.4762,0
11822,223.08,18053.6517,18083.4762,0
11824,223.09,18053.6517,18083.4762,0
11826,223.09,18053.6517,18083.4762,0
11827,223.09,18053.6517,18083.4762,0
11829,223.09,18053.6517,18083.4762,0
11830,223.13,18053.6496,18083.4762,0
11832,223.17,18053.6496,18083.4762,0
11833,223.20,18053.6496,18083.4762,0
11834,223.20,18053.6496,18083.4762,0
11835,223.25,18053.6517,18083.4762,0
11836,223.28,18053.6517,18083.4762,0
11838,223.32,18053.6517,18083.4762,0
11839,223.32,18053.6517,18083.4762,0
11840,223.32,18053.6517,18083.4762,0
11841,223.32,18053.6517,18083.4762,0
11843,223.32,18053.6517,18083.4762,0
11845,223.32,18053.6517,18083.4762,0
11846,223.32,18053.6517,18083.4762,0
11847,223.32,18053.6517,18083.4762,0
11848,223.36,18053.6496,18083.4762,0
11852,223.40,18053.6496,18083.4762,0
11853,223.40,18053.6496,18083.4762,0
11854,223.48,18053.6517,18083.4762,0
11855,223.51,18053.6517,18083.4762,0
11856,223.59,18053.6496,18083.4762,0
11857,223.59,18053.6496,18083.4762,0
11858,223.59,18053.6496,18083.4762,0
11859,223.59,18053.6496,18083.4762,0
11860,223.67,18053.6517,18083.4762,0
11861,223.70,18053.6517,18083.4762,0
11862,223.78,18053.6496,18083.4762,0
11863,223.85,18053.6517,18083.4762,0
11864,223.89,18053.6517,18083.4762,0
11865,223.92,18053.6517,18083.4762,0
11868,223.92,18053.6517,18083.4762,0
11869,223.92,18053.6517,18083.4762,0
11870,223.92,18053.6517,18083.4762,0
11871,223.93,18053.6517,18083.4762,0
11872,223.93,18053.6517,18083.4762,0
11873,223.97,18053.6496,18083.4762,0
11874,224.05,18053.6517,18083.4762,0
11875,224.12,18053.6496,18083.4762,0
11876,224.20,18053.6517,18083.4762,0
11877,224.23,18053.6517,18083.4762,0
11878,224.23,18053.6517,18083.4762,0
11879,224.24,18053.6517,18083.4762,0
11880,224.31,18053.6496,18083.4762,0
11881,224.39,18053.6517,18083.4762,0
11882,224.40,18053.6517,18083.4762,0
11883,224.40,18053.6517,18083.4762,0
11884,224.43,18053.6517,18083.4762,0
11885,224.46,18053.6517,18083.4762,0
11886,224.46,18053.6517,18083.4762,0
11888,224.47,18053.6517,18083.4762,0
11889,224.47,18053.6517,18083.4762,0
11890,224.51,18053.6496,18083.4762,0
11892,224.55,18053.6496,18083.4762,0
11893,224.59,18053.6517,18083.4762,0
11894,224.62,18053.6517,18083.4762,0
11896,224.66,18053.6517,18083.4762,0
11897,224.70,18053.6496,18083.4762,0
11899,224.71,18053.6496,18083.4762,0
11900,224.71,18053.6496,18083.4762,0
11901,224.74,18053.6496,18083.4762,0
11902,224.74,18053.6496,18083.4762,0
11904,224.74,18053.6496,18083.4762,0
11907,224.78,18053.6496,18083.4762,0
11908,224.84,18053.6517,18083.4762,0
11909,224.84,18053.6517,18083.4762,0
11910,224.88,18053.6517,18083.4762,0
11911,224.88,18053.6517,18083.4762,0
11912,224.95,18053.6496,18083.4762,0
11913,224.99,18053.6496,18083.4762,0
11914,225.03,18053.6517,18083.4762,0
11915,225.06,18053.6517,18083.4762,0
11916,225.07,18053.6517,18083.4762,0
11917,225.07,18053.6517,18083.4762,0
11918,225.07,18053.6517,18083.4762,0
11919,225.15,18053.6496,18083.4762,0
11920,225.15,18053.6496,18083.4762,0
11921,225.19,18053.6496,18083.4762,0
11923,225.19,18053.6496,18083.4762,0
11924,225.23,18053.6517,18083.4762,0
11925,225.24,18053.6517,18083.4762,0
11926,225.27,18053.6517,18083.4762,0
11927,225.27,18053.6517,18083.4762,0
11928,225.27,18053.6517,18083.4762,0
11929,225.27,18053.6517,18083.4762,0
11930,225.30,18053.6517,18083.4762,0
11931,225.30,18053.6517,18083.4762,0
11933,225.35,18053.6496,18083.4762,0
11935,225.39,18053.6496,18083.4762,0
11936,225.39,18053.6496,18083.4762,0
11937,225.39,18053.6496,18083.4762,0
11938,225.39,18053.6496,18083.4762,0
11941,225.43,18053.6496,18083.4762,0
11942,225.47,18053.6517,18083.4762,0
11944,225.48,18053.6517,18083.4762,0
11946,225.48,18053.6517,18083.4762,0
11947,225.48,18053.6517,18083.4762,0
11948,225.51,18053.6517,18083.4762,0
11949,225.51,18053.6517,18083.4762,0
11950,225.51,18053.6517,18083.4762,0
11951,225.51,18053.6517,18083.4762,0
11952,225.56,18053.6496,18083.4762,0
11953,225.59,18053.6496,18083.4762,0
11954,225.60,18053.6496,18083.4762,0
11956,225.63,18053.6496,18083.4762,0
11957,225.63,18053.6496,18083.4762,0
11958,225.63,18053.6496,18083.4762,0
11960,225.63,18053.6496,18083.4762,0
11961,225.63,18053.6496,18083.4762,0
11962,225.63,18053.6496,18083.4762,0
11963,225.67,18053.6517,18083.4762,0
11964,225.71,18053.6517,18083.4762,0
11965,225.71,18053.6517,18083.4762,0
11967,225.72,18053.6517,18083.4762,0
11969,225.75,18053.6517,18083.4762,0
11970,225.79,18053.6496,18083.4762,0
11971,225.87,18053.6517,18083.4762,0
11972,225.90,18053.6517,18083.4762,0
11973,225.91,18053.6517,18083.4762,0
11974,225.95,18053.6496,18083.4762,0
11975,226.03,18053.6517,18083.4762,0
11976,226.06,18053.6517,18083.4762,0
11977,226.06,18053.6517,18083.4762,0
11978,226.14,18053.6496,18083.4762,0
11979,226.17,18053.6496,18083.4762,0
11982,226.25,18053.6517,18083.4762,0
11983,226.25,18053.6517,18083.4762,0
11984,226.29,18053.6517,18083.4762,0
11985,226.36,18053.6496,18083.4762,0
11986,226.40,18053.6496,18083.4762,0
11988,226.41,18053.6496,18083.4762,0
11989,226.41,18053.6496,18083.4762,0
11990,226.41,18053.6496,18083.4762,0
11992,226.44,18053.6496,18083.4762,0
11994,226.44,18053.6496,18083.4762,0
11995,226.48,18053.6517,18083.4762,0
11996,226.52,18053.6517,18083.4762,0
11997,226.55,18053.6517,18083.4762,0
12000,226.55,18053.6517,18083.4762,0
12001,226.55,18053.6517,18083.4762,0
12002,226.55,18053.6517,18083.4762,0
12005,226.60,18053.6496,18083.4762,0
12006,226.63,18053.6496,18083.4762,0
12007,226.63,18053.6496,18083.4762,0
12008,226.63,18053.6496,18083.4762,0
12009,226.66,18053.6496,18083.4762,0
12011,226.67,18053.6496,18083.4762,0
12012,226.67,18053.6496,18083.4762,0
12013,226.71,18053.6517,18083.4762,0
12014,226.74,18053.6517,18083.4762,0
12015,226.74,18053.6517,18083.4762,0
12017,226.75,18053.6517,18083.4762,0
12018,226.75,18053.6517,18083.4762,0
12020,226.75,18053.6517,18083.4762,0
12021,226.75,18053.6517,18083.4762,0
12022,226.79,18053.6496,18083.4762,0
12023,226.83,18053.6496,18083.4762,0
12024,226.86,18053.6496,18083.4762,0
12026,226.87,18053.6496,18083.4762,0
12027,226.91,18053.6517,18083.4762,0
12028,226.92,18053.6517,18083.4762,0
12029,226.92,18053.6517,18083.4762,0
12030,226.95,18053.6517,18083.4762,0
12032,226.95,18053.6517,18083.4762,0
12035,227.00,18053.6496,18083.4762,0
12036,227.03,18053.6496,18083.4762,0
12037,227.04,18053.6496,18083.4762,0
12038,227.04,18053.6496,18083.4762,0
12040,227.04,18053.6496,18083.4762,0
12041,227.04,18053.6496,18083.4762,0
12042,227.12,18053.6517,18083.4762,0
12043,227.15,18053.6517,18083.4762,0
12044,227.19,18053.6496,18083.4762,0
12045,227.20,18053.6496,18083.4762,0
12046,227.27,18053.6517,18083.4762,0
12047,227.31,18053.6517,18083.4762,0
12049,227.31,18053.6517,18083.4762,0
12051,227.35,18053.6517,18083.4762,0
12052,227.35,18053.6517,18083.4762,0
12053,227.35,18053.6517,18083.4762,0
12054,227.35,18053.6517,18083.4762,0
12055,227.35,18053.6517,18083.4762,0
12057,227.35,18053.6517,18083.4762,0
12058,227.35,18053.6517,18083.4762,0
12059,227.35,18053.6517,18083.4762,0
12062,227.35,18053.6517,18083.4762,0
12063,227.35,18053.6517,18083.4762,0
12064,227.35,18053.6517,18083.4762,0
12065,227.35,18053.6517,18083.4762,0
12066,227.39,18053.6496,18083.4762,0
12068,227.40,18053.6496,18083.4762,0
12069,227.43,18053.6496,18083.4762,0
12070,227.43,18053.6496,18083.4762,0
12071,227.47,18053.6517,18083.4762,0
12072,227.51,18053.6517,18083.4762,0
12073,227.51,18053.6517,18083.4762,0
12074,227.55,18053.6517,18083.4762,0
12075,227.55,18053.6517,18083.4762,0
12076,227.59,18053.6496,18083.4762,0
12078,227.63,18053.6496,18083.4762,0
12079,227.70,18053.6517,18083.4762,0
12082,227.74,18053.6517,18083.4762,0
12084,227.74,18053.6517,18083.4762,0
12086,227.74,18053.6517,18083.4762,0
12087,227.74,18053.6517,18083.4762,0
12088,227.78,18053.6517,18083.4762,0
12089,227.78,18053.6517,18083.4762,0
12090,227.78,18053.6517,18083.4762,0
12091,227.78,18053.6517,18083.4762,0
12092,227.78,18053.6517,18083.4762,0
12093,227.78,18053.6517,18083.4762,0
12094,227.78,18053.6517,18083.4762,0
12097,227.82,18053.6496,18083.4762,0
12098,227.89,18053.6517,18083.4762,0
12099,227.97,18053.6496,18083.4762,0
12100,228.00,18053.6496,18083.4762,0
12101,228.00,18053.6496,18083.4762,0
12104,228.08,18053.6517,18083.4762,0
12105,228.09,18053.6517,18083.4762,0
12106,228.16,18053.6496,18083.4762,0
12107,228.17,18053.6496,18083.4762,0
12108,228.20,18053.6496,18083.4762,0
12109,228.20,18053.6496,18083.4762,0
12110,228.20,18053.6496,18083.4762,0
12112,228.25,18053.6517,18083.4762,0
12113,228.33,18053.6496,18083.4762,0
12114,228.36,18053.6496,18083.4762,0
12119,228.37,18053.6496,18083.4762,0
12120,228.37,18053.6496,18083.4762,0
12121,228.37,18053.6496,18083.4762,0
12122,228.37,18053.6496,18083.4762,0
12125,228.37,18053.6496,18083.4762,0
12126,228.37,18053.6496,18083.4762,0
12128,228.37,18053.6496,18083.4762,0
12129,228.37,18053.6496,18083.4762,0
12130,228.37,18053.6496,18083.4762,0
12131,228.41,18053.6517,18083.4762,0
12134,228.42,18053.6517,18083.4762,0
12135,228.45,18053.6517,18083.4762,0
12138,228.45,18053.6517,18083.4762,0
12139,228.54,18053.6517,18083.4762,0
12141,228.54,18053.6517,18083.4762,0
12143,228.54,18053.6517,18083.4762,0
12144,228.54,18053.6517,18083.4762,0
12145,228.58,18053.6496,18083.4762,0
12146,228.61,18053.6496,18083.4762,0
12148,228.62,18053.6496,18083.4762,0
12151,228.66,18053.6517,18083.4762,0
12152,228.69,18053.6517,18083.4762,0
12153,228.73,18053.6517,18083.4762,0
12154,228.73,18053.6517,18083.4762,0
12155,228.73,18053.6517,18083.4762,0
12156,228.73,18053.6517,18083.4762,0
12157,228.73,18053.6517,18083.4762,0
12158,228.73,18053.6517,18083.4762,0
12159,228.77,18053.6496,18083.4762,0
12160,228.78,18053.6496,18083.4762,0
12161,228.81,18053.6496,18083.4762,0
12162,228.81,18053.6496,18083.4762,0
12164,228.82,18053.6496,18083.4762,0
12165,228.85,18053.6496,18083.4762,0
12166,228.85,18053.6496,18083.4762,0
12168,228.89,18053.6517,18083.4762,0
12169,228.93,18053.6517,18083.4762,0
12170,228.96,18053.6517,18083.4762,0
12171,228.96,18053.6517,18083.4762,0
12173,229.00,18053.6496,18083.4762,0
12175,229.10,18053.6517,18083.4762,0
12176,229.14,18053.6517,18083.4762,0
12177,229.18,18053.6496,18083.4762,0
12180,229.22,18053.6496,18083.4762,0
12183,229.26,18053.6517,18083.4762,0
12186,229.30,18053.6517,18083.4762,0
12187,229.33,18053.6517,18083.4762,0
12188,229.33,18053.6517,18083.4762,0
12189,229.34,18053.6517,18083.4762,0
12190,229.34,18053.6517,18083.4762,0
12191,229.34,18053.6517,18083.4762,0
12192,229.34,18053.6517,18083.4762,0
12194,229.34,18053.6517,18083.4762,0
12195,229.34,18053.6517,18083.4762,0
12196,229.38,18053.6496,18083.4762,0
12197,229.41,18053.6496,18083.4762,0
12199,229.49,18053.6517,18083.4762,0
12202,229.53,18053.6517,18083.4762,0
12203,229.54,18053.6517,18083.4762,0
12204,229.54,18053.6517,18083.4762,0
12206,229.61,18053.6496,18083.4762,0
12207,229.65,18053.6496,18083.4762,0
12208,229.65,18053.6496,18083.4762,0
12210,229.69,18053.6517,18083.4762,0
12212,229.78,18053.6496,18083.4762,0
12213,229.78,18053.6496,18083.4762,0
12214,229.78,18053.6496,18083.4762,0
12215,229.78,18053.6496,18083.4762,0
12217,229.78,18053.6496,18083.4762,0
12218,229.82,18053.6496,18083.4762,0
12219,229.82,18053.6496,18083.4762,0
12220,229.82,18053.6496,18083.4762,0
12221,229.86,18053.6517,18083.4762,0
12222,229.89,18053.6517,18083.4762,0
12223,229.89,18053.6517,18083.4762,0
12224,229.94,18053.6496,18083.4762,0
12227,229.98,18053.6496,18083.4762,0
12228,229.98,18053.6496,18083.4762,0
12229,230.02,18053.6517,18083.4762,0
12230,230.02,18053.6517,18083.4762,0
12231,230.02,18053.6517,18083.4762,0
12232,230.06,18053.6517,18083.4762,0
12233,230.06,18053.6517,18083.4762,0
12234,230.10,18053.6496,18083.4762,0
12235,230.11,18053.6496,18083.4762,0
12236,230.11,18053.6496,18083.4762,0
12237,230.18,18053.6517,18083.4762,0
12238,230.22,18053.6517,18083.4762,0
12240,230.22,18053.6517,18083.4762,0
12241,230.22,18053.6517,18083.4762,0
12242,230.22,18053.6517,18083.4762,0
12243,230.27,18053.6496,18083.4762,0
12244,230.34,18053.6517,18083.4762,0
12245,230.35,18053.6517,18083.4762,0
12246,230.38,18053.6517,18083.4762,0
12248,230.38,18053.6517,18083.4762,0
12249,230.42,18053.6517,18083.4762,0
12251,230.42,18053.6517,18083.4762,0
12252,230.42,18053.6517,18083.4762,0
12253,230.42,18053.6517,18083.4762,0
12254,230.42,18053.6517,18083.4762,0
12255,230.42,18053.6517,18083.4762,0
12257,230.46,18053.6496,18083.4762,0
12259,230.50,18053.6496,18083.4762,0
12260,230.53,18053.6496,18083.4762,0
12261,230.53,18053.6496,18083.4762,0
12262,230.54,18053.6496,18083.4762,0
12264,230.58,18053.6517,18083.4762,0
12265,230.61,18053.6517,18083.4762,0
12266,230.66,18053.6496,18083.4762,0
12268,230.69,18053.6496,18083.4762,0
12269,230.70,18053.6496,18083.4762,0
12270,230.74,18053.6517,18083.4762,0
12272,230.78,18053.6517,18083.4762,0
12274,230.78,18053.6517,18083.4762,0
12275,230.86,18053.6496,18083.4762,0
12277,230.94,18053.6517,18083.4762,0
12278,231.01,18053.6496,18083.4762,0
12279,231.02,18053.6496,18083.4762,0
12281,231.10,18053.6517,18083.4762,0
12282,231.13,18053.6517,18083.4762,0
12283,231.16,18053.6517,18083.4762,0
12284,231.21,18053.6496,18083.4762,0
12285,231.21,18053.6496,18083.4762,0
12287,231.25,18053.6496,18083.4762,0
12290,231.25,18053.6496,18083.4762,0
12291,231.32,18053.6517,18083.4762,0
12293,231.40,18053.6496,18083.4762,0
12295,231.44,18053.6496,18083.4762,0
12296,231.47,18053.6496,18083.4762,0
12298,231.52,18053.6517,18083.4762,0
12299,231.59,18053.6496,18083.4762,0
12301,231.63,18053.6496,18083.4762,0
12302,231.63,18053.6496,18083.4762,0
12303,231.63,18053.6496,18083.4762,0
12304,231.67,18053.6517,18083.4762,0
12307,231.75,18053.6496,18083.4762,0
12308,231.79,18053.6496,18083.4762,0
12309,231.79,18053.6496,18083.4762,0
12310,231.79,18053.6496,18083.4762,0
12311,231.79,18053.6496,18083.4762,0
12312,231.79,18053.6496,18083.4762,0
12313,231.79,18053.6496,18083.4762,0
12314,231.79,18053.6496,18083.4762,0
12316,231.84,18053.6517,18083.4762,0
12317,231.84,18053.6517,18083.4762,0
12318,231.88,18053.6517,18083.4762,0
12321,231.88,18053.6517,18083.4762,0
12322,231.91,18053.6517,18083.4762,0
12324,231.91,18053.6517,18083.4762,0
12325,231.91,18053.6517,18083.4762,0
12326,231.91,18053.6517,18083.4762,0
12327,231.91,18053.6517,18083.4762,0
12328,231.91,18053.6517,18083.4762,0
12329,231.91,18053.6517,18083.4762,0
12330,231.91,18053.6517,18083.4762,0
12331,231.91,18053.6517,18083.4762,0
12332,231.91,18053.6517,18083.4762,0
12333,231.91,18053.6517,18083.4762,0
12335,231.96,18053.6496,18083.4762,0
12336,231.99,18053.6496,18083.4762,0
12337,232.02,18053.6496,18083.4762,0
12338,232.02,18053.6496,18083.4762,0
12339,232.03,18053.6496,18083.4762,0
12340,232.07,18053.6517,18083.4762,0
12341,232.15,18053.6496,18083.4762,0
12347,232.18,18053.6496,18083.4762,0
12348,232.19,18053.6496,18083.4762,0
12349,232.27,18053.6517,18083.4762,0
12350,232.27,18053.6517,18083.4762,0
12352,232.31,18053.6517,18083.4762,0
12354,232.31,18053.6517,18083.4762,0
12355,232.31,18053.6517,18083.4762,0
12356,232.35,18053.6496,18083.4762,0
12358,232.43,18053.6517,18083.4762,0
12359,232.46,18053.6517,18083.4762,0
12360,232.47,18053.6517,18083.4762,0
12363,232.51,18053.6517,18083.4762,0
12364,232.51,18053.6517,18083.4762,0
12365,232.51,18053.6517,18083.4762,0
12366,232.51,18053.6517,18083.4762,0
12368,232.51,18053.6517,18083.4762,0
12370,232.55,18053.6496,18083.4762,0
12372,232.59,18053.6496,18083.4762,0
12373,232.62,18053.6496,18083.4762,0
12374,232.62,18053.6496,18083.4762,0
12375,232.62,18053.6496,18083.4762,0
12376,232.66,18053.6517,18083.4762,0
12379,232.70,18053.6517,18083.4762,0
12380,232.70,18053.6517,18083.4762,0
12381,232.73,18053.6517,18083.4762,0
12382,232.74,18053.6517,18083.4762,0
12384,232.74,18053.6517,18083.4762,0
12385,232.78,18053.6496,18083.4762,0
12386,232.82,18053.6496,18083.4762,0
12387,232.82,18053.6496,18083.4762,0
12388,232.82,18053.6496,18083.4762,0
12390,232.83,18053.6496,18083.4762,0
12391,232.83,18053.6496,18083.4762,0
12392,232.83,18053.6496,18083.4762,0
12393,232.90,18053.6517,18083.4762,0
12394,232.94,18053.6517,18083.4762,0
12395,232.97,18053.6517,18083.4762,0
12396,232.98,18053.6517,18083.4762,0
12398,232.98,18053.6517,18083.4762,0
12399,232.98,18053.6517,18083.4762,0
12400,232.98,18053.6517,18083.4762,0
12401,232.98,18053.6517,18083.4762,0
12403,232.98,18053.6517,18083.4762,0
12404,233.02,18053.6496,18083.4762,0
12405,233.06,18053.6496,18083.4762,0
12406,233.06,18053.6496,18083.4762,0
12407,233.10,18053.6496,18083.4762,0
12408,233.10,18053.6496,18083.4762,0
12410,233.10,18053.6496,18083.4762,0
12411,233.10,18053.6496,18083.4762,0
12412,233.10,18053.6496,18083.4762,0
12413,233.10,18053.6496,18083.4762,0
12415,233.10,18053.6496,18083.4762,0
12416,233.14,18053.6517,18083.4762,0
12418,233.18,18053.6517,18083.4762,0
12420,233.18,18053.6517,18083.4762,0
12421,233.19,18053.6517,18083.4762,0
12422,233.19,18053.6517,18083.4762,0
12423,233.26,18053.6496,18083.4762,0
12425,233.30,18053.6496,18083.4762,0
12426,233.30,18053.6496,18083.4762,0
12427,233.31,18053.6496,18083.4762,0
12428,233.34,18053.6496,18083.4762,0
12429,233.34,18053.6496,18083.4762,0
12430,233.34,18053.6496,18083.4762,0
12431,233.34,18053.6496,18083.4762,0
12432,233.38,18053.6517,18083.4762,0
12433,233.39,18053.6517,18083.4762,0
12434,233.39,18053.6517,18083.4762,0
12436,233.42,18053.6517,18083.4762,0
12439,233.46,18053.6517,18083.4762,0
12440,233.46,18053.6517,18083.4762,0
12441,233.50,18053.6496,18083.4762,0
12442,233.51,18053.6496,18083.4762,0
12443,233.58,18053.6517,18083.4762,0
12445,233.62,18053.6517,18083.4762,0
12446,233.65,18053.6517,18083.4762,0
12447,233.65,18053.6517,18083.4762,0
12448,233.66,18053.6517,18083.4762,0
12449,233.70,18053.6496,18083.4762,0
12450,233.71,18053.6496,18083.4762,0
12452,233.71,18053.6496,18083.4762,0
12453,233.71,18053.6496,18083.4762,0
12455,233.71,18053.6496,18083.4762,0
12456,233.71,18053.6496,18083.4762,0
12457,233.74,18053.6496,18083.4762,0
12458,233.74,18053.6496,18083.4762,0
12459,233.78,18053.6496,18083.4762,0
12460,233.78,18053.6496,18083.4762,0
12463,233.78,18053.6496,18083.4762,0
12464,233.78,18053.6496,18083.4762,0
12465,233.78,18053.6496,18083.4762,0
12467,233.78,18053.6496,18083.4762,0
12469,233.78,18053.6496,18083.4762,0
12470,233.78,18053.6496,18083.4762,0
12474,233.82,18053.6517,18083.4762,0
12475,233.82,18053.6517,18083.4762,0
12476,233.86,18053.6517,18083.4762,0
12480,233.94,18053.6496,18083.4762,0
12481,233.97,18053.6496,18083.4762,0
12482,233.97,18053.6496,18083.4762,0
12483,233.97,18053.6496,18083.4762,0
12484,234.02,18053.6517,18083.4762,0
12485,234.12,18053.6496,18083.4762,0
12486,234.13,18053.6496,18083.4762,0
12487,234.13,18053.6496,18083.4762,0
12489,234.16,18053.6496,18083.4762,0
12490,234.16,18053.6496,18083.4762,0
12491,234.20,18053.6496,18083.4762,0
12492,234.20,18053.6496,18083.4762,0
12493,234.24,18053.6517,18083.4762,0
12494,234.24,18053.6517,18083.4762,0
12495,234.24,18053.6517,18083.4762,0
12496,234.28,18053.6517,18083.4762,0
12497,234.31,18053.6517,18083.4762,0
12498,234.31,18053.6517,18083.4762,0
12499,234.35,18053.6496,18083.4762,0
12500,234.39,18053.6496,18083.4762,0
12501,234.39,18053.6496,18083.4762,0
12502,234.43,18053.6517,18083.4762,0
12503,234.44,18053.6517,18083.4762,0
12504,234.47,18053.6517,18083.4762,0
12505,234.52,18053.6496,18083.4762,0
12506,234.55,18053.6496,18083.4762,0
12507,234.55,18053.6496,18083.4762,0
12508,234.60,18053.6517,18083.4762,0
12513,234.60,18053.6517,18083.4762,0
12514,234.64,18053.6517,18083.4762,0
12515,234.67,18053.6517,18083.4762,0
12516,234.67,18053.6517,18083.4762,0
12517,234.67,18053.6517,18083.4762,0
12518,234.67,18053.6517,18083.4762,0
12520,234.71,18053.6496,18083.4762,0
12521,234.79,18053.6517,18083.4762,0
12522,234.79,18053.6517,18083.4762,0
12523,234.83,18053.6517,18083.4762,0
12524,234.83,18053.6517,18083.4762,0
12526,234.86,18053.6517,18083.4762,0
12527,234.86,18053.6517,18083.4762,0
12529,234.86,18053.6517,18083.4762,0
12530,234.86,18053.6517,18083.4762,0
12531,234.86,18053.6517,18083.4762,0
12536,234.87,18053.6517,18083.4762,0
12539,234.87,18053.6517,18083.4762,0
12540,234.87,18053.6517,18083.4762,0
12541,234.87,18053.6517,18083.4762,0
12542,234.87,18053.6517,18083.4762,0
12543,234.87,18053.6517,18083.4762,0
12544,234.91,18053.6496,18083.4762,0
12546,234.92,18053.6496,18083.4762,0
12548,234.99,18053.6517,18083.4762,0
12550,235.03,18053.6517,18083.4762,0
12551,235.03,18053.6517,18083.4762,0
12552,235.04,18053.6517,18083.4762,0
12553,235.08,18053.6496,18083.4762,0
12554,235.11,18053.6496,18083.4762,0
12555,235.11,18053.6496,18083.4762,0
12556,235.12,18053.6496,18083.4762,0
12558,235.12,18053.6496,18083.4762,0
12559,235.16,18053.6517,18083.4762,0
12560,235.26,18053.6496,18083.4762,0
12562,235.30,18053.6496,18083.4762,0
12563,235.33,18053.6496,18083.4762,0
12564,235.33,18053.6496,18083.4762,0
12565,235.33,18053.6496,18083.4762,0
12566,235.33,18053.6496,18083.4762,0
12567,235.33,18053.6496,18083.4762,0
12568,235.38,18053.6517,18083.4762,0
12571,235.46,18053.6496,18083.4762,0
12572,235.49,18053.6496,18083.4762,0
12573,235.49,18053.6496,18083.4762,0
12574,235.53,18053.6496,18083.4762,0
12576,235.57,18053.6517,18083.4762,0
12577,235.61,18053.6517,18083.4762,0
12578,235.61,18053.6517,18083.4762,0
12579,235.64,18053.6517,18083.4762,0
12582,235.64,18053.6517,18083.4762,0
12583,235.65,18053.6517,18083.4762,0
12584,235.65,18053.6517,18083.4762,0
12586,235.69,18053.6496,18083.4762,0
12587,235.73,18053.6496,18083.4762,0
12588,235.77,18053.6517,18083.4762,0
12589,235.84,18053.6496,18083.4762,0
12591,235.85,18053.6496,18083.4762,0
12592,235.89,18053.6496,18083.4762,0
12594,235.89,18053.6496,18083.4762,0
12597,235.89,18053.6496,18083.4762,0
12598,235.92,18053.6496,18083.4762,0
12601,235.92,18053.6496,18083.4762,0
12602,235.96,18053.6517,18083.4762,0
12603,235.97,18053.6517,18083.4762,0
12604,236.00,18053.6517,18083.4762,0
12605,236.00,18053.6517,18083.4762,0
12606,236.03,18053.6517,18083.4762,0
12607,236.08,18053.6496,18083.4762,0
12608,236.08,18053.6496,18083.4762,0
12609,236.12,18053.6496,18083.4762,0
12610,236.12,18053.6496,18083.4762,0
12613,236.20,18053.6517,18083.4762,0
12614,236.27,18053.6496,18083.4762,0
12615,236.31,18053.6496,18083.4762,0
12616,236.35,18053.6517,18083.4762,0
12617,236.43,18053.6496,18083.4762,0
12619,236.46,18053.6496,18083.4762,0
12620,236.47,18053.6496,18083.4762,0
12621,236.47,18053.6496,18083.4762,0
12623,236.47,18053.6496,18083.4762,0
12624,236.50,18053.6496,18083.4762,0
12626,236.50,18053.6496,18083.4762,0
12627,236.54,18053.6517,18083.4762,0
12628,236.58,18053.6517,18083.4762,0
12630,236.59,18053.6517,18083.4762,0
12631,236.59,18053.6517,18083.4762,0
12632,236.59,18053.6517,18083.4762,0
12633,236.59,18053.6517,18083.4762,0
12634,236.59,18053.6517,18083.4762,0
12635,236.63,18053.6496,18083.4762,0
12636,236.66,18053.6496,18083.4762,0
12637,236.67,18053.6496,18083.4762,0
12638,236.70,18053.6496,18083.4762,0
12640,236.71,18053.6496,18083.4762,0
12641,236.71,18053.6496,18083.4762,0
12642,236.71,18053.6496,18083.4762,0
12643,236.75,18053.6517,18083.4762,0
12644,236.78,18053.6517,18083.4762,0
12645,236.79,18053.6517,18083.4762,0
12646,236.82,18053.6517,18083.4762,0
12647,236.82,18053.6517,18083.4762,0
12648,236.86,18053.6496,18083.4762,0
12649,236.87,18053.6496,18083.4762,0
12650,236.87,18053.6496,18083.4762,0
12651,236.94,18053.6517,18083.4762,0
12652,236.97,18053.6517,18083.4762,0
12658,236.98,18053.6517,18083.4762,0
12659,236.98,18053.6517,18083.4762,0
12660,237.02,18053.6517,18083.4762,0
12661,237.02,18053.6517,18083.4762,0
12664,237.02,18053.6517,18083.4762,0
12666,237.02,18053.6517,18083.4762,0
12667,237.06,18053.6496,18083.4762,0
12669,237.14,18053.6517,18083.4762,0
12670,237.14,18053.6517,18083.4762,0
12671,237.18,18053.6517,18083.4762,0
12672,237.25,18053.6496,18083.4762,0
12675,237.29,18053.6496,18083.4762,0
12676,237.33,18053.6496,18083.4762,0
12677,237.33,18053.6496,18083.4762,0
12679,237.37,18053.6517,18083.4762,0
12681,237.41,18053.6517,18083.4762,0
12682,237.41,18053.6517,18083.4762,0
12683,237.41,18053.6517,18083.4762,0
12684,237.41,18053.6517,18083.4762,0
12685,237.44,18053.6517,18083.4762,0
12686,237.49,18053.6496,18083.4762,0
12687,237.49,18053.6496,18083.4762,0
12689,237.53,18053.6496,18083.4762,0
12690,237.53,18053.6496,18083.4762,0
12691,237.53,18053.6496,18083.4762,0
12692,237.53,18053.6496,18083.4762,0
12693,237.56,18053.6496,18083.4762,0
12694,237.56,18053.6496,18083.4762,0
12696,237.56,18053.6496,18083.4762,0
12697,237.61,18053.6517,18083.4762,0
12698,237.64,18053.6517,18083.4762,0
12699,237.65,18053.6517,18083.4762,0
12701,237.69,18053.6496,18083.4762,0
12702,237.70,18053.6496,18083.4762,0
12704,237.70,18053.6496,18083.4762,0
12706,237.74,18053.6496,18083.4762,0
12707,237.81,18053.6517,18083.4762,0
12708,237.82,18053.6517,18083.4762,0
12709,237.85,18053.6517,18083.4762,0
12710,237.85,18053.6517,18083.4762,0
12712,237.85,18053.6517,18083.4762,0
12713,237.89,18053.6517,18083.4762,0
12714,237.89,18053.6517,18083.4762,0
12717,237.93,18053.6496,18083.4762,0
12718,237.94,18053.6496,18083.4762,0
12719,237.97,18053.6496,18083.4762,0
12720,237.97,18053.6496,18083.4762,0
12722,237.97,18053.6496,18083.4762,0
12723,237.97,18053.6496,18083.4762,0
12724,237.97,18053.6496,18083.4762,0
12726,238.05,18053.6517,18083.4762,0
12727,238.06,18053.6517,18083.4762,0
12728,238.06,18053.6517,18083.4762,0
12729,238.09,18053.6517,18083.4762,0
12730,238.17,18053.6496,18083.4762,0
12731,238.17,18053.6496,18083.4762,0
12732,238.17,18053.6496,18083.4762,0
12733,238.17,18053.6496,18083.4762,0
12734,238.21,18053.6496,18083.4762,0
12735,238.24,18053.6496,18083.4762,0
12736,238.24,18053.6496,18083.4762,0
12738,238.24,18053.6496,18083.4762,0
12739,238.24,18053.6496,18083.4762,0
12740,238.24,18053.6496,18083.4762,0
12741,238.24,18053.6496,18083.4762,0
12742,238.29,18053.6517,18083.4762,0
12743,238.32,18053.6517,18083.4762,0
12744,238.35,18053.6517,18083.4762,0
12745,238.40,18053.6496,18083.4762,0
12746,238.43,18053.6496,18083.4762,0
12747,238.43,18053.6496,18083.4762,0
12748,238.47,18053.6496,18083.4762,0
12749,238.51,18053.6517,18083.4762,0
12750,238.51,18053.6517,18083.4762,0
12751,238.55,18053.6517,18083.4762,0
12752,238.55,18053.6517,18083.4762,0
12753,238.58,18053.6517,18083.4762,0
12754,238.58,18053.6517,18083.4762,0
12756,238.63,18053.6496,18083.4762,0
12757,238.63,18053.6496,18083.4762,0
12760,238.67,18053.6496,18083.4762,0
12761,238.67,18053.6496,18083.4762,0
12762,238.67,18053.6496,18083.4762,0
12764,238.67,18053.6496,18083.4762,0
12766,238.67,18053.6496,18083.4762,0
12767,238.71,18053.6517,18083.4762,0
12768,238.72,18053.6517,18083.4762,0
12770,238.75,18053.6517,18083.4762,0
12771,238.75,18053.6517,18083.4762,0
12776,238.79,18053.6517,18083.4762,0
12777,238.79,18053.6517,18083.4762,0
12778,238.79,18053.6517,18083.4762,0
12779,238.79,18053.6517,18083.4762,0
12781,238.79,18053.6517,18083.4762,0
12784,238.83,18053.6496,18083.4762,0
12785,238.91,18053.6517,18083.4762,0
12786,238.94,18053.6517,18083.4762,0
12787,238.94,18053.6517,18083.4762,0
12788,238.98,18053.6496,18083.4762,0
12789,238.99,18053.6496,18083.4762,0
12790,239.02,18053.6496,18083.4762,0
12791,239.06,18053.6496,18083.4762,0
12792,239.06,18053.6496,18083.4762,0
12793,239.06,18053.6496,18083.4762,0
12794,239.10,18053.6517,18083.4762,0
12795,239.10,18053.6517,18083.4762,0
12796,239.18,18053.6496,18083.4762,0
12797,239.25,18053.6517,18083.4762,0
12798,239.29,18053.6517,18083.4762,0
12800,239.32,18053.6517,18083.4762,0
12802,239.33,18053.6517,18083.4762,0
12803,239.33,18053.6517,18083.4762,0
12804,239.33,18053.6517,18083.4762,0
12806,239.33,18053.6517,18083.4762,0
12807,239.33,18053.6517,18083.4762,0
12809,239.37,18053.6496,18083.4762,0
12810,239.38,18053.6496,18083.4762,0
12811,239.38,18053.6496,18083.4762,0
12812,239.41,18053.6496,18083.4762,0
12813,239.41,18053.6496,18083.4762,0
12814,239.45,18053.6517,18083.4762,0
12817,239.53,18053.6496,18083.4762,0
12818,239.54,18053.6496,18083.4762,0
12820,239.58,18053.6496,18083.4762,0
12821,239.62,18053.6517,18083.4762,0
12823,239.66,18053.6517,18083.4762,0
12824,239.70,18053.6496,18083.4762,0
12825,239.73,18053.6496,18083.4762,0
12826,239.74,18053.6496,18083.4762,0
12827,239.74,18053.6496,18083.4762,0
12828,239.74,18053.6496,18083.4762,0
12829,239.77,18053.6496,18083.4762,0
12830,239.77,18053.6496,18083.4762,0
12831,239.77,18053.6496,18083.4762,0
12832,239.77,18053.6496,18083.4762,0
12833,239.77,18053.6496,18083.4762,0
12835,239.78,18053.6496,18083.4762,0
12837,239.78,18053.6496,18083.4762,0
12838,239.82,18053.6517,18083.4762,0
12839,239.85,18053.6517,18083.4762,0
12840,239.89,18053.6517,18083.4762,0
12841,239.89,18053.6517,18083.4762,0
12842,239.89,18053.6517,18083.4762,0
12843,239.94,18053.6496,18083.4762,0
12845,239.97,18053.6496,18083.4762,0
12847,239.98,18053.6496,18083.4762,0
12848,240.02,18053.6517,18083.4762,0
12849,240.03,18053.6517,18083.4762,0
12850,240.06,18053.6517,18083.4762,0
12851,240.06,18053.6517,18083.4762,0
12854,240.06,18053.6517,18083.4762,0
12855,240.14,18053.6496,18083.4762,0
12856,240.21,18053.6517,18083.4762,0
12858,240.22,18053.6517,18083.4762,0
12859,240.26,18053.6517,18083.4762,0
12860,240.26,18053.6517,18083.4762,0
12861,240.26,18053.6517,18083.4762,0
12862,240.33,18053.6496,18083.4762,0
12867,240.41,18053.6517,18083.4762,0
12868,240.45,18053.6517,18083.4762,0
12869,240.45,18053.6517,18083.4762,0
12871,240.49,18053.6496,18083.4762,0
12874,240.53,18053.6496,18083.4762,0
12875,240.53,18053.6496,18083.4762,0
12877,240.54,18053.6496,18083.4762,0
12878,240.58,18053.6517,18083.4762,0
12879,240.61,18053.6517,18083.4762,0
12880,240.64,18053.6517,18083.4762,0
12881,240.64,18053.6517,18083.4762,0
12882,240.64,18053.6517,18083.4762,0
12883,240.71,18053.6496,18083.4762,0
12886,240.75,18053.6496,18083.4762,0
12887,240.75,18053.6496,18083.4762,0
12888,240.75,18053.6496,18083.4762,0
12889,240.75,18053.6496,18083.4762,0
12891,240.75,18053.6496,18083.4762,0
12892,240.75,18053.6496,18083.4762,0
12893,240.83,18053.6517,18083.4762,0
12894,240.83,18053.6517,18083.4762,0
12895,240.83,18053.6517,18083.4762,0
12896,240.87,18053.6517,18083.4762,0
12898,240.90,18053.6517,18083.4762,0
12899,240.95,18053.6496,18083.4762,0
12900,240.98,18053.6496,18083.4762,0
12901,241.01,18053.6496,18083.4762,0
12905,241.02,18053.6496,18083.4762,0
12906,241.02,18053.6496,18083.4762,0
12907,241.02,18053.6496,18083.4762,0
12908,241.02,18053.6496,18083.4762,0
12909,241.06,18053.6517,18083.4762,0
12910,241.07,18053.6517,18083.4762,0
12911,241.10,18053.6517,18083.4762,0
12912,241.14,18053.6517,18083.4762,0
12913,241.14,18053.6517,18083.4762,0
12914,241.18,18053.6496,18083.4762,0
12916,241.19,18053.6496,18083.4762,0
12917,241.19,18053.6496,18083.4762,0
12918,241.22,18053.6496,18083.4762,0
12919,241.26,18053.6496,18083.4762,0
12920,241.26,18053.6496,18083.4762,0
12921,241.26,18053.6496,18083.4762,0
12923,241.26,18053.6496,18083.4762,0
12924,241.26,18053.6496,18083.4762,0
12925,241.26,18053.6496,18083.4762,0
12926,241.30,18053.6517,18083.4762,0
12928,241.33,18053.6517,18083.4762,0
12930,241.34,18053.6517,18083.4762,0
12931,241.37,18053.6517,18083.4762,0
12932,241.37,18053.6517,18083.4762,0
12933,241.37,18053.6517,18083.4762,0
12934,241.37,18053.6517,18083.4762,0
12935,241.42,18053.6496,18083.4762,0
12936,241.45,18053.6496,18083.4762,0
12937,241.46,18053.6496,18083.4762,0
12938,241.46,18053.6496,18083.4762,0
12939,241.46,18053.6496,18083.4762,0
12940,241.49,18053.6496,18083.4762,0
12941,241.49,18053.6496,18083.4762,0
12942,241.49,18053.6496,18083.4762,0
12943,241.49,18053.6496,18083.4762,0
12944,241.53,18053.6517,18083.4762,0
12946,241.54,18053.6517,18083.4762,0
12947,241.57,18053.6517,18083.4762,0
12948,241.61,18053.6517,18083.4762,0
12949,241.65,18053.6496,18083.4762,0
12950,241.68,18053.6496,18083.4762,0
12951,241.76,18053.6517,18083.4762,0
12952,241.79,18053.6517,18083.4762,0
12953,241.83,18053.6517,18083.4762,0
12954,241.83,18053.6517,18083.4762,0
12956,241.88,18053.6496,18083.4762,0
12957,241.91,18053.6496,18083.4762,0
12958,241.94,18053.6496,18083.4762,0
12959,241.94,18053.6496,18083.4762,0
12960,241.99,18053.6517,18083.4762,0
12961,242.02,18053.6517,18083.4762,0
12963,242.03,18053.6517,18083.4762,0
12965,242.06,18053.6517,18083.4762,0
12968,242.10,18053.6496,18083.4762,0
12969,242.14,18053.6496,18083.4762,0
12970,242.21,18053.6517,18083.4762,0
12971,242.25,18053.6517,18083.4762,0
12972,242.28,18053.6517,18083.4762,0
12973,242.28,18053.6517,18083.4762,0
12975,242.29,18053.6517,18083.4762,0
12976,242.29,18053.6517,18083.4762,0
12977,242.29,18053.6517,18083.4762,0
12978,242.29,18053.6517,18083.4762,0
12979,242.29,18053.6517,18083.4762,0
12980,242.29,18053.6517,18083.4762,0
12981,242.29,18053.6517,18083.4762,0
12982,242.29,18053.6517,18083.4762,0
12983,242.33,18053.6496,18083.4762,0
12985,242.41,18053.6517,18083.4762,0
12986,242.42,18053.6517,18083.4762,0
12987,242.45,18053.6517,18083.4762,0
12988,242.49,18053.6517,18083.4762,0
12989,242.49,18053.6517,18083.4762,0
12990,242.49,18053.6517,18083.4762,0
12991,242.49,18053.6517,18083.4762,0
12992,242.49,18053.6517,18083.4762,0
12993,242.53,18053.6496,18083.4762,0
12994,242.61,18053.6517,18083.4762,0
12996,242.61,18053.6517,18083.4762,0
12997,242.61,18053.6517,18083.4762,0
12998,242.61,18053.6517,18083.4762,0
12999,242.65,18053.6517,18083.4762,0
13000,242.69,18053.6496,18083.4762,0
13002,242.73,18053.6496,18083.4762,0
13003,242.73,18053.6496,18083.4762,0
13004,242.77,18053.6496,18083.4762,0
13005,242.77,18053.6496,18083.4762,0
13006,242.77,18053.6496,18083.4762,0
13007,242.81,18053.6517,18083.4762,0
13008,242.88,18053.6496,18083.4762,0
13009,242.92,18053.6496,18083.4762,0
13010,242.92,18053.6496,18083.4762,0
13011,242.92,18053.6496,18083.4762,0
13013,242.93,18053.6496,18083.4762,0
13014,242.96,18053.6496,18083.4762,0
13015,242.96,18053.6496,18083.4762,0
13016,243.00,18053.6517,18083.4762,0
13017,243.04,18053.6517,18083.4762,0
13018,243.07,18053.6517,18083.4762,0
13019,243.07,18053.6517,18083.4762,0
13020,243.08,18053.6517,18083.4762,0
13022,243.08,18053.6517,18083.4762,0
13023,243.08,18053.6517,18083.4762,0
13025,243.08,18053.6517,18083.4762,0
13027,243.08,18053.6517,18083.4762,0
13028,243.08,18053.6517,18083.4762,0
13029,243.08,18053.6517,18083.4762,0
13031,243.08,18053.6517,18083.4762,0
13032,243.08,18053.6517,18083.4762,0
13033,243.12,18053.6496,18083.4762,0
13035,243.16,18053.6496,18083.4762,0
13038,243.16,18053.6496,18083.4762,0
13039,243.19,18053.6496,18083.4762,0
13040,243.20,18053.6496,18083.4762,0
13041,243.20,18053.6496,18083.4762,0
13042,243.24,18053.6517,18083.4762,0
13044,243.28,18053.6517,18083.4762,0
13045,243.28,18053.6517,18083.4762,0
13047,243.28,18053.6517,18083.4762,0
13049,243.32,18053.6517,18083.4762,0
13050,243.32,18053.6517,18083.4762,0
13052,243.32,18053.6517,18083.4762,0
13053,243.32,18053.6517,18083.4762,0
13055,243.36,18053.6496,18083.4762,0
13056,243.39,18053.6496,18083.4762,0
13057,243.43,18053.6496,18083.4762,0
13058,243.47,18053.6517,18083.4762,0
13063,243.51,18053.6517,18083.4762,0
13064,243.54,18053.6517,18083.4762,0
13068,243.54,18053.6517,18083.4762,0
13070,243.55,18053.6517,18083.4762,0
13073,243.55,18053.6517,18083.4762,0
13074,243.55,18053.6517,18083.4762,0
13075,243.55,18053.6517,18083.4762,0
13076,243.59,18053.6496,18083.4762,0
13077,243.62,18053.6496,18083.4762,0
13078,243.70,18053.6517,18083.4762,0
13080,243.78,18053.6496,18083.4762,0
13081,243.81,18053.6496,18083.4762,0
13082,243.81,18053.6496,18083.4762,0
13083,243.84,18053.6496,18083.4762,0
13084,243.84,18053.6496,18083.4762,0
13086,243.85,18053.6496,18083.4762,0
13087,243.85,18053.6496,18083.4762,0
13088,243.90,18053.6517,18083.4762,0
13090,243.93,18053.6517,18083.4762,0
13091,243.98,18053.6496,18083.4762,0
13092,244.05,18053.6517,18083.4762,0
13093,244.09,18053.6517,18083.4762,0
13094,244.16,18053.6496,18083.4762,0
13096,244.20,18053.6496,18083.4762,0
13097,244.24,18053.6517,18083.4762,0
13098,244.27,18053.6517,18083.4762,0
13099,244.27,18053.6517,18083.4762,0
13101,244.28,18053.6517,18083.4762,0
13103,244.32,18053.6496,18083.4762,0
13104,244.35,18053.6496,18083.4762,0
13105,244.35,18053.6496,18083.4762,0
13106,244.39,18053.6496,18083.4762,0
13107,244.39,18053.6496,18083.4762,0
13108,244.43,18053.6517,18083.4762,0
13109,244.46,18053.6517,18083.4762,0
13110,244.50,18053.6517,18083.4762,0
13111,244.54,18053.6496,18083.4762,0
13113,244.55,18053.6496,18083.4762,0
13114,244.58,18053.6496,18083.4762,0
13116,244.61,18053.6496,18083.4762,0
13117,244.61,18053.6496,18083.4762,0
13120,244.66,18053.6517,18083.4762,0
13121,244.69,18053.6517,18083.4762,0
13123,244.69,18053.6517,18083.4762,0
13125,244.69,18053.6517,18083.4762,0
13126,244.73,18053.6517,18083.4762,0
13127,244.73,18053.6517,18083.4762,0
13128,244.77,18053.6496,18083.4762,0
13129,244.78,18053.6496,18083.4762,0
13131,244.78,18053.6496,18083.4762,0
13134,244.78,18053.6496,18083.4762,0
13136,244.81,18053.6496,18083.4762,0
13137,244.85,18053.6496,18083.4762,0
13138,244.85,18053.6496,18083.4762,0
13139,244.89,18053.6517,18083.4762,0
13142,244.93,18053.6517,18083.4762,0
13143,245.00,18053.6496,18083.4762,0
13144,245.08,18053.6517,18083.4762,0
13145,245.11,18053.6517,18083.4762,0
13147,245.11,18053.6517,18083.4762,0
13148,245.12,18053.6517,18083.4762,0
13149,245.12,18053.6517,18083.4762,0
13150,245.16,18053.6496,18083.4762,0
13152,245.17,18053.6496,18083.4762,0
13153,245.25,18053.6517,18083.4762,0
13157,245.28,18053.6517,18083.4762,0
13158,245.32,18053.6517,18083.4762,0
13159,245.32,18053.6517,18083.4762,0
13160,245.36,18053.6496,18083.4762,0
13161,245.40,18053.6496,18083.4762,0
13162,245.43,18053.6496,18083.4762,0
13163,245.43,18053.6496,18083.4762,0
13165,245.44,18053.6496,18083.4762,0
13166,245.44,18053.6496,18083.4762,0
13167,245.44,18053.6496,18083.4762,0
13168,245.44,18053.6496,18083.4762,0
13169,245.48,18053.6517,18083.4762,0
13170,245.51,18053.6517,18083.4762,0
13171,245.51,18053.6517,18083.4762,0
13172,245.52,18053.6517,18083.4762,0
13173,245.52,18053.6517,18083.4762,0
13176,245.52,18053.6517,18083.4762,0
13177,245.56,18053.6517,18083.4762,0
13178,245.56,18053.6517,18083.4762,0
13181,245.56,18053.6517,18083.4762,0
13183,245.56,18053.6517,18083.4762,0
13184,245.60,18053.6496,18083.4762,0
13186,245.61,18053.6496,18083.4762,0
13187,245.68,18053.6517,18083.4762,0
13188,245.78,18053.6496,18083.4762,0
13189,245.78,18053.6496,18083.4762,0
13190,245.82,18053.6496,18083.4762,0
13191,245.85,18053.6496,18083.4762,0
13192,245.85,18053.6496,18083.4762,0
13193,245.85,18053.6496,18083.4762,0
13194,245.89,18053.6517,18083.4762,0
13197,245.93,18053.6517,18083.4762,0
13198,245.93,18053.6517,18083.4762,0
13199,246.01,18053.6496,18083.4762,0
13200,246.04,18053.6496,18083.4762,0
13201,246.08,18053.6496,18083.4762,0
13202,246.08,18053.6496,18083.4762,0
13203,246.12,18053.6517,18083.4762,0
13204,246.16,18053.6517,18083.4762,0
13205,246.16,18053.6517,18083.4762,0
13206,246.16,18053.6517,18083.4762,0
13207,246.16,18053.6517,18083.4762,0
13208,246.16,18053.6517,18083.4762,0
13209,246.16,18053.6517,18083.4762,0
13210,246.19,18053.6517,18083.4762,0
13212,246.20,18053.6517,18083.4762,0
13213,246.20,18053.6517,18083.4762,0
13214,246.20,18053.6517,18083.4762,0
13215,246.24,18053.6496,18083.4762,0
13217,246.32,18053.6517,18083.4762,0
13218,246.33,18053.6517,18083.4762,0
13219,246.33,18053.6517,18083.4762,0
13222,246.41,18053.6496,18083.4762,0
13224,246.44,18053.6496,18083.4762,0
13225,246.45,18053.6496,18083.4762,0
13226,246.48,18053.6496,18083.4762,0
13227,246.53,18053.6517,18083.4762,0
13229,246.53,18053.6517,18083.4762,0
13230,246.57,18053.6517,18083.4762,0
13232,246.57,18053.6517,18083.4762,0
13233,246.60,18053.6517,18083.4762,0
13234,246.60,18053.6517,18083.4762,0
13236,246.60,18053.6517,18083.4762,0
13237,246.60,18053.6517,18083.4762,0
13238,246.60,18053.6517,18083.4762,0
13239,246.60,18053.6517,18083.4762,0
13240,246.60,18053.6517,18083.4762,0
13242,246.60,18053.6517,18083.4762,0
13243,246.60,18053.6517,18083.4762,0
13244,246.60,18053.6517,18083.4762,0
13250,246.64,18053.6496,18083.4762,0
13251,246.68,18053.6496,18083.4762,0
13252,246.71,18053.6496,18083.4762,0
13253,246.72,18053.6496,18083.4762,0
13255,246.72,18053.6496,18083.4762,0
13256,246.72,18053.6496,18083.4762,0
13257,246.72,18053.6496,18083.4762,0
13259,246.72,18053.6496,18083.4762,0
13260,246.72,18053.6496,18083.4762,0
13262,246.76,18053.6517,18083.4762,0
13263,246.77,18053.6517,18083.4762,0
13264,246.77,18053.6517,18083.4762,0
13266,246.81,18053.6517,18083.4762,0
13267,246.81,18053.6517,18083.4762,0
13269,246.81,18053.6517,18083.4762,0
13270,246.81,18053.6517,18083.4762,0
13273,246.81,18053.6517,18083.4762,0
13274,246.84,18053.6517,18083.4762,0
13275,246.84,18053.6517,18083.4762,0
13277,246.84,18053.6517,18083.4762,0
13278,246.88,18053.6496,18083.4762,0
13279,246.92,18053.6496,18083.4762,0
13281,246.96,18053.6496,18083.4762,0
13282,246.96,18053.6496,18083.4762,0
13287,246.96,18053.6496,18083.4762,0
13288,247.00,18053.6517,18083.4762,0
13289,247.01,18053.6517,18083.4762,0
13290,247.01,18053.6517,18083.4762,0
13291,247.04,18053.6517,18083.4762,0
13292,247.04,18053.6517,18083.4762,0
13293,247.07,18053.6517,18083.4762,0
13295,247.08,18053.6517,18083.4762,0
13296,247.08,18053.6517,18083.4762,0
13297,247.08,18053.6517,18083.4762,0
13298,247.12,18053.6496,18083.4762,0
13300,247.13,18053.6496,18083.4762,0
13301,247.13,18053.6496,18083.4762,0
13302,247.13,18053.6496,18083.4762,0
13303,247.16,18053.6496,18083.4762,0
13304,247.16,18053.6496,18083.4762,0
13305,247.20,18053.6496,18083.4762,0
13306,247.24,18053.6517,18083.4762,0
13307,247.27,18053.6517,18083.4762,0
13308,247.28,18053.6517,18083.4762,0
13309,247.28,18053.6517,18083.4762,0
13311,247.28,18053.6517,18083.4762,0
13314,247.28,18053.6517,18083.4762,0
13316,247.32,18053.6517,18083.4762,0
13317,247.32,18053.6517,18083.4762,0
13318,247.32,18053.6517,18083.4762,0
13320,247.32,18053.6517,18083.4762,0
13321,247.32,18053.6517,18083.4762,0
13322,247.36,18053.6496,18083.4762,0
13323,247.37,18053.6496,18083.4762,0
13324,247.40,18053.6496,18083.4762,0
13326,247.44,18053.6496,18083.4762,0
13327,247.44,18053.6496,18083.4762,0
13328,247.44,18053.6496,18083.4762,0
13329,247.48,18053.6517,18083.4762,0
13331,247.56,18053.6496,18083.4762,0
13333,247.60,18053.6496,18083.4762,0
13335,247.60,18053.6496,18083.4762,0
13336,247.68,18053.6517,18083.4762,0
13337,247.71,18053.6517,18083.4762,0
13339,247.75,18053.6517,18083.4762,0
13342,247.75,18053.6517,18083.4762,0
13343,247.75,18053.6517,18083.4762,0
13346,247.75,18053.6517,18083.4762,0
13347,247.75,18053.6517,18083.4762,0
13348,247.80,18053.6496,18083.4762,0
13349,247.83,18053.6496,18083.4762,0
13350,247.83,18053.6496,18083.4762,0
13351,247.84,18053.6496,18083.4762,0
13352,247.84,18053.6496,18083.4762,0
13353,247.88,18053.6517,18083.4762,0
13354,247.95,18053.6496,18083.4762,0
13355,247.96,18053.6496,18083.4762,0
13357,248.00,18053.6496,18083.4762,0
13360,248.00,18053.6496,18083.4762,0
13361,248.00,18053.6496,18083.4762,0
13363,248.00,18053.6496,18083.4762,0
13364,248.04,18053.6517,18083.4762,0
13366,248.08,18053.6517,18083.4762,0
13368,248.11,18053.6517,18083.4762,0
13370,248.12,18053.6517,18083.4762,0
13372,248.12,18053.6517,18083.4762,0
13373,248.12,18053.6517,18083.4762,0
13374,248.12,18053.6517,18083.4762,0
13375,248.12,18053.6517,18083.4762,0
13376,248.12,18053.6517,18083.4762,0
13377,248.12,18053.6517,18083.4762,0
13378,248.12,18053.6517,18083.4762,0
13379,248.12,18053.6517,18083.4762,0
13380,248.12,18053.6517,18083.4762,0
13382,248.12,18053.6517,18083.4762,0
13385,248.12,18053.6517,18083.4762,0
13388,248.12,18053.6517,18083.4762,0
13389,248.12,18053.6517,18083.4762,0
13390,248.16,18053.6496,18083.4762,0
13391,248.19,18053.6496,18083.4762,0
13392,248.23,18053.6496,18083.4762,0
13394,248.27,18053.6517,18083.4762,0
13395,248.28,18053.6517,18083.4762,0
13396,248.31,18053.6517,18083.4762,0
13397,248.31,18053.6517,18083.4762,0
13398,248.31,18053.6517,18083.4762,0
13399,248.31,18053.6517,18083.4762,0
13400,248.31,18053.6517,18083.4762,0
13401,248.39,18053.6496,18083.4762,0
13402,248.46,18053.6517,18083.4762,0
13404,248.47,18053.6517,18083.4762,0
13405,248.50,18053.6517,18083.4762,0
13406,248.55,18053.6496,18083.4762,0
13407,248.58,18053.6496,18083.4762,0
13408,248.59,18053.6496,18083.4762,0
13410,248.63,18053.6517,18083.4762,0
13412,248.67,18053.6517,18083.4762,0
13413,248.67,18053.6517,18083.4762,0
13414,248.71,18053.6517,18083.4762,0
13415,248.71,18053.6517,18083.4762,0
13416,248.71,18053.6517,18083.4762,0
13420,248.71,18053.6517,18083.4762,0
13421,248.71,18053.6517,18083.4762,0
13422,248.71,18053.6517,18083.4762,0
13423,248.75,18053.6496,18083.4762,0
13425,248.79,18053.6496,18083.4762,0
13426,248.79,18053.6496,18083.4762,0
13427,248.83,18053.6496,18083.4762,0
13428,248.83,18053.6496,18083.4762,0
13429,248.83,18053.6496,18083.4762,0
13430,248.83,18053.6496,18083.4762,0
13431,248.83,18053.6496,18083.4762,0
13432,248.87,18053.6517,18083.4762,0
13433,248.87,18053.6517,18083.4762,0
13434,248.91,18053.6517,18083.4762,0
13435,248.91,18053.6517,18083.4762,0
13437,248.91,18053.6517,18083.4762,0
13440,248.91,18053.6517,18083.4762,0
13441,248.94,18053.6517,18083.4762,0
13443,248.94,18053.6517,18083.4762,0
13444,248.99,18053.6496,18083.4762,0
13445,249.02,18053.6496,18083.4762,0
13447,249.06,18053.6496,18083.4762,0
13448,249.06,18053.6496,18083.4762,0
13449,249.06,18053.6496,18083.4762,0
13450,249.06,18053.6496,18083.4762,0
13451,249.11,18053.6517,18083.4762,0
13453,249.14,18053.6517,18083.4762,0
13454,249.14,18053.6517,18083.4762,0
13456,249.14,18053.6517,18083.4762,0
13457,249.19,18053.6496,18083.4762,0
13458,249.22,18053.6496,18083.4762,0
13460,249.23,18053.6496,18083.4762,0
13461,249.23,18053.6496,18083.4762,0
13462,249.23,18053.6496,18083.4762,0
13463,249.23,18053.6496,18083.4762,0
13464,249.23,18053.6496,18083.4762,0
13465,249.26,18053.6496,18083.4762,0
13466,249.26,18053.6496,18083.4762,0
13467,249.26,18053.6496,18083.4762,0
13468,249.26,18053.6496,18083.4762,0
13469,249.26,18053.6496,18083.4762,0
13471,249.31,18053.6517,18083.4762,0
13472,249.38,18053.6496,18083.4762,0
13473,249.42,18053.6496,18083.4762,0
13478,249.43,18053.6496,18083.4762,0
13479,249.43,18053.6496,18083.4762,0
13482,249.50,18053.6517,18083.4762,0
13483,249.54,18053.6517,18083.4762,0
13484,249.54,18053.6517,18083.4762,0
13485,249.57,18053.6517,18083.4762,0
13486,249.57,18053.6517,18083.4762,0
13487,249.57,18053.6517,18083.4762,0
13489,249.58,18053.6517,18083.4762,0
13490,249.58,18053.6517,18083.4762,0
13491,249.58,18053.6517,18083.4762,0
13492,249.62,18053.6496,18083.4762,0
13493,249.65,18053.6496,18083.4762,0
13495,249.66,18053.6496,18083.4762,0
13496,249.66,18053.6496,18083.4762,0
13497,249.66,18053.6496,18083.4762,0
13499,249.66,18053.6496,18083.4762,0
13501,249.70,18053.6496,18083.4762,0
13502,249.70,18053.6496,18083.4762,0
13503,249.74,18053.6517,18083.4762,0
13504,249.77,18053.6517,18083.4762,0
13505,249.77,18053.6517,18083.4762,0
13507,249.85,18053.6496,18083.4762,0
13508,249.89,18053.6496,18083.4762,0
13509,249.92,18053.6496,18083.4762,0
13511,249.97,18053.6517,18083.4762,0
13513,250.01,18053.6517,18083.4762,0
13514,250.01,18053.6517,18083.4762,0
13516,250.01,18053.6517,18083.4762,0
13517,250.01,18053.6517,18083.4762,0
13518,250.01,18053.6517,18083.4762,0
13519,250.04,18053.6517,18083.4762,0
13520,250.09,18053.6496,18083.4762,0
13521,250.16,18053.6517,18083.4762,0
13522,250.20,18053.6517,18083.4762,0
13523,250.23,18053.6517,18083.4762,0
13524,250.23,18053.6517,18083.4762,0
13526,250.24,18053.6517,18083.4762,0
13527,250.24,18053.6517,18083.4762,0
13529,250.24,18053.6517,18083.4762,0
13530,250.24,18053.6517,18083.4762,0
13531,250.24,18053.6517,18083.4762,0
13534,250.24,18053.6517,18083.4762,0
13535,250.24,18053.6517,18083.4762,0
13536,250.24,18053.6517,18083.4762,0
13537,250.24,18053.6517,18083.4762,0
13539,250.24,18053.6517,18083.4762,0
13540,250.28,18053.6496,18083.4762,0
13541,250.32,18053.6496,18083.4762,0
13542,250.32,18053.6496,18083.4762,0
13543,250.38,18053.6517,18083.4762,0
13545,250.41,18053.6517,18083.4762,0
13546,250.45,18053.6517,18083.4762,0
13547,250.45,18053.6517,18083.4762,0
13548,250.45,18053.6517,18083.4762,0
13549,250.45,18053.6517,18083.4762,0
13550,250.45,18053.6517,18083.4762,0
13551,250.50,18053.6496,18083.4762,0
13553,250.50,18053.6496,18083.4762,0
13554,250.54,18053.6496,18083.4762,0
13555,250.54,18053.6496,18083.4762,0
13556,250.54,18053.6496,18083.4762,0
13557,250.54,18053.6496,18083.4762,0
13558,250.57,18053.6496,18083.4762,0
13559,250.57,18053.6496,18083.4762,0
13560,250.57,18053.6496,18083.4762,0
13561,250.57,18053.6496,18083.4762,0
13562,250.57,18053.6496,18083.4762,0
13563,250.61,18053.6517,18083.4762,0
13564,250.69,18053.6496,18083.4762,0
13567,250.73,18053.6496,18083.4762,0
13568,250.73,18053.6496,18083.4762,0
13569,250.73,18053.6496,18083.4762,0
13570,250.77,18053.6517,18083.4762,0
13571,250.80,18053.6517,18083.4762,0
13572,250.81,18053.6517,18083.4762,0
13573,250.81,18053.6517,18083.4762,0
13574,250.84,18053.6517,18083.4762,0
13575,250.88,18053.6496,18083.4762,0
13577,250.89,18053.6496,18083.4762,0
13578,250.97,18053.6517,18083.4762,0
13579,251.05,18053.6496,18083.4762,0
13581,251.08,18053.6496,18083.4762,0
13582,251.08,18053.6496,18083.4762,0
13584,251.09,18053.6496,18083.4762,0
13585,251.09,18053.6496,18083.4762,0
13586,251.09,18053.6496,18083.4762,0
13587,251.13,18053.6517,18083.4762,0
13588,251.13,18053.6517,18083.4762,0
13589,251.17,18053.6517,18083.4762,0
13590,251.21,18053.6496,18083.4762,0
13592,251.29,18053.6517,18083.4762,0
13593,251.32,18053.6517,18083.4762,0
13595,251.36,18053.6517,18083.4762,0
13596,251.40,18053.6496,18083.4762,0
13597,251.41,18053.6496,18083.4762,0
13598,251.48,18053.6517,18083.4762,0
13600,251.49,18053.6517,18083.4762,0
13602,251.49,18053.6517,18083.4762,0
13603,251.49,18053.6517,18083.4762,0
13604,251.49,18053.6517,18083.4762,0
13605,251.49,18053.6517,18083.4762,0
13609,251.53,18053.6517,18083.4762,0
13611,251.53,18053.6517,18083.4762,0
13612,251.53,18053.6517,18083.4762,0
13613,251.53,18053.6517,18083.4762,0
13614,251.56,18053.6517,18083.4762,0
13615,251.56,18053.6517,18083.4762,0
13616,251.56,18053.6517,18083.4762,0
13618,251.56,18053.6517,18083.4762,0
13619,251.56,18053.6517,18083.4762,0
13620,251.56,18053.6517,18083.4762,0
13621,251.56,18053.6517,18083.4762,0
13622,251.56,18053.6517,18083.4762,0
13623,251.60,18053.6496,18083.4762,0
13624,251.61,18053.6496,18083.4762,0
13625,251.64,18053.6496,18083.4762,0
13626,251.67,18053.6496,18083.4762,0
13627,251.67,18053.6496,18083.4762,0
13628,251.67,18053.6496,18083.4762,0
13629,251.72,18053.6517,18083.4762,0
13630,251.75,18053.6517,18083.4762,0
13631,251.78,18053.6517,18083.4762,0
13632,251.78,18053.6517,18083.4762,0
13633,251.83,18053.6496,18083.4762,0
13635,251.91,18053.6517,18083.4762,0
13636,251.98,18053.6496,18083.4762,0
13637,252.02,18053.6496,18083.4762,0
13638,252.06,18053.6517,18083.4762,0
13640,252.07,18053.6517,18083.4762,0
13641,252.15,18053.6496,18083.4762,0
13642,252.15,18053.6496,18083.4762,0
13644,252.15,18053.6496,18083.4762,0
13646,252.23,18053.6517,18083.4762,0
13647,252.24,18053.6517,18083.4762,0
13648,252.27,18053.6517,18083.4762,0
13649,252.30,18053.6517,18083.4762,0
13651,252.31,18053.6517,18083.4762,0
13652,252.31,18053.6517,18083.4762,0
13653,252.31,18053.6517,18083.4762,0
13654,252.31,18053.6517,18083.4762,0
13655,252.31,18053.6517,18083.4762,0
13657,252.35,18053.6496,18083.4762,0
13658,252.38,18053.6496,18083.4762,0
13661,252.39,18053.6496,18083.4762,0
13662,252.39,18053.6496,18083.4762,0
13664,252.43,18053.6517,18083.4762,0
13665,252.47,18053.6517,18083.4762,0
13668,252.48,18053.6517,18083.4762,0
13669,252.48,18053.6517,18083.4762,0
13670,252.48,18053.6517,18083.4762,0
13672,252.48,18053.6517,18083.4762,0
13673,252.55,18053.6496,18083.4762,0
13674,252.59,18053.6496,18083.4762,0
13675,252.62,18053.6496,18083.4762,0
13676,252.62,18053.6496,18083.4762,0
13677,252.66,18053.6517,18083.4762,0
13678,252.67,18053.6517,18083.4762,0
13679,252.70,18053.6517,18083.4762,0
13680,252.70,18053.6517,18083.4762,0
13681,252.70,18053.6517,18083.4762,0
13683,252.71,18053.6517,18083.4762,0
13684,252.71,18053.6517,18083.4762,0
13685,252.71,18053.6517,18083.4762,0
13686,252.74,18053.6517,18083.4762,0
13687,252.74,18053.6517,18083.4762,0
13688,252.74,18053.6517,18083.4762,0
13689,252.78,18053.6496,18083.4762,0
13691,252.79,18053.6496,18083.4762,0
13692,252.79,18053.6496,18083.4762,0
13693,252.82,18053.6496,18083.4762,0
13694,252.86,18053.6496,18083.4762,0
13695,252.86,18053.6496,18083.4762,0
13697,252.86,18053.6496,18083.4762,0
13699,252.86,18053.6496,18083.4762,0
13700,252.86,18053.6496,18083.4762,0
13702,252.90,18053.6517,18083.4762,0
13703,252.90,18053.6517,18083.4762,0
13707,252.91,18053.6517,18083.4762,0
13709,252.94,18053.6517,18083.4762,0
13711,252.94,18053.6517,18083.4762,0
13712,252.94,18053.6517,18083.4762,0
13713,253.02,18053.6496,18083.4762,0
13714,253.05,18053.6496,18083.4762,0
13715,253.12,18053.6517,18083.4762,0
13716,253.16,18053.6517,18083.4762,0
13717,253.16,18053.6517,18083.4762,0
13718,253.16,18053.6517,18083.4762,0
13719,253.16,18053.6517,18083.4762,0
13720,253.20,18053.6496,18083.4762,0
13723,253.28,18053.6517,18083.4762,0
13725,253.36,18053.6496,18083.4762,0
13728,253.44,18053.6517,18083.4762,0
13729,253.45,18053.6517,18083.4762,0
13730,253.45,18053.6517,18083.4762,0
13731,253.53,18053.6496,18083.4762,0
13732,253.53,18053.6496,18083.4762,0
13733,253.57,18053.6496,18083.4762,0
13734,253.57,18053.6496,18083.4762,0
13735,253.57,18053.6496,18083.4762,0
13736,253.57,18053.6496,18083.4762,0
13737,253.61,18053.6517,18083.4762,0
13739,253.62,18053.6517,18083.4762,0
13740,253.62,18053.6517,18083.4762,0
13741,253.70,18053.6496,18083.4762,0
13742,253.73,18053.6496,18083.4762,0
13743,253.80,18053.6517,18083.4762,0
13744,253.84,18053.6517,18083.4762,0
13745,253.88,18053.6496,18083.4762,0
13746,253.88,18053.6496,18083.4762,0
13747,253.92,18053.6496,18083.4762,0
13749,253.96,18053.6496,18083.4762,0
13750,253.96,18053.6496,18083.4762,0
13751,253.96,18053.6496,18083.4762,0
13752,253.96,18053.6496,18083.4762,0
13753,253.96,18053.6496,18083.4762,0
13754,253.96,18053.6496,18083.4762,0
13756,253.96,18053.6496,18083.4762,0
13757,253.96,18053.6496,18083.4762,0
13758,253.96,18053.6496,18083.4762,0
13759,254.00,18053.6517,18083.4762,0
13760,254.03,18053.6517,18083.4762,0
13762,254.04,18053.6517,18083.4762,0
13764,254.04,18053.6517,18083.4762,0
13765,254.04,18053.6517,18083.4762,0
13766,254.04,18053.6517,18083.4762,0
13767,254.04,18053.6517,18083.4762,0
13768,254.04,18053.6517,18083.4762,0
13770,254.07,18053.6517,18083.4762,0
13771,254.12,18053.6496,18083.4762,0
13772,254.15,18053.6496,18083.4762,0
13774,254.16,18053.6496,18083.4762,0
13776,254.16,18053.6496,18083.4762,0
13777,254.19,18053.6496,18083.4762,0
13778,254.19,18053.6496,18083.4762,0
13780,254.19,18053.6496,18083.4762,0
13781,254.19,18053.6496,18083.4762,0
13782,254.23,18053.6517,18083.4762,0
13783,254.27,18053.6517,18083.4762,0
13784,254.30,18053.6517,18083.4762,0
13785,254.30,18053.6517,18083.4762,0
13786,254.30,18053.6517,18083.4762,0
13787,254.34,18053.6496,18083.4762,0
13789,254.38,18053.6496,18083.4762,0
13791,254.41,18053.6496,18083.4762,0
13792,254.42,18053.6496,18083.4762,0
13793,254.42,18053.6496,18083.4762,0
13794,254.46,18053.6517,18083.4762,0
13795,254.46,18053.6517,18083.4762,0
13796,254.46,18053.6517,18083.4762,0
13797,254.46,18053.6517,18083.4762,0
13799,254.50,18053.6517,18083.4762,0
13800,254.50,18053.6517,18083.4762,0
13801,254.53,18053.6517,18083.4762,0
13802,254.53,18053.6517,18083.4762,0
13803,254.53,18053.6517,18083.4762,0
13804,254.53,18053.6517,18083.4762,0
13805,254.53,18053.6517,18083.4762,0
13806,254.53,18053.6517,18083.4762,0
13807,254.57,18053.6496,18083.4762,0
13808,254.61,18053.6496,18083.4762,0
13809,254.61,18053.6496,18083.4762,0
13810,254.61,18053.6496,18083.4762,0
13811,254.65,18053.6496,18083.4762,0
13812,254.65,18053.6496,18083.4762,0
13815,254.65,18053.6496,18083.4762,0
13816,254.69,18053.6517,18083.4762,0
13818,254.73,18053.6517,18083.4762,0
13819,254.74,18053.6517,18083.4762,0
13820,254.77,18053.6517,18083.4762,0
13821,254.77,18053.6517,18083.4762,0
13822,254.81,18053.6496,18083.4762,0
13823,254.82,18053.6496,18083.4762,0
13824,254.85,18053.6496,18083.4762,0
13826,254.89,18053.6496,18083.4762,0
13827,254.89,18053.6496,18083.4762,0
13828,254.89,18053.6496,18083.4762,0
13830,254.89,18053.6496,18083.4762,0
13832,254.89,18053.6496,18083.4762,0
13837,254.93,18053.6517,18083.4762,0
13839,254.94,18053.6517,18083.4762,0
13840,254.97,18053.6517,18083.4762,0
13841,254.97,18053.6517,18083.4762,0
13842,255.00,18053.6517,18083.4762,0
13843,255.00,18053.6517,18083.4762,0
13844,255.00,18053.6517,18083.4762,0
13846,255.00,18053.6517,18083.4762,0
13848,255.00,18053.6517,18083.4762,0
13849,255.00,18053.6517,18083.4762,0
13850,255.00,18053.6517,18083.4762,0
13851,255.05,18053.6496,18083.4762,0
13853,255.09,18053.6496,18083.4762,0
13854,255.12,18053.6496,18083.4762,0
13855,255.12,18053.6496,18083.4762,0
13856,255.17,18053.6517,18083.4762,0
13857,255.20,18053.6517,18083.4762,0
13858,255.24,18053.6496,18083.4762,0
13859,255.25,18053.6496,18083.4762,0
13860,255.32,18053.6517,18083.4762,0
13861,255.36,18053.6517,18083.4762,0
13862,255.36,18053.6517,18083.4762,0
13863,255.40,18053.6517,18083.4762,0
13864,255.40,18053.6517,18083.4762,0
13867,255.40,18053.6517,18083.4762,0
13868,255.40,18053.6517,18083.4762,0
13870,255.40,18053.6517,18083.4762,0
13871,255.40,18053.6517,18083.4762,0
13873,255.40,18053.6517,18083.4762,0
13875,255.40,18053.6517,18083.4762,0
13877,255.44,18053.6496,18083.4762,0
13878,255.48,18053.6496,18083.4762,0
13879,255.51,18053.6496,18083.4762,0
13881,255.51,18053.6496,18083.4762,0
13882,255.51,18053.6496,18083.4762,0
13883,255.52,18053.6496,18083.4762,0
13884,255.52,18053.6496,18083.4762,0
13885,255.52,18053.6496,18083.4762,0
13887,255.56,18053.6517,18083.4762,0
13888,255.60,18053.6517,18083.4762,0
13889,255.63,18053.6517,18083.4762,0
13890,255.63,18053.6517,18083.4762,0
13892,255.63,18053.6517,18083.4762,0
13893,255.68,18053.6496,18083.4762,0
13894,255.75,18053.6517,18083.4762,0
13897,255.79,18053.6517,18083.4762,0
13898,255.80,18053.6517,18083.4762,0
13899,255.80,18053.6517,18083.4762,0
13900,255.80,18053.6517,18083.4762,0
13901,255.80,18053.6517,18083.4762,0
13902,255.80,18053.6517,18083.4762,0
13903,255.80,18053.6517,18083.4762,0
13906,255.80,18053.6517,18083.4762,0
13908,255.80,18053.6517,18083.4762,0
13910,255.80,18053.6517,18083.4762,0
13911,255.80,18053.6517,18083.4762,0
13912,255.80,18053.6517,18083.4762,0
13913,255.84,18053.6496,18083.4762,0
13916,255.85,18053.6496,18083.4762,0
13917,255.93,18053.6517,18083.4762,0
13918,255.96,18053.6517,18083.4762,0
13919,255.96,18053.6517,18083.4762,0
13923,255.97,18053.6517,18083.4762,0
13924,256.00,18053.6517,18083.4762,0
13925,256.00,18053.6517,18083.4762,0
13927,256.05,18053.6496,18083.4762,0
13928,256.05,18053.6496,18083.4762,0
13929,256.08,18053.6496,18083.4762,0
13930,256.08,18053.6496,18083.4762,0
13932,256.09,18053.6496,18083.4762,0
13933,256.12,18053.6496,18083.4762,0
13935,256.16,18053.6517,18083.4762,0
13936,256.17,18053.6517,18083.4762,0
13937,256.24,18053.6496,18083.4762,0
13938,256.28,18053.6496,18083.4762,0
13941,256.28,18053.6496,18083.4762,0
13943,256.28,18053.6496,18083.4762,0
13945,256.28,18053.6496,18083.4762,0
13946,256.32,18053.6496,18083.4762,0
13947,256.36,18053.6517,18083.4762,0
13948,256.39,18053.6517,18083.4762,0
13950,256.40,18053.6517,18083.4762,0
13951,256.43,18053.6517,18083.4762,0
13953,256.43,18053.6517,18083.4762,0
13954,256.43,18053.6517,18083.4762,0
13955,256.43,18053.6517,18083.4762,0
13956,256.43,18053.6517,18083.4762,0
13957,256.43,18053.6517,18083.4762,0
13958,256.43,18053.6517,18083.4762,0
13960,256.43,18053.6517,18083.4762,0
13961,256.43,18053.6517,18083.4762,0
13962,256.48,18053.6496,18083.4762,0
13963,256.51,18053.6496,18083.4762,0
13966,256.59,18053.6517,18083.4762,0
13968,256.60,18053.6517,18083.4762,0
13970,256.63,18053.6517,18083.4762,0
13972,256.63,18053.6517,18083.4762,0
13973,256.67,18053.6517,18083.4762,0
13975,256.67,18053.6517,18083.4762,0
13978,256.67,18053.6517,18083.4762,0
13979,256.67,18053.6517,18083.4762,0
13980,256.67,18053.6517,18083.4762,0
13981,256.73,18053.6496,18083.4762,0
13983,256.77,18053.6496,18083.4762,0
13984,256.77,18053.6496,18083.4762,0
13985,256.85,18053.6517,18083.4762,0
13987,256.93,18053.6496,18083.4762,0
13989,256.94,18053.6496,18083.4762,0
13990,256.97,18053.6496,18083.4762,0
13992,257.00,18053.6496,18083.4762,0
13993,257.05,18053.6517,18083.4762,0
13995,257.08,18053.6517,18083.4762,0
13998,257.16,18053.6496,18083.4762,0
13999,257.24,18053.6517,18083.4762,0
14001,257.27,18053.6517,18083.4762,0
14002,257.31,18053.6517,18083.4762,0
14004,257.31,18053.6517,18083.4762,0
14005,257.31,18053.6517,18083.4762,0
14006,257.31,18053.6517,18083.4762,0
14007,257.31,18053.6517,18083.4762,0
14008,257.31,18053.6517,18083.4762,0
14009,257.31,18053.6517,18083.4762,0
14010,257.31,18053.6517,18083.4762,0
14011,257.31,18053.6517,18083.4762,0
14012,257.31,18053.6517,18083.4762,0
14013,257.31,18053.6517,18083.4762,0
14014,257.36,18053.6496,18083.4762,0
14015,257.39,18053.6496,18083.4762,0
14016,257.40,18053.6496,18083.4762,0
14018,257.47,18053.6517,18083.4762,0
14020,257.51,18053.6517,18083.4762,0
14021,257.51,18053.6517,18083.4762,0
14022,257.55,18053.6517,18083.4762,0
14023,257.55,18053.6517,18083.4762,0
14024,257.55,18053.6517,18083.4762,0
14025,257.55,18053.6517,18083.4762,0
14026,257.55,18053.6517,18083.4762,0
14027,257.55,18053.6517,18083.4762,0
14028,257.55,18053.6517,18083.4762,0
14030,257.55,18053.6517,18083.4762,0
14031,257.55,18053.6517,18083.4762,0
14035,257.55,18053.6517,18083.4762,0
14036,257.59,18053.6496,18083.4762,0
14037,257.63,18053.6496,18083.4762,0
14038,257.63,18053.6496,18083.4762,0
14039,257.63,18053.6496,18083.4762,0
14040,257.71,18053.6517,18083.4762,0
14041,257.71,18053.6517,18083.4762,0
14045,257.72,18053.6517,18083.4762,0
14046,257.72,18053.6517,18083.4762,0
14047,257.72,18053.6517,18083.4762,0
14048,257.79,18053.6496,18083.4762,0
14049,257.83,18053.6496,18083.4762,0
14050,257.83,18053.6496,18083.4762,0
14052,257.84,18053.6496,18083.4762,0
14053,257.87,18053.6496,18083.4762,0
14054,257.87,18053.6496,18083.4762,0
14056,257.87,18053.6496,18083.4762,0
14058,257.87,18053.6496,18083.4762,0
14060,257.87,18053.6496,18083.4762,0
14062,257.87,18053.6496,18083.4762,0
14063,257.87,18053.6496,18083.4762,0
14064,257.87,18053.6496,18083.4762,0
14065,257.87,18053.6496,18083.4762,0
14066,257.87,18053.6496,18083.4762,0
14067,257.87,18053.6496,18083.4762,0
14068,257.91,18053.6517,18083.4762,0
14069,257.95,18053.6517,18083.4762,0
14070,257.98,18053.6517,18083.4762,0
14072,257.99,18053.6517,18083.4762,0
14076,257.99,18053.6517,18083.4762,0
14078,258.03,18053.6496,18083.4762,0
14079,258.04,18053.6496,18083.4762,0
14080,258.04,18053.6496,18083.4762,0
14081,258.07,18053.6496,18083.4762,0
14083,258.07,18053.6496,18083.4762,0
14084,258.07,18053.6496,18083.4762,0
14085,258.11,18053.6496,18083.4762,0
14086,258.15,18053.6517,18083.4762,0
14087,258.18,18053.6517,18083.4762,0
14088,258.19,18053.6517,18083.4762,0
14090,258.19,18053.6517,18083.4762,0
14091,258.19,18053.6517,18083.4762,0
14092,258.19,18053.6517,18083.4762,0
14094,258.19,18053.6517,18083.4762,0
14096,258.19,18053.6517,18083.4762,0
14097,258.22,18053.6517,18083.4762,0
14098,258.22,18053.6517,18083.4762,0
14099,258.22,18053.6517,18083.4762,0
14100,258.22,18053.6517,18083.4762,0
14101,258.22,18053.6517,18083.4762,0
14102,258.22,18053.6517,18083.4762,0
14103,258.22,18053.6517,18083.4762,0
14105,258.27,18053.6496,18083.4762,0
14106,258.27,18053.6496,18083.4762,0
14107,258.35,18053.6517,18083.4762,0
14108,258.35,18053.6517,18083.4762,0
14110,258.36,18053.6517,18083.4762,0
14111,258.43,18053.6496,18083.4762,0
14112,258.51,18053.6517,18083.4762,0
14113,258.54,18053.6517,18083.4762,0
14115,258.54,18053.6517,18083.4762,0
14116,258.58,18053.6517,18083.4762,0
14117,258.58,18053.6517,18083.4762,0
14118,258.58,18053.6517,18083.4762,0
14119,258.62,18053.6496,18083.4762,0
14120,258.65,18053.6496,18083.4762,0
14121,258.69,18053.6496,18083.4762,0
14122,258.69,18053.6496,18083.4762,0
14123,258.73,18053.6517,18083.4762,0
14124,258.74,18053.6517,18083.4762,0
14125,258.74,18053.6517,18083.4762,0
14126,258.77,18053.6517,18083.4762,0
14127,258.80,18053.6517,18083.4762,0
14128,258.80,18053.6517,18083.4762,0
14129,258.85,18053.6496,18083.4762,0
14136,258.85,18053.6496,18083.4762,0
14137,258.85,18053.6496,18083.4762,0
14138,258.89,18053.6496,18083.4762,0
14139,258.92,18053.6496,18083.4762,0
14140,258.97,18053.6517,18083.4762,0
14141,258.97,18053.6517,18083.4762,0
14143,259.01,18053.6517,18083.4762,0
14146,259.05,18053.6496,18083.4762,0
14147,259.13,18053.6517,18083.4762,0
14148,259.13,18053.6517,18083.4762,0
14149,259.16,18053.6517,18083.4762,0
14150,259.21,18053.6496,18083.4762,0
14151,259.28,18053.6517,18083.4762,0
14152,259.32,18053.6517,18083.4762,0
14153,259.32,18053.6517,18083.4762,0
14154,259.32,18053.6517,18083.4762,0
14157,259.32,18053.6517,18083.4762,0
14158,259.36,18053.6496,18083.4762,0
14161,259.40,18053.6496,18083.4762,0
14162,259.40,18053.6496,18083.4762,0
14163,259.40,18053.6496,18083.4762,0
14164,259.40,18053.6496,18083.4762,0
14165,259.40,18053.6496,18083.4762,0
14166,259.40,18053.6496,18083.4762,0
14167,259.44,18053.6496,18083.4762,0
14168,259.48,18053.6517,18083.4762,0
14169,259.51,18053.6517,18083.4762,0
14170,259.56,18053.6496,18083.4762,0
14171,259.59,18053.6496,18083.4762,0
14172,259.59,18053.6496,18083.4762,0
14173,259.62,18053.6496,18083.4762,0
14174,259.63,18053.6496,18083.4762,0
14175,259.63,18053.6496,18083.4762,0
14176,259.63,18053.6496,18083.4762,0
14177,259.63,18053.6496,18083.4762,0
14178,259.67,18053.6517,18083.4762,0
14179,259.70,18053.6517,18083.4762,0
14180,259.74,18053.6517,18083.4762,0
14181,259.74,18053.6517,18083.4762,0
14182,259.74,18053.6517,18083.4762,0
14183,259.74,18053.6517,18083.4762,0
14186,259.75,18053.6517,18083.4762,0
14190,259.79,18053.6496,18083.4762,0
14191,259.82,18053.6496,18083.4762,0
14193,259.83,18053.6496,18083.4762,0
14196,259.83,18053.6496,18083.4762,0
14197,259.83,18053.6496,18083.4762,0
14198,259.83,18053.6496,18083.4762,0
14200,259.87,18053.6517,18083.4762,0
14201,259.91,18053.6517,18083.4762,0
14202,259.91,18053.6517,18083.4762,0
14203,259.94,18053.6517,18083.4762,0
14205,259.95,18053.6517,18083.4762,0
14206,259.95,18053.6517,18083.4762,0
14207,259.99,18053.6496,18083.4762,0
14209,260.07,18053.6517,18083.4762,0
14210,260.07,18053.6517,18083.4762,0
14211,260.07,18053.6517,18083.4762,0
14212,260.15,18053.6496,18083.4762,0
14213,260.18,18053.6496,18083.4762,0
14215,260.22,18053.6496,18083.4762,0
14216,260.22,18053.6496,18083.4762,0
14218,260.22,18053.6496,18083.4762,0
14219,260.27,18053.6517,18083.4762,0
14221,260.35,18053.6496,18083.4762,0
14224,260.38,18053.6496,18083.4762,0
14225,260.39,18053.6496,18083.4762,0
14226,260.43,18053.6517,18083.4762,0
14227,260.51,18053.6496,18083.4762,0
14228,260.54,18053.6496,18083.4762,0
14230,260.54,18053.6496,18083.4762,0
14231,260.58,18053.6496,18083.4762,0
14232,260.58,18053.6496,18083.4762,0
14233,260.58,18053.6496,18083.4762,0
14234,260.58,18053.6496,18083.4762,0
14235,260.62,18053.6517,18083.4762,0
14236,260.66,18053.6517,18083.4762,0
14237,260.69,18053.6517,18083.4762,0
14238,260.73,18053.6496,18083.4762,0
14240,260.77,18053.6496,18083.4762,0
14241,260.78,18053.6496,18083.4762,0
14243,260.78,18053.6496,18083.4762,0
14244,260.81,18053.6496,18083.4762,0
14245,260.81,18053.6496,18083.4762,0
14247,260.85,18053.6517,18083.4762,0
14248,260.86,18053.6517,18083.4762,0
14250,260.86,18053.6517,18083.4762,0
14251,260.94,18053.6496,18083.4762,0
14252,260.97,18053.6496,18083.4762,0
14253,261.01,18053.6517,18083.4762,0
14254,261.05,18053.6517,18083.4762,0
14255,261.08,18053.6517,18083.4762,0
14256,261.09,18053.6517,18083.4762,0
14257,261.09,18053.6517,18083.4762,0
14258,261.09,18053.6517,18083.4762,0
14259,261.09,18053.6517,18083.4762,0
14260,261.09,18053.6517,18083.4762,0
14263,261.09,18053.6517,18083.4762,0
14264,261.09,18053.6517,18083.4762,0
14265,261.09,18053.6517,18083.4762,0
14266,261.13,18053.6496,18083.4762,0
14267,261.17,18053.6496,18083.4762,0
14269,261.20,18053.6496,18083.4762,0
14270,261.20,18053.6496,18083.4762,0
14271,261.25,18053.6517,18083.4762,0
14272,261.25,18053.6517,18083.4762,0
14273,261.33,18053.6496,18083.4762,0
14274,261.36,18053.6496,18083.4762,0
14275,261.36,18053.6496,18083.4762,0
14276,261.40,18053.6496,18083.4762,0
14277,261.44,18053.6517,18083.4762,0
14278,261.52,18053.6496,18083.4762,0
14279,261.59,18053.6517,18083.4762,0
14280,261.63,18053.6517,18083.4762,0
14281,261.70,18053.6496,18083.4762,0
14282,261.71,18053.6496,18083.4762,0
14283,261.74,18053.6496,18083.4762,0
14284,261.78,18053.6496,18083.4762,0
14286,261.82,18053.6517,18083.4762,0
14289,261.83,18053.6517,18083.4762,0
14291,261.86,18053.6517,18083.4762,0
14293,261.90,18053.6496,18083.4762,0
14294,261.94,18053.6496,18083.4762,0
14296,261.95,18053.6496,18083.4762,0
14297,261.95,18053.6496,18083.4762,0
14298,261.98,18053.6496,18083.4762,0
14299,261.98,18053.6496,18083.4762,0
14303,261.98,18053.6496,18083.4762,0
14304,262.02,18053.6517,18083.4762,0
14306,262.06,18053.6517,18083.4762,0
14307,262.07,18053.6517,18083.4762,0
14309,262.07,18053.6517,18083.4762,0
14310,262.07,18053.6517,18083.4762,0
14312,262.07,18053.6517,18083.4762,0
14313,262.07,18053.6517,18083.4762,0
14314,262.10,18053.6517,18083.4762,0
14315,262.16,18053.6496,18083.4762,0
14316,262.20,18053.6496,18083.4762,0
14317,262.20,18053.6496,18083.4762,0
14318,262.20,18053.6496,18083.4762,0
14321,262.20,18053.6496,18083.4762,0
14322,262.20,18053.6496,18083.4762,0
14323,262.24,18053.6496,18083.4762,0
14324,262.28,18053.6517,18083.4762,0
14325,262.31,18053.6517,18083.4762,0
14326,262.32,18053.6517,18083.4762,0
14327,262.32,18053.6517,18083.4762,0
14328,262.32,18053.6517,18083.4762,0
14329,262.32,18053.6517,18083.4762,0
14330,262.32,18053.6517,18083.4762,0
14331,262.32,18053.6517,18083.4762,0
14332,262.35,18053.6517,18083.4762,0
14333,262.35,18053.6517,18083.4762,0
14334,262.35,18053.6517,18083.4762,0
14335,262.35,18053.6517,18083.4762,0
14336,262.35,18053.6517,18083.4762,0
14337,262.35,18053.6517,18083.4762,0
14338,262.35,18053.6517,18083.4762,0
14339,262.35,18053.6517,18083.4762,0
14340,262.40,18053.6517,18083.4762,0
14343,262.40,18053.6517,18083.4762,0
14344,262.45,18053.6496,18083.4762,0
14345,262.48,18053.6496,18083.4762,0
14346,262.49,18053.6496,18083.4762,0
14347,262.49,18053.6496,18083.4762,0
14348,262.49,18053.6496,18083.4762,0
14349,262.52,18053.6496,18083.4762,0
14351,262.52,18053.6496,18083.4762,0
14352,262.57,18053.6517,18083.4762,0
14353,262.60,18053.6517,18083.4762,0
14354,262.64,18053.6496,18083.4762,0
14355,262.65,18053.6496,18083.4762,0
14358,262.69,18053.6496,18083.4762,0
14360,262.73,18053.6517,18083.4762,0
14361,262.73,18053.6517,18083.4762,0
14362,262.77,18053.6517,18083.4762,0
14363,262.80,18053.6517,18083.4762,0
14364,262.80,18053.6517,18083.4762,0
14365,262.80,18053.6517,18083.4762,0
14367,262.80,18053.6517,18083.4762,0
14369,262.85,18053.6496,18083.4762,0
14370,262.85,18053.6496,18083.4762,0
14371,262.85,18053.6496,18083.4762,0
14372,262.89,18053.6496,18083.4762,0
14374,262.92,18053.6496,18083.4762,0
14376,262.92,18053.6496,18083.4762,0
14377,262.92,18053.6496,18083.4762,0
14378,262.92,18053.6496,18083.4762,0
14379,262.92,18053.6496,18083.4762,0
14380,262.92,18053.6496,18083.4762,0
14381,262.96,18053.6517,18083.4762,0
14382,263.00,18053.6517,18083.4762,0
14383,263.03,18053.6517,18083.4762,0
14385,263.04,18053.6517,18083.4762,0
14386,263.04,18053.6517,18083.4762,0
14388,263.04,18053.6517,18083.4762,0
14389,263.04,18053.6517,18083.4762,0
14390,263.08,18053.6496,18083.4762,0
14391,263.12,18053.6496,18083.4762,0
14392,263.15,18053.6496,18083.4762,0
14393,263.19,18053.6517,18083.4762,0
14394,263.20,18053.6517,18083.4762,0
14395,263.20,18053.6517,18083.4762,0
14396,263.23,18053.6517,18083.4762,0
14397,263.23,18053.6517,18083.4762,0
14398,263.26,18053.6517,18083.4762,0
14399,263.31,18053.6496,18083.4762,0
14400,263.31,18053.6496,18083.4762,0
14401,263.35,18053.6496,18083.4762,0
14402,263.38,18053.6496,18083.4762,0
14403,263.38,18053.6496,18083.4762,0
14406,263.38,18053.6496,18083.4762,0
14407,263.38,18053.6496,18083.4762,0
14408,263.38,18053.6496,18083.4762,0
14409,263.38,18053.6496,18083.4762,0
14412,263.38,18053.6496,18083.4762,0
14413,263.38,18053.6496,18083.4762,0
14414,263.43,18053.6517,18083.4762,0
14415,263.46,18053.6517,18083.4762,0
14418,263.50,18053.6517,18083.4762,0
14420,263.50,18053.6517,18083.4762,0
14421,263.50,18053.6517,18083.4762,0
14422,263.50,18053.6517,18083.4762,0
14423,263.50,18053.6517,18083.4762,0
14424,263.50,18053.6517,18083.4762,0
14425,263.50,18053.6517,18083.4762,0
14426,263.50,18053.6517,18083.4762,0
14427,263.55,18053.6496,18083.4762,0
14428,263.58,18053.6496,18083.4762,0
14429,263.58,18053.6496,18083.4762,0
14430,263.62,18053.6496,18083.4762,0
14431,263.66,18053.6517,18083.4762,0
14432,263.70,18053.6517,18083.4762,0
14433,263.73,18053.6517,18083.4762,0
14434,263.74,18053.6517,18083.4762,0
14435,263.78,18053.6496,18083.4762,0
14436,263.79,18053.6496,18083.4762,0
14437,263.82,18053.6496,18083.4762,0
14438,263.89,18053.6517,18083.4762,0
14439,263.90,18053.6517,18083.4762,0
14440,263.90,18053.6517,18083.4762,0
14443,263.94,18053.6517,18083.4762,0
14446,263.94,18053.6517,18083.4762,0
14447,263.94,18053.6517,18083.4762,0
14448,263.98,18053.6496,18083.4762,0
14449,264.01,18053.6496,18083.4762,0
14450,264.06,18053.6517,18083.4762,0
14451,264.09,18053.6517,18083.4762,0
14452,264.12,18053.6517,18083.4762,0
14453,264.13,18053.6517,18083.4762,0
14454,264.13,18053.6517,18083.4762,0
14456,264.13,18053.6517,18083.4762,0
14457,264.13,18053.6517,18083.4762,0
14458,264.13,18053.6517,18083.4762,0
14459,264.17,18053.6496,18083.4762,0
14461,264.18,18053.6496,18083.4762,0
14462,264.18,18053.6496,18083.4762,0
14463,264.22,18053.6496,18083.4762,0
14464,264.22,18053.6496,18083.4762,0
14465,264.22,18053.6496,18083.4762,0
14466,264.26,18053.6517,18083.4762,0
14467,264.33,18053.6496,18083.4762,0
14469,264.37,18053.6496,18083.4762,0
14471,264.37,18053.6496,18083.4762,0
14472,264.40,18053.6496,18083.4762,0
14474,264.40,18053.6496,18083.4762,0
14475,264.41,18053.6496,18083.4762,0
14476,264.46,18053.6496,18083.4762,0
14478,264.46,18053.6496,18083.4762,0
14479,264.50,18053.6517,18083.4762,0
14482,264.51,18053.6517,18083.4762,0
14483,264.55,18053.6517,18083.4762,0
14485,264.55,18053.6517,18083.4762,0
14486,264.55,18053.6517,18083.4762,0
14487,264.55,18053.6517,18083.4762,0
14488,264.55,18053.6517,18083.4762,0
14489,264.55,18053.6517,18083.4762,0
14491,264.55,18053.6517,18083.4762,0
14492,264.55,18053.6517,18083.4762,0
14493,264.58,18053.6517,18083.4762,0
14494,264.58,18053.6517,18083.4762,0
14495,264.62,18053.6496,18083.4762,0
14496,264.63,18053.6496,18083.4762,0
14497,264.70,18053.6517,18083.4762,0
14501,264.78,18053.6496,18083.4762,0
14502,264.82,18053.6496,18083.4762,0
14506,264.82,18053.6496,18083.4762,0
14507,264.82,18053.6496,18083.4762,0
14509,264.83,18053.6496,18083.4762,0
14511,264.83,18053.6496,18083.4762,0
14512,264.87,18053.6517,18083.4762,0
14513,264.87,18053.6517,18083.4762,0
14514,264.91,18053.6517,18083.4762,0
14517,264.95,18053.6496,18083.4762,0
14518,265.03,18053.6517,18083.4762,0
14519,265.06,18053.6517,18083.4762,0
14520,265.14,18053.6496,18083.4762,0
14521,265.17,18053.6496,18083.4762,0
14522,265.18,18053.6496,18083.4762,0
14525,265.18,18053.6496,18083.4762,0
14526,265.22,18053.6496,18083.4762,0
14527,265.22,18053.6496,18083.4762,0
14528,265.26,18053.6517,18083.4762,0
14529,265.29,18053.6517,18083.4762,0
14531,265.33,18053.6517,18083.4762,0
14532,265.33,18053.6517,18083.4762,0
14533,265.33,18053.6517,18083.4762,0
14535,265.34,18053.6517,18083.4762,0
14536,265.34,18053.6517,18083.4762,0
14538,265.34,18053.6517,18083.4762,0
14539,265.34,18053.6517,18083.4762,0
14541,265.34,18053.6517,18083.4762,0
14542,265.34,18053.6517,18083.4762,0
14544,265.38,18053.6496,18083.4762,0
14545,265.41,18053.6496,18083.4762,0
14546,265.41,18053.6496,18083.4762,0
14549,265.42,18053.6496,18083.4762,0
14550,265.46,18053.6496,18083.4762,0
14552,265.46,18053.6496,18083.4762,0
14553,265.46,18053.6496,18083.4762,0
14555,265.46,18053.6496,18083.4762,0
14556,265.46,18053.6496,18083.4762,0
14557,265.46,18053.6496,18083.4762,0
14558,265.50,18053.6517,18083.4762,0
14559,265.57,18053.6496,18083.4762,0
14561,265.61,18053.6496,18083.4762,0
14564,265.61,18053.6496,18083.4762,0
14565,265.61,18053.6496,18083.4762,0
14566,265.64,18053.6496,18083.4762,0
14567,265.64,18053.6496,18083.4762,0
14568,265.69,18053.6517,18083.4762,0
14570,265.70,18053.6517,18083.4762,0
14571,265.77,18053.6496,18083.4762,0
14572,265.81,18053.6496,18083.4762,0
14573,265.84,18053.6496,18083.4762,0
14575,265.85,18053.6496,18083.4762,0
14577,265.85,18053.6496,18083.4762,0
14580,265.89,18053.6517,18083.4762,0
14581,265.97,18053.6496,18083.4762,0
14583,265.97,18053.6496,18083.4762,0
14584,266.05,18053.6517,18083.4762,0
14585,266.09,18053.6517,18083.4762,0
14586,266.12,18053.6517,18083.4762,0
14588,266.13,18053.6517,18083.4762,0
14589,266.13,18053.6517,18083.4762,0
14590,266.13,18053.6517,18083.4762,0
14591,266.13,18053.6517,18083.4762,0
14592,266.13,18053.6517,18083.4762,0
14594,266.13,18053.6517,18083.4762,0
14595,266.13,18053.6517,18083.4762,0
14596,266.13,18053.6517,18083.4762,0
14597,266.13,18053.6517,18083.4762,0
14598,266.13,18053.6517,18083.4762,0
14599,266.13,18053.6517,18083.4762,0
14600,266.13,18053.6517,18083.4762,0
14602,266.13,18053.6517,18083.4762,0
14603,266.13,18053.6517,18083.4762,0
14604,266.13,18053.6517,18083.4762,0
14606,266.17,18053.6496,18083.4762,0
14607,266.21,18053.6496,18083.4762,0
14608,266.24,18053.6496,18083.4762,0
14610,266.24,18053.6496,18083.4762,0
14611,266.25,18053.6496,18083.4762,0
14612,266.25,18053.6496,18083.4762,0
14613,266.25,18053.6496,18083.4762,0
14614,266.25,18053.6496,18083.4762,0
14615,266.25,18053.6496,18083.4762,0
14619,266.29,18053.6517,18083.4762,0
14620,266.32,18053.6517,18083.4762,0
14621,266.32,18053.6517,18083.4762,0
14623,266.36,18053.6517,18083.4762,0
14626,266.36,18053.6517,18083.4762,0
14627,266.36,18053.6517,18083.4762,0
14628,266.37,18053.6517,18083.4762,0
14629,266.37,18053.6517,18083.4762,0
14630,266.41,18053.6496,18083.4762,0
14631,266.41,18053.6496,18083.4762,0
14632,266.45,18053.6496,18083.4762,0
14633,266.48,18053.6496,18083.4762,0
14634,266.48,18053.6496,18083.4762,0
14635,266.48,18053.6496,18083.4762,0
14636,266.48,18053.6496,18083.4762,0
14637,266.48,18053.6496,18083.4762,0
14638,266.52,18053.6517,18083.4762,0
14640,266.56,18053.6517,18083.4762,0
14641,266.57,18053.6517,18083.4762,0
14642,266.60,18053.6517,18083.4762,0
14645,266.60,18053.6517,18083.4762,0
14646,266.60,18053.6517,18083.4762,0
14648,266.60,18053.6517,18083.4762,0
14649,266.60,18053.6517,18083.4762,0
14650,266.60,18053.6517,18083.4762,0
14653,266.60,18053.6517,18083.4762,0
14654,266.60,18053.6517,18083.4762,0
14655,266.64,18053.6496,18083.4762,0
14656,266.65,18053.6496,18083.4762,0
14657,266.68,18053.6496,18083.4762,0
14658,266.68,18053.6496,18083.4762,0
14664,266.72,18053.6496,18083.4762,0
14665,266.72,18053.6496,18083.4762,0
14666,266.72,18053.6496,18083.4762,0
14668,266.72,18053.6496,18083.4762,0
14669,266.72,18053.6496,18083.4762,0
14670,266.72,18053.6496,18083.4762,0
14671,266.76,18053.6517,18083.4762,0
14672,266.79,18053.6517,18083.4762,0
14674,266.84,18053.6496,18083.4762,0
14677,266.88,18053.6496,18083.4762,0
14678,266.89,18053.6496,18083.4762,0
14679,266.89,18053.6496,18083.4762,0
14680,266.89,18053.6496,18083.4762,0
14681,266.89,18053.6496,18083.4762,0
14682,266.89,18053.6496,18083.4762,0
14683,266.96,18053.6517,18083.4762,0
14684,266.99,18053.6517,18083.4762,0
14686,267.03,18053.6517,18083.4762,0
14687,267.03,18053.6517,18083.4762,0
14689,267.04,18053.6517,18083.4762,0
14690,267.04,18053.6517,18083.4762,0
14691,267.04,18053.6517,18083.4762,0
14692,267.10,18053.6496,18083.4762,0
14694,267.14,18053.6496,18083.4762,0
14695,267.14,18053.6496,18083.4762,0
14696,267.17,18053.6496,18083.4762,0
14697,267.17,18053.6496,18083.4762,0
14699,267.17,18053.6496,18083.4762,0
14700,267.22,18053.6517,18083.4762,0
14702,267.25,18053.6517,18083.4762,0
14703,267.33,18053.6496,18083.4762,0
14704,267.41,18053.6517,18083.4762,0
14705,267.44,18053.6517,18083.4762,0
14706,267.44,18053.6517,18083.4762,0
14709,267.48,18053.6517,18083.4762,0
14711,267.52,18053.6496,18083.4762,0
14712,267.52,18053.6496,18083.4762,0
14713,267.56,18053.6496,18083.4762,0
14714,267.56,18053.6496,18083.4762,0
14715,267.59,18053.6496,18083.4762,0
14716,267.59,18053.6496,18083.4762,0
14717,267.59,18053.6496,18083.4762,0
14718,267.59,18053.6496,18083.4762,0
14719,267.59,18053.6496,18083.4762,0
14720,267.59,18053.6496,18083.4762,0
14721,267.59,18053.6496,18083.4762,0
14722,267.63,18053.6517,18083.4762,0
14724,267.67,18053.6517,18083.4762,0
14725,267.70,18053.6517,18083.4762,0
14726,267.71,18053.6517,18083.4762,0
14728,267.71,18053.6517,18083.4762,0
14729,267.71,18053.6517,18083.4762,0
14731,267.71,18053.6517,18083.4762,0
14732,267.75,18053.6496,18083.4762,0
14733,267.83,18053.6517,18083.4762,0
14734,267.86,18053.6517,18083.4762,0
14735,267.90,18053.6517,18083.4762,0
14736,267.90,18053.6517,18083.4762,0
14737,267.90,18053.6517,18083.4762,0
14739,267.90,18053.6517,18083.4762,0
14742,267.95,18053.6496,18083.4762,0
14744,268.03,18053.6517,18083.4762,0
14746,268.07,18053.6517,18083.4762,0
14748,268.10,18053.6517,18083.4762,0
14749,268.10,18053.6517,18083.4762,0
14750,268.10,18053.6517,18083.4762,0
14751,268.10,18053.6517,18083.4762,0
14752,268.15,18053.6496,18083.4762,0
14753,268.18,18053.6496,18083.4762,0
14754,268.19,18053.6496,18083.4762,0
14756,268.19,18053.6496,18083.4762,0
14757,268.24,18053.6496,18083.4762,0
14759,268.27,18053.6496,18083.4762,0
14760,268.27,18053.6496,18083.4762,0
14761,268.27,18053.6496,18083.4762,0
14762,268.27,18053.6496,18083.4762,0
14763,268.27,18053.6496,18083.4762,0
14764,268.31,18053.6517,18083.4762,0
14765,268.32,18053.6517,18083.4762,0
14766,268.35,18053.6517,18083.4762,0
14767,268.35,18053.6517,18083.4762,0
14769,268.36,18053.6517,18083.4762,0
14770,268.36,18053.6517,18083.4762,0
14771,268.36,18053.6517,18083.4762,0
14772,268.36,18053.6517,18083.4762,0
14774,268.39,18053.6517,18083.4762,0
14775,268.43,18053.6496,18083.4762,0
14776,268.47,18053.6496,18083.4762,0
14777,268.47,18053.6496,18083.4762,0
14778,268.51,18053.6517,18083.4762,0
14779,268.54,18053.6517,18083.4762,0
14780,268.58,18053.6517,18083.4762,0
14781,268.58,18053.6517,18083.4762,0
14785,268.58,18053.6517,18083.4762,0
14786,268.58,18053.6517,18083.4762,0
14787,268.58,18053.6517,18083.4762,0
14789,268.58,18053.6517,18083.4762,0
14790,268.58,18053.6517,18083.4762,0
14793,268.58,18053.6517,18083.4762,0
14797,268.62,18053.6496,18083.4762,0
14798,268.66,18053.6496,18083.4762,0
14799,268.66,18053.6496,18083.4762,0
14800,268.73,18053.6517,18083.4762,0
14801,268.74,18053.6517,18083.4762,0
14802,268.74,18053.6517,18083.4762,0
14803,268.74,18053.6517,18083.4762,0
14804,268.77,18053.6517,18083.4762,0
14806,268.77,18053.6517,18083.4762,0
14807,268.77,18053.6517,18083.4762,0
14808,268.77,18053.6517,18083.4762,0
14809,268.81,18053.6517,18083.4762,0
14811,268.81,18053.6517,18083.4762,0
14812,268.81,18053.6517,18083.4762,0
14814,268.85,18053.6496,18083.4762,0
14815,268.93,18053.6517,18083.4762,0
14816,268.96,18053.6517,18083.4762,0
14818,268.97,18053.6517,18083.4762,0
14819,269.00,18053.6517,18083.4762,0
14821,269.04,18053.6496,18083.4762,0
14822,269.12,18053.6517,18083.4762,0
14823,269.15,18053.6517,18083.4762,0
14824,269.19,18053.6517,18083.4762,0
14825,269.19,18053.6517,18083.4762,0
14827,269.24,18053.6496,18083.4762,0
14828,269.27,18053.6496,18083.4762,0
14829,269.27,18053.6496,18083.4762,0
14830,269.35,18053.6517,18083.4762,0
14831,269.35,18053.6517,18083.4762,0
14832,269.38,18053.6517,18083.4762,0
14833,269.38,18053.6517,18083.4762,0
14835,269.42,18053.6517,18083.4762,0
14836,269.42,18053.6517,18083.4762,0
14837,269.42,18053.6517,18083.4762,0
14838,269.42,18053.6517,18083.4762,0
14839,269.46,18053.6496,18083.4762,0
14841,269.50,18053.6496,18083.4762,0
14842,269.58,18053.6517,18083.4762,0
14843,269.61,18053.6517,18083.4762,0
14845,269.65,18053.6517,18083.4762,0
14846,269.65,18053.6517,18083.4762,0
14847,269.69,18053.6496,18083.4762,0
14848,269.77,18053.6517,18083.4762,0
14849,269.80,18053.6517,18083.4762,0
14850,269.88,18053.6496,18083.4762,0
14851,269.91,18053.6496,18083.4762,0
14852,269.92,18053.6496,18083.4762,0
14853,269.92,18053.6496,18083.4762,0
14855,269.92,18053.6496,18083.4762,0
14856,269.95,18053.6496,18083.4762,0
14857,269.95,18053.6496,18083.4762,0
14859,269.95,18053.6496,18083.4762,0
14860,269.95,18053.6496,18083.4762,0
14861,269.95,18053.6496,18083.4762,0
14862,270.00,18053.6517,18083.4762,0
14863,270.07,18053.6496,18083.4762,0
14864,270.08,18053.6496,18083.4762,0
14865,270.08,18053.6496,18083.4762,0
14866,270.11,18053.6496,18083.4762,0
14869,270.15,18053.6496,18083.4762,0
14871,270.15,18053.6496,18083.4762,0
14872,270.15,18053.6496,18083.4762,0
14873,270.15,18053.6496,18083.4762,0
14874,270.15,18053.6496,18083.4762,0
14876,270.15,18053.6496,18083.4762,0
14877,270.15,18053.6496,18083.4762,0
14878,270.15,18053.6496,18083.4762,0
14882,270.15,18053.6496,18083.4762,0
14884,270.15,18053.6496,18083.4762,0
14885,270.19,18053.6517,18083.4762,0
14886,270.23,18053.6517,18083.4762,0
14887,270.23,18053.6517,18083.4762,0
14889,270.28,18053.6496,18083.4762,0
14890,270.31,18053.6496,18083.4762,0
14891,270.39,18053.6517,18083.4762,0
14892,270.39,18053.6517,18083.4762,0
14893,270.39,18053.6517,18083.4762,0
14894,270.39,18053.6517,18083.4762,0
14895,270.47,18053.6496,18083.4762,0
14896,270.47,18053.6496,18083.4762,0
14897,270.47,18053.6496,18083.4762,0
14898,270.51,18053.6496,18083.4762,0
14901,270.55,18053.6517,18083.4762,0
14902,270.59,18053.6517,18083.4762,0
14903,270.62,18053.6517,18083.4762,0
14904,270.66,18053.6496,18083.4762,0
14905,270.70,18053.6496,18083.4762,0
14906,270.70,18053.6496,18083.4762,0
14907,270.70,18053.6496,18083.4762,0
14908,270.70,18053.6496,18083.4762,0
14909,270.70,18053.6496,18083.4762,0
14910,270.70,18053.6496,18083.4762,0
14913,270.75,18053.6517,18083.4762,0
14915,270.79,18053.6517,18083.4762,0
14916,270.79,18053.6517,18083.4762,0
14917,270.82,18053.6517,18083.4762,0
14919,270.82,18053.6517,18083.4762,0
14921,270.87,18053.6496,18083.4762,0
14922,270.90,18053.6496,18083.4762,0
14923,270.94,18053.6517,18083.4762,0
14924,271.02,18053.6496,18083.4762,0
14926,271.10,18053.6517,18083.4762,0
14927,271.10,18053.6517,18083.4762,0
14928,271.10,18053.6517,18083.4762,0
14930,271.14,18053.6517,18083.4762,0
14931,271.22,18053.6496,18083.4762,0
14932,271.25,18053.6496,18083.4762,0
14933,271.29,18053.6517,18083.4762,0
14934,271.33,18053.6517,18083.4762,0
14935,271.33,18053.6517,18083.4762,0
14936,271.33,18053.6517,18083.4762,0
14937,271.36,18053.6517,18083.4762,0
14938,271.36,18053.6517,18083.4762,0
14939,271.36,18053.6517,18083.4762,0
14941,271.37,18053.6517,18083.4762,0
14943,271.43,18053.6496,18083.4762,0
14944,271.46,18053.6496,18083.4762,0
14945,271.50,18053.6496,18083.4762,0
14947,271.54,18053.6517,18083.4762,0
14948,271.58,18053.6517,18083.4762,0
14950,271.59,18053.6517,18083.4762,0
14951,271.59,18053.6517,18083.4762,0
14952,271.59,18053.6517,18083.4762,0
14953,271.59,18053.6517,18083.4762,0
14954,271.62,18053.6517,18083.4762,0
14955,271.62,18053.6517,18083.4762,0
14957,271.62,18053.6517,18083.4762,0
14958,271.62,18053.6517,18083.4762,0
14959,271.62,18053.6517,18083.4762,0
14961,271.62,18053.6517,18083.4762,0
14962,271.62,18053.6517,18083.4762,0
14963,271.66,18053.6496,18083.4762,0
14965,271.74,18053.6517,18083.4762,0
14966,271.75,18053.6517,18083.4762,0
14967,271.75,18053.6517,18083.4762,0
14969,271.78,18053.6517,18083.4762,0
14970,271.83,18053.6496,18083.4762,0
14972,271.84,18053.6496,18083.4762,0
14975,271.84,18053.6496,18083.4762,0
14976,271.87,18053.6496,18083.4762,0
14977,271.87,18053.6496,18083.4762,0
14978,271.87,18053.6496,18083.4762,0
14979,271.91,18053.6517,18083.4762,0
14981,271.92,18053.6517,18083.4762,0
14983,271.92,18053.6517,18083.4762,0
14984,271.92,18053.6517,18083.4762,0
14986,271.96,18053.6517,18083.4762,0
14987,271.96,18053.6517,18083.4762,0
14990,271.96,18053.6517,18083.4762,0
14992,271.99,18053.6517,18083.4762,0
14993,272.03,18053.6496,18083.4762,0
14994,272.04,18053.6496,18083.4762,0
14995,272.07,18053.6496,18083.4762,0
14996,272.07,18053.6496,18083.4762,0
14997,272.15,18053.6517,18083.4762,0
14998,272.18,18053.6517,18083.4762,0
14999,272.23,18053.6496,18083.4762,0
15000,272.26,18053.6496,18083.4762,0
15001,272.29,18053.6496,18083.4762,0
15002,272.29,18053.6496,18083.4762,0
15003,272.29,18053.6496,18083.4762,0
15004,272.29,18053.6496,18083.4762,0
15005,272.34,18053.6517,18083.4762,0
15006,272.37,18053.6517,18083.4762,0
15008,272.41,18053.6517,18083.4762,0
15009,272.41,18053.6517,18083.4762,0
15011,272.45,18053.6496,18083.4762,0
15012,272.48,18053.6496,18083.4762,0
15013,272.49,18053.6496,18083.4762,0
15014,272.49,18053.6496,18083.4762,0
15015,272.52,18053.6496,18083.4762,0
15016,272.52,18053.6496,18083.4762,0
15017,272.56,18053.6517,18083.4762,0
15018,272.64,18053.6496,18083.4762,0
15019,272.72,18053.6517,18083.4762,0
15020,272.72,18053.6517,18083.4762,0
15021,272.72,18053.6517,18083.4762,0
15023,272.76,18053.6517,18083.4762,0
15024,272.83,18053.6496,18083.4762,0
15025,272.87,18053.6496,18083.4762,0
15028,272.88,18053.6496,18083.4762,0
15030,272.88,18053.6496,18083.4762,0
15031,272.88,18053.6496,18083.4762,0
15032,272.88,18053.6496,18083.4762,0
15035,272.88,18053.6496,18083.4762,0
15036,272.92,18053.6517,18083.4762,0
15037,272.95,18053.6517,18083.4762,0
15038,272.99,18053.6517,18083.4762,0
15039,272.99,18053.6517,18083.4762,0
15040,273.03,18053.6496,18083.4762,0
15041,273.04,18053.6496,18083.4762,0
15043,273.11,18053.6517,18083.4762,0
15044,273.15,18053.6517,18083.4762,0
15045,273.15,18053.6517,18083.4762,0
15046,273.22,18053.6496,18083.4762,0
15050,273.26,18053.6496,18083.4762,0
15051,273.30,18053.6517,18083.4762,0
15052,273.38,18053.6496,18083.4762,0
15053,273.38,18053.6496,18083.4762,0
15054,273.46,18053.6517,18083.4762,0
15055,273.54,18053.6496,18083.4762,0
15058,273.57,18053.6496,18083.4762,0
15059,273.57,18053.6496,18083.4762,0
15061,273.57,18053.6496,18083.4762,0
15062,273.58,18053.6496,18083.4762,0
15063,273.58,18053.6496,18083.4762,0
15064,273.61,18053.6496,18083.4762,0
15065,273.61,18053.6496,18083.4762,0
15066,273.61,18053.6496,18083.4762,0
15067,273.61,18053.6496,18083.4762,0
15068,273.66,18053.6517,18083.4762,0
15069,273.66,18053.6517,18083.4762,0
15070,273.69,18053.6517,18083.4762,0
15071,273.73,18053.6517,18083.4762,0
15073,273.73,18053.6517,18083.4762,0
15074,273.73,18053.6517,18083.4762,0
15075,273.73,18053.6517,18083.4762,0
15077,273.78,18053.6496,18083.4762,0
15079,273.81,18053.6496,18083.4762,0
15080,273.84,18053.6496,18083.4762,0
15081,273.84,18053.6496,18083.4762,0
15082,273.89,18053.6517,18083.4762,0
15083,273.92,18053.6517,18083.4762,0
15084,273.95,18053.6517,18083.4762,0
15085,273.96,18053.6517,18083.4762,0
15086,273.96,18053.6517,18083.4762,0
15088,273.96,18053.6517,18083.4762,0
15089,274.00,18053.6496,18083.4762,0
15090,274.01,18053.6496,18083.4762,0
15091,274.01,18053.6496,18083.4762,0
15092,274.04,18053.6496,18083.4762,0
15093,274.12,18053.6517,18083.4762,0
15094,274.12,18053.6517,18083.4762,0
15095,274.20,18053.6496,18083.4762,0
15097,274.24,18053.6496,18083.4762,0
15098,274.28,18053.6517,18083.4762,0
15099,274.28,18053.6517,18083.4762,0
15100,274.36,18053.6496,18083.4762,0
15101,274.36,18053.6496,18083.4762,0
15102,274.40,18053.6496,18083.4762,0
15103,274.40,18053.6496,18083.4762,0
15105,274.40,18053.6496,18083.4762,0
15106,274.43,18053.6496,18083.4762,0
15107,274.43,18053.6496,18083.4762,0
15108,274.43,18053.6496,18083.4762,0
15110,274.43,18053.6496,18083.4762,0
15111,274.48,18053.6517,18083.4762,0
15113,274.48,18053.6517,18083.4762,0
15114,274.52,18053.6517,18083.4762,0
15115,274.52,18053.6517,18083.4762,0
15116,274.52,18053.6517,18083.4762,0
15118,274.52,18053.6517,18083.4762,0
15119,274.55,18053.6517,18083.4762,0
15121,274.55,18053.6517,18083.4762,0
15124,274.55,18053.6517,18083.4762,0
15125,274.55,18053.6517,18083.4762,0
15126,274.55,18053.6517,18083.4762,0
15127,274.55,18053.6517,18083.4762,0
15128,274.60,18053.6496,18083.4762,0
15129,274.63,18053.6496,18083.4762,0
15132,274.64,18053.6496,18083.4762,0
15134,274.68,18053.6517,18083.4762,0
15135,274.71,18053.6517,18083.4762,0
15136,274.79,18053.6496,18083.4762,0
15138,274.83,18053.6496,18083.4762,0
15140,274.83,18053.6496,18083.4762,0
15141,274.87,18053.6496,18083.4762,0
15142,274.87,18053.6496,18083.4762,0
15143,274.91,18053.6517,18083.4762,0
15144,274.92,18053.6517,18083.4762,0
15145,274.92,18053.6517,18083.4762,0
15146,274.95,18053.6517,18083.4762,0
15147,274.98,18053.6517,18083.4762,0
15149,274.99,18053.6517,18083.4762,0
15151,274.99,18053.6517,18083.4762,0
15153,274.99,18053.6517,18083.4762,0
15154,274.99,18053.6517,18083.4762,0
15155,275.03,18053.6496,18083.4762,0
15156,275.06,18053.6496,18083.4762,0
15157,275.10,18053.6496,18083.4762,0
15159,275.10,18053.6496,18083.4762,0
15160,275.11,18053.6496,18083.4762,0
15162,275.15,18053.6517,18083.4762,0
15164,275.18,18053.6517,18083.4762,0
15165,275.22,18053.6517,18083.4762,0
15166,275.22,18053.6517,18083.4762,0
15167,275.22,18053.6517,18083.4762,0
15170,275.22,18053.6517,18083.4762,0
15171,275.27,18053.6496,18083.4762,0
15173,275.30,18053.6496,18083.4762,0
15174,275.38,18053.6517,18083.4762,0
15175,275.41,18053.6517,18083.4762,0
15176,275.41,18053.6517,18083.4762,0
15177,275.41,18053.6517,18083.4762,0
15178,275.42,18053.6517,18083.4762,0
15179,275.45,18053.6517,18083.4762,0
15180,275.49,18053.6496,18083.4762,0
15181,275.53,18053.6496,18083.4762,0
15182,275.56,18053.6496,18083.4762,0
15183,275.57,18053.6496,18083.4762,0
15184,275.61,18053.6517,18083.4762,0
15187,275.64,18053.6517,18083.4762,0
15189,275.68,18053.6517,18083.4762,0
15190,275.68,18053.6517,18083.4762,0
15191,275.68,18053.6517,18083.4762,0
15193,275.68,18053.6517,18083.4762,0
15194,275.68,18053.6517,18083.4762,0
15197,275.68,18053.6517,18083.4762,0
15198,275.68,18053.6517,18083.4762,0
15199,275.68,18053.6517,18083.4762,0
15201,275.68,18053.6517,18083.4762,0
15202,275.68,18053.6517,18083.4762,0
15203,275.68,18053.6517,18083.4762,0
15204,275.73,18053.6496,18083.4762,0
15205,275.76,18053.6496,18083.4762,0
15206,275.76,18053.6496,18083.4762,0
15207,275.80,18053.6517,18083.4762,0
15208,275.81,18053.6517,18083.4762,0
15209,275.84,18053.6517,18083.4762,0
15210,275.88,18053.6517,18083.4762,0
15212,275.88,18053.6517,18083.4762,0
15213,275.92,18053.6496,18083.4762,0
15214,275.96,18053.6496,18083.4762,0
15215,275.96,18053.6496,18083.4762,0
15216,275.96,18053.6496,18083.4762,0
15218,276.00,18053.6496,18083.4762,0
15219,276.00,18053.6496,18083.4762,0
15220,276.04,18053.6517,18083.4762,0
15221,276.08,18053.6517,18083.4762,0
15223,276.11,18053.6517,18083.4762,0
15224,276.11,18053.6517,18083.4762,0
15225,276.11,18053.6517,18083.4762,0
15226,276.11,18053.6517,18083.4762,0
15227,276.11,18053.6517,18083.4762,0
15228,276.11,18053.6517,18083.4762,0
15229,276.12,18053.6517,18083.4762,0
15232,276.16,18053.6496,18083.4762,0
15233,276.24,18053.6517,18083.4762,0
15236,276.27,18053.6517,18083.4762,0
15237,276.31,18053.6517,18083.4762,0
15238,276.31,18053.6517,18083.4762,0
15239,276.31,18053.6517,18083.4762,0
15240,276.31,18053.6517,18083.4762,0
15241,276.31,18053.6517,18083.4762,0
15242,276.36,18053.6496,18083.4762,0
15243,276.39,18053.6496,18083.4762,0
15244,276.43,18053.6517,18083.4762,0
15247,276.51,18053.6496,18083.4762,0
15248,276.55,18053.6496,18083.4762,0
15249,276.55,18053.6496,18083.4762,0
15254,276.59,18053.6496,18083.4762,0
15256,276.59,18053.6496,18083.4762,0
15257,276.59,18053.6496,18083.4762,0
15258,276.59,18053.6496,18083.4762,0
15259,276.59,18053.6496,18083.4762,0
15260,276.59,18053.6496,18083.4762,0
15261,276.59,18053.6496,18083.4762,0
15262,276.59,18053.6496,18083.4762,0
15263,276.59,18053.6496,18083.4762,0
15264,276.59,18053.6496,18083.4762,0
15265,276.63,18053.6517,18083.4762,0
15266,276.67,18053.6517,18083.4762,0
15267,276.67,18053.6517,18083.4762,0
15268,276.67,18053.6517,18083.4762,0
15269,276.67,18053.6517,18083.4762,0
15270,276.67,18053.6517,18083.4762,0
15271,276.71,18053.6517,18083.4762,0
15272,276.75,18053.6496,18083.4762,0
15273,276.75,18053.6496,18083.4762,0
15274,276.75,18053.6496,18083.4762,0
15275,276.79,18053.6496,18083.4762,0
15276,276.79,18053.6496,18083.4762,0
15277,276.82,18053.6496,18083.4762,0
15278,276.82,18053.6496,18083.4762,0
15279,276.86,18053.6517,18083.4762,0
15280,276.90,18053.6517,18083.4762,0
15281,276.90,18053.6517,18083.4762,0
15282,276.90,18053.6517,18083.4762,0
15283,276.90,18053.6517,18083.4762,0
15284,276.90,18053.6517,18083.4762,0
15288,276.90,18053.6517,18083.4762,0
15289,276.90,18053.6517,18083.4762,0
15290,276.95,18053.6496,18083.4762,0
15292,277.03,18053.6517,18083.4762,0
15294,277.03,18053.6517,18083.4762,0
15296,277.11,18053.6496,18083.4762,0
15297,277.11,18053.6496,18083.4762,0
15299,277.15,18053.6496,18083.4762,0
15301,277.19,18053.6496,18083.4762,0
15302,277.19,18053.6496,18083.4762,0
15304,277.19,18053.6496,18083.4762,0
15306,277.23,18053.6517,18083.4762,0
15307,277.23,18053.6517,18083.4762,0
15309,277.27,18053.6517,18083.4762,0
15310,277.27,18053.6517,18083.4762,0
15312,277.31,18053.6496,18083.4762,0
15313,277.35,18053.6496,18083.4762,0
15314,277.35,18053.6496,18083.4762,0
15315,277.35,18053.6496,18083.4762,0
15316,277.35,18053.6496,18083.4762,0
15317,277.35,18053.6496,18083.4762,0
15319,277.36,18053.6496,18083.4762,0
15320,277.36,18053.6496,18083.4762,0
15321,277.40,18053.6517,18083.4762,0
15322,277.40,18053.6517,18083.4762,0
15323,277.44,18053.6517,18083.4762,0
15325,277.44,18053.6517,18083.4762,0
15327,277.44,18053.6517,18083.4762,0
15328,277.52,18053.6496,18083.4762,0
15330,277.55,18053.6496,18083.4762,0
15332,277.56,18053.6496,18083.4762,0
15333,277.59,18053.6496,18083.4762,0
15334,277.63,18053.6517,18083.4762,0
15335,277.67,18053.6517,18083.4762,0
15336,277.67,18053.6517,18083.4762,0
15337,277.67,18053.6517,18083.4762,0
15339,277.71,18053.6517,18083.4762,0
15342,277.71,18053.6517,18083.4762,0
15343,277.71,18053.6517,18083.4762,0
15344,277.75,18053.6496,18083.4762,0
15345,277.76,18053.6496,18083.4762,0
15346,277.76,18053.6496,18083.4762,0
15349,277.80,18053.6496,18083.4762,0
15350,277.80,18053.6496,18083.4762,0
15351,277.80,18053.6496,18083.4762,0
15353,277.80,18053.6496,18083.4762,0
15354,277.89,18053.6517,18083.4762,0
15355,277.92,18053.6517,18083.4762,0
15356,277.93,18053.6517,18083.4762,0
15357,277.96,18053.6517,18083.4762,0
15359,277.97,18053.6517,18083.4762,0
15360,277.97,18053.6517,18083.4762,0
15361,277.97,18053.6517,18083.4762,0
15362,277.97,18053.6517,18083.4762,0
15363,277.97,18053.6517,18083.4762,0
15364,277.97,18053.6517,18083.4762,0
15366,277.97,18053.6517,18083.4762,0
15368,277.97,18053.6517,18083.4762,0
15369,277.97,18053.6517,18083.4762,0
15371,277.97,18053.6517,18083.4762,0
15372,277.97,18053.6517,18083.4762,0
15375,278.01,18053.6496,18083.4762,0
15376,278.04,18053.6496,18083.4762,0
15377,278.05,18053.6496,18083.4762,0
15379,278.05,18053.6496,18083.4762,0
15380,278.05,18053.6496,18083.4762,0
15381,278.05,18053.6496,18083.4762,0
15382,278.09,18053.6496,18083.4762,0
15383,278.09,18053.6496,18083.4762,0
15384,278.09,18053.6496,18083.4762,0
15385,278.09,18053.6496,18083.4762,0
15386,278.13,18053.6517,18083.4762,0
15387,278.16,18053.6517,18083.4762,0
15389,278.20,18053.6517,18083.4762,0
15390,278.20,18053.6517,18083.4762,0
15391,278.20,18053.6517,18083.4762,0
15393,278.20,18053.6517,18083.4762,0
15394,278.20,18053.6517,18083.4762,0
15395,278.20,18053.6517,18083.4762,0
15396,278.20,18053.6517,18083.4762,0
15397,278.20,18053.6517,18083.4762,0
15398,278.25,18053.6496,18083.4762,0
15399,278.28,18053.6496,18083.4762,0
15400,278.31,18053.6496,18083.4762,0
15404,278.32,18053.6496,18083.4762,0
15405,278.36,18053.6517,18083.4762,0
15406,278.39,18053.6517,18083.4762,0
15407,278.39,18053.6517,18083.4762,0
15409,278.40,18053.6517,18083.4762,0
15410,278.44,18053.6496,18083.4762,0
15411,278.52,18053.6517,18083.4762,0
15412,278.55,18053.6517,18083.4762,0
15413,278.59,18053.6517,18083.4762,0
15414,278.59,18053.6517,18083.4762,0
15417,278.64,18053.6496,18083.4762,0
15418,278.67,18053.6496,18083.4762,0
15419,278.68,18053.6496,18083.4762,0
15420,278.68,18053.6496,18083.4762,0
15421,278.71,18053.6496,18083.4762,0
15423,278.71,18053.6496,18083.4762,0
15424,278.75,18053.6517,18083.4762,0
15426,278.79,18053.6517,18083.4762,0
15427,278.79,18053.6517,18083.4762,0
15428,278.83,18053.6496,18083.4762,0
15429,278.84,18053.6496,18083.4762,0
15430,278.87,18053.6496,18083.4762,0
15431,278.87,18053.6496,18083.4762,0
15432,278.87,18053.6496,18083.4762,0
15433,278.87,18053.6496,18083.4762,0
15435,278.88,18053.6496,18083.4762,0
15438,278.91,18053.6496,18083.4762,0
15440,278.91,18053.6496,18083.4762,0
15441,278.91,18053.6496,18083.4762,0
15442,278.91,18053.6496,18083.4762,0
15443,278.91,18053.6496,18083.4762,0
15444,278.91,18053.6496,18083.4762,0
15447,278.95,18053.6517,18083.4762,0
15448,278.96,18053.6517,18083.4762,0
15449,278.99,18053.6517,18083.4762,0
15450,278.99,18053.6517,18083.4762,0
15451,279.02,18053.6517,18083.4762,0
15452,279.07,18053.6496,18083.4762,0
15454,279.15,18053.6517,18083.4762,0
15455,279.15,18053.6517,18083.4762,0
15456,279.19,18053.6517,18083.4762,0
15457,279.22,18053.6517,18083.4762,0
15458,279.22,18053.6517,18083.4762,0
15459,279.26,18053.6496,18083.4762,0
15460,279.30,18053.6496,18083.4762,0
15461,279.34,18053.6517,18083.4762,0
15462,279.34,18053.6517,18083.4762,0
15463,279.34,18053.6517,18083.4762,0
15465,279.38,18053.6517,18083.4762,0
15466,279.38,18053.6517,18083.4762,0
15468,279.46,18053.6496,18083.4762,0
15469,279.46,18053.6496,18083.4762,0
15470,279.46,18053.6496,18083.4762,0
15471,279.50,18053.6496,18083.4762,0
15472,279.50,18053.6496,18083.4762,0
15473,279.50,18053.6496,18083.4762,0
15474,279.57,18053.6517,18083.4762,0
15475,279.61,18053.6517,18083.4762,0
15476,279.61,18053.6517,18083.4762,0
15477,279.61,18053.6517,18083.4762,0
15478,279.68,18053.6496,18083.4762,0
15480,279.69,18053.6496,18083.4762,0
15481,279.73,18053.6496,18083.4762,0
15483,279.73,18053.6496,18083.4762,0
15485,279.77,18053.6517,18083.4762,0
15486,279.80,18053.6517,18083.4762,0
15487,279.85,18053.6496,18083.4762,0
15490,279.85,18053.6496,18083.4762,0
15492,279.85,18053.6496,18083.4762,0
15493,279.85,18053.6496,18083.4762,0
15495,279.89,18053.6496,18083.4762,0
15497,279.92,18053.6496,18083.4762,0
15498,279.96,18053.6517,18083.4762,0
15499,280.00,18053.6517,18083.4762,0
15500,280.08,18053.6496,18083.4762,0
15501,280.08,18053.6496,18083.4762,0
15502,280.11,18053.6496,18083.4762,0
15503,280.15,18053.6496,18083.4762,0
15504,280.15,18053.6496,18083.4762,0
15506,280.15,18053.6496,18083.4762,0
15507,280.15,18053.6496,18083.4762,0
15508,280.15,18053.6496,18083.4762,0
15510,280.15,18053.6496,18083.4762,0
15512,280.19,18053.6517,18083.4762,0
15513,280.27,18053.6496,18083.4762,0
15515,280.31,18053.6496,18083.4762,0
15516,280.38,18053.6517,18083.4762,0
15517,280.42,18053.6517,18083.4762,0
15518,280.42,18053.6517,18083.4762,0
15519,280.46,18053.6517,18083.4762,0
15522,280.46,18053.6517,18083.4762,0
15523,280.46,18053.6517,18083.4762,0
15524,280.46,18053.6517,18083.4762,0
15525,280.46,18053.6517,18083.4762,0
15526,280.46,18053.6517,18083.4762,0
15527,280.46,18053.6517,18083.4762,0
15528,280.50,18053.6496,18083.4762,0
15531,280.54,18053.6496,18083.4762,0
15533,280.54,18053.6496,18083.4762,0
15534,280.54,18053.6496,18083.4762,0
15535,280.59,18053.6517,18083.4762,0
15536,280.62,18053.6517,18083.4762,0
15537,280.63,18053.6517,18083.4762,0
15538,280.63,18053.6517,18083.4762,0
15539,280.63,18053.6517,18083.4762,0
15542,280.67,18053.6517,18083.4762,0
15543,280.67,18053.6517,18083.4762,0
15544,280.67,18053.6517,18083.4762,0
15547,280.67,18053.6517,18083.4762,0
15548,280.67,18053.6517,18083.4762,0
15550,280.67,18053.6517,18083.4762,0
15551,280.67,18053.6517,18083.4762,0
15553,280.67,18053.6517,18083.4762,0
15559,280.67,18053.6517,18083.4762,0
15560,280.67,18053.6517,18083.4762,0
15563,280.67,18053.6517,18083.4762,0
15565,280.67,18053.6517,18083.4762,0
15566,280.67,18053.6517,18083.4762,0
15567,280.73,18053.6496,18083.4762,0
15569,280.74,18053.6496,18083.4762,0
15570,280.74,18053.6496,18083.4762,0
15571,280.77,18053.6496,18083.4762,0
15572,280.77,18053.6496,18083.4762,0
15573,280.77,18053.6496,18083.4762,0
15575,280.77,18053.6496,18083.4762,0
15577,280.77,18053.6496,18083.4762,0
15578,280.77,18053.6496,18083.4762,0
15579,280.81,18053.6496,18083.4762,0
15580,280.81,18053.6496,18083.4762,0
15581,280.86,18053.6517,18083.4762,0
15582,280.89,18053.6517,18083.4762,0
15583,280.89,18053.6517,18083.4762,0
15585,280.90,18053.6517,18083.4762,0
15586,280.90,18053.6517,18083.4762,0
15588,280.93,18053.6517,18083.4762,0
15589,280.94,18053.6517,18083.4762,0
15590,280.94,18053.6517,18083.4762,0
15592,280.94,18053.6517,18083.4762,0
15597,280.94,18053.6517,18083.4762,0
15598,280.98,18053.6496,18083.4762,0
15599,280.98,18053.6496,18083.4762,0
15600,281.02,18053.6496,18083.4762,0
15601,281.06,18053.6517,18083.4762,0
15602,281.07,18053.6517,18083.4762,0
15603,281.07,18053.6517,18083.4762,0
15604,281.07,18053.6517,18083.4762,0
15605,281.11,18053.6517,18083.4762,0
15607,281.11,18053.6517,18083.4762,0
15608,281.11,18053.6517,18083.4762,0
15609,281.14,18053.6517,18083.4762,0
15611,281.14,18053.6517,18083.4762,0
15612,281.14,18053.6517,18083.4762,0
15613,281.14,18053.6517,18083.4762,0
15615,281.19,18053.6496,18083.4762,0
15616,281.19,18053.6496,18083.4762,0
15617,281.23,18053.6496,18083.4762,0
15619,281.23,18053.6496,18083.4762,0
15620,281.27,18053.6517,18083.4762,0
15621,281.28,18053.6517,18083.4762,0
15622,281.35,18053.6496,18083.4762,0
15625,281.43,18053.6517,18083.4762,0
15627,281.47,18053.6517,18083.4762,0
15629,281.50,18053.6517,18083.4762,0
15630,281.55,18053.6496,18083.4762,0
15631,281.55,18053.6496,18083.4762,0
15633,281.59,18053.6496,18083.4762,0
15635,281.59,18053.6496,18083.4762,0
15636,281.59,18053.6496,18083.4762,0
15639,281.63,18053.6517,18083.4762,0
15640,281.67,18053.6517,18083.4762,0
15641,281.67,18053.6517,18083.4762,0
15642,281.67,18053.6517,18083.4762,0
15644,281.68,18053.6517,18083.4762,0
15645,281.71,18053.6517,18083.4762,0
15646,281.71,18053.6517,18083.4762,0
15647,281.71,18053.6517,18083.4762,0
15648,281.71,18053.6517,18083.4762,0
15650,281.71,18053.6517,18083.4762,0
15652,281.71,18053.6517,18083.4762,0
15653,281.76,18053.6496,18083.4762,0
15654,281.79,18053.6496,18083.4762,0
15656,281.80,18053.6496,18083.4762,0
15657,281.83,18053.6496,18083.4762,0
15658,281.88,18053.6517,18083.4762,0
15660,281.91,18053.6517,18083.4762,0
15661,281.92,18053.6517,18083.4762,0
15663,281.95,18053.6517,18083.4762,0
15665,281.95,18053.6517,18083.4762,0
15666,281.95,18053.6517,18083.4762,0
15667,281.95,18053.6517,18083.4762,0
15668,281.99,18053.6496,18083.4762,0
15669,282.07,18053.6517,18083.4762,0
15670,282.10,18053.6517,18083.4762,0
15671,282.14,18053.6517,18083.4762,0
15672,282.14,18053.6517,18083.4762,0
15673,282.14,18053.6517,18083.4762,0
15674,282.14,18053.6517,18083.4762,0
15675,282.14,18053.6517,18083.4762,0
15677,282.14,18053.6517,18083.4762,0
15678,282.14,18053.6517,18083.4762,0
15681,282.14,18053.6517,18083.4762,0
15683,282.19,18053.6496,18083.4762,0
15684,282.22,18053.6496,18083.4762,0
15685,282.26,18053.6517,18083.4762,0
15687,282.27,18053.6517,18083.4762,0
15688,282.27,18053.6517,18083.4762,0
15689,282.31,18053.6517,18083.4762,0
15690,282.31,18053.6517,18083.4762,0
15691,282.34,18053.6517,18083.4762,0
15692,282.34,18053.6517,18083.4762,0
15694,282.34,18053.6517,18083.4762,0
15696,282.38,18053.6496,18083.4762,0
15697,282.41,18053.6496,18083.4762,0
15698,282.42,18053.6496,18083.4762,0
15699,282.42,18053.6496,18083.4762,0
15700,282.42,18053.6496,18083.4762,0
15701,282.45,18053.6496,18083.4762,0
15702,282.45,18053.6496,18083.4762,0
15705,282.50,18053.6517,18083.4762,0
15706,282.58,18053.6496,18083.4762,0
15707,282.65,18053.6517,18083.4762,0
15708,282.69,18053.6517,18083.4762,0
15710,282.69,18053.6517,18083.4762,0
15711,282.72,18053.6517,18083.4762,0
15713,282.73,18053.6517,18083.4762,0
15714,282.73,18053.6517,18083.4762,0
15715,282.73,18053.6517,18083.4762,0
15716,282.73,18053.6517,18083.4762,0
15717,282.77,18053.6496,18083.4762,0
15719,282.85,18053.6517,18083.4762,0
15720,282.86,18053.6517,18083.4762,0
15721,282.86,18053.6517,18083.4762,0
15723,282.86,18053.6517,18083.4762,0
15724,282.86,18053.6517,18083.4762,0
15725,282.90,18053.6517,18083.4762,0
15726,282.90,18053.6517,18083.4762,0
15727,282.90,18053.6517,18083.4762,0
15729,282.90,18053.6517,18083.4762,0
15731,282.90,18053.6517,18083.4762,0
15733,282.94,18053.6496,18083.4762,0
15734,283.01,18053.6517,18083.4762,0
15735,283.05,18053.6517,18083.4762,0
15736,283.05,18053.6517,18083.4762,0
15737,283.05,18053.6517,18083.4762,0
15738,283.09,18053.6517,18083.4762,0
15739,283.13,18053.6496,18083.4762,0
15743,283.14,18053.6496,18083.4762,0
15744,283.14,18053.6496,18083.4762,0
15745,283.17,18053.6496,18083.4762,0
15746,283.21,18053.6496,18083.4762,0
15747,283.21,18053.6496,18083.4762,0
15748,283.25,18053.6517,18083.4762,0
15749,283.25,18053.6517,18083.4762,0
15750,283.29,18053.6517,18083.4762,0
15751,283.29,18053.6517,18083.4762,0
15752,283.29,18053.6517,18083.4762,0
15754,283.32,18053.6517,18083.4762,0
15755,283.32,18053.6517,18083.4762,0
15756,283.37,18053.6496,18083.4762,0
15757,283.40,18053.6496,18083.4762,0
15758,283.43,18053.6496,18083.4762,0
15759,283.49,18053.6517,18083.4762,0
15760,283.50,18053.6517,18083.4762,0
15761,283.53,18053.6517,18083.4762,0
15762,283.53,18053.6517,18083.4762,0
15763,283.53,18053.6517,18083.4762,0
15765,283.61,18053.6496,18083.4762,0
15766,283.69,18053.6517,18083.4762,0
15767,283.72,18053.6517,18083.4762,0
15768,283.80,18053.6496,18083.4762,0
15769,283.81,18053.6496,18083.4762,0
15770,283.84,18053.6496,18083.4762,0
15771,283.92,18053.6517,18083.4762,0
15772,283.92,18053.6517,18083.4762,0
15773,283.96,18053.6517,18083.4762,0
15774,283.96,18053.6517,18083.4762,0
15775,283.99,18053.6517,18083.4762,0
15776,283.99,18053.6517,18083.4762,0
15777,283.99,18053.6517,18083.4762,0
15778,283.99,18053.6517,18083.4762,0
15779,283.99,18053.6517,18083.4762,0
15780,283.99,18053.6517,18083.4762,0
15781,283.99,18053.6517,18083.4762,0
15782,283.99,18053.6517,18083.4762,0
15783,283.99,18053.6517,18083.4762,0
15787,284.04,18053.6496,18083.4762,0
15790,284.12,18053.6517,18083.4762,0
15791,284.15,18053.6517,18083.4762,0
15793,284.20,18053.6496,18083.4762,0
15794,284.20,18053.6496,18083.4762,0
15795,284.24,18053.6496,18083.4762,0
15796,284.27,18053.6496,18083.4762,0
15797,284.27,18053.6496,18083.4762,0
15798,284.27,18053.6496,18083.4762,0
15801,284.27,18053.6496,18083.4762,0
15802,284.32,18053.6517,18083.4762,0
15803,284.35,18053.6517,18083.4762,0
15806,284.39,18053.6517,18083.4762,0
15807,284.39,18053.6517,18083.4762,0
15808,284.39,18053.6517,18083.4762,0
15809,284.39,18053.6517,18083.4762,0
15810,284.44,18053.6496,18083.4762,0
15812,284.47,18053.6496,18083.4762,0
15813,284.48,18053.6496,18083.4762,0
15814,284.48,18053.6496,18083.4762,0
15815,284.51,18053.6496,18083.4762,0
15816,284.51,18053.6496,18083.4762,0
15817,284.51,18053.6496,18083.4762,0
15818,284.55,18053.6517,18083.4762,0
15819,284.59,18053.6517,18083.4762,0
15820,284.59,18053.6517,18083.4762,0
15821,284.59,18053.6517,18083.4762,0
15822,284.59,18053.6517,18083.4762,0
15824,284.60,18053.6517,18083.4762,0
15825,284.60,18053.6517,18083.4762,0
15826,284.64,18053.6496,18083.4762,0
15827,284.67,18053.6496,18083.4762,0
15828,284.71,18053.6496,18083.4762,0
15829,284.71,18053.6496,18083.4762,0
15833,284.75,18053.6517,18083.4762,0
15835,284.76,18053.6517,18083.4762,0
15836,284.76,18053.6517,18083.4762,0
15837,284.79,18053.6517,18083.4762,0
15838,284.87,18053.6496,18083.4762,0
15839,284.87,18053.6496,18083.4762,0
15840,284.95,18053.6517,18083.4762,0
15841,284.98,18053.6517,18083.4762,0
15842,284.99,18053.6517,18083.4762,0
15844,284.99,18053.6517,18083.4762,0
15846,284.99,18053.6517,18083.4762,0
15847,284.99,18053.6517,18083.4762,0
15848,284.99,18053.6517,18083.4762,0
15849,284.99,18053.6517,18083.4762,0
15851,285.03,18053.6517,18083.4762,0
15853,285.03,18053.6517,18083.4762,0
15854,285.03,18053.6517,18083.4762,0
15855,285.07,18053.6496,18083.4762,0
15857,285.11,18053.6496,18083.4762,0
15858,285.11,18053.6496,18083.4762,0
15859,285.15,18053.6496,18083.4762,0
15862,285.15,18053.6496,18083.4762,0
15863,285.15,18053.6496,18083.4762,0
15864,285.15,18053.6496,18083.4762,0
15866,285.15,18053.6496,18083.4762,0
15867,285.19,18053.6517,18083.4762,0
15868,285.27,18053.6496,18083.4762,0
15870,285.31,18053.6496,18083.4762,0
15872,285.35,18053.6517,18083.4762,0
15873,285.43,18053.6496,18083.4762,0
15874,285.46,18053.6496,18083.4762,0
15875,285.46,18053.6496,18083.4762,0
15877,285.46,18053.6496,18083.4762,0
15878,285.47,18053.6496,18083.4762,0
15880,285.47,18053.6496,18083.4762,0
15881,285.51,18053.6517,18083.4762,0
15882,285.52,18053.6517,18083.4762,0
15885,285.55,18053.6517,18083.4762,0
15888,285.55,18053.6517,18083.4762,0
15889,285.59,18053.6517,18083.4762,0
15890,285.59,18053.6517,18083.4762,0
15892,285.59,18053.6517,18083.4762,0
15893,285.59,18053.6517,18083.4762,0
15896,285.59,18053.6517,18083.4762,0
15897,285.59,18053.6517,18083.4762,0
15898,285.59,18053.6517,18083.4762,0
15899,285.59,18053.6517,18083.4762,0
15900,285.59,18053.6517,18083.4762,0
15901,285.63,18053.6496,18083.4762,0
15904,285.64,18053.6496,18083.4762,0
15906,285.67,18053.6496,18083.4762,0
15907,285.67,18053.6496,18083.4762,0
15908,285.67,18053.6496,18083.4762,0
15909,285.67,18053.6496,18083.4762,0
15910,285.67,18053.6496,18083.4762,0
15911,285.71,18053.6496,18083.4762,0
15912,285.71,18053.6496,18083.4762,0
15913,285.71,18053.6496,18083.4762,0
15915,285.71,18053.6496,18083.4762,0
15916,285.71,18053.6496,18083.4762,0
15917,285.71,18053.6496,18083.4762,0
15918,285.75,18053.6517,18083.4762,0
15920,285.76,18053.6517,18083.4762,0
15921,285.79,18053.6517,18083.4762,0
15922,285.79,18053.6517,18083.4762,0
15924,285.79,18053.6517,18083.4762,0
15926,285.79,18053.6517,18083.4762,0
15927,285.79,18053.6517,18083.4762,0
15930,285.79,18053.6517,18083.4762,0
15931,285.84,18053.6496,18083.4762,0
15932,285.87,18053.6496,18083.4762,0
15934,285.88,18053.6496,18083.4762,0
15935,285.88,18053.6496,18083.4762,0
15936,285.88,18053.6496,18083.4762,0
15937,285.88,18053.6496,18083.4762,0
15940,285.96,18053.6517,18083.4762,0
15941,285.99,18053.6517,18083.4762,0
15942,285.99,18053.6517,18083.4762,0
15943,286.00,18053.6517,18083.4762,0
15944,286.04,18053.6496,18083.4762,0
15945,286.05,18053.6496,18083.4762,0
15946,286.12,18053.6517,18083.4762,0
15948,286.16,18053.6517,18083.4762,0
15949,286.16,18053.6517,18083.4762,0
15950,286.16,18053.6517,18083.4762,0
15951,286.16,18053.6517,18083.4762,0
15952,286.21,18053.6496,18083.4762,0
15953,286.24,18053.6496,18083.4762,0
15954,286.28,18053.6496,18083.4762,0
15956,286.32,18053.6517,18083.4762,0
15957,286.36,18053.6517,18083.4762,0
15958,286.39,18053.6517,18083.4762,0
15959,286.39,18053.6517,18083.4762,0
15960,286.43,18053.6496,18083.4762,0
15961,286.44,18053.6496,18083.4762,0
15962,286.44,18053.6496,18083.4762,0
15963,286.44,18053.6496,18083.4762,0
15966,286.44,18053.6496,18083.4762,0
15967,286.44,18053.6496,18083.4762,0
15968,286.44,18053.6496,18083.4762,0
15971,286.44,18053.6496,18083.4762,0
15972,286.44,18053.6496,18083.4762,0
15974,286.47,18053.6496,18083.4762,0
15977,286.51,18053.6496,18083.4762,0
15978,286.51,18053.6496,18083.4762,0
15980,286.55,18053.6517,18083.4762,0
15981,286.58,18053.6517,18083.4762,0
15983,286.66,18053.6496,18083.4762,0
15984,286.67,18053.6496,18083.4762,0
15985,286.70,18053.6496,18083.4762,0
15986,286.70,18053.6496,18083.4762,0
15987,286.70,18053.6496,18083.4762,0
15989,286.71,18053.6496,18083.4762,0
15991,286.78,18053.6517,18083.4762,0
15992,286.79,18053.6517,18083.4762,0
15993,286.79,18053.6517,18083.4762,0
15994,286.79,18053.6517,18083.4762,0
15995,286.87,18053.6496,18083.4762,0
15996,286.87,18053.6496,18083.4762,0
15998,286.91,18053.6496,18083.4762,0
15999,286.95,18053.6517,18083.4762,0
16001,287.03,18053.6496,18083.4762,0
16002,287.04,18053.6496,18083.4762,0
16004,287.12,18053.6517,18083.4762,0
16005,287.19,18053.6496,18083.4762,0
16008,287.20,18053.6496,18083.4762,0
16010,287.20,18053.6496,18083.4762,0
16011,287.20,18053.6496,18083.4762,0
16012,287.20,18053.6496,18083.4762,0
16015,287.28,18053.6517,18083.4762,0
16017,287.29,18053.6517,18083.4762,0
16021,287.32,18053.6517,18083.4762,0
16022,287.32,18053.6517,18083.4762,0
16023,287.32,18053.6517,18083.4762,0
16026,287.32,18053.6517,18083.4762,0
16028,287.32,18053.6517,18083.4762,0
16029,287.32,18053.6517,18083.4762,0
16030,287.32,18053.6517,18083.4762,0
16032,287.32,18053.6517,18083.4762,0
16033,287.32,18053.6517,18083.4762,0
16034,287.32,18053.6517,18083.4762,0
16035,287.32,18053.6517,18083.4762,0
16037,287.36,18053.6517,18083.4762,0
16038,287.36,18053.6517,18083.4762,0
16039,287.36,18053.6517,18083.4762,0
16041,287.36,18053.6517,18083.4762,0
16043,287.36,18053.6517,18083.4762,0
16045,287.40,18053.6496,18083.4762,0
16046,287.43,18053.6496,18083.4762,0
16048,287.44,18053.6496,18083.4762,0
16049,287.48,18053.6496,18083.4762,0
16051,287.48,18053.6496,18083.4762,0
16053,287.48,18053.6496,18083.4762,0
16054,287.48,18053.6496,18083.4762,0
16055,287.52,18053.6517,18083.4762,0
16057,287.56,18053.6517,18083.4762,0
16058,287.56,18053.6517,18083.4762,0
16059,287.60,18053.6496,18083.4762,0
16061,287.61,18053.6496,18083.4762,0
16062,287.61,18053.6496,18083.4762,0
16063,287.65,18053.6496,18083.4762,0
16065,287.68,18053.6496,18083.4762,0
16066,287.68,18053.6496,18083.4762,0
16068,287.68,18053.6496,18083.4762,0
16069,287.68,18053.6496,18083.4762,0
16070,287.68,18053.6496,18083.4762,0
16071,287.68,18053.6496,18083.4762,0
16072,287.72,18053.6517,18083.4762,0
16073,287.76,18053.6517,18083.4762,0
16075,287.79,18053.6517,18083.4762,0
16076,287.79,18053.6517,18083.4762,0
16077,287.79,18053.6517,18083.4762,0
16078,287.84,18053.6496,18083.4762,0
16079,287.84,18053.6496,18083.4762,0
16080,287.87,18053.6496,18083.4762,0
16081,287.91,18053.6496,18083.4762,0
16083,287.91,18053.6496,18083.4762,0
16084,287.91,18053.6496,18083.4762,0
16085,287.96,18053.6517,18083.4762,0
16086,287.97,18053.6517,18083.4762,0
16087,288.06,18053.6517,18083.4762,0
16088,288.06,18053.6517,18083.4762,0
16089,288.06,18053.6517,18083.4762,0
16091,288.18,18053.6496,18083.4762,0
16092,288.21,18053.6496,18083.4762,0
16093,288.25,18053.6496,18083.4762,0
16095,288.26,18053.6496,18083.4762,0
16096,288.26,18053.6496,18083.4762,0
16097,288.26,18053.6496,18083.4762,0
16098,288.30,18053.6517,18083.4762,0
16099,288.33,18053.6517,18083.4762,0
16103,288.37,18053.6517,18083.4762,0
16105,288.41,18053.6496,18083.4762,0
16106,288.45,18053.6496,18083.4762,0
16107,288.48,18053.6496,18083.4762,0
16108,288.54,18053.6517,18083.4762,0
16109,288.58,18053.6517,18083.4762,0
16112,288.58,18053.6517,18083.4762,0
16113,288.58,18053.6517,18083.4762,0
16114,288.58,18053.6517,18083.4762,0
16115,288.62,18053.6517,18083.4762,0
16118,288.62,18053.6517,18083.4762,0
16122,288.62,18053.6517,18083.4762,0
16123,288.66,18053.6496,18083.4762,0
16125,288.70,18053.6496,18083.4762,0
16126,288.74,18053.6517,18083.4762,0
16127,288.82,18053.6496,18083.4762,0
16128,288.85,18053.6496,18083.4762,0
16129,288.86,18053.6496,18083.4762,0
16130,288.86,18053.6496,18083.4762,0
16131,288.86,18053.6496,18083.4762,0
16133,288.90,18053.6496,18083.4762,0
16134,288.90,18053.6496,18083.4762,0
16137,288.90,18053.6496,18083.4762,0
16138,288.94,18053.6517,18083.4762,0
16139,288.97,18053.6517,18083.4762,0
16140,288.98,18053.6517,18083.4762,0
16141,288.98,18053.6517,18083.4762,0
16142,288.98,18053.6517,18083.4762,0
16144,289.06,18053.6496,18083.4762,0
16145,289.13,18053.6517,18083.4762,0
16146,289.14,18053.6517,18083.4762,0
16148,289.17,18053.6517,18083.4762,0
16149,289.25,18053.6496,18083.4762,0
16150,289.26,18053.6496,18083.4762,0
16152,289.29,18053.6496,18083.4762,0
16153,289.33,18053.6496,18083.4762,0
16154,289.33,18053.6496,18083.4762,0
16155,289.33,18053.6496,18083.4762,0
16156,289.33,18053.6496,18083.4762,0
16157,289.33,18053.6496,18083.4762,0
16158,289.37,18053.6517,18083.4762,0
16159,289.40,18053.6517,18083.4762,0
16160,289.40,18053.6517,18083.4762,0
16162,289.41,18053.6517,18083.4762,0
16164,289.41,18053.6517,18083.4762,0
16168,289.45,18053.6517,18083.4762,0
16170,289.45,18053.6517,18083.4762,0
16171,289.45,18053.6517,18083.4762,0
16172,289.45,18053.6517,18083.4762,0
16174,289.49,18053.6496,18083.4762,0
16175,289.49,18053.6496,18083.4762,0
16176,289.49,18053.6496,18083.4762,0
16178,289.57,18053.6517,18083.4762,0
16180,289.65,18053.6496,18083.4762,0
16181,289.66,18053.6496,18083.4762,0
16183,289.69,18053.6496,18083.4762,0
16185,289.77,18053.6517,18083.4762,0
16186,289.78,18053.6517,18083.4762,0
16188,289.81,18053.6517,18083.4762,0
16189,289.86,18053.6496,18083.4762,0
16190,289.93,18053.6517,18083.4762,0
16193,289.97,18053.6517,18083.4762,0
16194,290.02,18053.6496,18083.4762,0
16195,290.05,18053.6496,18083.4762,0
16196,290.05,18053.6496,18083.4762,0
16197,290.05,18053.6496,18083.4762,0
16198,290.05,18053.6496,18083.4762,0
16199,290.05,18053.6496,18083.4762,0
16201,290.09,18053.6496,18083.4762,0
16202,290.09,18053.6496,18083.4762,0
16205,290.09,18053.6496,18083.4762,0
16207,290.09,18053.6496,18083.4762,0
16208,290.09,18053.6496,18083.4762,0
16209,290.09,18053.6496,18083.4762,0
16211,290.13,18053.6517,18083.4762,0
16213,290.14,18053.6517,18083.4762,0
16214,290.14,18053.6517,18083.4762,0
16215,290.14,18053.6517,18083.4762,0
16217,290.14,18053.6517,18083.4762,0
16218,290.18,18053.6517,18083.4762,0
16219,290.25,18053.6496,18083.4762,0
16220,290.26,18053.6496,18083.4762,0
16221,290.29,18053.6496,18083.4762,0
16222,290.29,18053.6496,18083.4762,0
16223,290.33,18053.6496,18083.4762,0
16224,290.33,18053.6496,18083.4762,0
16225,290.33,18053.6496,18083.4762,0
16227,290.33,18053.6496,18083.4762,0
16228,290.37,18053.6517,18083.4762,0
16230,290.41,18053.6517,18083.4762,0
16232,290.42,18053.6517,18083.4762,0
16233,290.42,18053.6517,18083.4762,0
16234,290.45,18053.6517,18083.4762,0
16235,290.49,18053.6496,18083.4762,0
16237,290.50,18053.6496,18083.4762,0
16238,290.50,18053.6496,18083.4762,0
16239,290.54,18053.6496,18083.4762,0
16240,290.57,18053.6496,18083.4762,0
16243,290.61,18053.6517,18083.4762,0
16244,290.69,18053.6496,18083.4762,0
16246,290.73,18053.6496,18083.4762,0
16248,290.76,18053.6496,18083.4762,0
16249,290.80,18053.6517,18083.4762,0
16251,290.84,18053.6517,18083.4762,0
16252,290.92,18053.6496,18083.4762,0
16253,290.95,18053.6496,18083.4762,0
16254,290.95,18053.6496,18083.4762,0
16255,290.99,18053.6517,18083.4762,0
16256,291.03,18053.6517,18083.4762,0
16257,291.03,18053.6517,18083.4762,0
16258,291.08,18053.6496,18083.4762,0
16259,291.15,18053.6517,18083.4762,0
16261,291.19,18053.6517,18083.4762,0
16262,291.19,18053.6517,18083.4762,0
16264,291.19,18053.6517,18083.4762,0
16265,291.23,18053.6517,18083.4762,0
16266,291.23,18053.6517,18083.4762,0
16268,291.23,18053.6517,18083.4762,0
16269,291.23,18053.6517,18083.4762,0
16270,291.23,18053.6517,18083.4762,0
16271,291.27,18053.6496,18083.4762,0
16272,291.28,18053.6496,18083.4762,0
16274,291.31,18053.6496,18083.4762,0
16275,291.39,18053.6517,18083.4762,0
16277,291.43,18053.6517,18083.4762,0
16278,291.43,18053.6517,18083.4762,0
16279,291.43,18053.6517,18083.4762,0
16280,291.43,18053.6517,18083.4762,0
16283,291.48,18053.6496,18083.4762,0
16284,291.51,18053.6496,18083.4762,0
16285,291.51,18053.6496,18083.4762,0
16286,291.55,18053.6496,18083.4762,0
16287,291.55,18053.6496,18083.4762,0
16289,291.55,18053.6496,18083.4762,0
16290,291.55,18053.6496,18083.4762,0
16291,291.55,18053.6496,18083.4762,0
16293,291.55,18053.6496,18083.4762,0
16296,291.55,18053.6496,18083.4762,0
16297,291.59,18053.6517,18083.4762,0
16298,291.63,18053.6517,18083.4762,0
16299,291.66,18053.6517,18083.4762,0
16300,291.66,18053.6517,18083.4762,0
16301,291.67,18053.6517,18083.4762,0
16304,291.67,18053.6517,18083.4762,0
16305,291.67,18053.6517,18083.4762,0
16306,291.67,18053.6517,18083.4762,0
16307,291.67,18053.6517,18083.4762,0
16310,291.67,18053.6517,18083.4762,0
16312,291.67,18053.6517,18083.4762,0
16314,291.71,18053.6496,18083.4762,0
16315,291.75,18053.6496,18083.4762,0
16316,291.75,18053.6496,18083.4762,0
16317,291.75,18053.6496,18083.4762,0
16318,291.75,18053.6496,18083.4762,0
16319,291.75,18053.6496,18083.4762,0
16320,291.79,18053.6517,18083.4762,0
16321,291.80,18053.6517,18083.4762,0
16322,291.80,18053.6517,18083.4762,0
16323,291.80,18053.6517,18083.4762,0
16324,291.80,18053.6517,18083.4762,0
16325,291.80,18053.6517,18083.4762,0
16327,291.88,18053.6496,18083.4762,0
16329,291.96,18053.6517,18083.4762,0
16330,291.99,18053.6517,18083.4762,0
16331,292.00,18053.6517,18083.4762,0
16332,292.04,18053.6496,18083.4762,0
16333,292.04,18053.6496,18083.4762,0
16334,292.12,18053.6517,18083.4762,0
16335,292.15,18053.6517,18083.4762,0
16336,292.19,18053.6517,18083.4762,0
16338,292.24,18053.6496,18083.4762,0
16339,292.27,18053.6496,18083.4762,0
16340,292.27,18053.6496,18083.4762,0
16341,292.30,18053.6496,18083.4762,0
16343,292.31,18053.6496,18083.4762,0
16344,292.35,18053.6517,18083.4762,0
16345,292.43,18053.6496,18083.4762,0
16347,292.43,18053.6496,18083.4762,0
16348,292.47,18053.6496,18083.4762,0
16349,292.50,18053.6496,18083.4762,0
16352,292.50,18053.6496,18083.4762,0
16353,292.50,18053.6496,18083.4762,0
16354,292.54,18053.6517,18083.4762,0
16355,292.55,18053.6517,18083.4762,0
16356,292.58,18053.6517,18083.4762,0
16357,292.62,18053.6517,18083.4762,0
16359,292.62,18053.6517,18083.4762,0
16360,292.66,18053.6496,18083.4762,0
16361,292.67,18053.6496,18083.4762,0
16362,292.70,18053.6496,18083.4762,0
16363,292.70,18053.6496,18083.4762,0
16366,292.78,18053.6517,18083.4762,0
16367,292.79,18053.6517,18083.4762,0
16370,292.82,18053.6517,18083.4762,0
16371,292.92,18053.6496,18083.4762,0
16373,292.93,18053.6496,18083.4762,0
16374,292.96,18053.6496,18083.4762,0
16375,292.96,18053.6496,18083.4762,0
16377,292.96,18053.6496,18083.4762,0
16378,292.99,18053.6496,18083.4762,0
16381,292.99,18053.6496,18083.4762,0
16382,293.04,18053.6517,18083.4762,0
16384,293.05,18053.6517,18083.4762,0
16386,293.05,18053.6517,18083.4762,0
16387,293.05,18053.6517,18083.4762,0
16388,293.08,18053.6517,18083.4762,0
16390,293.08,18053.6517,18083.4762,0
16392,293.15,18053.6496,18083.4762,0
16393,293.23,18053.6517,18083.4762,0
16396,293.27,18053.6517,18083.4762,0
16397,293.27,18053.6517,18083.4762,0
16399,293.27,18053.6517,18083.4762,0
16400,293.31,18053.6517,18083.4762,0
16401,293.35,18053.6496,18083.4762,0
16402,293.35,18053.6496,18083.4762,0
16403,293.39,18053.6496,18083.4762,0
16404,293.39,18053.6496,18083.4762,0
16405,293.46,18053.6517,18083.4762,0
16406,293.50,18053.6517,18083.4762,0
16407,293.53,18053.6517,18083.4762,0
16408,293.54,18053.6517,18083.4762,0
16410,293.54,18053.6517,18083.4762,0
16411,293.54,18053.6517,18083.4762,0
16412,293.54,18053.6517,18083.4762,0
16414,293.54,18053.6517,18083.4762,0
16415,293.54,18053.6517,18083.4762,0
16418,293.54,18053.6517,18083.4762,0
16420,293.58,18053.6496,18083.4762,0
16421,293.66,18053.6517,18083.4762,0
16422,293.69,18053.6517,18083.4762,0
16423,293.70,18053.6517,18083.4762,0
16424,293.73,18053.6517,18083.4762,0
16426,293.73,18053.6517,18083.4762,0
16428,293.73,18053.6517,18083.4762,0
16429,293.73,18053.6517,18083.4762,0
16430,293.73,18053.6517,18083.4762,0
16431,293.74,18053.6517,18083.4762,0
16432,293.78,18053.6496,18083.4762,0
16433,293.78,18053.6496,18083.4762,0
16434,293.78,18053.6496,18083.4762,0
16436,293.82,18053.6496,18083.4762,0
16437,293.85,18053.6496,18083.4762,0
16438,293.90,18053.6517,18083.4762,0
16439,293.90,18053.6517,18083.4762,0
16440,293.90,18053.6517,18083.4762,0
16441,293.93,18053.6517,18083.4762,0
16443,293.97,18053.6517,18083.4762,0
16444,293.97,18053.6517,18083.4762,0
16445,294.01,18053.6496,18083.4762,0
16446,294.05,18053.6496,18083.4762,0
16447,294.05,18053.6496,18083.4762,0
16448,294.05,18053.6496,18083.4762,0
16449,294.09,18053.6496,18083.4762,0
16450,294.13,18053.6517,18083.4762,0
16451,294.13,18053.6517,18083.4762,0
16453,294.17,18053.6517,18083.4762,0
16454,294.17,18053.6517,18083.4762,0
16455,294.25,18053.6496,18083.4762,0
16457,294.26,18053.6496,18083.4762,0
16458,294.29,18053.6496,18083.4762,0
16459,294.29,18053.6496,18083.4762,0
16460,294.33,18053.6517,18083.4762,0
16462,294.37,18053.6517,18083.4762,0
16463,294.38,18053.6517,18083.4762,0
16466,294.45,18053.6496,18083.4762,0
16467,294.53,18053.6517,18083.4762,0
16468,294.53,18053.6517,18083.4762,0
16469,294.53,18053.6517,18083.4762,0
16470,294.53,18053.6517,18083.4762,0
16472,294.57,18053.6517,18083.4762,0
16474,294.60,18053.6517,18083.4762,0
16475,294.60,18053.6517,18083.4762,0
16476,294.60,18053.6517,18083.4762,0
16478,294.65,18053.6496,18083.4762,0
16479,294.65,18053.6496,18083.4762,0
16481,294.69,18053.6496,18083.4762,0
16482,294.73,18053.6517,18083.4762,0
16483,294.81,18053.6496,18083.4762,0
16484,294.84,18053.6496,18083.4762,0
16485,294.84,18053.6496,18083.4762,0
16486,294.88,18053.6517,18083.4762,0
16487,294.92,18053.6517,18083.4762,0
16488,294.95,18053.6517,18083.4762,0
16489,294.95,18053.6517,18083.4762,0
16490,294.96,18053.6517,18083.4762,0
16491,295.00,18053.6496,18083.4762,0
16493,295.08,18053.6517,18083.4762,0
16495,295.12,18053.6517,18083.4762,0
16496,295.19,18053.6496,18083.4762,0
16497,295.20,18053.6496,18083.4762,0
16498,295.23,18053.6496,18083.4762,0
16499,295.27,18053.6496,18083.4762,0
16504,295.31,18053.6517,18083.4762,0
16505,295.35,18053.6517,18083.4762,0
16506,295.35,18053.6517,18083.4762,0
16507,295.35,18053.6517,18083.4762,0
16508,295.35,18053.6517,18083.4762,0
16509,295.39,18053.6496,18083.4762,0
16510,295.40,18053.6496,18083.4762,0
16511,295.43,18053.6496,18083.4762,0
16513,295.44,18053.6496,18083.4762,0
16515,295.47,18053.6496,18083.4762,0
16516,295.51,18053.6517,18083.4762,0
16518,295.52,18053.6517,18083.4762,0
16520,295.56,18053.6517,18083.4762,0
16521,295.60,18053.6496,18083.4762,0
16522,295.60,18053.6496,18083.4762,0
16524,295.64,18053.6496,18083.4762,0
16525,295.64,18053.6496,18083.4762,0
16528,295.72,18053.6517,18083.4762,0
16530,295.73,18053.6517,18083.4762,0
16531,295.80,18053.6496,18083.4762,0
16532,295.88,18053.6517,18083.4762,0
16533,295.96,18053.6496,18083.4762,0
16534,296.03,18053.6517,18083.4762,0
16535,296.06,18053.6517,18083.4762,0
16536,296.06,18053.6517,18083.4762,0
16542,296.14,18053.6496,18083.4762,0
16543,296.18,18053.6496,18083.4762,0
16544,296.22,18053.6517,18083.4762,0
16545,296.25,18053.6517,18083.4762,0
16546,296.30,18053.6496,18083.4762,0
16547,296.33,18053.6496,18083.4762,0
16549,296.41,18053.6517,18083.4762,0
16550,296.44,18053.6517,18083.4762,0
16551,296.48,18053.6517,18083.4762,0
16552,296.48,18053.6517,18083.4762,0
16553,296.48,18053.6517,18083.4762,0
16554,296.48,18053.6517,18083.4762,0
16555,296.48,18053.6517,18083.4762,0
16556,296.48,18053.6517,18083.4762,0
16558,296.53,18053.6496,18083.4762,0
16559,296.53,18053.6496,18083.4762,0
16560,296.53,18053.6496,18083.4762,0
16561,296.61,18053.6517,18083.4762,0
16562,296.64,18053.6517,18083.4762,0
16563,296.65,18053.6517,18083.4762,0
16564,296.68,18053.6517,18083.4762,0
16568,296.69,18053.6517,18083.4762,0
16569,296.69,18053.6517,18083.4762,0
16571,296.69,18053.6517,18083.4762,0
16572,296.69,18053.6517,18083.4762,0
16573,296.69,18053.6517,18083.4762,0
16574,296.73,18053.6496,18083.4762,0
16575,296.80,18053.6517,18083.4762,0
16576,296.84,18053.6517,18083.4762,0
16577,296.91,18053.6496,18083.4762,0
16578,296.99,18053.6517,18083.4762,0
16580,297.03,18053.6517,18083.4762,0
16581,297.03,18053.6517,18083.4762,0
16582,297.03,18053.6517,18083.4762,0
16583,297.03,18053.6517,18083.4762,0
16584,297.07,18053.6496,18083.4762,0
16585,297.10,18053.6496,18083.4762,0
16586,297.14,18053.6496,18083.4762,0
16587,297.14,18053.6496,18083.4762,0
16588,297.18,18053.6517,18083.4762,0
16589,297.22,18053.6517,18083.4762,0
16590,297.29,18053.6496,18083.4762,0
16592,297.33,18053.6496,18083.4762,0
16593,297.34,18053.6496,18083.4762,0
16595,297.37,18053.6496,18083.4762,0
16596,297.37,18053.6496,18083.4762,0
16599,297.37,18053.6496,18083.4762,0
16601,297.37,18053.6496,18083.4762,0
16602,297.37,18053.6496,18083.4762,0
16603,297.37,18053.6496,18083.4762,0
16604,297.41,18053.6517,18083.4762,0
16606,297.45,18053.6517,18083.4762,0
16607,297.45,18053.6517,18083.4762,0
16608,297.45,18053.6517,18083.4762,0
16609,297.46,18053.6517,18083.4762,0
16610,297.49,18053.6517,18083.4762,0
16611,297.49,18053.6517,18083.4762,0
16612,297.49,18053.6517,18083.4762,0
16613,297.53,18053.6496,18083.4762,0
16614,297.57,18053.6496,18083.4762,0
16615,297.57,18053.6496,18083.4762,0
16616,297.57,18053.6496,18083.4762,0
16618,297.61,18053.6496,18083.4762,0
16619,297.61,18053.6496,18083.4762,0
16620,297.61,18053.6496,18083.4762,0
16621,297.61,18053.6496,18083.4762,0
16622,297.61,18053.6496,18083.4762,0
16623,297.61,18053.6496,18083.4762,0
16626,297.61,18053.6496,18083.4762,0
16627,297.61,18053.6496,18083.4762,0
16628,297.65,18053.6517,18083.4762,0
16629,297.66,18053.6517,18083.4762,0
16631,297.69,18053.6517,18083.4762,0
16632,297.73,18053.6517,18083.4762,0
16633,297.73,18053.6517,18083.4762,0
16635,297.73,18053.6517,18083.4762,0
16636,297.73,18053.6517,18083.4762,0
16637,297.73,18053.6517,18083.4762,0
16638,297.73,18053.6517,18083.4762,0
16639,297.73,18053.6517,18083.4762,0
16641,297.77,18053.6496,18083.4762,0
16642,297.78,18053.6496,18083.4762,0
16643,297.85,18053.6517,18083.4762,0
16644,297.86,18053.6517,18083.4762,0
16646,297.86,18053.6517,18083.4762,0
16648,297.89,18053.6517,18083.4762,0
16649,297.93,18053.6517,18083.4762,0
16651,297.93,18053.6517,18083.4762,0
16652,297.93,18053.6517,18083.4762,0
16653,297.93,18053.6517,18083.4762,0
16654,297.93,18053.6517,18083.4762,0
16657,297.93,18053.6517,18083.4762,0
16658,297.93,18053.6517,18083.4762,0
16659,297.93,18053.6517,18083.4762,0
16660,297.93,18053.6517,18083.4762,0
16663,297.97,18053.6496,18083.4762,0
16664,298.01,18053.6496,18083.4762,0
16665,298.01,18053.6496,18083.4762,0
16666,298.01,18053.6496,18083.4762,0
16669,298.02,18053.6496,18083.4762,0
16670,298.06,18053.6517,18083.4762,0
16671,298.06,18053.6517,18083.4762,0
16672,298.10,18053.6517,18083.4762,0
16674,298.14,18053.6496,18083.4762,0
16675,298.22,18053.6517,18083.4762,0
16676,298.25,18053.6517,18083.4762,0
16677,298.29,18053.6517,18083.4762,0
16678,298.29,18053.6517,18083.4762,0
16679,298.29,18053.6517,18083.4762,0
16680,298.29,18053.6517,18083.4762,0
16681,298.29,18053.6517,18083.4762,0
16682,298.29,18053.6517,18083.4762,0
16685,298.30,18053.6517,18083.4762,0
16686,298.34,18053.6496,18083.4762,0
16687,298.37,18053.6496,18083.4762,0
16688,298.41,18053.6496,18083.4762,0
16689,298.41,18053.6496,18083.4762,0
16692,298.46,18053.6517,18083.4762,0
16693,298.46,18053.6517,18083.4762,0
16695,298.50,18053.6517,18083.4762,0
16696,298.50,18053.6517,18083.4762,0
16697,298.54,18053.6496,18083.4762,0
16698,298.58,18053.6496,18083.4762,0
16699,298.58,18053.6496,18083.4762,0
16701,298.63,18053.6517,18083.4762,0
16702,298.66,18053.6517,18083.4762,0
16703,298.70,18053.6517,18083.4762,0
16704,298.70,18053.6517,18083.4762,0
16705,298.70,18053.6517,18083.4762,0
16706,298.70,18053.6517,18083.4762,0
16708,298.71,18053.6517,18083.4762,0
16711,298.71,18053.6517,18083.4762,0
16713,298.71,18053.6517,18083.4762,0
16714,298.71,18053.6517,18083.4762,0
16715,298.75,18053.6496,18083.4762,0
16716,298.78,18053.6496,18083.4762,0
16717,298.79,18053.6496,18083.4762,0
16718,298.79,18053.6496,18083.4762,0
16719,298.79,18053.6496,18083.4762,0
16720,298.79,18053.6496,18083.4762,0
16722,298.83,18053.6496,18083.4762,0
16723,298.87,18053.6517,18083.4762,0
16725,298.95,18053.6496,18083.4762,0
16726,299.03,18053.6517,18083.4762,0
16727,299.06,18053.6517,18083.4762,0
16729,299.07,18053.6517,18083.4762,0
16730,299.10,18053.6517,18083.4762,0
16731,299.10,18053.6517,18083.4762,0
16733,299.14,18053.6496,18083.4762,0
16734,299.18,18053.6496,18083.4762,0
16735,299.27,18053.6517,18083.4762,0
16737,299.35,18053.6496,18083.4762,0
16738,299.43,18053.6517,18083.4762,0
16739,299.43,18053.6517,18083.4762,0
16740,299.43,18053.6517,18083.4762,0
16741,299.47,18053.6517,18083.4762,0
16742,299.50,18053.6517,18083.4762,0
16743,299.50,18053.6517,18083.4762,0
16744,299.50,18053.6517,18083.4762,0
16745,299.54,18053.6496,18083.4762,0
16746,299.62,18053.6517,18083.4762,0
16747,299.65,18053.6517,18083.4762,0
16750,299.66,18053.6517,18083.4762,0
16753,299.66,18053.6517,18083.4762,0
16754,299.66,18053.6517,18083.4762,0
16756,299.74,18053.6496,18083.4762,0
16758,299.75,18053.6496,18083.4762,0
16759,299.78,18053.6496,18083.4762,0
16760,299.86,18053.6517,18083.4762,0
16761,299.89,18053.6517,18083.4762,0
16762,299.92,18053.6517,18083.4762,0
16763,299.92,18053.6517,18083.4762,0
16764,299.97,18053.6496,18083.4762,0
16765,299.97,18053.6496,18083.4762,0
16767,300.01,18053.6496,18083.4762,0
16768,300.01,18053.6496,18083.4762,0
16769,300.05,18053.6517,18083.4762,0
16771,300.09,18053.6517,18083.4762,0
16773,300.17,18053.6496,18083.4762,0
16774,300.20,18053.6496,18083.4762,0
16775,300.20,18053.6496,18083.4762,0
16777,300.21,18053.6496,18083.4762,0
16780,300.24,18053.6496,18083.4762,0
16782,300.24,18053.6496,18083.4762,0
16783,300.24,18053.6496,18083.4762,0
16784,300.24,18053.6496,18083.4762,0
16787,300.24,18053.6496,18083.4762,0
16788,300.24,18053.6496,18083.4762,0
16789,300.24,18053.6496,18083.4762,0
16790,300.24,18053.6496,18083.4762,0
16791,300.24,18053.6496,18083.4762,0
16792,300.28,18053.6517,18083.4762,0
16793,300.32,18053.6517,18083.4762,0
16795,300.33,18053.6517,18083.4762,0
16796,300.36,18053.6517,18083.4762,0
16797,300.36,18053.6517,18083.4762,0
16798,300.36,18053.6517,18083.4762,0
16800,300.36,18053.6517,18083.4762,0
16801,300.40,18053.6496,18083.4762,0
16802,300.41,18053.6496,18083.4762,0
16803,300.41,18053.6496,18083.4762,0
16804,300.41,18053.6496,18083.4762,0
16805,300.44,18053.6496,18083.4762,0
16806,300.48,18053.6496,18083.4762,0
16807,300.48,18053.6496,18083.4762,0
16808,300.48,18053.6496,18083.4762,0
16812,300.52,18053.6517,18083.4762,0
16816,300.61,18053.6496,18083.4762,0
16818,300.64,18053.6496,18083.4762,0
16819,300.68,18053.6496,18083.4762,0
16820,300.68,18053.6496,18083.4762,0
16821,300.72,18053.6517,18083.4762,0
16822,300.75,18053.6517,18083.4762,0
16823,300.76,18053.6517,18083.4762,0
16824,300.76,18053.6517,18083.4762,0
16826,300.81,18053.6496,18083.4762,0
16827,300.81,18053.6496,18083.4762,0
16828,300.85,18053.6496,18083.4762,0
16829,300.89,18053.6517,18083.4762,0
16830,300.96,18053.6496,18083.4762,0
16832,300.97,18053.6496,18083.4762,0
16834,301.05,18053.6517,18083.4762,0
16835,301.08,18053.6517,18083.4762,0
16836,301.08,18053.6517,18083.4762,0
16838,301.09,18053.6517,18083.4762,0
16839,301.12,18053.6517,18083.4762,0
16840,301.12,18053.6517,18083.4762,0
16842,301.12,18053.6517,18083.4762,0
16843,301.17,18053.6496,18083.4762,0
16844,301.20,18053.6496,18083.4762,0
16846,301.24,18053.6496,18083.4762,0
16847,301.28,18053.6517,18083.4762,0
16848,301.32,18053.6517,18083.4762,0
16849,301.32,18053.6517,18083.4762,0
16850,301.35,18053.6517,18083.4762,0
16852,301.40,18053.6496,18083.4762,0
16853,301.43,18053.6496,18083.4762,0
16854,301.44,18053.6496,18083.4762,0
16855,301.48,18053.6517,18083.4762,0
16856,301.51,18053.6517,18083.4762,0
16857,301.51,18053.6517,18083.4762,0
16858,301.51,18053.6517,18083.4762,0
16859,301.56,18053.6496,18083.4762,0
16861,301.64,18053.6517,18083.4762,0
16863,301.64,18053.6517,18083.4762,0
16864,301.64,18053.6517,18083.4762,0
16865,301.68,18053.6517,18083.4762,0
16866,301.68,18053.6517,18083.4762,0
16868,301.68,18053.6517,18083.4762,0
16869,301.71,18053.6517,18083.4762,0
16871,301.75,18053.6496,18083.4762,0
16873,301.79,18053.6496,18083.4762,0
16874,301.80,18053.6496,18083.4762,0
16876,301.83,18053.6496,18083.4762,0
16877,301.83,18053.6496,18083.4762,0
16878,301.83,18053.6496,18083.4762,0
16879,301.83,18053.6496,18083.4762,0
16880,301.83,18053.6496,18083.4762,0
16881,301.83,18053.6496,18083.4762,0
16882,301.83,18053.6496,18083.4762,0
16885,301.83,18053.6496,18083.4762,0
16887,301.83,18053.6496,18083.4762,0
16889,301.87,18053.6517,18083.4762,0
16890,301.88,18053.6517,18083.4762,0
16891,301.92,18053.6517,18083.4762,0
16892,301.92,18053.6517,18083.4762,0
16894,301.92,18053.6517,18083.4762,0
16895,301.92,18053.6517,18083.4762,0
16896,301.92,18053.6517,18083.4762,0
16897,301.92,18053.6517,18083.4762,0
16898,301.95,18053.6517,18083.4762,0
16899,301.95,18053.6517,18083.4762,0
16901,301.95,18053.6517,18083.4762,0
16903,302.00,18053.6496,18083.4762,0
16904,302.03,18053.6496,18083.4762,0
16905,302.04,18053.6496,18083.4762,0
16906,302.04,18053.6496,18083.4762,0
16907,302.04,18053.6496,18083.4762,0
16908,302.04,18053.6496,18083.4762,0
16909,302.04,18053.6496,18083.4762,0
16912,302.04,18053.6496,18083.4762,0
16913,302.04,18053.6496,18083.4762,0
16914,302.04,18053.6496,18083.4762,0
16916,302.04,18053.6496,18083.4762,0
16917,302.04,18053.6496,18083.4762,0
16918,302.08,18053.6496,18083.4762,0
16919,302.12,18053.6517,18083.4762,0
16920,302.16,18053.6517,18083.4762,0
16921,302.16,18053.6517,18083.4762,0
16922,302.16,18053.6517,18083.4762,0
16924,302.17,18053.6517,18083.4762,0
16925,302.17,18053.6517,18083.4762,0
16926,302.17,18053.6517,18083.4762,0
16927,302.20,18053.6517,18083.4762,0
16929,302.20,18053.6517,18083.4762,0
16930,302.20,18053.6517,18083.4762,0
16932,302.25,18053.6496,18083.4762,0
16933,302.25,18053.6496,18083.4762,0
16935,302.26,18053.6496,18083.4762,0
16936,302.26,18053.6496,18083.4762,0
16937,302.29,18053.6496,18083.4762,0
16938,302.33,18053.6517,18083.4762,0
16939,302.37,18053.6517,18083.4762,0
16941,302.40,18053.6517,18083.4762,0
16942,302.40,18053.6517,18083.4762,0
16943,302.41,18053.6517,18083.4762,0
16945,302.41,18053.6517,18083.4762,0
16946,302.41,18053.6517,18083.4762,0
16950,302.41,18053.6517,18083.4762,0
16951,302.41,18053.6517,18083.4762,0
16952,302.45,18053.6496,18083.4762,0
16953,302.49,18053.6496,18083.4762,0
16954,302.49,18053.6496,18083.4762,0
16955,302.53,18053.6517,18083.4762,0
16956,302.56,18053.6517,18083.4762,0
16957,302.56,18053.6517,18083.4762,0
16958,302.59,18053.6517,18083.4762,0
16959,302.64,18053.6496,18083.4762,0
16960,302.64,18053.6496,18083.4762,0
16961,302.68,18053.6496,18083.4762,0
16962,302.68,18053.6496,18083.4762,0
16963,302.68,18053.6496,18083.4762,0
16964,302.72,18053.6517,18083.4762,0
16966,302.73,18053.6517,18083.4762,0
16967,302.76,18053.6517,18083.4762,0
16968,302.76,18053.6517,18083.4762,0
16969,302.79,18053.6517,18083.4762,0
16970,302.79,18053.6517,18083.4762,0
16971,302.79,18053.6517,18083.4762,0
16972,302.79,18053.6517,18083.4762,0
16973,302.79,18053.6517,18083.4762,0
16974,302.79,18053.6517,18083.4762,0
16976,302.79,18053.6517,18083.4762,0
16977,302.84,18053.6496,18083.4762,0
16978,302.87,18053.6496,18083.4762,0
16980,302.88,18053.6496,18083.4762,0
16981,302.92,18053.6496,18083.4762,0
16982,302.96,18053.6517,18083.4762,0
16983,302.99,18053.6517,18083.4762,0
16984,303.02,18053.6517,18083.4762,0
16985,303.07,18053.6496,18083.4762,0
16986,303.07,18053.6496,18083.4762,0
16987,303.07,18053.6496,18083.4762,0
16988,303.11,18053.6496,18083.4762,0
16989,303.11,18053.6496,18083.4762,0
16990,303.11,18053.6496,18083.4762,0
16991,303.15,18053.6517,18083.4762,0
16992,303.16,18053.6517,18083.4762,0
16993,303.19,18053.6517,18083.4762,0
16995,303.19,18053.6517,18083.4762,0
16998,303.27,18053.6496,18083.4762,0
16999,303.30,18053.6496,18083.4762,0
17000,303.38,18053.6517,18083.4762,0
17001,303.45,18053.6496,18083.4762,0
17003,303.49,18053.6496,18083.4762,0
17004,303.53,18053.6496,18083.4762,0
17005,303.53,18053.6496,18083.4762,0
17008,303.53,18053.6496,18083.4762,0
17009,303.53,18053.6496,18083.4762,0
17010,303.53,18053.6496,18083.4762,0
17012,303.57,18053.6517,18083.4762,0
17013,303.61,18053.6517,18083.4762,0
17016,303.62,18053.6517,18083.4762,0
17017,303.62,18053.6517,18083.4762,0
17018,303.62,18053.6517,18083.4762,0
17019,303.62,18053.6517,18083.4762,0
17020,303.65,18053.6517,18083.4762,0
17021,303.65,18053.6517,18083.4762,0
17022,303.65,18053.6517,18083.4762,0
17023,303.65,18053.6517,18083.4762,0
17024,303.65,18053.6517,18083.4762,0
17026,303.65,18053.6517,18083.4762,0
17028,303.65,18053.6517,18083.4762,0
17032,303.65,18053.6517,18083.4762,0
17033,303.69,18053.6496,18083.4762,0
17034,303.73,18053.6496,18083.4762,0
17036,303.78,18053.6517,18083.4762,0
17037,303.78,18053.6517,18083.4762,0
17038,303.86,18053.6496,18083.4762,0
17039,303.87,18053.6496,18083.4762,0
17040,303.87,18053.6496,18083.4762,0
17041,303.87,18053.6496,18083.4762,0
17042,303.87,18053.6496,18083.4762,0
17043,303.87,18053.6496,18083.4762,0
17044,303.94,18053.6517,18083.4762,0
17046,303.98,18053.6517,18083.4762,0
17047,304.06,18053.6496,18083.4762,0
17048,304.06,18053.6496,18083.4762,0
17050,304.10,18053.6496,18083.4762,0
17052,304.10,18053.6496,18083.4762,0
17054,304.13,18053.6496,18083.4762,0
17056,304.13,18053.6496,18083.4762,0
17057,304.18,18053.6517,18083.4762,0
17058,304.18,18053.6517,18083.4762,0
17059,304.18,18053.6517,18083.4762,0
17060,304.26,18053.6496,18083.4762,0
17061,304.29,18053.6496,18083.4762,0
17062,304.34,18053.6517,18083.4762,0
17063,304.37,18053.6517,18083.4762,0
17064,304.40,18053.6517,18083.4762,0
17066,304.41,18053.6517,18083.4762,0
17068,304.41,18053.6517,18083.4762,0
17069,304.41,18053.6517,18083.4762,0
17072,304.41,18053.6517,18083.4762,0
17073,304.41,18053.6517,18083.4762,0
17074,304.41,18053.6517,18083.4762,0
17075,304.41,18053.6517,18083.4762,0
17076,304.41,18053.6517,18083.4762,0
17077,304.46,18053.6496,18083.4762,0
17078,304.46,18053.6496,18083.4762,0
17079,304.54,18053.6517,18083.4762,0
17080,304.57,18053.6517,18083.4762,0
17083,304.61,18053.6517,18083.4762,0
17084,304.65,18053.6496,18083.4762,0
17085,304.68,18053.6496,18083.4762,0
17087,304.69,18053.6496,18083.4762,0
17088,304.69,18053.6496,18083.4762,0
17089,304.79,18053.6517,18083.4762,0
17090,304.79,18053.6517,18083.4762,0
17091,304.79,18053.6517,18083.4762,0
17092,304.82,18053.6517,18083.4762,0
17094,304.83,18053.6517,18083.4762,0
17096,304.86,18053.6517,18083.4762,0
17097,304.86,18053.6517,18083.4762,0
17099,304.86,18053.6517,18083.4762,0
17100,304.86,18053.6517,18083.4762,0
17101,304.90,18053.6496,18083.4762,0
17102,304.94,18053.6496,18083.4762,0
17103,304.97,18053.6496,18083.4762,0
17105,304.97,18053.6496,18083.4762,0
17106,304.97,18053.6496,18083.4762,0
17107,305.02,18053.6517,18083.4762,0
17108,305.05,18053.6517,18083.4762,0
17109,305.06,18053.6517,18083.4762,0
17110,305.13,18053.6496,18083.4762,0
17111,305.17,18053.6496,18083.4762,0
17112,305.24,18053.6517,18083.4762,0
17113,305.25,18053.6517,18083.4762,0
17114,305.28,18053.6517,18083.4762,0
17115,305.28,18053.6517,18083.4762,0
17116,305.36,18053.6496,18083.4762,0
17117,305.39,18053.6496,18083.4762,0
17118,305.39,18053.6496,18083.4762,0
17119,305.39,18053.6496,18083.4762,0
17121,305.40,18053.6496,18083.4762,0
17122,305.40,18053.6496,18083.4762,0
17124,305.40,18053.6496,18083.4762,0
17126,305.40,18053.6496,18083.4762,0
17127,305.43,18053.6496,18083.4762,0
17128,305.47,18053.6517,18083.4762,0
17129,305.51,18053.6517,18083.4762,0
17131,305.55,18053.6496,18083.4762,0
17132,305.56,18053.6496,18083.4762,0
17135,305.60,18053.6496,18083.4762,0
17137,305.63,18053.6496,18083.4762,0
17138,305.63,18053.6496,18083.4762,0
17139,305.63,18053.6496,18083.4762,0
17140,305.67,18053.6517,18083.4762,0
17141,305.68,18053.6517,18083.4762,0
17142,305.71,18053.6517,18083.4762,0
17144,305.79,18053.6496,18083.4762,0
17145,305.83,18053.6496,18083.4762,0
17150,305.86,18053.6496,18083.4762,0
17151,305.86,18053.6496,18083.4762,0
17153,305.87,18053.6496,18083.4762,0
17154,305.87,18053.6496,18083.4762,0
17155,305.87,18053.6496,18083.4762,0
17156,305.91,18053.6517,18083.4762,0
17157,305.92,18053.6517,18083.4762,0
17158,305.95,18053.6517,18083.4762,0
17159,305.95,18053.6517,18083.4762,0
17162,305.95,18053.6517,18083.4762,0
17165,305.95,18053.6517,18083.4762,0
17166,305.99,18053.6517,18083.4762,0
17168,305.99,18053.6517,18083.4762,0
17169,305.99,18053.6517,18083.4762,0
17171,305.99,18053.6517,18083.4762,0
17173,305.99,18053.6517,18083.4762,0
17175,305.99,18053.6517,18083.4762,0
17176,306.03,18053.6496,18083.4762,0
17177,306.07,18053.6496,18083.4762,0
17178,306.10,18053.6496,18083.4762,0
17179,306.10,18053.6496,18083.4762,0
17180,306.15,18053.6517,18083.4762,0
17181,306.20,18053.6517,18083.4762,0
17182,306.20,18053.6517,18083.4762,0
17183,306.20,18053.6517,18083.4762,0
17184,306.24,18053.6517,18083.4762,0
17185,306.28,18053.6496,18083.4762,0
17186,306.36,18053.6517,18083.4762,0
17187,306.39,18053.6517,18083.4762,0
17188,306.40,18053.6517,18083.4762,0
17189,306.40,18053.6517,18083.4762,0
17190,306.40,18053.6517,18083.4762,0
17192,306.47,18053.6496,18083.4762,0
17193,306.51,18053.6496,18083.4762,0
17194,306.51,18053.6496,18083.4762,0
17195,306.56,18053.6517,18083.4762,0
17196,306.56,18053.6517,18083.4762,0
17197,306.59,18053.6517,18083.4762,0
17198,306.59,18053.6517,18083.4762,0
17199,306.59,18053.6517,18083.4762,0
17200,306.67,18053.6496,18083.4762,0
17201,306.71,18053.6496,18083.4762,0
17204,306.71,18053.6496,18083.4762,0
17205,306.71,18053.6496,18083.4762,0
17206,306.71,18053.6496,18083.4762,0
17207,306.71,18053.6496,18083.4762,0
17208,306.71,18053.6496,18083.4762,0
17209,306.71,18053.6496,18083.4762,0
17210,306.71,18053.6496,18083.4762,0
17211,306.71,18053.6496,18083.4762,0
17212,306.71,18053.6496,18083.4762,0
17213,306.76,18053.6517,18083.4762,0
17214,306.83,18053.6496,18083.4762,0
17215,306.87,18053.6496,18083.4762,0
17216,306.87,18053.6496,18083.4762,0
17217,306.87,18053.6496,18083.4762,0
17218,306.91,18053.6517,18083.4762,0
17219,306.92,18053.6517,18083.4762,0
17221,306.96,18053.6517,18083.4762,0
17223,306.99,18053.6517,18083.4762,0
17224,306.99,18053.6517,18083.4762,0
17225,306.99,18053.6517,18083.4762,0
17227,306.99,18053.6517,18083.4762,0
17228,306.99,18053.6517,18083.4762,0
17229,306.99,18053.6517,18083.4762,0
17231,306.99,18053.6517,18083.4762,0
17232,306.99,18053.6517,18083.4762,0
17235,307.03,18053.6496,18083.4762,0
17236,307.07,18053.6496,18083.4762,0
17237,307.07,18053.6496,18083.4762,0
17238,307.11,18053.6517,18083.4762,0
17239,307.11,18053.6517,18083.4762,0
17240,307.19,18053.6496,18083.4762,0
17241,307.22,18053.6496,18083.4762,0
17242,307.23,18053.6496,18083.4762,0
17243,307.27,18053.6517,18083.4762,0
17244,307.35,18053.6496,18083.4762,0
17245,307.38,18053.6496,18083.4762,0
17247,307.39,18053.6496,18083.4762,0
17248,307.39,18053.6496,18083.4762,0
17249,307.39,18053.6496,18083.4762,0
17251,307.43,18053.6517,18083.4762,0
17252,307.47,18053.6517,18083.4762,0
17253,307.47,18053.6517,18083.4762,0
17254,307.51,18053.6517,18083.4762,0
17255,307.51,18053.6517,18083.4762,0
17257,307.51,18053.6517,18083.4762,0
17258,307.51,18053.6517,18083.4762,0
17259,307.55,18053.6496,18083.4762,0
17260,307.59,18053.6496,18083.4762,0
17262,307.60,18053.6496,18083.4762,0
17263,307.63,18053.6496,18083.4762,0
17264,307.63,18053.6496,18083.4762,0
17265,307.63,18053.6496,18083.4762,0
17266,307.67,18053.6517,18083.4762,0
17268,307.75,18053.6496,18083.4762,0
17269,307.83,18053.6517,18083.4762,0
17270,307.83,18053.6517,18083.4762,0
17272,307.84,18053.6517,18083.4762,0
17273,307.87,18053.6517,18083.4762,0
17274,307.87,18053.6517,18083.4762,0
17275,307.90,18053.6517,18083.4762,0
17277,307.90,18053.6517,18083.4762,0
17279,307.90,18053.6517,18083.4762,0
17280,307.95,18053.6496,18083.4762,0
17282,307.95,18053.6496,18083.4762,0
17283,307.99,18053.6496,18083.4762,0
17284,307.99,18053.6496,18083.4762,0
17285,308.03,18053.6517,18083.4762,0
17286,308.06,18053.6517,18083.4762,0
17288,308.07,18053.6517,18083.4762,0
17290,308.07,18053.6517,18083.4762,0
17292,308.07,18053.6517,18083.4762,0
17293,308.12,18053.6496,18083.4762,0
17294,308.15,18053.6496,18083.4762,0
17295,308.15,18053.6496,18083.4762,0
17296,308.23,18053.6517,18083.4762,0
17298,308.27,18053.6517,18083.4762,0
17300,308.30,18053.6517,18083.4762,0
17301,308.30,18053.6517,18083.4762,0
17302,308.30,18053.6517,18083.4762,0
17304,308.30,18053.6517,18083.4762,0
17305,308.31,18053.6517,18083.4762,0
17307,308.31,18053.6517,18083.4762,0
17308,308.35,18053.6496,18083.4762,0
17309,308.35,18053.6496,18083.4762,0
17310,308.39,18053.6496,18083.4762,0
17311,308.39,18053.6496,18083.4762,0
17313,308.39,18053.6496,18083.4762,0
17314,308.39,18053.6496,18083.4762,0
17315,308.39,18053.6496,18083.4762,0
17316,308.42,18053.6496,18083.4762,0
17317,308.42,18053.6496,18083.4762,0
17318,308.42,18053.6496,18083.4762,0
17319,308.42,18053.6496,18083.4762,0
17320,308.47,18053.6517,18083.4762,0
17321,308.55,18053.6496,18083.4762,0
17322,308.55,18053.6496,18083.4762,0
17323,308.58,18053.6496,18083.4762,0
17324,308.58,18053.6496,18083.4762,0
17326,308.63,18053.6517,18083.4762,0
17327,308.63,18053.6517,18083.4762,0
17328,308.63,18053.6517,18083.4762,0
17330,308.72,18053.6496,18083.4762,0
17331,308.75,18053.6496,18083.4762,0
17333,308.76,18053.6496,18083.4762,0
17334,308.79,18053.6496,18083.4762,0
17335,308.79,18053.6496,18083.4762,0
17336,308.79,18053.6496,18083.4762,0
17337,308.83,18053.6517,18083.4762,0
17338,308.84,18053.6517,18083.4762,0
17339,308.87,18053.6517,18083.4762,0
17340,308.91,18053.6517,18083.4762,0
17342,308.91,18053.6517,18083.4762,0
17343,308.91,18053.6517,18083.4762,0
17344,308.91,18053.6517,18083.4762,0
17346,308.91,18053.6517,18083.4762,0
17349,308.95,18053.6496,18083.4762,0
17350,309.03,18053.6517,18083.4762,0
17351,309.11,18053.6496,18083.4762,0
17352,309.11,18053.6496,18083.4762,0
17353,309.11,18053.6496,18083.4762,0
17355,309.19,18053.6517,18083.4762,0
17356,309.22,18053.6517,18083.4762,0
17357,309.27,18053.6496,18083.4762,0
17359,309.31,18053.6496,18083.4762,0
17361,309.34,18053.6496,18083.4762,0
17363,309.34,18053.6496,18083.4762,0
17364,309.34,18053.6496,18083.4762,0
17365,309.34,18053.6496,18083.4762,0
17368,309.34,18053.6496,18083.4762,0
17369,309.39,18053.6517,18083.4762,0
17370,309.46,18053.6496,18083.4762,0
17372,309.47,18053.6496,18083.4762,0
17373,309.47,18053.6496,18083.4762,0
17374,309.50,18053.6496,18083.4762,0
17375,309.50,18053.6496,18083.4762,0
17376,309.54,18053.6496,18083.4762,0
17377,309.60,18053.6517,18083.4762,0
17379,309.64,18053.6517,18083.4762,0
17380,309.64,18053.6517,18083.4762,0
17382,309.64,18053.6517,18083.4762,0
17383,309.64,18053.6517,18083.4762,0
17385,309.69,18053.6496,18083.4762,0
17386,309.69,18053.6496,18083.4762,0
17387,309.73,18053.6496,18083.4762,0
17389,309.76,18053.6496,18083.4762,0
17390,309.76,18053.6496,18083.4762,0
17391,309.76,18053.6496,18083.4762,0
17392,309.76,18053.6496,18083.4762,0
17393,309.76,18053.6496,18083.4762,0
17394,309.81,18053.6517,18083.4762,0
17395,309.84,18053.6517,18083.4762,0
17397,309.92,18053.6496,18083.4762,0
17398,309.95,18053.6496,18083.4762,0
17400,309.96,18053.6496,18083.4762,0
17401,309.96,18053.6496,18083.4762,0
17402,309.96,18053.6496,18083.4762,0
17403,309.96,18053.6496,18083.4762,0
17404,310.00,18053.6496,18083.4762,0
17405,310.00,18053.6496,18083.4762,0
17408,310.00,18053.6496,18083.4762,0
17409,310.04,18053.6517,18083.4762,0
17411,310.08,18053.6517,18083.4762,0
17413,310.11,18053.6517,18083.4762,0
17414,310.11,18053.6517,18083.4762,0
17415,310.11,18053.6517,18083.4762,0
17416,310.11,18053.6517,18083.4762,0
17418,310.11,18053.6517,18083.4762,0
17420,310.11,18053.6517,18083.4762,0
17422,310.11,18053.6517,18083.4762,0
17423,310.11,18053.6517,18083.4762,0
17425,310.11,18053.6517,18083.4762,0
17426,310.16,18053.6496,18083.4762,0
17427,310.16,18053.6496,18083.4762,0
17428,310.24,18053.6517,18083.4762,0
17429,310.27,18053.6517,18083.4762,0
17430,310.28,18053.6517,18083.4762,0
17431,310.28,18053.6517,18083.4762,0
17432,310.28,18053.6517,18083.4762,0
17433,310.28,18053.6517,18083.4762,0
17434,310.31,18053.6517,18083.4762,0
17435,310.31,18053.6517,18083.4762,0
17436,310.31,18053.6517,18083.4762,0
17437,310.31,18053.6517,18083.4762,0
17438,310.35,18053.6496,18083.4762,0
17441,310.39,18053.6496,18083.4762,0
17442,310.42,18053.6496,18083.4762,0
17443,310.47,18053.6517,18083.4762,0
17444,310.47,18053.6517,18083.4762,0
17445,310.55,18053.6496,18083.4762,0
17446,310.55,18053.6496,18083.4762,0
17447,310.63,18053.6517,18083.4762,0
17448,310.66,18053.6517,18083.4762,0
17449,310.70,18053.6517,18083.4762,0
17450,310.70,18053.6517,18083.4762,0
17451,310.70,18053.6517,18083.4762,0
17452,310.70,18053.6517,18083.4762,0
17453,310.70,18053.6517,18083.4762,0
17454,310.70,18053.6517,18083.4762,0
17456,310.71,18053.6517,18083.4762,0
17459,310.71,18053.6517,18083.4762,0
17462,310.71,18053.6517,18083.4762,0
17463,310.71,18053.6517,18083.4762,0
17464,310.71,18053.6517,18083.4762,0
17465,310.71,18053.6517,18083.4762,0
17466,310.71,18053.6517,18083.4762,0
17467,310.75,18053.6496,18083.4762,0
17468,310.78,18053.6496,18083.4762,0
17469,310.82,18053.6496,18083.4762,0
17470,310.86,18053.6517,18083.4762,0
17471,310.86,18053.6517,18083.4762,0
17474,310.90,18053.6517,18083.4762,0
17475,310.98,18053.6496,18083.4762,0
17476,311.05,18053.6517,18083.4762,0
17478,311.06,18053.6517,18083.4762,0
17479,311.06,18053.6517,18083.4762,0
17480,311.09,18053.6517,18083.4762,0
17481,311.09,18053.6517,18083.4762,0
17483,311.09,18053.6517,18083.4762,0
17484,311.17,18053.6496,18083.4762,0
17487,311.21,18053.6496,18083.4762,0
17488,311.24,18053.6496,18083.4762,0
17489,311.24,18053.6496,18083.4762,0
17491,311.28,18053.6517,18083.4762,0
17492,311.29,18053.6517,18083.4762,0
17493,311.29,18053.6517,18083.4762,0
17494,311.32,18053.6517,18083.4762,0
17495,311.32,18053.6517,18083.4762,0
17496,311.32,18053.6517,18083.4762,0
17497,311.32,18053.6517,18083.4762,0
17498,311.36,18053.6496,18083.4762,0
17499,311.40,18053.6496,18083.4762,0
17500,311.43,18053.6496,18083.4762,0
17501,311.43,18053.6496,18083.4762,0
17502,311.47,18053.6517,18083.4762,0
17505,311.51,18053.6517,18083.4762,0
17506,311.54,18053.6517,18083.4762,0
17509,311.54,18053.6517,18083.4762,0
17510,311.54,18053.6517,18083.4762,0
17511,311.59,18053.6496,18083.4762,0
17512,311.62,18053.6496,18083.4762,0
17514,311.67,18053.6517,18083.4762,0
17515,311.70,18053.6517,18083.4762,0
17516,311.74,18053.6517,18083.4762,0
17517,311.74,18053.6517,18083.4762,0
17518,311.74,18053.6517,18083.4762,0
17519,311.74,18053.6517,18083.4762,0
17521,311.74,18053.6517,18083.4762,0
17522,311.74,18053.6517,18083.4762,0
17523,311.74,18053.6517,18083.4762,0
17525,311.79,18053.6496,18083.4762,0
17526,311.82,18053.6496,18083.4762,0
17527,311.82,18053.6496,18083.4762,0
17529,311.87,18053.6517,18083.4762,0
17530,311.90,18053.6517,18083.4762,0
17532,311.91,18053.6517,18083.4762,0
17533,311.91,18053.6517,18083.4762,0
17534,311.91,18053.6517,18083.4762,0
17535,311.95,18053.6496,18083.4762,0
17536,311.96,18053.6496,18083.4762,0
17537,312.03,18053.6517,18083.4762,0
17538,312.04,18053.6517,18083.4762,0
17539,312.04,18053.6517,18083.4762,0
17540,312.07,18053.6517,18083.4762,0
17541,312.11,18053.6517,18083.4762,0
17544,312.11,18053.6517,18083.4762,0
17545,312.11,18053.6517,18083.4762,0
17546,312.11,18053.6517,18083.4762,0
17547,312.11,18053.6517,18083.4762,0
17549,312.11,18053.6517,18083.4762,0
17550,312.11,18053.6517,18083.4762,0
17551,312.11,18053.6517,18083.4762,0
17552,312.15,18053.6496,18083.4762,0
17553,312.16,18053.6496,18083.4762,0
17554,312.19,18053.6496,18083.4762,0
17555,312.19,18053.6496,18083.4762,0
17556,312.23,18053.6496,18083.4762,0
17557,312.23,18053.6496,18083.4762,0
17560,312.23,18053.6496,18083.4762,0
17561,312.23,18053.6496,18083.4762,0
17562,312.23,18053.6496,18083.4762,0
17563,312.23,18053.6496,18083.4762,0
17564,312.23,18053.6496,18083.4762,0
17565,312.27,18053.6517,18083.4762,0
17568,312.28,18053.6517,18083.4762,0
17569,312.28,18053.6517,18083.4762,0
17570,312.31,18053.6517,18083.4762,0
17571,312.31,18053.6517,18083.4762,0
17572,312.35,18053.6517,18083.4762,0
17574,312.35,18053.6517,18083.4762,0
17577,312.35,18053.6517,18083.4762,0
17578,312.39,18053.6496,18083.4762,0
17579,312.42,18053.6496,18083.4762,0
17580,312.50,18053.6517,18083.4762,0
17582,312.54,18053.6517,18083.4762,0
17583,312.54,18053.6517,18083.4762,0
17584,312.57,18053.6517,18083.4762,0
17585,312.58,18053.6517,18083.4762,0
17587,312.58,18053.6517,18083.4762,0
17589,312.58,18053.6517,18083.4762,0
17590,312.62,18053.6496,18083.4762,0
17591,312.62,18053.6496,18083.4762,0
17592,312.70,18053.6517,18083.4762,0
17593,312.71,18053.6517,18083.4762,0
17594,312.71,18053.6517,18083.4762,0
17595,312.74,18053.6517,18083.4762,0
17596,312.82,18053.6496,18083.4762,0
17597,312.85,18053.6496,18083.4762,0
17598,312.85,18053.6496,18083.4762,0
17599,312.85,18053.6496,18083.4762,0
17600,312.89,18053.6496,18083.4762,0
17601,312.93,18053.6517,18083.4762,0
17602,312.93,18053.6517,18083.4762,0
17604,312.97,18053.6517,18083.4762,0
17605,312.97,18053.6517,18083.4762,0
17606,313.00,18053.6517,18083.4762,0
17607,313.00,18053.6517,18083.4762,0
17608,313.00,18053.6517,18083.4762,0
17609,313.00,18053.6517,18083.4762,0
17610,313.00,18053.6517,18083.4762,0
17613,313.00,18053.6517,18083.4762,0
17614,313.00,18053.6517,18083.4762,0
17615,313.00,18053.6517,18083.4762,0
17616,313.00,18053.6517,18083.4762,0
17617,313.00,18053.6517,18083.4762,0
17618,313.00,18053.6517,18083.4762,0
17620,313.05,18053.6496,18083.4762,0
17621,313.08,18053.6496,18083.4762,0
17622,313.09,18053.6496,18083.4762,0
17623,313.12,18053.6496,18083.4762,0
17626,313.12,18053.6496,18083.4762,0
17627,313.12,18053.6496,18083.4762,0
17629,313.12,18053.6496,18083.4762,0
17630,313.12,18053.6496,18083.4762,0
17631,313.12,18053.6496,18083.4762,0
17632,313.12,18053.6496,18083.4762,0
17633,313.16,18053.6517,18083.4762,0
17634,313.20,18053.6517,18083.4762,0
17635,313.20,18053.6517,18083.4762,0
17636,313.20,18053.6517,18083.4762,0
17637,313.28,18053.6496,18083.4762,0
17638,313.35,18053.6517,18083.4762,0
17639,313.36,18053.6517,18083.4762,0
17642,313.40,18053.6517,18083.4762,0
17643,313.40,18053.6517,18083.4762,0
17645,313.40,18053.6517,18083.4762,0
17646,313.40,18053.6517,18083.4762,0
17647,313.47,18053.6496,18083.4762,0
17648,313.51,18053.6496,18083.4762,0
17650,313.51,18053.6496,18083.4762,0
17651,313.54,18053.6496,18083.4762,0
17652,313.59,18053.6517,18083.4762,0
17653,313.59,18053.6517,18083.4762,0
17654,313.62,18053.6517,18083.4762,0
17655,313.66,18053.6517,18083.4762,0
17658,313.71,18053.6496,18083.4762,0
17659,313.74,18053.6496,18083.4762,0
17660,313.74,18053.6496,18083.4762,0
17661,313.74,18053.6496,18083.4762,0
17664,313.78,18053.6496,18083.4762,0
17665,313.78,18053.6496,18083.4762,0
17666,313.78,18053.6496,18083.4762,0
17668,313.78,18053.6496,18083.4762,0
17669,313.78,18053.6496,18083.4762,0
17670,313.78,18053.6496,18083.4762,0
17671,313.82,18053.6517,18083.4762,0
17672,313.86,18053.6517,18083.4762,0
17674,313.89,18053.6517,18083.4762,0
17675,313.94,18053.6496,18083.4762,0
17676,313.94,18053.6496,18083.4762,0
17678,313.95,18053.6496,18083.4762,0
17679,313.98,18053.6496,18083.4762,0
17680,313.98,18053.6496,18083.4762,0
17681,314.01,18053.6496,18083.4762,0
17683,314.01,18053.6496,18083.4762,0
17685,314.06,18053.6517,18083.4762,0
17688,314.09,18053.6517,18083.4762,0
17689,314.09,18053.6517,18083.4762,0
17690,314.13,18053.6517,18083.4762,0
17692,314.13,18053.6517,18083.4762,0
17693,314.13,18053.6517,18083.4762,0
17695,314.19,18053.6496,18083.4762,0
17696,314.22,18053.6496,18083.4762,0
17697,314.23,18053.6496,18083.4762,0
17698,314.27,18053.6517,18083.4762,0
17700,314.31,18053.6517,18083.4762,0
17705,314.34,18053.6517,18083.4762,0
17706,314.34,18053.6517,18083.4762,0
17708,314.34,18053.6517,18083.4762,0
17709,314.34,18053.6517,18083.4762,0
17710,314.39,18053.6496,18083.4762,0
17711,314.42,18053.6496,18083.4762,0
17712,314.43,18053.6496,18083.4762,0
17713,314.46,18053.6496,18083.4762,0
17714,314.50,18053.6517,18083.4762,0
17715,314.54,18053.6517,18083.4762,0
17716,314.54,18053.6517,18083.4762,0
17717,314.54,18053.6517,18083.4762,0
17718,314.57,18053.6517,18083.4762,0
17720,314.57,18053.6517,18083.4762,0
17723,314.58,18053.6517,18083.4762,0
17724,314.58,18053.6517,18083.4762,0
17725,314.58,18053.6517,18083.4762,0
17726,314.58,18053.6517,18083.4762,0
17727,314.58,18053.6517,18083.4762,0
17728,314.58,18053.6517,18083.4762,0
17729,314.58,18053.6517,18083.4762,0
17731,314.58,18053.6517,18083.4762,0
17732,314.58,18053.6517,18083.4762,0
17733,314.62,18053.6496,18083.4762,0
17734,314.63,18053.6496,18083.4762,0
17735,314.66,18053.6496,18083.4762,0
17736,314.70,18053.6517,18083.4762,0
17738,314.74,18053.6517,18083.4762,0
17739,314.77,18053.6517,18083.4762,0
17741,314.77,18053.6517,18083.4762,0
17742,314.77,18053.6517,18083.4762,0
17743,314.77,18053.6517,18083.4762,0
17744,314.77,18053.6517,18083.4762,0
17745,314.82,18053.6496,18083.4762,0
17746,314.89,18053.6517,18083.4762,0
17747,314.97,18053.6496,18083.4762,0
17748,315.00,18053.6496,18083.4762,0
17749,315.04,18053.6496,18083.4762,0
17750,315.04,18053.6496,18083.4762,0
17751,315.04,18053.6496,18083.4762,0
17753,315.05,18053.6496,18083.4762,0
17754,315.05,18053.6496,18083.4762,0
17755,315.05,18053.6496,18083.4762,0
17756,315.09,18053.6517,18083.4762,0
17758,315.10,18053.6517,18083.4762,0
17759,315.10,18053.6517,18083.4762,0
17760,315.13,18053.6517,18083.4762,0
17761,315.13,18053.6517,18083.4762,0
17762,315.13,18053.6517,18083.4762,0
17763,315.17,18053.6517,18083.4762,0
17764,315.21,18053.6496,18083.4762,0
17765,315.21,18053.6496,18083.4762,0
17767,315.22,18053.6496,18083.4762,0
17768,315.22,18053.6496,18083.4762,0
17769,315.29,18053.6517,18083.4762,0
17770,315.30,18053.6517,18083.4762,0
17771,315.37,18053.6496,18083.4762,0
17773,315.38,18053.6496,18083.4762,0
17774,315.38,18053.6496,18083.4762,0
17775,315.42,18053.6496,18083.4762,0
17776,315.42,18053.6496,18083.4762,0
17777,315.45,18053.6496,18083.4762,0
17778,315.45,18053.6496,18083.4762,0
17779,315.45,18053.6496,18083.4762,0
17780,315.45,18053.6496,18083.4762,0
17781,315.45,18053.6496,18083.4762,0
17783,315.49,18053.6517,18083.4762,0
17784,315.53,18053.6517,18083.4762,0
17785,315.56,18053.6517,18083.4762,0
17786,315.60,18053.6496,18083.4762,0
17789,315.64,18053.6496,18083.4762,0
17790,315.64,18053.6496,18083.4762,0
17791,315.64,18053.6496,18083.4762,0
17792,315.64,18053.6496,18083.4762,0
17796,315.68,18053.6496,18083.4762,0
17797,315.68,18053.6496,18083.4762,0
17798,315.68,18053.6496,18083.4762,0
17799,315.68,18053.6496,18083.4762,0
17800,315.72,18053.6517,18083.4762,0
17802,315.76,18053.6517,18083.4762,0
17803,315.76,18053.6517,18083.4762,0
17804,315.76,18053.6517,18083.4762,0
17806,315.80,18053.6517,18083.4762,0
17808,315.84,18053.6496,18083.4762,0
17811,315.85,18053.6496,18083.4762,0
17812,315.85,18053.6496,18083.4762,0
17813,315.88,18053.6496,18083.4762,0
17815,315.88,18053.6496,18083.4762,0
17816,315.88,18053.6496,18083.4762,0
17819,315.93,18053.6517,18083.4762,0
17820,315.96,18053.6517,18083.4762,0
17821,315.96,18053.6517,18083.4762,0
17822,315.96,18053.6517,18083.4762,0
17823,315.99,18053.6517,18083.4762,0
17824,316.00,18053.6517,18083.4762,0
17826,316.00,18053.6517,18083.4762,0
17827,316.04,18053.6496,18083.4762,0
17828,316.08,18053.6496,18083.4762,0
17829,316.08,18053.6496,18083.4762,0
17830,316.08,18053.6496,18083.4762,0
17832,316.09,18053.6496,18083.4762,0
17833,316.13,18053.6517,18083.4762,0
17834,316.17,18053.6517,18083.4762,0
17835,316.17,18053.6517,18083.4762,0
17837,316.21,18053.6517,18083.4762,0
17839,316.21,18053.6517,18083.4762,0
17840,316.21,18053.6517,18083.4762,0
17842,316.21,18053.6517,18083.4762,0
17843,316.25,18053.6496,18083.4762,0
17844,316.26,18053.6496,18083.4762,0
17845,316.29,18053.6496,18083.4762,0
17846,316.32,18053.6496,18083.4762,0
17847,316.32,18053.6496,18083.4762,0
17849,316.33,18053.6496,18083.4762,0
17851,316.37,18053.6517,18083.4762,0
17853,316.41,18053.6517,18083.4762,0
17855,316.41,18053.6517,18083.4762,0
17856,316.41,18053.6517,18083.4762,0
17858,316.46,18053.6496,18083.4762,0
17859,316.49,18053.6496,18083.4762,0
17861,316.50,18053.6496,18083.4762,0
17862,316.53,18053.6496,18083.4762,0
17866,316.53,18053.6496,18083.4762,0
17867,316.58,18053.6517,18083.4762,0
17869,316.61,18053.6517,18083.4762,0
17870,316.69,18053.6496,18083.4762,0
17871,316.70,18053.6496,18083.4762,0
17872,316.73,18053.6496,18083.4762,0
17873,316.73,18053.6496,18083.4762,0
17875,316.81,18053.6517,18083.4762,0
17879,316.82,18053.6517,18083.4762,0
17880,316.89,18053.6496,18083.4762,0
17881,316.90,18053.6496,18083.4762,0
17882,316.98,18053.6517,18083.4762,0
17884,317.01,18053.6517,18083.4762,0
17886,317.02,18053.6517,18083.4762,0
17888,317.02,18053.6517,18083.4762,0
17890,317.05,18053.6517,18083.4762,0
17892,317.05,18053.6517,18083.4762,0
17893,317.09,18053.6496,18083.4762,0
17894,317.13,18053.6496,18083.4762,0
17895,317.17,18053.6517,18083.4762,0
17896,317.17,18053.6517,18083.4762,0
17897,317.21,18053.6517,18083.4762,0
17898,317.21,18053.6517,18083.4762,0
17899,317.21,18053.6517,18083.4762,0
17901,317.21,18053.6517,18083.4762,0
17902,317.25,18053.6496,18083.4762,0
17904,317.26,18053.6496,18083.4762,0
17905,317.26,18053.6496,18083.4762,0
17906,317.34,18053.6517,18083.4762,0
17907,317.37,18053.6517,18083.4762,0
17908,317.37,18053.6517,18083.4762,0
17909,317.41,18053.6517,18083.4762,0
17910,317.41,18053.6517,18083.4762,0
17911,317.41,18053.6517,18083.4762,0
17912,317.45,18053.6496,18083.4762,0
17913,317.53,18053.6517,18083.4762,0
17914,317.56,18053.6517,18083.4762,0
17915,317.57,18053.6517,18083.4762,0
17916,317.57,18053.6517,18083.4762,0
17917,317.60,18053.6517,18083.4762,0
17919,317.60,18053.6517,18083.4762,0
17921,317.60,18053.6517,18083.4762,0
17922,317.60,18053.6517,18083.4762,0
17924,317.60,18053.6517,18083.4762,0
17925,317.60,18053.6517,18083.4762,0
17926,317.60,18053.6517,18083.4762,0
17927,317.60,18053.6517,18083.4762,0
17928,317.60,18053.6517,18083.4762,0
17930,317.60,18053.6517,18083.4762,0
17931,317.60,18053.6517,18083.4762,0
17932,317.65,18053.6496,18083.4762,0
17936,317.69,18053.6496,18083.4762,0
17939,317.69,18053.6496,18083.4762,0
17943,317.69,18053.6496,18083.4762,0
17944,317.69,18053.6496,18083.4762,0
17945,317.73,18053.6517,18083.4762,0
17946,317.77,18053.6517,18083.4762,0
17947,317.84,18053.6496,18083.4762,0
17948,317.85,18053.6496,18083.4762,0
17950,317.89,18053.6496,18083.4762,0
17951,317.93,18053.6517,18083.4762,0
17952,317.96,18053.6517,18083.4762,0
17953,317.96,18053.6517,18083.4762,0
17954,318.04,18053.6496,18083.4762,0
17955,318.04,18053.6496,18083.4762,0
17956,318.04,18053.6496,18083.4762,0
17957,318.12,18053.6517,18083.4762,0
17958,318.20,18053.6496,18083.4762,0
17959,318.23,18053.6496,18083.4762,0
17960,318.23,18053.6496,18083.4762,0
17961,318.23,18053.6496,18083.4762,0
17962,318.27,18053.6496,18083.4762,0
17963,318.27,18053.6496,18083.4762,0
17964,318.27,18053.6496,18083.4762,0
17965,318.31,18053.6517,18083.4762,0
17966,318.34,18053.6517,18083.4762,0
17967,318.35,18053.6517,18083.4762,0
17969,318.35,18053.6517,18083.4762,0
17970,318.35,18053.6517,18083.4762,0
17971,318.43,18053.6496,18083.4762,0
17972,318.43,18053.6496,18083.4762,0
17974,318.47,18053.6496,18083.4762,0
17977,318.47,18053.6496,18083.4762,0
17978,318.47,18053.6496,18083.4762,0
17979,318.55,18053.6517,18083.4762,0
17980,318.58,18053.6517,18083.4762,0
17981,318.62,18053.6496,18083.4762,0
17982,318.66,18053.6496,18083.4762,0
17983,318.69,18053.6496,18083.4762,0
17984,318.69,18053.6496,18083.4762,0
17985,318.69,18053.6496,18083.4762,0
17987,318.74,18053.6517,18083.4762,0
17988,318.77,18053.6517,18083.4762,0
17989,318.78,18053.6517,18083.4762,0
17991,318.78,18053.6517,18083.4762,0
17992,318.78,18053.6517,18083.4762,0
17993,318.78,18053.6517,18083.4762,0
17994,318.86,18053.6496,18083.4762,0
17995,318.87,18053.6496,18083.4762,0
17997,318.90,18053.6496,18083.4762,0
17998,318.90,18053.6496,18083.4762,0
17999,318.90,18053.6496,18083.4762,0
18000,318.90,18053.6496,18083.4762,0
18001,318.94,18053.6496,18083.4762,0
18002,318.98,18053.6517,18083.4762,0
18003,319.01,18053.6517,18083.4762,0
18004,319.02,18053.6517,18083.4762,0
18006,319.02,18053.6517,18083.4762,0
18008,319.02,18053.6517,18083.4762,0
18009,319.02,18053.6517,18083.4762,0
18010,319.02,18053.6517,18083.4762,0
18011,319.02,18053.6517,18083.4762,0
18012,319.06,18053.6517,18083.4762,0
18013,319.06,18053.6517,18083.4762,0
18014,319.06,18053.6517,18083.4762,0
18015,319.06,18053.6517,18083.4762,0
18016,319.06,18053.6517,18083.4762,0
18018,319.06,18053.6517,18083.4762,0
18022,319.06,18053.6517,18083.4762,0
18024,319.06,18053.6517,18083.4762,0
18025,319.06,18053.6517,18083.4762,0
18026,319.10,18053.6496,18083.4762,0
18027,319.13,18053.6496,18083.4762,0
18030,319.14,18053.6496,18083.4762,0
18031,319.17,18053.6496,18083.4762,0
18032,319.17,18053.6496,18083.4762,0
18033,319.22,18053.6517,18083.4762,0
18035,319.22,18053.6517,18083.4762,0
18037,319.26,18053.6517,18083.4762,0
18038,319.26,18053.6517,18083.4762,0
18040,319.26,18053.6517,18083.4762,0
18042,319.26,18053.6517,18083.4762,0
18043,319.29,18053.6517,18083.4762,0
18044,319.29,18053.6517,18083.4762,0
18045,319.34,18053.6496,18083.4762,0
18047,319.37,18053.6496,18083.4762,0
18048,319.41,18053.6496,18083.4762,0
18049,319.41,18053.6496,18083.4762,0
18051,319.41,18053.6496,18083.4762,0
18053,319.41,18053.6496,18083.4762,0
18054,319.41,18053.6496,18083.4762,0
18055,319.45,18053.6517,18083.4762,0
18056,319.49,18053.6517,18083.4762,0
18058,319.49,18053.6517,18083.4762,0
18059,319.54,18053.6496,18083.4762,0
18061,319.54,18053.6496,18083.4762,0
18062,319.58,18053.6496,18083.4762,0
18064,319.58,18053.6496,18083.4762,0
18066,319.58,18053.6496,18083.4762,0
18067,319.58,18053.6496,18083.4762,0
18068,319.58,18053.6496,18083.4762,0
18069,319.58,18053.6496,18083.4762,0
18070,319.58,18053.6496,18083.4762,0
18072,319.58,18053.6496,18083.4762,0
18074,319.61,18053.6496,18083.4762,0
18079,319.65,18053.6517,18083.4762,0
18080,319.66,18053.6517,18083.4762,0
18081,319.69,18053.6517,18083.4762,0
18082,319.73,18053.6496,18083.4762,0
18083,319.74,18053.6496,18083.4762,0
18084,319.77,18053.6496,18083.4762,0
18086,319.85,18053.6517,18083.4762,0
18088,319.89,18053.6517,18083.4762,0
18089,319.89,18053.6517,18083.4762,0
18090,319.89,18053.6517,18083.4762,0
18091,319.89,18053.6517,18083.4762,0
18093,319.93,18053.6496,18083.4762,0
18096,319.94,18053.6496,18083.4762,0
18097,319.98,18053.6496,18083.4762,0
18098,320.01,18053.6496,18083.4762,0
18100,320.01,18053.6496,18083.4762,0
18101,320.01,18053.6496,18083.4762,0
18102,320.01,18053.6496,18083.4762,0
18104,320.05,18053.6517,18083.4762,0
18105,320.09,18053.6517,18083.4762,0
18106,320.09,18053.6517,18083.4762,0
18107,320.09,18053.6517,18083.4762,0
18109,320.10,18053.6517,18083.4762,0
18110,320.14,18053.6496,18083.4762,0
18112,320.15,18053.6496,18083.4762,0
18114,320.18,18053.6496,18083.4762,0
18115,320.22,18053.6496,18083.4762,0
18116,320.22,18053.6496,18083.4762,0
18117,320.26,18053.6517,18083.4762,0
18118,320.26,18053.6517,18083.4762,0
18120,320.27,18053.6517,18083.4762,0
18122,320.30,18053.6517,18083.4762,0
18123,320.38,18053.6496,18083.4762,0
18124,320.38,18053.6496,18083.4762,0
18125,320.38,18053.6496,18083.4762,0
18126,320.46,18053.6517,18083.4762,0
18127,320.49,18053.6517,18083.4762,0
18128,320.57,18053.6496,18083.4762,0
18129,320.57,18053.6496,18083.4762,0
18132,320.61,18053.6496,18083.4762,0
18136,320.61,18053.6496,18083.4762,0
18137,320.61,18053.6496,18083.4762,0
18138,320.61,18053.6496,18083.4762,0
18139,320.61,18053.6496,18083.4762,0
18140,320.67,18053.6517,18083.4762,0
18141,320.68,18053.6517,18083.4762,0
18142,320.71,18053.6517,18083.4762,0
18144,320.75,18053.6517,18083.4762,0
18145,320.79,18053.6496,18083.4762,0
18146,320.87,18053.6517,18083.4762,0
18147,320.90,18053.6517,18083.4762,0
18149,320.91,18053.6517,18083.4762,0
18152,320.91,18053.6517,18083.4762,0
18153,320.91,18053.6517,18083.4762,0
18155,320.91,18053.6517,18083.4762,0
18156,320.91,18053.6517,18083.4762,0
18157,320.95,18053.6496,18083.4762,0
18158,320.99,18053.6496,18083.4762,0
18159,320.99,18053.6496,18083.4762,0
18160,321.03,18053.6496,18083.4762,0
18161,321.03,18053.6496,18083.4762,0
18163,321.07,18053.6517,18083.4762,0
18164,321.08,18053.6517,18083.4762,0
18165,321.08,18053.6517,18083.4762,0
18166,321.11,18053.6517,18083.4762,0
18167,321.11,18053.6517,18083.4762,0
18168,321.11,18053.6517,18083.4762,0
18169,321.14,18053.6517,18083.4762,0
18172,321.15,18053.6517,18083.4762,0
18174,321.15,18053.6517,18083.4762,0
18175,321.15,18053.6517,18083.4762,0
18176,321.19,18053.6496,18083.4762,0
18177,321.27,18053.6517,18083.4762,0
18182,321.31,18053.6517,18083.4762,0
18183,321.31,18053.6517,18083.4762,0
18185,321.31,18053.6517,18083.4762,0
18186,321.31,18053.6517,18083.4762,0
18187,321.31,18053.6517,18083.4762,0
18188,321.31,18053.6517,18083.4762,0
18189,321.35,18053.6517,18083.4762,0
18192,321.35,18053.6517,18083.4762,0
18193,321.35,18053.6517,18083.4762,0
18195,321.39,18053.6496,18083.4762,0
18196,321.44,18053.6496,18083.4762,0
18197,321.44,18053.6496,18083.4762,0
18198,321.44,18053.6496,18083.4762,0
18199,321.47,18053.6496,18083.4762,0
18200,321.48,18053.6496,18083.4762,0
18201,321.52,18053.6517,18083.4762,0
18202,321.52,18053.6517,18083.4762,0
18204,321.56,18053.6517,18083.4762,0
18206,321.59,18053.6517,18083.4762,0
18208,321.59,18053.6517,18083.4762,0
18209,321.59,18053.6517,18083.4762,0
18210,321.59,18053.6517,18083.4762,0
18211,321.59,18053.6517,18083.4762,0
18212,321.59,18053.6517,18083.4762,0
18213,321.59,18053.6517,18083.4762,0
18215,321.59,18053.6517,18083.4762,0
18216,321.64,18053.6496,18083.4762,0
18218,321.68,18053.6496,18083.4762,0
18219,321.71,18053.6496,18083.4762,0
18220,321.75,18053.6517,18083.4762,0
18221,321.76,18053.6517,18083.4762,0
18222,321.79,18053.6517,18083.4762,0
18224,321.79,18053.6517,18083.4762,0
18226,321.79,18053.6517,18083.4762,0
18228,321.84,18053.6496,18083.4762,0
18229,321.87,18053.6496,18083.4762,0
18231,321.92,18053.6517,18083.4762,0
18233,321.95,18053.6517,18083.4762,0
18234,321.99,18053.6517,18083.4762,0
18235,321.99,18053.6517,18083.4762,0
18237,321.99,18053.6517,18083.4762,0
18238,321.99,18053.6517,18083.4762,0
18239,321.99,18053.6517,18083.4762,0
18240,321.99,18053.6517,18083.4762,0
18242,321.99,18053.6517,18083.4762,0
18243,322.04,18053.6496,18083.4762,0
18244,322.07,18053.6496,18083.4762,0
18246,322.07,18053.6496,18083.4762,0
18247,322.08,18053.6496,18083.4762,0
18248,322.11,18053.6496,18083.4762,0
18249,322.15,18053.6517,18083.4762,0
18252,322.16,18053.6517,18083.4762,0
18255,322.16,18053.6517,18083.4762,0
18256,322.16,18053.6517,18083.4762,0
18257,322.20,18053.6517,18083.4762,0
18258,322.20,18053.6517,18083.4762,0
18259,322.20,18053.6517,18083.4762,0
18260,322.20,18053.6517,18083.4762,0
18262,322.27,18053.6496,18083.4762,0
18263,322.35,18053.6517,18083.4762,0
18264,322.35,18053.6517,18083.4762,0
18265,322.39,18053.6517,18083.4762,0
18266,322.39,18053.6517,18083.4762,0
18267,322.39,18053.6517,18083.4762,0
18269,322.39,18053.6517,18083.4762,0
18272,322.43,18053.6496,18083.4762,0
18273,322.44,18053.6496,18083.4762,0
18274,322.47,18053.6496,18083.4762,0
18275,322.47,18053.6496,18083.4762,0
18277,322.48,18053.6496,18083.4762,0
18278,322.51,18053.6496,18083.4762,0
18279,322.51,18053.6496,18083.4762,0
18280,322.51,18053.6496,18083.4762,0
18281,322.51,18053.6496,18083.4762,0
18283,322.55,18053.6517,18083.4762,0
18284,322.56,18053.6517,18083.4762,0
18287,322.56,18053.6517,18083.4762,0
18288,322.59,18053.6517,18083.4762,0
18289,322.59,18053.6517,18083.4762,0
18290,322.63,18053.6517,18083.4762,0
18291,322.63,18053.6517,18083.4762,0
18292,322.67,18053.6496,18083.4762,0
18293,322.70,18053.6496,18083.4762,0
18294,322.71,18053.6496,18083.4762,0
18295,322.74,18053.6496,18083.4762,0
18296,322.74,18053.6496,18083.4762,0
18298,322.74,18053.6496,18083.4762,0
18300,322.74,18053.6496,18083.4762,0
18301,322.79,18053.6517,18083.4762,0
18302,322.82,18053.6517,18083.4762,0
18305,322.83,18053.6517,18083.4762,0
18306,322.86,18053.6517,18083.4762,0
18308,322.86,18053.6517,18083.4762,0
18309,322.91,18053.6496,18083.4762,0
18310,322.91,18053.6496,18083.4762,0
18311,322.99,18053.6517,18083.4762,0
18312,323.02,18053.6517,18083.4762,0
18313,323.10,18053.6496,18083.4762,0
18314,323.13,18053.6496,18083.4762,0
18315,323.17,18053.6517,18083.4762,0
18317,323.21,18053.6517,18083.4762,0
18318,323.24,18053.6517,18083.4762,0
18321,323.25,18053.6517,18083.4762,0
18322,323.25,18053.6517,18083.4762,0
18323,323.25,18053.6517,18083.4762,0
18325,323.25,18053.6517,18083.4762,0
18326,323.25,18053.6517,18083.4762,0
18328,323.25,18053.6517,18083.4762,0
18329,323.25,18053.6517,18083.4762,0
18330,323.25,18053.6517,18083.4762,0
18331,323.29,18053.6496,18083.4762,0
18332,323.33,18053.6496,18083.4762,0
18333,323.33,18053.6496,18083.4762,0
18334,323.36,18053.6496,18083.4762,0
18336,323.37,18053.6496,18083.4762,0
18337,323.37,18053.6496,18083.4762,0
18338,323.41,18053.6517,18083.4762,0
18339,323.42,18053.6517,18083.4762,0
18340,323.42,18053.6517,18083.4762,0
18341,323.45,18053.6517,18083.4762,0
18342,323.48,18053.6517,18083.4762,0
18343,323.48,18053.6517,18083.4762,0
18345,323.49,18053.6517,18083.4762,0
18346,323.49,18053.6517,18083.4762,0
18347,323.53,18053.6496,18083.4762,0
18350,323.57,18053.6496,18083.4762,0
18351,323.60,18053.6496,18083.4762,0
18352,323.65,18053.6517,18083.4762,0
18353,323.68,18053.6517,18083.4762,0
18354,323.71,18053.6517,18083.4762,0
18355,323.72,18053.6517,18083.4762,0
18356,323.72,18053.6517,18083.4762,0
18357,323.72,18053.6517,18083.4762,0
18358,323.72,18053.6517,18083.4762,0
18359,323.72,18053.6517,18083.4762,0
18360,323.72,18053.6517,18083.4762,0
18361,323.72,18053.6517,18083.4762,0
18362,323.72,18053.6517,18083.4762,0
18365,323.72,18053.6517,18083.4762,0
18366,323.77,18053.6496,18083.4762,0
18367,323.77,18053.6496,18083.4762,0
18369,323.81,18053.6496,18083.4762,0
18371,323.81,18053.6496,18083.4762,0
18372,323.81,18053.6496,18083.4762,0
18373,323.81,18053.6496,18083.4762,0
18374,323.81,18053.6496,18083.4762,0
18376,323.81,18053.6496,18083.4762,0
18377,323.81,18053.6496,18083.4762,0
18379,323.85,18053.6517,18083.4762,0
18380,323.86,18053.6517,18083.4762,0
18381,323.89,18053.6517,18083.4762,0
18382,323.89,18053.6517,18083.4762,0
18383,323.89,18053.6517,18083.4762,0
18384,323.89,18053.6517,18083.4762,0
18385,323.89,18053.6517,18083.4762,0
18386,323.93,18053.6496,18083.4762,0
18387,323.94,18053.6496,18083.4762,0
18389,323.94,18053.6496,18083.4762,0
18390,323.94,18053.6496,18083.4762,0
18391,323.97,18053.6496,18083.4762,0
18392,324.01,18053.6496,18083.4762,0
18393,324.01,18053.6496,18083.4762,0
18394,324.01,18053.6496,18083.4762,0
18395,324.01,18053.6496,18083.4762,0
18396,324.01,18053.6496,18083.4762,0
18397,324.05,18053.6517,18083.4762,0
18398,324.13,18053.6496,18083.4762,0
18399,324.16,18053.6496,18083.4762,0
18400,324.20,18053.6517,18083.4762,0
18401,324.24,18053.6517,18083.4762,0
18402,324.28,18053.6496,18083.4762,0
18403,324.29,18053.6496,18083.4762,0
18406,324.32,18053.6496,18083.4762,0
18410,324.32,18053.6496,18083.4762,0
18411,324.36,18053.6496,18083.4762,0
18412,324.36,18053.6496,18083.4762,0
18413,324.43,18053.6517,18083.4762,0
18414,324.46,18053.6517,18083.4762,0
18415,324.47,18053.6517,18083.4762,0
18416,324.47,18053.6517,18083.4762,0
18417,324.47,18053.6517,18083.4762,0
18418,324.54,18053.6496,18083.4762,0
18420,324.58,18053.6496,18083.4762,0
18421,324.65,18053.6517,18083.4762,0
18422,324.69,18053.6517,18083.4762,0
18423,324.72,18053.6517,18083.4762,0
18424,324.77,18053.6496,18083.4762,0
18426,324.77,18053.6496,18083.4762,0
18427,324.81,18053.6496,18083.4762,0
18428,324.81,18053.6496,18083.4762,0
18429,324.88,18053.6517,18083.4762,0
18430,324.92,18053.6517,18083.4762,0
18431,324.92,18053.6517,18083.4762,0
18432,324.95,18053.6517,18083.4762,0
18433,324.95,18053.6517,18083.4762,0
18434,324.95,18053.6517,18083.4762,0
18436,324.96,18053.6517,18083.4762,0
18438,324.96,18053.6517,18083.4762,0
18440,324.96,18053.6517,18083.4762,0
18441,324.96,18053.6517,18083.4762,0
18442,324.96,18053.6517,18083.4762,0
18443,325.00,18053.6496,18083.4762,0
18444,325.08,18053.6517,18083.4762,0
18445,325.08,18053.6517,18083.4762,0
18446,325.12,18053.6517,18083.4762,0
18447,325.12,18053.6517,18083.4762,0
18448,325.12,18053.6517,18083.4762,0
18449,325.12,18053.6517,18083.4762,0
18452,325.12,18053.6517,18083.4762,0
18453,325.15,18053.6517,18083.4762,0
18454,325.15,18053.6517,18083.4762,0
18455,325.15,18053.6517,18083.4762,0
18456,325.15,18053.6517,18083.4762,0
18457,325.19,18053.6496,18083.4762,0
18458,325.23,18053.6496,18083.4762,0
18459,325.26,18053.6496,18083.4762,0
18460,325.26,18053.6496,18083.4762,0
18461,325.26,18053.6496,18083.4762,0
18463,325.27,18053.6496,18083.4762,0
18465,325.27,18053.6496,18083.4762,0
18466,325.27,18053.6496,18083.4762,0
18467,325.31,18053.6517,18083.4762,0
18468,325.35,18053.6517,18083.4762,0
18472,325.36,18053.6517,18083.4762,0
18474,325.36,18053.6517,18083.4762,0
18475,325.36,18053.6517,18083.4762,0
18476,325.36,18053.6517,18083.4762,0
18477,325.43,18053.6496,18083.4762,0
18478,325.51,18053.6517,18083.4762,0
18479,325.51,18053.6517,18083.4762,0
18480,325.55,18053.6517,18083.4762,0
18481,325.58,18053.6517,18083.4762,0
18482,325.58,18053.6517,18083.4762,0
18483,325.62,18053.6496,18083.4762,0
18484,325.63,18053.6496,18083.4762,0
18485,325.66,18053.6496,18083.4762,0
18486,325.69,18053.6496,18083.4762,0
18487,325.69,18053.6496,18083.4762,0
18488,325.74,18053.6517,18083.4762,0
18489,325.77,18053.6517,18083.4762,0
18490,325.78,18053.6517,18083.4762,0
18491,325.78,18053.6517,18083.4762,0
18493,325.82,18053.6496,18083.4762,0
18494,325.86,18053.6496,18083.4762,0
18495,325.86,18053.6496,18083.4762,0
18496,325.86,18053.6496,18083.4762,0
18497,325.90,18053.6517,18083.4762,0
18498,325.97,18053.6496,18083.4762,0
18500,325.98,18053.6496,18083.4762,0
18501,326.02,18053.6496,18083.4762,0
18502,326.02,18053.6496,18083.4762,0
18504,326.09,18053.6517,18083.4762,0
18505,326.13,18053.6517,18083.4762,0
18506,326.13,18053.6517,18083.4762,0
18508,326.14,18053.6517,18083.4762,0
18509,326.14,18053.6517,18083.4762,0
18510,326.17,18053.6517,18083.4762,0
18511,326.17,18053.6517,18083.4762,0
18512,326.21,18053.6496,18083.4762,0
18516,326.31,18053.6517,18083.4762,0
18517,326.35,18053.6517,18083.4762,0
18518,326.38,18053.6517,18083.4762,0
18519,326.42,18053.6496,18083.4762,0
18520,326.46,18053.6496,18083.4762,0
18521,326.49,18053.6496,18083.4762,0
18522,326.50,18053.6496,18083.4762,0
18524,326.50,18053.6496,18083.4762,0
18525,326.54,18053.6517,18083.4762,0
18526,326.62,18053.6496,18083.4762,0
18527,326.65,18053.6496,18083.4762,0
18528,326.66,18053.6496,18083.4762,0
18529,326.66,18053.6496,18083.4762,0
18531,326.66,18053.6496,18083.4762,0
18532,326.74,18053.6517,18083.4762,0
18533,326.74,18053.6517,18083.4762,0
18534,326.78,18053.6517,18083.4762,0
18535,326.78,18053.6517,18083.4762,0
18536,326.81,18053.6517,18083.4762,0
18538,326.81,18053.6517,18083.4762,0
18540,326.81,18053.6517,18083.4762,0
18541,326.81,18053.6517,18083.4762,0
18542,326.81,18053.6517,18083.4762,0
18543,326.86,18053.6496,18083.4762,0
18544,326.89,18053.6496,18083.4762,0
18546,326.97,18053.6517,18083.4762,0
18547,327.00,18053.6517,18083.4762,0
18548,327.04,18053.6517,18083.4762,0
18549,327.04,18053.6517,18083.4762,0
18550,327.04,18053.6517,18083.4762,0
18551,327.04,18053.6517,18083.4762,0
18552,327.04,18053.6517,18083.4762,0
18553,327.04,18053.6517,18083.4762,0
18555,327.04,18053.6517,18083.4762,0
18558,327.09,18053.6496,18083.4762,0
18559,327.12,18053.6496,18083.4762,0
18560,327.13,18053.6496,18083.4762,0
18561,327.13,18053.6496,18083.4762,0
18563,327.13,18053.6496,18083.4762,0
18564,327.13,18053.6496,18083.4762,0
18568,327.16,18053.6496,18083.4762,0
18569,327.16,18053.6496,18083.4762,0
18570,327.16,18053.6496,18083.4762,0
18571,327.21,18053.6517,18083.4762,0
18572,327.21,18053.6517,18083.4762,0
18573,327.21,18053.6517,18083.4762,0
18574,327.21,18053.6517,18083.4762,0
18576,327.25,18053.6517,18083.4762,0
18577,327.33,18053.6496,18083.4762,0
18578,327.33,18053.6496,18083.4762,0
18581,327.33,18053.6496,18083.4762,0
18583,327.37,18053.6496,18083.4762,0
18584,327.41,18053.6517,18083.4762,0
18585,327.49,18053.6496,18083.4762,0
18587,327.52,18053.6496,18083.4762,0
18589,327.53,18053.6496,18083.4762,0
18590,327.53,18053.6496,18083.4762,0
18591,327.56,18053.6496,18083.4762,0
18592,327.56,18053.6496,18083.4762,0
18593,327.56,18053.6496,18083.4762,0
18597,327.56,18053.6496,18083.4762,0
18599,327.56,18053.6496,18083.4762,0
18600,327.61,18053.6517,18083.4762,0
18601,327.64,18053.6517,18083.4762,0
18602,327.64,18053.6517,18083.4762,0
18603,327.64,18053.6517,18083.4762,0
18604,327.67,18053.6517,18083.4762,0
18605,327.68,18053.6517,18083.4762,0
18606,327.72,18053.6496,18083.4762,0
18607,327.73,18053.6496,18083.4762,0
18608,327.76,18053.6496,18083.4762,0
18609,327.76,18053.6496,18083.4762,0
18610,327.76,18053.6496,18083.4762,0
18611,327.80,18053.6517,18083.4762,0
18613,327.88,18053.6496,18083.4762,0
18614,327.92,18053.6496,18083.4762,0
18615,327.92,18053.6496,18083.4762,0
18617,327.96,18053.6517,18083.4762,0
18620,328.04,18053.6496,18083.4762,0
18621,328.12,18053.6517,18083.4762,0
18622,328.13,18053.6517,18083.4762,0
18623,328.16,18053.6517,18083.4762,0
18625,328.16,18053.6517,18083.4762,0
18626,328.16,18053.6517,18083.4762,0
18633,328.16,18053.6517,18083.4762,0
18634,328.16,18053.6517,18083.4762,0
18636,328.16,18053.6517,18083.4762,0
18637,328.16,18053.6517,18083.4762,0
18638,328.20,18053.6517,18083.4762,0
18640,328.20,18053.6517,18083.4762,0
18641,328.20,18053.6517,18083.4762,0
18644,328.20,18053.6517,18083.4762,0
18645,328.24,18053.6496,18083.4762,0
18646,328.24,18053.6496,18083.4762,0
18647,328.32,18053.6517,18083.4762,0
18648,328.33,18053.6517,18083.4762,0
18649,328.33,18053.6517,18083.4762,0
18650,328.33,18053.6517,18083.4762,0
18651,328.33,18053.6517,18083.4762,0
18652,328.36,18053.6517,18083.4762,0
18655,328.40,18053.6517,18083.4762,0
18656,328.40,18053.6517,18083.4762,0
18657,328.40,18053.6517,18083.4762,0
18659,328.44,18053.6496,18083.4762,0
18660,328.47,18053.6496,18083.4762,0
18661,328.48,18053.6496,18083.4762,0
18663,328.48,18053.6496,18083.4762,0
18666,328.56,18053.6517,18083.4762,0
18667,328.59,18053.6517,18083.4762,0
18668,328.63,18053.6517,18083.4762,0
18669,328.63,18053.6517,18083.4762,0
18670,328.67,18053.6496,18083.4762,0
18671,328.68,18053.6496,18083.4762,0
18674,328.72,18053.6496,18083.4762,0
18675,328.72,18053.6496,18083.4762,0
18676,328.79,18053.6517,18083.4762,0
18677,328.87,18053.6496,18083.4762,0
18679,328.91,18053.6496,18083.4762,0
18680,328.95,18053.6517,18083.4762,0
18681,328.98,18053.6517,18083.4762,0
18682,328.98,18053.6517,18083.4762,0
18685,328.99,18053.6517,18083.4762,0
18686,329.03,18053.6517,18083.4762,0
18687,329.03,18053.6517,18083.4762,0
18688,329.03,18053.6517,18083.4762,0
18690,329.03,18053.6517,18083.4762,0
18692,329.03,18053.6517,18083.4762,0
18694,329.07,18053.6496,18083.4762,0
18696,329.08,18053.6496,18083.4762,0
18697,329.11,18053.6496,18083.4762,0
18698,329.19,18053.6517,18083.4762,0
18699,329.27,18053.6496,18083.4762,0
18701,329.35,18053.6517,18083.4762,0
18702,329.36,18053.6517,18083.4762,0
18703,329.36,18053.6517,18083.4762,0
18704,329.36,18053.6517,18083.4762,0
18706,329.36,18053.6517,18083.4762,0
18707,329.36,18053.6517,18083.4762,0
18708,329.36,18053.6517,18083.4762,0
18709,329.40,18053.6517,18083.4762,0
18710,329.40,18053.6517,18083.4762,0
18711,329.40,18053.6517,18083.4762,0
18712,329.43,18053.6517,18083.4762,0
18713,329.43,18053.6517,18083.4762,0
18714,329.43,18053.6517,18083.4762,0
18715,329.43,18053.6517,18083.4762,0
18716,329.47,18053.6496,18083.4762,0
18719,329.48,18053.6496,18083.4762,0
18721,329.52,18053.6496,18083.4762,0
18722,329.56,18053.6517,18083.4762,0
18723,329.64,18053.6496,18083.4762,0
18725,329.65,18053.6496,18083.4762,0
18726,329.73,18053.6517,18083.4762,0
18727,329.76,18053.6517,18083.4762,0
18729,329.81,18053.6496,18083.4762,0
18730,329.85,18053.6496,18083.4762,0
18731,329.88,18053.6496,18083.4762,0
18733,329.88,18053.6496,18083.4762,0
18735,329.92,18053.6517,18083.4762,0
18736,329.93,18053.6517,18083.4762,0
18738,329.97,18053.6517,18083.4762,0
18739,329.97,18053.6517,18083.4762,0
18740,330.00,18053.6517,18083.4762,0
18741,330.00,18053.6517,18083.4762,0
18742,330.00,18053.6517,18083.4762,0
18743,330.00,18053.6517,18083.4762,0
18746,330.00,18053.6517,18083.4762,0
18749,330.00,18053.6517,18083.4762,0
18750,330.04,18053.6496,18083.4762,0
18752,330.08,18053.6496,18083.4762,0
18753,330.09,18053.6496,18083.4762,0
18754,330.09,18053.6496,18083.4762,0
18755,330.09,18053.6496,18083.4762,0
18757,330.09,18053.6496,18083.4762,0
18758,330.13,18053.6517,18083.4762,0
18759,330.16,18053.6517,18083.4762,0
18760,330.17,18053.6517,18083.4762,0
18761,330.17,18053.6517,18083.4762,0
18763,330.17,18053.6517,18083.4762,0
18764,330.17,18053.6517,18083.4762,0
18765,330.17,18053.6517,18083.4762,0
18766,330.25,18053.6496,18083.4762,0
18767,330.25,18053.6496,18083.4762,0
18768,330.29,18053.6496,18083.4762,0
18769,330.29,18053.6496,18083.4762,0
18770,330.29,18053.6496,18083.4762,0
18771,330.32,18053.6496,18083.4762,0
18772,330.32,18053.6496,18083.4762,0
18773,330.32,18053.6496,18083.4762,0
18774,330.32,18053.6496,18083.4762,0
18775,330.32,18053.6496,18083.4762,0
18776,330.32,18053.6496,18083.4762,0
18777,330.32,18053.6496,18083.4762,0
18779,330.37,18053.6517,18083.4762,0
18780,330.38,18053.6517,18083.4762,0
18781,330.38,18053.6517,18083.4762,0
18782,330.45,18053.6496,18083.4762,0
18783,330.49,18053.6496,18083.4762,0
18784,330.49,18053.6496,18083.4762,0
18785,330.53,18053.6496,18083.4762,0
18786,330.53,18053.6496,18083.4762,0
18787,330.57,18053.6517,18083.4762,0
18788,330.61,18053.6517,18083.4762,0
18789,330.64,18053.6517,18083.4762,0
18790,330.68,18053.6496,18083.4762,0
18791,330.72,18053.6496,18083.4762,0
18792,330.72,18053.6496,18083.4762,0
18793,330.72,18053.6496,18083.4762,0
18796,330.73,18053.6496,18083.4762,0
18797,330.73,18053.6496,18083.4762,0
18799,330.76,18053.6496,18083.4762,0
18801,330.76,18053.6496,18083.4762,0
18803,330.76,18053.6496,18083.4762,0
18804,330.80,18053.6517,18083.4762,0
18806,330.84,18053.6517,18083.4762,0
18808,330.84,18053.6517,18083.4762,0
18809,330.88,18053.6517,18083.4762,0
18810,330.88,18053.6517,18083.4762,0
18811,330.92,18053.6496,18083.4762,0
18812,330.96,18053.6496,18083.4762,0
18813,330.96,18053.6496,18083.4762,0
18814,330.96,18053.6496,18083.4762,0
18815,330.96,18053.6496,18083.4762,0
18816,330.96,18053.6496,18083.4762,0
18817,330.96,18053.6496,18083.4762,0
18818,331.00,18053.6496,18083.4762,0
18819,331.00,18053.6496,18083.4762,0
18820,331.00,18053.6496,18083.4762,0
18821,331.00,18053.6496,18083.4762,0
18823,331.00,18053.6496,18083.4762,0
18824,331.04,18053.6517,18083.4762,0
18826,331.12,18053.6496,18083.4762,0
18827,331.13,18053.6496,18083.4762,0
18828,331.13,18053.6496,18083.4762,0
18829,331.13,18053.6496,18083.4762,0
18830,331.13,18053.6496,18083.4762,0
18831,331.13,18053.6496,18083.4762,0
18836,331.17,18053.6496,18083.4762,0
18837,331.17,18053.6496,18083.4762,0
18838,331.17,18053.6496,18083.4762,0
18839,331.17,18053.6496,18083.4762,0
18840,331.23,18053.6517,18083.4762,0
18842,331.27,18053.6517,18083.4762,0
18846,331.30,18053.6517,18083.4762,0
18848,331.31,18053.6517,18083.4762,0
18849,331.31,18053.6517,18083.4762,0
18850,331.31,18053.6517,18083.4762,0
18851,331.35,18053.6496,18083.4762,0
18852,331.38,18053.6496,18083.4762,0
18853,331.39,18053.6496,18083.4762,0
18854,331.39,18053.6496,18083.4762,0
18856,331.43,18053.6496,18083.4762,0
18857,331.43,18053.6496,18083.4762,0
18858,331.43,18053.6496,18083.4762,0
18859,331.43,18053.6496,18083.4762,0
18860,331.43,18053.6496,18083.4762,0
18861,331.47,18053.6517,18083.4762,0
18862,331.47,18053.6517,18083.4762,0
18863,331.55,18053.6496,18083.4762,0
18864,331.56,18053.6496,18083.4762,0
18865,331.56,18053.6496,18083.4762,0
18866,331.56,18053.6496,18083.4762,0
18867,331.56,18053.6496,18083.4762,0
18868,331.63,18053.6517,18083.4762,0
18869,331.64,18053.6517,18083.4762,0
18871,331.67,18053.6517,18083.4762,0
18872,331.67,18053.6517,18083.4762,0
18873,331.72,18053.6496,18083.4762,0
18874,331.79,18053.6517,18083.4762,0
18875,331.83,18053.6517,18083.4762,0
18876,331.83,18053.6517,18083.4762,0
18877,331.83,18053.6517,18083.4762,0
18878,331.87,18053.6496,18083.4762,0
18880,331.95,18053.6517,18083.4762,0
18881,332.03,18053.6496,18083.4762,0
18882,332.11,18053.6517,18083.4762,0
18883,332.14,18053.6517,18083.4762,0
18884,332.21,18053.6496,18083.4762,0
18885,332.25,18053.6496,18083.4762,0
18886,332.25,18053.6496,18083.4762,0
18887,332.25,18053.6496,18083.4762,0
18888,332.25,18053.6496,18083.4762,0
18889,332.25,18053.6496,18083.4762,0
18890,332.25,18053.6496,18083.4762,0
18891,332.29,18053.6496,18083.4762,0
18892,332.33,18053.6517,18083.4762,0
18893,332.36,18053.6517,18083.4762,0
18894,332.36,18053.6517,18083.4762,0
18895,332.40,18053.6517,18083.4762,0
18896,332.40,18053.6517,18083.4762,0
18898,332.41,18053.6517,18083.4762,0
18900,332.41,18053.6517,18083.4762,0
18902,332.41,18053.6517,18083.4762,0
18903,332.45,18053.6496,18083.4762,0
18904,332.48,18053.6496,18083.4762,0
18907,332.49,18053.6496,18083.4762,0
18908,332.49,18053.6496,18083.4762,0
18909,332.49,18053.6496,18083.4762,0
18911,332.49,18053.6496,18083.4762,0
18914,332.49,18053.6496,18083.4762,0
18915,332.49,18053.6496,18083.4762,0
18916,332.49,18053.6496,18083.4762,0
18917,332.53,18053.6517,18083.4762,0
18918,332.57,18053.6517,18083.4762,0
18919,332.57,18053.6517,18083.4762,0
18920,332.57,18053.6517,18083.4762,0
18922,332.65,18053.6496,18083.4762,0
18923,332.66,18053.6496,18083.4762,0
18924,332.69,18053.6496,18083.4762,0
18925,332.73,18053.6496,18083.4762,0
18926,332.73,18053.6496,18083.4762,0
18927,332.73,18053.6496,18083.4762,0
18930,332.73,18053.6496,18083.4762,0
18931,332.77,18053.6517,18083.4762,0
18932,332.81,18053.6517,18083.4762,0
18933,332.81,18053.6517,18083.4762,0
18934,332.81,18053.6517,18083.4762,0
18935,332.81,18053.6517,18083.4762,0
18936,332.81,18053.6517,18083.4762,0
18937,332.86,18053.6496,18083.4762,0
18938,332.86,18053.6496,18083.4762,0
18939,332.89,18053.6496,18083.4762,0
18940,332.94,18053.6517,18083.4762,0
18941,332.97,18053.6517,18083.4762,0
18942,332.98,18053.6517,18083.4762,0
18944,333.01,18053.6517,18083.4762,0
18945,333.01,18053.6517,18083.4762,0
18949,333.01,18053.6517,18083.4762,0
18950,333.01,18053.6517,18083.4762,0
18952,333.01,18053.6517,18083.4762,0
18953,333.01,18053.6517,18083.4762,0
18955,333.01,18053.6517,18083.4762,0
18956,333.01,18053.6517,18083.4762,0
18957,333.01,18053.6517,18083.4762,0
18958,333.06,18053.6496,18083.4762,0
18959,333.09,18053.6496,18083.4762,0
18960,333.12,18053.6496,18083.4762,0
18962,333.13,18053.6496,18083.4762,0
18963,333.13,18053.6496,18083.4762,0
18964,333.13,18053.6496,18083.4762,0
18965,333.13,18053.6496,18083.4762,0
18967,333.13,18053.6496,18083.4762,0
18968,333.13,18053.6496,18083.4762,0
18969,333.13,18053.6496,18083.4762,0
18971,333.13,18053.6496,18083.4762,0
18972,333.13,18053.6496,18083.4762,0
18973,333.13,18053.6496,18083.4762,0
18974,333.18,18053.6517,18083.4762,0
18975,333.18,18053.6517,18083.4762,0
18977,333.22,18053.6517,18083.4762,0
18978,333.25,18053.6517,18083.4762,0
18979,333.25,18053.6517,18083.4762,0
18981,333.25,18053.6517,18083.4762,0
18982,333.25,18053.6517,18083.4762,0
18983,333.30,18053.6496,18083.4762,0
18984,333.30,18053.6496,18083.4762,0
18986,333.30,18053.6496,18083.4762,0
18987,333.34,18053.6496,18083.4762,0
18988,333.34,18053.6496,18083.4762,0
18990,333.37,18053.6496,18083.4762,0
18992,333.37,18053.6496,18083.4762,0
18993,333.37,18053.6496,18083.4762,0
18997,333.37,18053.6496,18083.4762,0
18998,333.41,18053.6517,18083.4762,0
18999,333.42,18053.6517,18083.4762,0
19000,333.45,18053.6517,18083.4762,0
19001,333.45,18053.6517,18083.4762,0
19003,333.46,18053.6517,18083.4762,0
19004,333.46,18053.6517,18083.4762,0
19005,333.46,18053.6517,18083.4762,0
19006,333.46,18053.6517,18083.4762,0
19007,333.46,18053.6517,18083.4762,0
19008,333.46,18053.6517,18083.4762,0
19009,333.49,18053.6517,18083.4762,0
19010,333.49,18053.6517,18083.4762,0
19011,333.49,18053.6517,18083.4762,0
19013,333.49,18053.6517,18083.4762,0
19014,333.49,18053.6517,18083.4762,0
19015,333.53,18053.6496,18083.4762,0
19016,333.57,18053.6496,18083.4762,0
19017,333.57,18053.6496,18083.4762,0
19018,333.57,18053.6496,18083.4762,0
19019,333.57,18053.6496,18083.4762,0
19020,333.65,18053.6517,18083.4762,0
19021,333.68,18053.6517,18083.4762,0
19022,333.71,18053.6517,18083.4762,0
19023,333.71,18053.6517,18083.4762,0
19024,333.72,18053.6517,18083.4762,0
19025,333.72,18053.6517,18083.4762,0
19026,333.72,18053.6517,18083.4762,0
19028,333.72,18053.6517,18083.4762,0
19031,333.72,18053.6517,18083.4762,0
19033,333.72,18053.6517,18083.4762,0
19034,333.72,18053.6517,18083.4762,0
19035,333.76,18053.6496,18083.4762,0
19036,333.77,18053.6496,18083.4762,0
19037,333.80,18053.6496,18083.4762,0
19038,333.80,18053.6496,18083.4762,0
19041,333.85,18053.6517,18083.4762,0
19042,333.86,18053.6517,18083.4762,0
19043,333.89,18053.6517,18083.4762,0
19044,333.92,18053.6517,18083.4762,0
19045,333.97,18053.6496,18083.4762,0
19046,334.00,18053.6496,18083.4762,0
19047,334.01,18053.6496,18083.4762,0
19048,334.04,18053.6496,18083.4762,0
19051,334.04,18053.6496,18083.4762,0
19052,334.04,18053.6496,18083.4762,0
19053,334.04,18053.6496,18083.4762,0
19054,334.04,18053.6496,18083.4762,0
19055,334.04,18053.6496,18083.4762,0
19057,334.04,18053.6496,18083.4762,0
19058,334.09,18053.6517,18083.4762,0
19059,334.12,18053.6517,18083.4762,0
19060,334.13,18053.6517,18083.4762,0
19061,334.16,18053.6517,18083.4762,0
19062,334.16,18053.6517,18083.4762,0
19063,334.16,18053.6517,18083.4762,0
19064,334.16,18053.6517,18083.4762,0
19066,334.17,18053.6517,18083.4762,0
19068,334.21,18053.6496,18083.4762,0
19069,334.24,18053.6496,18083.4762,0
19071,334.25,18053.6496,18083.4762,0
19072,334.29,18053.6496,18083.4762,0
19073,334.29,18053.6496,18083.4762,0
19074,334.29,18053.6496,18083.4762,0
19075,334.29,18053.6496,18083.4762,0
19077,334.33,18053.6517,18083.4762,0
19078,334.41,18053.6496,18083.4762,0
19081,334.45,18053.6496,18083.4762,0
19082,334.45,18053.6496,18083.4762,0
19083,334.45,18053.6496,18083.4762,0
19084,334.46,18053.6496,18083.4762,0
19085,334.46,18053.6496,18083.4762,0
19087,334.50,18053.6517,18083.4762,0
19088,334.54,18053.6517,18083.4762,0
19089,334.57,18053.6517,18083.4762,0
19090,334.58,18053.6517,18083.4762,0
19091,334.58,18053.6517,18083.4762,0
19092,334.58,18053.6517,18083.4762,0
19093,334.58,18053.6517,18083.4762,0
19094,334.58,18053.6517,18083.4762,0
19095,334.58,18053.6517,18083.4762,0
19096,334.62,18053.6496,18083.4762,0
19097,334.66,18053.6496,18083.4762,0
19099,334.66,18053.6496,18083.4762,0
19101,334.67,18053.6496,18083.4762,0
19102,334.67,18053.6496,18083.4762,0
19103,334.67,18053.6496,18083.4762,0
19107,334.67,18053.6496,18083.4762,0
19109,334.71,18053.6517,18083.4762,0
19111,334.79,18053.6496,18083.4762,0
19113,334.87,18053.6517,18083.4762,0
19114,334.90,18053.6517,18083.4762,0
19115,334.90,18053.6517,18083.4762,0
19116,334.94,18053.6517,18083.4762,0
19117,334.94,18053.6517,18083.4762,0
19118,334.94,18053.6517,18083.4762,0
19119,334.94,18053.6517,18083.4762,0
19120,334.94,18053.6517,18083.4762,0
19124,334.95,18053.6517,18083.4762,0
19126,334.95,18053.6517,18083.4762,0
19128,334.95,18053.6517,18083.4762,0
19129,334.95,18053.6517,18083.4762,0
19130,334.95,18053.6517,18083.4762,0
19131,334.95,18053.6517,18083.4762,0
19133,334.99,18053.6496,18083.4762,0
19136,335.03,18053.6496,18083.4762,0
19137,335.06,18053.6496,18083.4762,0
19138,335.06,18053.6496,18083.4762,0
19139,335.11,18053.6517,18083.4762,0
19140,335.14,18053.6517,18083.4762,0
19142,335.15,18053.6517,18083.4762,0
19146,335.15,18053.6517,18083.4762,0
19148,335.15,18053.6517,18083.4762,0
19149,335.18,18053.6517,18083.4762,0
19150,335.23,18053.6496,18083.4762,0
19151,335.26,18053.6496,18083.4762,0
19152,335.34,18053.6517,18083.4762,0
19153,335.37,18053.6517,18083.4762,0
19154,335.41,18053.6517,18083.4762,0
19155,335.41,18053.6517,18083.4762,0
19156,335.41,18053.6517,18083.4762,0
19157,335.41,18053.6517,18083.4762,0
19158,335.41,18053.6517,18083.4762,0
19159,335.46,18053.6496,18083.4762,0
19160,335.49,18053.6496,18083.4762,0
19161,335.52,18053.6496,18083.4762,0
19163,335.53,18053.6496,18083.4762,0
19165,335.53,18053.6496,18083.4762,0
19166,335.53,18053.6496,18083.4762,0
19167,335.57,18053.6517,18083.4762,0
19168,335.61,18053.6517,18083.4762,0
19169,335.61,18053.6517,18083.4762,0
19170,335.61,18053.6517,18083.4762,0
19171,335.61,18053.6517,18083.4762,0
19172,335.61,18053.6517,18083.4762,0
19173,335.61,18053.6517,18083.4762,0
19175,335.65,18053.6517,18083.4762,0
19176,335.65,18053.6517,18083.4762,0
19177,335.71,18053.6496,18083.4762,0
19178,335.75,18053.6496,18083.4762,0
19181,335.76,18053.6496,18083.4762,0
19182,335.80,18053.6517,18083.4762,0
19183,335.80,18053.6517,18083.4762,0
19184,335.88,18053.6496,18083.4762,0
19185,335.92,18053.6496,18083.4762,0
19186,336.03,18053.6517,18083.4762,0
19189,336.04,18053.6517,18083.4762,0
19190,336.07,18053.6517,18083.4762,0
19191,336.07,18053.6517,18083.4762,0
19192,336.07,18053.6517,18083.4762,0
19193,336.10,18053.6517,18083.4762,0
19194,336.10,18053.6517,18083.4762,0
19195,336.10,18053.6517,18083.4762,0
19196,336.10,18053.6517,18083.4762,0
19197,336.10,18053.6517,18083.4762,0
19198,336.10,18053.6517,18083.4762,0
19199,336.10,18053.6517,18083.4762,0
19201,336.10,18053.6517,18083.4762,0
19202,336.10,18053.6517,18083.4762,0
19203,336.15,18053.6496,18083.4762,0
19206,336.19,18053.6496,18083.4762,0
19207,336.19,18053.6496,18083.4762,0
19208,336.19,18053.6496,18083.4762,0
19209,336.19,18053.6496,18083.4762,0
19210,336.19,18053.6496,18083.4762,0
19211,336.19,18053.6496,18083.4762,0
19212,336.23,18053.6496,18083.4762,0
19214,336.23,18053.6496,18083.4762,0
19216,336.23,18053.6496,18083.4762,0
19218,336.23,18053.6496,18083.4762,0
19219,336.23,18053.6496,18083.4762,0
19220,336.27,18053.6517,18083.4762,0
19223,336.31,18053.6517,18083.4762,0
19224,336.31,18053.6517,18083.4762,0
19225,336.31,18053.6517,18083.4762,0
19226,336.36,18053.6496,18083.4762,0
19227,336.39,18053.6496,18083.4762,0
19228,336.43,18053.6517,18083.4762,0
19229,336.47,18053.6517,18083.4762,0
19230,336.47,18053.6517,18083.4762,0
19231,336.50,18053.6517,18083.4762,0
19232,336.50,18053.6517,18083.4762,0
19235,336.51,18053.6517,18083.4762,0
19237,336.55,18053.6496,18083.4762,0
19239,336.59,18053.6496,18083.4762,0
19241,336.59,18053.6496,18083.4762,0
19242,336.60,18053.6496,18083.4762,0
19244,336.63,18053.6496,18083.4762,0
19245,336.63,18053.6496,18083.4762,0
19246,336.63,18053.6496,18083.4762,0
19247,336.63,18053.6496,18083.4762,0
19249,336.63,18053.6496,18083.4762,0
19250,336.67,18053.6517,18083.4762,0
19251,336.68,18053.6517,18083.4762,0
19252,336.71,18053.6517,18083.4762,0
19253,336.71,18053.6517,18083.4762,0
19254,336.71,18053.6517,18083.4762,0
19255,336.71,18053.6517,18083.4762,0
19256,336.71,18053.6517,18083.4762,0
19257,336.76,18053.6496,18083.4762,0
19258,336.79,18053.6496,18083.4762,0
19259,336.82,18053.6496,18083.4762,0
19261,336.83,18053.6496,18083.4762,0
19262,336.87,18053.6517,18083.4762,0
19263,336.95,18053.6496,18083.4762,0
19265,336.96,18053.6496,18083.4762,0
19266,336.99,18053.6496,18083.4762,0
19268,336.99,18053.6496,18083.4762,0
19270,336.99,18053.6496,18083.4762,0
19273,337.03,18053.6517,18083.4762,0
19275,337.07,18053.6517,18083.4762,0
19276,337.11,18053.6496,18083.4762,0
19278,337.15,18053.6496,18083.4762,0
19279,337.16,18053.6496,18083.4762,0
19280,337.16,18053.6496,18083.4762,0
19281,337.19,18053.6496,18083.4762,0
19282,337.19,18053.6496,18083.4762,0
19283,337.19,18053.6496,18083.4762,0
19284,337.23,18053.6517,18083.4762,0
19288,337.27,18053.6517,18083.4762,0
19289,337.30,18053.6517,18083.4762,0
19290,337.35,18053.6496,18083.4762,0
19291,337.42,18053.6517,18083.4762,0
19293,337.46,18053.6517,18083.4762,0
19294,337.47,18053.6517,18083.4762,0
19295,337.47,18053.6517,18083.4762,0
19297,337.50,18053.6517,18083.4762,0
19298,337.50,18053.6517,18083.4762,0
19299,337.54,18053.6496,18083.4762,0
19300,337.58,18053.6496,18083.4762,0
19301,337.62,18053.6517,18083.4762,0
19302,337.65,18053.6517,18083.4762,0
19303,337.65,18053.6517,18083.4762,0
19305,337.66,18053.6517,18083.4762,0
19308,337.66,18053.6517,18083.4762,0
19309,337.70,18053.6496,18083.4762,0
19310,337.78,18053.6517,18083.4762,0
19311,337.81,18053.6517,18083.4762,0
19312,337.82,18053.6517,18083.4762,0
19313,337.82,18053.6517,18083.4762,0
19316,337.86,18053.6496,18083.4762,0
19317,337.87,18053.6496,18083.4762,0
19318,337.90,18053.6496,18083.4762,0
19319,337.95,18053.6517,18083.4762,0
19320,337.98,18053.6517,18083.4762,0
19321,337.98,18053.6517,18083.4762,0
19323,337.99,18053.6517,18083.4762,0
19325,337.99,18053.6517,18083.4762,0
19327,338.02,18053.6517,18083.4762,0
19328,338.02,18053.6517,18083.4762,0
19329,338.02,18053.6517,18083.4762,0
19330,338.02,18053.6517,18083.4762,0
19331,338.06,18053.6496,18083.4762,0
19332,338.10,18053.6496,18083.4762,0
19334,338.14,18053.6496,18083.4762,0
19335,338.14,18053.6496,18083.4762,0
19336,338.14,18053.6496,18083.4762,0
19337,338.14,18053.6496,18083.4762,0
19338,338.18,18053.6517,18083.4762,0
19339,338.22,18053.6517,18083.4762,0
19341,338.23,18053.6517,18083.4762,0
19342,338.23,18053.6517,18083.4762,0
19343,338.23,18053.6517,18083.4762,0
19344,338.23,18053.6517,18083.4762,0
19345,338.23,18053.6517,18083.4762,0
19346,338.30,18053.6496,18083.4762,0
19347,338.34,18053.6496,18083.4762,0
19348,338.34,18053.6496,18083.4762,0
19349,338.34,18053.6496,18083.4762,0
19350,338.38,18053.6517,18083.4762,0
19351,338.42,18053.6517,18083.4762,0
19353,338.42,18053.6517,18083.4762,0
19354,338.42,18053.6517,18083.4762,0
19358,338.42,18053.6517,18083.4762,0
19359,338.50,18053.6496,18083.4762,0
19361,338.58,18053.6517,18083.4762,0
19362,338.61,18053.6517,18083.4762,0
19363,338.66,18053.6496,18083.4762,0
19365,338.69,18053.6496,18083.4762,0
19366,338.70,18053.6496,18083.4762,0
19367,338.70,18053.6496,18083.4762,0
19368,338.70,18053.6496,18083.4762,0
19369,338.74,18053.6517,18083.4762,0
19370,338.78,18053.6517,18083.4762,0
19371,338.78,18053.6517,18083.4762,0
19372,338.81,18053.6517,18083.4762,0
19374,338.82,18053.6517,18083.4762,0
19376,338.82,18053.6517,18083.4762,0
19377,338.82,18053.6517,18083.4762,0
19379,338.86,18053.6496,18083.4762,0
19380,338.90,18053.6496,18083.4762,0
19381,338.90,18053.6496,18083.4762,0
19382,338.90,18053.6496,18083.4762,0
19383,338.94,18053.6496,18083.4762,0
19385,338.94,18053.6496,18083.4762,0
19386,338.94,18053.6496,18083.4762,0
19387,338.94,18053.6496,18083.4762,0
19388,338.94,18053.6496,18083.4762,0
19389,338.94,18053.6496,18083.4762,0
19390,338.94,18053.6496,18083.4762,0
19392,338.98,18053.6517,18083.4762,0
19393,338.99,18053.6517,18083.4762,0
19394,339.03,18053.6517,18083.4762,0
19397,339.03,18053.6517,18083.4762,0
19399,339.03,18053.6517,18083.4762,0
19400,339.03,18053.6517,18083.4762,0
19403,339.03,18053.6517,18083.4762,0
19404,339.03,18053.6517,18083.4762,0
19405,339.06,18053.6517,18083.4762,0
19407,339.11,18053.6496,18083.4762,0
19409,339.15,18053.6496,18083.4762,0
19410,339.15,18053.6496,18083.4762,0
19411,339.15,18053.6496,18083.4762,0
19412,339.18,18053.6496,18083.4762,0
19414,339.18,18053.6496,18083.4762,0
19415,339.18,18053.6496,18083.4762,0
19418,339.18,18053.6496,18083.4762,0
19419,339.23,18053.6517,18083.4762,0
19420,339.26,18053.6517,18083.4762,0
19421,339.30,18053.6496,18083.4762,0
19422,339.31,18053.6496,18083.4762,0
19423,339.34,18053.6496,18083.4762,0
19425,339.38,18053.6496,18083.4762,0
19427,339.42,18053.6517,18083.4762,0
19428,339.46,18053.6517,18083.4762,0
19429,339.49,18053.6517,18083.4762,0
19430,339.50,18053.6517,18083.4762,0
19431,339.50,18053.6517,18083.4762,0
19432,339.50,18053.6517,18083.4762,0
19434,339.50,18053.6517,18083.4762,0
19435,339.50,18053.6517,18083.4762,0
19437,339.50,18053.6517,18083.4762,0
19438,339.50,18053.6517,18083.4762,0
19442,339.50,18053.6517,18083.4762,0
19446,339.50,18053.6517,18083.4762,0
19448,339.54,18053.6496,18083.4762,0
19449,339.58,18053.6496,18083.4762,0
19450,339.62,18053.6517,18083.4762,0
19451,339.65,18053.6517,18083.4762,0
19452,339.65,18053.6517,18083.4762,0
19453,339.65,18053.6517,18083.4762,0
19455,339.66,18053.6517,18083.4762,0
19456,339.74,18053.6496,18083.4762,0
19457,339.77,18053.6496,18083.4762,0
19458,339.80,18053.6496,18083.4762,0
19459,339.80,18053.6496,18083.4762,0
19460,339.80,18053.6496,18083.4762,0
19461,339.80,18053.6496,18083.4762,0
19463,339.85,18053.6517,18083.4762,0
19465,339.86,18053.6517,18083.4762,0
19466,339.89,18053.6517,18083.4762,0
19468,339.93,18053.6517,18083.4762,0
19469,339.97,18053.6496,18083.4762,0
19471,340.01,18053.6496,18083.4762,0
19472,340.01,18053.6496,18083.4762,0
19474,340.01,18053.6496,18083.4762,0
19476,340.09,18053.6517,18083.4762,0
19477,340.12,18053.6517,18083.4762,0
19478,340.12,18053.6517,18083.4762,0
19479,340.13,18053.6517,18083.4762,0
19480,340.13,18053.6517,18083.4762,0
19481,340.13,18053.6517,18083.4762,0
19483,340.13,18053.6517,18083.4762,0
19485,340.17,18053.6517,18083.4762,0
19486,340.17,18053.6517,18083.4762,0
19487,340.17,18053.6517,18083.4762,0
19488,340.17,18053.6517,18083.4762,0
19489,340.17,18053.6517,18083.4762,0
19493,340.17,18053.6517,18083.4762,0
19494,340.17,18053.6517,18083.4762,0
19495,340.17,18053.6517,18083.4762,0
19497,340.21,18053.6496,18083.4762,0
19498,340.28,18053.6517,18083.4762,0
19499,340.29,18053.6517,18083.4762,0
19501,340.33,18053.6517,18083.4762,0
19502,340.33,18053.6517,18083.4762,0
19503,340.33,18053.6517,18083.4762,0
19504,340.36,18053.6517,18083.4762,0
19505,340.40,18053.6496,18083.4762,0
19506,340.44,18053.6496,18083.4762,0
19508,340.48,18053.6496,18083.4762,0
19509,340.48,18053.6496,18083.4762,0
19511,340.52,18053.6517,18083.4762,0
19512,340.56,18053.6517,18083.4762,0
19513,340.56,18053.6517,18083.4762,0
19514,340.61,18053.6496,18083.4762,0
19515,340.61,18053.6496,18083.4762,0
19516,340.64,18053.6496,18083.4762,0
19517,340.68,18053.6496,18083.4762,0
19518,340.72,18053.6517,18083.4762,0
19520,340.76,18053.6517,18083.4762,0
19521,340.83,18053.6496,18083.4762,0
19523,340.87,18053.6496,18083.4762,0
19524,340.88,18053.6496,18083.4762,0
19526,340.91,18053.6496,18083.4762,0
19527,340.91,18053.6496,18083.4762,0
19528,340.91,18053.6496,18083.4762,0
19530,340.95,18053.6517,18083.4762,0
19531,340.99,18053.6517,18083.4762,0
19532,340.99,18053.6517,18083.4762,0
19533,340.99,18053.6517,18083.4762,0
19534,340.99,18053.6517,18083.4762,0
19535,341.03,18053.6517,18083.4762,0
19536,341.07,18053.6496,18083.4762,0
19537,341.10,18053.6496,18083.4762,0
19538,341.11,18053.6496,18083.4762,0
19539,341.11,18053.6496,18083.4762,0
19540,341.11,18053.6496,18083.4762,0
19542,341.11,18053.6496,18083.4762,0
19543,341.11,18053.6496,18083.4762,0
19544,341.11,18053.6496,18083.4762,0
19545,341.14,18053.6496,18083.4762,0
19546,341.14,18053.6496,18083.4762,0
19550,341.14,18053.6496,18083.4762,0
19551,341.14,18053.6496,18083.4762,0
19552,341.14,18053.6496,18083.4762,0
19553,341.19,18053.6517,18083.4762,0
19555,341.20,18053.6517,18083.4762,0
19556,341.20,18053.6517,18083.4762,0
19558,341.23,18053.6517,18083.4762,0
19559,341.23,18053.6517,18083.4762,0
19561,341.23,18053.6517,18083.4762,0
19564,341.23,18053.6517,18083.4762,0
19565,341.27,18053.6496,18083.4762,0
19566,341.31,18053.6496,18083.4762,0
19567,341.31,18053.6496,18083.4762,0
19568,341.35,18053.6517,18083.4762,0
19569,341.36,18053.6517,18083.4762,0
19570,341.36,18053.6517,18083.4762,0
19571,341.39,18053.6517,18083.4762,0
19572,341.39,18053.6517,18083.4762,0
19573,341.39,18053.6517,18083.4762,0
19575,341.43,18053.6517,18083.4762,0
19576,341.43,18053.6517,18083.4762,0
19577,341.43,18053.6517,18083.4762,0
19578,341.43,18053.6517,18083.4762,0
19579,341.43,18053.6517,18083.4762,0
19580,341.47,18053.6496,18083.4762,0
19581,341.47,18053.6496,18083.4762,0
19583,341.56,18053.6517,18083.4762,0
19584,341.59,18053.6517,18083.4762,0
19585,341.60,18053.6517,18083.4762,0
19586,341.64,18053.6517,18083.4762,0
19587,341.64,18053.6517,18083.4762,0
19588,341.64,18053.6517,18083.4762,0
19589,341.64,18053.6517,18083.4762,0
19592,341.69,18053.6496,18083.4762,0
19593,341.72,18053.6496,18083.4762,0
19594,341.75,18053.6496,18083.4762,0
19595,341.75,18053.6496,18083.4762,0
19596,341.75,18053.6496,18083.4762,0
19597,341.80,18053.6517,18083.4762,0
19600,341.88,18053.6496,18083.4762,0
19601,341.95,18053.6517,18083.4762,0
19602,341.99,18053.6517,18083.4762,0
19603,341.99,18053.6517,18083.4762,0
19606,342.07,18053.6496,18083.4762,0
19608,342.08,18053.6496,18083.4762,0
19609,342.11,18053.6496,18083.4762,0
19610,342.11,18053.6496,18083.4762,0
19613,342.14,18053.6496,18083.4762,0
19614,342.14,18053.6496,18083.4762,0
19615,342.14,18053.6496,18083.4762,0
19616,342.14,18053.6496,18083.4762,0
19617,342.14,18053.6496,18083.4762,0
19618,342.14,18053.6496,18083.4762,0
19619,342.21,18053.6517,18083.4762,0
19620,342.24,18053.6517,18083.4762,0
19621,342.24,18053.6517,18083.4762,0
19622,342.24,18053.6517,18083.4762,0
19623,342.28,18053.6496,18083.4762,0
19624,342.32,18053.6496,18083.4762,0
19625,342.32,18053.6496,18083.4762,0
19626,342.35,18053.6496,18083.4762,0
19627,342.36,18053.6496,18083.4762,0
19628,342.36,18053.6496,18083.4762,0
19629,342.36,18053.6496,18083.4762,0
19630,342.36,18053.6496,18083.4762,0
19631,342.36,18053.6496,18083.4762,0
19633,342.36,18053.6496,18083.4762,0
19634,342.36,18053.6496,18083.4762,0
19635,342.36,18053.6496,18083.4762,0
19636,342.40,18053.6517,18083.4762,0
19637,342.44,18053.6517,18083.4762,0
19639,342.44,18053.6517,18083.4762,0
19640,342.47,18053.6517,18083.4762,0
19641,342.47,18053.6517,18083.4762,0
19642,342.48,18053.6517,18083.4762,0
19643,342.52,18053.6496,18083.4762,0
19644,342.56,18053.6496,18083.4762,0
19645,342.56,18053.6496,18083.4762,0
19647,342.60,18053.6496,18083.4762,0
19649,342.60,18053.6496,18083.4762,0
19651,342.60,18053.6496,18083.4762,0
19652,342.64,18053.6517,18083.4762,0
19654,342.68,18053.6517,18083.4762,0
19656,342.68,18053.6517,18083.4762,0
19657,342.68,18053.6517,18083.4762,0
19659,342.68,18053.6517,18083.4762,0
19662,342.68,18053.6517,18083.4762,0
19663,342.72,18053.6517,18083.4762,0
19664,342.72,18053.6517,18083.4762,0
19667,342.72,18053.6517,18083.4762,0
19668,342.76,18053.6496,18083.4762,0
19669,342.84,18053.6517,18083.4762,0
19670,342.84,18053.6517,18083.4762,0
19671,342.92,18053.6496,18083.4762,0
19672,342.92,18053.6496,18083.4762,0
19674,343.00,18053.6517,18083.4762,0
19675,343.01,18053.6517,18083.4762,0
19676,343.01,18053.6517,18083.4762,0
19677,343.01,18053.6517,18083.4762,0
19678,343.04,18053.6517,18083.4762,0
19679,343.04,18053.6517,18083.4762,0
19680,343.08,18053.6517,18083.4762,0
19681,343.08,18053.6517,18083.4762,0
19682,343.08,18053.6517,18083.4762,0
19683,343.08,18053.6517,18083.4762,0
19685,343.08,18053.6517,18083.4762,0
19687,343.08,18053.6517,18083.4762,0
19688,343.12,18053.6496,18083.4762,0
19690,343.20,18053.6517,18083.4762,0
19691,343.24,18053.6517,18083.4762,0
19693,343.28,18053.6517,18083.4762,0
19694,343.28,18053.6517,18083.4762,0
19698,343.33,18053.6496,18083.4762,0
19699,343.36,18053.6496,18083.4762,0
19701,343.37,18053.6496,18083.4762,0
19702,343.37,18053.6496,18083.4762,0
19703,343.41,18053.6517,18083.4762,0
19704,343.45,18053.6517,18083.4762,0
19705,343.49,18053.6496,18083.4762,0
19706,343.49,18053.6496,18083.4762,0
19707,343.57,18053.6517,18083.4762,0
19709,343.58,18053.6517,18083.4762,0
19710,343.61,18053.6517,18083.4762,0
19712,343.61,18053.6517,18083.4762,0
19713,343.61,18053.6517,18083.4762,0
19714,343.61,18053.6517,18083.4762,0
19715,343.65,18053.6517,18083.4762,0
19716,343.69,18053.6496,18083.4762,0
19717,343.70,18053.6496,18083.4762,0
19719,343.70,18053.6496,18083.4762,0
19720,343.73,18053.6496,18083.4762,0
19721,343.73,18053.6496,18083.4762,0
19723,343.77,18053.6496,18083.4762,0
19724,343.77,18053.6496,18083.4762,0
19725,343.77,18053.6496,18083.4762,0
19726,343.77,18053.6496,18083.4762,0
19727,343.81,18053.6517,18083.4762,0
19728,343.84,18053.6517,18083.4762,0
19730,343.85,18053.6517,18083.4762,0
19731,343.88,18053.6517,18083.4762,0
19732,343.88,18053.6517,18083.4762,0
19733,343.89,18053.6517,18083.4762,0
19734,343.89,18053.6517,18083.4762,0
19735,343.89,18053.6517,18083.4762,0
19740,343.93,18053.6496,18083.4762,0
19741,343.96,18053.6496,18083.4762,0
19742,343.99,18053.6496,18083.4762,0
19744,344.04,18053.6517,18083.4762,0
19745,344.05,18053.6517,18083.4762,0
19748,344.05,18053.6517,18083.4762,0
19749,344.05,18053.6517,18083.4762,0
19750,344.13,18053.6496,18083.4762,0
19751,344.13,18053.6496,18083.4762,0
19754,344.17,18053.6496,18083.4762,0
19755,344.17,18053.6496,18083.4762,0
19756,344.17,18053.6496,18083.4762,0
19757,344.17,18053.6496,18083.4762,0
19758,344.20,18053.6496,18083.4762,0
19760,344.20,18053.6496,18083.4762,0
19762,344.20,18053.6496,18083.4762,0
19763,344.25,18053.6517,18083.4762,0
19764,344.25,18053.6517,18083.4762,0
19765,344.25,18053.6517,18083.4762,0
19767,344.29,18053.6517,18083.4762,0
19768,344.29,18053.6517,18083.4762,0
19769,344.29,18053.6517,18083.4762,0
19770,344.29,18053.6517,18083.4762,0
19771,344.29,18053.6517,18083.4762,0
19772,344.29,18053.6517,18083.4762,0
19773,344.29,18053.6517,18083.4762,0
19774,344.37,18053.6496,18083.4762,0
19775,344.40,18053.6496,18083.4762,0
19776,344.40,18053.6496,18083.4762,0
19778,344.44,18053.6496,18083.4762,0
19779,344.44,18053.6496,18083.4762,0
19780,344.49,18053.6517,18083.4762,0
19781,344.49,18053.6517,18083.4762,0
19783,344.53,18053.6517,18083.4762,0
19784,344.56,18053.6517,18083.4762,0
19785,344.56,18053.6517,18083.4762,0
19786,344.61,18053.6496,18083.4762,0
19787,344.61,18053.6496,18083.4762,0
19790,344.65,18053.6496,18083.4762,0
19791,344.65,18053.6496,18083.4762,0
19792,344.68,18053.6496,18083.4762,0
19793,344.68,18053.6496,18083.4762,0
19794,344.68,18053.6496,18083.4762,0
19795,344.72,18053.6517,18083.4762,0
19796,344.76,18053.6517,18083.4762,0
19797,344.76,18053.6517,18083.4762,0
19798,344.76,18053.6517,18083.4762,0
19799,344.76,18053.6517,18083.4762,0
19800,344.76,18053.6517,18083.4762,0
19802,344.80,18053.6517,18083.4762,0
19803,344.80,18053.6517,18083.4762,0
19804,344.80,18053.6517,18083.4762,0
19806,344.80,18053.6517,18083.4762,0
19808,344.84,18053.6496,18083.4762,0
19809,344.88,18053.6496,18083.4762,0
19810,344.88,18053.6496,18083.4762,0
19811,344.88,18053.6496,18083.4762,0
19813,344.89,18053.6496,18083.4762,0
19815,344.89,18053.6496,18083.4762,0
19817,344.89,18053.6496,18083.4762,0
19818,344.92,18053.6496,18083.4762,0
19819,344.92,18053.6496,18083.4762,0
19820,344.96,18053.6517,18083.4762,0
19821,345.04,18053.6496,18083.4762,0
19822,345.08,18053.6496,18083.4762,0
19823,345.11,18053.6496,18083.4762,0
19824,345.11,18053.6496,18083.4762,0
19825,345.11,18053.6496,18083.4762,0
19826,345.11,18053.6496,18083.4762,0
19827,345.15,18053.6517,18083.4762,0
19829,345.19,18053.6517,18083.4762,0
19830,345.19,18053.6517,18083.4762,0
19831,345.27,18053.6496,18083.4762,0
19832,345.31,18053.6496,18083.4762,0
19833,345.34,18053.6496,18083.4762,0
19834,345.34,18053.6496,18083.4762,0
19835,345.38,18053.6517,18083.4762,0
19836,345.42,18053.6517,18083.4762,0
19837,345.42,18053.6517,18083.4762,0
19838,345.45,18053.6517,18083.4762,0
19840,345.50,18053.6496,18083.4762,0
19841,345.50,18053.6496,18083.4762,0
19842,345.50,18053.6496,18083.4762,0
19843,345.50,18053.6496,18083.4762,0
19845,345.54,18053.6496,18083.4762,0
19846,345.54,18053.6496,18083.4762,0
19847,345.54,18053.6496,18083.4762,0
19849,345.62,18053.6517,18083.4762,0
19850,345.65,18053.6517,18083.4762,0
19852,345.70,18053.6496,18083.4762,0
19853,345.73,18053.6496,18083.4762,0
19854,345.74,18053.6496,18083.4762,0
19855,345.77,18053.6496,18083.4762,0
19857,345.78,18053.6496,18083.4762,0
19858,345.78,18053.6496,18083.4762,0
19859,345.78,18053.6496,18083.4762,0
19862,345.78,18053.6496,18083.4762,0
19863,345.78,18053.6496,18083.4762,0
19864,345.82,18053.6517,18083.4762,0
19865,345.85,18053.6517,18083.4762,0
19866,345.89,18053.6517,18083.4762,0
19867,345.89,18053.6517,18083.4762,0
19871,345.89,18053.6517,18083.4762,0
19872,345.93,18053.6496,18083.4762,0
19874,346.02,18053.6517,18083.4762,0
19876,346.05,18053.6517,18083.4762,0
19877,346.09,18053.6517,18083.4762,0
19880,346.13,18053.6496,18083.4762,0
19881,346.16,18053.6496,18083.4762,0
19882,346.20,18053.6496,18083.4762,0
19883,346.20,18053.6496,18083.4762,0
19884,346.20,18053.6496,18083.4762,0
19885,346.20,18053.6496,18083.4762,0
19886,346.25,18053.6517,18083.4762,0
19887,346.28,18053.6517,18083.4762,0
19888,346.28,18053.6517,18083.4762,0
19889,346.32,18053.6517,18083.4762,0
19891,346.32,18053.6517,18083.4762,0
19893,346.32,18053.6517,18083.4762,0
19894,346.32,18053.6517,18083.4762,0
19895,346.37,18053.6496,18083.4762,0
19896,346.40,18053.6496,18083.4762,0
19897,346.40,18053.6496,18083.4762,0
19899,346.45,18053.6517,18083.4762,0
19900,346.45,18053.6517,18083.4762,0
19901,346.45,18053.6517,18083.4762,0
19902,346.49,18053.6517,18083.4762,0
19903,346.53,18053.6496,18083.4762,0
19904,346.57,18053.6496,18083.4762,0
19906,346.57,18053.6496,18083.4762,0
19907,346.57,18053.6496,18083.4762,0
19908,346.61,18053.6517,18083.4762,0
19910,346.62,18053.6517,18083.4762,0
19911,346.62,18053.6517,18083.4762,0
19912,346.66,18053.6517,18083.4762,0
19913,346.66,18053.6517,18083.4762,0
19914,346.66,18053.6517,18083.4762,0
19915,346.69,18053.6517,18083.4762,0
19916,346.69,18053.6517,18083.4762,0
19917,346.73,18053.6496,18083.4762,0
19918,346.77,18053.6496,18083.4762,0
19919,346.80,18053.6496,18083.4762,0
19920,346.84,18053.6517,18083.4762,0
19921,346.88,18053.6517,18083.4762,0
19922,346.88,18053.6517,18083.4762,0
19923,346.88,18053.6517,18083.4762,0
19924,346.92,18053.6517,18083.4762,0
19925,346.96,18053.6496,18083.4762,0
19927,347.00,18053.6496,18083.4762,0
19928,347.00,18053.6496,18083.4762,0
19929,347.00,18053.6496,18083.4762,0
19930,347.00,18053.6496,18083.4762,0
19931,347.00,18053.6496,18083.4762,0
19933,347.00,18053.6496,18083.4762,0
19934,347.04,18053.6496,18083.4762,0
19935,347.04,18053.6496,18083.4762,0
19936,347.04,18053.6496,18083.4762,0
19937,347.04,18053.6496,18083.4762,0
19938,347.08,18053.6517,18083.4762,0
19939,347.12,18053.6517,18083.4762,0
19940,347.15,18053.6517,18083.4762,0
19941,347.15,18053.6517,18083.4762,0
19942,347.15,18053.6517,18083.4762,0
19944,347.16,18053.6517,18083.4762,0
19946,347.16,18053.6517,18083.4762,0
19949,347.16,18053.6517,18083.4762,0
19950,347.20,18053.6496,18083.4762,0
19951,347.24,18053.6496,18083.4762,0
19953,347.27,18053.6496,18083.4762,0
19954,347.32,18053.6517,18083.4762,0
19955,347.35,18053.6517,18083.4762,0
19957,347.36,18053.6517,18083.4762,0
19958,347.40,18053.6496,18083.4762,0
19959,347.43,18053.6496,18083.4762,0
19960,347.44,18053.6496,18083.4762,0
19962,347.48,18053.6517,18083.4762,0
19963,347.52,18053.6517,18083.4762,0
19964,347.55,18053.6517,18083.4762,0
19966,347.60,18053.6496,18083.4762,0
19967,347.60,18053.6496,18083.4762,0
19968,347.64,18053.6496,18083.4762,0
19970,347.64,18053.6496,18083.4762,0
19971,347.64,18053.6496,18083.4762,0
19973,347.67,18053.6496,18083.4762,0
19974,347.67,18053.6496,18083.4762,0
19975,347.67,18053.6496,18083.4762,0
19976,347.72,18053.6517,18083.4762,0
19977,347.72,18053.6517,18083.4762,0
19978,347.76,18053.6517,18083.4762,0
19979,347.79,18053.6517,18083.4762,0
19981,347.79,18053.6517,18083.4762,0
19982,347.79,18053.6517,18083.4762,0
19983,347.79,18053.6517,18083.4762,0
19984,347.79,18053.6517,18083.4762,0
19985,347.79,18053.6517,18083.4762,0
19986,347.84,18053.6496,18083.4762,0
19989,347.85,18053.6496,18083.4762,0
19990,347.94,18053.6517,18083.4762,0
19991,347.98,18053.6517,18083.4762,0
19992,347.98,18053.6517,18083.4762,0
19993,348.01,18053.6517,18083.4762,0
19994,348.01,18053.6517,18083.4762,0
19995,348.01,18053.6517,18083.4762,0
19996,348.01,18053.6517,18083.4762,0
19997,348.01,18053.6517,18083.4762,0
19998,348.01,18053.6517,18083.4762,0
19999,348.06,18053.6496,18083.4762,0
20000,348.13,18053.6517,18083.4762,0
20001,348.17,18053.6517,18083.4762,0
20002,348.20,18053.6517,18083.4762,0
20003,348.20,18053.6517,18083.4762,0
20004,348.24,18053.6496,18083.4762,0
20005,348.25,18053.6496,18083.4762,0
20006,348.33,18053.6517,18083.4762,0
20007,348.40,18053.6496,18083.4762,0
20008,348.44,18053.6496,18083.4762,0
20009,348.44,18053.6496,18083.4762,0
20013,348.45,18053.6496,18083.4762,0
20014,348.49,18053.6517,18083.4762,0
20015,348.49,18053.6517,18083.4762,0
20016,348.49,18053.6517,18083.4762,0
20017,348.53,18053.6517,18083.4762,0
20022,348.53,18053.6517,18083.4762,0
20024,348.56,18053.6517,18083.4762,0
20027,348.56,18053.6517,18083.4762,0
20028,348.56,18053.6517,18083.4762,0
20029,348.56,18053.6517,18083.4762,0
20031,348.61,18053.6496,18083.4762,0
20033,348.65,18053.6496,18083.4762,0
20035,348.65,18053.6496,18083.4762,0
20036,348.65,18053.6496,18083.4762,0
20037,348.69,18053.6517,18083.4762,0
20038,348.69,18053.6517,18083.4762,0
20039,348.69,18053.6517,18083.4762,0
20041,348.73,18053.6517,18083.4762,0
20042,348.73,18053.6517,18083.4762,0
20043,348.73,18053.6517,18083.4762,0
20045,348.81,18053.6496,18083.4762,0
20048,348.85,18053.6496,18083.4762,0
20049,348.89,18053.6517,18083.4762,0
20051,348.93,18053.6517,18083.4762,0
20052,349.01,18053.6496,18083.4762,0
20054,349.04,18053.6496,18083.4762,0
20055,349.08,18053.6496,18083.4762,0
20056,349.08,18053.6496,18083.4762,0
20057,349.08,18053.6496,18083.4762,0
20058,349.08,18053.6496,18083.4762,0
20060,349.08,18053.6496,18083.4762,0
20061,349.08,18053.6496,18083.4762,0
20062,349.08,18053.6496,18083.4762,0
20063,349.08,18053.6496,18083.4762,0
20064,349.12,18053.6517,18083.4762,0
20065,349.13,18053.6517,18083.4762,0
20066,349.16,18053.6517,18083.4762,0
20068,349.21,18053.6496,18083.4762,0
20070,349.22,18053.6496,18083.4762,0
20071,349.22,18053.6496,18083.4762,0
20072,349.22,18053.6496,18083.4762,0
20073,349.25,18053.6496,18083.4762,0
20076,349.25,18053.6496,18083.4762,0
20077,349.25,18053.6496,18083.4762,0
20078,349.25,18053.6496,18083.4762,0
20079,349.25,18053.6496,18083.4762,0
20080,349.25,18053.6496,18083.4762,0
20081,349.29,18053.6517,18083.4762,0
20082,349.30,18053.6517,18083.4762,0
20083,349.33,18053.6517,18083.4762,0
20085,349.37,18053.6517,18083.4762,0
20086,349.37,18053.6517,18083.4762,0
20087,349.37,18053.6517,18083.4762,0
20090,349.37,18053.6517,18083.4762,0
20091,349.37,18053.6517,18083.4762,0
20092,349.37,18053.6517,18083.4762,0
20093,349.37,18053.6517,18083.4762,0
20094,349.37,18053.6517,18083.4762,0
20095,349.41,18053.6496,18083.4762,0
20096,349.49,18053.6517,18083.4762,0
20097,349.50,18053.6517,18083.4762,0
20099,349.53,18053.6517,18083.4762,0
20100,349.57,18053.6517,18083.4762,0
20101,349.57,18053.6517,18083.4762,0
20102,349.57,18053.6517,18083.4762,0
20103,349.57,18053.6517,18083.4762,0
20106,349.57,18053.6517,18083.4762,0
20107,349.57,18053.6517,18083.4762,0
20108,349.57,18053.6517,18083.4762,0
20110,349.57,18053.6517,18083.4762,0
20112,349.57,18053.6517,18083.4762,0
20113,349.61,18053.6496,18083.4762,0
20115,349.69,18053.6517,18083.4762,0
20116,349.72,18053.6517,18083.4762,0
20117,349.73,18053.6517,18083.4762,0
20118,349.73,18053.6517,18083.4762,0
20120,349.77,18053.6496,18083.4762,0
20121,349.78,18053.6496,18083.4762,0
20123,349.78,18053.6496,18083.4762,0
20124,349.82,18053.6496,18083.4762,0
20125,349.82,18053.6496,18083.4762,0
20126,349.82,18053.6496,18083.4762,0
20127,349.89,18053.6517,18083.4762,0
20129,349.90,18053.6517,18083.4762,0
20130,349.98,18053.6496,18083.4762,0
20133,350.06,18053.6517,18083.4762,0
20135,350.10,18053.6517,18083.4762,0
20136,350.18,18053.6496,18083.4762,0
20137,350.18,18053.6496,18083.4762,0
20139,350.18,18053.6496,18083.4762,0
20141,350.18,18053.6496,18083.4762,0
20142,350.22,18053.6496,18083.4762,0
20143,350.22,18053.6496,18083.4762,0
20144,350.29,18053.6517,18083.4762,0
20145,350.33,18053.6517,18083.4762,0
20146,350.36,18053.6517,18083.4762,0
20147,350.37,18053.6517,18083.4762,0
20148,350.37,18053.6517,18083.4762,0
20149,350.37,18053.6517,18083.4762,0
20150,350.37,18053.6517,18083.4762,0
20152,350.37,18053.6517,18083.4762,0
20153,350.37,18053.6517,18083.4762,0
20154,350.37,18053.6517,18083.4762,0
20155,350.37,18053.6517,18083.4762,0
20156,350.41,18053.6496,18083.4762,0
20157,350.42,18053.6496,18083.4762,0
20158,350.45,18053.6496,18083.4762,0
20159,350.49,18053.6496,18083.4762,0
20160,350.49,18053.6496,18083.4762,0
20161,350.49,18053.6496,18083.4762,0
20162,350.49,18053.6496,18083.4762,0
20163,350.49,18053.6496,18083.4762,0
20165,350.53,18053.6517,18083.4762,0
20166,350.57,18053.6517,18083.4762,0
20167,350.57,18053.6517,18083.4762,0
20168,350.57,18053.6517,18083.4762,0
20169,350.57,18053.6517,18083.4762,0
20170,350.57,18053.6517,18083.4762,0
20172,350.58,18053.6517,18083.4762,0
20174,350.58,18053.6517,18083.4762,0
20175,350.58,18053.6517,18083.4762,0
20176,350.58,18053.6517,18083.4762,0
20177,350.58,18053.6517,18083.4762,0
20179,350.58,18053.6517,18083.4762,0
20180,350.58,18053.6517,18083.4762,0
20181,350.58,18053.6517,18083.4762,0
20182,350.62,18053.6496,18083.4762,0
20183,350.63,18053.6496,18083.4762,0
20184,350.66,18053.6496,18083.4762,0
20185,350.69,18053.6496,18083.4762,0
20186,350.69,18053.6496,18083.4762,0
20189,350.70,18053.6496,18083.4762,0
20190,350.74,18053.6517,18083.4762,0
20191,350.82,18053.6496,18083.4762,0
20192,350.85,18053.6496,18083.4762,0
20193,350.88,18053.6496,18083.4762,0
20194,350.88,18053.6496,18083.4762,0
20196,350.93,18053.6517,18083.4762,0
20197,350.94,18053.6517,18083.4762,0
20198,350.97,18053.6517,18083.4762,0
20200,351.05,18053.6496,18083.4762,0
20202,351.09,18053.6496,18083.4762,0
20203,351.09,18053.6496,18083.4762,0
20204,351.09,18053.6496,18083.4762,0
20206,351.09,18053.6496,18083.4762,0
20208,351.13,18053.6496,18083.4762,0
20209,351.13,18053.6496,18083.4762,0
20215,351.13,18053.6496,18083.4762,0
20216,351.17,18053.6517,18083.4762,0
20217,351.20,18053.6517,18083.4762,0
20218,351.21,18053.6517,18083.4762,0
20219,351.24,18053.6517,18083.4762,0
20220,351.24,18053.6517,18083.4762,0
20221,351.24,18053.6517,18083.4762,0
20222,351.24,18053.6517,18083.4762,0
20223,351.24,18053.6517,18083.4762,0
20224,351.24,18053.6517,18083.4762,0
20225,351.24,18053.6517,18083.4762,0
20226,351.24,18053.6517,18083.4762,0
20227,351.24,18053.6517,18083.4762,0
20228,351.29,18053.6496,18083.4762,0
20229,351.32,18053.6496,18083.4762,0
20230,351.32,18053.6496,18083.4762,0
20231,351.35,18053.6496,18083.4762,0
20234,351.36,18053.6496,18083.4762,0
20235,351.40,18053.6517,18083.4762,0
20236,351.43,18053.6517,18083.4762,0
20237,351.44,18053.6517,18083.4762,0
20238,351.44,18053.6517,18083.4762,0
20239,351.44,18053.6517,18083.4762,0
20240,351.44,18053.6517,18083.4762,0
20241,351.47,18053.6517,18083.4762,0
20242,351.47,18053.6517,18083.4762,0
20244,351.48,18053.6517,18083.4762,0
20246,351.52,18053.6496,18083.4762,0
20247,351.55,18053.6496,18083.4762,0
20248,351.56,18053.6496,18083.4762,0
20249,351.63,18053.6517,18083.4762,0
20251,351.72,18053.6496,18083.4762,0
20252,351.75,18053.6496,18083.4762,0
20253,351.83,18053.6517,18083.4762,0
20256,351.86,18053.6517,18083.4762,0
20257,351.90,18053.6517,18083.4762,0
20259,351.90,18053.6517,18083.4762,0
20260,351.90,18053.6517,18083.4762,0
20263,351.90,18053.6517,18083.4762,0
20264,351.95,18053.6496,18083.4762,0
20265,351.98,18053.6496,18083.4762,0
20266,351.98,18053.6496,18083.4762,0
20267,352.01,18053.6496,18083.4762,0
20269,352.02,18053.6496,18083.4762,0
20270,352.06,18053.6517,18083.4762,0
20271,352.10,18053.6517,18083.4762,0
20272,352.10,18053.6517,18083.4762,0
20274,352.10,18053.6517,18083.4762,0
20275,352.10,18053.6517,18083.4762,0
20277,352.10,18053.6517,18083.4762,0
20279,352.14,18053.6517,18083.4762,0
20280,352.18,18053.6496,18083.4762,0
20281,352.22,18053.6496,18083.4762,0
20283,352.22,18053.6496,18083.4762,0
20285,352.22,18053.6496,18083.4762,0
20286,352.26,18053.6496,18083.4762,0
20287,352.26,18053.6496,18083.4762,0
20288,352.26,18053.6496,18083.4762,0
20289,352.26,18053.6496,18083.4762,0
20291,352.26,18053.6496,18083.4762,0
20292,352.26,18053.6496,18083.4762,0
20294,352.26,18053.6496,18083.4762,0
20295,352.26,18053.6496,18083.4762,0
20296,352.30,18053.6517,18083.4762,0
20297,352.33,18053.6517,18083.4762,0
20298,352.38,18053.6496,18083.4762,0
20299,352.41,18053.6496,18083.4762,0
20300,352.46,18053.6517,18083.4762,0
20303,352.47,18053.6517,18083.4762,0
20304,352.50,18053.6517,18083.4762,0
20306,352.53,18053.6517,18083.4762,0
20307,352.53,18053.6517,18083.4762,0
20308,352.53,18053.6517,18083.4762,0
20309,352.53,18053.6517,18083.4762,0
20310,352.53,18053.6517,18083.4762,0
20311,352.53,18053.6517,18083.4762,0
20312,352.53,18053.6517,18083.4762,0
20313,352.53,18053.6517,18083.4762,0
20314,352.53,18053.6517,18083.4762,0
20315,352.53,18053.6517,18083.4762,0
20316,352.53,18053.6517,18083.4762,0
20318,352.53,18053.6517,18083.4762,0
20319,352.53,18053.6517,18083.4762,0
20322,352.58,18053.6496,18083.4762,0
20323,352.61,18053.6496,18083.4762,0
20324,352.62,18053.6496,18083.4762,0
20325,352.66,18053.6517,18083.4762,0
20326,352.67,18053.6517,18083.4762,0
20327,352.70,18053.6517,18083.4762,0
20328,352.70,18053.6517,18083.4762,0
20329,352.70,18053.6517,18083.4762,0
20330,352.70,18053.6517,18083.4762,0
20332,352.71,18053.6517,18083.4762,0
20333,352.75,18053.6496,18083.4762,0
20334,352.79,18053.6496,18083.4762,0
20335,352.85,18053.6517,18083.4762,0
20336,352.88,18053.6517,18083.4762,0
20338,352.92,18053.6517,18083.4762,0
20340,352.93,18053.6517,18083.4762,0
20341,352.93,18053.6517,18083.4762,0
20342,352.93,18053.6517,18083.4762,0
20343,352.93,18053.6517,18083.4762,0
20344,352.97,18053.6496,18083.4762,0
20345,353.00,18053.6496,18083.4762,0
20346,353.01,18053.6496,18083.4762,0
20349,353.01,18053.6496,18083.4762,0
20350,353.01,18053.6496,18083.4762,0
20351,353.01,18053.6496,18083.4762,0
20353,353.05,18053.6517,18083.4762,0
20355,353.14,18053.6496,18083.4762,0
20356,353.17,18053.6496,18083.4762,0
20357,353.17,18053.6496,18083.4762,0
20359,353.22,18053.6517,18083.4762,0
20361,353.30,18053.6496,18083.4762,0
20362,353.33,18053.6496,18083.4762,0
20364,353.34,18053.6496,18083.4762,0
20365,353.41,18053.6517,18083.4762,0
20366,353.42,18053.6517,18083.4762,0
20367,353.42,18053.6517,18083.4762,0
20368,353.42,18053.6517,18083.4762,0
20371,353.42,18053.6517,18083.4762,0
20372,353.46,18053.6517,18083.4762,0
20374,353.49,18053.6517,18083.4762,0
20375,353.49,18053.6517,18083.4762,0
20377,353.49,18053.6517,18083.4762,0
20378,353.49,18053.6517,18083.4762,0
20379,353.49,18053.6517,18083.4762,0
20380,353.49,18053.6517,18083.4762,0
20381,353.53,18053.6496,18083.4762,0
20382,353.57,18053.6496,18083.4762,0
20383,353.57,18053.6496,18083.4762,0
20386,353.58,18053.6496,18083.4762,0
20387,353.58,18053.6496,18083.4762,0
20388,353.58,18053.6496,18083.4762,0
20389,353.58,18053.6496,18083.4762,0
20390,353.58,18053.6496,18083.4762,0
20392,353.61,18053.6496,18083.4762,0
20393,353.61,18053.6496,18083.4762,0
20395,353.65,18053.6517,18083.4762,0
20396,353.69,18053.6517,18083.4762,0
20397,353.69,18053.6517,18083.4762,0
20398,353.72,18053.6517,18083.4762,0
20400,353.73,18053.6517,18083.4762,0
20401,353.73,18053.6517,18083.4762,0
20402,353.73,18053.6517,18083.4762,0
20403,353.73,18053.6517,18083.4762,0
20405,353.73,18053.6517,18083.4762,0
20406,353.73,18053.6517,18083.4762,0
20407,353.77,18053.6496,18083.4762,0
20408,353.85,18053.6517,18083.4762,0
20409,353.88,18053.6517,18083.4762,0
20410,353.91,18053.6517,18083.4762,0
20411,353.92,18053.6517,18083.4762,0
20412,353.92,18053.6517,18083.4762,0
20414,353.92,18053.6517,18083.4762,0
20415,353.92,18053.6517,18083.4762,0
20416,353.92,18053.6517,18083.4762,0
20417,353.92,18053.6517,18083.4762,0
20418,353.92,18053.6517,18083.4762,0
20419,353.92,18053.6517,18083.4762,0
20420,353.92,18053.6517,18083.4762,0
20421,353.97,18053.6496,18083.4762,0
20423,354.01,18053.6496,18083.4762,0
20424,354.01,18053.6496,18083.4762,0
20425,354.04,18053.6496,18083.4762,0
20426,354.04,18053.6496,18083.4762,0
20427,354.09,18053.6517,18083.4762,0
20429,354.12,18053.6517,18083.4762,0
20430,354.16,18053.6517,18083.4762,0
20431,354.16,18053.6517,18083.4762,0
20432,354.16,18053.6517,18083.4762,0
20433,354.16,18053.6517,18083.4762,0
20434,354.16,18053.6517,18083.4762,0
20435,354.16,18053.6517,18083.4762,0
20436,354.16,18053.6517,18083.4762,0
20437,354.16,18053.6517,18083.4762,0
20438,354.21,18053.6496,18083.4762,0
20439,354.21,18053.6496,18083.4762,0
20440,354.25,18053.6496,18083.4762,0
20441,354.28,18053.6496,18083.4762,0
20442,354.28,18053.6496,18083.4762,0
20443,354.28,18053.6496,18083.4762,0
20445,354.28,18053.6496,18083.4762,0
20447,354.33,18053.6517,18083.4762,0
20449,354.36,18053.6517,18083.4762,0
20450,354.37,18053.6517,18083.4762,0
20452,354.45,18053.6496,18083.4762,0
20453,354.45,18053.6496,18083.4762,0
20454,354.45,18053.6496,18083.4762,0
20455,354.49,18053.6496,18083.4762,0
20456,354.49,18053.6496,18083.4762,0
20457,354.49,18053.6496,18083.4762,0
20458,354.49,18053.6496,18083.4762,0
20461,354.49,18053.6496,18083.4762,0
20463,354.56,18053.6517,18083.4762,0
20464,354.57,18053.6517,18083.4762,0
20466,354.61,18053.6517,18083.4762,0
20467,354.64,18053.6517,18083.4762,0
20468,354.64,18053.6517,18083.4762,0
20469,354.64,18053.6517,18083.4762,0
20471,354.68,18053.6496,18083.4762,0
20472,354.72,18053.6496,18083.4762,0
20473,354.72,18053.6496,18083.4762,0
20475,354.76,18053.6496,18083.4762,0
20476,354.80,18053.6517,18083.4762,0
20477,354.84,18053.6517,18083.4762,0
20479,354.87,18053.6517,18083.4762,0
20480,354.87,18053.6517,18083.4762,0
20481,354.92,18053.6496,18083.4762,0
20485,354.96,18053.6496,18083.4762,0
20486,354.96,18053.6496,18083.4762,0
20487,354.99,18053.6496,18083.4762,0
20488,355.00,18053.6496,18083.4762,0
20489,355.00,18053.6496,18083.4762,0
20490,355.00,18053.6496,18083.4762,0
20491,355.04,18053.6517,18083.4762,0
20492,355.07,18053.6517,18083.4762,0
20496,355.11,18053.6517,18083.4762,0
20499,355.11,18053.6517,18083.4762,0
20500,355.11,18053.6517,18083.4762,0
20501,355.15,18053.6496,18083.4762,0
20502,355.16,18053.6496,18083.4762,0
20503,355.19,18053.6496,18083.4762,0
20504,355.19,18053.6496,18083.4762,0
20505,355.19,18053.6496,18083.4762,0
20506,355.19,18053.6496,18083.4762,0
20507,355.23,18053.6496,18083.4762,0
20509,355.23,18053.6496,18083.4762,0
20510,355.23,18053.6496,18083.4762,0
20515,355.23,18053.6496,18083.4762,0
20517,355.27,18053.6517,18083.4762,0
20518,355.28,18053.6517,18083.4762,0
20519,355.35,18053.6496,18083.4762,0
20520,355.39,18053.6496,18083.4762,0
20521,355.42,18053.6496,18083.4762,0
20522,355.42,18053.6496,18083.4762,0
20523,355.42,18053.6496,18083.4762,0
20527,355.47,18053.6517,18083.4762,0
20529,355.48,18053.6517,18083.4762,0
20530,355.48,18053.6517,18083.4762,0
20531,355.48,18053.6517,18083.4762,0
20532,355.51,18053.6517,18083.4762,0
20533,355.56,18053.6496,18083.4762,0
20534,355.59,18053.6496,18083.4762,0
20535,355.63,18053.6496,18083.4762,0
20536,355.67,18053.6517,18083.4762,0
20537,355.70,18053.6517,18083.4762,0
20539,355.71,18053.6517,18083.4762,0
20541,355.71,18053.6517,18083.4762,0
20543,355.74,18053.6517,18083.4762,0
20545,355.74,18053.6517,18083.4762,0
20548,355.74,18053.6517,18083.4762,0
20549,355.74,18053.6517,18083.4762,0
20550,355.74,18053.6517,18083.4762,0
20551,355.79,18053.6496,18083.4762,0
20552,355.86,18053.6517,18083.4762,0
20553,355.94,18053.6496,18083.4762,0
20554,355.95,18053.6496,18083.4762,0
20555,355.98,18053.6496,18083.4762,0
20557,355.98,18053.6496,18083.4762,0
20558,356.02,18053.6496,18083.4762,0
20560,356.02,18053.6496,18083.4762,0
20561,356.02,18053.6496,18083.4762,0
20562,356.02,18053.6496,18083.4762,0
20563,356.06,18053.6517,18083.4762,0
20565,356.10,18053.6517,18083.4762,0
20566,356.18,18053.6496,18083.4762,0
20568,356.19,18053.6496,18083.4762,0
20570,356.22,18053.6496,18083.4762,0
20574,356.25,18053.6496,18083.4762,0
20575,356.25,18053.6496,18083.4762,0
20576,356.25,18053.6496,18083.4762,0
20577,356.30,18053.6517,18083.4762,0
20578,356.30,18053.6517,18083.4762,0
20581,356.34,18053.6517,18083.4762,0
20583,356.34,18053.6517,18083.4762,0
20584,356.34,18053.6517,18083.4762,0
20586,356.37,18053.6517,18083.4762,0
20587,356.37,18053.6517,18083.4762,0
20588,356.37,18053.6517,18083.4762,0
20589,356.41,18053.6496,18083.4762,0
20591,356.45,18053.6496,18083.4762,0
20592,356.46,18053.6496,18083.4762,0
20593,356.46,18053.6496,18083.4762,0
20594,356.46,18053.6496,18083.4762,0
20595,356.46,18053.6496,18083.4762,0
20596,356.46,18053.6496,18083.4762,0
20597,356.46,18053.6496,18083.4762,0
20598,356.46,18053.6496,18083.4762,0
20601,356.53,18053.6517,18083.4762,0
20603,356.57,18053.6517,18083.4762,0
20604,356.61,18053.6517,18083.4762,0
20605,356.61,18053.6517,18083.4762,0
20606,356.61,18053.6517,18083.4762,0
20610,356.65,18053.6496,18083.4762,0
20611,356.68,18053.6496,18083.4762,0
20612,356.68,18053.6496,18083.4762,0
20613,356.72,18053.6496,18083.4762,0
20614,356.76,18053.6517,18083.4762,0
20616,356.80,18053.6517,18083.4762,0
20617,356.80,18053.6517,18083.4762,0
20618,356.80,18053.6517,18083.4762,0
20619,356.80,18053.6517,18083.4762,0
20621,356.80,18053.6517,18083.4762,0
20624,356.80,18053.6517,18083.4762,0
20625,356.80,18053.6517,18083.4762,0
20626,356.80,18053.6517,18083.4762,0
20627,356.84,18053.6517,18083.4762,0
20629,356.84,18053.6517,18083.4762,0
20630,356.84,18053.6517,18083.4762,0
20631,356.88,18053.6496,18083.4762,0
20632,356.88,18053.6496,18083.4762,0
20633,356.92,18053.6496,18083.4762,0
20635,356.92,18053.6496,18083.4762,0
20636,356.92,18053.6496,18083.4762,0
20637,356.92,18053.6496,18083.4762,0
20638,356.96,18053.6496,18083.4762,0
20639,356.96,18053.6496,18083.4762,0
20640,357.00,18053.6517,18083.4762,0
20641,357.03,18053.6517,18083.4762,0
20643,357.08,18053.6496,18083.4762,0
20644,357.11,18053.6496,18083.4762,0
20645,357.15,18053.6496,18083.4762,0
20646,357.15,18053.6496,18083.4762,0
20647,357.15,18053.6496,18083.4762,0
20648,357.15,18053.6496,18083.4762,0
20649,357.15,18053.6496,18083.4762,0
20650,357.15,18053.6496,18083.4762,0
20651,357.15,18053.6496,18083.4762,0
20652,357.15,18053.6496,18083.4762,0
20653,357.15,18053.6496,18083.4762,0
20654,357.19,18053.6517,18083.4762,0
20656,357.23,18053.6517,18083.4762,0
20657,357.24,18053.6517,18083.4762,0
20658,357.27,18053.6517,18083.4762,0
20659,357.27,18053.6517,18083.4762,0
20660,357.27,18053.6517,18083.4762,0
20662,357.27,18053.6517,18083.4762,0
20664,357.31,18053.6496,18083.4762,0
20665,357.32,18053.6496,18083.4762,0
20666,357.35,18053.6496,18083.4762,0
20669,357.35,18053.6496,18083.4762,0
20670,357.43,18053.6517,18083.4762,0
20671,357.53,18053.6496,18083.4762,0
20673,357.56,18053.6496,18083.4762,0
20674,357.64,18053.6517,18083.4762,0
20675,357.72,18053.6496,18083.4762,0
20676,357.75,18053.6496,18083.4762,0
20677,357.76,18053.6496,18083.4762,0
20678,357.76,18053.6496,18083.4762,0
20680,357.80,18053.6517,18083.4762,0
20681,357.81,18053.6517,18083.4762,0
20683,357.85,18053.6517,18083.4762,0
20685,357.85,18053.6517,18083.4762,0
20686,357.85,18053.6517,18083.4762,0
20687,357.88,18053.6517,18083.4762,0
20688,357.88,18053.6517,18083.4762,0
20689,357.88,18053.6517,18083.4762,0
20690,357.88,18053.6517,18083.4762,0
20691,357.88,18053.6517,18083.4762,0
20693,357.88,18053.6517,18083.4762,0
20695,357.88,18053.6517,18083.4762,0
20698,357.88,18053.6517,18083.4762,0
20699,357.88,18053.6517,18083.4762,0
20700,357.88,18053.6517,18083.4762,0
20701,357.88,18053.6517,18083.4762,0
20702,357.88,18053.6517,18083.4762,0
20703,357.88,18053.6517,18083.4762,0
20705,357.88,18053.6517,18083.4762,0
20706,357.92,18053.6496,18083.4762,0
20707,358.00,18053.6517,18083.4762,0
20710,358.04,18053.6517,18083.4762,0
20711,358.08,18053.6496,18083.4762,0
20712,358.11,18053.6496,18083.4762,0
20713,358.12,18053.6496,18083.4762,0
20714,358.12,18053.6496,18083.4762,0
20716,358.16,18053.6496,18083.4762,0
20717,358.16,18053.6496,18083.4762,0
20719,358.20,18053.6517,18083.4762,0
20721,358.21,18053.6517,18083.4762,0
20722,358.24,18053.6517,18083.4762,0
20723,358.27,18053.6517,18083.4762,0
20726,358.27,18053.6517,18083.4762,0
20727,358.27,18053.6517,18083.4762,0
20728,358.27,18053.6517,18083.4762,0
20730,358.32,18053.6496,18083.4762,0
20731,358.35,18053.6496,18083.4762,0
20732,358.35,18053.6496,18083.4762,0
20733,358.39,18053.6517,18083.4762,0
20735,358.43,18053.6517,18083.4762,0
20736,358.47,18053.6517,18083.4762,0
20738,358.47,18053.6517,18083.4762,0
20739,358.51,18053.6496,18083.4762,0
20740,358.55,18053.6496,18083.4762,0
20741,358.55,18053.6496,18083.4762,0
20742,358.59,18053.6496,18083.4762,0
20743,358.59,18053.6496,18083.4762,0
20744,358.59,18053.6496,18083.4762,0
20745,358.63,18053.6517,18083.4762,0
20748,358.67,18053.6517,18083.4762,0
20750,358.70,18053.6517,18083.4762,0
20751,358.70,18053.6517,18083.4762,0
20753,358.74,18053.6496,18083.4762,0
20754,358.75,18053.6496,18083.4762,0
20755,358.78,18053.6496,18083.4762,0
20757,358.82,18053.6496,18083.4762,0
20758,358.82,18053.6496,18083.4762,0
20759,358.82,18053.6496,18083.4762,0
20760,358.82,18053.6496,18083.4762,0
20764,358.82,18053.6496,18083.4762,0
20765,358.82,18053.6496,18083.4762,0
20767,358.86,18053.6517,18083.4762,0
20768,358.94,18053.6496,18083.4762,0
20769,358.94,18053.6496,18083.4762,0
20773,358.98,18053.6496,18083.4762,0
20775,358.98,18053.6496,18083.4762,0
20776,358.98,18053.6496,18083.4762,0
20777,359.01,18053.6496,18083.4762,0
20779,359.01,18053.6496,18083.4762,0
20781,359.01,18053.6496,18083.4762,0
20782,359.01,18053.6496,18083.4762,0
20783,359.01,18053.6496,18083.4762,0
20784,359.01,18053.6496,18083.4762,0
20785,359.01,18053.6496,18083.4762,0
20786,359.06,18053.6517,18083.4762,0
20787,359.09,18053.6517,18083.4762,0
20790,359.10,18053.6517,18083.4762,0
20791,359.10,18053.6517,18083.4762,0
20792,359.10,18053.6517,18083.4762,0
20793,359.14,18053.6496,18083.4762,0
20794,359.18,18053.6496,18083.4762,0
20795,359.18,18053.6496,18083.4762,0
20796,359.18,18053.6496,18083.4762,0
20798,359.26,18053.6517,18083.4762,0
20799,359.30,18053.6517,18083.4762,0
20800,359.34,18053.6496,18083.4762,0
20801,359.37,18053.6496,18083.4762,0
20802,359.37,18053.6496,18083.4762,0
20804,359.41,18053.6496,18083.4762,0
20805,359.45,18053.6517,18083.4762,0
20806,359.46,18053.6517,18083.4762,0
20808,359.50,18053.6517,18083.4762,0
20809,359.57,18053.6496,18083.4762,0
20810,359.58,18053.6496,18083.4762,0
20811,359.61,18053.6496,18083.4762,0
20813,359.61,18053.6496,18083.4762,0
20814,359.69,18053.6517,18083.4762,0
20817,359.73,18053.6517,18083.4762,0
20818,359.76,18053.6517,18083.4762,0
20820,359.77,18053.6517,18083.4762,0
20821,359.77,18053.6517,18083.4762,0
20822,359.81,18053.6496,18083.4762,0
20823,359.82,18053.6496,18083.4762,0
20824,359.82,18053.6496,18083.4762,0
20826,359.90,18053.6517,18083.4762,0
20827,359.90,18053.6517,18083.4762,0
20828,359.90,18053.6517,18083.4762,0
20829,359.93,18053.6517,18083.4762,0
20830,359.93,18053.6517,18083.4762,0
20831,359.98,18053.6496,18083.4762,0
20832,359.98,18053.6496,18083.4762,0
20836,360.06,18053.6517,18083.4762,0
20838,360.07,18053.6517,18083.4762,0
20839,360.07,18053.6517,18083.4762,0
20840,360.10,18053.6517,18083.4762,0
20841,360.10,18053.6517,18083.4762,0
20842,360.10,18053.6517,18083.4762,0
20845,360.14,18053.6517,18083.4762,0
20846,360.14,18053.6517,18083.4762,0
20848,360.14,18053.6517,18083.4762,0
20849,360.14,18053.6517,18083.4762,0
20850,360.18,18053.6496,18083.4762,0
20851,360.21,18053.6496,18083.4762,0
20852,360.25,18053.6496,18083.4762,0
20853,360.25,18053.6496,18083.4762,0
20854,360.25,18053.6496,18083.4762,0
20855,360.29,18053.6517,18083.4762,0
20856,360.30,18053.6517,18083.4762,0
20857,360.37,18053.6496,18083.4762,0
20858,360.45,18053.6517,18083.4762,0
20860,360.46,18053.6517,18083.4762,0
20861,360.49,18053.6517,18083.4762,0
20862,360.53,18053.6517,18083.4762,0
20864,360.53,18053.6517,18083.4762,0
20865,360.53,18053.6517,18083.4762,0
20866,360.53,18053.6517,18083.4762,0
20867,360.53,18053.6517,18083.4762,0
20871,360.53,18053.6517,18083.4762,0
20872,360.57,18053.6496,18083.4762,0
20873,360.65,18053.6517,18083.4762,0
20874,360.65,18053.6517,18083.4762,0
20875,360.68,18053.6517,18083.4762,0
20876,360.73,18053.6496,18083.4762,0
20877,360.81,18053.6517,18083.4762,0
20878,360.84,18053.6517,18083.4762,0
20879,360.84,18053.6517,18083.4762,0
20880,360.87,18053.6517,18083.4762,0
20881,360.88,18053.6517,18083.4762,0
20882,360.88,18053.6517,18083.4762,0
20883,360.88,18053.6517,18083.4762,0
20884,360.88,18053.6517,18083.4762,0
20886,360.92,18053.6496,18083.4762,0
20889,360.96,18053.6496,18083.4762,0
20890,360.99,18053.6496,18083.4762,0
20893,360.99,18053.6496,18083.4762,0
20894,360.99,18053.6496,18083.4762,0
20895,360.99,18053.6496,18083.4762,0
20896,361.00,18053.6496,18083.4762,0
20897,361.00,18053.6496,18083.4762,0
20898,361.00,18053.6496,18083.4762,0
20899,361.04,18053.6517,18083.4762,0
20900,361.07,18053.6517,18083.4762,0
20902,361.08,18053.6517,18083.4762,0
20903,361.08,18053.6517,18083.4762,0
20904,361.08,18053.6517,18083.4762,0
20906,361.08,18053.6517,18083.4762,0
20907,361.12,18053.6517,18083.4762,0
20908,361.16,18053.6496,18083.4762,0
20911,361.17,18053.6496,18083.4762,0
20913,361.24,18053.6517,18083.4762,0
20914,361.28,18053.6517,18083.4762,0
20915,361.31,18053.6517,18083.4762,0
20916,361.35,18053.6496,18083.4762,0
20918,361.39,18053.6496,18083.4762,0
20919,361.39,18053.6496,18083.4762,0
20920,361.43,18053.6517,18083.4762,0
20921,361.44,18053.6517,18083.4762,0
20922,361.47,18053.6517,18083.4762,0
20923,361.51,18053.6517,18083.4762,0
20924,361.51,18053.6517,18083.4762,0
20925,361.51,18053.6517,18083.4762,0
20926,361.51,18053.6517,18083.4762,0
20927,361.51,18053.6517,18083.4762,0
20928,361.51,18053.6517,18083.4762,0
20929,361.51,18053.6517,18083.4762,0
20930,361.55,18053.6496,18083.4762,0
20931,361.63,18053.6517,18083.4762,0
20932,361.63,18053.6517,18083.4762,0
20933,361.67,18053.6517,18083.4762,0
20934,361.67,18053.6517,18083.4762,0
20935,361.70,18053.6517,18083.4762,0
20939,361.75,18053.6496,18083.4762,0
20940,361.78,18053.6496,18083.4762,0
20941,361.79,18053.6496,18083.4762,0
20943,361.87,18053.6517,18083.4762,0
20947,361.87,18053.6517,18083.4762,0
20948,361.91,18053.6517,18083.4762,0
20949,361.91,18053.6517,18083.4762,0
20951,361.95,18053.6496,18083.4762,0
20952,361.99,18053.6496,18083.4762,0
20953,361.99,18053.6496,18083.4762,0
20954,362.06,18053.6517,18083.4762,0
20956,362.07,18053.6517,18083.4762,0
20957,362.07,18053.6517,18083.4762,0
20959,362.07,18053.6517,18083.4762,0
20960,362.07,18053.6517,18083.4762,0
20961,362.15,18053.6496,18083.4762,0
20962,362.15,18053.6496,18083.4762,0
20964,362.19,18053.6496,18083.4762,0
20965,362.22,18053.6496,18083.4762,0
20966,362.22,18053.6496,18083.4762,0
20969,362.22,18053.6496,18083.4762,0
20970,362.22,18053.6496,18083.4762,0
20971,362.27,18053.6517,18083.4762,0
20972,362.27,18053.6517,18083.4762,0
20973,362.35,18053.6496,18083.4762,0
20974,362.38,18053.6496,18083.4762,0
20976,362.42,18053.6496,18083.4762,0
20979,362.42,18053.6496,18083.4762,0
20980,362.46,18053.6517,18083.4762,0
20983,362.47,18053.6517,18083.4762,0
20985,362.47,18053.6517,18083.4762,0
20986,362.51,18053.6517,18083.4762,0
20987,362.51,18053.6517,18083.4762,0
20988,362.55,18053.6496,18083.4762,0
20990,362.56,18053.6496,18083.4762,0
20991,362.63,18053.6517,18083.4762,0
20992,362.64,18053.6517,18083.4762,0
20993,362.71,18053.6496,18083.4762,0
20994,362.75,18053.6496,18083.4762,0
20995,362.75,18053.6496,18083.4762,0
20996,362.79,18053.6496,18083.4762,0
20997,362.83,18053.6517,18083.4762,0
20998,362.86,18053.6517,18083.4762,0
20999,362.90,18053.6517,18083.4762,0
21000,362.90,18053.6517,18083.4762,0
21001,362.90,18053.6517,18083.4762,0
21002,362.90,18053.6517,18083.4762,0
21004,362.91,18053.6517,18083.4762,0
21005,362.95,18053.6496,18083.4762,0
21007,362.99,18053.6496,18083.4762,0
21008,362.99,18053.6496,18083.4762,0
21010,363.07,18053.6517,18083.4762,0
21011,363.10,18053.6517,18083.4762,0
21012,363.11,18053.6517,18083.4762,0
21013,363.11,18053.6517,18083.4762,0
21015,363.11,18053.6517,18083.4762,0
21017,363.15,18053.6496,18083.4762,0
21018,363.16,18053.6496,18083.4762,0
21019,363.16,18053.6496,18083.4762,0
21020,363.19,18053.6496,18083.4762,0
21021,363.19,18053.6496,18083.4762,0
21022,363.27,18053.6517,18083.4762,0
21023,363.27,18053.6517,18083.4762,0
21024,363.35,18053.6496,18083.4762,0
21026,363.39,18053.6496,18083.4762,0
21027,363.39,18053.6496,18083.4762,0
21030,363.43,18053.6496,18083.4762,0
21031,363.43,18053.6496,18083.4762,0
21032,363.43,18053.6496,18083.4762,0
21033,363.43,18053.6496,18083.4762,0
21034,363.48,18053.6517,18083.4762,0
21035,363.52,18053.6517,18083.4762,0
21036,363.56,18053.6496,18083.4762,0
21037,363.64,18053.6517,18083.4762,0
21038,363.67,18053.6517,18083.4762,0
21039,363.75,18053.6496,18083.4762,0
21040,363.78,18053.6496,18083.4762,0
21041,363.78,18053.6496,18083.4762,0
21043,363.79,18053.6496,18083.4762,0
21044,363.82,18053.6496,18083.4762,0
21045,363.82,18053.6496,18083.4762,0
21046,363.82,18053.6496,18083.4762,0
21047,363.82,18053.6496,18083.4762,0
21048,363.82,18053.6496,18083.4762,0
21049,363.89,18053.6517,18083.4762,0
21050,363.92,18053.6517,18083.4762,0
21051,363.93,18053.6517,18083.4762,0
21052,363.93,18053.6517,18083.4762,0
21053,364.00,18053.6496,18083.4762,0
21054,364.01,18053.6496,18083.4762,0
21055,364.04,18053.6496,18083.4762,0
21056,364.08,18053.6496,18083.4762,0
21057,364.08,18053.6496,18083.4762,0
21059,364.08,18053.6496,18083.4762,0
21060,364.08,18053.6496,18083.4762,0
21062,364.08,18053.6496,18083.4762,0
21064,364.12,18053.6517,18083.4762,0
21065,364.16,18053.6517,18083.4762,0
21066,364.23,18053.6496,18083.4762,0
21068,364.27,18053.6496,18083.4762,0
21069,364.31,18053.6517,18083.4762,0
21070,364.35,18053.6517,18083.4762,0
21072,364.43,18053.6496,18083.4762,0
21073,364.43,18053.6496,18083.4762,0
21075,364.47,18053.6496,18083.4762,0
21076,364.47,18053.6496,18083.4762,0
21078,364.47,18053.6496,18083.4762,0
21079,364.51,18053.6517,18083.4762,0
21081,364.52,18053.6517,18083.4762,0
21082,364.52,18053.6517,18083.4762,0
21083,364.52,18053.6517,18083.4762,0
21084,364.52,18053.6517,18083.4762,0
21085,364.56,18053.6517,18083.4762,0
21086,364.59,18053.6517,18083.4762,0
21087,364.59,18053.6517,18083.4762,0
21088,364.59,18053.6517,18083.4762,0
21091,364.59,18053.6517,18083.4762,0
21092,364.59,18053.6517,18083.4762,0
21094,364.63,18053.6496,18083.4762,0
21095,364.64,18053.6496,18083.4762,0
21097,364.64,18053.6496,18083.4762,0
21099,364.64,18053.6496,18083.4762,0
21101,364.64,18053.6496,18083.4762,0
21102,364.64,18053.6496,18083.4762,0
21103,364.68,18053.6496,18083.4762,0
21104,364.71,18053.6496,18083.4762,0
21106,364.75,18053.6517,18083.4762,0
21110,364.83,18053.6496,18083.4762,0
21111,364.87,18053.6496,18083.4762,0
21112,364.87,18053.6496,18083.4762,0
21113,364.90,18053.6496,18083.4762,0
21114,364.90,18053.6496,18083.4762,0
21115,364.94,18053.6517,18083.4762,0
21116,364.98,18053.6517,18083.4762,0
21117,364.98,18053.6517,18083.4762,0
21118,364.98,18053.6517,18083.4762,0
21119,364.98,18053.6517,18083.4762,0
21120,365.02,18053.6517,18083.4762,0
21121,365.02,18053.6517,18083.4762,0
21122,365.02,18053.6517,18083.4762,0
21123,365.02,18053.6517,18083.4762,0
21125,365.02,18053.6517,18083.4762,0
21126,365.02,18053.6517,18083.4762,0
21127,365.02,18053.6517,18083.4762,0
21128,365.06,18053.6496,18083.4762,0
21129,365.14,18053.6517,18083.4762,0
21130,365.14,18053.6517,18083.4762,0
21132,365.18,18053.6517,18083.4762,0
21133,365.21,18053.6517,18083.4762,0
21134,365.21,18053.6517,18083.4762,0
21135,365.21,18053.6517,18083.4762,0
21136,365.21,18053.6517,18083.4762,0
21137,365.21,18053.6517,18083.4762,0
21138,365.21,18053.6517,18083.4762,0
21139,365.21,18053.6517,18083.4762,0
21140,365.26,18053.6496,18083.4762,0
21142,365.30,18053.6496,18083.4762,0
21144,365.37,18053.6517,18083.4762,0
21146,365.41,18053.6517,18083.4762,0
21147,365.41,18053.6517,18083.4762,0
21149,365.45,18053.6517,18083.4762,0
21150,365.45,18053.6517,18083.4762,0
21151,365.49,18053.6496,18083.4762,0
21152,365.52,18053.6496,18083.4762,0
21153,365.53,18053.6496,18083.4762,0
21154,365.56,18053.6496,18083.4762,0
21155,365.56,18053.6496,18083.4762,0
21157,365.61,18053.6517,18083.4762,0
21158,365.68,18053.6496,18083.4762,0
21160,365.77,18053.6517,18083.4762,0
21161,365.80,18053.6517,18083.4762,0
21162,365.80,18053.6517,18083.4762,0
21163,365.80,18053.6517,18083.4762,0
21164,365.80,18053.6517,18083.4762,0
21165,365.84,18053.6517,18083.4762,0
21167,365.84,18053.6517,18083.4762,0
21168,365.84,18053.6517,18083.4762,0
21169,365.88,18053.6496,18083.4762,0
21170,365.89,18053.6496,18083.4762,0
21171,365.92,18053.6496,18083.4762,0
21173,366.00,18053.6517,18083.4762,0
21177,366.01,18053.6517,18083.4762,0
21178,366.05,18053.6517,18083.4762,0
21179,366.05,18053.6517,18083.4762,0
21183,366.05,18053.6517,18083.4762,0
21184,366.08,18053.6517,18083.4762,0
21185,366.08,18053.6517,18083.4762,0
21187,366.08,18053.6517,18083.4762,0
21188,366.08,18053.6517,18083.4762,0
21190,366.08,18053.6517,18083.4762,0
21192,366.08,18053.6517,18083.4762,0
21193,366.08,18053.6517,18083.4762,0
21194,366.08,18053.6517,18083.4762,0
21197,366.12,18053.6496,18083.4762,0
21198,366.13,18053.6496,18083.4762,0
21199,366.13,18053.6496,18083.4762,0
21200,366.13,18053.6496,18083.4762,0
21201,366.16,18053.6496,18083.4762,0
21202,366.16,18053.6496,18083.4762,0
21204,366.16,18053.6496,18083.4762,0
21205,366.21,18053.6517,18083.4762,0
21206,366.21,18053.6517,18083.4762,0
21208,366.25,18053.6517,18083.4762,0
21209,366.25,18053.6517,18083.4762,0
21210,366.29,18053.6496,18083.4762,0
21211,366.30,18053.6496,18083.4762,0
21212,366.30,18053.6496,18083.4762,0
21213,366.33,18053.6496,18083.4762,0
21214,366.33,18053.6496,18083.4762,0
21215,366.33,18053.6496,18083.4762,0
21217,366.41,18053.6517,18083.4762,0
21218,366.44,18053.6517,18083.4762,0
21220,366.48,18053.6517,18083.4762,0
21221,366.52,18053.6496,18083.4762,0
21222,366.56,18053.6496,18083.4762,0
21223,366.56,18053.6496,18083.4762,0
21224,366.56,18053.6496,18083.4762,0
21225,366.60,18053.6496,18083.4762,0
21226,366.60,18053.6496,18083.4762,0
21227,366.60,18053.6496,18083.4762,0
21228,366.60,18053.6496,18083.4762,0
21231,366.60,18053.6496,18083.4762,0
21232,366.60,18053.6496,18083.4762,0
21233,366.60,18053.6496,18083.4762,0
21234,366.60,18053.6496,18083.4762,0
21235,366.64,18053.6517,18083.4762,0
21236,366.65,18053.6517,18083.4762,0
21237,366.68,18053.6517,18083.4762,0
21239,366.69,18053.6517,18083.4762,0
21240,366.69,18053.6517,18083.4762,0
21241,366.69,18053.6517,18083.4762,0
21242,366.69,18053.6517,18083.4762,0
21243,366.69,18053.6517,18083.4762,0
21244,366.69,18053.6517,18083.4762,0
21245,366.69,18053.6517,18083.4762,0
21246,366.69,18053.6517,18083.4762,0
21247,366.72,18053.6517,18083.4762,0
21248,366.72,18053.6517,18083.4762,0
21251,366.72,18053.6517,18083.4762,0
21252,366.72,18053.6517,18083.4762,0
21253,366.72,18053.6517,18083.4762,0
21258,366.72,18053.6517,18083.4762,0
21259,366.72,18053.6517,18083.4762,0
21260,366.76,18053.6496,18083.4762,0
21261,366.80,18053.6496,18083.4762,0
21263,366.80,18053.6496,18083.4762,0
21264,366.80,18053.6496,18083.4762,0
21265,366.81,18053.6496,18083.4762,0
21266,366.84,18053.6496,18083.4762,0
21267,366.84,18053.6496,18083.4762,0
21268,366.88,18053.6517,18083.4762,0
21269,366.96,18053.6496,18083.4762,0
21271,367.00,18053.6496,18083.4762,0
21272,367.03,18053.6496,18083.4762,0
21274,367.03,18053.6496,18083.4762,0
21275,367.03,18053.6496,18083.4762,0
21277,367.03,18053.6496,18083.4762,0
21278,367.07,18053.6517,18083.4762,0
21279,367.11,18053.6517,18083.4762,0
21280,367.14,18053.6517,18083.4762,0
21281,367.15,18053.6517,18083.4762,0
21282,367.19,18053.6496,18083.4762,0
21284,367.23,18053.6496,18083.4762,0
21285,367.27,18053.6517,18083.4762,0
21287,367.35,18053.6496,18083.4762,0
21288,367.39,18053.6496,18083.4762,0
21290,367.39,18053.6496,18083.4762,0
21292,367.43,18053.6517,18083.4762,0
21293,367.47,18053.6517,18083.4762,0
21294,367.47,18053.6517,18083.4762,0
21295,367.50,18053.6517,18083.4762,0
21296,367.50,18053.6517,18083.4762,0
21297,367.50,18053.6517,18083.4762,0
21298,367.50,18053.6517,18083.4762,0
21299,367.55,18053.6496,18083.4762,0
21300,367.58,18053.6496,18083.4762,0
21303,367.62,18053.6496,18083.4762,0
21304,367.62,18053.6496,18083.4762,0
21305,367.66,18053.6517,18083.4762,0
21306,367.74,18053.6496,18083.4762,0
21307,367.74,18053.6496,18083.4762,0
21308,367.74,18053.6496,18083.4762,0
21309,367.78,18053.6496,18083.4762,0
21311,367.78,18053.6496,18083.4762,0
21312,367.82,18053.6517,18083.4762,0
21313,367.90,18053.6496,18083.4762,0
21315,367.91,18053.6496,18083.4762,0
21316,367.91,18053.6496,18083.4762,0
21317,367.94,18053.6496,18083.4762,0
21319,367.94,18053.6496,18083.4762,0
21320,367.94,18053.6496,18083.4762,0
21321,367.98,18053.6496,18083.4762,0
21325,367.98,18053.6496,18083.4762,0
21326,367.98,18053.6496,18083.4762,0
21327,368.02,18053.6517,18083.4762,0
21328,368.05,18053.6517,18083.4762,0
21329,368.05,18053.6517,18083.4762,0
21330,368.05,18053.6517,18083.4762,0
21331,368.10,18053.6496,18083.4762,0
21332,368.10,18053.6496,18083.4762,0
21333,368.10,18053.6496,18083.4762,0
21334,368.13,18053.6496,18083.4762,0
21335,368.17,18053.6496,18083.4762,0
21337,368.17,18053.6496,18083.4762,0
21338,368.21,18053.6517,18083.4762,0
21339,368.22,18053.6517,18083.4762,0
21340,368.25,18053.6517,18083.4762,0
21342,368.33,18053.6496,18083.4762,0
21344,368.37,18053.6496,18083.4762,0
21345,368.45,18053.6517,18083.4762,0
21346,368.45,18053.6517,18083.4762,0
21347,368.49,18053.6517,18083.4762,0
21348,368.52,18053.6517,18083.4762,0
21349,368.52,18053.6517,18083.4762,0
21350,368.52,18053.6517,18083.4762,0
21351,368.52,18053.6517,18083.4762,0
21352,368.56,18053.6496,18083.4762,0
21353,368.60,18053.6496,18083.4762,0
21354,368.60,18053.6496,18083.4762,0
21355,368.65,18053.6517,18083.4762,0
21356,368.65,18053.6517,18083.4762,0
21357,368.68,18053.6517,18083.4762,0
21358,368.73,18053.6496,18083.4762,0
21359,368.76,18053.6496,18083.4762,0
21360,368.76,18053.6496,18083.4762,0
21361,368.79,18053.6496,18083.4762,0
21362,368.84,18053.6517,18083.4762,0
21363,368.87,18053.6517,18083.4762,0
21364,368.87,18053.6517,18083.4762,0
21365,368.88,18053.6517,18083.4762,0
21366,368.91,18053.6517,18083.4762,0
21368,368.91,18053.6517,18083.4762,0
21369,368.91,18053.6517,18083.4762,0
21370,368.96,18053.6496,18083.4762,0
21371,369.03,18053.6517,18083.4762,0
21372,369.07,18053.6517,18083.4762,0
21373,369.07,18053.6517,18083.4762,0
21374,369.10,18053.6517,18083.4762,0
21376,369.11,18053.6517,18083.4762,0
21378,369.11,18053.6517,18083.4762,0
21380,369.15,18053.6496,18083.4762,0
21381,369.18,18053.6496,18083.4762,0
21382,369.18,18053.6496,18083.4762,0
21383,369.22,18053.6496,18083.4762,0
21384,369.22,18053.6496,18083.4762,0
21385,369.22,18053.6496,18083.4762,0
21386,369.27,18053.6517,18083.4762,0
21388,369.30,18053.6517,18083.4762,0
21389,369.35,18053.6496,18083.4762,0
21390,369.35,18053.6496,18083.4762,0
21391,369.39,18053.6496,18083.4762,0
21392,369.39,18053.6496,18083.4762,0
21393,369.39,18053.6496,18083.4762,0
21394,369.39,18053.6496,18083.4762,0
21396,369.49,18053.6517,18083.4762,0
21397,369.52,18053.6517,18083.4762,0
21398,369.55,18053.6517,18083.4762,0
21400,369.56,18053.6517,18083.4762,0
21401,369.56,18053.6517,18083.4762,0
21402,369.56,18053.6517,18083.4762,0
21403,369.56,18053.6517,18083.4762,0
21405,369.56,18053.6517,18083.4762,0
21406,369.56,18053.6517,18083.4762,0
21407,369.56,18053.6517,18083.4762,0
21408,369.61,18053.6496,18083.4762,0
21409,369.61,18053.6496,18083.4762,0
21410,369.65,18053.6496,18083.4762,0
21411,369.65,18053.6496,18083.4762,0
21414,369.65,18053.6496,18083.4762,0
21415,369.68,18053.6496,18083.4762,0
21416,369.73,18053.6517,18083.4762,0
21417,369.80,18053.6496,18083.4762,0
21418,369.84,18053.6496,18083.4762,0
21421,369.84,18053.6496,18083.4762,0
21423,369.88,18053.6517,18083.4762,0
21424,369.92,18053.6517,18083.4762,0
21425,369.95,18053.6517,18083.4762,0
21426,369.95,18053.6517,18083.4762,0
21427,369.95,18053.6517,18083.4762,0
21428,369.95,18053.6517,18083.4762,0
21429,369.96,18053.6517,18083.4762,0
21431,369.96,18053.6517,18083.4762,0
21432,369.96,18053.6517,18083.4762,0
21433,369.96,18053.6517,18083.4762,0
21434,369.96,18053.6517,18083.4762,0
21435,370.00,18053.6496,18083.4762,0
21437,370.08,18053.6517,18083.4762,0
21438,370.09,18053.6517,18083.4762,0
21440,370.09,18053.6517,18083.4762,0
21441,370.09,18053.6517,18083.4762,0
21444,370.09,18053.6517,18083.4762,0
21445,370.17,18053.6496,18083.4762,0
21446,370.21,18053.6496,18083.4762,0
21447,370.21,18053.6496,18083.4762,0
21448,370.25,18053.6517,18083.4762,0
21449,370.29,18053.6517,18083.4762,0
21450,370.32,18053.6517,18083.4762,0
21451,370.32,18053.6517,18083.4762,0
21452,370.32,18053.6517,18083.4762,0
21453,370.32,18053.6517,18083.4762,0
21454,370.37,18053.6496,18083.4762,0
21456,370.40,18053.6496,18083.4762,0
21459,370.41,18053.6496,18083.4762,0
21460,370.41,18053.6496,18083.4762,0
21461,370.41,18053.6496,18083.4762,0
21462,370.41,18053.6496,18083.4762,0
21463,370.44,18053.6496,18083.4762,0
21464,370.49,18053.6517,18083.4762,0
21465,370.52,18053.6517,18083.4762,0
21466,370.52,18053.6517,18083.4762,0
21467,370.52,18053.6517,18083.4762,0
21468,370.60,18053.6496,18083.4762,0
21469,370.67,18053.6517,18083.4762,0
21470,370.68,18053.6517,18083.4762,0
21471,370.68,18053.6517,18083.4762,0
21472,370.68,18053.6517,18083.4762,0
21474,370.72,18053.6517,18083.4762,0
21475,370.72,18053.6517,18083.4762,0
21479,370.72,18053.6517,18083.4762,0
21480,370.72,18053.6517,18083.4762,0
21481,370.72,18053.6517,18083.4762,0
21482,370.79,18053.6496,18083.4762,0
21484,370.80,18053.6496,18083.4762,0
21485,370.80,18053.6496,18083.4762,0
21486,370.80,18053.6496,18083.4762,0
21487,370.84,18053.6496,18083.4762,0
21488,370.87,18053.6496,18083.4762,0
21489,370.87,18053.6496,18083.4762,0
21490,370.87,18053.6496,18083.4762,0
21492,370.87,18053.6496,18083.4762,0
21493,370.91,18053.6517,18083.4762,0
21495,370.92,18053.6517,18083.4762,0
21496,370.92,18053.6517,18083.4762,0
21497,370.95,18053.6517,18083.4762,0
21499,370.95,18053.6517,18083.4762,0
21500,370.99,18053.6517,18083.4762,0
21502,370.99,18053.6517,18083.4762,0
21504,371.03,18053.6496,18083.4762,0
21505,371.11,18053.6517,18083.4762,0
21509,371.12,18053.6517,18083.4762,0
21510,371.15,18053.6517,18083.4762,0
21512,371.18,18053.6517,18083.4762,0
21513,371.23,18053.6496,18083.4762,0
21514,371.26,18053.6496,18083.4762,0
21516,371.30,18053.6496,18083.4762,0
21518,371.30,18053.6496,18083.4762,0
21519,371.30,18053.6496,18083.4762,0
21520,371.34,18053.6517,18083.4762,0
21521,371.34,18053.6517,18083.4762,0
21523,371.38,18053.6517,18083.4762,0
21524,371.38,18053.6517,18083.4762,0
21525,371.38,18053.6517,18083.4762,0
21526,371.43,18053.6496,18083.4762,0
21527,371.43,18053.6496,18083.4762,0
21528,371.46,18053.6496,18083.4762,0
21529,371.50,18053.6496,18083.4762,0
21530,371.50,18053.6496,18083.4762,0
21533,371.50,18053.6496,18083.4762,0
21535,371.50,18053.6496,18083.4762,0
21536,371.50,18053.6496,18083.4762,0
21537,371.50,18053.6496,18083.4762,0
21538,371.50,18053.6496,18083.4762,0
21539,371.54,18053.6517,18083.4762,0
21541,371.58,18053.6517,18083.4762,0
21544,371.61,18053.6517,18083.4762,0
21545,371.61,18053.6517,18083.4762,0
21547,371.61,18053.6517,18083.4762,0
21548,371.61,18053.6517,18083.4762,0
21549,371.61,18053.6517,18083.4762,0
21550,371.61,18053.6517,18083.4762,0
21551,371.62,18053.6517,18083.4762,0
21552,371.62,18053.6517,18083.4762,0
21554,371.62,18053.6517,18083.4762,0
21555,371.62,18053.6517,18083.4762,0
21557,371.62,18053.6517,18083.4762,0
21560,371.66,18053.6496,18083.4762,0
21561,371.70,18053.6496,18083.4762,0
21563,371.78,18053.6517,18083.4762,0
21564,371.81,18053.6517,18083.4762,0
21565,371.82,18053.6517,18083.4762,0
21566,371.82,18053.6517,18083.4762,0
21569,371.85,18053.6517,18083.4762,0
21570,371.85,18053.6517,18083.4762,0
21571,371.90,18053.6496,18083.4762,0
21572,371.93,18053.6496,18083.4762,0
21574,371.94,18053.6496,18083.4762,0
21575,371.94,18053.6496,18083.4762,0
21576,371.94,18053.6496,18083.4762,0
21577,371.97,18053.6496,18083.4762,0
21580,371.97,18053.6496,18083.4762,0
21582,372.02,18053.6517,18083.4762,0
21583,372.02,18053.6517,18083.4762,0
21584,372.02,18053.6517,18083.4762,0
21586,372.06,18053.6517,18083.4762,0
21587,372.06,18053.6517,18083.4762,0
21588,372.09,18053.6517,18083.4762,0
21590,372.09,18053.6517,18083.4762,0
21592,372.09,18053.6517,18083.4762,0
21594,372.09,18053.6517,18083.4762,0
21595,372.09,18053.6517,18083.4762,0
21596,372.09,18053.6517,18083.4762,0
21597,372.09,18053.6517,18083.4762,0
21598,372.09,18053.6517,18083.4762,0
21599,372.14,18053.6496,18083.4762,0
21600,372.17,18053.6496,18083.4762,0
21601,372.21,18053.6517,18083.4762,0
21603,372.22,18053.6517,18083.4762,0
21605,372.25,18053.6517,18083.4762,0
21609,372.30,18053.6496,18083.4762,0
21610,372.33,18053.6496,18083.4762,0
21614,372.34,18053.6496,18083.4762,0
21615,372.34,18053.6496,18083.4762,0
21616,372.38,18053.6517,18083.4762,0
21618,372.39,18053.6517,18083.4762,0
21619,372.39,18053.6517,18083.4762,0
21620,372.43,18053.6517,18083.4762,0
21621,372.46,18053.6517,18083.4762,0
21622,372.46,18053.6517,18083.4762,0
21623,372.46,18053.6517,18083.4762,0
21624,372.46,18053.6517,18083.4762,0
21626,372.46,18053.6517,18083.4762,0
21628,372.46,18053.6517,18083.4762,0
21629,372.46,18053.6517,18083.4762,0
21630,372.46,18053.6517,18083.4762,0
21631,372.46,18053.6517,18083.4762,0
21632,372.46,18053.6517,18083.4762,0
21634,372.46,18053.6517,18083.4762,0
21635,372.46,18053.6517,18083.4762,0
21638,372.46,18053.6517,18083.4762,0
21639,372.46,18053.6517,18083.4762,0
21640,372.46,18053.6517,18083.4762,0
21641,372.46,18053.6517,18083.4762,0
21644,372.50,18053.6496,18083.4762,0
21645,372.58,18053.6517,18083.4762,0
21646,372.61,18053.6517,18083.4762,0
21648,372.62,18053.6517,18083.4762,0
21649,372.62,18053.6517,18083.4762,0
21651,372.66,18053.6517,18083.4762,0
21652,372.66,18053.6517,18083.4762,0
21653,372.66,18053.6517,18083.4762,0
21654,372.66,18053.6517,18083.4762,0
21656,372.66,18053.6517,18083.4762,0
21657,372.66,18053.6517,18083.4762,0
21658,372.66,18053.6517,18083.4762,0
21660,372.66,18053.6517,18083.4762,0
21661,372.66,18053.6517,18083.4762,0
21662,372.66,18053.6517,18083.4762,0
21665,372.66,18053.6517,18083.4762,0
21666,372.66,18053.6517,18083.4762,0
21667,372.70,18053.6496,18083.4762,0
21668,372.78,18053.6517,18083.4762,0
21670,372.79,18053.6517,18083.4762,0
21671,372.79,18053.6517,18083.4762,0
21673,372.79,18053.6517,18083.4762,0
21674,372.82,18053.6517,18083.4762,0
21675,372.82,18053.6517,18083.4762,0
21676,372.82,18053.6517,18083.4762,0
21677,372.90,18053.6496,18083.4762,0
21678,372.93,18053.6496,18083.4762,0
21679,373.01,18053.6517,18083.4762,0
21680,373.04,18053.6517,18083.4762,0
21684,373.05,18053.6517,18083.4762,0
21685,373.09,18053.6496,18083.4762,0
21687,373.13,18053.6496,18083.4762,0
21690,373.13,18053.6496,18083.4762,0
21692,373.17,18053.6517,18083.4762,0
21693,373.18,18053.6517,18083.4762,0
21694,373.18,18053.6517,18083.4762,0
21696,373.18,18053.6517,18083.4762,0
21697,373.21,18053.6517,18083.4762,0
21698,373.21,18053.6517,18083.4762,0
21699,373.21,18053.6517,18083.4762,0
21701,373.29,18053.6496,18083.4762,0
21702,373.33,18053.6496,18083.4762,0
21705,373.41,18053.6517,18083.4762,0
21706,373.41,18053.6517,18083.4762,0
21707,373.44,18053.6517,18083.4762,0
21708,373.48,18053.6517,18083.4762,0
21709,373.48,18053.6517,18083.4762,0
21710,373.52,18053.6496,18083.4762,0
21712,373.56,18053.6496,18083.4762,0
21713,373.56,18053.6496,18083.4762,0
21714,373.56,18053.6496,18083.4762,0
21715,373.56,18053.6496,18083.4762,0
21717,373.56,18053.6496,18083.4762,0
21718,373.56,18053.6496,18083.4762,0
21719,373.61,18053.6517,18083.4762,0
21720,373.61,18053.6517,18083.4762,0
21721,373.61,18053.6517,18083.4762,0
21722,373.65,18053.6517,18083.4762,0
21723,373.65,18053.6517,18083.4762,0
21724,373.68,18053.6517,18083.4762,0
21725,373.68,18053.6517,18083.4762,0
21726,373.68,18053.6517,18083.4762,0
21727,373.68,18053.6517,18083.4762,0
21728,373.68,18053.6517,18083.4762,0
21729,373.68,18053.6517,18083.4762,0
21730,373.72,18053.6496,18083.4762,0
21731,373.76,18053.6496,18083.4762,0
21733,373.77,18053.6496,18083.4762,0
21734,373.77,18053.6496,18083.4762,0
21735,373.80,18053.6496,18083.4762,0
21736,373.80,18053.6496,18083.4762,0
21737,373.80,18053.6496,18083.4762,0
21738,373.84,18053.6517,18083.4762,0
21739,373.88,18053.6517,18083.4762,0
21740,373.88,18053.6517,18083.4762,0
21741,373.88,18053.6517,18083.4762,0
21744,373.92,18053.6517,18083.4762,0
21745,373.96,18053.6496,18083.4762,0
21746,373.99,18053.6496,18083.4762,0
21748,374.00,18053.6496,18083.4762,0
21749,374.00,18053.6496,18083.4762,0
21751,374.05,18053.6517,18083.4762,0
21754,374.08,18053.6517,18083.4762,0
21755,374.08,18053.6517,18083.4762,0
21757,374.16,18053.6496,18083.4762,0
21758,374.24,18053.6517,18083.4762,0
21759,374.24,18053.6517,18083.4762,0
21761,374.28,18053.6517,18083.4762,0
21762,374.28,18053.6517,18083.4762,0
21764,374.28,18053.6517,18083.4762,0
21767,374.31,18053.6517,18083.4762,0
21768,374.31,18053.6517,18083.4762,0
21769,374.31,18053.6517,18083.4762,0
21770,374.31,18053.6517,18083.4762,0
21774,374.36,18053.6496,18083.4762,0
21777,374.36,18053.6496,18083.4762,0
21778,374.40,18053.6496,18083.4762,0
21779,374.40,18053.6496,18083.4762,0
21781,374.40,18053.6496,18083.4762,0
21783,374.43,18053.6496,18083.4762,0
21784,374.49,18053.6517,18083.4762,0
21785,374.50,18053.6517,18083.4762,0
21786,374.53,18053.6517,18083.4762,0
21787,374.57,18053.6517,18083.4762,0
21788,374.57,18053.6517,18083.4762,0
21790,374.61,18053.6496,18083.4762,0
21791,374.69,18053.6517,18083.4762,0
21793,374.73,18053.6517,18083.4762,0
21794,374.73,18053.6517,18083.4762,0
21795,374.73,18053.6517,18083.4762,0
21796,374.77,18053.6517,18083.4762,0
21800,374.77,18053.6517,18083.4762,0
21801,374.77,18053.6517,18083.4762,0
21802,374.77,18053.6517,18083.4762,0
21803,374.77,18053.6517,18083.4762,0
21804,374.77,18053.6517,18083.4762,0
21805,374.81,18053.6496,18083.4762,0
21806,374.84,18053.6496,18083.4762,0
21807,374.88,18053.6496,18083.4762,0
21808,374.88,18053.6496,18083.4762,0
21809,374.92,18053.6517,18083.4762,0
21810,375.00,18053.6496,18083.4762,0
21811,375.07,18053.6517,18083.4762,0
21812,375.11,18053.6517,18083.4762,0
21814,375.11,18053.6517,18083.4762,0
21816,375.11,18053.6517,18083.4762,0
21819,375.11,18053.6517,18083.4762,0
21820,375.11,18053.6517,18083.4762,0
21821,375.11,18053.6517,18083.4762,0
21822,375.15,18053.6517,18083.4762,0
21824,375.15,18053.6517,18083.4762,0
21825,375.15,18053.6517,18083.4762,0
21829,375.15,18053.6517,18083.4762,0
21830,375.15,18053.6517,18083.4762,0
21831,375.15,18053.6517,18083.4762,0
21832,375.19,18053.6496,18083.4762,0
21833,375.20,18053.6496,18083.4762,0
21834,375.20,18053.6496,18083.4762,0
21835,375.20,18053.6496,18083.4762,0
21836,375.20,18053.6496,18083.4762,0
21837,375.20,18053.6496,18083.4762,0
21838,375.20,18053.6496,18083.4762,0
21839,375.23,18053.6496,18083.4762,0
21840,375.26,18053.6496,18083.4762,0
21842,375.27,18053.6496,18083.4762,0
21843,375.27,18053.6496,18083.4762,0
21844,375.27,18053.6496,18083.4762,0
21845,375.27,18053.6496,18083.4762,0
21846,375.27,18053.6496,18083.4762,0
21847,375.27,18053.6496,18083.4762,0
21848,375.31,18053.6517,18083.4762,0
21849,375.34,18053.6517,18083.4762,0
21850,375.34,18053.6517,18083.4762,0
21851,375.35,18053.6517,18083.4762,0
21852,375.35,18053.6517,18083.4762,0
21853,375.35,18053.6517,18083.4762,0
21854,375.35,18053.6517,18083.4762,0
21855,375.38,18053.6517,18083.4762,0
21856,375.38,18053.6517,18083.4762,0
21857,375.43,18053.6496,18083.4762,0
21858,375.50,18053.6517,18083.4762,0
21861,375.58,18053.6496,18083.4762,0
21863,375.59,18053.6496,18083.4762,0
21865,375.59,18053.6496,18083.4762,0
21866,375.63,18053.6496,18083.4762,0
21868,375.66,18053.6496,18083.4762,0
21869,375.66,18053.6496,18083.4762,0
21871,375.66,18053.6496,18083.4762,0
21872,375.66,18053.6496,18083.4762,0
21873,375.66,18053.6496,18083.4762,0
21874,375.66,18053.6496,18083.4762,0
21875,375.70,18053.6517,18083.4762,0
21876,375.71,18053.6517,18083.4762,0
21877,375.74,18053.6517,18083.4762,0
21878,375.78,18053.6517,18083.4762,0
21880,375.78,18053.6517,18083.4762,0
21881,375.78,18053.6517,18083.4762,0
21883,375.82,18053.6496,18083.4762,0
21884,375.86,18053.6496,18083.4762,0
21885,375.86,18053.6496,18083.4762,0
21886,375.90,18053.6517,18083.4762,0
21887,375.91,18053.6517,18083.4762,0
21888,375.94,18053.6517,18083.4762,0
21890,375.98,18053.6517,18083.4762,0
21892,376.02,18053.6496,18083.4762,0
21893,376.05,18053.6496,18083.4762,0
21894,376.13,18053.6517,18083.4762,0
21895,376.16,18053.6517,18083.4762,0
21896,376.20,18053.6517,18083.4762,0
21897,376.20,18053.6517,18083.4762,0
21898,376.20,18053.6517,18083.4762,0
21899,376.25,18053.6496,18083.4762,0
21902,376.28,18053.6496,18083.4762,0
21903,376.33,18053.6517,18083.4762,0
21904,376.36,18053.6517,18083.4762,0
21905,376.36,18053.6517,18083.4762,0
21906,376.36,18053.6517,18083.4762,0
21907,376.44,18053.6496,18083.4762,0
21909,376.45,18053.6496,18083.4762,0
21911,376.45,18053.6496,18083.4762,0
21912,376.48,18053.6496,18083.4762,0
21913,376.51,18053.6496,18083.4762,0
21914,376.51,18053.6496,18083.4762,0
21916,376.56,18053.6517,18083.4762,0
21917,376.59,18053.6517,18083.4762,0
21918,376.67,18053.6496,18083.4762,0
21919,376.67,18053.6496,18083.4762,0
21920,376.71,18053.6496,18083.4762,0
21921,376.75,18053.6517,18083.4762,0
21922,376.76,18053.6517,18083.4762,0
21923,376.76,18053.6517,18083.4762,0
21924,376.76,18053.6517,18083.4762,0
21925,376.76,18053.6517,18083.4762,0
21926,376.76,18053.6517,18083.4762,0
21927,376.76,18053.6517,18083.4762,0
21929,376.79,18053.6517,18083.4762,0
21931,376.83,18053.6517,18083.4762,0
21932,376.83,18053.6517,18083.4762,0
21933,376.83,18053.6517,18083.4762,0
21934,376.83,18053.6517,18083.4762,0
21938,376.83,18053.6517,18083.4762,0
21940,376.83,18053.6517,18083.4762,0
21941,376.87,18053.6496,18083.4762,0
21942,376.91,18053.6496,18083.4762,0
21944,376.99,18053.6517,18083.4762,0
21945,377.02,18053.6517,18083.4762,0
21946,377.10,18053.6496,18083.4762,0
21948,377.13,18053.6496,18083.4762,0
21949,377.18,18053.6517,18083.4762,0
21950,377.25,18053.6496,18083.4762,0
21953,377.29,18053.6496,18083.4762,0
21954,377.30,18053.6496,18083.4762,0
21955,377.33,18053.6496,18083.4762,0
21957,377.33,18053.6496,18083.4762,0
21958,377.33,18053.6496,18083.4762,0
21959,377.33,18053.6496,18083.4762,0
21960,377.33,18053.6496,18083.4762,0
21961,377.33,18053.6496,18083.4762,0
21963,377.37,18053.6517,18083.4762,0
21965,377.41,18053.6517,18083.4762,0
21966,377.44,18053.6517,18083.4762,0
21967,377.44,18053.6517,18083.4762,0
21968,377.49,18053.6496,18083.4762,0
21969,377.56,18053.6517,18083.4762,0
21970,377.57,18053.6517,18083.4762,0
21972,377.61,18053.6517,18083.4762,0
21973,377.61,18053.6517,18083.4762,0
21974,377.61,18053.6517,18083.4762,0
21975,377.64,18053.6517,18083.4762,0
21976,377.64,18053.6517,18083.4762,0
21978,377.64,18053.6517,18083.4762,0
21979,377.64,18053.6517,18083.4762,0
21981,377.64,18053.6517,18083.4762,0
21982,377.64,18053.6517,18083.4762,0
21983,377.68,18053.6496,18083.4762,0
21985,377.69,18053.6496,18083.4762,0
21987,377.73,18053.6496,18083.4762,0
21988,377.80,18053.6517,18083.4762,0
21990,377.81,18053.6517,18083.4762,0
21991,377.81,18053.6517,18083.4762,0
21992,377.89,18053.6496,18083.4762,0
21993,377.90,18053.6496,18083.4762,0
21995,377.98,18053.6517,18083.4762,0
21996,377.98,18053.6517,18083.4762,0
21998,378.06,18053.6496,18083.4762,0
21999,378.14,18053.6517,18083.4762,0
22000,378.17,18053.6517,18083.4762,0
22001,378.18,18053.6517,18083.4762,0
22002,378.22,18053.6496,18083.4762,0
22003,378.23,18053.6496,18083.4762,0
22004,378.26,18053.6496,18083.4762,0
22005,378.26,18053.6496,18083.4762,0
22006,378.30,18053.6496,18083.4762,0
22007,378.30,18053.6496,18083.4762,0
22008,378.30,18053.6496,18083.4762,0
22011,378.30,18053.6496,18083.4762,0
22012,378.30,18053.6496,18083.4762,0
22013,378.30,18053.6496,18083.4762,0
22014,378.30,18053.6496,18083.4762,0
22015,378.30,18053.6496,18083.4762,0
22016,378.34,18053.6517,18083.4762,0
22017,378.35,18053.6517,18083.4762,0
22019,378.35,18053.6517,18083.4762,0
22020,378.43,18053.6496,18083.4762,0
22021,378.46,18053.6496,18083.4762,0
22023,378.47,18053.6496,18083.4762,0
22026,378.47,18053.6496,18083.4762,0
22027,378.47,18053.6496,18083.4762,0
22028,378.47,18053.6496,18083.4762,0
22029,378.47,18053.6496,18083.4762,0
22030,378.47,18053.6496,18083.4762,0
22031,378.47,18053.6496,18083.4762,0
22032,378.47,18053.6496,18083.4762,0
22033,378.47,18053.6496,18083.4762,0
22034,378.47,18053.6496,18083.4762,0
22035,378.47,18053.6496,18083.4762,0
22036,378.47,18053.6496,18083.4762,0
22037,378.47,18053.6496,18083.4762,0
22041,378.47,18053.6496,18083.4762,0
22043,378.52,18053.6517,18083.4762,0
22044,378.59,18053.6496,18083.4762,0
22045,378.63,18053.6496,18083.4762,0
22046,378.66,18053.6496,18083.4762,0
22047,378.66,18053.6496,18083.4762,0
22048,378.66,18053.6496,18083.4762,0
22049,378.66,18053.6496,18083.4762,0
22050,378.71,18053.6517,18083.4762,0
22056,378.75,18053.6517,18083.4762,0
22057,378.78,18053.6517,18083.4762,0
22058,378.78,18053.6517,18083.4762,0
22059,378.78,18053.6517,18083.4762,0
22060,378.78,18053.6517,18083.4762,0
22062,378.78,18053.6517,18083.4762,0
22063,378.78,18053.6517,18083.4762,0
22065,378.78,18053.6517,18083.4762,0
22067,378.78,18053.6517,18083.4762,0
22069,378.78,18053.6517,18083.4762,0
22070,378.78,18053.6517,18083.4762,0
22071,378.78,18053.6517,18083.4762,0
22073,378.78,18053.6517,18083.4762,0
22075,378.85,18053.6496,18083.4762,0
22076,378.88,18053.6496,18083.4762,0
22077,378.89,18053.6496,18083.4762,0
22078,378.92,18053.6496,18083.4762,0
22079,378.96,18053.6517,18083.4762,0
22080,379.00,18053.6517,18083.4762,0
22081,379.00,18053.6517,18083.4762,0
22082,379.03,18053.6517,18083.4762,0
22083,379.03,18053.6517,18083.4762,0
22084,379.04,18053.6517,18083.4762,0
22086,379.08,18053.6496,18083.4762,0
22088,379.17,18053.6517,18083.4762,0
22089,379.20,18053.6517,18083.4762,0
22090,379.20,18053.6517,18083.4762,0
22091,379.20,18053.6517,18083.4762,0
22092,379.28,18053.6496,18083.4762,0
22093,379.32,18053.6496,18083.4762,0
22094,379.32,18053.6496,18083.4762,0
22095,379.32,18053.6496,18083.4762,0
22096,379.32,18053.6496,18083.4762,0
22097,379.36,18053.6517,18083.4762,0
22098,379.37,18053.6517,18083.4762,0
22100,379.45,18053.6496,18083.4762,0
22101,379.48,18053.6496,18083.4762,0
22102,379.49,18053.6496,18083.4762,0
22103,379.49,18053.6496,18083.4762,0
22104,379.49,18053.6496,18083.4762,0
22105,379.49,18053.6496,18083.4762,0
22106,379.49,18053.6496,18083.4762,0
22107,379.57,18053.6517,18083.4762,0
22108,379.60,18053.6517,18083.4762,0
22110,379.61,18053.6517,18083.4762,0
22111,379.61,18053.6517,18083.4762,0
22113,379.61,18053.6517,18083.4762,0
22114,379.64,18053.6517,18083.4762,0
22115,379.64,18053.6517,18083.4762,0
22116,379.64,18053.6517,18083.4762,0
22117,379.64,18053.6517,18083.4762,0
22118,379.69,18053.6496,18083.4762,0
22119,379.72,18053.6496,18083.4762,0
22120,379.72,18053.6496,18083.4762,0
22121,379.80,18053.6517,18083.4762,0
22123,379.81,18053.6517,18083.4762,0
22124,379.84,18053.6517,18083.4762,0
22126,379.89,18053.6496,18083.4762,0
22127,379.89,18053.6496,18083.4762,0
22128,379.89,18053.6496,18083.4762,0
22130,379.97,18053.6517,18083.4762,0
22132,379.98,18053.6517,18083.4762,0
22134,380.06,18053.6496,18083.4762,0
22135,380.06,18053.6496,18083.4762,0
22138,380.10,18053.6496,18083.4762,0
22140,380.10,18053.6496,18083.4762,0
22141,380.18,18053.6517,18083.4762,0
22142,380.18,18053.6517,18083.4762,0
22143,380.22,18053.6517,18083.4762,0
22145,380.25,18053.6517,18083.4762,0
22147,380.30,18053.6496,18083.4762,0
22148,380.33,18053.6496,18083.4762,0
22149,380.33,18053.6496,18083.4762,0
22151,380.41,18053.6517,18083.4762,0
22152,380.44,18053.6517,18083.4762,0
22153,380.52,18053.6496,18083.4762,0
22154,380.60,18053.6517,18083.4762,0
22157,380.64,18053.6517,18083.4762,0
22158,380.64,18053.6517,18083.4762,0
22159,380.64,18053.6517,18083.4762,0
22161,380.72,18053.6496,18083.4762,0
22165,380.73,18053.6496,18083.4762,0
22166,380.73,18053.6496,18083.4762,0
22167,380.73,18053.6496,18083.4762,0
22168,380.76,18053.6496,18083.4762,0
22169,380.76,18053.6496,18083.4762,0
22170,380.80,18053.6517,18083.4762,0
22172,380.88,18053.6496,18083.4762,0
22175,380.92,18053.6496,18083.4762,0
22176,381.00,18053.6517,18083.4762,0
22177,381.00,18053.6517,18083.4762,0
22179,381.01,18053.6517,18083.4762,0
22182,381.04,18053.6517,18083.4762,0
22183,381.04,18053.6517,18083.4762,0
22184,381.04,18053.6517,18083.4762,0
22185,381.04,18053.6517,18083.4762,0
22186,381.04,18053.6517,18083.4762,0
22188,381.08,18053.6496,18083.4762,0
22190,381.12,18053.6496,18083.4762,0
22191,381.13,18053.6496,18083.4762,0
22192,381.13,18053.6496,18083.4762,0
22193,381.13,18053.6496,18083.4762,0
22195,381.16,18053.6496,18083.4762,0
22196,381.16,18053.6496,18083.4762,0
22198,381.16,18053.6496,18083.4762,0
22199,381.16,18053.6496,18083.4762,0
22201,381.16,18053.6496,18083.4762,0
22203,381.16,18053.6496,18083.4762,0
22205,381.20,18053.6517,18083.4762,0
22206,381.24,18053.6517,18083.4762,0
22207,381.24,18053.6517,18083.4762,0
22208,381.30,18053.6496,18083.4762,0
22209,381.33,18053.6496,18083.4762,0
22211,381.34,18053.6496,18083.4762,0
22212,381.39,18053.6517,18083.4762,0
22213,381.43,18053.6517,18083.4762,0
22214,381.43,18053.6517,18083.4762,0
22215,381.43,18053.6517,18083.4762,0
22216,381.47,18053.6517,18083.4762,0
22217,381.51,18053.6496,18083.4762,0
22218,381.52,18053.6496,18083.4762,0
22219,381.55,18053.6496,18083.4762,0
22220,381.58,18053.6496,18083.4762,0
22221,381.58,18053.6496,18083.4762,0
22223,381.59,18053.6496,18083.4762,0
22224,381.59,18053.6496,18083.4762,0
22226,381.63,18053.6517,18083.4762,0
22227,381.66,18053.6517,18083.4762,0
22229,381.67,18053.6517,18083.4762,0
22232,381.67,18053.6517,18083.4762,0
22233,381.67,18053.6517,18083.4762,0
22234,381.67,18053.6517,18083.4762,0
22235,381.67,18053.6517,18083.4762,0
22236,381.72,18053.6496,18083.4762,0
22237,381.75,18053.6496,18083.4762,0
22238,381.78,18053.6496,18083.4762,0
22239,381.83,18053.6517,18083.4762,0
22240,381.86,18053.6517,18083.4762,0
22242,381.87,18053.6517,18083.4762,0
22243,381.87,18053.6517,18083.4762,0
22244,381.87,18053.6517,18083.4762,0
22245,381.90,18053.6517,18083.4762,0
22248,381.90,18053.6517,18083.4762,0
22249,381.90,18053.6517,18083.4762,0
22250,381.90,18053.6517,18083.4762,0
22251,381.90,18053.6517,18083.4762,0
22256,381.95,18053.6496,18083.4762,0
22257,381.98,18053.6496,18083.4762,0
22258,382.06,18053.6517,18083.4762,0
22259,382.09,18053.6517,18083.4762,0
22260,382.13,18053.6517,18083.4762,0
22262,382.18,18053.6496,18083.4762,0
22263,382.21,18053.6496,18083.4762,0
22266,382.25,18053.6496,18083.4762,0
22267,382.25,18053.6496,18083.4762,0
22269,382.25,18053.6496,18083.4762,0
22270,382.25,18053.6496,18083.4762,0
22271,382.29,18053.6517,18083.4762,0
22272,382.33,18053.6517,18083.4762,0
22273,382.33,18053.6517,18083.4762,0
22274,382.33,18053.6517,18083.4762,0
22275,382.33,18053.6517,18083.4762,0
22277,382.37,18053.6517,18083.4762,0
22279,382.37,18053.6517,18083.4762,0
22280,382.42,18053.6496,18083.4762,0
22281,382.42,18053.6496,18083.4762,0
22282,382.42,18053.6496,18083.4762,0
22283,382.45,18053.6496,18083.4762,0
22284,382.49,18053.6496,18083.4762,0
22286,382.53,18053.6517,18083.4762,0
22289,382.57,18053.6517,18083.4762,0
22290,382.58,18053.6517,18083.4762,0
22291,382.58,18053.6517,18083.4762,0
22294,382.58,18053.6517,18083.4762,0
22296,382.58,18053.6517,18083.4762,0
22297,382.61,18053.6517,18083.4762,0
22298,382.61,18053.6517,18083.4762,0
22299,382.61,18053.6517,18083.4762,0
22300,382.65,18053.6496,18083.4762,0
22301,382.69,18053.6496,18083.4762,0
22303,382.69,18053.6496,18083.4762,0
22304,382.70,18053.6496,18083.4762,0
22305,382.74,18053.6517,18083.4762,0
22307,382.75,18053.6517,18083.4762,0
22308,382.75,18053.6517,18083.4762,0
22309,382.75,18053.6517,18083.4762,0
22310,382.78,18053.6517,18083.4762,0
22311,382.82,18053.6517,18083.4762,0
22312,382.82,18053.6517,18083.4762,0
22313,382.86,18053.6496,18083.4762,0
22314,382.87,18053.6496,18083.4762,0
22316,382.90,18053.6496,18083.4762,0
22317,382.90,18053.6496,18083.4762,0
22319,382.94,18053.6496,18083.4762,0
22320,382.94,18053.6496,18083.4762,0
22321,382.94,18053.6496,18083.4762,0
22322,382.94,18053.6496,18083.4762,0
22324,382.94,18053.6496,18083.4762,0
22325,382.98,18053.6517,18083.4762,0
22326,383.01,18053.6517,18083.4762,0
22327,383.05,18053.6517,18083.4762,0
22328,383.05,18053.6517,18083.4762,0
22329,383.05,18053.6517,18083.4762,0
22331,383.10,18053.6496,18083.4762,0
22332,383.13,18053.6496,18083.4762,0
22334,383.18,18053.6517,18083.4762,0
22335,383.19,18053.6517,18083.4762,0
22336,383.22,18053.6517,18083.4762,0
22337,383.30,18053.6496,18083.4762,0
22338,383.33,18053.6496,18083.4762,0
22339,383.33,18053.6496,18083.4762,0
22340,383.33,18053.6496,18083.4762,0
22342,383.42,18053.6517,18083.4762,0
22345,383.45,18053.6517,18083.4762,0
22347,383.45,18053.6517,18083.4762,0
22348,383.46,18053.6517,18083.4762,0
22349,383.49,18053.6517,18083.4762,0
22351,383.49,18053.6517,18083.4762,0
22352,383.49,18053.6517,18083.4762,0
22353,383.49,18053.6517,18083.4762,0
22354,383.49,18053.6517,18083.4762,0
22355,383.54,18053.6496,18083.4762,0
22356,383.54,18053.6496,18083.4762,0
22357,383.57,18053.6496,18083.4762,0
22359,383.58,18053.6496,18083.4762,0
22360,383.61,18053.6496,18083.4762,0
22361,383.61,18053.6496,18083.4762,0
22363,383.61,18053.6496,18083.4762,0
22364,383.61,18053.6496,18083.4762,0
22366,383.61,18053.6496,18083.4762,0
22368,383.61,18053.6496,18083.4762,0
22369,383.61,18053.6496,18083.4762,0
22370,383.61,18053.6496,18083.4762,0
22371,383.61,18053.6496,18083.4762,0
22373,383.61,18053.6496,18083.4762,0
22376,383.66,18053.6517,18083.4762,0
22377,383.69,18053.6517,18083.4762,0
22378,383.70,18053.6517,18083.4762,0
22379,383.77,18053.6496,18083.4762,0
22380,383.80,18053.6496,18083.4762,0
22381,383.81,18053.6496,18083.4762,0
22382,383.81,18053.6496,18083.4762,0
22383,383.84,18053.6496,18083.4762,0
22384,383.89,18053.6517,18083.4762,0
22386,383.97,18053.6496,18083.4762,0
22387,384.00,18053.6496,18083.4762,0
22388,384.04,18053.6517,18083.4762,0
22389,384.08,18053.6517,18083.4762,0
22392,384.08,18053.6517,18083.4762,0
22393,384.16,18053.6496,18083.4762,0
22395,384.17,18053.6496,18083.4762,0
22397,384.24,18053.6517,18083.4762,0
22398,384.25,18053.6517,18083.4762,0
22399,384.28,18053.6517,18083.4762,0
22401,384.28,18053.6517,18083.4762,0
22402,384.28,18053.6517,18083.4762,0
22405,384.32,18053.6517,18083.4762,0
22406,384.32,18053.6517,18083.4762,0
22407,384.32,18053.6517,18083.4762,0
22409,384.32,18053.6517,18083.4762,0
22410,384.32,18053.6517,18083.4762,0
22411,384.32,18053.6517,18083.4762,0
22412,384.32,18053.6517,18083.4762,0
22413,384.32,18053.6517,18083.4762,0
22416,384.36,18053.6496,18083.4762,0
22417,384.40,18053.6496,18083.4762,0
22419,384.40,18053.6496,18083.4762,0
22420,384.44,18053.6517,18083.4762,0
22421,384.48,18053.6517,18083.4762,0
22422,384.48,18053.6517,18083.4762,0
22423,384.48,18053.6517,18083.4762,0
22424,384.52,18053.6496,18083.4762,0
22425,384.53,18053.6496,18083.4762,0
22426,384.56,18053.6496,18083.4762,0
22428,384.56,18053.6496,18083.4762,0
22429,384.64,18053.6517,18083.4762,0
22430,384.64,18053.6517,18083.4762,0
22433,384.68,18053.6517,18083.4762,0
22434,384.68,18053.6517,18083.4762,0
22437,384.71,18053.6517,18083.4762,0
22438,384.71,18053.6517,18083.4762,0
22439,384.71,18053.6517,18083.4762,0
22443,384.71,18053.6517,18083.4762,0
22445,384.71,18053.6517,18083.4762,0
22446,384.71,18053.6517,18083.4762,0
22447,384.71,18053.6517,18083.4762,0
22448,384.76,18053.6496,18083.4762,0
22449,384.76,18053.6496,18083.4762,0
22450,384.80,18053.6496,18083.4762,0
22451,384.80,18053.6496,18083.4762,0
22453,384.80,18053.6496,18083.4762,0
22456,384.83,18053.6496,18083.4762,0
22457,384.88,18053.6517,18083.4762,0
22458,384.91,18053.6517,18083.4762,0
22459,384.95,18053.6517,18083.4762,0
22460,384.95,18053.6517,18083.4762,0
22461,384.95,18053.6517,18083.4762,0
22462,384.95,18053.6517,18083.4762,0
22463,384.95,18053.6517,18083.4762,0
22464,384.95,18053.6517,18083.4762,0
22465,384.95,18053.6517,18083.4762,0
22467,384.95,18053.6517,18083.4762,0
22471,384.95,18053.6517,18083.4762,0
22472,384.95,18053.6517,18083.4762,0
22473,384.95,18053.6517,18083.4762,0
22474,384.95,18053.6517,18083.4762,0
22475,385.00,18053.6496,18083.4762,0
22476,385.00,18053.6496,18083.4762,0
22477,385.04,18053.6496,18083.4762,0
22479,385.04,18053.6496,18083.4762,0
22480,385.04,18053.6496,18083.4762,0
22483,385.04,18053.6496,18083.4762,0
22484,385.04,18053.6496,18083.4762,0
22486,385.04,18053.6496,18083.4762,0
22487,385.08,18053.6517,18083.4762,0
22488,385.16,18053.6496,18083.4762,0
22489,385.19,18053.6496,18083.4762,0
22491,385.23,18053.6496,18083.4762,0
22492,385.23,18053.6496,18083.4762,0
22495,385.23,18053.6496,18083.4762,0
22496,385.23,18053.6496,18083.4762,0
22501,385.23,18053.6496,18083.4762,0
22502,385.27,18053.6517,18083.4762,0
22503,385.31,18053.6517,18083.4762,0
22506,385.31,18053.6517,18083.4762,0
22507,385.34,18053.6517,18083.4762,0
22508,385.34,18053.6517,18083.4762,0
22509,385.35,18053.6517,18083.4762,0
22512,385.35,18053.6517,18083.4762,0
22514,385.39,18053.6496,18083.4762,0
22515,385.43,18053.6496,18083.4762,0
22517,385.44,18053.6496,18083.4762,0
22518,385.50,18053.6517,18083.4762,0
22521,385.51,18053.6517,18083.4762,0
22522,385.51,18053.6517,18083.4762,0
22523,385.54,18053.6517,18083.4762,0
22525,385.54,18053.6517,18083.4762,0
22528,385.54,18053.6517,18083.4762,0
22529,385.54,18053.6517,18083.4762,0
22530,385.57,18053.6517,18083.4762,0
22531,385.62,18053.6496,18083.4762,0
22532,385.69,18053.6517,18083.4762,0
22533,385.73,18053.6517,18083.4762,0
22534,385.81,18053.6496,18083.4762,0
22535,385.84,18053.6496,18083.4762,0
22536,385.88,18053.6517,18083.4762,0
22537,385.89,18053.6517,18083.4762,0
22539,385.89,18053.6517,18083.4762,0
22541,385.93,18053.6517,18083.4762,0
22542,385.93,18053.6517,18083.4762,0
22543,385.93,18053.6517,18083.4762,0
22544,385.96,18053.6517,18083.4762,0
22545,385.96,18053.6517,18083.4762,0
22546,385.96,18053.6517,18083.4762,0
22547,385.96,18053.6517,18083.4762,0
22548,385.96,18053.6517,18083.4762,0
22551,386.00,18053.6496,18083.4762,0
22552,386.01,18053.6496,18083.4762,0
22553,386.09,18053.6517,18083.4762,0
22555,386.12,18053.6517,18083.4762,0
22557,386.13,18053.6517,18083.4762,0
22558,386.13,18053.6517,18083.4762,0
22559,386.16,18053.6517,18083.4762,0
22560,386.21,18053.6496,18083.4762,0
22561,386.21,18053.6496,18083.4762,0
22562,386.25,18053.6496,18083.4762,0
22563,386.32,18053.6517,18083.4762,0
22564,386.36,18053.6517,18083.4762,0
22565,386.40,18053.6496,18083.4762,0
22566,386.43,18053.6496,18083.4762,0
22567,386.43,18053.6496,18083.4762,0
22568,386.47,18053.6496,18083.4762,0
22569,386.47,18053.6496,18083.4762,0
22570,386.47,18053.6496,18083.4762,0
22571,386.47,18053.6496,18083.4762,0
22572,386.51,18053.6517,18083.4762,0
22574,386.55,18053.6517,18083.4762,0
22575,386.55,18053.6517,18083.4762,0
22576,386.56,18053.6517,18083.4762,0
22578,386.56,18053.6517,18083.4762,0
22580,386.59,18053.6517,18083.4762,0
22581,386.59,18053.6517,18083.4762,0
22582,386.59,18053.6517,18083.4762,0
22583,386.59,18053.6517,18083.4762,0
22584,386.63,18053.6496,18083.4762,0
22586,386.64,18053.6496,18083.4762,0
22587,386.64,18053.6496,18083.4762,0
22589,386.64,18053.6496,18083.4762,0
22590,386.68,18053.6496,18083.4762,0
22592,386.71,18053.6496,18083.4762,0
22593,386.71,18053.6496,18083.4762,0
22594,386.71,18053.6496,18083.4762,0
22596,386.71,18053.6496,18083.4762,0
22597,386.71,18053.6496,18083.4762,0
22599,386.71,18053.6496,18083.4762,0
22600,386.71,18053.6496,18083.4762,0
22601,386.75,18053.6517,18083.4762,0
22602,386.79,18053.6517,18083.4762,0
22603,386.86,18053.6496,18083.4762,0
22604,386.94,18053.6517,18083.4762,0
22605,386.97,18053.6517,18083.4762,0
22606,386.97,18053.6517,18083.4762,0
22607,387.02,18053.6496,18083.4762,0
22608,387.05,18053.6496,18083.4762,0
22609,387.06,18053.6496,18083.4762,0
22612,387.10,18053.6517,18083.4762,0
22613,387.11,18053.6517,18083.4762,0
22614,387.14,18053.6517,18083.4762,0
22615,387.17,18053.6517,18083.4762,0
22617,387.18,18053.6517,18083.4762,0
22618,387.18,18053.6517,18083.4762,0
22619,387.22,18053.6496,18083.4762,0
22620,387.26,18053.6496,18083.4762,0
22621,387.33,18053.6517,18083.4762,0
22622,387.37,18053.6517,18083.4762,0
22625,387.45,18053.6496,18083.4762,0
22627,387.53,18053.6517,18083.4762,0
22628,387.56,18053.6517,18083.4762,0
22629,387.60,18053.6517,18083.4762,0
22630,387.60,18053.6517,18083.4762,0
22632,387.64,18053.6496,18083.4762,0
22633,387.72,18053.6517,18083.4762,0
22635,387.76,18053.6517,18083.4762,0
22636,387.76,18053.6517,18083.4762,0
22637,387.76,18053.6517,18083.4762,0
22638,387.76,18053.6517,18083.4762,0
22639,387.76,18053.6517,18083.4762,0
22640,387.76,18053.6517,18083.4762,0
22642,387.76,18053.6517,18083.4762,0
22643,387.80,18053.6517,18083.4762,0
22644,387.80,18053.6517,18083.4762,0
22648,387.80,18053.6517,18083.4762,0
22649,387.84,18053.6496,18083.4762,0
22650,387.84,18053.6496,18083.4762,0
22651,387.92,18053.6517,18083.4762,0
22652,387.93,18053.6517,18083.4762,0
22653,387.96,18053.6517,18083.4762,0
22654,387.99,18053.6517,18083.4762,0
22655,387.99,18053.6517,18083.4762,0
22658,388.04,18053.6496,18083.4762,0
22660,388.12,18053.6517,18083.4762,0
22661,388.15,18053.6517,18083.4762,0
22662,388.19,18053.6517,18083.4762,0
22664,388.19,18053.6517,18083.4762,0
22665,388.20,18053.6517,18083.4762,0
22666,388.20,18053.6517,18083.4762,0
22667,388.24,18053.6496,18083.4762,0
22669,388.32,18053.6517,18083.4762,0
22670,388.33,18053.6517,18083.4762,0
22671,388.33,18053.6517,18083.4762,0
22672,388.36,18053.6517,18083.4762,0
22673,388.36,18053.6517,18083.4762,0
22674,388.36,18053.6517,18083.4762,0
22675,388.36,18053.6517,18083.4762,0
22676,388.44,18053.6496,18083.4762,0
22678,388.45,18053.6496,18083.4762,0
22679,388.45,18053.6496,18083.4762,0
22680,388.48,18053.6496,18083.4762,0
22681,388.48,18053.6496,18083.4762,0
22682,388.48,18053.6496,18083.4762,0
22683,388.48,18053.6496,18083.4762,0
22685,388.48,18053.6496,18083.4762,0
22686,388.56,18053.6517,18083.4762,0
22688,388.59,18053.6517,18083.4762,0
22691,388.64,18053.6496,18083.4762,0
22692,388.67,18053.6496,18083.4762,0
22693,388.68,18053.6496,18083.4762,0
22695,388.72,18053.6496,18083.4762,0
22696,388.76,18053.6517,18083.4762,0
22697,388.76,18053.6517,18083.4762,0
22698,388.80,18053.6517,18083.4762,0
22700,388.83,18053.6517,18083.4762,0
22701,388.83,18053.6517,18083.4762,0
22703,388.83,18053.6517,18083.4762,0
22705,388.83,18053.6517,18083.4762,0
22706,388.88,18053.6496,18083.4762,0
22709,388.96,18053.6517,18083.4762,0
22710,388.99,18053.6517,18083.4762,0
22711,389.03,18053.6517,18083.4762,0
22712,389.03,18053.6517,18083.4762,0
22713,389.07,18053.6496,18083.4762,0
22715,389.11,18053.6496,18083.4762,0
22716,389.11,18053.6496,18083.4762,0
22717,389.19,18053.6517,18083.4762,0
22719,389.23,18053.6517,18083.4762,0
22720,389.23,18053.6517,18083.4762,0
22721,389.23,18053.6517,18083.4762,0
22723,389.26,18053.6517,18083.4762,0
22724,389.30,18053.6496,18083.4762,0
22725,389.38,18053.6517,18083.4762,0
22727,389.39,18053.6517,18083.4762,0
22728,389.42,18053.6517,18083.4762,0
22729,389.42,18053.6517,18083.4762,0
22730,389.42,18053.6517,18083.4762,0
22731,389.46,18053.6517,18083.4762,0
22732,389.46,18053.6517,18083.4762,0
22733,389.50,18053.6496,18083.4762,0
22735,389.51,18053.6496,18083.4762,0
22737,389.54,18053.6496,18083.4762,0
22739,389.54,18053.6496,18083.4762,0
22740,389.54,18053.6496,18083.4762,0
22741,389.58,18053.6496,18083.4762,0
22742,389.58,18053.6496,18083.4762,0
22743,389.62,18053.6517,18083.4762,0
22745,389.63,18053.6517,18083.4762,0
22747,389.63,18053.6517,18083.4762,0
22748,389.70,18053.6496,18083.4762,0
22749,389.74,18053.6496,18083.4762,0
22750,389.78,18053.6517,18083.4762,0
22752,389.82,18053.6517,18083.4762,0
22755,389.82,18053.6517,18083.4762,0
22756,389.85,18053.6517,18083.4762,0
22757,389.85,18053.6517,18083.4762,0
22758,389.86,18053.6517,18083.4762,0
22759,389.86,18053.6517,18083.4762,0
22760,389.86,18053.6517,18083.4762,0
22765,389.90,18053.6496,18083.4762,0
22767,389.98,18053.6517,18083.4762,0
22768,390.06,18053.6496,18083.4762,0
22770,390.09,18053.6496,18083.4762,0
22771,390.10,18053.6496,18083.4762,0
22772,390.13,18053.6496,18083.4762,0
22774,390.13,18053.6496,18083.4762,0
22776,390.13,18053.6496,18083.4762,0
22777,390.18,18053.6517,18083.4762,0
22778,390.21,18053.6517,18083.4762,0
22779,390.24,18053.6517,18083.4762,0
22780,390.25,18053.6517,18083.4762,0
22781,390.25,18053.6517,18083.4762,0
22782,390.25,18053.6517,18083.4762,0
22783,390.25,18053.6517,18083.4762,0
22785,390.25,18053.6517,18083.4762,0
22786,390.30,18053.6496,18083.4762,0
22788,390.33,18053.6496,18083.4762,0
22789,390.34,18053.6496,18083.4762,0
22790,390.34,18053.6496,18083.4762,0
22792,390.34,18053.6496,18083.4762,0
22794,390.37,18053.6496,18083.4762,0
22795,390.41,18053.6517,18083.4762,0
22796,390.42,18053.6517,18083.4762,0
22797,390.45,18053.6517,18083.4762,0
22798,390.45,18053.6517,18083.4762,0
22800,390.49,18053.6517,18083.4762,0
22801,390.49,18053.6517,18083.4762,0
22802,390.49,18053.6517,18083.4762,0
22803,390.49,18053.6517,18083.4762,0
22804,390.49,18053.6517,18083.4762,0
22806,390.49,18053.6517,18083.4762,0
22808,390.49,18053.6517,18083.4762,0
22809,390.53,18053.6496,18083.4762,0
22810,390.61,18053.6517,18083.4762,0
22811,390.64,18053.6517,18083.4762,0
22812,390.68,18053.6517,18083.4762,0
22813,390.68,18053.6517,18083.4762,0
22814,390.72,18053.6496,18083.4762,0
22816,390.73,18053.6496,18083.4762,0
22818,390.76,18053.6496,18083.4762,0
22822,390.76,18053.6496,18083.4762,0
22823,390.84,18053.6517,18083.4762,0
22825,390.88,18053.6517,18083.4762,0
22827,390.91,18053.6517,18083.4762,0
22828,390.91,18053.6517,18083.4762,0
22829,390.91,18053.6517,18083.4762,0
22830,390.92,18053.6517,18083.4762,0
22831,390.96,18053.6496,18083.4762,0
22833,390.97,18053.6496,18083.4762,0
22834,391.00,18053.6496,18083.4762,0
22835,391.04,18053.6496,18083.4762,0
22836,391.04,18053.6496,18083.4762,0
22837,391.04,18053.6496,18083.4762,0
22838,391.04,18053.6496,18083.4762,0
22839,391.04,18053.6496,18083.4762,0
22840,391.04,18053.6496,18083.4762,0
22841,391.10,18053.6517,18083.4762,0
22842,391.10,18053.6517,18083.4762,0
22843,391.14,18053.6517,18083.4762,0
22846,391.18,18053.6517,18083.4762,0
22847,391.22,18053.6496,18083.4762,0
22848,391.25,18053.6496,18083.4762,0
22850,391.29,18053.6496,18083.4762,0
22851,391.33,18053.6517,18083.4762,0
22853,391.34,18053.6517,18083.4762,0
22854,391.34,18053.6517,18083.4762,0
22856,391.38,18053.6517,18083.4762,0
22857,391.38,18053.6517,18083.4762,0
22858,391.42,18053.6496,18083.4762,0
22861,391.50,18053.6517,18083.4762,0
22863,391.54,18053.6517,18083.4762,0
22864,391.54,18053.6517,18083.4762,0
22865,391.58,18053.6517,18083.4762,0
22866,391.62,18053.6496,18083.4762,0
22867,391.65,18053.6496,18083.4762,0
22868,391.66,18053.6496,18083.4762,0
22869,391.66,18053.6496,18083.4762,0
22870,391.66,18053.6496,18083.4762,0
22871,391.66,18053.6496,18083.4762,0
22872,391.66,18053.6496,18083.4762,0
22873,391.66,18053.6496,18083.4762,0
22874,391.69,18053.6496,18083.4762,0
22875,391.69,18053.6496,18083.4762,0
22876,391.74,18053.6517,18083.4762,0
22877,391.74,18053.6517,18083.4762,0
22878,391.74,18053.6517,18083.4762,0
22879,391.77,18053.6517,18083.4762,0
22880,391.81,18053.6517,18083.4762,0
22881,391.81,18053.6517,18083.4762,0
22882,391.85,18053.6496,18083.4762,0
22883,391.88,18053.6496,18083.4762,0
22884,391.88,18053.6496,18083.4762,0
22886,391.89,18053.6496,18083.4762,0
22888,391.93,18053.6496,18083.4762,0
22889,391.93,18053.6496,18083.4762,0
22890,391.93,18053.6496,18083.4762,0
22891,391.93,18053.6496,18083.4762,0
22893,391.97,18053.6517,18083.4762,0
22894,391.98,18053.6517,18083.4762,0
22895,391.98,18053.6517,18083.4762,0
22896,392.01,18053.6517,18083.4762,0
22897,392.01,18053.6517,18083.4762,0
22899,392.01,18053.6517,18083.4762,0
22900,392.01,18053.6517,18083.4762,0
22901,392.01,18053.6517,18083.4762,0
22903,392.01,18053.6517,18083.4762,0
22904,392.01,18053.6517,18083.4762,0
22905,392.05,18053.6517,18083.4762,0
22907,392.05,18053.6517,18083.4762,0
22908,392.05,18053.6517,18083.4762,0
22911,392.05,18053.6517,18083.4762,0
22912,392.09,18053.6496,18083.4762,0
22915,392.13,18053.6496,18083.4762,0
22916,392.13,18053.6496,18083.4762,0
22918,392.17,18053.6496,18083.4762,0
22919,392.21,18053.6517,18083.4762,0
22920,392.21,18053.6517,18083.4762,0
22921,392.29,18053.6496,18083.4762,0
22922,392.37,18053.6517,18083.4762,0
22923,392.40,18053.6517,18083.4762,0
22924,392.44,18053.6517,18083.4762,0
22925,392.44,18053.6517,18083.4762,0
22926,392.44,18053.6517,18083.4762,0
22927,392.44,18053.6517,18083.4762,0
22928,392.44,18053.6517,18083.4762,0
22929,392.48,18053.6496,18083.4762,0
22930,392.52,18053.6496,18083.4762,0
22931,392.59,18053.6517,18083.4762,0
22932,392.60,18053.6517,18083.4762,0
22934,392.60,18053.6517,18083.4762,0
22935,392.60,18053.6517,18083.4762,0
22936,392.64,18053.6517,18083.4762,0
22937,392.67,18053.6517,18083.4762,0
22938,392.67,18053.6517,18083.4762,0
22939,392.67,18053.6517,18083.4762,0
22940,392.67,18053.6517,18083.4762,0
22941,392.71,18053.6496,18083.4762,0
22942,392.72,18053.6496,18083.4762,0
22943,392.80,18053.6517,18083.4762,0
22944,392.80,18053.6517,18083.4762,0
22945,392.84,18053.6517,18083.4762,0
22946,392.87,18053.6517,18083.4762,0
22947,392.87,18053.6517,18083.4762,0
22948,392.87,18053.6517,18083.4762,0
22949,392.87,18053.6517,18083.4762,0
22950,392.87,18053.6517,18083.4762,0
22951,392.87,18053.6517,18083.4762,0
22952,392.91,18053.6496,18083.4762,0
22953,392.92,18053.6496,18083.4762,0
22954,392.95,18053.6496,18083.4762,0
22956,393.03,18053.6517,18083.4762,0
22957,393.11,18053.6496,18083.4762,0
22958,393.11,18053.6496,18083.4762,0
22959,393.11,18053.6496,18083.4762,0
22961,393.12,18053.6496,18083.4762,0
22962,393.12,18053.6496,18083.4762,0
22963,393.19,18053.6517,18083.4762,0
22966,393.28,18053.6496,18083.4762,0
22967,393.31,18053.6496,18083.4762,0
22968,393.34,18053.6496,18083.4762,0
22969,393.39,18053.6517,18083.4762,0
22971,393.39,18053.6517,18083.4762,0
22972,393.39,18053.6517,18083.4762,0
22973,393.47,18053.6496,18083.4762,0
22975,393.51,18053.6496,18083.4762,0
22977,393.54,18053.6496,18083.4762,0
22978,393.54,18053.6496,18083.4762,0
22979,393.59,18053.6517,18083.4762,0
22980,393.59,18053.6517,18083.4762,0
22981,393.67,18053.6496,18083.4762,0
22982,393.74,18053.6517,18083.4762,0
22983,393.78,18053.6517,18083.4762,0
22984,393.81,18053.6517,18083.4762,0
22986,393.82,18053.6517,18083.4762,0
22988,393.82,18053.6517,18083.4762,0
22989,393.82,18053.6517,18083.4762,0
22990,393.82,18053.6517,18083.4762,0
22991,393.82,18053.6517,18083.4762,0
22992,393.82,18053.6517,18083.4762,0
22993,393.86,18053.6496,18083.4762,0
22994,393.87,18053.6496,18083.4762,0
22995,393.90,18053.6496,18083.4762,0
22997,393.91,18053.6496,18083.4762,0
22999,393.94,18053.6496,18083.4762,0
23000,393.94,18053.6496,18083.4762,0
23001,393.98,18053.6517,18083.4762,0
23002,394.06,18053.6496,18083.4762,0
23003,394.09,18053.6496,18083.4762,0
23004,394.09,18053.6496,18083.4762,0
23005,394.09,18053.6496,18083.4762,0
23006,394.13,18053.6496,18083.4762,0
23008,394.13,18053.6496,18083.4762,0
23010,394.13,18053.6496,18083.4762,0
23011,394.18,18053.6517,18083.4762,0
23013,394.26,18053.6496,18083.4762,0
23014,394.29,18053.6496,18083.4762,0
23015,394.37,18053.6517,18083.4762,0
23016,394.37,18053.6517,18083.4762,0
23018,394.41,18053.6517,18083.4762,0
23021,394.44,18053.6517,18083.4762,0
23022,394.44,18053.6517,18083.4762,0
23023,394.49,18053.6496,18083.4762,0
23024,394.52,18053.6496,18083.4762,0
23025,394.56,18053.6496,18083.4762,0
23028,394.56,18053.6496,18083.4762,0
23029,394.56,18053.6496,18083.4762,0
23031,394.56,18053.6496,18083.4762,0
23032,394.56,18053.6496,18083.4762,0
23033,394.56,18053.6496,18083.4762,0
23036,394.56,18053.6496,18083.4762,0
23037,394.56,18053.6496,18083.4762,0
23038,394.56,18053.6496,18083.4762,0
23039,394.61,18053.6517,18083.4762,0
23040,394.64,18053.6517,18083.4762,0
23041,394.64,18053.6517,18083.4762,0
23042,394.65,18053.6517,18083.4762,0
23043,394.65,18053.6517,18083.4762,0
23044,394.69,18053.6496,18083.4762,0
23046,394.77,18053.6517,18083.4762,0
23048,394.85,18053.6496,18083.4762,0
23049,394.93,18053.6517,18083.4762,0
23050,394.96,18053.6517,18083.4762,0
23051,394.96,18053.6517,18083.4762,0
23053,395.00,18053.6517,18083.4762,0
23056,395.00,18053.6517,18083.4762,0
23059,395.00,18053.6517,18083.4762,0
23060,395.00,18053.6517,18083.4762,0
23061,395.00,18053.6517,18083.4762,0
23062,395.00,18053.6517,18083.4762,0
23063,395.00,18053.6517,18083.4762,0
23064,395.00,18053.6517,18083.4762,0
23065,395.00,18053.6517,18083.4762,0
23066,395.00,18053.6517,18083.4762,0
23068,395.05,18053.6496,18083.4762,0
23069,395.12,18053.6517,18083.4762,0
23070,395.20,18053.6496,18083.4762,0
23071,395.21,18053.6496,18083.4762,0
23073,395.24,18053.6496,18083.4762,0
23074,395.32,18053.6517,18083.4762,0
23075,395.33,18053.6517,18083.4762,0
23076,395.36,18053.6517,18083.4762,0
23077,395.39,18053.6517,18083.4762,0
23078,395.44,18053.6496,18083.4762,0
23079,395.47,18053.6496,18083.4762,0
23080,395.51,18053.6496,18083.4762,0
23081,395.55,18053.6517,18083.4762,0
23082,395.58,18053.6517,18083.4762,0
23083,395.59,18053.6517,18083.4762,0
23086,395.59,18053.6517,18083.4762,0
23088,395.59,18053.6517,18083.4762,0
23090,395.62,18053.6517,18083.4762,0
23091,395.62,18053.6517,18083.4762,0
23092,395.62,18053.6517,18083.4762,0
23094,395.62,18053.6517,18083.4762,0
23095,395.62,18053.6517,18083.4762,0
23096,395.62,18053.6517,18083.4762,0
23097,395.62,18053.6517,18083.4762,0
23098,395.62,18053.6517,18083.4762,0
23099,395.62,18053.6517,18083.4762,0
23100,395.62,18053.6517,18083.4762,0
23101,395.62,18053.6517,18083.4762,0
23102,395.62,18053.6517,18083.4762,0
23103,395.67,18053.6496,18083.4762,0
23105,395.71,18053.6496,18083.4762,0
23106,395.74,18053.6496,18083.4762,0
23107,395.78,18053.6517,18083.4762,0
23110,395.79,18053.6517,18083.4762,0
23111,395.79,18053.6517,18083.4762,0
23112,395.79,18053.6517,18083.4762,0
23115,395.87,18053.6496,18083.4762,0
23116,395.97,18053.6517,18083.4762,0
23120,395.98,18053.6517,18083.4762,0
23122,396.01,18053.6517,18083.4762,0
23124,396.05,18053.6517,18083.4762,0
23126,396.05,18053.6517,18083.4762,0
23127,396.05,18053.6517,18083.4762,0
23128,396.09,18053.6496,18083.4762,0
23131,396.10,18053.6496,18083.4762,0
23134,396.13,18053.6496,18083.4762,0
23135,396.17,18053.6517,18083.4762,0
23137,396.21,18053.6517,18083.4762,0
23138,396.25,18053.6517,18083.4762,0
23140,396.25,18053.6517,18083.4762,0
23141,396.25,18053.6517,18083.4762,0
23142,396.29,18053.6496,18083.4762,0
23143,396.33,18053.6496,18083.4762,0
23144,396.33,18053.6496,18083.4762,0
23146,396.34,18053.6496,18083.4762,0
23147,396.38,18053.6517,18083.4762,0
23149,396.42,18053.6517,18083.4762,0
23151,396.42,18053.6517,18083.4762,0
23152,396.46,18053.6496,18083.4762,0
23153,396.49,18053.6496,18083.4762,0
23154,396.53,18053.6496,18083.4762,0
23156,396.54,18053.6496,18083.4762,0
23157,396.54,18053.6496,18083.4762,0
23159,396.54,18053.6496,18083.4762,0
23160,396.54,18053.6496,18083.4762,0
23163,396.58,18053.6517,18083.4762,0
23164,396.61,18053.6517,18083.4762,0
23165,396.61,18053.6517,18083.4762,0
23166,396.61,18053.6517,18083.4762,0
23167,396.66,18053.6496,18083.4762,0
23168,396.73,18053.6517,18083.4762,0
23169,396.74,18053.6517,18083.4762,0
23171,396.78,18053.6517,18083.4762,0
23173,396.78,18053.6517,18083.4762,0
23174,396.78,18053.6517,18083.4762,0
23175,396.81,18053.6517,18083.4762,0
23176,396.81,18053.6517,18083.4762,0
23177,396.81,18053.6517,18083.4762,0
23178,396.81,18053.6517,18083.4762,0
23179,396.81,18053.6517,18083.4762,0
23180,396.81,18053.6517,18083.4762,0
23181,396.85,18053.6496,18083.4762,0
23182,396.86,18053.6496,18083.4762,0
23183,396.94,18053.6517,18083.4762,0
23184,396.97,18053.6517,18083.4762,0
23185,396.97,18053.6517,18083.4762,0
23186,397.00,18053.6517,18083.4762,0
23189,397.05,18053.6496,18083.4762,0
23190,397.09,18053.6496,18083.4762,0
23191,397.09,18053.6496,18083.4762,0
23192,397.09,18053.6496,18083.4762,0
23193,397.09,18053.6496,18083.4762,0
23194,397.09,18053.6496,18083.4762,0
23195,397.09,18053.6496,18083.4762,0
23196,397.09,18053.6496,18083.4762,0
23198,397.13,18053.6496,18083.4762,0
23199,397.13,18053.6496,18083.4762,0
23200,397.17,18053.6517,18083.4762,0
23201,397.18,18053.6517,18083.4762,0
23202,397.21,18053.6517,18083.4762,0
23203,397.21,18053.6517,18083.4762,0
23204,397.25,18053.6496,18083.4762,0
23206,397.26,18053.6496,18083.4762,0
23207,397.30,18053.6496,18083.4762,0
23208,397.33,18053.6496,18083.4762,0
23209,397.37,18053.6517,18083.4762,0
23210,397.38,18053.6517,18083.4762,0
23211,397.46,18053.6496,18083.4762,0
23212,397.53,18053.6517,18083.4762,0
23213,397.54,18053.6517,18083.4762,0
23214,397.57,18053.6517,18083.4762,0
23215,397.61,18053.6496,18083.4762,0
23218,397.62,18053.6496,18083.4762,0
23219,397.62,18053.6496,18083.4762,0
23220,397.62,18053.6496,18083.4762,0
23221,397.66,18053.6496,18083.4762,0
23222,397.73,18053.6517,18083.4762,0
23223,397.81,18053.6496,18083.4762,0
23224,397.84,18053.6496,18083.4762,0
23225,397.84,18053.6496,18083.4762,0
23226,397.89,18053.6517,18083.4762,0
23228,397.97,18053.6496,18083.4762,0
23230,398.01,18053.6496,18083.4762,0
23233,398.04,18053.6496,18083.4762,0
23234,398.04,18053.6496,18083.4762,0
23235,398.04,18053.6496,18083.4762,0
23236,398.08,18053.6517,18083.4762,0
23237,398.09,18053.6517,18083.4762,0
23238,398.16,18053.6496,18083.4762,0
23239,398.17,18053.6496,18083.4762,0
23240,398.17,18053.6496,18083.4762,0
23241,398.25,18053.6517,18083.4762,0
23242,398.28,18053.6517,18083.4762,0
23243,398.29,18053.6517,18083.4762,0
23244,398.29,18053.6517,18083.4762,0
23245,398.36,18053.6496,18083.4762,0
23246,398.40,18053.6496,18083.4762,0
23247,398.43,18053.6496,18083.4762,0
23248,398.43,18053.6496,18083.4762,0
23249,398.44,18053.6496,18083.4762,0
23251,398.44,18053.6496,18083.4762,0
23253,398.44,18053.6496,18083.4762,0
23254,398.44,18053.6496,18083.4762,0
23257,398.44,18053.6496,18083.4762,0
23258,398.48,18053.6517,18083.4762,0
23260,398.52,18053.6517,18083.4762,0
23261,398.60,18053.6496,18083.4762,0
23262,398.68,18053.6517,18083.4762,0
23263,398.68,18053.6517,18083.4762,0
23264,398.71,18053.6517,18083.4762,0
23265,398.79,18053.6496,18083.4762,0
23266,398.80,18053.6496,18083.4762,0
23267,398.83,18053.6496,18083.4762,0
23268,398.83,18053.6496,18083.4762,0
23271,398.84,18053.6496,18083.4762,0
23272,398.91,18053.6517,18083.4762,0
23274,398.92,18053.6517,18083.4762,0
23275,399.00,18053.6496,18083.4762,0
23276,399.00,18053.6496,18083.4762,0
23277,399.08,18053.6517,18083.4762,0
23278,399.11,18053.6517,18083.4762,0
23281,399.12,18053.6517,18083.4762,0
23282,399.15,18053.6517,18083.4762,0
23284,399.16,18053.6517,18083.4762,0
23285,399.16,18053.6517,18083.4762,0
23287,399.16,18053.6517,18083.4762,0
23288,399.16,18053.6517,18083.4762,0
23289,399.20,18053.6496,18083.4762,0
23290,399.24,18053.6496,18083.4762,0
23291,399.24,18053.6496,18083.4762,0
23295,399.27,18053.6496,18083.4762,0
23297,399.28,18053.6496,18083.4762,0
23298,399.32,18053.6517,18083.4762,0
23299,399.33,18053.6517,18083.4762,0
23300,399.33,18053.6517,18083.4762,0
23301,399.40,18053.6496,18083.4762,0
23303,399.48,18053.6517,18083.4762,0
23304,399.49,18053.6517,18083.4762,0
23305,399.52,18053.6517,18083.4762,0
23310,399.53,18053.6517,18083.4762,0
23311,399.53,18053.6517,18083.4762,0
23312,399.60,18053.6496,18083.4762,0
23313,399.64,18053.6496,18083.4762,0
23314,399.64,18053.6496,18083.4762,0
23316,399.64,18053.6496,18083.4762,0
23317,399.68,18053.6517,18083.4762,0
23318,399.76,18053.6496,18083.4762,0
23319,399.80,18053.6496,18083.4762,0
23320,399.84,18053.6517,18083.4762,0
23321,399.87,18053.6517,18083.4762,0
23322,399.88,18053.6517,18083.4762,0
23326,399.93,18053.6496,18083.4762,0
23329,399.96,18053.6496,18083.4762,0
23330,399.97,18053.6496,18083.4762,0
23331,400.00,18053.6496,18083.4762,0
23335,400.00,18053.6496,18083.4762,0
23336,400.00,18053.6496,18083.4762,0
23337,400.00,18053.6496,18083.4762,0
23339,400.05,18053.6517,18083.4762,0
23340,400.08,18053.6517,18083.4762,0
23341,400.08,18053.6517,18083.4762,0
23342,400.08,18053.6517,18083.4762,0
23343,400.08,18053.6517,18083.4762,0
23344,400.12,18053.6517,18083.4762,0
23347,400.12,18053.6517,18083.4762,0
23348,400.12,18053.6517,18083.4762,0
23349,400.12,18053.6517,18083.4762,0
23350,400.12,18053.6517,18083.4762,0
23352,400.12,18053.6517,18083.4762,0
23353,400.12,18053.6517,18083.4762,0
23355,400.18,18053.6496,18083.4762,0
23356,400.22,18053.6496,18083.4762,0
23358,400.23,18053.6496,18083.4762,0
23360,400.26,18053.6496,18083.4762,0
23361,400.26,18053.6496,18083.4762,0
23362,400.26,18053.6496,18083.4762,0
23363,400.26,18053.6496,18083.4762,0
23365,400.26,18053.6496,18083.4762,0
23368,400.30,18053.6517,18083.4762,0
23374,400.34,18053.6517,18083.4762,0
23375,400.38,18053.6496,18083.4762,0
23378,400.42,18053.6496,18083.4762,0
23380,400.42,18053.6496,18083.4762,0
23381,400.43,18053.6496,18083.4762,0
23382,400.50,18053.6517,18083.4762,0
23384,400.54,18053.6517,18083.4762,0
23386,400.57,18053.6517,18083.4762,0
23387,400.62,18053.6496,18083.4762,0
23388,400.65,18053.6496,18083.4762,0
23389,400.73,18053.6517,18083.4762,0
23390,400.76,18053.6517,18083.4762,0
23391,400.80,18053.6517,18083.4762,0
23393,400.81,18053.6517,18083.4762,0
23394,400.85,18053.6496,18083.4762,0
23395,400.88,18053.6496,18083.4762,0
23396,400.93,18053.6517,18083.4762,0
23397,400.96,18053.6517,18083.4762,0
23398,400.96,18053.6517,18083.4762,0
23400,401.00,18053.6517,18083.4762,0
23401,401.00,18053.6517,18083.4762,0
23402,401.00,18053.6517,18083.4762,0
23403,401.00,18053.6517,18083.4762,0
23404,401.05,18053.6496,18083.4762,0
23406,401.13,18053.6517,18083.4762,0
23408,401.17,18053.6517,18083.4762,0
23409,401.20,18053.6517,18083.4762,0
23410,401.20,18053.6517,18083.4762,0
23411,401.20,18053.6517,18083.4762,0
23412,401.20,18053.6517,18083.4762,0
23415,401.20,18053.6517,18083.4762,0
23416,401.20,18053.6517,18083.4762,0
23417,401.20,18053.6517,18083.4762,0
23419,401.20,18053.6517,18083.4762,0
23420,401.20,18053.6517,18083.4762,0
23421,401.20,18053.6517,18083.4762,0
23422,401.20,18053.6517,18083.4762,0
23423,401.20,18053.6517,18083.4762,0
23424,401.20,18053.6517,18083.4762,0
23425,401.25,18053.6496,18083.4762,0
23426,401.32,18053.6517,18083.4762,0
23428,401.33,18053.6517,18083.4762,0
23429,401.33,18053.6517,18083.4762,0
23430,401.33,18053.6517,18083.4762,0
23431,401.37,18053.6517,18083.4762,0
23432,401.37,18053.6517,18083.4762,0
23433,401.40,18053.6517,18083.4762,0
23434,401.40,18053.6517,18083.4762,0
23435,401.45,18053.6496,18083.4762,0
23436,401.45,18053.6496,18083.4762,0
23437,401.48,18053.6496,18083.4762,0
23438,401.53,18053.6517,18083.4762,0
23439,401.53,18053.6517,18083.4762,0
23440,401.57,18053.6517,18083.4762,0
23441,401.57,18053.6517,18083.4762,0
23442,401.57,18053.6517,18083.4762,0
23443,401.57,18053.6517,18083.4762,0
23444,401.57,18053.6517,18083.4762,0
23445,401.60,18053.6517,18083.4762,0
23446,401.60,18053.6517,18083.4762,0
23448,401.60,18053.6517,18083.4762,0
23449,401.60,18053.6517,18083.4762,0
23451,401.65,18053.6496,18083.4762,0
23452,401.72,18053.6517,18083.4762,0
23453,401.80,18053.6496,18083.4762,0
23454,401.83,18053.6496,18083.4762,0
23455,401.87,18053.6496,18083.4762,0
23457,401.91,18053.6517,18083.4762,0
23458,401.95,18053.6517,18083.4762,0
23459,401.95,18053.6517,18083.4762,0
23460,401.95,18053.6517,18083.4762,0
23461,401.95,18053.6517,18083.4762,0
23462,401.99,18053.6517,18083.4762,0
23463,401.99,18053.6517,18083.4762,0
23464,402.03,18053.6496,18083.4762,0
23465,402.04,18053.6496,18083.4762,0
23466,402.07,18053.6496,18083.4762,0
23467,402.10,18053.6496,18083.4762,0
23468,402.10,18053.6496,18083.4762,0
23470,402.11,18053.6496,18083.4762,0
23471,402.11,18053.6496,18083.4762,0
23473,402.15,18053.6517,18083.4762,0
23474,402.19,18053.6517,18083.4762,0
23475,402.19,18053.6517,18083.4762,0
23476,402.26,18053.6496,18083.4762,0
23477,402.27,18053.6496,18083.4762,0
23478,402.27,18053.6496,18083.4762,0
23479,402.27,18053.6496,18083.4762,0
23480,402.34,18053.6517,18083.4762,0
23481,402.38,18053.6517,18083.4762,0
23482,402.41,18053.6517,18083.4762,0
23483,402.42,18053.6517,18083.4762,0
23484,402.46,18053.6496,18083.4762,0
23487,402.54,18053.6517,18083.4762,0
23488,402.54,18053.6517,18083.4762,0
23490,402.55,18053.6517,18083.4762,0
23491,402.58,18053.6517,18083.4762,0
23493,402.58,18053.6517,18083.4762,0
23495,402.58,18053.6517,18083.4762,0
23496,402.58,18053.6517,18083.4762,0
23497,402.58,18053.6517,18083.4762,0
23498,402.58,18053.6517,18083.4762,0
23499,402.58,18053.6517,18083.4762,0
23500,402.58,18053.6517,18083.4762,0
23502,402.62,18053.6517,18083.4762,0
23503,402.62,18053.6517,18083.4762,0
23505,402.66,18053.6496,18083.4762,0
23508,402.70,18053.6496,18083.4762,0
23511,402.70,18053.6496,18083.4762,0
23512,402.70,18053.6496,18083.4762,0
23513,402.78,18053.6517,18083.4762,0
23514,402.81,18053.6517,18083.4762,0
23515,402.82,18053.6517,18083.4762,0
23516,402.85,18053.6517,18083.4762,0
23518,402.85,18053.6517,18083.4762,0
23519,402.85,18053.6517,18083.4762,0
23520,402.85,18053.6517,18083.4762,0
23521,402.85,18053.6517,18083.4762,0
23522,402.85,18053.6517,18083.4762,0
23523,402.85,18053.6517,18083.4762,0
23526,402.85,18053.6517,18083.4762,0
23527,402.90,18053.6496,18083.4762,0
23529,402.98,18053.6517,18083.4762,0
23530,402.99,18053.6517,18083.4762,0
23532,402.99,18053.6517,18083.4762,0
23533,403.02,18053.6517,18083.4762,0
23534,403.02,18053.6517,18083.4762,0
23535,403.06,18053.6517,18083.4762,0
23536,403.06,18053.6517,18083.4762,0
23537,403.06,18053.6517,18083.4762,0
23538,403.06,18053.6517,18083.4762,0
23539,403.06,18053.6517,18083.4762,0
23541,403.06,18053.6517,18083.4762,0
23542,403.06,18053.6517,18083.4762,0
23543,403.06,18053.6517,18083.4762,0
23544,403.06,18053.6517,18083.4762,0
23545,403.06,18053.6517,18083.4762,0
23546,403.06,18053.6517,18083.4762,0
23547,403.10,18053.6496,18083.4762,0
23548,403.13,18053.6496,18083.4762,0
23550,403.18,18053.6517,18083.4762,0
23551,403.22,18053.6517,18083.4762,0
23552,403.22,18053.6517,18083.4762,0
23553,403.22,18053.6517,18083.4762,0
23555,403.26,18053.6517,18083.4762,0
23558,403.26,18053.6517,18083.4762,0
23559,403.30,18053.6496,18083.4762,0
23560,403.31,18053.6496,18083.4762,0
23561,403.38,18053.6517,18083.4762,0
23564,403.42,18053.6517,18083.4762,0
23566,403.45,18053.6517,18083.4762,0
23567,403.46,18053.6517,18083.4762,0
23568,403.46,18053.6517,18083.4762,0
23569,403.46,18053.6517,18083.4762,0
23570,403.46,18053.6517,18083.4762,0
23571,403.46,18053.6517,18083.4762,0
23572,403.46,18053.6517,18083.4762,0
23574,403.46,18053.6517,18083.4762,0
23575,403.46,18053.6517,18083.4762,0
23576,403.50,18053.6496,18083.4762,0
23578,403.51,18053.6496,18083.4762,0
23579,403.51,18053.6496,18083.4762,0
23580,403.51,18053.6496,18083.4762,0
23581,403.54,18053.6496,18083.4762,0
23584,403.54,18053.6496,18083.4762,0
23585,403.54,18053.6496,18083.4762,0
23586,403.59,18053.6517,18083.4762,0
23587,403.59,18053.6517,18083.4762,0
23588,403.63,18053.6517,18083.4762,0
23589,403.63,18053.6517,18083.4762,0
23590,403.63,18053.6517,18083.4762,0
23591,403.63,18053.6517,18083.4762,0
23595,403.63,18053.6517,18083.4762,0
23597,403.66,18053.6517,18083.4762,0
23598,403.66,18053.6517,18083.4762,0
23599,403.71,18053.6496,18083.4762,0
23600,403.71,18053.6496,18083.4762,0
23602,403.79,18053.6517,18083.4762,0
23604,403.87,18053.6496,18083.4762,0
23605,403.88,18053.6496,18083.4762,0
23606,403.91,18053.6496,18083.4762,0
23607,403.91,18053.6496,18083.4762,0
23608,403.94,18053.6496,18083.4762,0
23609,403.94,18053.6496,18083.4762,0
23610,403.94,18053.6496,18083.4762,0
23611,403.94,18053.6496,18083.4762,0
23612,403.99,18053.6517,18083.4762,0
23613,404.06,18053.6496,18083.4762,0
23614,404.07,18053.6496,18083.4762,0
23615,404.15,18053.6517,18083.4762,0
23617,404.18,18053.6517,18083.4762,0
23618,404.18,18053.6517,18083.4762,0
23621,404.22,18053.6517,18083.4762,0
23623,404.22,18053.6517,18083.4762,0
23625,404.22,18053.6517,18083.4762,0
23626,404.22,18053.6517,18083.4762,0
23627,404.22,18053.6517,18083.4762,0
23628,404.27,18053.6496,18083.4762,0
23629,404.27,18053.6496,18083.4762,0
23630,404.30,18053.6496,18083.4762,0
23631,404.38,18053.6517,18083.4762,0
23632,404.39,18053.6517,18083.4762,0
23633,404.42,18053.6517,18083.4762,0
23635,404.42,18053.6517,18083.4762,0
23636,404.42,18053.6517,18083.4762,0
23637,404.42,18053.6517,18083.4762,0
23638,404.42,18053.6517,18083.4762,0
23639,404.46,18053.6517,18083.4762,0
23641,404.50,18053.6496,18083.4762,0
23642,404.53,18053.6496,18083.4762,0
23645,404.54,18053.6496,18083.4762,0
23646,404.62,18053.6517,18083.4762,0
23647,404.62,18053.6517,18083.4762,0
23648,404.62,18053.6517,18083.4762,0
23649,404.66,18053.6517,18083.4762,0
23650,404.69,18053.6517,18083.4762,0
23652,404.70,18053.6517,18083.4762,0
23654,404.70,18053.6517,18083.4762,0
23655,404.70,18053.6517,18083.4762,0
23656,404.74,18053.6496,18083.4762,0
23657,404.74,18053.6496,18083.4762,0
23658,404.82,18053.6517,18083.4762,0
23659,404.86,18053.6517,18083.4762,0
23660,404.89,18053.6517,18083.4762,0
23662,404.89,18053.6517,18083.4762,0
23663,404.90,18053.6517,18083.4762,0
23664,404.90,18053.6517,18083.4762,0
23666,404.94,18053.6496,18083.4762,0
23668,404.95,18053.6496,18083.4762,0
23670,405.03,18053.6517,18083.4762,0
23671,405.03,18053.6517,18083.4762,0
23672,405.03,18053.6517,18083.4762,0
23673,405.07,18053.6517,18083.4762,0
23674,405.07,18053.6517,18083.4762,0
23675,405.07,18053.6517,18083.4762,0
23676,405.10,18053.6517,18083.4762,0
23677,405.10,18053.6517,18083.4762,0
23678,405.14,18053.6496,18083.4762,0
23680,405.18,18053.6496,18083.4762,0
23681,405.19,18053.6496,18083.4762,0
23683,405.22,18053.6496,18083.4762,0
23685,405.22,18053.6496,18083.4762,0
23686,405.22,18053.6496,18083.4762,0
23687,405.26,18053.6517,18083.4762,0
23688,405.30,18053.6517,18083.4762,0
23690,405.30,18053.6517,18083.4762,0
23691,405.31,18053.6517,18083.4762,0
23692,405.31,18053.6517,18083.4762,0
23694,405.31,18053.6517,18083.4762,0
23695,405.31,18053.6517,18083.4762,0
23696,405.35,18053.6496,18083.4762,0
23697,405.38,18053.6496,18083.4762,0
23698,405.42,18053.6496,18083.4762,0
23699,405.46,18053.6517,18083.4762,0
23700,405.47,18053.6517,18083.4762,0
23701,405.47,18053.6517,18083.4762,0
23702,405.50,18053.6517,18083.4762,0
23706,405.50,18053.6517,18083.4762,0
23707,405.50,18053.6517,18083.4762,0
23708,405.50,18053.6517,18083.4762,0
23710,405.50,18053.6517,18083.4762,0
23711,405.50,18053.6517,18083.4762,0
23712,405.50,18053.6517,18083.4762,0
23713,405.50,18053.6517,18083.4762,0
23714,405.50,18053.6517,18083.4762,0
23715,405.54,18053.6517,18083.4762,0
23716,405.54,18053.6517,18083.4762,0
23717,405.54,18053.6517,18083.4762,0
23718,405.54,18053.6517,18083.4762,0
23719,405.54,18053.6517,18083.4762,0
23720,405.54,18053.6517,18083.4762,0
23721,405.54,18053.6517,18083.4762,0
23728,405.58,18053.6496,18083.4762,0
23729,405.59,18053.6496,18083.4762,0
23731,405.62,18053.6496,18083.4762,0
23733,405.62,18053.6496,18083.4762,0
23734,405.62,18053.6496,18083.4762,0
23735,405.67,18053.6517,18083.4762,0
23736,405.70,18053.6517,18083.4762,0
23737,405.71,18053.6517,18083.4762,0
23738,405.71,18053.6517,18083.4762,0
23739,405.74,18053.6517,18083.4762,0
23740,405.74,18053.6517,18083.4762,0
23742,405.74,18053.6517,18083.4762,0
23743,405.74,18053.6517,18083.4762,0
23744,405.74,18053.6517,18083.4762,0
23745,405.79,18053.6496,18083.4762,0
23746,405.86,18053.6517,18083.4762,0
23747,405.87,18053.6517,18083.4762,0
23748,405.90,18053.6517,18083.4762,0
23749,405.98,18053.6496,18083.4762,0
23750,406.01,18053.6496,18083.4762,0
23751,406.06,18053.6517,18083.4762,0
23752,406.06,18053.6517,18083.4762,0
23753,406.06,18053.6517,18083.4762,0
23755,406.10,18053.6517,18083.4762,0
23756,406.10,18053.6517,18083.4762,0
23757,406.14,18053.6496,18083.4762,0
23758,406.15,18053.6496,18083.4762,0
23759,406.15,18053.6496,18083.4762,0
23760,406.15,18053.6496,18083.4762,0
23762,406.18,18053.6496,18083.4762,0
23763,406.26,18053.6517,18083.4762,0
23765,406.30,18053.6517,18083.4762,0
23766,406.30,18053.6517,18083.4762,0
23767,406.33,18053.6517,18083.4762,0
23768,406.33,18053.6517,18083.4762,0
23769,406.34,18053.6517,18083.4762,0
23770,406.38,18053.6496,18083.4762,0
23771,406.42,18053.6496,18083.4762,0
23773,406.42,18053.6496,18083.4762,0
23775,406.42,18053.6496,18083.4762,0
23777,406.45,18053.6496,18083.4762,0
23778,406.46,18053.6496,18083.4762,0
23780,406.46,18053.6496,18083.4762,0
23782,406.46,18053.6496,18083.4762,0
23783,406.46,18053.6496,18083.4762,0
23784,406.50,18053.6517,18083.4762,0
23785,406.53,18053.6517,18083.4762,0
23787,406.57,18053.6517,18083.4762,0
23788,406.62,18053.6496,18083.4762,0
23789,406.71,18053.6517,18083.4762,0
23791,406.75,18053.6517,18083.4762,0
23792,406.75,18053.6517,18083.4762,0
23793,406.75,18053.6517,18083.4762,0
23794,406.79,18053.6517,18083.4762,0
23796,406.79,18053.6517,18083.4762,0
23797,406.79,18053.6517,18083.4762,0
23798,406.83,18053.6496,18083.4762,0
23800,406.84,18053.6496,18083.4762,0
23801,406.87,18053.6496,18083.4762,0
23802,406.95,18053.6517,18083.4762,0
23804,406.96,18053.6517,18083.4762,0
23805,406.99,18053.6517,18083.4762,0
23806,407.03,18053.6517,18083.4762,0
23808,407.03,18053.6517,18083.4762,0
23809,407.03,18053.6517,18083.4762,0
23811,407.03,18053.6517,18083.4762,0
23813,407.03,18053.6517,18083.4762,0
23814,407.03,18053.6517,18083.4762,0
23815,407.07,18053.6496,18083.4762,0
23816,407.08,18053.6496,18083.4762,0
23817,407.08,18053.6496,18083.4762,0
23818,407.11,18053.6496,18083.4762,0
23819,407.15,18053.6517,18083.4762,0
23822,407.16,18053.6517,18083.4762,0
23824,407.19,18053.6517,18083.4762,0
23825,407.19,18053.6517,18083.4762,0
23826,407.19,18053.6517,18083.4762,0
23827,407.23,18053.6517,18083.4762,0
23828,407.27,18053.6496,18083.4762,0
23830,407.28,18053.6496,18083.4762,0
23831,407.32,18053.6496,18083.4762,0
23832,407.37,18053.6496,18083.4762,0
23834,407.37,18053.6496,18083.4762,0
23835,407.37,18053.6496,18083.4762,0
23837,407.42,18053.6517,18083.4762,0
23838,407.45,18053.6517,18083.4762,0
23839,407.50,18053.6496,18083.4762,0
23840,407.57,18053.6517,18083.4762,0
23841,407.61,18053.6517,18083.4762,0
23842,407.61,18053.6517,18083.4762,0
23844,407.61,18053.6517,18083.4762,0
23845,407.62,18053.6517,18083.4762,0
23847,407.69,18053.6496,18083.4762,0
23848,407.73,18053.6496,18083.4762,0
23849,407.76,18053.6496,18083.4762,0
23850,407.80,18053.6517,18083.4762,0
23851,407.84,18053.6517,18083.4762,0
23852,407.88,18053.6496,18083.4762,0
23853,407.92,18053.6496,18083.4762,0
23854,407.92,18053.6496,18083.4762,0
23855,407.99,18053.6517,18083.4762,0
23858,408.00,18053.6517,18083.4762,0
23860,408.03,18053.6517,18083.4762,0
23862,408.03,18053.6517,18083.4762,0
23863,408.03,18053.6517,18083.4762,0
23864,408.03,18053.6517,18083.4762,0
23865,408.03,18053.6517,18083.4762,0
23867,408.07,18053.6517,18083.4762,0
23869,408.07,18053.6517,18083.4762,0
23871,408.07,18053.6517,18083.4762,0
23872,408.11,18053.6496,18083.4762,0
23873,408.12,18053.6496,18083.4762,0
23874,408.12,18053.6496,18083.4762,0
23875,408.15,18053.6496,18083.4762,0
23876,408.23,18053.6517,18083.4762,0
23877,408.23,18053.6517,18083.4762,0
23878,408.27,18053.6517,18083.4762,0
23882,408.27,18053.6517,18083.4762,0
23884,408.31,18053.6496,18083.4762,0
23887,408.35,18053.6496,18083.4762,0
23888,408.39,18053.6496,18083.4762,0
23889,408.39,18053.6496,18083.4762,0
23891,408.43,18053.6517,18083.4762,0
23892,408.47,18053.6517,18083.4762,0
23893,408.50,18053.6517,18083.4762,0
23895,408.51,18053.6517,18083.4762,0
23896,408.51,18053.6517,18083.4762,0
23897,408.51,18053.6517,18083.4762,0
23898,408.51,18053.6517,18083.4762,0
23900,408.51,18053.6517,18083.4762,0
23901,408.51,18053.6517,18083.4762,0
23902,408.51,18053.6517,18083.4762,0
23903,408.51,18053.6517,18083.4762,0
23904,408.51,18053.6517,18083.4762,0
23905,408.51,18053.6517,18083.4762,0
23907,408.55,18053.6496,18083.4762,0
23908,408.59,18053.6496,18083.4762,0
23909,408.63,18053.6517,18083.4762,0
23910,408.71,18053.6496,18083.4762,0
23911,408.71,18053.6496,18083.4762,0
23912,408.75,18053.6496,18083.4762,0
23913,408.79,18053.6517,18083.4762,0
23914,408.80,18053.6517,18083.4762,0
23915,408.83,18053.6517,18083.4762,0
23916,408.83,18053.6517,18083.4762,0
23917,408.83,18053.6517,18083.4762,0
23918,408.83,18053.6517,18083.4762,0
23919,408.86,18053.6517,18083.4762,0
23920,408.91,18053.6496,18083.4762,0
23921,408.99,18053.6517,18083.4762,0
23923,409.02,18053.6517,18083.4762,0
23925,409.03,18053.6517,18083.4762,0
23926,409.03,18053.6517,18083.4762,0
23927,409.03,18053.6517,18083.4762,0
23928,409.03,18053.6517,18083.4762,0
23929,409.03,18053.6517,18083.4762,0
23931,409.03,18053.6517,18083.4762,0
23932,409.03,18053.6517,18083.4762,0
23933,409.06,18053.6517,18083.4762,0
23934,409.06,18053.6517,18083.4762,0
23936,409.06,18053.6517,18083.4762,0
23938,409.06,18053.6517,18083.4762,0
23940,409.06,18053.6517,18083.4762,0
23941,409.06,18053.6517,18083.4762,0
23942,409.11,18053.6496,18083.4762,0
23944,409.14,18053.6496,18083.4762,0
23945,409.15,18053.6496,18083.4762,0
23946,409.15,18053.6496,18083.4762,0
23948,409.18,18053.6496,18083.4762,0
23950,409.18,18053.6496,18083.4762,0
23951,409.18,18053.6496,18083.4762,0
23952,409.18,18053.6496,18083.4762,0
23953,409.23,18053.6517,18083.4762,0
23954,409.26,18053.6517,18083.4762,0
23955,409.26,18053.6517,18083.4762,0
23956,409.30,18053.6496,18083.4762,0
23957,409.34,18053.6496,18083.4762,0
23958,409.34,18053.6496,18083.4762,0
23960,409.42,18053.6517,18083.4762,0
23961,409.46,18053.6517,18083.4762,0
23962,409.46,18053.6517,18083.4762,0
23963,409.49,18053.6517,18083.4762,0
23965,409.50,18053.6517,18083.4762,0
23966,409.50,18053.6517,18083.4762,0
23969,409.50,18053.6517,18083.4762,0
23970,409.50,18053.6517,18083.4762,0
23971,409.50,18053.6517,18083.4762,0
23972,409.50,18053.6517,18083.4762,0
23973,409.50,18053.6517,18083.4762,0
23974,409.54,18053.6496,18083.4762,0
23975,409.58,18053.6496,18083.4762,0
23977,409.62,18053.6496,18083.4762,0
23978,409.66,18053.6517,18083.4762,0
23980,409.70,18053.6517,18083.4762,0
23981,409.73,18053.6517,18083.4762,0
23983,409.77,18053.6496,18083.4762,0
23984,409.81,18053.6496,18083.4762,0
23985,409.81,18053.6496,18083.4762,0
23986,409.84,18053.6496,18083.4762,0
23987,409.85,18053.6496,18083.4762,0
23988,409.85,18053.6496,18083.4762,0
23989,409.89,18053.6517,18083.4762,0
23990,409.92,18053.6517,18083.4762,0
23991,409.93,18053.6517,18083.4762,0
23992,409.93,18053.6517,18083.4762,0
23993,409.93,18053.6517,18083.4762,0
23994,409.97,18053.6496,18083.4762,0
23995,409.98,18053.6496,18083.4762,0
23997,410.06,18053.6517,18083.4762,0
23999,410.14,18053.6496,18083.4762,0
24000,410.17,18053.6496,18083.4762,0
24001,410.21,18053.6496,18083.4762,0
24003,410.21,18053.6496,18083.4762,0
24005,410.22,18053.6496,18083.4762,0
24006,410.22,18053.6496,18083.4762,0
24007,410.22,18053.6496,18083.4762,0
24008,410.22,18053.6496,18083.4762,0
24009,410.26,18053.6517,18083.4762,0
24010,410.29,18053.6517,18083.4762,0
24011,410.29,18053.6517,18083.4762,0
24012,410.34,18053.6496,18083.4762,0
24013,410.37,18053.6496,18083.4762,0
24014,410.37,18053.6496,18083.4762,0
24015,410.45,18053.6517,18083.4762,0
24017,410.49,18053.6517,18083.4762,0
24018,410.49,18053.6517,18083.4762,0
24019,410.49,18053.6517,18083.4762,0
24020,410.53,18053.6517,18083.4762,0
24022,410.53,18053.6517,18083.4762,0
24023,410.57,18053.6496,18083.4762,0
24025,410.65,18053.6517,18083.4762,0
24026,410.66,18053.6517,18083.4762,0
24027,410.69,18053.6517,18083.4762,0
24028,410.69,18053.6517,18083.4762,0
24029,410.73,18053.6496,18083.4762,0
24036,410.77,18053.6496,18083.4762,0
24037,410.81,18053.6496,18083.4762,0
24038,410.85,18053.6517,18083.4762,0
24039,410.89,18053.6517,18083.4762,0
24040,410.89,18053.6517,18083.4762,0
24041,410.92,18053.6517,18083.4762,0
24042,410.92,18053.6517,18083.4762,0
24043,410.92,18053.6517,18083.4762,0
24044,410.92,18053.6517,18083.4762,0
24045,410.92,18053.6517,18083.4762,0
24050,410.93,18053.6517,18083.4762,0
24051,410.93,18053.6517,18083.4762,0
24052,410.97,18053.6496,18083.4762,0
24056,411.01,18053.6496,18083.4762,0
24057,411.01,18053.6496,18083.4762,0
24058,411.02,18053.6496,18083.4762,0
24059,411.05,18053.6496,18083.4762,0
24060,411.09,18053.6517,18083.4762,0
24061,411.17,18053.6496,18083.4762,0
24063,411.21,18053.6496,18083.4762,0
24064,411.24,18053.6496,18083.4762,0
24065,411.25,18053.6496,18083.4762,0
24066,411.25,18053.6496,18083.4762,0
24067,411.29,18053.6517,18083.4762,0
24068,411.32,18053.6517,18083.4762,0
24070,411.33,18053.6517,18083.4762,0
24072,411.33,18053.6517,18083.4762,0
24074,411.33,18053.6517,18083.4762,0
24075,411.33,18053.6517,18083.4762,0
24076,411.37,18053.6517,18083.4762,0
24078,411.37,18053.6517,18083.4762,0
24079,411.41,18053.6496,18083.4762,0
24081,411.49,18053.6517,18083.4762,0
24082,411.53,18053.6517,18083.4762,0
24083,411.53,18053.6517,18083.4762,0
24085,411.57,18053.6517,18083.4762,0
24086,411.57,18053.6517,18083.4762,0
24088,411.57,18053.6517,18083.4762,0
24089,411.57,18053.6517,18083.4762,0
24092,411.57,18053.6517,18083.4762,0
24093,411.57,18053.6517,18083.4762,0
24094,411.57,18053.6517,18083.4762,0
24095,411.57,18053.6517,18083.4762,0
24096,411.57,18053.6517,18083.4762,0
24097,411.57,18053.6517,18083.4762,0
24098,411.61,18053.6496,18083.4762,0
24099,411.65,18053.6496,18083.4762,0
24100,411.68,18053.6496,18083.4762,0
24101,411.68,18053.6496,18083.4762,0
24106,411.69,18053.6496,18083.4762,0
24107,411.69,18053.6496,18083.4762,0
24109,411.69,18053.6496,18083.4762,0
24110,411.69,18053.6496,18083.4762,0
24111,411.69,18053.6496,18083.4762,0
24112,411.73,18053.6517,18083.4762,0
24114,411.77,18053.6517,18083.4762,0
24115,411.78,18053.6517,18083.4762,0
24116,411.78,18053.6517,18083.4762,0
24118,411.81,18053.6517,18083.4762,0
24120,411.85,18053.6496,18083.4762,0
24122,411.89,18053.6496,18083.4762,0
24123,411.89,18053.6496,18083.4762,0
24124,411.90,18053.6496,18083.4762,0
24125,411.93,18053.6496,18083.4762,0
24126,411.93,18053.6496,18083.4762,0
24127,411.93,18053.6496,18083.4762,0
24128,411.93,18053.6496,18083.4762,0
24129,411.93,18053.6496,18083.4762,0
24130,411.93,18053.6496,18083.4762,0
24131,411.93,18053.6496,18083.4762,0
24132,411.97,18053.6517,18083.4762,0
24133,412.01,18053.6517,18083.4762,0
24134,412.04,18053.6517,18083.4762,0
24136,412.05,18053.6517,18083.4762,0
24137,412.05,18053.6517,18083.4762,0
24138,412.05,18053.6517,18083.4762,0
24140,412.09,18053.6496,18083.4762,0
24141,412.10,18053.6496,18083.4762,0
24144,412.18,18053.6517,18083.4762,0
24145,412.18,18053.6517,18083.4762,0
24146,412.18,18053.6517,18083.4762,0
24147,412.18,18053.6517,18083.4762,0
24149,412.22,18053.6517,18083.4762,0
24150,412.22,18053.6517,18083.4762,0
24151,412.22,18053.6517,18083.4762,0
24152,412.22,18053.6517,18083.4762,0
24153,412.22,18053.6517,18083.4762,0
24155,412.27,18053.6496,18083.4762,0
24156,412.30,18053.6496,18083.4762,0
24157,412.31,18053.6496,18083.4762,0
24158,412.37,18053.6517,18083.4762,0
24159,412.40,18053.6517,18083.4762,0
24160,412.48,18053.6496,18083.4762,0
24161,412.51,18053.6496,18083.4762,0
24163,412.56,18053.6517,18083.4762,0
24164,412.60,18053.6517,18083.4762,0
24165,412.63,18053.6517,18083.4762,0
24167,412.64,18053.6517,18083.4762,0
24169,412.64,18053.6517,18083.4762,0
24170,412.64,18053.6517,18083.4762,0
24172,412.64,18053.6517,18083.4762,0
24174,412.64,18053.6517,18083.4762,0
24176,412.64,18053.6517,18083.4762,0
24177,412.68,18053.6496,18083.4762,0
24178,412.69,18053.6496,18083.4762,0
24179,412.76,18053.6517,18083.4762,0
24181,412.80,18053.6517,18083.4762,0
24183,412.80,18053.6517,18083.4762,0
24184,412.81,18053.6517,18083.4762,0
24185,412.85,18053.6496,18083.4762,0
24186,412.86,18053.6496,18083.4762,0
24187,412.92,18053.6496,18083.4762,0
24188,412.92,18053.6496,18083.4762,0
24189,412.92,18053.6496,18083.4762,0
24190,412.97,18053.6517,18083.4762,0
24191,412.97,18053.6517,18083.4762,0
24193,413.01,18053.6517,18083.4762,0
24194,413.01,18053.6517,18083.4762,0
24196,413.05,18053.6517,18083.4762,0
24197,413.09,18053.6496,18083.4762,0
24198,413.17,18053.6517,18083.4762,0
24199,413.18,18053.6517,18083.4762,0
24200,413.18,18053.6517,18083.4762,0
24201,413.21,18053.6517,18083.4762,0
24202,413.25,18053.6517,18083.4762,0
24203,413.25,18053.6517,18083.4762,0
24204,413.25,18053.6517,18083.4762,0
24205,413.29,18053.6496,18083.4762,0
24206,413.32,18053.6496,18083.4762,0
24207,413.37,18053.6517,18083.4762,0
24208,413.37,18053.6517,18083.4762,0
24209,413.41,18053.6517,18083.4762,0
24210,413.44,18053.6517,18083.4762,0
24211,413.48,18053.6496,18083.4762,0
24214,413.56,18053.6517,18083.4762,0
24215,413.60,18053.6517,18083.4762,0
24217,413.61,18053.6517,18083.4762,0
24218,413.68,18053.6496,18083.4762,0
24219,413.69,18053.6496,18083.4762,0
24221,413.69,18053.6496,18083.4762,0
24222,413.69,18053.6496,18083.4762,0
24224,413.77,18053.6517,18083.4762,0
24225,413.80,18053.6517,18083.4762,0
24226,413.81,18053.6517,18083.4762,0
24227,413.81,18053.6517,18083.4762,0
24228,413.85,18053.6496,18083.4762,0
24229,413.93,18053.6517,18083.4762,0
24231,413.97,18053.6517,18083.4762,0
24232,413.97,18053.6517,18083.4762,0
24233,414.01,18053.6496,18083.4762,0
24237,414.05,18053.6496,18083.4762,0
24238,414.09,18053.6496,18083.4762,0
24239,414.09,18053.6496,18083.4762,0
24241,414.09,18053.6496,18083.4762,0
24242,414.09,18053.6496,18083.4762,0
24243,414.09,18053.6496,18083.4762,0
24244,414.13,18053.6517,18083.4762,0
24245,414.21,18053.6496,18083.4762,0
24246,414.22,18053.6496,18083.4762,0
24247,414.25,18053.6496,18083.4762,0
24248,414.28,18053.6496,18083.4762,0
24251,414.29,18053.6496,18083.4762,0
24252,414.29,18053.6496,18083.4762,0
24254,414.29,18053.6496,18083.4762,0
24255,414.33,18053.6517,18083.4762,0
24256,414.42,18053.6496,18083.4762,0
24257,414.50,18053.6517,18083.4762,0
24261,414.54,18053.6517,18083.4762,0
24263,414.54,18053.6517,18083.4762,0
24264,414.54,18053.6517,18083.4762,0
24265,414.54,18053.6517,18083.4762,0
24267,414.59,18053.6496,18083.4762,0
24268,414.62,18053.6496,18083.4762,0
24269,414.65,18053.6496,18083.4762,0
24270,414.66,18053.6496,18083.4762,0
24271,414.66,18053.6496,18083.4762,0
24273,414.70,18053.6517,18083.4762,0
24275,414.74,18053.6517,18083.4762,0
24276,414.75,18053.6517,18083.4762,0
24277,414.75,18053.6517,18083.4762,0
24278,414.78,18053.6517,18083.4762,0
24279,414.78,18053.6517,18083.4762,0
24280,414.78,18053.6517,18083.4762,0
24281,414.78,18053.6517,18083.4762,0
24282,414.82,18053.6496,18083.4762,0
24283,414.86,18053.6496,18083.4762,0
24284,414.89,18053.6496,18083.4762,0
24285,414.89,18053.6496,18083.4762,0
24286,414.89,18053.6496,18083.4762,0
24287,414.90,18053.6496,18083.4762,0
24288,414.90,18053.6496,18083.4762,0
24289,414.94,18053.6517,18083.4762,0
24290,415.02,18053.6496,18083.4762,0
24291,415.05,18053.6496,18083.4762,0
24292,415.09,18053.6496,18083.4762,0
24294,415.10,18053.6496,18083.4762,0
24295,415.14,18053.6517,18083.4762,0
24296,415.17,18053.6517,18083.4762,0
24300,415.21,18053.6517,18083.4762,0
24302,415.22,18053.6517,18083.4762,0
24303,415.22,18053.6517,18083.4762,0
24304,415.22,18053.6517,18083.4762,0
24305,415.22,18053.6517,18083.4762,0
24306,415.26,18053.6496,18083.4762,0
24307,415.29,18053.6496,18083.4762,0
24308,415.30,18053.6496,18083.4762,0
24309,415.30,18053.6496,18083.4762,0
24311,415.30,18053.6496,18083.4762,0
24312,415.30,18053.6496,18083.4762,0
24313,415.34,18053.6496,18083.4762,0
24315,415.38,18053.6517,18083.4762,0
24316,415.46,18053.6496,18083.4762,0
24317,415.53,18053.6517,18083.4762,0
24319,415.54,18053.6517,18083.4762,0
24320,415.58,18053.6517,18083.4762,0
24323,415.62,18053.6496,18083.4762,0
24324,415.66,18053.6496,18083.4762,0
24326,415.66,18053.6496,18083.4762,0
24327,415.71,18053.6517,18083.4762,0
24328,415.71,18053.6517,18083.4762,0
24329,415.75,18053.6517,18083.4762,0
24330,415.75,18053.6517,18083.4762,0
24331,415.75,18053.6517,18083.4762,0
24332,415.75,18053.6517,18083.4762,0
24333,415.75,18053.6517,18083.4762,0
24335,415.79,18053.6517,18083.4762,0
24336,415.83,18053.6496,18083.4762,0
24337,415.86,18053.6496,18083.4762,0
24338,415.87,18053.6496,18083.4762,0
24339,415.95,18053.6517,18083.4762,0
24340,415.95,18053.6517,18083.4762,0
24341,415.99,18053.6517,18083.4762,0
24342,416.02,18053.6517,18083.4762,0
24343,416.02,18053.6517,18083.4762,0
24345,416.03,18053.6517,18083.4762,0
24346,416.03,18053.6517,18083.4762,0
24347,416.03,18053.6517,18083.4762,0
24348,416.03,18053.6517,18083.4762,0
24349,416.03,18053.6517,18083.4762,0
24351,416.03,18053.6517,18083.4762,0
24352,416.03,18053.6517,18083.4762,0
24353,416.03,18053.6517,18083.4762,0
24355,416.03,18053.6517,18083.4762,0
24356,416.07,18053.6496,18083.4762,0
24357,416.10,18053.6496,18083.4762,0
24358,416.14,18053.6496,18083.4762,0
24362,416.15,18053.6496,18083.4762,0
24363,416.15,18053.6496,18083.4762,0
24364,416.15,18053.6496,18083.4762,0
24365,416.15,18053.6496,18083.4762,0
24366,416.15,18053.6496,18083.4762,0
24369,416.19,18053.6517,18083.4762,0
24370,416.19,18053.6517,18083.4762,0
24371,416.19,18053.6517,18083.4762,0
24372,416.23,18053.6517,18083.4762,0
24374,416.23,18053.6517,18083.4762,0
24375,416.31,18053.6496,18083.4762,0
24376,416.34,18053.6496,18083.4762,0
24378,416.38,18053.6496,18083.4762,0
24379,416.39,18053.6496,18083.4762,0
24380,416.43,18053.6517,18083.4762,0
24381,416.46,18053.6517,18083.4762,0
24382,416.47,18053.6517,18083.4762,0
24383,416.47,18053.6517,18083.4762,0
24384,416.47,18053.6517,18083.4762,0
24386,416.47,18053.6517,18083.4762,0
24387,416.47,18053.6517,18083.4762,0
24389,416.55,18053.6496,18083.4762,0
24390,416.58,18053.6496,18083.4762,0
24391,416.58,18053.6496,18083.4762,0
24392,416.63,18053.6517,18083.4762,0
24393,416.66,18053.6517,18083.4762,0
24395,416.67,18053.6517,18083.4762,0
24396,416.70,18053.6517,18083.4762,0
24398,416.70,18053.6517,18083.4762,0
24399,416.70,18053.6517,18083.4762,0
24400,416.70,18053.6517,18083.4762,0
24401,416.70,18053.6517,18083.4762,0
24402,416.75,18053.6496,18083.4762,0
24404,416.78,18053.6496,18083.4762,0
24405,416.82,18053.6496,18083.4762,0
24406,416.82,18053.6496,18083.4762,0
24407,416.86,18053.6517,18083.4762,0
24409,416.90,18053.6517,18083.4762,0
24413,416.90,18053.6517,18083.4762,0
24414,416.94,18053.6517,18083.4762,0
24416,416.94,18053.6517,18083.4762,0
24418,416.94,18053.6517,18083.4762,0
24419,416.94,18053.6517,18083.4762,0
24420,416.94,18053.6517,18083.4762,0
24421,416.94,18053.6517,18083.4762,0
24422,416.94,18053.6517,18083.4762,0
24423,416.94,18053.6517,18083.4762,0
24424,416.94,18053.6517,18083.4762,0
24425,416.98,18053.6496,18083.4762,0
24427,417.02,18053.6496,18083.4762,0
24428,417.02,18053.6496,18083.4762,0
24429,417.02,18053.6496,18083.4762,0
24430,417.02,18053.6496,18083.4762,0
24431,417.02,18053.6496,18083.4762,0
24432,417.02,18053.6496,18083.4762,0
24434,417.07,18053.6517,18083.4762,0
24435,417.07,18053.6517,18083.4762,0
24436,417.11,18053.6517,18083.4762,0
24437,417.11,18053.6517,18083.4762,0
24439,417.11,18053.6517,18083.4762,0
24440,417.15,18053.6496,18083.4762,0
24441,417.19,18053.6496,18083.4762,0
24442,417.25,18053.6517,18083.4762,0
24443,417.29,18053.6517,18083.4762,0
24445,417.30,18053.6517,18083.4762,0
24447,417.30,18053.6517,18083.4762,0
24448,417.37,18053.6496,18083.4762,0
24449,417.41,18053.6496,18083.4762,0
24450,417.45,18053.6517,18083.4762,0
24451,417.46,18053.6517,18083.4762,0
24452,417.46,18053.6517,18083.4762,0
24453,417.49,18053.6517,18083.4762,0
24454,417.49,18053.6517,18083.4762,0
24455,417.52,18053.6517,18083.4762,0
24456,417.52,18053.6517,18083.4762,0
24459,417.53,18053.6517,18083.4762,0
24460,417.53,18053.6517,18083.4762,0
24461,417.53,18053.6517,18083.4762,0
24462,417.53,18053.6517,18083.4762,0
24463,417.53,18053.6517,18083.4762,0
24464,417.53,18053.6517,18083.4762,0
24466,417.57,18053.6496,18083.4762,0
24467,417.58,18053.6496,18083.4762,0
24468,417.58,18053.6496,18083.4762,0
24469,417.65,18053.6517,18083.4762,0
24470,417.66,18053.6517,18083.4762,0
24472,417.70,18053.6517,18083.4762,0
24473,417.70,18053.6517,18083.4762,0
24474,417.78,18053.6496,18083.4762,0
24475,417.81,18053.6496,18083.4762,0
24476,417.81,18053.6496,18083.4762,0
24477,417.81,18053.6496,18083.4762,0
24478,417.81,18053.6496,18083.4762,0
24479,417.81,18053.6496,18083.4762,0
24480,417.89,18053.6517,18083.4762,0
24481,417.93,18053.6517,18083.4762,0
24483,417.96,18053.6517,18083.4762,0
24484,417.96,18053.6517,18083.4762,0
24485,417.96,18053.6517,18083.4762,0
24486,418.01,18053.6496,18083.4762,0
24487,418.04,18053.6496,18083.4762,0
24489,418.12,18053.6517,18083.4762,0
24490,418.16,18053.6517,18083.4762,0
24491,418.16,18053.6517,18083.4762,0
24493,418.16,18053.6517,18083.4762,0
24495,418.16,18053.6517,18083.4762,0
24497,418.16,18053.6517,18083.4762,0
24498,418.16,18053.6517,18083.4762,0
24499,418.20,18053.6517,18083.4762,0
24500,418.20,18053.6517,18083.4762,0
24501,418.20,18053.6517,18083.4762,0
24502,418.24,18053.6496,18083.4762,0
24503,418.32,18053.6517,18083.4762,0
24504,418.35,18053.6517,18083.4762,0
24505,418.36,18053.6517,18083.4762,0
24506,418.36,18053.6517,18083.4762,0
24507,418.43,18053.6496,18083.4762,0
24508,418.44,18053.6496,18083.4762,0
24510,418.44,18053.6496,18083.4762,0
24511,418.48,18053.6496,18083.4762,0
24512,418.48,18053.6496,18083.4762,0
24513,418.51,18053.6496,18083.4762,0
24516,418.55,18053.6517,18083.4762,0
24517,418.59,18053.6517,18083.4762,0
24518,418.59,18053.6517,18083.4762,0
24520,418.60,18053.6517,18083.4762,0
24521,418.60,18053.6517,18083.4762,0
24523,418.60,18053.6517,18083.4762,0
24524,418.60,18053.6517,18083.4762,0
24525,418.60,18053.6517,18083.4762,0
24526,418.60,18053.6517,18083.4762,0
24527,418.60,18053.6517,18083.4762,0
24528,418.64,18053.6496,18083.4762,0
24529,418.72,18053.6517,18083.4762,0
24532,418.73,18053.6517,18083.4762,0
24533,418.73,18053.6517,18083.4762,0
24534,418.73,18053.6517,18083.4762,0
24535,418.73,18053.6517,18083.4762,0
24536,418.76,18053.6517,18083.4762,0
24537,418.76,18053.6517,18083.4762,0
24538,418.76,18053.6517,18083.4762,0
24539,418.76,18053.6517,18083.4762,0
24540,418.76,18053.6517,18083.4762,0
24542,418.76,18053.6517,18083.4762,0
24543,418.76,18053.6517,18083.4762,0
24545,418.79,18053.6517,18083.4762,0
24546,418.84,18053.6496,18083.4762,0
24547,418.84,18053.6496,18083.4762,0
24548,418.92,18053.6517,18083.4762,0
24549,418.95,18053.6517,18083.4762,0
24551,418.99,18053.6517,18083.4762,0
24552,419.04,18053.6496,18083.4762,0
24553,419.04,18053.6496,18083.4762,0
24554,419.04,18053.6496,18083.4762,0
24555,419.07,18053.6496,18083.4762,0
24556,419.07,18053.6496,18083.4762,0
24557,419.15,18053.6517,18083.4762,0
24558,419.19,18053.6517,18083.4762,0
24559,419.19,18053.6517,18083.4762,0
24561,419.19,18053.6517,18083.4762,0
24563,419.19,18053.6517,18083.4762,0
24565,419.24,18053.6496,18083.4762,0
24566,419.24,18053.6496,18083.4762,0
24568,419.25,18053.6496,18083.4762,0
24570,419.28,18053.6496,18083.4762,0
24571,419.36,18053.6517,18083.4762,0
24573,419.37,18053.6517,18083.4762,0
24574,419.37,18053.6517,18083.4762,0
24576,419.44,18053.6496,18083.4762,0
24577,419.48,18053.6496,18083.4762,0
24584,419.56,18053.6517,18083.4762,0
24585,419.56,18053.6517,18083.4762,0
24586,419.60,18053.6517,18083.4762,0
24587,419.63,18053.6517,18083.4762,0
24590,419.63,18053.6517,18083.4762,0
24591,419.68,18053.6496,18083.4762,0
24593,419.69,18053.6496,18083.4762,0
24595,419.69,18053.6496,18083.4762,0
24596,419.72,18053.6496,18083.4762,0
24598,419.72,18053.6496,18083.4762,0
24599,419.72,18053.6496,18083.4762,0
24600,419.72,18053.6496,18083.4762,0
24602,419.72,18053.6496,18083.4762,0
24605,419.72,18053.6496,18083.4762,0
24606,419.80,18053.6517,18083.4762,0
24608,419.81,18053.6517,18083.4762,0
24609,419.81,18053.6517,18083.4762,0
24610,419.84,18053.6517,18083.4762,0
24611,419.84,18053.6517,18083.4762,0
24612,419.84,18053.6517,18083.4762,0
24613,419.89,18053.6496,18083.4762,0
24614,419.89,18053.6496,18083.4762,0
24615,419.93,18053.6496,18083.4762,0
24616,419.93,18053.6496,18083.4762,0
24617,419.93,18053.6496,18083.4762,0
24618,419.93,18053.6496,18083.4762,0
24620,419.93,18053.6496,18083.4762,0
24621,420.00,18053.6517,18083.4762,0
24622,420.01,18053.6517,18083.4762,0
24624,420.06,18053.6517,18083.4762,0
24625,420.06,18053.6517,18083.4762,0
24627,420.06,18053.6517,18083.4762,0
24628,420.06,18053.6517,18083.4762,0
24629,420.06,18053.6517,18083.4762,0
24630,420.09,18053.6517,18083.4762,0
24631,420.09,18053.6517,18083.4762,0
24632,420.09,18053.6517,18083.4762,0
24633,420.14,18053.6496,18083.4762,0
24634,420.17,18053.6496,18083.4762,0
24635,420.25,18053.6517,18083.4762,0
24636,420.25,18053.6517,18083.4762,0
24637,420.25,18053.6517,18083.4762,0
24638,420.28,18053.6517,18083.4762,0
24639,420.28,18053.6517,18083.4762,0
24641,420.36,18053.6496,18083.4762,0
24643,420.40,18053.6496,18083.4762,0
24644,420.41,18053.6496,18083.4762,0
24645,420.41,18053.6496,18083.4762,0
24649,420.41,18053.6496,18083.4762,0
24650,420.41,18053.6496,18083.4762,0
24651,420.41,18053.6496,18083.4762,0
24652,420.44,18053.6496,18083.4762,0
24653,420.48,18053.6517,18083.4762,0
24654,420.49,18053.6517,18083.4762,0
24655,420.52,18053.6517,18083.4762,0
24656,420.52,18053.6517,18083.4762,0
24657,420.52,18053.6517,18083.4762,0
24658,420.56,18053.6517,18083.4762,0
24659,420.56,18053.6517,18083.4762,0
24660,420.60,18053.6496,18083.4762,0
24661,420.60,18053.6496,18083.4762,0
24662,420.64,18053.6496,18083.4762,0
24663,420.64,18053.6496,18083.4762,0
24665,420.72,18053.6517,18083.4762,0
24667,420.76,18053.6517,18083.4762,0
24668,420.79,18053.6517,18083.4762,0
24669,420.80,18053.6517,18083.4762,0
24670,420.80,18053.6517,18083.4762,0
24672,420.80,18053.6517,18083.4762,0
24673,420.84,18053.6496,18083.4762,0
24674,420.88,18053.6496,18083.4762,0
24675,420.91,18053.6496,18083.4762,0
24676,420.91,18053.6496,18083.4762,0
24680,420.92,18053.6496,18083.4762,0
24681,420.96,18053.6517,18083.4762,0
24682,421.00,18053.6517,18083.4762,0
24683,421.00,18053.6517,18083.4762,0
24684,421.03,18053.6517,18083.4762,0
24685,421.07,18053.6496,18083.4762,0
24686,421.11,18053.6496,18083.4762,0
24687,421.15,18053.6517,18083.4762,0
24688,421.23,18053.6496,18083.4762,0
24689,421.26,18053.6496,18083.4762,0
24690,421.26,18053.6496,18083.4762,0
24691,421.27,18053.6496,18083.4762,0
24692,421.27,18053.6496,18083.4762,0
24693,421.27,18053.6496,18083.4762,0
24694,421.27,18053.6496,18083.4762,0
24695,421.27,18053.6496,18083.4762,0
24697,421.27,18053.6496,18083.4762,0
24698,421.34,18053.6517,18083.4762,0
24700,421.38,18053.6517,18083.4762,0
24701,421.42,18053.6517,18083.4762,0
24702,421.42,18053.6517,18083.4762,0
24703,421.46,18053.6496,18083.4762,0
24704,421.46,18053.6496,18083.4762,0
24705,421.46,18053.6496,18083.4762,0
24706,421.50,18053.6496,18083.4762,0
24709,421.58,18053.6517,18083.4762,0
24711,421.66,18053.6496,18083.4762,0
24712,421.66,18053.6496,18083.4762,0
24713,421.70,18053.6496,18083.4762,0
24714,421.73,18053.6496,18083.4762,0
24715,421.73,18053.6496,18083.4762,0
24716,421.73,18053.6496,18083.4762,0
24717,421.73,18053.6496,18083.4762,0
24719,421.74,18053.6496,18083.4762,0
24720,421.74,18053.6496,18083.4762,0
24721,421.78,18053.6517,18083.4762,0
24722,421.81,18053.6517,18083.4762,0
24723,421.82,18053.6517,18083.4762,0
24725,421.82,18053.6517,18083.4762,0
24729,421.85,18053.6517,18083.4762,0
24730,421.92,18053.6496,18083.4762,0
24733,421.93,18053.6496,18083.4762,0
24734,421.93,18053.6496,18083.4762,0
24735,421.96,18053.6496,18083.4762,0
24738,422.03,18053.6517,18083.4762,0
24739,422.07,18053.6517,18083.4762,0
24740,422.07,18053.6517,18083.4762,0
24742,422.10,18053.6517,18083.4762,0
24743,422.11,18053.6517,18083.4762,0
24745,422.15,18053.6496,18083.4762,0
24746,422.16,18053.6496,18083.4762,0
24747,422.16,18053.6496,18083.4762,0
24748,422.16,18053.6496,18083.4762,0
24749,422.19,18053.6496,18083.4762,0
24753,422.20,18053.6496,18083.4762,0
24754,422.23,18053.6496,18083.4762,0
24755,422.23,18053.6496,18083.4762,0
24756,422.27,18053.6517,18083.4762,0
24757,422.31,18053.6517,18083.4762,0
24758,422.31,18053.6517,18083.4762,0
24761,422.31,18053.6517,18083.4762,0
24762,422.36,18053.6496,18083.4762,0
24763,422.36,18053.6496,18083.4762,0
24764,422.40,18053.6496,18083.4762,0
24765,422.40,18053.6496,18083.4762,0
24766,422.44,18053.6517,18083.4762,0
24767,422.45,18053.6517,18083.4762,0
24768,422.45,18053.6517,18083.4762,0
24769,422.48,18053.6517,18083.4762,0
24770,422.48,18053.6517,18083.4762,0
24774,422.48,18053.6517,18083.4762,0
24775,422.48,18053.6517,18083.4762,0
24776,422.48,18053.6517,18083.4762,0
24777,422.52,18053.6517,18083.4762,0
24778,422.52,18053.6517,18083.4762,0
24781,422.52,18053.6517,18083.4762,0
24782,422.52,18053.6517,18083.4762,0
24783,422.52,18053.6517,18083.4762,0
24785,422.56,18053.6496,18083.4762,0
24786,422.60,18053.6496,18083.4762,0
24787,422.67,18053.6517,18083.4762,0
24788,422.71,18053.6517,18083.4762,0
24789,422.71,18053.6517,18083.4762,0
24791,422.72,18053.6517,18083.4762,0
24793,422.75,18053.6517,18083.4762,0
24794,422.75,18053.6517,18083.4762,0
24795,422.75,18053.6517,18083.4762,0
24796,422.79,18053.6496,18083.4762,0
24797,422.80,18053.6496,18083.4762,0
24798,422.83,18053.6496,18083.4762,0
24799,422.83,18053.6496,18083.4762,0
24800,422.83,18053.6496,18083.4762,0
24802,422.87,18053.6496,18083.4762,0
24803,422.87,18053.6496,18083.4762,0
24804,422.87,18053.6496,18083.4762,0
24805,422.87,18053.6496,18083.4762,0
24807,422.91,18053.6517,18083.4762,0
24808,422.95,18053.6517,18083.4762,0
24809,422.98,18053.6517,18083.4762,0
24811,422.98,18053.6517,18083.4762,0
24813,422.98,18053.6517,18083.4762,0
24814,422.98,18053.6517,18083.4762,0
24815,422.99,18053.6517,18083.4762,0
24816,422.99,18053.6517,18083.4762,0
24818,422.99,18053.6517,18083.4762,0
24819,422.99,18053.6517,18083.4762,0
24822,422.99,18053.6517,18083.4762,0
24827,422.99,18053.6517,18083.4762,0
24828,423.03,18053.6496,18083.4762,0
24829,423.07,18053.6496,18083.4762,0
24830,423.14,18053.6517,18083.4762,0
24833,423.18,18053.6517,18083.4762,0
24834,423.18,18053.6517,18083.4762,0
24835,423.18,18053.6517,18083.4762,0
24836,423.22,18053.6517,18083.4762,0
24837,423.26,18053.6496,18083.4762,0
24838,423.29,18053.6496,18083.4762,0
24839,423.30,18053.6496,18083.4762,0
24840,423.30,18053.6496,18083.4762,0
24843,423.30,18053.6496,18083.4762,0
24845,423.34,18053.6496,18083.4762,0
24846,423.34,18053.6496,18083.4762,0
24847,423.34,18053.6496,18083.4762,0
24848,423.38,18053.6517,18083.4762,0
24849,423.38,18053.6517,18083.4762,0
24850,423.38,18053.6517,18083.4762,0
24852,423.39,18053.6517,18083.4762,0
24853,423.42,18053.6517,18083.4762,0
24856,423.46,18053.6517,18083.4762,0
24857,423.46,18053.6517,18083.4762,0
24860,423.46,18053.6517,18083.4762,0
24861,423.46,18053.6517,18083.4762,0
24862,423.46,18053.6517,18083.4762,0
24864,423.46,18053.6517,18083.4762,0
24865,423.46,18053.6517,18083.4762,0
24867,423.46,18053.6517,18083.4762,0
24868,423.46,18053.6517,18083.4762,0
24869,423.46,18053.6517,18083.4762,0
24871,423.46,18053.6517,18083.4762,0
24872,423.46,18053.6517,18083.4762,0
24875,423.50,18053.6496,18083.4762,0
24876,423.51,18053.6496,18083.4762,0
24877,423.51,18053.6496,18083.4762,0
24878,423.54,18053.6496,18083.4762,0
24880,423.59,18053.6517,18083.4762,0
24881,423.59,18053.6517,18083.4762,0
24883,423.63,18053.6517,18083.4762,0
24884,423.63,18053.6517,18083.4762,0
24885,423.66,18053.6517,18083.4762,0
24886,423.66,18053.6517,18083.4762,0
24887,423.66,18053.6517,18083.4762,0
24888,423.66,18053.6517,18083.4762,0
24889,423.66,18053.6517,18083.4762,0
24890,423.66,18053.6517,18083.4762,0
24891,423.71,18053.6496,18083.4762,0
24892,423.74,18053.6496,18083.4762,0
24896,423.82,18053.6517,18083.4762,0
24897,423.90,18053.6496,18083.4762,0
24899,423.94,18053.6496,18083.4762,0
24900,423.94,18053.6496,18083.4762,0
24903,423.94,18053.6496,18083.4762,0
24904,423.94,18053.6496,18083.4762,0
24905,423.94,18053.6496,18083.4762,0
24906,423.94,18053.6496,18083.4762,0
24907,423.94,18053.6496,18083.4762,0
24908,423.94,18053.6496,18083.4762,0
24910,423.98,18053.6517,18083.4762,0
24911,423.99,18053.6517,18083.4762,0
24912,424.02,18053.6517,18083.4762,0
24913,424.02,18053.6517,18083.4762,0
24914,424.06,18053.6517,18083.4762,0
24915,424.06,18053.6517,18083.4762,0
24916,424.06,18053.6517,18083.4762,0
24918,424.06,18053.6517,18083.4762,0
24920,424.06,18053.6517,18083.4762,0
24921,424.06,18053.6517,18083.4762,0
24922,424.06,18053.6517,18083.4762,0
24924,424.10,18053.6496,18083.4762,0
24925,424.18,18053.6517,18083.4762,0
24926,424.19,18053.6517,18083.4762,0
24928,424.19,18053.6517,18083.4762,0
24929,424.22,18053.6517,18083.4762,0
24930,424.22,18053.6517,18083.4762,0
24931,424.26,18053.6517,18083.4762,0
24932,424.30,18053.6496,18083.4762,0
24933,424.33,18053.6496,18083.4762,0
24935,424.34,18053.6496,18083.4762,0
24937,424.37,18053.6496,18083.4762,0
24938,424.38,18053.6496,18083.4762,0
24939,424.38,18053.6496,18083.4762,0
24940,424.42,18053.6517,18083.4762,0
24941,424.50,18053.6496,18083.4762,0
24942,424.57,18053.6517,18083.4762,0
24944,424.61,18053.6517,18083.4762,0
24945,424.65,18053.6517,18083.4762,0
24946,424.65,18053.6517,18083.4762,0
24947,424.65,18053.6517,18083.4762,0
24948,424.65,18053.6517,18083.4762,0
24952,424.65,18053.6517,18083.4762,0
24954,424.65,18053.6517,18083.4762,0
24955,424.69,18053.6496,18083.4762,0
24956,424.70,18053.6496,18083.4762,0
24957,424.70,18053.6496,18083.4762,0
24958,424.70,18053.6496,18083.4762,0
24959,424.70,18053.6496,18083.4762,0
24961,424.70,18053.6496,18083.4762,0
24962,424.78,18053.6517,18083.4762,0
24964,424.86,18053.6496,18083.4762,0
24965,424.94,18053.6517,18083.4762,0
24966,424.97,18053.6517,18083.4762,0
24968,425.01,18053.6517,18083.4762,0
24969,425.01,18053.6517,18083.4762,0
24970,425.06,18053.6496,18083.4762,0
24971,425.13,18053.6517,18083.4762,0
24973,425.14,18053.6517,18083.4762,0
24974,425.17,18053.6517,18083.4762,0
24975,425.25,18053.6496,18083.4762,0
24976,425.33,18053.6517,18083.4762,0
24977,425.36,18053.6517,18083.4762,0
24978,425.44,18053.6496,18083.4762,0
24979,425.52,18053.6517,18083.4762,0
24980,425.52,18053.6517,18083.4762,0
24982,425.56,18053.6517,18083.4762,0
24983,425.63,18053.6496,18083.4762,0
24984,425.67,18053.6496,18083.4762,0
24985,425.67,18053.6496,18083.4762,0
24986,425.70,18053.6496,18083.4762,0
24988,425.71,18053.6496,18083.4762,0
24990,425.71,18053.6496,18083.4762,0
24992,425.71,18053.6496,18083.4762,0
24993,425.71,18053.6496,18083.4762,0
24996,425.71,18053.6496,18083.4762,0
24997,425.75,18053.6517,18083.4762,0
24998,425.83,18053.6496,18083.4762,0
24999,425.84,18053.6496,18083.4762,0
25000,425.84,18053.6496,18083.4762,0
25002,425.93,18053.6517,18083.4762,0
25003,425.94,18053.6517,18083.4762,0
25004,425.94,18053.6517,18083.4762,0
25005,425.94,18053.6517,18083.4762,0
25006,425.97,18053.6517,18083.4762,0
25007,426.00,18053.6517,18083.4762,0
25008,426.00,18053.6517,18083.4762,0
25011,426.01,18053.6517,18083.4762,0
25012,426.01,18053.6517,18083.4762,0
25013,426.01,18053.6517,18083.4762,0
25015,426.01,18053.6517,18083.4762,0
25016,426.01,18053.6517,18083.4762,0
25017,426.01,18053.6517,18083.4762,0
25019,426.01,18053.6517,18083.4762,0
25020,426.01,18053.6517,18083.4762,0
25021,426.05,18053.6496,18083.4762,0
25022,426.13,18053.6517,18083.4762,0
25023,426.13,18053.6517,18083.4762,0
25025,426.21,18053.6496,18083.4762,0
25026,426.25,18053.6496,18083.4762,0
25028,426.30,18053.6517,18083.4762,0
25029,426.33,18053.6517,18083.4762,0
25030,426.34,18053.6517,18083.4762,0
25032,426.34,18053.6517,18083.4762,0
25033,426.37,18053.6517,18083.4762,0
25034,426.37,18053.6517,18083.4762,0
25035,426.37,18053.6517,18083.4762,0
25036,426.37,18053.6517,18083.4762,0
25037,426.37,18053.6517,18083.4762,0
25038,426.37,18053.6517,18083.4762,0
25040,426.37,18053.6517,18083.4762,0
25041,426.37,18053.6517,18083.4762,0
25042,426.37,18053.6517,18083.4762,0
25043,426.42,18053.6496,18083.4762,0
25044,426.45,18053.6496,18083.4762,0
25045,426.48,18053.6496,18083.4762,0
25046,426.49,18053.6496,18083.4762,0
25047,426.49,18053.6496,18083.4762,0
25048,426.49,18053.6496,18083.4762,0
25049,426.49,18053.6496,18083.4762,0
25050,426.53,18053.6517,18083.4762,0
25051,426.54,18053.6517,18083.4762,0
25052,426.57,18053.6517,18083.4762,0
25053,426.57,18053.6517,18083.4762,0
25054,426.57,18053.6517,18083.4762,0
25056,426.62,18053.6496,18083.4762,0
25059,426.66,18053.6496,18083.4762,0
25060,426.73,18053.6517,18083.4762,0
25063,426.77,18053.6517,18083.4762,0
25064,426.80,18053.6517,18083.4762,0
25065,426.80,18053.6517,18083.4762,0
25067,426.85,18053.6496,18083.4762,0
25069,426.89,18053.6496,18083.4762,0
25071,426.92,18053.6496,18083.4762,0
25074,426.92,18053.6496,18083.4762,0
25075,426.92,18053.6496,18083.4762,0
25076,426.97,18053.6517,18083.4762,0
25077,427.00,18053.6517,18083.4762,0
25078,427.03,18053.6517,18083.4762,0
25080,427.04,18053.6517,18083.4762,0
25081,427.08,18053.6496,18083.4762,0
25082,427.16,18053.6517,18083.4762,0
25083,427.19,18053.6517,18083.4762,0
25085,427.20,18053.6517,18083.4762,0
25086,427.20,18053.6517,18083.4762,0
25088,427.20,18053.6517,18083.4762,0
25089,427.28,18053.6496,18083.4762,0
25090,427.28,18053.6496,18083.4762,0
25091,427.32,18053.6496,18083.4762,0
25092,427.32,18053.6496,18083.4762,0
25093,427.39,18053.6517,18083.4762,0
25094,427.40,18053.6517,18083.4762,0
25095,427.40,18053.6517,18083.4762,0
25096,427.43,18053.6517,18083.4762,0
25097,427.43,18053.6517,18083.4762,0
25098,427.43,18053.6517,18083.4762,0
25100,427.51,18053.6496,18083.4762,0
25101,427.52,18053.6496,18083.4762,0
25103,427.52,18053.6496,18083.4762,0
25104,427.60,18053.6517,18083.4762,0
25105,427.60,18053.6517,18083.4762,0
25106,427.60,18053.6517,18083.4762,0
25108,427.61,18053.6517,18083.4762,0
25109,427.64,18053.6517,18083.4762,0
25110,427.64,18053.6517,18083.4762,0
25111,427.64,18053.6517,18083.4762,0
25114,427.67,18053.6517,18083.4762,0
25115,427.72,18053.6496,18083.4762,0
25116,427.72,18053.6496,18083.4762,0
25117,427.72,18053.6496,18083.4762,0
25118,427.72,18053.6496,18083.4762,0
25119,427.72,18053.6496,18083.4762,0
25120,427.76,18053.6496,18083.4762,0
25121,427.76,18053.6496,18083.4762,0
25123,427.76,18053.6496,18083.4762,0
25124,427.76,18053.6496,18083.4762,0
25125,427.76,18053.6496,18083.4762,0
25128,427.76,18053.6496,18083.4762,0
25129,427.80,18053.6517,18083.4762,0
25131,427.84,18053.6517,18083.4762,0
25132,427.85,18053.6517,18083.4762,0
25134,427.92,18053.6496,18083.4762,0
25135,427.96,18053.6496,18083.4762,0
25137,427.97,18053.6496,18083.4762,0
25138,427.97,18053.6496,18083.4762,0
25140,428.00,18053.6496,18083.4762,0
25141,428.00,18053.6496,18083.4762,0
25143,428.00,18053.6496,18083.4762,0
25144,428.00,18053.6496,18083.4762,0
25146,428.04,18053.6517,18083.4762,0
25148,428.08,18053.6517,18083.4762,0
25149,428.08,18053.6517,18083.4762,0
25150,428.11,18053.6517,18083.4762,0
25151,428.12,18053.6517,18083.4762,0
25152,428.12,18053.6517,18083.4762,0
25153,428.12,18053.6517,18083.4762,0
25154,428.12,18053.6517,18083.4762,0
25155,428.12,18053.6517,18083.4762,0
25156,428.12,18053.6517,18083.4762,0
25157,428.16,18053.6496,18083.4762,0
25158,428.17,18053.6496,18083.4762,0
25159,428.20,18053.6496,18083.4762,0
25161,428.20,18053.6496,18083.4762,0
25162,428.20,18053.6496,18083.4762,0
25163,428.25,18053.6517,18083.4762,0
25165,428.25,18053.6517,18083.4762,0
25169,428.29,18053.6517,18083.4762,0
25170,428.29,18053.6517,18083.4762,0
25171,428.36,18053.6496,18083.4762,0
25172,428.37,18053.6496,18083.4762,0
25173,428.37,18053.6496,18083.4762,0
25175,428.41,18053.6496,18083.4762,0
25177,428.50,18053.6517,18083.4762,0
25178,428.51,18053.6517,18083.4762,0
25179,428.51,18053.6517,18083.4762,0
25180,428.54,18053.6517,18083.4762,0
25182,428.55,18053.6517,18083.4762,0
25183,428.55,18053.6517,18083.4762,0
25184,428.55,18053.6517,18083.4762,0
25185,428.58,18053.6517,18083.4762,0
25186,428.62,18053.6496,18083.4762,0
25187,428.63,18053.6496,18083.4762,0
25188,428.66,18053.6496,18083.4762,0
25189,428.74,18053.6517,18083.4762,0
25191,428.75,18053.6517,18083.4762,0
25192,428.78,18053.6517,18083.4762,0
25193,428.78,18053.6517,18083.4762,0
25194,428.82,18053.6496,18083.4762,0
25195,428.83,18053.6496,18083.4762,0
25196,428.91,18053.6517,18083.4762,0
25198,428.94,18053.6517,18083.4762,0
25199,428.95,18053.6517,18083.4762,0
25200,429.03,18053.6496,18083.4762,0
25201,429.10,18053.6517,18083.4762,0
25202,429.14,18053.6517,18083.4762,0
25203,429.14,18053.6517,18083.4762,0
25204,429.14,18053.6517,18083.4762,0
25205,429.18,18053.6517,18083.4762,0
25206,429.18,18053.6517,18083.4762,0
25207,429.18,18053.6517,18083.4762,0
25208,429.24,18053.6496,18083.4762,0
25209,429.28,18053.6496,18083.4762,0
25210,429.33,18053.6517,18083.4762,0
25211,429.36,18053.6517,18083.4762,0
25212,429.36,18053.6517,18083.4762,0
25214,429.37,18053.6517,18083.4762,0
25215,429.37,18053.6517,18083.4762,0
25216,429.40,18053.6517,18083.4762,0
25217,429.40,18053.6517,18083.4762,0
25218,429.45,18053.6496,18083.4762,0
25219,429.45,18053.6496,18083.4762,0
25221,429.54,18053.6517,18083.4762,0
25222,429.57,18053.6517,18083.4762,0
25223,429.61,18053.6517,18083.4762,0
25225,429.61,18053.6517,18083.4762,0
25226,429.61,18053.6517,18083.4762,0
25228,429.61,18053.6517,18083.4762,0
25229,429.61,18053.6517,18083.4762,0
25230,429.61,18053.6517,18083.4762,0
25232,429.61,18053.6517,18083.4762,0
25233,429.66,18053.6496,18083.4762,0
25234,429.69,18053.6496,18083.4762,0
25235,429.69,18053.6496,18083.4762,0
25236,429.75,18053.6496,18083.4762,0
25237,429.75,18053.6496,18083.4762,0
25238,429.80,18053.6517,18083.4762,0
25239,429.81,18053.6517,18083.4762,0
25240,429.84,18053.6517,18083.4762,0
25241,429.84,18053.6517,18083.4762,0
25243,429.85,18053.6517,18083.4762,0
25244,429.85,18053.6517,18083.4762,0
25245,429.85,18053.6517,18083.4762,0
25246,429.85,18053.6517,18083.4762,0
25249,429.85,18053.6517,18083.4762,0
25251,429.88,18053.6517,18083.4762,0
25252,429.88,18053.6517,18083.4762,0
25253,429.88,18053.6517,18083.4762,0
25255,429.88,18053.6517,18083.4762,0
25256,429.88,18053.6517,18083.4762,0
25257,429.88,18053.6517,18083.4762,0
25259,429.93,18053.6496,18083.4762,0
25260,429.96,18053.6496,18083.4762,0
25261,430.00,18053.6496,18083.4762,0
25262,430.00,18053.6496,18083.4762,0
25264,430.01,18053.6496,18083.4762,0
25265,430.01,18053.6496,18083.4762,0
25266,430.01,18053.6496,18083.4762,0
25268,430.01,18053.6496,18083.4762,0
25269,430.01,18053.6496,18083.4762,0
25270,430.08,18053.6517,18083.4762,0
25271,430.11,18053.6517,18083.4762,0
25272,430.11,18053.6517,18083.4762,0
25273,430.15,18053.6517,18083.4762,0
25274,430.15,18053.6517,18083.4762,0
25275,430.15,18053.6517,18083.4762,0
25276,430.20,18053.6496,18083.4762,0
25277,430.20,18053.6496,18083.4762,0
25278,430.24,18053.6496,18083.4762,0
25279,430.24,18053.6496,18083.4762,0
25280,430.28,18053.6496,18083.4762,0
25282,430.28,18053.6496,18083.4762,0
25284,430.28,18053.6496,18083.4762,0
25285,430.28,18053.6496,18083.4762,0
25286,430.28,18053.6496,18083.4762,0
25288,430.28,18053.6496,18083.4762,0
25289,430.28,18053.6496,18083.4762,0
25290,430.28,18053.6496,18083.4762,0
25293,430.32,18053.6517,18083.4762,0
25294,430.36,18053.6517,18083.4762,0
25295,430.44,18053.6496,18083.4762,0
25297,430.48,18053.6496,18083.4762,0
25298,430.51,18053.6496,18083.4762,0
25299,430.52,18053.6496,18083.4762,0
25300,430.52,18053.6496,18083.4762,0
25301,430.52,18053.6496,18083.4762,0
25303,430.52,18053.6496,18083.4762,0
25304,430.56,18053.6517,18083.4762,0
25305,430.59,18053.6517,18083.4762,0
25306,430.60,18053.6517,18083.4762,0
25307,430.60,18053.6517,18083.4762,0
25308,430.68,18053.6496,18083.4762,0
25309,430.72,18053.6496,18083.4762,0
25310,430.72,18053.6496,18083.4762,0
25313,430.76,18053.6496,18083.4762,0
25315,430.80,18053.6517,18083.4762,0
25316,430.84,18053.6517,18083.4762,0
25318,430.88,18053.6517,18083.4762,0
25319,430.88,18053.6517,18083.4762,0
25320,430.92,18053.6496,18083.4762,0
25322,430.96,18053.6496,18083.4762,0
25323,430.97,18053.6496,18083.4762,0
25324,430.97,18053.6496,18083.4762,0
25325,430.97,18053.6496,18083.4762,0
25326,431.00,18053.6496,18083.4762,0
25327,431.00,18053.6496,18083.4762,0
25328,431.00,18053.6496,18083.4762,0
25329,431.00,18053.6496,18083.4762,0
25330,431.00,18053.6496,18083.4762,0
25332,431.04,18053.6517,18083.4762,0
25333,431.08,18053.6517,18083.4762,0
25334,431.09,18053.6517,18083.4762,0
25335,431.09,18053.6517,18083.4762,0
25336,431.12,18053.6517,18083.4762,0
25337,431.12,18053.6517,18083.4762,0
25338,431.12,18053.6517,18083.4762,0
25339,431.12,18053.6517,18083.4762,0
25340,431.17,18053.6496,18083.4762,0
25341,431.26,18053.6517,18083.4762,0
25342,431.26,18053.6517,18083.4762,0
25343,431.30,18053.6517,18083.4762,0
25344,431.30,18053.6517,18083.4762,0
25345,431.33,18053.6517,18083.4762,0
25347,431.33,18053.6517,18083.4762,0
25348,431.33,18053.6517,18083.4762,0
25351,431.33,18053.6517,18083.4762,0
25352,431.38,18053.6496,18083.4762,0
25353,431.45,18053.6517,18083.4762,0
25354,431.46,18053.6517,18083.4762,0
25355,431.49,18053.6517,18083.4762,0
25356,431.49,18053.6517,18083.4762,0
25357,431.49,18053.6517,18083.4762,0
25363,431.54,18053.6496,18083.4762,0
25365,431.55,18053.6496,18083.4762,0
25366,431.58,18053.6496,18083.4762,0
25367,431.62,18053.6496,18083.4762,0
25368,431.66,18053.6517,18083.4762,0
