iter,wall_s,f_curr,f_best,kick
1,16.96,6290.6587,6290.6587,0
2,16.97,6709.9428,6709.9428,0
3,16.98,6709.9428,6709.9428,0
4,16.99,6709.9428,6709.9428,0
5,17.00,6981.9234,6981.9234,0
6,17.01,6982.5224,6982.5224,0
7,17.01,6982.5224,6982.5224,0
8,17.01,6982.5224,6982.5224,0
9,17.01,6982.5224,6982.5224,0
10,17.02,6985.2522,6985.2522,0
11,17.03,6985.2522,6985.2522,0
12,17.04,6985.2522,6985.2522,0
13,17.04,6985.2522,6985.2522,0
14,17.05,6985.2522,6985.2522,0
15,17.06,7105.4373,7105.4373,0
16,17.07,7105.4373,7105.4373,0
17,17.08,7105.4373,7105.4373,0
18,17.09,7105.4373,7105.4373,0
19,17.10,7105.4373,7105.4373,0
20,17.10,7105.4373,7105.4373,0
21,17.11,7130.4608,7130.4608,0
22,17.12,7150.1718,7150.1718,0
23,17.12,7155.5754,7155.5754,0
24,17.13,7155.5754,7155.5754,0
25,17.14,7231.4622,7231.4622,0
26,17.14,7231.4622,7231.4622,0
27,17.15,7231.4622,7231.4622,0
28,17.16,7289.4920,7289.4920,0
29,17.16,7426.6569,7426.6569,0
30,17.17,7465.1619,7465.1619,0
31,17.18,7465.1619,7465.1619,0
32,17.19,7465.1619,7465.1619,0
33,17.19,7629.6557,7629.6557,0
34,17.20,7672.5876,7672.5876,0
35,17.21,7672.5876,7672.5876,0
36,17.22,7672.5876,7672.5876,0
37,17.23,7703.8351,7703.8351,0
38,17.24,7747.3568,7747.3568,0
39,17.25,7764.8973,7764.8973,0
40,17.25,7786.9402,7786.9402,0
41,17.26,7804.4797,7804.4797,0
42,17.27,7819.6194,7819.6194,0
43,17.28,7819.6194,7819.6194,0
44,17.28,7819.6194,7819.6194,0
45,17.29,8055.7063,8055.7063,0
46,17.30,8055.7063,8055.7063,0
47,17.31,8055.7063,8055.7063,0
48,17.32,8055.7063,8055.7063,0
49,17.32,8055.7063,8055.7063,0
50,17.33,8079.4233,8079.4233,0
51,17.34,8079.4233,8079.4233,0
52,17.35,8193.9053,8193.9053,0
53,17.36,8298.5729,8298.5729,0
54,17.37,8298.5729,8298.5729,0
55,17.38,8298.5729,8298.5729,0
56,17.39,8362.2424,8362.2424,0
59,17.40,8520.0183,8520.0183,0
60,17.41,8520.0183,8520.0183,0
61,17.42,8520.0183,8520.0183,0
62,17.43,8527.6903,8527.6903,0
65,17.51,8527.6903,8527.6903,0
66,17.54,8590.6738,8590.6738,0
68,17.58,8590.6738,8590.6738,0
69,17.59,8590.6738,8590.6738,0
71,17.64,8617.2460,8617.2460,0
73,17.74,8617.2460,8617.2460,0
74,17.75,8788.7185,8788.7185,0
81,17.83,8788.7185,8788.7185,0
82,17.89,9042.2076,9042.2076,0
83,17.94,9042.2076,9042.2076,0
84,17.99,9042.2076,9042.2076,0
85,18.03,9042.2076,9042.2076,0
86,18.04,9045.2808,9045.2808,0
87,18.06,9045.2808,9045.2808,0
88,18.07,9055.3247,9055.3247,0
89,18.08,9055.3247,9055.3247,0
90,18.09,9069.0874,9069.0874,0
91,18.10,9078.1854,9078.1854,0
92,18.11,9090.2009,9090.2009,0
93,18.12,9229.3301,9229.3301,0
94,18.13,9356.7908,9356.7908,0
95,18.14,9356.7908,9356.7908,0
96,18.16,9356.7908,9356.7908,0
97,18.19,9356.7908,9356.7908,0
98,18.23,9356.7908,9356.7908,0
99,18.24,9360.9423,9360.9423,0
100,18.25,9360.9423,9360.9423,0
101,18.25,9360.9423,9360.9423,0
102,18.26,9360.9423,9360.9423,0
103,18.28,9400.3122,9400.3122,0
104,18.34,9400.3122,9400.3122,0
105,18.35,9400.3122,9400.3122,0
106,18.36,9427.7141,9427.7141,0
107,18.37,9594.4439,9594.4439,0
108,18.40,9668.8068,9668.8068,0
109,18.41,9668.8068,9668.8068,0
110,18.42,9708.8357,9708.8357,0
111,18.44,9740.9100,9740.9100,0
113,18.49,9806.7464,9806.7464,0
114,18.50,9843.7060,9843.7060,0
115,18.51,10038.1057,10038.1057,0
116,18.53,10038.1057,10038.1057,0
117,18.55,10057.7141,10057.7141,0
118,18.56,10057.7141,10057.7141,0
119,18.59,10124.1712,10124.1712,0
120,18.61,10124.1712,10124.1712,0
121,18.62,10124.1712,10124.1712,0
124,18.70,10303.9767,10303.9767,0
125,18.71,10303.9767,10303.9767,0
126,18.73,10312.5678,10312.5678,0
128,18.74,10312.5678,10312.5678,0
131,18.76,10312.5678,10312.5678,0
132,18.77,10312.5678,10312.5678,0
133,18.80,10316.5620,10316.5620,0
134,18.82,10434.2136,10434.2136,0
135,18.86,10434.2136,10434.2136,0
140,18.93,10516.6948,10516.6948,0
141,18.94,10516.6948,10516.6948,0
142,18.95,10516.6948,10516.6948,0
143,18.99,10523.4135,10523.4135,0
144,19.02,10523.4135,10523.4135,0
146,19.04,10523.4135,10523.4135,0
147,19.07,10779.4865,10779.4865,0
148,19.08,11034.5085,11034.5085,0
151,19.17,11034.5085,11034.5085,0
154,19.20,11034.5085,11034.5085,0
155,19.25,11034.5085,11034.5085,0
160,19.42,11107.7238,11107.7238,0
161,19.46,11107.7238,11107.7238,0
166,19.59,11130.2797,11130.2797,0
167,19.60,11149.7681,11149.7681,0
169,19.66,11149.7681,11149.7681,0
170,19.71,11250.3360,11250.3360,0
172,19.80,11250.3360,11250.3360,0
173,19.85,11250.3360,11250.3360,0
174,19.86,11250.3360,11250.3360,0
175,19.88,11271.1710,11271.1710,0
177,19.91,11292.6904,11292.6904,0
178,19.94,11405.9217,11405.9217,0
179,19.97,11405.9217,11405.9217,0
180,20.00,11473.6244,11473.6244,0
182,20.09,11473.6244,11473.6244,0
185,20.11,11473.6244,11473.6244,0
186,20.13,11473.6244,11473.6244,0
187,20.14,11473.6244,11473.6244,0
188,20.16,11562.3053,11562.3053,0
193,20.31,11562.5240,11562.5240,0
197,20.34,11562.5240,11562.5240,0
198,20.35,11562.5240,11562.5240,0
202,20.41,11562.5240,11562.5240,0
204,20.42,11646.7141,11646.7141,0
206,20.46,11677.8227,11677.8227,0
209,20.55,11756.4997,11756.4997,0
211,20.57,11771.5893,11771.5893,0
212,20.58,11771.5893,11771.5893,0
216,20.63,11780.3615,11780.3615,0
217,20.65,11796.1027,11796.1027,0
218,20.67,11796.1027,11796.1027,0
219,20.71,11970.0610,11970.0610,0
220,20.73,11970.0610,11970.0610,0
221,20.78,11970.0610,11970.0610,0
222,20.80,11970.0610,11970.0610,0
223,20.82,11970.0610,11970.0610,0
225,20.85,11970.0610,11970.0610,0
231,20.95,12019.7609,12019.7609,0
243,21.25,12224.4454,12224.4454,0
247,21.32,12225.4749,12225.4749,0
249,21.39,12292.3663,12292.3663,0
250,21.45,12292.3663,12292.3663,0
255,21.62,12292.3663,12292.3663,0
259,21.67,12302.4820,12302.4820,0
260,21.71,12302.4820,12302.4820,0
268,21.80,12302.4820,12302.4820,0
273,21.95,12302.4820,12302.4820,0
281,21.97,12302.4820,12302.4820,0
289,22.01,12302.4820,12302.4820,0
296,22.08,12302.4820,12302.4820,0
304,22.20,12369.2678,12369.2678,0
305,22.22,12382.5136,12382.5136,0
308,22.26,12625.5782,12625.5782,0
311,22.32,12629.5911,12629.5911,0
313,22.32,12629.5911,12629.5911,0
314,22.34,12671.8963,12671.8963,0
316,22.39,12769.6061,12769.6061,0
320,22.45,12769.6061,12769.6061,0
321,22.50,12769.6061,12769.6061,0
327,22.58,12787.9801,12787.9801,0
330,22.71,12787.9801,12787.9801,0
332,22.80,12787.9801,12787.9801,0
335,22.88,12791.2870,12791.2870,0
338,22.94,12791.2870,12791.2870,0
339,22.96,12791.2870,12791.2870,0
340,22.98,12901.8348,12901.8348,0
344,23.06,13041.9789,13041.9789,0
345,23.10,13041.9789,13041.9789,0
350,23.20,13190.7158,13190.7158,0
351,23.22,13190.7158,13190.7158,0
355,23.29,13379.1320,13379.1320,0
360,23.41,13379.1320,13379.1320,0
363,23.46,13379.1320,13379.1320,0
364,23.50,13379.1320,13379.1320,0
367,23.56,13383.0614,13383.0614,0
394,24.16,13383.0614,13383.0614,0
396,24.21,13383.0614,13383.0614,0
398,24.26,13383.0614,13383.0614,0
415,24.44,13383.0614,13383.0614,0
419,24.48,13383.0614,13383.0614,0
426,24.53,13383.0614,13383.0614,0
457,24.68,13383.0614,13383.0614,0
458,24.70,13384.7429,13384.7429,0
460,24.76,13457.9167,13457.9167,0
465,24.86,13457.9167,13457.9167,0
470,24.90,13457.9167,13457.9167,0
474,24.97,13457.9167,13457.9167,0
497,25.32,13457.9167,13457.9167,0
501,25.42,13457.9167,13457.9167,0
502,25.45,13457.9167,13457.9167,0
507,25.52,13457.9167,13457.9167,0
514,25.60,13457.9167,13457.9167,0
530,25.72,13457.9167,13457.9167,0
534,25.78,13457.9167,13457.9167,0
537,25.79,13457.9167,13457.9167,0
540,25.84,13473.1306,13473.1306,0
541,25.86,13473.1306,13473.1306,0
544,25.92,13473.1306,13473.1306,0
549,26.09,13474.0487,13474.0487,0
551,26.12,13511.3330,13511.3330,0
553,26.22,13527.6410,13527.6410,0
555,26.26,13552.5149,13552.5149,0
568,26.45,13552.5149,13552.5149,0
571,26.51,13552.5149,13552.5149,0
578,26.61,13609.3174,13609.3174,0
587,26.72,13609.3174,13609.3174,0
592,26.80,13609.3174,13609.3174,0
599,26.95,13612.6932,13612.6932,0
602,27.05,13612.6932,13612.6932,0
604,27.06,13612.6932,13612.6932,0
605,27.11,13612.6932,13612.6932,0
606,27.15,13612.6932,13612.6932,0
608,27.22,13612.6932,13612.6932,0
609,27.23,13612.6932,13612.6932,0
612,27.31,13719.8546,13719.8546,0
619,27.57,13719.8546,13719.8546,0
620,27.61,13719.8546,13719.8546,0
621,27.68,13719.8546,13719.8546,0
624,27.76,13719.8546,13719.8546,0
625,27.79,13719.8546,13719.8546,0
626,27.83,13742.3464,13742.3464,0
632,27.95,13742.3464,13742.3464,0
634,27.97,13742.3464,13742.3464,0
642,28.14,13742.3464,13742.3464,0
650,28.26,13742.3464,13742.3464,0
653,28.31,13742.3464,13742.3464,0
655,28.36,13742.3464,13742.3464,0
660,28.44,13742.3464,13742.3464,0
663,28.48,13742.3464,13742.3464,0
674,28.49,13742.3464,13742.3464,0
682,28.57,13742.3464,13742.3464,0
687,28.57,13742.3464,13742.3464,0
690,28.61,13742.3464,13742.3464,0
693,28.61,13742.3464,13742.3464,0
699,28.64,13742.3464,13742.3464,0
706,28.71,13742.3464,13742.3464,0
707,28.71,13742.3464,13742.3464,0
712,28.73,13742.3464,13742.3464,0
721,28.77,13742.3464,13742.3464,0
727,28.78,13742.3464,13742.3464,1
732,28.92,13547.9461,13742.3464,0
734,28.98,13547.9461,13742.3464,0
750,29.27,13547.9461,13742.3464,0
755,29.40,13548.6690,13742.3464,0
756,29.42,13548.6690,13742.3464,0
757,29.42,13548.6690,13742.3464,0
761,29.55,13548.6690,13742.3464,0
762,29.59,13548.6690,13742.3464,0
766,29.69,13569.2114,13742.3464,0
767,29.75,13569.2114,13742.3464,0
773,29.86,13569.2114,13742.3464,0
781,29.98,13569.2114,13742.3464,0
785,30.04,13569.2114,13742.3464,0
786,30.04,13569.2114,13742.3464,0
788,30.04,13569.2114,13742.3464,0
789,30.07,13569.2114,13742.3464,0
791,30.08,13569.2114,13742.3464,0
793,30.12,13569.2114,13742.3464,0
795,30.12,13569.2114,13742.3464,0
796,30.14,13569.2114,13742.3464,0
798,30.17,13569.2114,13742.3464,0
801,30.21,13569.2114,13742.3464,0
805,30.33,13763.6114,13763.6114,0
806,30.35,13763.6114,13763.6114,0
808,30.38,13763.6114,13763.6114,0
816,30.56,13763.6114,13763.6114,0
820,30.69,13763.6114,13763.6114,0
822,30.69,13763.6114,13763.6114,0
834,30.77,13763.6114,13763.6114,0
835,30.77,13763.6114,13763.6114,0
837,30.82,13763.6114,13763.6114,0
838,30.83,13763.6114,13763.6114,0
844,30.86,13822.4667,13822.4667,0
848,31.00,13822.4667,13822.4667,0
853,31.09,13822.4667,13822.4667,0
857,31.13,13822.4667,13822.4667,0
862,31.19,13822.4667,13822.4667,0
897,31.63,13822.4667,13822.4667,0
909,31.82,13822.4667,13822.4667,0
916,31.88,13822.4667,13822.4667,0
923,31.99,13822.4667,13822.4667,0
929,32.04,13822.4667,13822.4667,0
933,32.05,13822.4667,13822.4667,0
941,32.06,13822.4667,13822.4667,0
943,32.06,13822.4667,13822.4667,0
945,32.07,13822.4667,13822.4667,1
947,32.15,13623.3245,13822.4667,0
948,32.18,13627.8072,13822.4667,0
955,32.40,13627.8072,13822.4667,0
970,32.52,13627.8072,13822.4667,0
975,32.60,13627.8072,13822.4667,0
981,32.74,13627.8072,13822.4667,0
985,32.78,13649.5192,13822.4667,0
992,32.99,13655.5194,13822.4667,0
997,33.12,13655.5194,13822.4667,0
1001,33.24,13655.5194,13822.4667,0
1002,33.30,13754.1248,13822.4667,0
1011,33.57,13754.1248,13822.4667,0
1013,33.60,13754.1248,13822.4667,0
1025,33.83,13754.1248,13822.4667,0
1034,33.90,13754.1248,13822.4667,0
1045,33.95,13754.1248,13822.4667,0
1068,34.03,13754.1248,13822.4667,0
1070,34.06,13754.1248,13822.4667,0
1084,34.16,13754.1248,13822.4667,0
1086,34.16,13754.1248,13822.4667,0
1099,34.37,13754.1248,13822.4667,0
1100,34.37,13754.1248,13822.4667,0
1103,34.37,13754.1248,13822.4667,1
1106,34.48,13440.8983,13822.4667,0
1107,34.51,13440.8983,13822.4667,0
1108,34.53,13440.8983,13822.4667,0
1110,34.54,13440.8983,13822.4667,0
1112,34.59,13440.8983,13822.4667,0
1113,34.62,13440.8983,13822.4667,0
1114,34.64,13440.8983,13822.4667,0
1116,34.74,13619.4367,13822.4667,0
1121,34.90,13619.4367,13822.4667,0
1122,34.92,13619.4367,13822.4667,0
1124,34.95,13619.4367,13822.4667,0
1128,35.05,13619.4367,13822.4667,0
1129,35.10,13619.4367,13822.4667,0
1133,35.17,13619.4367,13822.4667,0
1135,35.21,13757.1961,13822.4667,0
1136,35.25,13757.1961,13822.4667,0
1139,35.38,13757.1961,13822.4667,0
1140,35.40,13757.1961,13822.4667,0
1141,35.42,13757.1961,13822.4667,0
1143,35.59,13757.1961,13822.4667,0
1151,35.78,13794.0019,13822.4667,0
1153,35.81,13794.0019,13822.4667,0
1154,35.84,13794.0019,13822.4667,0
1156,35.87,13794.0019,13822.4667,0
1158,35.91,13794.0019,13822.4667,0
1159,35.97,13794.0019,13822.4667,0
1160,35.97,13794.0019,13822.4667,0
1161,36.00,13794.0019,13822.4667,0
1162,36.07,13938.0422,13938.0422,0
1163,36.35,13938.0422,13938.0422,0
1165,36.89,13938.0422,13938.0422,0
1167,37.07,13938.0422,13938.0422,0
1168,37.12,13943.5937,13943.5937,0
1177,37.64,13943.5937,13943.5937,0
1180,37.79,13943.5937,13943.5937,0
1181,37.84,13944.6746,13944.6746,0
1184,37.87,13944.6746,13944.6746,0
1187,38.02,14009.8491,14009.8491,0
1188,38.06,14009.8491,14009.8491,0
1191,38.31,14009.8491,14009.8491,0
1195,38.45,14071.1254,14071.1254,0
1198,38.53,14071.1254,14071.1254,0
1205,38.74,14071.1254,14071.1254,0
1207,38.79,14071.1254,14071.1254,0
1211,38.88,14071.1254,14071.1254,0
1212,38.92,14071.1254,14071.1254,0
1230,39.09,14071.1254,14071.1254,0
1231,39.09,14071.1254,14071.1254,0
1233,39.15,14071.1254,14071.1254,0
1234,39.18,14071.1254,14071.1254,0
1254,39.33,14071.1254,14071.1254,0
1257,39.33,14071.1254,14071.1254,0
1258,39.33,14071.1254,14071.1254,0
1262,39.40,14071.1254,14071.1254,0
1266,39.42,14071.1254,14071.1254,0
1267,39.42,14071.1254,14071.1254,0
1275,39.47,14071.1254,14071.1254,0
1279,39.48,14071.1254,14071.1254,0
1293,39.52,14071.1254,14071.1254,0
1294,39.52,14071.1254,14071.1254,0
1296,39.53,14071.1254,14071.1254,1
1299,39.60,13802.4733,14071.1254,0
1301,39.66,13802.4733,14071.1254,0
1303,39.69,13802.4733,14071.1254,0
1306,39.80,13802.4733,14071.1254,0
1307,39.80,13802.4733,14071.1254,0
1308,39.83,13802.4733,14071.1254,0
1309,39.83,13802.4733,14071.1254,0
1312,39.83,13802.4733,14071.1254,0
1314,39.88,14071.1254,14071.1254,0
1315,39.88,14071.1254,14071.1254,0
1318,39.88,14071.1254,14071.1254,0
1323,39.91,14071.1254,14071.1254,0
1329,39.92,14071.1254,14071.1254,0
1330,39.92,14071.1254,14071.1254,0
1338,39.94,14071.1254,14071.1254,0
1340,39.94,14071.1254,14071.1254,0
1346,39.98,14071.1254,14071.1254,0
1357,40.04,14071.1254,14071.1254,0
1359,40.04,14071.1254,14071.1254,0
1360,40.06,14071.1254,14071.1254,0
1361,40.06,14071.1254,14071.1254,0
1362,40.10,14071.1254,14071.1254,0
1372,40.11,14071.1254,14071.1254,0
1376,40.15,14071.1254,14071.1254,0
1378,40.19,14071.1254,14071.1254,0
1379,40.19,14071.1254,14071.1254,0
1380,40.19,14071.1254,14071.1254,0
1381,40.19,14071.1254,14071.1254,0
1385,40.20,14071.1254,14071.1254,0
1389,40.21,14071.1254,14071.1254,0
1392,40.22,14071.1254,14071.1254,0
1393,40.23,14071.1254,14071.1254,0
1408,40.24,14071.1254,14071.1254,0
1410,40.24,14071.1254,14071.1254,0
1411,40.27,14071.1254,14071.1254,0
1415,40.27,14071.1254,14071.1254,1
1416,40.36,13733.9879,14071.1254,0
1417,40.42,13733.9879,14071.1254,0
1418,40.45,13733.9879,14071.1254,0
1421,40.53,13733.9879,14071.1254,0
1422,40.55,13733.9879,14071.1254,0
1425,40.62,13733.9879,14071.1254,0
1426,40.68,13857.4657,14071.1254,0
1428,40.72,13857.4657,14071.1254,0
1431,40.86,13863.8300,14071.1254,0
1433,40.95,14071.1209,14071.1254,0
1434,40.98,14071.1209,14071.1254,0
1439,41.04,14071.1209,14071.1254,0
1443,41.13,14169.1700,14169.1700,0
1444,41.17,14171.2359,14171.2359,0
1447,41.33,14171.2359,14171.2359,0
1453,41.40,14171.2359,14171.2359,0
1466,41.62,14171.2359,14171.2359,0
1469,41.73,14171.2359,14171.2359,0
1494,41.92,14171.2359,14171.2359,0
1503,41.96,14171.2359,14171.2359,0
1505,42.00,14171.2359,14171.2359,0
1523,42.15,14171.2359,14171.2359,0
1527,42.18,14171.2359,14171.2359,0
1545,42.25,14171.2359,14171.2359,1
1546,42.32,14171.2359,14171.2359,0
1549,42.36,14171.2359,14171.2359,0
1552,42.45,14171.2359,14171.2359,0
1568,42.48,14171.2359,14171.2359,0
1569,42.48,14171.2359,14171.2359,0
1573,42.49,14171.2359,14171.2359,0
1580,42.51,14171.2359,14171.2359,0
1581,42.51,14171.2359,14171.2359,0
1590,42.55,14171.2359,14171.2359,0
1592,42.56,14171.2359,14171.2359,0
1594,42.56,14171.2359,14171.2359,0
1601,42.60,14171.2359,14171.2359,0
1607,42.62,14171.2359,14171.2359,0
1616,42.63,14171.2359,14171.2359,0
1622,42.64,14171.2359,14171.2359,0
1632,42.67,14171.2359,14171.2359,0
1639,42.70,14171.2359,14171.2359,0
1647,42.73,14171.2359,14171.2359,1
1656,43.01,13872.8395,14171.2359,0
1661,43.11,13979.0765,14171.2359,0
1664,43.20,13981.2342,14171.2359,0
1666,43.26,13981.2342,14171.2359,0
1670,43.46,14227.3213,14227.3213,0
1671,43.49,14227.3213,14227.3213,0
1672,43.52,14227.3213,14227.3213,0
1675,43.54,14227.3213,14227.3213,0
1678,43.57,14227.3213,14227.3213,0
1687,43.83,14227.3213,14227.3213,0
1696,43.97,14227.3213,14227.3213,0
1709,44.05,14227.3213,14227.3213,0
1749,44.39,14227.3213,14227.3213,0
1750,44.40,14227.3213,14227.3213,0
1753,44.41,14227.3213,14227.3213,0
1755,44.41,14227.3213,14227.3213,0
1771,44.48,14227.3213,14227.3213,1
1779,44.61,14227.3213,14227.3213,0
1783,44.62,14227.3213,14227.3213,0
1807,44.74,14227.3213,14227.3213,0
1817,44.81,14227.3213,14227.3213,0
1836,44.91,14227.3213,14227.3213,0
1862,45.00,14227.3213,14227.3213,0
1870,45.01,14227.3213,14227.3213,0
1873,45.02,14227.3213,14227.3213,0
1879,45.04,14227.3213,14227.3213,0
1880,45.04,14227.3213,14227.3213,1
1886,45.32,13917.7163,14227.3213,0
1896,45.53,14079.9965,14227.3213,0
1907,45.78,14227.3213,14227.3213,0
1912,45.80,14227.3213,14227.3213,0
1923,45.87,14227.3213,14227.3213,0
1939,45.90,14227.3213,14227.3213,0
1946,45.91,14227.3213,14227.3213,0
1950,45.92,14227.3213,14227.3213,0
1955,45.97,14227.3213,14227.3213,0
1971,46.00,14227.3213,14227.3213,0
1975,46.00,14227.3213,14227.3213,0
2008,46.11,14227.3213,14227.3213,1
2010,46.16,13845.6644,14227.3213,0
2012,46.17,13845.6644,14227.3213,0
2013,46.21,13845.6644,14227.3213,0
2014,46.26,13845.6644,14227.3213,0
2016,46.28,13845.6644,14227.3213,0
2018,46.33,13850.2947,14227.3213,0
2019,46.39,14151.9842,14227.3213,0
2022,46.41,14151.9842,14227.3213,0
2025,46.56,14151.9842,14227.3213,0
2026,46.59,14346.8208,14346.8208,0
2032,46.82,14351.4314,14351.4314,0
2043,46.99,14531.9949,14531.9949,0
2048,47.05,14698.1004,14698.1004,0
2058,47.38,14698.1004,14698.1004,0
2064,47.45,14855.4926,14855.4926,0
2094,48.04,14855.4926,14855.4926,0
2095,48.05,14855.4926,14855.4926,0
2100,48.15,14855.4926,14855.4926,0
2102,48.21,14855.4926,14855.4926,0
2105,48.21,14855.4926,14855.4926,0
2111,48.22,14855.4926,14855.4926,0
2116,48.25,14855.4926,14855.4926,0
2117,48.25,14855.4926,14855.4926,0
2125,48.38,14855.4926,14855.4926,0
2129,48.42,14855.4926,14855.4926,0
2131,48.42,14855.4926,14855.4926,0
2136,48.46,14855.4926,14855.4926,0
2138,48.50,14855.4926,14855.4926,0
2147,48.60,14855.4926,14855.4926,0
2151,48.65,14855.4926,14855.4926,0
2165,48.73,14855.4926,14855.4926,1
2168,48.83,14855.4926,14855.4926,0
2180,48.91,14855.4926,14855.4926,0
2181,48.91,14855.4926,14855.4926,0
2186,48.94,14855.4926,14855.4926,0
2193,48.96,14855.4926,14855.4926,0
2199,48.96,14855.4926,14855.4926,0
2201,49.03,14859.8228,14859.8228,0
2203,49.09,14859.8228,14859.8228,0
2205,49.16,14938.8020,14938.8020,0
2209,49.28,14938.8020,14938.8020,0
2210,49.32,14961.6984,14961.6984,0
2211,49.35,14961.6984,14961.6984,0
2212,49.39,14963.7570,14963.7570,0
2213,49.44,15051.6178,15051.6178,0
2215,49.48,15115.6869,15115.6869,0
2217,49.57,15122.5502,15122.5502,0
2218,49.61,15132.3814,15132.3814,0
2221,49.69,15132.3814,15132.3814,0
2226,49.81,15132.3814,15132.3814,0
2234,50.01,15132.3814,15132.3814,0
2237,50.09,15132.3814,15132.3814,0
2238,50.09,15132.3814,15132.3814,0
2242,50.09,15132.3814,15132.3814,0
2243,50.09,15132.3814,15132.3814,0
2244,50.12,15132.3814,15132.3814,0
2249,50.15,15134.3769,15134.3769,0
2251,50.31,15134.3769,15134.3769,0
2254,50.44,15134.3769,15134.3769,0
2263,50.64,15134.3769,15134.3769,0
2268,50.76,15144.7481,15144.7481,0
2269,50.79,15195.6400,15195.6400,0
2272,50.82,15195.6400,15195.6400,0
2283,51.03,15195.6400,15195.6400,0
2289,51.31,15195.6400,15195.6400,0
2290,51.38,15195.6400,15195.6400,0
2294,51.47,15195.6400,15195.6400,0
2306,51.80,15195.6400,15195.6400,0
2307,51.86,15195.6400,15195.6400,0
2308,51.86,15195.6400,15195.6400,0
2310,51.89,15195.6400,15195.6400,0
2311,51.89,15195.6400,15195.6400,0
2324,52.09,15255.1609,15255.1609,0
2327,52.16,15255.1609,15255.1609,0
2328,52.16,15255.1609,15255.1609,0
2330,52.22,15255.1609,15255.1609,0
2332,52.29,15255.1609,15255.1609,0
2341,52.42,15255.1609,15255.1609,0
2353,52.57,15255.1609,15255.1609,0
2356,52.58,15255.1609,15255.1609,0
2357,52.58,15255.1609,15255.1609,0
2358,52.60,15255.1609,15255.1609,0
2371,52.84,15255.1609,15255.1609,0
2374,52.91,15255.1609,15255.1609,0
2381,52.94,15255.1609,15255.1609,0
2382,52.95,15255.1609,15255.1609,0
2389,53.00,15255.1609,15255.1609,0
2392,53.06,15255.1609,15255.1609,0
2394,53.07,15255.1609,15255.1609,0
2398,53.08,15255.1609,15255.1609,0
2400,53.08,15255.1609,15255.1609,0
2406,53.10,15255.1609,15255.1609,0
2408,53.12,15255.1609,15255.1609,0
2411,53.13,15255.1609,15255.1609,0
2416,53.14,15255.1609,15255.1609,0
2420,53.14,15255.1609,15255.1609,0
2422,53.17,15255.1609,15255.1609,0
2425,53.17,15255.1609,15255.1609,1
2426,53.26,15256.6407,15256.6407,0
2435,53.47,15256.6407,15256.6407,0
2436,53.50,15256.6407,15256.6407,0
2453,53.78,15256.6407,15256.6407,0
2454,53.78,15256.6407,15256.6407,0
2456,53.81,15256.6407,15256.6407,0
2469,53.92,15256.6407,15256.6407,0
2502,54.18,15256.6407,15256.6407,0
2514,54.26,15256.6407,15256.6407,0
2527,54.37,15256.6407,15256.6407,1
2529,54.41,14974.8581,15256.6407,0
2530,54.44,14974.8581,15256.6407,0
2533,54.55,14974.8581,15256.6407,0
2534,54.60,14974.8581,15256.6407,0
2537,54.73,14974.8581,15256.6407,0
2538,54.77,15267.4212,15267.4212,0
2539,54.83,15267.4212,15267.4212,0
2544,54.93,15267.4212,15267.4212,0
2546,54.99,15267.4212,15267.4212,0
2551,55.07,15267.4212,15267.4212,0
2552,55.11,15267.4212,15267.4212,0
2555,55.16,15267.4212,15267.4212,0
2560,55.30,15267.4212,15267.4212,0
2563,55.41,15267.4212,15267.4212,0
2569,55.46,15267.4212,15267.4212,0
2571,55.46,15267.4212,15267.4212,0
2574,55.51,15267.4212,15267.4212,0
2580,55.63,15267.4212,15267.4212,0
2581,55.65,15267.4212,15267.4212,0
2589,55.77,15267.4212,15267.4212,0
2599,55.79,15267.4212,15267.4212,0
2601,55.84,15268.1223,15268.1223,0
2602,55.89,15268.1223,15268.1223,0
2606,56.07,15268.1223,15268.1223,0
2607,56.11,15268.1223,15268.1223,0
2620,56.31,15268.1223,15268.1223,0
2628,56.51,15268.1223,15268.1223,0
2630,56.59,15268.1223,15268.1223,0
2631,56.59,15268.1223,15268.1223,0
2642,56.76,15268.1223,15268.1223,0
2644,56.76,15268.1223,15268.1223,0
2650,56.78,15268.1223,15268.1223,0
2656,56.80,15268.1223,15268.1223,0
2659,56.81,15268.1223,15268.1223,0
2660,56.83,15268.1223,15268.1223,0
2662,56.83,15268.1223,15268.1223,0
2663,56.83,15268.1223,15268.1223,0
2665,56.86,15268.1223,15268.1223,0
2675,56.91,15268.1223,15268.1223,0
2685,56.96,15268.1223,15268.1223,0
2702,57.04,15268.1223,15268.1223,1
2703,57.12,15099.5378,15268.1223,0
2704,57.16,15099.5378,15268.1223,0
2706,57.28,15268.1223,15268.1223,0
2717,57.36,15268.1223,15268.1223,0
2720,57.40,15268.1223,15268.1223,0
2729,57.44,15268.1223,15268.1223,0
2738,57.48,15268.1223,15268.1223,0
2739,57.48,15268.1223,15268.1223,0
2740,57.48,15268.1223,15268.1223,0
2744,57.57,15268.1223,15268.1223,0
2746,57.58,15268.1223,15268.1223,0
2757,57.65,15268.1223,15268.1223,0
2759,57.66,15268.1223,15268.1223,0
2763,57.67,15268.1223,15268.1223,0
2765,57.71,15268.1223,15268.1223,0
2767,57.73,15268.1223,15268.1223,0
2771,57.77,15268.1223,15268.1223,0
2789,57.81,15268.1223,15268.1223,0
2792,57.82,15268.1223,15268.1223,0
2794,57.82,15268.1223,15268.1223,0
2802,57.85,15268.1223,15268.1223,0
2803,57.85,15268.1223,15268.1223,0
2805,57.85,15268.1223,15268.1223,0
2807,57.85,15268.1223,15268.1223,1
2809,57.93,15034.0652,15268.1223,0
2813,58.07,15081.4208,15268.1223,0
2821,58.27,15081.4208,15268.1223,0
2831,58.43,15081.4208,15268.1223,0
2849,58.69,15081.4208,15268.1223,0
2860,58.76,15081.4208,15268.1223,0
2871,58.90,15081.4208,15268.1223,0
2874,58.90,15081.4208,15268.1223,0
2878,58.97,15081.4208,15268.1223,0
2882,59.07,15081.4208,15268.1223,0
2890,59.12,15081.4208,15268.1223,0
2895,59.19,15081.4208,15268.1223,0
2898,59.22,15082.5748,15268.1223,0
2901,59.28,15082.5748,15268.1223,0
2903,59.36,15121.3541,15268.1223,0
2904,59.39,15121.3541,15268.1223,0
2907,59.45,15121.3541,15268.1223,0
2912,59.57,15121.7087,15268.1223,0
2913,59.64,15132.6669,15268.1223,0
2919,59.91,15132.6669,15268.1223,0
2920,59.93,15133.4745,15268.1223,0
2925,60.11,15276.9349,15276.9349,0
2934,60.35,15276.9349,15276.9349,0
2935,60.40,15276.9349,15276.9349,0
2948,60.47,15276.9349,15276.9349,0
2959,60.61,15276.9349,15276.9349,0
2960,60.62,15276.9349,15276.9349,0
2964,60.68,15276.9349,15276.9349,0
2977,60.78,15276.9349,15276.9349,0
2982,60.84,15276.9349,15276.9349,0
2985,60.86,15276.9349,15276.9349,0
3004,61.16,15276.9349,15276.9349,0
3012,61.26,15276.9349,15276.9349,0
3014,61.28,15276.9349,15276.9349,0
3026,61.32,15276.9349,15276.9349,1
3027,61.38,15032.6276,15276.9349,0
3028,61.42,15118.9365,15276.9349,0
3030,61.55,15276.9349,15276.9349,0
3036,61.62,15276.9349,15276.9349,0
3043,61.68,15276.9349,15276.9349,0
3045,61.70,15276.9349,15276.9349,0
3060,61.83,15276.9349,15276.9349,0
3065,61.88,15276.9349,15276.9349,0
3072,61.92,15276.9349,15276.9349,0
3075,61.93,15276.9349,15276.9349,0
3082,62.06,15276.9349,15276.9349,0
3092,62.16,15276.9349,15276.9349,0
3101,62.21,15276.9349,15276.9349,0
3120,62.30,15276.9349,15276.9349,0
3124,62.33,15276.9349,15276.9349,0
3127,62.35,15276.9349,15276.9349,0
3131,62.37,15276.9349,15276.9349,1
3132,62.44,15118.9365,15276.9349,0
3135,62.58,15210.0315,15276.9349,0
3137,62.70,15276.9349,15276.9349,0
3142,62.79,15276.9349,15276.9349,0
3144,62.81,15276.9349,15276.9349,0
3149,62.84,15276.9349,15276.9349,0
3151,62.86,15276.9349,15276.9349,0
3156,62.99,15276.9349,15276.9349,0
3160,63.06,15276.9349,15276.9349,0
3162,63.07,15276.9349,15276.9349,0
3169,63.15,15276.9349,15276.9349,0
3177,63.20,15276.9349,15276.9349,0
3182,63.26,15276.9349,15276.9349,0
3190,63.33,15276.9349,15276.9349,0
3203,63.44,15276.9349,15276.9349,0
3207,63.46,15276.9349,15276.9349,0
3210,63.52,15276.9349,15276.9349,0
3213,63.54,15276.9349,15276.9349,0
3214,63.54,15276.9349,15276.9349,0
3215,63.54,15276.9349,15276.9349,0
3224,63.62,15276.9349,15276.9349,0
3225,63.62,15276.9349,15276.9349,0
3230,63.63,15276.9349,15276.9349,0
3233,63.63,15276.9349,15276.9349,0
3238,63.66,15276.9349,15276.9349,1
3239,63.70,14718.1378,15276.9349,0
3240,63.73,14718.1378,15276.9349,0
3241,63.77,14718.1378,15276.9349,0
3242,63.80,14903.9885,15276.9349,0
3244,63.86,14903.9885,15276.9349,0
3246,63.90,14903.9885,15276.9349,0
3248,63.93,14903.9885,15276.9349,0
3253,64.10,15014.3908,15276.9349,0
3256,64.17,15235.8714,15276.9349,0
3257,64.19,15235.8714,15276.9349,0
3258,64.21,15328.9751,15328.9751,0
3260,64.27,15424.4543,15424.4543,0
3261,64.30,15424.4543,15424.4543,0
3265,64.44,15424.4543,15424.4543,0
3267,64.54,15427.4949,15427.4949,0
3273,64.83,15427.4949,15427.4949,0
3278,64.92,15427.4949,15427.4949,0
3293,65.04,15427.4949,15427.4949,0
3309,65.24,15427.4949,15427.4949,0
3311,65.27,15427.4949,15427.4949,0
3315,65.28,15427.4949,15427.4949,0
3319,65.29,15427.4949,15427.4949,0
3322,65.32,15427.4949,15427.4949,0
3331,65.41,15427.4949,15427.4949,0
3344,65.50,15427.4949,15427.4949,0
3357,65.61,15427.4949,15427.4949,0
3361,65.64,15427.4949,15427.4949,0
3368,65.66,15427.4949,15427.4949,1
3369,65.73,15288.9741,15427.4949,0
3370,65.76,15288.9741,15427.4949,0
3371,65.79,15427.4949,15427.4949,0
3390,65.83,15427.4949,15427.4949,0
3401,65.86,15427.4949,15427.4949,0
3407,65.87,15427.4949,15427.4949,0
3417,65.89,15427.4949,15427.4949,0
3418,65.89,15427.4949,15427.4949,0
3425,65.96,15427.4949,15427.4949,0
3428,65.99,15427.4949,15427.4949,0
3436,66.05,15427.4949,15427.4949,0
3437,66.09,15427.4949,15427.4949,0
3441,66.09,15427.4949,15427.4949,0
3448,66.13,15427.4949,15427.4949,0
3455,66.18,15427.4949,15427.4949,0
3465,66.32,15427.4949,15427.4949,0
3467,66.35,15441.5542,15441.5542,0
3474,66.48,15441.5542,15441.5542,0
3476,66.52,15441.5542,15441.5542,0
3479,66.65,15441.9549,15441.9549,0
3480,66.67,15441.9549,15441.9549,0
3481,66.67,15441.9549,15441.9549,0
3485,66.90,15441.9549,15441.9549,0
3492,67.05,15441.9549,15441.9549,0
3494,67.08,15441.9549,15441.9549,0
3495,67.15,15441.9549,15441.9549,0
3496,67.15,15441.9549,15441.9549,0
3497,67.17,15441.9549,15441.9549,0
3498,67.20,15441.9549,15441.9549,0
3507,67.38,15441.9549,15441.9549,0
3514,67.45,15441.9549,15441.9549,0
3517,67.46,15441.9549,15441.9549,0
3519,67.46,15441.9549,15441.9549,0
3520,67.47,15441.9549,15441.9549,0
3528,67.49,15441.9549,15441.9549,0
3529,67.49,15441.9549,15441.9549,0
3535,67.54,15441.9549,15441.9549,0
3536,67.54,15441.9549,15441.9549,0
3537,67.57,15441.9549,15441.9549,0
3546,67.63,15441.9549,15441.9549,0
3547,67.63,15441.9549,15441.9549,0
3549,67.64,15441.9549,15441.9549,0
3550,67.69,15444.8151,15444.8151,0
3558,67.99,15444.8151,15444.8151,0
3563,68.06,15444.8151,15444.8151,0
3564,68.09,15444.8151,15444.8151,0
3571,68.13,15444.8151,15444.8151,0
3572,68.13,15444.8151,15444.8151,0
3573,68.15,15444.8151,15444.8151,0
3582,68.20,15444.8151,15444.8151,0
3585,68.25,15444.8151,15444.8151,0
3600,68.30,15444.8151,15444.8151,0
3606,68.34,15444.8151,15444.8151,0
3613,68.43,15444.8151,15444.8151,0
3633,68.53,15444.8151,15444.8151,0
3640,68.54,15444.8151,15444.8151,0
3644,68.56,15444.8151,15444.8151,0
3649,68.59,15444.8151,15444.8151,0
3651,68.59,15444.8151,15444.8151,1
3657,68.78,15305.9512,15444.8151,0
3658,68.84,15305.9512,15444.8151,0
3660,68.91,15444.8151,15444.8151,0
3662,68.94,15444.8151,15444.8151,0
3664,68.95,15444.8151,15444.8151,0
3667,68.96,15444.8151,15444.8151,0
3669,68.98,15444.8151,15444.8151,0
3692,69.14,15453.1597,15453.1597,0
3694,69.17,15453.1597,15453.1597,0
3697,69.23,15453.1597,15453.1597,0
3702,69.41,15453.1597,15453.1597,0
3706,69.48,15453.1597,15453.1597,0
3711,69.52,15453.1597,15453.1597,0
3719,69.56,15453.1597,15453.1597,0
3721,69.64,15453.1597,15453.1597,0
3723,69.68,15453.1597,15453.1597,0
3727,69.71,15453.1597,15453.1597,0
3729,69.73,15453.1597,15453.1597,0
3731,69.73,15453.1597,15453.1597,0
3742,69.76,15453.1597,15453.1597,0
3750,69.84,15453.1597,15453.1597,0
3751,69.86,15453.1597,15453.1597,0
3753,69.86,15453.1597,15453.1597,0
3754,69.93,15453.1597,15453.1597,0
3756,69.94,15453.1597,15453.1597,0
3760,69.99,15453.1597,15453.1597,0
3762,70.01,15453.1597,15453.1597,0
3765,70.02,15453.1597,15453.1597,0
3767,70.03,15453.1597,15453.1597,0
3770,70.03,15453.1597,15453.1597,0
3772,70.04,15453.1597,15453.1597,0
3773,70.05,15453.1597,15453.1597,0
3774,70.07,15453.1597,15453.1597,0
3778,70.10,15453.1597,15453.1597,0
3784,70.14,15453.1597,15453.1597,0
3788,70.16,15453.1597,15453.1597,0
3790,70.21,15453.1597,15453.1597,0
3791,70.21,15453.1597,15453.1597,0
3792,70.24,15454.1498,15454.1498,0
3796,70.42,15454.1498,15454.1498,0
3801,70.49,15454.1498,15454.1498,0
3806,70.59,15454.1498,15454.1498,0
3807,70.63,15454.1498,15454.1498,0
3817,70.72,15454.1498,15454.1498,0
3821,70.73,15454.1498,15454.1498,0
3822,70.78,15454.1498,15454.1498,0
3830,70.85,15454.1498,15454.1498,0
3836,70.85,15454.1498,15454.1498,0
3838,70.86,15454.1498,15454.1498,0
3841,70.89,15454.1498,15454.1498,0
3842,70.90,15454.1498,15454.1498,0
3846,70.94,15463.1714,15463.1714,0
3849,71.04,15463.1714,15463.1714,0
3851,71.10,15463.1714,15463.1714,0
3853,71.14,15463.1714,15463.1714,0
3855,71.17,15463.1714,15463.1714,0
3856,71.20,15577.5037,15577.5037,0
3859,71.37,15577.5037,15577.5037,0
3869,71.54,15577.5037,15577.5037,0
3873,71.56,15577.5037,15577.5037,0
3879,71.64,15577.5037,15577.5037,0
3880,71.64,15577.5037,15577.5037,0
3886,71.66,15577.5037,15577.5037,0
3894,71.75,15577.5037,15577.5037,0
3899,71.82,15577.5037,15577.5037,0
3914,71.89,15577.5037,15577.5037,0
3915,71.89,15577.5037,15577.5037,0
3928,72.03,15577.5037,15577.5037,0
3931,72.07,15577.5037,15577.5037,0
3935,72.22,15577.5037,15577.5037,0
3936,72.22,15577.5037,15577.5037,0
3946,72.26,15577.5037,15577.5037,0
3947,72.26,15577.5037,15577.5037,0
3952,72.32,15577.5037,15577.5037,0
3957,72.36,15577.5037,15577.5037,1
3961,72.52,15438.8274,15577.5037,0
3972,72.65,15438.8274,15577.5037,0
3978,72.74,15438.8274,15577.5037,0
3979,72.81,15554.3982,15577.5037,0
3984,72.87,15577.5037,15577.5037,0
3986,72.89,15577.5037,15577.5037,0
3990,72.90,15577.5037,15577.5037,0
3994,72.92,15577.5037,15577.5037,0
4003,72.96,15577.5037,15577.5037,0
4005,72.96,15577.5037,15577.5037,0
4015,73.00,15577.5037,15577.5037,0
4019,73.06,15577.5037,15577.5037,0
4021,73.09,15577.5037,15577.5037,0
4036,73.24,15577.5037,15577.5037,0
4037,73.36,15577.5037,15577.5037,0
4041,73.37,15577.5037,15577.5037,0
4077,73.60,15577.5037,15577.5037,0
4078,73.60,15577.5037,15577.5037,0
4083,73.64,15577.5037,15577.5037,0
4084,73.66,15577.5037,15577.5037,0
4085,73.66,15577.5037,15577.5037,1
4090,73.93,15343.3778,15577.5037,0
4092,74.01,15343.3778,15577.5037,0
4093,74.10,15554.3982,15577.5037,0
4101,74.26,15554.3982,15577.5037,0
4110,74.34,15554.3982,15577.5037,0
4111,74.37,15577.5037,15577.5037,0
4122,74.42,15577.5037,15577.5037,0
4126,74.43,15577.5037,15577.5037,0
4135,74.49,15577.5037,15577.5037,0
4146,74.56,15577.5037,15577.5037,0
4152,74.60,15577.5037,15577.5037,0
4159,74.62,15577.5037,15577.5037,0
4164,74.64,15577.5037,15577.5037,0
4177,74.71,15577.5037,15577.5037,0
4178,74.72,15577.5037,15577.5037,0
4184,74.78,15577.5037,15577.5037,0
4208,74.89,15577.5037,15577.5037,0
4212,74.93,15577.5037,15577.5037,1
4214,75.02,14979.6537,15577.5037,0
4215,75.05,14979.6537,15577.5037,0
4219,75.17,15008.7358,15577.5037,0
4221,75.19,15106.5915,15577.5037,0
4224,75.31,15106.5915,15577.5037,0
4225,75.35,15305.4098,15577.5037,0
4226,75.38,15305.4098,15577.5037,0
4230,75.49,15440.1199,15577.5037,0
4232,75.63,15487.7530,15577.5037,0
4235,75.75,15564.4274,15577.5037,0
4239,75.94,15615.4985,15615.4985,0
4240,75.96,15615.4985,15615.4985,0
4241,76.00,15615.4985,15615.4985,0
4247,76.15,15615.4985,15615.4985,0
4250,76.24,15620.4034,15620.4034,0
4253,76.42,15620.4034,15620.4034,0
4254,76.44,15620.4034,15620.4034,0
4255,76.48,15620.4034,15620.4034,0
4256,76.52,15620.4034,15620.4034,0
4257,76.57,15620.4034,15620.4034,0
4259,76.68,15664.0050,15664.0050,0
4260,76.68,15664.0050,15664.0050,0
4269,76.99,15664.0050,15664.0050,0
4274,77.06,15664.0050,15664.0050,0
4277,77.14,15664.0050,15664.0050,0
4279,77.20,15664.0050,15664.0050,0
4298,77.44,15664.0050,15664.0050,0
4309,77.46,15664.0050,15664.0050,0
4313,77.50,15664.0050,15664.0050,0
4316,77.50,15664.0050,15664.0050,0
4320,77.52,15664.0050,15664.0050,0
4326,77.59,15664.0050,15664.0050,0
4328,77.68,15664.0050,15664.0050,0
4342,77.84,15664.0050,15664.0050,0
4349,77.89,15664.0050,15664.0050,0
4354,77.97,15664.0050,15664.0050,0
4355,77.97,15664.0050,15664.0050,0
4356,78.02,15664.0050,15664.0050,0
4360,78.02,15664.0050,15664.0050,1
4363,78.06,15474.6994,15664.0050,0
4369,78.30,15474.6994,15664.0050,0
4370,78.32,15664.0050,15664.0050,0
4374,78.33,15664.0050,15664.0050,0
4377,78.34,15664.0050,15664.0050,0
4387,78.48,15664.0050,15664.0050,0
4400,78.58,15664.0050,15664.0050,0
4404,78.63,15664.0050,15664.0050,0
4406,78.64,15664.0050,15664.0050,0
4413,78.66,15664.0050,15664.0050,0
4419,78.74,15664.0050,15664.0050,0
4421,78.79,15666.0965,15666.0965,0
4422,78.81,15666.0965,15666.0965,0
4424,78.94,15666.0965,15666.0965,0
4427,78.98,15666.0965,15666.0965,0
4429,78.98,15666.0965,15666.0965,0
4431,79.05,15666.0965,15666.0965,0
4432,79.09,15666.0965,15666.0965,0
4433,79.15,15706.9254,15706.9254,0
4434,79.18,15729.2908,15729.2908,0
4436,79.29,15729.2908,15729.2908,0
4439,79.43,15729.2908,15729.2908,0
4444,79.54,15729.2908,15729.2908,0
4451,79.84,15729.2908,15729.2908,0
4453,79.88,15729.2908,15729.2908,0
4456,79.96,15738.2368,15738.2368,0
4457,79.96,15738.2368,15738.2368,0
4458,80.01,15738.2368,15738.2368,0
4462,80.14,15738.2368,15738.2368,0
4463,80.15,15738.2368,15738.2368,0
4464,80.16,15738.2368,15738.2368,0
4468,80.25,15738.2368,15738.2368,0
4473,80.39,15738.2368,15738.2368,0
4476,80.40,15738.2368,15738.2368,0
4479,80.42,15738.2368,15738.2368,0
4480,80.42,15738.2368,15738.2368,0
4489,80.57,15738.2368,15738.2368,0
4493,80.63,15738.2368,15738.2368,0
4498,80.70,15738.2368,15738.2368,0
4503,80.72,15738.2368,15738.2368,0
4505,80.73,15738.2368,15738.2368,0
4507,80.77,15738.2368,15738.2368,0
4508,80.77,15738.2368,15738.2368,0
4510,80.81,15738.2368,15738.2368,0
4511,80.81,15738.2368,15738.2368,0
4515,80.90,15738.2368,15738.2368,0
4517,80.91,15738.2368,15738.2368,0
4520,80.93,15738.2368,15738.2368,0
4524,80.96,15738.2368,15738.2368,0
4529,80.98,15738.2368,15738.2368,0
4530,81.02,15738.2368,15738.2368,0
4535,81.05,15738.2368,15738.2368,0
4538,81.10,15738.2368,15738.2368,0
4539,81.10,15738.2368,15738.2368,0
4540,81.10,15738.2368,15738.2368,0
4541,81.11,15738.2368,15738.2368,0
4545,81.14,15738.2368,15738.2368,0
4546,81.15,15738.2368,15738.2368,0
4552,81.20,15738.2368,15738.2368,0
4557,81.24,15738.2368,15738.2368,1
4558,81.30,15392.2737,15738.2368,0
4559,81.32,15392.2737,15738.2368,0
4560,81.36,15392.2737,15738.2368,0
4562,81.42,15392.2737,15738.2368,0
4565,81.49,15738.2368,15738.2368,0
4569,81.51,15738.2368,15738.2368,0
4570,81.55,15738.2368,15738.2368,0
4571,81.55,15738.2368,15738.2368,0
4572,81.56,15738.2368,15738.2368,0
4575,81.58,15738.2368,15738.2368,0
4577,81.66,15738.2368,15738.2368,0
4578,81.66,15738.2368,15738.2368,0
4580,81.68,15738.2368,15738.2368,0
4581,81.71,15738.2368,15738.2368,0
4586,81.77,15738.2368,15738.2368,0
4591,81.82,15738.2368,15738.2368,0
4596,81.84,15738.2368,15738.2368,0
4599,81.85,15738.2368,15738.2368,0
4602,81.86,15738.2368,15738.2368,0
4608,81.88,15738.2368,15738.2368,0
4609,81.89,15738.2368,15738.2368,0
4619,81.94,15738.2368,15738.2368,0
4620,81.96,15738.2368,15738.2368,0
4623,81.98,15738.2368,15738.2368,0
4624,82.03,15738.2368,15738.2368,0
4625,82.03,15738.2368,15738.2368,0
4629,82.05,15738.2368,15738.2368,0
4632,82.05,15738.2368,15738.2368,0
4635,82.06,15738.2368,15738.2368,0
4636,82.07,15738.2368,15738.2368,0
4638,82.10,15738.2368,15738.2368,0
4646,82.13,15738.2368,15738.2368,0
4654,82.17,15738.2368,15738.2368,0
4657,82.21,15738.2368,15738.2368,0
4658,82.22,15738.2368,15738.2368,0
4659,82.22,15738.2368,15738.2368,0
4660,82.22,15738.2368,15738.2368,0
4664,82.23,15738.2368,15738.2368,0
4665,82.28,15738.2368,15738.2368,0
4666,82.28,15738.2368,15738.2368,1
4667,82.44,15700.8090,15738.2368,0
4669,82.53,15700.8090,15738.2368,0
4671,82.56,15700.8090,15738.2368,0
4673,82.62,15733.8453,15738.2368,0
4681,82.74,15733.8453,15738.2368,0
4687,82.84,15733.8453,15738.2368,0
4688,82.84,15733.8453,15738.2368,0
4691,82.89,15733.8453,15738.2368,0
4692,82.89,15733.8453,15738.2368,0
4698,82.99,15733.8453,15738.2368,0
4700,82.99,15733.8453,15738.2368,0
4703,83.01,15733.8453,15738.2368,0
4705,83.04,15733.8453,15738.2368,0
4716,83.18,15733.8453,15738.2368,0
4718,83.26,15733.8453,15738.2368,0
4720,83.28,15733.8453,15738.2368,0
4726,83.34,15733.8453,15738.2368,0
4731,83.35,15733.8453,15738.2368,0
4737,83.40,15733.8453,15738.2368,0
4738,83.40,15733.8453,15738.2368,0
4739,83.42,15733.8453,15738.2368,0
4742,83.43,15733.8453,15738.2368,0
4751,83.50,15733.8453,15738.2368,0
4766,83.58,15733.8453,15738.2368,0
4767,83.58,15733.8453,15738.2368,0
4768,83.58,15733.8453,15738.2368,0
4771,83.59,15733.8453,15738.2368,0
4774,83.59,15733.8453,15738.2368,1
4775,83.65,15412.2726,15738.2368,0
4776,83.73,15412.2726,15738.2368,0
4778,83.83,15412.2726,15738.2368,0
4779,83.83,15412.2726,15738.2368,0
4781,83.86,15412.2726,15738.2368,0
4784,83.97,15412.2726,15738.2368,0
4787,84.01,15412.2726,15738.2368,0
4788,84.03,15462.7266,15738.2368,0
4791,84.20,15575.1597,15738.2368,0
4792,84.25,15592.9622,15738.2368,0
4794,84.34,15592.9622,15738.2368,0
4796,84.42,15732.8083,15738.2368,0
4804,84.57,15732.8083,15738.2368,0
4805,84.61,15732.8083,15738.2368,0
4807,84.68,15732.8083,15738.2368,0
4816,84.74,15732.8083,15738.2368,0
4821,84.84,15732.8083,15738.2368,0
4822,84.85,15732.8083,15738.2368,0
4824,84.89,15732.8083,15738.2368,0
4828,84.92,15732.8083,15738.2368,0
4829,84.93,15732.8083,15738.2368,0
4832,84.94,15732.8083,15738.2368,0
4835,84.95,15732.8083,15738.2368,0
4836,84.96,15732.8083,15738.2368,0
4840,84.96,15732.8083,15738.2368,0
4848,85.04,15732.8083,15738.2368,0
4850,85.04,15732.8083,15738.2368,0
4855,85.06,15732.8083,15738.2368,0
4858,85.07,15732.8083,15738.2368,0
4860,85.09,15732.8083,15738.2368,0
4862,85.11,15733.8453,15738.2368,0
4866,85.13,15733.8453,15738.2368,0
4876,85.22,15738.2368,15738.2368,0
4878,85.23,15738.2368,15738.2368,0
4880,85.24,15738.2368,15738.2368,0
4881,85.29,15738.2368,15738.2368,0
4884,85.30,15738.2368,15738.2368,0
4887,85.31,15738.2368,15738.2368,0
4890,85.32,15738.2368,15738.2368,0
4893,85.36,15738.2368,15738.2368,0
4895,85.37,15738.2368,15738.2368,0
4902,85.44,15738.2368,15738.2368,0
4905,85.46,15738.2368,15738.2368,0
4914,85.47,15738.2368,15738.2368,0
4916,85.48,15738.2368,15738.2368,0
4921,85.49,15738.2368,15738.2368,0
4924,85.49,15738.2368,15738.2368,0
4926,85.52,15738.2368,15738.2368,0
4929,85.54,15738.2368,15738.2368,0
4930,85.54,15738.2368,15738.2368,0
4937,85.56,15738.2368,15738.2368,0
4947,85.61,15738.2368,15738.2368,0
4951,85.64,15738.2368,15738.2368,0
4954,85.65,15738.2368,15738.2368,0
4959,85.67,15738.2368,15738.2368,0
4960,85.70,15738.2368,15738.2368,0
4961,85.70,15738.2368,15738.2368,0
4965,85.73,15738.2368,15738.2368,0
4976,85.79,15738.2368,15738.2368,0
4977,85.79,15738.2368,15738.2368,1
4978,85.89,15243.2507,15738.2368,0
4979,85.91,15348.2635,15738.2368,0
4983,86.06,15348.2635,15738.2368,0
4985,86.09,15529.9531,15738.2368,0
4990,86.29,15529.9531,15738.2368,0
4991,86.33,15634.9769,15738.2368,0
4992,86.38,15634.9769,15738.2368,0
4993,86.43,15639.7564,15738.2368,0
4997,86.57,15639.7564,15738.2368,0
4998,86.64,15639.7564,15738.2368,0
5008,86.72,15639.7564,15738.2368,0
5012,86.80,15639.7564,15738.2368,0
5013,86.84,15639.7564,15738.2368,0
5018,86.90,15639.7564,15738.2368,0
5019,86.92,15639.7564,15738.2368,0
5020,86.92,15639.7564,15738.2368,0
5024,86.94,15639.7564,15738.2368,0
5030,87.00,15639.7564,15738.2368,0
5031,87.00,15639.7564,15738.2368,0
5036,87.03,15639.7564,15738.2368,0
5039,87.04,15639.7564,15738.2368,0
5040,87.05,15639.7564,15738.2368,0
5042,87.07,15639.7564,15738.2368,0
5043,87.13,15639.7564,15738.2368,0
5044,87.13,15639.7564,15738.2368,0
5049,87.15,15639.7564,15738.2368,0
5053,87.16,15639.7564,15738.2368,0
5060,87.18,15639.7564,15738.2368,0
5061,87.18,15639.7564,15738.2368,0
5066,87.19,15639.7564,15738.2368,0
5071,87.20,15639.7564,15738.2368,0
5075,87.26,15639.7564,15738.2368,0
5077,87.33,15639.7564,15738.2368,0
5078,87.34,15639.7564,15738.2368,0
5080,87.34,15639.7564,15738.2368,0
5084,87.35,15639.7564,15738.2368,0
5094,87.39,15639.7564,15738.2368,1
5095,87.50,14950.4808,15738.2368,0
5096,87.54,15037.1030,15738.2368,0
5097,87.60,15145.3844,15738.2368,0
5098,87.66,15145.3844,15738.2368,0
5101,87.77,15148.6121,15738.2368,0
5104,87.93,15193.5215,15738.2368,0
5115,88.18,15193.5215,15738.2368,0
5127,88.37,15193.5215,15738.2368,0
5144,88.55,15235.9207,15738.2368,0
5151,88.84,15343.1355,15738.2368,0
5159,89.07,15343.1355,15738.2368,0
5161,89.15,15343.1355,15738.2368,0
5167,89.30,15552.5292,15738.2368,0
5171,89.39,15552.5292,15738.2368,0
5174,89.46,15614.1227,15738.2368,0
5175,89.52,15664.0311,15738.2368,0
5180,89.73,15737.3783,15738.2368,0
5193,90.05,15737.3783,15738.2368,0
5194,90.12,15737.3783,15738.2368,0
5198,90.23,15737.3783,15738.2368,0
5204,90.29,15737.3783,15738.2368,0
5205,90.31,15737.3783,15738.2368,0
5219,90.42,15737.3783,15738.2368,0
5230,90.45,15737.3783,15738.2368,0
5231,90.45,15737.3783,15738.2368,0
5239,90.55,15737.3783,15738.2368,0
5254,90.62,15737.3783,15738.2368,0
5259,90.69,15737.3783,15738.2368,0
5263,90.76,15737.3783,15738.2368,0
5264,90.76,15737.3783,15738.2368,0
5265,90.77,15737.3783,15738.2368,0
5281,90.83,15737.3783,15738.2368,1
5282,90.90,15328.8466,15738.2368,0
5283,90.92,15328.8466,15738.2368,0
5284,90.94,15382.6684,15738.2368,0
5286,90.99,15382.6684,15738.2368,0
5287,91.03,15382.6684,15738.2368,0
5289,91.10,15382.6684,15738.2368,0
5293,91.24,15382.6684,15738.2368,0
5294,91.26,15394.1907,15738.2368,0
5296,91.35,15500.0693,15738.2368,0
5298,91.43,15504.3182,15738.2368,0
5305,91.54,15504.3182,15738.2368,0
5306,91.58,15534.9407,15738.2368,0
5318,91.85,15534.9407,15738.2368,0
5321,91.95,15536.5412,15738.2368,0
5324,92.01,15536.5412,15738.2368,0
5337,92.28,15536.5412,15738.2368,0
5343,92.33,15536.5412,15738.2368,0
5349,92.51,15536.5412,15738.2368,0
5368,92.67,15536.5412,15738.2368,0
5374,92.72,15536.5412,15738.2368,0
5375,92.76,15536.5412,15738.2368,0
5382,92.78,15536.5412,15738.2368,0
5390,92.83,15536.5412,15738.2368,0
5393,92.87,15536.5412,15738.2368,0
5394,92.95,15541.5069,15738.2368,0
5400,93.18,15593.2694,15738.2368,0
5407,93.35,15593.2694,15738.2368,0
5410,93.48,15593.2694,15738.2368,0
5419,93.49,15593.2694,15738.2368,0
5423,93.56,15593.2694,15738.2368,0
5424,93.56,15593.2694,15738.2368,0
5430,93.65,15593.2694,15738.2368,0
5433,93.67,15593.2694,15738.2368,0
5435,93.68,15593.2694,15738.2368,0
5438,93.70,15593.2694,15738.2368,0
5439,93.70,15593.2694,15738.2368,0
5460,93.92,15593.2694,15738.2368,0
5461,93.92,15593.2694,15738.2368,0
5464,93.95,15593.2694,15738.2368,0
5478,94.01,15593.2694,15738.2368,0
5479,94.01,15593.2694,15738.2368,0
5484,94.02,15593.2694,15738.2368,0
5485,94.02,15593.2694,15738.2368,0
5486,94.03,15593.2694,15738.2368,0
5492,94.06,15593.2694,15738.2368,0
5493,94.06,15593.2694,15738.2368,0
5494,94.07,15593.2694,15738.2368,0
5501,94.10,15593.2694,15738.2368,1
5502,94.13,14135.4005,15738.2368,0
5503,94.17,14135.4005,15738.2368,0
5504,94.19,14166.9212,15738.2368,0
5505,94.22,14166.9212,15738.2368,0
5506,94.25,14166.9212,15738.2368,0
5509,94.38,14178.8710,15738.2368,0
5511,94.44,14194.5215,15738.2368,0
5512,94.50,14194.5215,15738.2368,0
5513,94.53,14194.6100,15738.2368,0
5515,94.59,14194.6100,15738.2368,0
5516,94.61,14194.6100,15738.2368,0
5517,94.65,14194.6100,15738.2368,0
5519,94.78,14194.6100,15738.2368,0
5520,94.78,14194.6100,15738.2368,0
5522,94.84,14194.6100,15738.2368,0
5523,94.86,14429.8659,15738.2368,0
5524,94.90,14677.4154,15738.2368,0
5527,94.98,14999.3373,15738.2368,0
5528,94.99,14999.3373,15738.2368,0
5532,95.05,14999.3373,15738.2368,0
5535,95.13,15001.3602,15738.2368,0
5536,95.17,15030.8293,15738.2368,0
5538,95.23,15099.4119,15738.2368,0
5539,95.27,15099.4119,15738.2368,0
5540,95.36,15099.4119,15738.2368,0
5542,95.39,15099.4119,15738.2368,0
5543,95.41,15138.9670,15738.2368,0
5545,95.51,15430.4397,15738.2368,0
5546,95.56,15549.3497,15738.2368,0
5549,95.63,15549.6664,15738.2368,0
5551,95.67,15549.6664,15738.2368,0
5552,95.70,15554.6848,15738.2368,0
5553,95.73,15554.6848,15738.2368,0
5554,95.75,15581.4786,15738.2368,0
5557,95.86,15581.4786,15738.2368,0
5558,95.88,15581.4786,15738.2368,0
5559,95.92,15581.4786,15738.2368,0
5561,95.97,15692.1637,15738.2368,0
5564,96.12,15872.7690,15872.7690,0
5566,96.20,15872.7690,15872.7690,0
5568,96.26,15872.7690,15872.7690,0
5569,96.31,15956.1647,15956.1647,0
5571,96.38,15956.1647,15956.1647,0
5575,96.50,15956.1647,15956.1647,0
5577,96.57,15956.1647,15956.1647,0
5583,96.64,15956.1647,15956.1647,0
5585,96.67,15956.1647,15956.1647,0
5586,96.69,15956.1647,15956.1647,0
5591,96.75,15957.5340,15957.5340,0
5594,96.81,15957.5340,15957.5340,0
5600,97.03,15957.5340,15957.5340,0
5602,97.07,15957.5340,15957.5340,0
5603,97.11,15957.5340,15957.5340,0
5605,97.13,15957.5340,15957.5340,0
5608,97.17,15961.6767,15961.6767,0
5609,97.21,15961.6767,15961.6767,0
5616,97.31,15961.6767,15961.6767,0
5617,97.34,15961.6767,15961.6767,0
5622,97.44,15961.6767,15961.6767,0
5623,97.47,15961.6767,15961.6767,0
5624,97.51,15961.6767,15961.6767,0
5625,97.51,15961.6767,15961.6767,0
5629,97.56,15961.6767,15961.6767,0
5632,97.59,15968.3047,15968.3047,0
5633,97.63,15968.3047,15968.3047,0
5634,97.71,15968.3047,15968.3047,0
5635,97.78,15968.3047,15968.3047,0
5640,97.93,15968.3047,15968.3047,0
5642,97.98,15968.3047,15968.3047,0
5643,98.01,15968.3047,15968.3047,0
5644,98.03,15968.3047,15968.3047,0
5646,98.08,15968.3047,15968.3047,0
5647,98.12,15968.3047,15968.3047,0
5648,98.14,15968.3047,15968.3047,0
5649,98.16,15968.3047,15968.3047,0
5650,98.18,15968.3047,15968.3047,0
5653,98.22,15968.3047,15968.3047,0
5654,98.22,15968.3047,15968.3047,0
5656,98.30,15968.3047,15968.3047,0
5657,98.34,15968.3047,15968.3047,0
5658,98.34,15968.3047,15968.3047,0
5661,98.42,15968.3047,15968.3047,0
5666,98.45,15968.3047,15968.3047,0
5667,98.46,15968.3047,15968.3047,0
5669,98.46,15968.3047,15968.3047,0
5672,98.49,15986.7647,15986.7647,0
5673,98.53,15986.7647,15986.7647,0
5678,98.74,15986.7647,15986.7647,0
5681,98.82,15986.7647,15986.7647,0
5683,98.92,15986.7647,15986.7647,0
5686,98.95,15986.7647,15986.7647,0
5689,99.00,15986.7647,15986.7647,0
5699,99.21,15986.7647,15986.7647,0
5701,99.25,15986.7647,15986.7647,0
5703,99.27,15986.7647,15986.7647,0
5704,99.27,15986.7647,15986.7647,0
5705,99.27,15986.7647,15986.7647,0
5707,99.27,15986.7647,15986.7647,0
5708,99.31,15986.7647,15986.7647,0
5709,99.31,15986.7647,15986.7647,0
5710,99.31,15986.7647,15986.7647,0
5712,99.37,15986.7647,15986.7647,0
5714,99.41,15986.7647,15986.7647,0
5716,99.43,15986.7647,15986.7647,0
5718,99.43,15986.7647,15986.7647,0
5719,99.45,15986.7647,15986.7647,0
5720,99.46,15986.7647,15986.7647,0
5723,99.48,15986.7647,15986.7647,0
5724,99.52,15986.7647,15986.7647,0
5727,99.55,15986.7647,15986.7647,0
5730,99.58,16061.8331,16061.8331,0
5732,99.68,16061.8331,16061.8331,0
5737,99.75,16061.8331,16061.8331,0
5749,99.88,16061.8331,16061.8331,0
5750,99.91,16061.8331,16061.8331,0
5751,99.93,16061.8331,16061.8331,0
5753,99.96,16061.8331,16061.8331,0
5762,100.07,16061.8331,16061.8331,0
5769,100.20,16061.8331,16061.8331,0
5788,100.33,16061.8331,16061.8331,0
5789,100.33,16061.8331,16061.8331,0
5792,100.41,16061.8331,16061.8331,0
5793,100.49,16061.8331,16061.8331,0
5794,100.55,16061.8331,16061.8331,0
5796,100.60,16061.8331,16061.8331,0
5811,100.73,16084.9372,16084.9372,0
5813,100.82,16192.6674,16192.6674,0
5816,100.87,16192.6674,16192.6674,0
5817,100.92,16192.6674,16192.6674,0
5818,100.96,16192.6674,16192.6674,0
5819,101.01,16192.6674,16192.6674,0
5821,101.10,16419.2449,16419.2449,0
5822,101.12,16419.2449,16419.2449,0
5823,101.19,16419.2449,16419.2449,0
5829,101.28,16419.2449,16419.2449,0
5834,101.36,16419.2449,16419.2449,0
5838,101.50,16419.2449,16419.2449,0
5840,101.50,16419.2449,16419.2449,0
5844,101.57,16419.2449,16419.2449,0
5850,101.79,16419.2449,16419.2449,0
5852,101.80,16419.2449,16419.2449,0
5854,101.80,16419.2449,16419.2449,0
5855,101.84,16419.2449,16419.2449,0
5856,101.86,16419.2449,16419.2449,0
5859,101.88,16419.2449,16419.2449,0
5860,101.88,16419.2449,16419.2449,0
5861,101.90,16419.2449,16419.2449,0
5866,101.92,16419.2449,16419.2449,0
5867,101.92,16419.2449,16419.2449,0
5882,101.96,16419.2449,16419.2449,0
5884,102.02,16419.2449,16419.2449,0
5885,102.04,16419.2449,16419.2449,0
5889,102.05,16419.2449,16419.2449,0
5894,102.09,16419.2449,16419.2449,0
5903,102.15,16419.2449,16419.2449,0
5904,102.15,16419.2449,16419.2449,0
5907,102.20,16419.2449,16419.2449,0
5915,102.22,16419.2449,16419.2449,0
5922,102.22,16419.2449,16419.2449,1
5924,102.35,16122.8381,16419.2449,0
5926,102.38,16295.2996,16419.2449,0
5937,102.65,16295.2996,16419.2449,0
5938,102.69,16295.2996,16419.2449,0
5940,102.75,16295.2996,16419.2449,0
5950,102.95,16295.2996,16419.2449,0
5963,103.07,16295.2996,16419.2449,0
5964,103.08,16295.2996,16419.2449,0
5966,103.15,16295.2996,16419.2449,0
5969,103.22,16295.2996,16419.2449,0
5970,103.22,16295.2996,16419.2449,0
5973,103.31,16295.2996,16419.2449,0
5974,103.31,16295.2996,16419.2449,0
5978,103.34,16295.2996,16419.2449,0
5985,103.41,16295.2996,16419.2449,0
5986,103.41,16295.2996,16419.2449,0
5995,103.48,16295.2996,16419.2449,0
6010,103.63,16295.2996,16419.2449,0
6012,103.71,16295.2996,16419.2449,0
6013,103.71,16295.2996,16419.2449,0
6027,103.88,16295.2996,16419.2449,1
6028,103.94,16070.3480,16419.2449,0
6030,104.00,16070.3480,16419.2449,0
6033,104.03,16248.2723,16419.2449,0
6036,104.17,16337.9154,16419.2449,0
6052,104.47,16337.9154,16419.2449,0
6053,104.49,16337.9154,16419.2449,0
6057,104.50,16337.9154,16419.2449,0
6063,104.57,16337.9154,16419.2449,0
6072,104.66,16337.9154,16419.2449,0
6078,104.68,16337.9154,16419.2449,0
6081,104.71,16337.9154,16419.2449,0
6083,104.72,16337.9154,16419.2449,0
6084,104.72,16337.9154,16419.2449,0
6097,104.83,16337.9154,16419.2449,0
6120,105.01,16337.9154,16419.2449,0
6130,105.06,16337.9154,16419.2449,0
6134,105.15,16337.9154,16419.2449,0
6136,105.17,16337.9154,16419.2449,0
6137,105.17,16337.9154,16419.2449,1
6142,105.39,15774.4279,16419.2449,0
6144,105.44,15774.4279,16419.2449,0
6152,105.55,15813.0648,16419.2449,0
6153,105.58,15813.0648,16419.2449,0
6154,105.60,15813.0648,16419.2449,0
6155,105.63,15813.0648,16419.2449,0
6157,105.69,16121.7864,16419.2449,0
6159,105.72,16121.7864,16419.2449,0
6160,105.74,16121.7864,16419.2449,0
6161,105.76,16121.7864,16419.2449,0
6162,105.78,16121.7864,16419.2449,0
6163,105.83,16214.1874,16419.2449,0
6165,105.87,16216.2627,16419.2449,0
6166,105.90,16302.3684,16419.2449,0
6168,105.99,16302.3684,16419.2449,0
6182,106.12,16302.3684,16419.2449,0
6183,106.16,16302.3684,16419.2449,0
6190,106.38,16302.3684,16419.2449,0
6192,106.46,16302.3684,16419.2449,0
6195,106.53,16302.3684,16419.2449,0
6198,106.58,16302.3684,16419.2449,0
6202,106.59,16302.3684,16419.2449,0
6217,106.70,16302.3684,16419.2449,0
6219,106.71,16302.3684,16419.2449,0
6222,106.75,16302.3684,16419.2449,0
6223,106.75,16302.3684,16419.2449,0
6224,106.82,16308.4135,16419.2449,0
6228,106.98,16308.4135,16419.2449,0
6230,107.08,16308.4135,16419.2449,0
6238,107.18,16308.4135,16419.2449,0
6241,107.25,16342.1344,16419.2449,0
6243,107.29,16342.1344,16419.2449,0
6246,107.41,16342.1344,16419.2449,0
6247,107.45,16344.1057,16419.2449,0
6248,107.47,16344.1057,16419.2449,0
6249,107.54,16344.1057,16419.2449,0
6254,107.65,16344.1057,16419.2449,0
6255,107.68,16348.1989,16419.2449,0
6257,107.74,16348.1989,16419.2449,0
6262,107.83,16348.1989,16419.2449,0
6266,107.96,16348.1989,16419.2449,0
6272,108.11,16348.1989,16419.2449,0
6275,108.17,16348.1989,16419.2449,0
6282,108.23,16348.1989,16419.2449,0
6283,108.33,16348.1989,16419.2449,0
6284,108.33,16348.1989,16419.2449,0
6285,108.33,16348.1989,16419.2449,0
6294,108.40,16348.1989,16419.2449,0
6295,108.40,16348.1989,16419.2449,0
6299,108.49,16348.1989,16419.2449,0
6301,108.52,16348.1989,16419.2449,0
6304,108.54,16348.1989,16419.2449,0
6307,108.60,16348.7836,16419.2449,0
6308,108.65,16348.7836,16419.2449,0
6310,108.79,16348.7836,16419.2449,0
6312,108.81,16348.7836,16419.2449,0
6315,108.90,16348.7836,16419.2449,0
6318,109.00,16348.7836,16419.2449,0
6320,109.03,16348.7836,16419.2449,0
6322,109.06,16348.7836,16419.2449,0
6326,109.08,16348.7836,16419.2449,0
6327,109.14,16348.7836,16419.2449,0
6328,109.15,16348.7836,16419.2449,0
6329,109.17,16348.7836,16419.2449,0
6331,109.18,16348.7836,16419.2449,0
6333,109.22,16348.7836,16419.2449,0
6336,109.24,16348.7836,16419.2449,0
6337,109.25,16348.7836,16419.2449,0
6340,109.28,16348.7836,16419.2449,0
6343,109.29,16348.7836,16419.2449,0
6345,109.29,16348.7836,16419.2449,0
6346,109.32,16348.7836,16419.2449,0
6349,109.32,16348.7836,16419.2449,0
6350,109.32,16348.7836,16419.2449,0
6351,109.32,16348.7836,16419.2449,0
6354,109.34,16348.7836,16419.2449,0
6355,109.34,16348.7836,16419.2449,0
6358,109.36,16348.7836,16419.2449,0
6360,109.36,16348.7836,16419.2449,0
6361,109.36,16348.7836,16419.2449,0
6362,109.37,16348.7836,16419.2449,0
6364,109.44,16348.7836,16419.2449,0
6365,109.44,16348.7836,16419.2449,0
6367,109.44,16348.7836,16419.2449,0
6368,109.44,16348.7836,16419.2449,0
6370,109.49,16348.7836,16419.2449,0
6371,109.55,16348.7836,16419.2449,0
6373,109.58,16348.7836,16419.2449,0
6374,109.62,16350.2510,16419.2449,0
6379,109.76,16350.2510,16419.2449,0
6384,109.93,16350.2510,16419.2449,0
6385,109.95,16350.2510,16419.2449,0
6386,109.97,16350.2510,16419.2449,0
6388,109.98,16350.2510,16419.2449,0
6390,110.07,16350.2510,16419.2449,0
6392,110.10,16350.2510,16419.2449,0
6393,110.13,16350.2510,16419.2449,0
6394,110.13,16350.2510,16419.2449,0
6397,110.15,16350.2510,16419.2449,0
6399,110.16,16350.2510,16419.2449,0
6403,110.22,16350.2510,16419.2449,0
6408,110.26,16350.2510,16419.2449,0
6412,110.30,16350.2510,16419.2449,0
6414,110.32,16350.2510,16419.2449,0
6415,110.33,16350.2510,16419.2449,0
6420,110.38,16374.9195,16419.2449,0
6422,110.45,16374.9195,16419.2449,0
6423,110.47,16374.9195,16419.2449,0
6426,110.58,16374.9195,16419.2449,0
6427,110.60,16374.9195,16419.2449,0
6428,110.62,16374.9195,16419.2449,0
6431,110.65,16374.9195,16419.2449,0
6433,110.72,16374.9195,16419.2449,0
6434,110.72,16374.9195,16419.2449,0
6435,110.76,16374.9195,16419.2449,0
6437,110.80,16376.1531,16419.2449,0
6439,110.89,16376.1531,16419.2449,0
6447,111.11,16376.1531,16419.2449,0
6448,111.13,16376.1531,16419.2449,0
6450,111.15,16376.1531,16419.2449,0
6452,111.20,16376.1531,16419.2449,0
6453,111.20,16376.1531,16419.2449,0
6456,111.23,16376.1531,16419.2449,0
6460,111.28,16376.1531,16419.2449,0
6461,111.30,16376.1531,16419.2449,0
6462,111.33,16376.1531,16419.2449,0
6465,111.42,16376.1531,16419.2449,0
6468,111.42,16376.1531,16419.2449,0
6471,111.44,16376.1531,16419.2449,0
6477,111.51,16376.1531,16419.2449,0
6479,111.59,16376.1531,16419.2449,0
6480,111.66,16376.1531,16419.2449,0
6481,111.66,16376.1531,16419.2449,0
6483,111.68,16376.1531,16419.2449,0
6486,111.70,16376.1531,16419.2449,0
6488,111.72,16376.1531,16419.2449,0
6490,111.75,16376.1531,16419.2449,0
6491,111.75,16376.1531,16419.2449,0
6494,111.76,16376.1531,16419.2449,0
6497,111.77,16376.1531,16419.2449,0
6503,111.83,16376.1531,16419.2449,0
6508,111.83,16376.1531,16419.2449,0
6512,111.88,16376.1531,16419.2449,0
6513,111.92,16376.1531,16419.2449,0
6514,111.94,16376.1531,16419.2449,0
6515,111.97,16376.1531,16419.2449,0
6520,111.98,16376.1531,16419.2449,0
6522,111.98,16376.1531,16419.2449,0
6523,112.01,16376.1531,16419.2449,0
6527,112.08,16376.1531,16419.2449,0
6530,112.08,16376.1531,16419.2449,0
6534,112.10,16376.1531,16419.2449,0
6538,112.12,16376.1531,16419.2449,1
6544,112.18,16393.4084,16419.2449,0
6545,112.20,16393.4084,16419.2449,0
6548,112.31,16393.4084,16419.2449,0
6559,112.44,16393.4084,16419.2449,0
6561,112.48,16393.4084,16419.2449,0
6562,112.55,16393.4084,16419.2449,0
6563,112.58,16393.4084,16419.2449,0
6564,112.58,16393.4084,16419.2449,0
6569,112.62,16393.4084,16419.2449,0
6579,112.85,16393.4084,16419.2449,0
6581,112.90,16393.4084,16419.2449,0
6582,112.90,16393.4084,16419.2449,0
6583,112.90,16393.4084,16419.2449,0
6584,112.90,16393.4084,16419.2449,0
6586,112.91,16393.4084,16419.2449,0
6588,112.91,16393.4084,16419.2449,0
6592,112.96,16393.4084,16419.2449,0
6593,112.98,16393.4084,16419.2449,0
6595,113.01,16393.4084,16419.2449,0
6597,113.05,16393.4084,16419.2449,0
6604,113.10,16393.4084,16419.2449,0
6605,113.10,16393.4084,16419.2449,0
6612,113.13,16393.4084,16419.2449,0
6617,113.17,16393.4084,16419.2449,0
6632,113.25,16393.4084,16419.2449,0
6634,113.26,16393.4084,16419.2449,0
6645,113.30,16393.4084,16419.2449,1
6646,113.39,15944.2805,16419.2449,0
6649,113.47,15944.2805,16419.2449,0
6650,113.50,16216.9412,16419.2449,0
6652,113.61,16216.9412,16419.2449,0
6654,113.64,16247.8189,16419.2449,0
6659,113.72,16295.9380,16419.2449,0
6662,113.83,16295.9380,16419.2449,0
6663,113.87,16295.9380,16419.2449,0
6665,113.90,16295.9380,16419.2449,0
6667,113.95,16336.9944,16419.2449,0
6668,114.00,16336.9944,16419.2449,0
6669,114.04,16336.9944,16419.2449,0
6672,114.16,16371.4353,16419.2449,0
6673,114.18,16410.4029,16419.2449,0
6676,114.27,16410.4029,16419.2449,0
6680,114.42,16447.3076,16447.3076,0
6681,114.44,16447.3076,16447.3076,0
6684,114.51,16447.3076,16447.3076,0
6688,114.63,16447.3076,16447.3076,0
6700,114.77,16447.3076,16447.3076,0
6701,114.80,16479.6644,16479.6644,0
6702,114.85,16629.6960,16629.6960,0
6704,114.95,16629.6960,16629.6960,0
6714,115.03,16629.6960,16629.6960,0
6721,115.11,16629.6960,16629.6960,0
6722,115.14,16629.6960,16629.6960,0
6725,115.29,16762.7180,16762.7180,0
6732,115.44,16762.7180,16762.7180,0
6740,115.59,16762.7180,16762.7180,0
6741,115.60,16762.7180,16762.7180,0
6749,115.68,16762.7180,16762.7180,0
6758,115.76,16762.7180,16762.7180,0
6760,115.85,16762.7180,16762.7180,0
6761,115.89,16762.7180,16762.7180,0
6765,115.90,16762.7180,16762.7180,0
6772,115.94,16762.7180,16762.7180,0
6775,115.95,16762.7180,16762.7180,0
6778,115.98,16762.7180,16762.7180,0
6786,116.02,16762.7180,16762.7180,0
6789,116.03,16762.7180,16762.7180,0
6811,116.17,16762.7180,16762.7180,0
6812,116.18,16762.7180,16762.7180,0
6814,116.18,16762.7180,16762.7180,0
6816,116.22,16762.7180,16762.7180,0
6817,116.23,16762.7180,16762.7180,0
6821,116.23,16762.7180,16762.7180,0
6826,116.24,16762.7180,16762.7180,1
6836,116.49,16644.3156,16762.7180,0
6837,116.59,16762.7180,16762.7180,0
6838,116.59,16762.7180,16762.7180,0
6842,116.61,16762.7180,16762.7180,0
6845,116.61,16762.7180,16762.7180,0
6861,116.69,16762.7180,16762.7180,0
6867,116.69,16762.7180,16762.7180,0
6872,116.71,16762.7180,16762.7180,0
6873,116.71,16762.7180,16762.7180,0
6878,116.72,16762.7180,16762.7180,0
6879,116.72,16762.7180,16762.7180,0
6880,116.72,16762.7180,16762.7180,0
6885,116.76,16762.7180,16762.7180,0
6887,116.76,16762.7180,16762.7180,0
6888,116.77,16762.7180,16762.7180,0
6892,116.78,16762.7180,16762.7180,0
6893,116.79,16762.7180,16762.7180,0
6897,116.81,16762.7180,16762.7180,0
6898,116.81,16762.7180,16762.7180,0
6906,116.86,16762.7180,16762.7180,0
6909,116.88,16762.7180,16762.7180,0
6910,116.89,16762.7180,16762.7180,0
6915,116.90,16762.7180,16762.7180,0
6916,116.90,16762.7180,16762.7180,0
6918,116.90,16762.7180,16762.7180,0
6924,116.92,16762.7180,16762.7180,0
6930,116.96,16762.7180,16762.7180,0
6933,116.98,16762.7180,16762.7180,0
6938,117.02,16762.7180,16762.7180,1
6940,117.13,16688.7384,16762.7180,0
6943,117.19,16688.7384,16762.7180,0
6945,117.23,16725.1469,16762.7180,0
6946,117.25,16725.1469,16762.7180,0
6947,117.33,16725.1469,16762.7180,0
6948,117.35,16725.1469,16762.7180,0
6949,117.41,16725.1469,16762.7180,0
6950,117.43,16725.1469,16762.7180,0
6951,117.50,16767.6718,16767.6718,0
6952,117.57,16767.6718,16767.6718,0
6967,117.95,16767.6718,16767.6718,0
6968,117.97,16767.6718,16767.6718,0
6969,117.98,16767.6718,16767.6718,0
6972,118.02,16767.6718,16767.6718,0
6975,118.04,16767.6718,16767.6718,0
6978,118.07,16767.6718,16767.6718,0
6983,118.23,16767.6718,16767.6718,0
6986,118.23,16767.6718,16767.6718,0
6987,118.23,16767.6718,16767.6718,0
6991,118.27,16767.6718,16767.6718,0
7001,118.29,16767.6718,16767.6718,0
7004,118.30,16767.6718,16767.6718,0
7005,118.30,16767.6718,16767.6718,0
7012,118.33,16767.6718,16767.6718,0
7015,118.33,16767.6718,16767.6718,0
7020,118.35,16767.6718,16767.6718,0
7025,118.35,16767.6718,16767.6718,0
7048,118.44,16767.6718,16767.6718,0
7050,118.44,16767.6718,16767.6718,0
7051,118.45,16767.6718,16767.6718,0
7052,118.45,16767.6718,16767.6718,1
7053,118.54,16764.3686,16767.6718,0
7057,118.66,16767.6718,16767.6718,0
7059,118.66,16767.6718,16767.6718,0
7071,118.74,16767.6718,16767.6718,0
7074,118.76,16767.6718,16767.6718,0
7081,118.78,16767.6718,16767.6718,0
7082,118.78,16767.6718,16767.6718,0
7086,118.82,16767.6718,16767.6718,0
7089,118.82,16767.6718,16767.6718,0
7093,118.86,16767.6718,16767.6718,0
7102,118.89,16767.6718,16767.6718,0
7110,118.91,16767.6718,16767.6718,0
7111,118.91,16767.6718,16767.6718,0
7113,118.92,16767.6718,16767.6718,0
7124,119.01,16767.6718,16767.6718,0
7137,119.09,16767.6718,16767.6718,0
7138,119.09,16767.6718,16767.6718,0
7141,119.10,16767.6718,16767.6718,0
7143,119.11,16767.6718,16767.6718,0
7145,119.11,16767.6718,16767.6718,0
7152,119.13,16767.6718,16767.6718,0
7156,119.13,16767.6718,16767.6718,0
7157,119.13,16767.6718,16767.6718,0
7158,119.13,16767.6718,16767.6718,1
7167,119.44,16724.6411,16767.6718,0
7170,119.47,16724.6411,16767.6718,0
7171,119.49,16732.7560,16767.6718,0
7172,119.54,16732.7560,16767.6718,0
7176,119.71,16732.7560,16767.6718,0
7179,119.75,16732.7560,16767.6718,0
7180,119.81,16771.9876,16771.9876,0
7183,119.87,16771.9876,16771.9876,0
7190,119.95,16771.9876,16771.9876,0
7194,120.01,16771.9876,16771.9876,0
7195,120.01,16771.9876,16771.9876,0
7207,120.11,16771.9876,16771.9876,0
7210,120.20,16771.9876,16771.9876,0
7214,120.24,16771.9876,16771.9876,0
7217,120.31,16771.9876,16771.9876,0
7218,120.36,16771.9876,16771.9876,0
7227,120.37,16771.9876,16771.9876,0
7230,120.38,16771.9876,16771.9876,0
7240,120.49,16771.9876,16771.9876,0
7245,120.52,16771.9876,16771.9876,0
7253,120.56,16771.9876,16771.9876,0
7255,120.60,16771.9876,16771.9876,0
7256,120.60,16771.9876,16771.9876,0
7262,120.61,16771.9876,16771.9876,0
7273,120.71,16771.9876,16771.9876,0
7278,120.77,16771.9876,16771.9876,0
7279,120.77,16771.9876,16771.9876,0
7280,120.77,16771.9876,16771.9876,0
7281,120.77,16771.9876,16771.9876,1
7282,120.84,16694.5448,16771.9876,0
7286,121.01,16698.4224,16771.9876,0
7287,121.11,16698.4224,16771.9876,0
7292,121.26,16789.1165,16789.1165,0
7308,121.58,16789.1165,16789.1165,0
7312,121.64,16789.1165,16789.1165,0
7315,121.75,16789.1165,16789.1165,0
7318,121.79,16789.1165,16789.1165,0
7321,121.88,16789.1165,16789.1165,0
7328,121.99,16789.1165,16789.1165,0
7333,122.02,16789.1165,16789.1165,0
7337,122.06,16789.1165,16789.1165,0
7338,122.07,16789.1165,16789.1165,0
7339,122.07,16789.1165,16789.1165,0
7342,122.07,16789.1165,16789.1165,0
7343,122.08,16789.1165,16789.1165,0
7344,122.10,16789.1165,16789.1165,0
7350,122.21,16800.3730,16800.3730,0
7367,122.59,16800.3730,16800.3730,0
7370,122.72,16800.3730,16800.3730,0
7374,122.77,16800.3730,16800.3730,0
7380,122.85,16800.3730,16800.3730,0
7381,122.85,16800.3730,16800.3730,0
7383,122.89,16800.3730,16800.3730,0
7387,122.96,16800.3730,16800.3730,0
7390,122.96,16800.3730,16800.3730,0
7391,122.96,16800.3730,16800.3730,0
7392,123.01,16800.3730,16800.3730,0
7396,123.05,16800.3730,16800.3730,0
7401,123.09,16800.3730,16800.3730,0
7402,123.09,16800.3730,16800.3730,0
7407,123.13,16800.3730,16800.3730,0
7412,123.18,16800.3730,16800.3730,0
7414,123.19,16800.3730,16800.3730,0
7417,123.21,16800.8294,16800.8294,0
7419,123.31,16800.8294,16800.8294,0
7420,123.39,16800.8294,16800.8294,0
7421,123.43,16800.8294,16800.8294,0
7427,123.60,16800.8294,16800.8294,0
7428,123.60,16800.8294,16800.8294,0
7430,123.63,16800.8294,16800.8294,0
7431,123.65,16800.8294,16800.8294,0
7433,123.66,16800.8294,16800.8294,0
7434,123.69,16800.8294,16800.8294,0
7440,123.74,16800.8294,16800.8294,0
7441,123.79,16801.8625,16801.8625,0
7452,124.11,16801.8625,16801.8625,0
7458,124.26,16801.8625,16801.8625,0
7459,124.31,16801.8625,16801.8625,0
7462,124.35,16801.8625,16801.8625,0
7465,124.40,16814.1966,16814.1966,0
7470,124.62,16814.1966,16814.1966,0
7472,124.64,16814.1966,16814.1966,0
7474,124.68,16814.1966,16814.1966,0
7481,124.73,16814.1966,16814.1966,0
7483,124.78,16814.1966,16814.1966,0
7486,124.78,16814.1966,16814.1966,0
7487,124.81,16814.1966,16814.1966,0
7495,124.89,16814.1966,16814.1966,0
7498,124.95,16814.1966,16814.1966,0
7499,124.95,16814.1966,16814.1966,0
7500,124.96,16814.1966,16814.1966,0
7501,124.96,16814.1966,16814.1966,0
7504,125.04,16814.1966,16814.1966,0
7506,125.04,16814.1966,16814.1966,0
7510,125.09,16814.1966,16814.1966,0
7516,125.20,16814.1966,16814.1966,0
7522,125.29,16814.1966,16814.1966,0
7527,125.34,16814.1966,16814.1966,0
7530,125.38,16814.1966,16814.1966,0
7534,125.47,16814.1966,16814.1966,0
7539,125.52,16814.1966,16814.1966,0
7541,125.59,16814.1966,16814.1966,0
7549,125.70,16814.1966,16814.1966,0
7550,125.70,16814.1966,16814.1966,0
7556,125.78,16814.1966,16814.1966,0
7557,125.78,16814.1966,16814.1966,0
7558,125.78,16814.1966,16814.1966,0
7560,125.78,16814.1966,16814.1966,0
7566,125.80,16814.1966,16814.1966,1
7567,125.85,16686.2523,16814.1966,0
7569,125.94,16686.2523,16814.1966,0
7570,125.97,16740.7072,16814.1966,0
7575,126.12,16740.7072,16814.1966,0
7580,126.27,16740.7072,16814.1966,0
7585,126.50,16740.7072,16814.1966,0
7587,126.56,16740.7072,16814.1966,0
7589,126.57,16740.7072,16814.1966,0
7590,126.57,16740.7072,16814.1966,0
7605,126.80,16740.7072,16814.1966,0
7606,126.80,16740.7072,16814.1966,0
7607,126.80,16740.7072,16814.1966,0
7610,126.81,16740.7072,16814.1966,0
7617,126.90,16740.7072,16814.1966,0
7620,126.91,16740.7072,16814.1966,0
7629,126.97,16740.7072,16814.1966,0
7631,126.97,16740.7072,16814.1966,0
7637,127.00,16740.7072,16814.1966,0
7640,127.05,16740.7072,16814.1966,0
7641,127.05,16740.7072,16814.1966,0
7642,127.05,16740.7072,16814.1966,0
7643,127.09,16740.7072,16814.1966,0
7646,127.13,16740.7072,16814.1966,0
7648,127.13,16740.7072,16814.1966,0
7652,127.19,16740.7072,16814.1966,0
7655,127.26,16740.7072,16814.1966,0
7663,127.31,16740.7072,16814.1966,0
7666,127.35,16740.7072,16814.1966,0
7671,127.40,16740.7072,16814.1966,1
7672,127.49,16514.1811,16814.1966,0
7676,127.65,16514.1811,16814.1966,0
7679,127.77,16528.5160,16814.1966,0
7682,127.97,16528.5160,16814.1966,0
7683,128.00,16528.5160,16814.1966,0
7687,128.06,16528.5160,16814.1966,0
7688,128.10,16528.5160,16814.1966,0
7693,128.24,16528.5160,16814.1966,0
7697,128.37,16528.5160,16814.1966,0
7699,128.43,16528.5160,16814.1966,0
7711,128.57,16528.5160,16814.1966,0
7712,128.57,16528.5160,16814.1966,0
7713,128.57,16528.5160,16814.1966,0
7717,128.64,16528.5160,16814.1966,0
7718,128.64,16528.5160,16814.1966,0
7719,128.64,16528.5160,16814.1966,0
7727,128.69,16528.5160,16814.1966,0
7731,128.71,16528.5160,16814.1966,0
7732,128.72,16528.5160,16814.1966,0
7735,128.80,16528.5160,16814.1966,0
7737,128.81,16528.5160,16814.1966,0
7738,128.81,16528.5160,16814.1966,0
7746,128.88,16528.5160,16814.1966,0
7748,128.88,16528.5160,16814.1966,0
7756,128.95,16528.5160,16814.1966,0
7758,129.00,16567.0696,16814.1966,0
7763,129.18,16567.0696,16814.1966,0
7764,129.23,16567.0696,16814.1966,0
7766,129.36,16567.0696,16814.1966,0
7770,129.44,16567.0696,16814.1966,0
7773,129.49,16567.0696,16814.1966,0
7778,129.63,16567.0696,16814.1966,0
7780,129.69,16567.0696,16814.1966,0
7790,129.81,16567.0696,16814.1966,0
7791,129.88,16567.0696,16814.1966,0
7794,129.89,16567.0696,16814.1966,0
7798,129.95,16567.0696,16814.1966,0
7799,129.97,16567.0696,16814.1966,0
7803,129.98,16567.0696,16814.1966,0
7806,130.03,16567.0696,16814.1966,0
7810,130.05,16567.0696,16814.1966,0
7811,130.05,16567.0696,16814.1966,0
7813,130.09,16567.0696,16814.1966,0
7815,130.10,16567.0696,16814.1966,0
7826,130.19,16567.0696,16814.1966,0
7827,130.24,16582.5500,16814.1966,0
7828,130.29,16582.5500,16814.1966,0
7829,130.34,16702.2712,16814.1966,0
7831,130.41,16705.4905,16814.1966,0
7833,130.45,16705.4905,16814.1966,0
7835,130.51,16705.4905,16814.1966,0
7838,130.60,16705.4905,16814.1966,0
7839,130.62,16705.4905,16814.1966,0
7840,130.62,16705.4905,16814.1966,0
7845,130.71,16705.4905,16814.1966,0
7847,130.76,16752.6960,16814.1966,0
7868,131.22,16752.6960,16814.1966,0
7869,131.22,16752.6960,16814.1966,0
7870,131.31,16758.9454,16814.1966,0
7873,131.45,16758.9454,16814.1966,0
7874,131.47,16758.9454,16814.1966,0
7876,131.48,16758.9454,16814.1966,0
7877,131.48,16758.9454,16814.1966,0
7878,131.49,16758.9454,16814.1966,0
7882,131.64,16758.9454,16814.1966,0
7888,131.75,16758.9454,16814.1966,0
7896,131.82,16758.9454,16814.1966,0
7898,131.84,16758.9454,16814.1966,0
7899,131.84,16758.9454,16814.1966,0
7904,131.88,16758.9454,16814.1966,0
7905,131.89,16758.9454,16814.1966,0
7916,132.05,16758.9454,16814.1966,0
7921,132.12,16758.9454,16814.1966,0
7927,132.17,16758.9454,16814.1966,0
7933,132.24,16758.9454,16814.1966,0
7934,132.24,16758.9454,16814.1966,0
7937,132.29,16758.9454,16814.1966,0
7939,132.35,16758.9454,16814.1966,0
7940,132.35,16758.9454,16814.1966,0
7941,132.36,16758.9454,16814.1966,0
7949,132.40,16758.9454,16814.1966,0
7955,132.45,16758.9454,16814.1966,0
7957,132.55,16758.9454,16814.1966,0
7958,132.57,16758.9454,16814.1966,0
7959,132.57,16758.9454,16814.1966,0
7970,132.62,16758.9454,16814.1966,0
7971,132.62,16758.9454,16814.1966,1
7972,132.70,16033.7556,16814.1966,0
7975,132.87,16033.7556,16814.1966,0
7979,133.02,16374.3683,16814.1966,0
7981,133.10,16553.3542,16814.1966,0
7989,133.27,16562.7857,16814.1966,0
7992,133.33,16562.7857,16814.1966,0
7993,133.37,16562.7857,16814.1966,0
7996,133.44,16562.7857,16814.1966,0
7997,133.44,16562.7857,16814.1966,0
7998,133.47,16562.7857,16814.1966,0
8003,133.56,16562.7857,16814.1966,0
8008,133.60,16562.7857,16814.1966,0
8016,133.74,16562.7857,16814.1966,0
8017,133.74,16562.7857,16814.1966,0
8019,133.80,16562.7857,16814.1966,0
8022,133.85,16562.7857,16814.1966,0
8023,133.87,16562.7857,16814.1966,0
8026,133.87,16562.7857,16814.1966,0
8028,133.92,16562.7857,16814.1966,0
8032,133.94,16562.7857,16814.1966,0
8037,133.99,16562.7857,16814.1966,0
8038,133.99,16562.7857,16814.1966,0
8039,133.99,16562.7857,16814.1966,0
8040,134.04,16562.7857,16814.1966,0
8042,134.06,16622.8064,16814.1966,0
8043,134.12,16631.0100,16814.1966,0
8047,134.16,16631.0100,16814.1966,0
8048,134.18,16631.0100,16814.1966,0
8050,134.20,16631.0100,16814.1966,0
8064,134.32,16631.0100,16814.1966,0
8065,134.35,16631.0100,16814.1966,0
8066,134.37,16732.8424,16814.1966,0
8067,134.37,16732.8424,16814.1966,0
8070,134.39,16732.8424,16814.1966,0
8071,134.41,16732.8424,16814.1966,0
8072,134.43,16732.8424,16814.1966,0
8074,134.43,16732.8424,16814.1966,0
8081,134.51,16732.8424,16814.1966,0
8086,134.57,16732.8424,16814.1966,0
8087,134.58,16732.8424,16814.1966,0
8089,134.61,16732.8424,16814.1966,0
8092,134.64,16732.8424,16814.1966,0
8097,134.64,16732.8424,16814.1966,0
8100,134.65,16732.8424,16814.1966,0
8103,134.65,16732.8424,16814.1966,0
8105,134.66,16732.8424,16814.1966,0
8107,134.66,16732.8424,16814.1966,0
8111,134.67,16732.8424,16814.1966,0
8115,134.69,16732.8424,16814.1966,0
8116,134.70,16732.8424,16814.1966,0
8117,134.70,16732.8424,16814.1966,0
8118,134.70,16732.8424,16814.1966,0
8119,134.70,16732.8424,16814.1966,0
8121,134.71,16732.8424,16814.1966,0
8123,134.71,16732.8424,16814.1966,0
8125,134.71,16732.8424,16814.1966,0
8126,134.71,16732.8424,16814.1966,0
8127,134.71,16732.8424,16814.1966,0
8132,134.74,16732.8424,16814.1966,0
8140,134.76,16732.8424,16814.1966,0
8141,134.77,16732.8424,16814.1966,0
8142,134.77,16732.8424,16814.1966,0
8147,134.82,16732.8424,16814.1966,0
8159,134.98,16732.8424,16814.1966,0
8161,134.99,16732.8424,16814.1966,0
8163,135.00,16732.8424,16814.1966,0
8166,135.05,16732.8424,16814.1966,0
8167,135.05,16732.8424,16814.1966,1
8168,135.09,16252.4776,16814.1966,0
8169,135.11,16252.4776,16814.1966,0
8170,135.13,16296.8398,16814.1966,0
8171,135.15,16296.8398,16814.1966,0
8172,135.16,16301.7764,16814.1966,0
8173,135.18,16301.7764,16814.1966,0
8174,135.20,16301.7764,16814.1966,0
8175,135.20,16301.7764,16814.1966,0
8176,135.22,16301.7764,16814.1966,0
8177,135.22,16301.7764,16814.1966,0
8178,135.23,16301.7764,16814.1966,0
8180,135.24,16333.7598,16814.1966,0
8181,135.26,16333.7598,16814.1966,0
8182,135.28,16335.8804,16814.1966,0
8183,135.30,16335.8804,16814.1966,0
8184,135.32,16335.8804,16814.1966,0
8185,135.32,16335.8804,16814.1966,0
8187,135.38,16335.8804,16814.1966,0
8188,135.42,16550.3302,16814.1966,0
8189,135.43,16550.3302,16814.1966,0
8190,135.45,16550.3302,16814.1966,0
8191,135.48,16550.3302,16814.1966,0
8193,135.51,16550.3302,16814.1966,0
8196,135.61,16555.2686,16814.1966,0
8197,135.66,16555.2686,16814.1966,0
8198,135.70,16854.9595,16854.9595,0
8199,135.76,16854.9595,16854.9595,0
8200,135.78,16854.9595,16854.9595,0
8202,135.80,16854.9595,16854.9595,0
8203,135.83,16861.5732,16861.5732,0
8207,135.91,16936.3915,16936.3915,0
8208,135.94,16987.4435,16987.4435,0
8210,135.99,16987.4435,16987.4435,0
8213,136.09,16987.7816,16987.7816,0
8214,136.15,16987.7816,16987.7816,0
8216,136.29,16987.7816,16987.7816,0
8218,136.32,16987.7816,16987.7816,0
8221,136.52,16987.7816,16987.7816,0
8222,136.60,16987.7816,16987.7816,0
8224,136.66,16987.7816,16987.7816,0
8225,136.73,16987.7816,16987.7816,0
8230,136.91,16987.7816,16987.7816,0
8231,136.92,16987.7816,16987.7816,0
8232,137.01,16987.7816,16987.7816,0
8236,137.13,16987.7816,16987.7816,0
8237,137.16,16987.7816,16987.7816,0
8240,137.19,16987.7816,16987.7816,0
8241,137.22,16990.9874,16990.9874,0
8245,137.47,16990.9874,16990.9874,0
8251,137.63,16990.9874,16990.9874,0
8252,137.63,16990.9874,16990.9874,0
8256,137.76,16990.9874,16990.9874,0
8264,137.87,16990.9874,16990.9874,0
8270,138.05,16990.9874,16990.9874,0
8272,138.08,16990.9874,16990.9874,0
8274,138.11,16990.9874,16990.9874,0
8283,138.26,16990.9874,16990.9874,0
8286,138.27,16990.9874,16990.9874,0
8287,138.37,16990.9874,16990.9874,0
8290,138.41,16990.9874,16990.9874,0
8295,138.44,16990.9874,16990.9874,0
8299,138.54,16990.9874,16990.9874,0
8301,138.55,16990.9874,16990.9874,0
8302,138.55,16990.9874,16990.9874,0
8309,138.65,16990.9874,16990.9874,0
8310,138.66,16990.9874,16990.9874,0
8314,138.70,16990.9874,16990.9874,0
8326,138.83,16990.9874,16990.9874,0
8332,138.89,16990.9874,16990.9874,0
8333,138.89,16990.9874,16990.9874,0
8340,138.97,16990.9874,16990.9874,0
8341,138.97,16990.9874,16990.9874,0
8342,138.97,16990.9874,16990.9874,1
8344,139.01,16777.3502,16990.9874,0
8345,139.02,16777.3502,16990.9874,0
8346,139.05,16987.4435,16990.9874,0
8348,139.15,16987.4435,16990.9874,0
8350,139.22,16987.4435,16990.9874,0
8354,139.29,16987.4435,16990.9874,0
8360,139.43,16987.4435,16990.9874,0
8361,139.47,16987.4435,16990.9874,0
8362,139.50,16987.4435,16990.9874,0
8363,139.52,16987.4435,16990.9874,0
8364,139.56,16987.4435,16990.9874,0
8369,139.65,16987.4435,16990.9874,0
8370,139.65,16987.4435,16990.9874,0
8373,139.68,16987.4435,16990.9874,0
8376,139.68,16987.4435,16990.9874,0
8378,139.68,16987.4435,16990.9874,0
8379,139.72,16987.7816,16990.9874,0
8380,139.72,16987.7816,16990.9874,0
8386,139.83,16987.7816,16990.9874,0
8391,139.91,16990.9874,16990.9874,0
8392,139.91,16990.9874,16990.9874,0
8393,139.91,16990.9874,16990.9874,0
8396,139.96,16990.9874,16990.9874,0
8397,140.01,16990.9874,16990.9874,0
8398,140.01,16990.9874,16990.9874,0
8399,140.10,16990.9874,16990.9874,0
8401,140.10,16990.9874,16990.9874,0
8402,140.19,16990.9874,16990.9874,0
8405,140.22,16990.9874,16990.9874,0
8407,140.22,16990.9874,16990.9874,0
8410,140.24,16990.9874,16990.9874,0
8411,140.25,16990.9874,16990.9874,0
8412,140.29,16990.9874,16990.9874,0
8414,140.29,16990.9874,16990.9874,0
8415,140.29,16990.9874,16990.9874,0
8419,140.31,16990.9874,16990.9874,0
8422,140.36,16990.9874,16990.9874,0
8423,140.36,16990.9874,16990.9874,0
8424,140.37,16990.9874,16990.9874,0
8430,140.41,16990.9874,16990.9874,0
8432,140.41,16990.9874,16990.9874,0
8436,140.45,16990.9874,16990.9874,0
8437,140.45,16990.9874,16990.9874,0
8439,140.47,16990.9874,16990.9874,0
8440,140.48,16990.9874,16990.9874,0
8442,140.56,16990.9874,16990.9874,0
8444,140.58,16990.9874,16990.9874,0
8447,140.62,16990.9874,16990.9874,0
8449,140.63,16990.9874,16990.9874,0
8451,140.63,16990.9874,16990.9874,0
8455,140.67,16990.9874,16990.9874,0
8458,140.69,16990.9874,16990.9874,0
8462,140.71,16990.9874,16990.9874,0
8463,140.72,16990.9874,16990.9874,0
8464,140.72,16990.9874,16990.9874,0
8472,140.82,16990.9874,16990.9874,0
8475,140.84,16990.9874,16990.9874,0
8479,140.87,16990.9874,16990.9874,0
8486,140.90,16990.9874,16990.9874,0
8487,140.90,16990.9874,16990.9874,0
8490,140.91,16990.9874,16990.9874,0
8492,140.91,16990.9874,16990.9874,1
8493,140.95,16547.0062,16990.9874,0
8494,140.97,16547.0062,16990.9874,0
8495,140.99,16694.1524,16990.9874,0
8501,141.09,16694.1524,16990.9874,0
8509,141.18,16694.1524,16990.9874,0
8511,141.22,16694.1524,16990.9874,0
8512,141.22,16694.1524,16990.9874,0
8513,141.24,16694.1524,16990.9874,0
8515,141.26,16694.1524,16990.9874,0
8519,141.29,16694.1524,16990.9874,0
8527,141.32,16694.1524,16990.9874,0
8536,141.37,16694.1524,16990.9874,0
8537,141.37,16694.1524,16990.9874,0
8538,141.38,16694.1524,16990.9874,0
8539,141.38,16694.1524,16990.9874,0
8540,141.38,16694.1524,16990.9874,0
8543,141.39,16694.1524,16990.9874,0
8547,141.47,16694.1524,16990.9874,0
8551,141.50,16694.1524,16990.9874,0
8558,141.56,16694.1524,16990.9874,0
8563,141.61,16694.1524,16990.9874,0
8568,141.64,16694.1524,16990.9874,0
8572,141.66,16694.1524,16990.9874,0
8576,141.71,16694.1524,16990.9874,0
8591,141.79,16694.1524,16990.9874,0
8592,141.80,16694.1524,16990.9874,0
8595,141.84,16694.1524,16990.9874,0
8596,141.84,16694.1524,16990.9874,1
8597,141.88,16372.1958,16990.9874,0
8598,141.91,16372.1958,16990.9874,0
8600,141.95,16499.7524,16990.9874,0
8601,141.97,16499.7524,16990.9874,0
8602,141.99,16499.7524,16990.9874,0
8603,142.01,16694.1524,16990.9874,0
8604,142.01,16694.1524,16990.9874,0
8608,142.02,16694.1524,16990.9874,0
8610,142.02,16694.1524,16990.9874,0
8613,142.02,16694.1524,16990.9874,0
8619,142.10,16694.1524,16990.9874,0
8620,142.10,16694.1524,16990.9874,0
8621,142.10,16694.1524,16990.9874,0
8628,142.17,16694.1524,16990.9874,0
8631,142.21,16694.1524,16990.9874,0
8634,142.23,16694.1524,16990.9874,0
8638,142.28,16694.1524,16990.9874,0
8639,142.28,16694.1524,16990.9874,0
8645,142.30,16694.1524,16990.9874,0
8651,142.36,16694.1524,16990.9874,0
8652,142.36,16694.1524,16990.9874,0
8656,142.39,16694.1524,16990.9874,0
8663,142.50,16694.1524,16990.9874,0
8664,142.52,16694.1524,16990.9874,0
8668,142.52,16694.1524,16990.9874,0
8683,142.65,16694.1524,16990.9874,0
8684,142.67,16694.1524,16990.9874,0
8685,142.68,16694.1524,16990.9874,0
8686,142.69,16694.1524,16990.9874,0
8688,142.71,16694.1524,16990.9874,0
8690,142.71,16694.1524,16990.9874,0
8692,142.74,16694.1524,16990.9874,0
8694,142.75,16694.1524,16990.9874,0
8695,142.75,16694.1524,16990.9874,0
8701,142.79,16694.1524,16990.9874,0
8704,142.79,16694.1524,16990.9874,1
8705,142.84,16073.0832,16990.9874,0
8706,142.85,16073.0832,16990.9874,0
8708,142.87,16073.0832,16990.9874,0
8709,142.92,16073.0832,16990.9874,0
8710,142.94,16073.0832,16990.9874,0
8711,142.96,16073.0832,16990.9874,0
8712,142.98,16324.4434,16990.9874,0
8713,143.01,16402.8952,16990.9874,0
8716,143.05,16402.8952,16990.9874,0
8718,143.07,16403.5500,16990.9874,0
8723,143.10,16403.5500,16990.9874,0
8724,143.12,16403.5500,16990.9874,0
8725,143.14,16403.5500,16990.9874,0
8727,143.18,16441.1002,16990.9874,0
8735,143.25,16441.1002,16990.9874,0
8737,143.27,16441.1002,16990.9874,0
8739,143.29,16441.1002,16990.9874,0
8745,143.38,16441.1002,16990.9874,0
8748,143.43,16441.1002,16990.9874,0
8751,143.46,16441.1002,16990.9874,0
8752,143.46,16441.1002,16990.9874,0
8756,143.48,16441.1002,16990.9874,0
8757,143.50,16441.1002,16990.9874,0
8758,143.50,16441.1002,16990.9874,0
8759,143.53,16441.1002,16990.9874,0
8762,143.57,16441.1002,16990.9874,0
8764,143.57,16441.1002,16990.9874,0
8765,143.57,16441.1002,16990.9874,0
8768,143.59,16441.1002,16990.9874,0
8770,143.61,16441.1002,16990.9874,0
8779,143.70,16441.1002,16990.9874,0
8780,143.70,16441.1002,16990.9874,0
8786,143.72,16441.1002,16990.9874,0
8787,143.73,16441.1002,16990.9874,0
8788,143.75,16441.1002,16990.9874,0
8789,143.77,16441.1002,16990.9874,0
8792,143.77,16441.1002,16990.9874,0
8793,143.77,16441.1002,16990.9874,0
8797,143.80,16441.1002,16990.9874,0
8799,143.81,16441.1002,16990.9874,0
8803,143.81,16441.1002,16990.9874,0
8806,143.83,16441.1002,16990.9874,0
8807,143.85,16441.1002,16990.9874,0
8810,143.86,16441.1002,16990.9874,0
8815,143.88,16441.1002,16990.9874,0
8816,143.88,16441.1002,16990.9874,0
8817,143.89,16441.1002,16990.9874,0
8820,143.89,16441.1002,16990.9874,0
8822,143.91,16441.1002,16990.9874,0
8828,143.94,16441.1002,16990.9874,1
8829,143.97,15559.5877,16990.9874,0
8830,143.99,15785.0628,16990.9874,0
8832,144.01,15785.0628,16990.9874,0
8833,144.03,15785.0628,16990.9874,0
8834,144.05,15785.0628,16990.9874,0
8835,144.08,16034.9356,16990.9874,0
8836,144.10,16034.9356,16990.9874,0
8837,144.12,16034.9356,16990.9874,0
8839,144.15,16045.2050,16990.9874,0
8840,144.17,16045.2050,16990.9874,0
8844,144.22,16045.2050,16990.9874,0
8845,144.24,16045.2050,16990.9874,0
8846,144.26,16180.8761,16990.9874,0
8849,144.29,16273.7982,16990.9874,0
8850,144.32,16374.7474,16990.9874,0
8852,144.35,16374.7474,16990.9874,0
8853,144.35,16374.7474,16990.9874,0
8855,144.37,16374.7474,16990.9874,0
8856,144.38,16374.7474,16990.9874,0
8865,144.49,16374.7474,16990.9874,0
8866,144.51,16374.7474,16990.9874,0
8868,144.53,16374.7474,16990.9874,0
8869,144.53,16374.7474,16990.9874,0
8876,144.60,16374.7474,16990.9874,0
8879,144.60,16374.7474,16990.9874,0
8895,144.73,16374.7474,16990.9874,0
8904,144.76,16374.7474,16990.9874,0
8905,144.76,16374.7474,16990.9874,0
8909,144.77,16374.7474,16990.9874,0
8913,144.80,16374.7474,16990.9874,0
8914,144.80,16374.7474,16990.9874,0
8920,144.87,16374.7474,16990.9874,0
8921,144.87,16374.7474,16990.9874,0
8922,144.90,16376.9408,16990.9874,0
8924,144.92,16376.9408,16990.9874,0
8926,144.95,16376.9408,16990.9874,0
8928,144.98,16376.9408,16990.9874,0
8935,145.01,16376.9408,16990.9874,0
8938,145.01,16376.9408,16990.9874,0
8945,145.07,16376.9408,16990.9874,0
8946,145.07,16376.9408,16990.9874,0
8949,145.12,16376.9408,16990.9874,0
8952,145.12,16376.9408,16990.9874,0
8953,145.12,16376.9408,16990.9874,0
8955,145.13,16376.9408,16990.9874,0
8960,145.19,16376.9408,16990.9874,0
8961,145.19,16376.9408,16990.9874,0
8963,145.23,16376.9408,16990.9874,0
8964,145.26,16376.9408,16990.9874,0
8970,145.35,16376.9408,16990.9874,0
8971,145.36,16376.9408,16990.9874,0
8974,145.39,16376.9408,16990.9874,0
8977,145.42,16376.9408,16990.9874,0
8983,145.46,16376.9408,16990.9874,0
8984,145.46,16376.9408,16990.9874,0
8988,145.49,16376.9408,16990.9874,0
8994,145.54,16376.9408,16990.9874,0
8997,145.59,16376.9408,16990.9874,0
9003,145.63,16376.9408,16990.9874,0
9007,145.67,16376.9408,16990.9874,0
9010,145.67,16376.9408,16990.9874,0
9011,145.67,16376.9408,16990.9874,0
9012,145.68,16376.9408,16990.9874,0
9014,145.70,16376.9408,16990.9874,0
9015,145.71,16376.9408,16990.9874,0
9019,145.73,16376.9408,16990.9874,0
9020,145.73,16376.9408,16990.9874,0
9023,145.74,16376.9408,16990.9874,1
9024,145.77,15585.7467,16990.9874,0
9026,145.79,15585.7467,16990.9874,0
9027,145.84,15856.0095,16990.9874,0
9029,145.87,15856.0095,16990.9874,0
9032,145.89,16002.2592,16990.9874,0
9033,145.92,16083.0961,16990.9874,0
9034,145.94,16083.0961,16990.9874,0
9035,145.97,16083.0961,16990.9874,0
9039,145.99,16083.0961,16990.9874,0
9041,146.01,16155.8088,16990.9874,0
9043,146.03,16155.8088,16990.9874,0
9044,146.05,16155.8088,16990.9874,0
9045,146.07,16155.8088,16990.9874,0
9047,146.10,16366.7581,16990.9874,0
9048,146.12,16434.6151,16990.9874,0
9050,146.14,16434.6151,16990.9874,0
9051,146.15,16447.1586,16990.9874,0
9052,146.17,16447.1586,16990.9874,0
9053,146.19,16447.1586,16990.9874,0
9055,146.21,16447.1586,16990.9874,0
9058,146.23,16447.1586,16990.9874,0
9059,146.25,16617.3656,16990.9874,0
9061,146.27,16629.4269,16990.9874,0
9062,146.29,16629.4269,16990.9874,0
9066,146.35,16629.4269,16990.9874,0
9070,146.39,16629.4269,16990.9874,0
9071,146.39,16629.4269,16990.9874,0
9078,146.44,16629.4269,16990.9874,0
9079,146.44,16629.4269,16990.9874,0
9081,146.49,16629.4269,16990.9874,0
9083,146.51,16629.4269,16990.9874,0
9087,146.55,16629.4269,16990.9874,0
9090,146.58,16629.4269,16990.9874,0
9100,146.77,16713.2495,16990.9874,0
9101,146.79,16876.2000,16990.9874,0
9104,146.82,16876.2000,16990.9874,0
9112,146.94,16876.2000,16990.9874,0
9114,146.97,16876.2000,16990.9874,0
9116,147.00,16876.2000,16990.9874,0
9121,147.02,16876.2000,16990.9874,0
9122,147.04,16876.2000,16990.9874,0
9124,147.05,16876.2000,16990.9874,0
9129,147.13,16876.2000,16990.9874,0
9134,147.15,16876.2000,16990.9874,0
9135,147.15,16876.2000,16990.9874,0
9136,147.15,16876.2000,16990.9874,0
9140,147.20,16876.2000,16990.9874,0
9142,147.20,16876.2000,16990.9874,0
9143,147.20,16876.2000,16990.9874,0
9148,147.25,16876.2000,16990.9874,0
9151,147.27,16876.2000,16990.9874,0
9154,147.27,16876.2000,16990.9874,0
9157,147.28,16876.2000,16990.9874,0
9162,147.31,16876.2000,16990.9874,0
9163,147.31,16876.2000,16990.9874,0
9167,147.36,16876.2000,16990.9874,0
9171,147.41,16876.2000,16990.9874,0
9173,147.45,16876.2000,16990.9874,0
9184,147.55,16876.2000,16990.9874,0
9185,147.56,16876.2000,16990.9874,0
9187,147.57,16876.2000,16990.9874,0
9191,147.59,16876.2000,16990.9874,0
9192,147.59,16876.2000,16990.9874,0
9195,147.62,16876.2000,16990.9874,0
9197,147.62,16876.2000,16990.9874,0
9198,147.62,16876.2000,16990.9874,0
9202,147.64,16876.2000,16990.9874,1
9203,147.68,16026.9370,16990.9874,0
9204,147.69,16026.9370,16990.9874,0
9205,147.72,16026.9370,16990.9874,0
9206,147.74,16026.9370,16990.9874,0
9209,147.76,16276.9973,16990.9874,0
9210,147.79,16295.8189,16990.9874,0
9211,147.82,16495.6996,16990.9874,0
9212,147.83,16495.6996,16990.9874,0
9213,147.85,16495.6996,16990.9874,0
9215,147.88,16495.6996,16990.9874,0
9218,147.92,16496.0907,16990.9874,0
9219,147.94,16496.0907,16990.9874,0
9223,148.00,16496.0907,16990.9874,0
9224,148.01,16496.0907,16990.9874,0
9225,148.03,16496.0907,16990.9874,0
9229,148.09,16496.0907,16990.9874,0
9233,148.14,16516.9349,16990.9874,0
9234,148.16,16516.9349,16990.9874,0
9236,148.18,16516.9349,16990.9874,0
9237,148.20,16516.9349,16990.9874,0
9239,148.23,16677.6379,16990.9874,0
9240,148.25,16677.6379,16990.9874,0
9242,148.27,16677.6379,16990.9874,0
9243,148.29,16677.6379,16990.9874,0
9249,148.42,16677.6379,16990.9874,0
9250,148.47,16677.6379,16990.9874,0
9254,148.54,16677.6379,16990.9874,0
9261,148.59,16677.6379,16990.9874,0
9268,148.62,16677.6379,16990.9874,0
9274,148.70,16677.6379,16990.9874,0
9278,148.75,16677.6379,16990.9874,0
9281,148.78,16677.6379,16990.9874,0
9283,148.78,16677.6379,16990.9874,0
9296,148.87,16677.6379,16990.9874,0
9298,148.90,16677.6379,16990.9874,0
9301,148.92,16677.6379,16990.9874,0
9302,148.92,16677.6379,16990.9874,0
9303,148.94,16677.6379,16990.9874,0
9304,148.94,16677.6379,16990.9874,0
9315,149.08,16677.6379,16990.9874,0
9317,149.09,16677.6379,16990.9874,0
9322,149.10,16677.6379,16990.9874,0
9323,149.10,16677.6379,16990.9874,0
9325,149.12,16677.6379,16990.9874,0
9326,149.13,16677.6379,16990.9874,0
9328,149.15,16677.6379,16990.9874,0
9329,149.15,16677.6379,16990.9874,0
9331,149.16,16677.6379,16990.9874,0
9332,149.16,16677.6379,16990.9874,0
9335,149.17,16677.6379,16990.9874,0
9336,149.17,16677.6379,16990.9874,0
9340,149.19,16677.6379,16990.9874,1
9341,149.22,15357.2785,16990.9874,0
9342,149.24,15357.2785,16990.9874,0
9343,149.26,15451.1084,16990.9874,0
9344,149.28,15661.8796,16990.9874,0
9345,149.30,15661.8796,16990.9874,0
9348,149.32,15661.8796,16990.9874,0
9349,149.34,15686.4883,16990.9874,0
9350,149.36,15840.2180,16990.9874,0
9351,149.38,15840.2180,16990.9874,0
9354,149.40,15840.2180,16990.9874,0
9355,149.41,15840.2180,16990.9874,0
9357,149.43,15840.2180,16990.9874,0
9358,149.45,15840.2180,16990.9874,0
9361,149.45,15840.2180,16990.9874,0
9362,149.46,15840.2180,16990.9874,0
9365,149.52,15856.0230,16990.9874,0
9366,149.54,15856.0230,16990.9874,0
9369,149.57,15856.0230,16990.9874,0
9371,149.62,15856.0230,16990.9874,0
9373,149.64,15856.0230,16990.9874,0
9374,149.66,15856.0230,16990.9874,0
9375,149.68,15856.0230,16990.9874,0
9376,149.70,15856.0230,16990.9874,0
9377,149.70,15856.0230,16990.9874,0
9378,149.73,16009.3182,16990.9874,0
9379,149.76,16009.3182,16990.9874,0
9380,149.78,16084.3563,16990.9874,0
9381,149.80,16084.3563,16990.9874,0
9384,149.82,16084.3563,16990.9874,0
9385,149.84,16093.5709,16990.9874,0
9386,149.87,16364.9233,16990.9874,0
9388,149.93,16364.9233,16990.9874,0
9389,149.96,16377.1501,16990.9874,0
9391,150.00,16473.5146,16990.9874,0
9394,150.03,16473.5146,16990.9874,0
9395,150.03,16473.5146,16990.9874,0
9396,150.06,16662.5898,16990.9874,0
9399,150.09,16662.5898,16990.9874,0
9400,150.12,16662.5898,16990.9874,0
9403,150.12,16662.5898,16990.9874,0
9406,150.13,16662.5898,16990.9874,0
9412,150.18,16662.5898,16990.9874,0
9414,150.21,16662.5898,16990.9874,0
9415,150.23,16662.5898,16990.9874,0
9421,150.32,16662.5898,16990.9874,0
9422,150.32,16662.5898,16990.9874,0
9423,150.32,16662.5898,16990.9874,0
9426,150.37,16662.5898,16990.9874,0
9428,150.37,16662.5898,16990.9874,0
9435,150.43,16662.5898,16990.9874,0
9436,150.45,16662.5898,16990.9874,0
9438,150.46,16662.5898,16990.9874,0
9440,150.48,16662.5898,16990.9874,0
9442,150.51,16662.5898,16990.9874,0
9445,150.52,16662.5898,16990.9874,0
9448,150.56,16662.5898,16990.9874,0
9454,150.60,16662.5898,16990.9874,0
9456,150.60,16662.5898,16990.9874,0
9462,150.69,16662.5898,16990.9874,0
9465,150.73,16662.5898,16990.9874,0
9469,150.76,16662.5898,16990.9874,0
9471,150.76,16662.5898,16990.9874,0
9479,150.78,16662.5898,16990.9874,0
9480,150.79,16662.5898,16990.9874,0
9486,150.81,16662.5898,16990.9874,0
9491,150.86,16662.5898,16990.9874,0
9492,150.86,16662.5898,16990.9874,0
9493,150.86,16662.5898,16990.9874,0
9494,150.87,16662.5898,16990.9874,0
9495,150.87,16662.5898,16990.9874,0
9497,150.87,16662.5898,16990.9874,1
9498,150.91,14730.1136,16990.9874,0
9499,150.93,14826.6253,16990.9874,0
9500,150.95,14826.6253,16990.9874,0
9501,150.98,14963.5156,16990.9874,0
9502,151.00,14963.5156,16990.9874,0
9504,151.02,15179.8303,16990.9874,0
9508,151.06,15179.8303,16990.9874,0
9511,151.10,15179.8303,16990.9874,0
9512,151.12,15258.5386,16990.9874,0
9514,151.14,15370.6530,16990.9874,0
9520,151.23,15370.6530,16990.9874,0
9524,151.25,15370.6530,16990.9874,0
9525,151.26,15370.6530,16990.9874,0
9527,151.28,15370.6530,16990.9874,0
9530,151.34,15370.6530,16990.9874,0
9531,151.36,15370.6530,16990.9874,0
9537,151.43,15370.6530,16990.9874,0
9538,151.43,15370.6530,16990.9874,0
9540,151.45,15370.6530,16990.9874,0
9542,151.45,15370.6530,16990.9874,0
9544,151.49,15370.6530,16990.9874,0
9547,151.52,15370.6530,16990.9874,0
9549,151.54,15370.6530,16990.9874,0
9550,151.54,15370.6530,16990.9874,0
9551,151.56,15370.6530,16990.9874,0
9553,151.58,15370.6530,16990.9874,0
9555,151.62,15370.6530,16990.9874,0
9556,151.63,15370.6530,16990.9874,0
9557,151.63,15370.6530,16990.9874,0
9558,151.63,15370.6530,16990.9874,0
9559,151.65,15370.6530,16990.9874,0
9560,151.65,15370.6530,16990.9874,0
9562,151.68,15464.1205,16990.9874,0
9563,151.72,15464.1205,16990.9874,0
9564,151.74,15613.3315,16990.9874,0
9565,151.76,15613.3315,16990.9874,0
9566,151.78,15613.3315,16990.9874,0
9568,151.81,15722.7234,16990.9874,0
9570,151.85,15722.7234,16990.9874,0
9571,151.87,15722.7234,16990.9874,0
9573,151.91,15722.7234,16990.9874,0
9574,151.93,15722.7234,16990.9874,0
9580,152.01,15722.7234,16990.9874,0
9588,152.08,15722.7234,16990.9874,0
9590,152.11,15722.7234,16990.9874,0
9593,152.12,15722.7234,16990.9874,0
9594,152.12,15722.7234,16990.9874,0
9598,152.17,15723.1958,16990.9874,0
9603,152.27,15723.1958,16990.9874,0
9605,152.29,15723.1958,16990.9874,0
9606,152.31,15723.1958,16990.9874,0
9608,152.35,15723.1958,16990.9874,0
9610,152.39,15723.1958,16990.9874,0
9612,152.45,15723.1958,16990.9874,0
9613,152.45,15723.1958,16990.9874,0
9614,152.47,15723.1958,16990.9874,0
9621,152.53,15723.1958,16990.9874,0
9622,152.55,15723.1958,16990.9874,0
9623,152.55,15723.1958,16990.9874,0
9626,152.56,15723.1958,16990.9874,0
9628,152.56,15723.1958,16990.9874,0
9632,152.64,15723.1958,16990.9874,0
9634,152.65,15723.1958,16990.9874,0
9637,152.65,15723.1958,16990.9874,0
9638,152.67,15723.1958,16990.9874,0
9639,152.68,15723.1958,16990.9874,0
9640,152.69,15723.1958,16990.9874,0
9643,152.75,15723.1958,16990.9874,0
9645,152.77,15723.1958,16990.9874,0
9648,152.79,15723.1958,16990.9874,0
9650,152.80,15723.1958,16990.9874,0
9654,152.86,15723.1958,16990.9874,0
9655,152.86,15723.1958,16990.9874,0
9658,152.88,15723.1958,16990.9874,0
9661,152.93,15723.1958,16990.9874,0
9664,152.95,15723.1958,16990.9874,0
9666,152.98,15723.1958,16990.9874,0
9668,153.00,15723.1958,16990.9874,0
9669,153.00,15723.1958,16990.9874,0
9673,153.05,15723.1958,16990.9874,0
9674,153.07,15725.3094,16990.9874,0
9675,153.09,15725.3094,16990.9874,0
9677,153.14,15725.3094,16990.9874,0
9680,153.18,15725.3094,16990.9874,0
9683,153.24,15725.3094,16990.9874,0
9684,153.24,15725.3094,16990.9874,0
9685,153.24,15725.3094,16990.9874,0
9688,153.26,15725.3094,16990.9874,0
9690,153.27,15725.3094,16990.9874,0
9692,153.29,15725.3094,16990.9874,0
9693,153.30,15725.3094,16990.9874,0
9694,153.32,15725.3094,16990.9874,0
9695,153.33,15725.3094,16990.9874,0
9697,153.35,15725.3094,16990.9874,0
9700,153.38,15725.3094,16990.9874,0
9701,153.38,15725.3094,16990.9874,0
9702,153.40,15725.3094,16990.9874,0
9704,153.40,15725.3094,16990.9874,0
9707,153.42,15725.3094,16990.9874,0
9709,153.46,15725.3094,16990.9874,0
9712,153.53,15725.3094,16990.9874,0
9713,153.55,15725.3094,16990.9874,0
9714,153.55,15725.3094,16990.9874,0
9715,153.57,15725.3094,16990.9874,0
9717,153.59,15725.3094,16990.9874,0
9718,153.59,15725.3094,16990.9874,0
9719,153.61,15725.3094,16990.9874,0
9721,153.61,15725.3094,16990.9874,0
9723,153.61,15725.3094,16990.9874,0
9725,153.62,15725.3094,16990.9874,0
9726,153.62,15725.3094,16990.9874,0
9727,153.62,15725.3094,16990.9874,0
9728,153.62,15725.3094,16990.9874,0
9729,153.64,15725.3094,16990.9874,0
9731,153.66,15725.3094,16990.9874,0
9732,153.66,15725.3094,16990.9874,0
9734,153.68,15725.3094,16990.9874,0
9737,153.74,15725.5350,16990.9874,0
9739,153.76,15725.5350,16990.9874,0
9740,153.76,15725.5350,16990.9874,0
9743,153.84,15725.5350,16990.9874,0
9747,153.89,15725.5350,16990.9874,0
9750,153.92,15725.5350,16990.9874,0
9754,153.96,15725.5350,16990.9874,0
9755,153.96,15725.5350,16990.9874,0
9757,153.98,15725.5350,16990.9874,0
9758,154.00,15725.5350,16990.9874,0
9760,154.02,15725.5350,16990.9874,0
9762,154.02,15725.5350,16990.9874,0
9763,154.03,15725.5350,16990.9874,0
9764,154.03,15725.5350,16990.9874,0
9768,154.05,15725.5350,16990.9874,0
9770,154.08,15725.5350,16990.9874,0
9771,154.10,15725.5350,16990.9874,0
9773,154.14,15725.5350,16990.9874,0
9776,154.16,15725.5350,16990.9874,0
9777,154.16,15725.5350,16990.9874,0
9782,154.18,15725.5350,16990.9874,0
9784,154.18,15725.5350,16990.9874,0
9785,154.18,15725.5350,16990.9874,0
9786,154.20,15725.5350,16990.9874,0
9792,154.28,15730.2227,16990.9874,0
9796,154.35,15730.2227,16990.9874,0
9799,154.39,15730.2227,16990.9874,0
9800,154.41,15730.2227,16990.9874,0
9802,154.42,15730.2227,16990.9874,0
9803,154.42,15730.2227,16990.9874,0
9805,154.44,15730.2227,16990.9874,0
9808,154.48,15730.2227,16990.9874,0
9812,154.56,15730.2227,16990.9874,0
9814,154.60,15730.2227,16990.9874,0
9817,154.61,15730.2227,16990.9874,0
9818,154.61,15730.2227,16990.9874,0
9826,154.71,15730.2227,16990.9874,0
9828,154.71,15730.2227,16990.9874,0
9830,154.73,15730.2227,16990.9874,0
9832,154.75,15730.2227,16990.9874,0
9835,154.75,15730.2227,16990.9874,0
9836,154.75,15730.2227,16990.9874,0
9838,154.77,15730.2227,16990.9874,0
9843,154.84,15730.2227,16990.9874,0
9846,154.84,15730.2227,16990.9874,0
9852,154.93,15730.2227,16990.9874,0
9853,154.94,15730.2227,16990.9874,0
9855,154.94,15730.2227,16990.9874,0
9858,154.98,15730.2227,16990.9874,0
9861,155.00,15730.2649,16990.9874,0
9866,155.13,15730.2649,16990.9874,0
9868,155.18,15730.2649,16990.9874,0
9872,155.23,15730.2649,16990.9874,0
9874,155.27,15730.2649,16990.9874,0
9875,155.27,15730.2649,16990.9874,0
9883,155.38,15730.2649,16990.9874,0
9885,155.40,15730.2649,16990.9874,0
9886,155.43,15730.2649,16990.9874,0
9889,155.46,15730.2649,16990.9874,0
9891,155.50,15730.2649,16990.9874,0
9894,155.52,15730.2649,16990.9874,0
9896,155.53,15730.2649,16990.9874,0
9900,155.57,15730.2649,16990.9874,0
9904,155.61,15730.2649,16990.9874,0
9905,155.63,15760.1849,16990.9874,0
9911,155.66,15760.1849,16990.9874,0
9915,155.73,15760.1849,16990.9874,0
9920,155.78,15760.1849,16990.9874,0
9922,155.82,15760.1849,16990.9874,0
9926,155.86,15760.1849,16990.9874,0
9927,155.88,15760.1849,16990.9874,0
9934,156.00,15760.1849,16990.9874,0
9936,156.03,15760.1849,16990.9874,0
9939,156.03,15760.1849,16990.9874,0
9943,156.08,15760.1849,16990.9874,0
9947,156.09,15760.1849,16990.9874,0
9948,156.11,15760.1849,16990.9874,0
9949,156.11,15760.1849,16990.9874,0
9954,156.17,15760.1849,16990.9874,0
9958,156.18,15760.1849,16990.9874,0
9961,156.21,15760.1849,16990.9874,0
9962,156.21,15760.1849,16990.9874,0
9964,156.23,15760.1849,16990.9874,0
9966,156.24,15760.1849,16990.9874,0
9969,156.28,15760.1849,16990.9874,0
9972,156.31,15760.1849,16990.9874,0
9973,156.31,15760.1849,16990.9874,0
9976,156.35,15760.1849,16990.9874,0
9978,156.36,15760.1849,16990.9874,0
9979,156.36,15760.1849,16990.9874,0
9980,156.36,15760.1849,16990.9874,0
9983,156.39,15760.1849,16990.9874,0
9984,156.39,15760.1849,16990.9874,0
9986,156.39,15760.1849,16990.9874,0
9987,156.39,15760.1849,16990.9874,0
9990,156.41,15760.1849,16990.9874,0
9991,156.41,15760.1849,16990.9874,0
9993,156.43,15760.1849,16990.9874,0
9996,156.46,15760.1849,16990.9874,0
9999,156.49,15760.1849,16990.9874,0
10004,156.52,15760.1849,16990.9874,0
10006,156.52,15760.1849,16990.9874,1
10007,156.55,14204.7143,16990.9874,0
10008,156.57,14230.5725,16990.9874,0
10010,156.59,14293.9816,16990.9874,0
10011,156.62,14344.3423,16990.9874,0
10012,156.63,14344.3423,16990.9874,0
10013,156.65,14344.3423,16990.9874,0
10014,156.67,14344.3423,16990.9874,0
10015,156.69,14344.3423,16990.9874,0
10016,156.70,14344.3423,16990.9874,0
10018,156.73,14344.3423,16990.9874,0
10020,156.77,14344.3423,16990.9874,0
10021,156.77,14344.3423,16990.9874,0
10023,156.77,14344.3423,16990.9874,0
10025,156.79,14344.3423,16990.9874,0
10030,156.83,14344.3423,16990.9874,0
10031,156.83,14344.3423,16990.9874,0
10033,156.88,14352.2025,16990.9874,0
10035,156.90,14352.2025,16990.9874,0
10036,156.92,14352.2025,16990.9874,0
10037,156.93,14480.2620,16990.9874,0
10038,156.96,14586.7593,16990.9874,0
10041,157.00,14586.7593,16990.9874,0
10042,157.00,14586.7593,16990.9874,0
10044,157.02,14586.7593,16990.9874,0
10045,157.04,14586.7593,16990.9874,0
10046,157.06,14824.9777,16990.9874,0
10047,157.08,14923.1605,16990.9874,0
10048,157.10,14923.1605,16990.9874,0
10049,157.12,14923.1605,16990.9874,0
10051,157.14,14923.1605,16990.9874,0
10053,157.16,14923.1605,16990.9874,0
10058,157.24,14923.1605,16990.9874,0
10060,157.26,14923.1605,16990.9874,0
10061,157.28,14923.1605,16990.9874,0
10066,157.33,14928.3372,16990.9874,0
10067,157.34,14928.3372,16990.9874,0
10068,157.36,14930.6083,16990.9874,0
10069,157.38,14930.6083,16990.9874,0
10070,157.40,14930.6083,16990.9874,0
10071,157.42,14930.6083,16990.9874,0
10075,157.49,15036.4232,16990.9874,0
10076,157.51,15036.4232,16990.9874,0
10081,157.58,15036.4232,16990.9874,0
10084,157.62,15036.4232,16990.9874,0
10087,157.68,15036.4232,16990.9874,0
10095,157.78,15036.4232,16990.9874,0
10097,157.79,15036.4232,16990.9874,0
10101,157.83,15036.4232,16990.9874,0
10103,157.83,15036.4232,16990.9874,0
10107,157.91,15036.4232,16990.9874,0
10110,157.98,15036.4232,16990.9874,0
10114,158.00,15036.4232,16990.9874,0
10115,158.02,15036.4232,16990.9874,0
10121,158.06,15036.4232,16990.9874,0
10123,158.06,15036.4232,16990.9874,0
10126,158.10,15037.8975,16990.9874,0
10127,158.12,15175.8631,16990.9874,0
10131,158.16,15175.8631,16990.9874,0
10133,158.16,15175.8631,16990.9874,0
10135,158.20,15175.8631,16990.9874,0
10139,158.26,15175.8631,16990.9874,0
10140,158.30,15175.8631,16990.9874,0
10142,158.34,15175.8631,16990.9874,0
10144,158.37,15175.8631,16990.9874,0
10147,158.38,15175.8631,16990.9874,0
10149,158.41,15197.3199,16990.9874,0
10150,158.43,15197.3199,16990.9874,0
10152,158.48,15197.3199,16990.9874,0
10154,158.49,15197.3199,16990.9874,0
10166,158.64,15197.3199,16990.9874,0
10167,158.66,15197.3199,16990.9874,0
10169,158.67,15197.3199,16990.9874,0
10170,158.69,15197.3199,16990.9874,0
10172,158.71,15197.3199,16990.9874,0
10174,158.75,15197.3199,16990.9874,0
10175,158.77,15197.3199,16990.9874,0
10177,158.80,15197.3199,16990.9874,0
10178,158.81,15197.3199,16990.9874,0
10185,158.83,15197.3199,16990.9874,0
10186,158.85,15197.3199,16990.9874,0
10187,158.85,15197.3199,16990.9874,0
10191,158.90,15197.3199,16990.9874,0
10194,158.90,15197.3199,16990.9874,0
10196,158.92,15197.3199,16990.9874,0
10197,158.94,15197.3199,16990.9874,0
10198,158.96,15197.3199,16990.9874,0
10199,158.97,15197.3199,16990.9874,0
10201,158.97,15197.3199,16990.9874,0
10207,159.06,15197.3199,16990.9874,0
10210,159.10,15197.3199,16990.9874,0
10211,159.10,15197.3199,16990.9874,0
10214,159.15,15197.3199,16990.9874,0
10217,159.15,15197.3199,16990.9874,0
10218,159.16,15197.3199,16990.9874,0
10220,159.18,15197.3199,16990.9874,0
10222,159.20,15197.3199,16990.9874,0
10223,159.20,15197.3199,16990.9874,0
10230,159.28,15197.3199,16990.9874,0
10232,159.32,15197.3199,16990.9874,0
10234,159.34,15197.3199,16990.9874,0
10235,159.35,15197.3199,16990.9874,0
10236,159.35,15197.3199,16990.9874,0
10237,159.35,15197.3199,16990.9874,0
10241,159.35,15197.3199,16990.9874,0
10245,159.37,15197.3199,16990.9874,0
10246,159.38,15197.3199,16990.9874,0
10247,159.38,15197.3199,16990.9874,0
10250,159.41,15197.3199,16990.9874,1
10251,159.44,13846.8233,16990.9874,0
10252,159.46,13944.6034,16990.9874,0
10253,159.47,13944.6034,16990.9874,0
10254,159.49,13944.6220,16990.9874,0
10255,159.50,13944.6220,16990.9874,0
10256,159.52,14040.7260,16990.9874,0
10257,159.53,14041.4344,16990.9874,0
10258,159.55,14041.4344,16990.9874,0
10259,159.56,14041.4344,16990.9874,0
10260,159.58,14095.4838,16990.9874,0
10261,159.59,14095.5490,16990.9874,0
10262,159.61,14352.0260,16990.9874,0
10263,159.63,14352.0260,16990.9874,0
10264,159.64,14352.0260,16990.9874,0
10265,159.66,14352.0260,16990.9874,0
10266,159.68,14519.0673,16990.9874,0
10267,159.69,14519.0673,16990.9874,0
10268,159.71,14519.0673,16990.9874,0
10270,159.72,14519.0673,16990.9874,0
10271,159.74,14790.7112,16990.9874,0
10272,159.76,14790.7112,16990.9874,0
10273,159.77,14790.7112,16990.9874,0
10274,159.79,14790.7112,16990.9874,0
10275,159.81,14790.7112,16990.9874,0
10276,159.82,14790.7112,16990.9874,0
10277,159.84,14836.5669,16990.9874,0
10278,159.86,14836.5669,16990.9874,0
10279,159.89,14892.6359,16990.9874,0
10281,159.91,14892.6359,16990.9874,0
10283,159.93,14892.6359,16990.9874,0
10284,159.95,14892.6359,16990.9874,0
10285,159.96,14919.7783,16990.9874,0
10286,159.98,15043.2279,16990.9874,0
10287,160.00,15071.5289,16990.9874,0
10288,160.02,15071.8894,16990.9874,0
10289,160.04,15071.8894,16990.9874,0
10290,160.05,15071.8894,16990.9874,0
10291,160.07,15164.0190,16990.9874,0
10292,160.09,15190.8170,16990.9874,0
10294,160.13,15190.8170,16990.9874,0
10295,160.15,15190.8170,16990.9874,0
10296,160.17,15190.8170,16990.9874,0
10298,160.20,15190.8170,16990.9874,0
10302,160.28,15191.4817,16990.9874,0
10303,160.29,15191.4817,16990.9874,0
10304,160.29,15191.4817,16990.9874,0
10306,160.33,15191.4817,16990.9874,0
10308,160.37,15191.4817,16990.9874,0
10310,160.39,15191.4817,16990.9874,0
10313,160.44,15191.4817,16990.9874,0
10315,160.48,15191.4817,16990.9874,0
10316,160.48,15191.4817,16990.9874,0
10318,160.50,15191.4817,16990.9874,0
10320,160.52,15193.4024,16990.9874,0
10322,160.56,15193.9224,16990.9874,0
10325,160.58,15193.9224,16990.9874,0
10326,160.59,15193.9224,16990.9874,0
10327,160.61,15193.9224,16990.9874,0
10328,160.63,15193.9224,16990.9874,0
10329,160.65,15193.9224,16990.9874,0
10330,160.65,15193.9224,16990.9874,0
10332,160.67,15303.4512,16990.9874,0
10333,160.68,15303.4512,16990.9874,0
10335,160.70,15303.4512,16990.9874,0
10337,160.74,15303.4512,16990.9874,0
10339,160.78,15303.4512,16990.9874,0
10341,160.82,15304.0269,16990.9874,0
10342,160.83,15304.0269,16990.9874,0
10344,160.85,15304.0269,16990.9874,0
10345,160.85,15304.0269,16990.9874,0
10346,160.87,15305.8466,16990.9874,0
10352,160.95,15305.8466,16990.9874,0
10353,160.97,15305.8466,16990.9874,0
10355,160.98,15305.8466,16990.9874,0
10358,161.00,15305.8466,16990.9874,0
10359,161.02,15305.8466,16990.9874,0
10361,161.02,15305.8466,16990.9874,0
10363,161.04,15305.8466,16990.9874,0
10367,161.09,15305.8466,16990.9874,0
10368,161.10,15305.8466,16990.9874,0
10370,161.14,15305.8466,16990.9874,0
10372,161.18,15305.8466,16990.9874,0
10373,161.18,15305.8466,16990.9874,0
10374,161.20,15305.8466,16990.9874,0
10375,161.22,15305.8466,16990.9874,0
10376,161.24,15305.8466,16990.9874,0
10377,161.25,15305.8466,16990.9874,0
10379,161.29,15305.8466,16990.9874,0
10380,161.29,15305.8466,16990.9874,0
10382,161.29,15305.8466,16990.9874,0
10384,161.29,15305.8466,16990.9874,0
10386,161.33,15305.8466,16990.9874,0
10387,161.33,15305.8466,16990.9874,0
10388,161.35,15305.8466,16990.9874,0
10389,161.35,15305.8466,16990.9874,0
10390,161.36,15305.8466,16990.9874,0
10392,161.37,15305.8466,16990.9874,0
10394,161.39,15305.8466,16990.9874,0
10396,161.40,15305.8466,16990.9874,0
10398,161.42,15305.8466,16990.9874,0
10403,161.47,15306.3067,16990.9874,0
10404,161.48,15306.3067,16990.9874,0
10407,161.52,15306.3067,16990.9874,0
10408,161.56,15343.2806,16990.9874,0
10410,161.58,15343.2806,16990.9874,0
10411,161.59,15343.2806,16990.9874,0
10414,161.65,15343.2806,16990.9874,0
10415,161.66,15343.2806,16990.9874,0
10422,161.73,15343.2806,16990.9874,0
10424,161.75,15343.2806,16990.9874,0
10425,161.77,15343.2806,16990.9874,0
10427,161.79,15343.2806,16990.9874,0
10428,161.80,15343.2806,16990.9874,0
10429,161.82,15343.2806,16990.9874,0
10432,161.85,15343.2806,16990.9874,0
10434,161.85,15343.2806,16990.9874,0
10440,161.95,15343.2806,16990.9874,0
10442,161.98,15343.2806,16990.9874,0
10445,162.03,15343.2806,16990.9874,0
10447,162.03,15343.2806,16990.9874,0
10449,162.06,15343.2806,16990.9874,0
10450,162.08,15343.2806,16990.9874,0
10451,162.09,15343.2806,16990.9874,0
10453,162.11,15343.2806,16990.9874,0
10455,162.13,15343.3490,16990.9874,0
10460,162.19,15343.3490,16990.9874,0
10464,162.23,15343.3490,16990.9874,0
10466,162.30,15343.3490,16990.9874,0
10467,162.30,15343.3490,16990.9874,0
10469,162.35,15343.3490,16990.9874,0
10470,162.37,15343.3490,16990.9874,0
10472,162.40,15343.3490,16990.9874,0
10473,162.42,15343.3490,16990.9874,0
10475,162.42,15343.3490,16990.9874,0
10480,162.48,15343.3490,16990.9874,0
10482,162.48,15343.3490,16990.9874,0
10483,162.48,15343.3490,16990.9874,0
10485,162.50,15343.3490,16990.9874,0
10486,162.50,15343.3490,16990.9874,0
10487,162.52,15343.3490,16990.9874,0
10491,162.59,15343.3490,16990.9874,0
10492,162.61,15343.3490,16990.9874,0
10495,162.63,15343.3490,16990.9874,0
10498,162.67,15343.3490,16990.9874,0
10500,162.69,15343.3490,16990.9874,0
10501,162.69,15343.3490,16990.9874,0
10502,162.70,15343.3490,16990.9874,0
10503,162.70,15343.3490,16990.9874,0
10504,162.72,15343.3490,16990.9874,0
10508,162.76,15343.3490,16990.9874,0
10509,162.77,15343.3490,16990.9874,0
10510,162.80,15343.3490,16990.9874,0
10511,162.80,15343.3490,16990.9874,0
10512,162.80,15343.3490,16990.9874,0
10515,162.87,15343.3490,16990.9874,0
10516,162.89,15343.3490,16990.9874,0
10519,162.93,15343.3490,16990.9874,0
10520,162.95,15343.3490,16990.9874,0
10521,162.96,15343.3490,16990.9874,0
10522,162.98,15343.3490,16990.9874,0
10524,162.98,15343.3490,16990.9874,0
10528,163.01,15343.3490,16990.9874,0
10529,163.02,15343.3490,16990.9874,0
10530,163.04,15343.3490,16990.9874,0
10531,163.04,15343.3490,16990.9874,0
10534,163.07,15343.3490,16990.9874,0
10540,163.13,15343.3490,16990.9874,0
10542,163.17,15343.3490,16990.9874,0
10543,163.17,15343.3490,16990.9874,0
10545,163.20,15343.3490,16990.9874,0
10546,163.22,15354.5550,16990.9874,0
10549,163.29,15354.5550,16990.9874,0
10552,163.34,15354.5550,16990.9874,0
10554,163.36,15354.5550,16990.9874,0
10555,163.38,15354.5550,16990.9874,0
10556,163.40,15354.5550,16990.9874,0
10557,163.41,15354.5550,16990.9874,0
10558,163.41,15354.5550,16990.9874,0
10565,163.49,15354.5550,16990.9874,0
10569,163.51,15354.5550,16990.9874,0
10571,163.54,15354.5550,16990.9874,0
10572,163.54,15354.5550,16990.9874,0
10573,163.56,15354.5550,16990.9874,0
10574,163.58,15354.5550,16990.9874,0
10575,163.58,15354.5550,16990.9874,0
10582,163.64,15354.5550,16990.9874,0
10583,163.64,15354.5550,16990.9874,0
10584,163.66,15354.5550,16990.9874,0
10585,163.66,15354.5550,16990.9874,0
10586,163.68,15354.5550,16990.9874,0
10589,163.68,15354.5550,16990.9874,0
10591,163.72,15354.5550,16990.9874,0
10594,163.77,15356.8878,16990.9874,0
10596,163.79,15356.8878,16990.9874,0
10598,163.81,15356.8878,16990.9874,0
10602,163.88,15356.8878,16990.9874,0
10604,163.89,15356.8878,16990.9874,0
10605,163.89,15356.8878,16990.9874,0
10608,163.94,15357.1863,16990.9874,0
10615,164.07,15357.1863,16990.9874,0
10617,164.09,15357.1863,16990.9874,0
10618,164.10,15357.1863,16990.9874,0
10621,164.13,15357.1863,16990.9874,0
10623,164.16,15357.1863,16990.9874,0
10625,164.16,15357.1863,16990.9874,0
10626,164.18,15357.1863,16990.9874,0
10627,164.19,15357.1863,16990.9874,0
10630,164.23,15357.1863,16990.9874,0
10632,164.25,15357.1863,16990.9874,0
10633,164.27,15357.1863,16990.9874,0
10636,164.32,15357.1863,16990.9874,0
10641,164.38,15357.1863,16990.9874,0
10644,164.40,15357.1863,16990.9874,0
10647,164.41,15357.1863,16990.9874,0
10648,164.42,15357.1863,16990.9874,0
10652,164.46,15357.1863,16990.9874,0
10653,164.48,15357.1863,16990.9874,0
10654,164.49,15357.1863,16990.9874,0
10655,164.49,15357.1863,16990.9874,0
10656,164.49,15357.1863,16990.9874,0
10657,164.50,15357.1863,16990.9874,0
10658,164.50,15357.1863,16990.9874,0
10659,164.50,15357.1863,16990.9874,0
10664,164.51,15357.1863,16990.9874,0
10666,164.52,15357.1863,16990.9874,0
10670,164.56,15357.1863,16990.9874,0
10672,164.58,15357.1863,16990.9874,0
10674,164.59,15357.1863,16990.9874,0
10675,164.59,15357.1863,16990.9874,0
10682,164.64,15357.1863,16990.9874,0
10683,164.64,15357.1863,16990.9874,0
10687,164.66,15357.1863,16990.9874,0
10690,164.68,15357.1863,16990.9874,0
10691,164.68,15357.1863,16990.9874,0
10694,164.69,15357.1863,16990.9874,0
10695,164.69,15357.1863,16990.9874,0
10696,164.71,15357.1863,16990.9874,0
10697,164.71,15357.1863,16990.9874,0
10698,164.72,15357.1863,16990.9874,0
10699,164.72,15357.1863,16990.9874,0
10700,164.72,15357.1863,16990.9874,0
10701,164.73,15357.1863,16990.9874,0
10704,164.76,15357.1863,16990.9874,0
10705,164.76,15357.1863,16990.9874,0
10707,164.76,15357.1863,16990.9874,0
10708,164.76,15357.1863,16990.9874,0
10709,164.76,15357.1863,16990.9874,1
10710,164.79,13346.1912,16990.9874,0
10711,164.80,13346.1912,16990.9874,0
10712,164.82,13346.1912,16990.9874,0
10713,164.83,13346.1912,16990.9874,0
10714,164.85,13420.4696,16990.9874,0
10715,164.86,13420.4696,16990.9874,0
10716,164.88,13420.4696,16990.9874,0
10717,164.89,13446.3438,16990.9874,0
10718,164.91,13455.4998,16990.9874,0
10719,164.92,13455.8516,16990.9874,0
10720,164.93,13455.8516,16990.9874,0
10721,164.95,13455.8516,16990.9874,0
10722,164.96,13460.2551,16990.9874,0
10723,164.98,13460.2551,16990.9874,0
10724,164.99,13460.2551,16990.9874,0
10725,165.00,13530.2601,16990.9874,0
10726,165.02,13537.6946,16990.9874,0
10727,165.04,14030.9862,16990.9874,0
10728,165.05,14037.5802,16990.9874,0
10729,165.07,14131.9420,16990.9874,0
10730,165.09,14153.6080,16990.9874,0
10731,165.10,14515.5327,16990.9874,0
10732,165.12,14515.5327,16990.9874,0
10733,165.14,14530.0697,16990.9874,0
10734,165.16,14530.6171,16990.9874,0
10735,165.21,14563.3029,16990.9874,0
10736,165.22,14609.0100,16990.9874,0
10737,165.24,14609.0100,16990.9874,0
10739,165.26,14609.0100,16990.9874,0
10740,165.27,14725.2844,16990.9874,0
10741,165.29,14725.2844,16990.9874,0
10743,165.31,14725.2844,16990.9874,0
10744,165.31,14725.2844,16990.9874,0
10745,165.33,14725.2844,16990.9874,0
10748,165.35,14725.2844,16990.9874,0
10755,165.46,14725.2844,16990.9874,0
10759,165.52,14725.2844,16990.9874,0
10761,165.54,14725.2844,16990.9874,0
10762,165.54,14725.2844,16990.9874,0
10763,165.56,14725.2844,16990.9874,0
10764,165.56,14725.2844,16990.9874,0
10765,165.58,14725.2844,16990.9874,0
10766,165.58,14725.2844,16990.9874,0
10767,165.59,14727.9350,16990.9874,0
10769,165.63,14727.9350,16990.9874,0
10770,165.65,14729.8962,16990.9874,0
10771,165.67,14740.7620,16990.9874,0
10772,165.68,14740.7620,16990.9874,0
10773,165.70,14787.0199,16990.9874,0
10774,165.72,14788.0447,16990.9874,0
10775,165.73,14788.0447,16990.9874,0
10777,165.78,14788.0447,16990.9874,0
10778,165.80,14788.0447,16990.9874,0
10779,165.81,14788.0447,16990.9874,0
10783,165.87,14788.0447,16990.9874,0
10784,165.89,14788.0447,16990.9874,0
10786,165.91,14788.0447,16990.9874,0
10787,165.93,14788.0447,16990.9874,0
10788,165.93,14788.0447,16990.9874,0
10790,165.97,14789.2743,16990.9874,0
10792,165.99,14789.2743,16990.9874,0
10793,166.01,14789.2743,16990.9874,0
10796,166.05,14789.2743,16990.9874,0
10798,166.09,14856.9502,16990.9874,0
10799,166.11,15017.1533,16990.9874,0
10800,166.13,15017.1533,16990.9874,0
10802,166.14,15023.6788,16990.9874,0
10805,166.16,15023.6788,16990.9874,0
10807,166.25,15279.9275,16990.9874,0
10808,166.28,15282.2949,16990.9874,0
10809,166.32,15282.2949,16990.9874,0
10811,166.37,15282.2949,16990.9874,0
10812,166.39,15282.2949,16990.9874,0
10814,166.47,15311.5969,16990.9874,0
10823,166.60,15311.5969,16990.9874,0
10828,166.67,15311.5969,16990.9874,0
10832,166.73,15311.5969,16990.9874,0
10835,166.76,15311.5969,16990.9874,0
10837,166.81,15311.5969,16990.9874,0
10839,166.82,15311.5969,16990.9874,0
10840,166.83,15311.5969,16990.9874,0
10855,166.99,15314.3308,16990.9874,0
10857,167.06,15314.3308,16990.9874,0
10860,167.08,15314.3308,16990.9874,0
10864,167.13,15314.3308,16990.9874,0
10865,167.16,15315.3930,16990.9874,0
10866,167.23,15320.0350,16990.9874,0
10868,167.26,15320.0350,16990.9874,0
10870,167.28,15320.0350,16990.9874,0
10871,167.35,15320.0350,16990.9874,0
10872,167.40,15320.0350,16990.9874,0
10876,167.52,15320.0350,16990.9874,0
10878,167.55,15341.7718,16990.9874,0
10880,167.67,15341.7718,16990.9874,0
10884,167.82,15341.7718,16990.9874,0
10888,167.89,15341.7718,16990.9874,0
10889,167.93,15341.7718,16990.9874,0
10890,167.97,15341.7718,16990.9874,0
10895,168.06,15341.7718,16990.9874,0
10896,168.06,15341.7718,16990.9874,0
10901,168.14,15341.7718,16990.9874,0
10908,168.21,15341.7718,16990.9874,0
10909,168.23,15341.7718,16990.9874,0
10912,168.24,15341.7718,16990.9874,0
10915,168.26,15341.7718,16990.9874,0
10919,168.32,15341.7718,16990.9874,0
10920,168.35,15341.7718,16990.9874,0
10930,168.43,15341.7718,16990.9874,0
10937,168.47,15341.7718,16990.9874,0
10941,168.48,15341.7718,16990.9874,0
10943,168.49,15341.7718,16990.9874,0
10947,168.50,15341.7718,16990.9874,0
10948,168.50,15341.7718,16990.9874,0
10949,168.50,15341.7718,16990.9874,0
10953,168.52,15341.7718,16990.9874,0
10955,168.53,15341.7718,16990.9874,0
10957,168.61,15341.7718,16990.9874,0
10970,168.69,15341.7718,16990.9874,0
10974,168.70,15341.7718,16990.9874,0
10977,168.73,15345.6424,16990.9874,0
10978,168.77,15345.6424,16990.9874,0
10980,168.86,15345.6424,16990.9874,0
10981,168.88,15400.2431,16990.9874,0
10983,168.91,15400.2431,16990.9874,0
10984,168.94,15400.2431,16990.9874,0
10985,168.97,15400.2431,16990.9874,0
10986,168.99,15400.2431,16990.9874,0
10988,169.08,15400.2431,16990.9874,0
10990,169.08,15400.2431,16990.9874,0
10992,169.09,15400.2431,16990.9874,0
10993,169.11,15400.2431,16990.9874,0
10999,169.15,15400.2431,16990.9874,0
11000,169.15,15400.2431,16990.9874,0
11003,169.20,15400.2431,16990.9874,0
11004,169.24,15400.2431,16990.9874,0
11005,169.31,15400.2431,16990.9874,0
11010,169.36,15400.2431,16990.9874,0
11012,169.40,15400.2431,16990.9874,0
11019,169.45,15400.2431,16990.9874,0
11026,169.54,15400.2431,16990.9874,0
11027,169.54,15400.2431,16990.9874,0
11028,169.56,15400.2431,16990.9874,0
11029,169.56,15400.2431,16990.9874,0
11030,169.56,15400.2431,16990.9874,0
11031,169.56,15400.2431,16990.9874,0
11032,169.56,15400.2431,16990.9874,0
11035,169.58,15400.2431,16990.9874,0
11036,169.58,15400.2431,16990.9874,0
11037,169.58,15400.2431,16990.9874,0
11041,169.67,15400.2431,16990.9874,0
11043,169.69,15400.2431,16990.9874,0
11045,169.71,15400.2431,16990.9874,0
11047,169.74,15400.2431,16990.9874,0
11051,169.83,15400.2431,16990.9874,0
11053,169.84,15400.2431,16990.9874,0
11054,169.84,15400.2431,16990.9874,0
11056,169.84,15400.2431,16990.9874,0
11057,169.84,15400.2431,16990.9874,0
11058,169.84,15400.2431,16990.9874,0
11059,169.84,15400.2431,16990.9874,0
11060,169.84,15400.2431,16990.9874,0
11062,169.85,15400.2431,16990.9874,0
11063,169.85,15400.2431,16990.9874,0
11068,169.89,15400.2431,16990.9874,0
11074,169.92,15400.2431,16990.9874,0
11077,169.94,15400.2431,16990.9874,0
11080,169.95,15400.2431,16990.9874,0
11082,169.95,15400.2431,16990.9874,1
11083,169.98,14457.8352,16990.9874,0
11084,170.00,14469.8927,16990.9874,0
11085,170.01,14492.2378,16990.9874,0
11086,170.03,14492.2378,16990.9874,0
11087,170.04,14492.2378,16990.9874,0
11088,170.07,14713.1659,16990.9874,0
11089,170.08,14714.6265,16990.9874,0
11090,170.10,14714.6265,16990.9874,0
11091,170.12,14714.6265,16990.9874,0
11092,170.13,14714.6265,16990.9874,0
11093,170.15,14714.6265,16990.9874,0
11094,170.17,14714.6265,16990.9874,0
11095,170.18,14714.6265,16990.9874,0
11096,170.20,14714.6265,16990.9874,0
11097,170.22,14855.9845,16990.9874,0
11098,170.24,14855.9845,16990.9874,0
11101,170.39,14963.6338,16990.9874,0
11102,170.41,14966.2020,16990.9874,0
11103,170.43,15030.6517,16990.9874,0
11104,170.45,15110.4235,16990.9874,0
11106,170.47,15110.4235,16990.9874,0
11107,170.48,15110.4235,16990.9874,0
11108,170.52,15220.4103,16990.9874,0
11109,170.57,15220.4103,16990.9874,0
11114,170.69,15229.3948,16990.9874,0
11115,170.72,15345.6769,16990.9874,0
11119,170.82,15373.1767,16990.9874,0
11123,170.87,15384.3451,16990.9874,0
11124,170.95,15404.7506,16990.9874,0
11125,170.99,15404.7506,16990.9874,0
11128,171.08,15412.1036,16990.9874,0
11133,171.24,15412.1036,16990.9874,0
11136,171.35,15412.1036,16990.9874,0
11141,171.58,15412.1036,16990.9874,0
11145,171.70,15421.5087,16990.9874,0
11146,171.72,15421.5087,16990.9874,0
11147,171.77,15443.6389,16990.9874,0
11149,171.82,15443.6389,16990.9874,0
11155,172.05,15443.6389,16990.9874,0
11159,172.17,15443.6389,16990.9874,0
11164,172.23,15443.6389,16990.9874,0
11166,172.27,15443.6389,16990.9874,0
11172,172.41,15443.6389,16990.9874,0
11175,172.54,15443.6389,16990.9874,0
11179,172.58,15448.6829,16990.9874,0
11180,172.60,15448.6829,16990.9874,0
11181,172.62,15614.7839,16990.9874,0
11183,172.67,15616.5046,16990.9874,0
11186,172.69,15616.5046,16990.9874,0
11190,172.75,15616.5046,16990.9874,0
11193,172.85,15616.5046,16990.9874,0
11194,172.85,15616.5046,16990.9874,0
11195,172.89,15616.5046,16990.9874,0
11196,172.94,15646.3645,16990.9874,0
11207,173.28,15646.3645,16990.9874,0
11210,173.41,15646.3645,16990.9874,0
11212,173.47,15646.3645,16990.9874,0
11217,173.59,15646.3645,16990.9874,0
11218,173.61,15646.3645,16990.9874,0
11221,173.69,15646.3645,16990.9874,0
11233,173.92,15646.3645,16990.9874,0
11239,174.03,15646.3645,16990.9874,0
11242,174.09,15646.3645,16990.9874,0
11249,174.17,15646.3645,16990.9874,0
11251,174.17,15646.3645,16990.9874,0
11252,174.18,15646.3645,16990.9874,0
11257,174.27,15656.3951,16990.9874,0
11258,174.33,15656.3951,16990.9874,0
11260,174.40,15656.3951,16990.9874,0
11261,174.46,15943.2116,16990.9874,0
11263,174.57,15943.2116,16990.9874,0
11264,174.59,16003.3290,16990.9874,0
11265,174.61,16003.3290,16990.9874,0
11267,174.70,16003.3290,16990.9874,0
11268,174.73,16003.3290,16990.9874,0
11271,174.84,16003.3290,16990.9874,0
11277,174.99,16003.3290,16990.9874,0
11278,175.03,16023.1556,16990.9874,0
11279,175.05,16023.1556,16990.9874,0
11280,175.10,16023.1556,16990.9874,0
11281,175.15,16023.1556,16990.9874,0
11283,175.22,16037.9279,16990.9874,0
11284,175.24,16037.9279,16990.9874,0
11285,175.28,16054.1777,16990.9874,0
11289,175.45,16054.1777,16990.9874,0
11291,175.52,16054.1777,16990.9874,0
11292,175.57,16054.1777,16990.9874,0
11293,175.60,16112.0018,16990.9874,0
11296,175.72,16112.0018,16990.9874,0
11298,175.78,16112.0018,16990.9874,0
11300,175.84,16112.0018,16990.9874,0
11301,175.92,16151.6324,16990.9874,0
11302,175.94,16151.6324,16990.9874,0
11304,176.09,16153.4524,16990.9874,0
11305,176.13,16153.4524,16990.9874,0
11307,176.18,16153.4524,16990.9874,0
11308,176.21,16241.6213,16990.9874,0
11311,176.34,16299.4937,16990.9874,0
11351,177.19,16299.4937,16990.9874,0
11376,177.65,16301.2372,16990.9874,0
11381,177.81,16301.2372,16990.9874,0
11389,178.06,16301.2372,16990.9874,0
11390,178.06,16301.2372,16990.9874,0
11391,178.10,16315.8606,16990.9874,0
11394,178.26,16399.8518,16990.9874,0
11396,178.33,16399.8518,16990.9874,0
11397,178.38,16399.8518,16990.9874,0
11400,178.45,16434.1275,16990.9874,0
11402,178.52,16434.1275,16990.9874,0
11403,178.56,16434.1275,16990.9874,0
11404,178.58,16434.1275,16990.9874,0
11408,178.70,16434.1275,16990.9874,0
11410,178.72,16434.1275,16990.9874,0
11411,178.77,16434.1275,16990.9874,0
11413,178.85,16434.1275,16990.9874,0
11418,178.92,16434.1275,16990.9874,0
11421,178.96,16434.1275,16990.9874,0
11422,178.98,16434.1275,16990.9874,0
11423,179.00,16434.1275,16990.9874,0
11425,179.00,16434.1275,16990.9874,0
11426,179.00,16434.1275,16990.9874,0
11430,179.01,16434.1275,16990.9874,0
11432,179.12,16439.5393,16990.9874,0
11437,179.33,16514.3682,16990.9874,0
11440,179.41,16514.3682,16990.9874,0
11449,179.66,16514.9415,16990.9874,0
11450,179.68,16591.3927,16990.9874,0
11459,179.95,16591.3927,16990.9874,0
11470,180.14,16591.3927,16990.9874,0
11477,180.17,16591.3927,16990.9874,0
11480,180.18,16591.3927,16990.9874,0
11485,180.21,16591.3927,16990.9874,0
11498,180.29,16591.3927,16990.9874,0
11499,180.36,16591.3927,16990.9874,0
11502,180.36,16591.3927,16990.9874,0
11524,180.56,16591.3927,16990.9874,0
11528,180.58,16591.3927,16990.9874,0
11535,180.66,16591.3927,16990.9874,0
11541,180.67,16591.3927,16990.9874,0
11546,180.70,16591.3927,16990.9874,0
11550,180.72,16591.3927,16990.9874,0
11551,180.72,16591.3927,16990.9874,1
11552,180.76,13985.3701,16990.9874,0
11553,180.77,13996.0323,16990.9874,0
11554,180.79,14103.1979,16990.9874,0
11556,180.81,14103.1979,16990.9874,0
11557,180.83,14297.5979,16990.9874,0
11558,180.84,14297.5979,16990.9874,0
11559,180.87,14521.8557,16990.9874,0
11560,180.88,14521.8557,16990.9874,0
11561,180.90,14521.8557,16990.9874,0
11563,180.91,14521.8557,16990.9874,0
11564,180.93,14521.8557,16990.9874,0
11565,180.93,14521.8557,16990.9874,0
11566,180.95,14521.8557,16990.9874,0
11567,180.97,14521.8557,16990.9874,0
11568,180.99,14835.7983,16990.9874,0
11569,181.00,14835.7983,16990.9874,0
11570,181.02,14835.7983,16990.9874,0
11571,181.04,15162.9076,16990.9874,0
11572,181.05,15162.9076,16990.9874,0
11573,181.07,15242.5378,16990.9874,0
11574,181.09,15266.8318,16990.9874,0
11576,181.11,15302.7416,16990.9874,0
11579,181.13,15302.7416,16990.9874,0
11580,181.13,15302.7416,16990.9874,0
11581,181.14,15302.7416,16990.9874,0
11582,181.16,15302.7416,16990.9874,0
11583,181.16,15302.7416,16990.9874,0
11584,181.18,15302.7416,16990.9874,0
11585,181.19,15302.7416,16990.9874,0
11586,181.21,15356.4337,16990.9874,0
11588,181.24,15638.0857,16990.9874,0
11589,181.26,15638.0857,16990.9874,0
11592,181.31,15666.5105,16990.9874,0
11593,181.33,15666.5105,16990.9874,0
11594,181.35,15682.4355,16990.9874,0
11595,181.37,15682.4355,16990.9874,0
11596,181.38,15682.4355,16990.9874,0
11597,181.40,15682.4355,16990.9874,0
11598,181.42,15944.6586,16990.9874,0
11600,181.47,15974.8142,16990.9874,0
11601,181.52,15978.6810,16990.9874,0
11604,181.54,15983.0019,16990.9874,0
11607,181.56,15983.0019,16990.9874,0
11608,181.58,15983.0019,16990.9874,0
11609,181.59,15983.0019,16990.9874,0
11611,181.63,16098.6985,16990.9874,0
11612,181.65,16098.6985,16990.9874,0
11613,181.69,16210.7741,16990.9874,0
11615,181.72,16210.7741,16990.9874,0
11616,181.76,16210.7741,16990.9874,0
11617,181.81,16213.6853,16990.9874,0
11619,181.85,16213.6853,16990.9874,0
11620,181.94,16213.6853,16990.9874,0
11621,181.98,16213.6853,16990.9874,0
11622,182.00,16213.6853,16990.9874,0
11624,182.07,16230.0689,16990.9874,0
11625,182.10,16230.0689,16990.9874,0
11626,182.12,16240.0100,16990.9874,0
11627,182.14,16297.0484,16990.9874,0
11628,182.16,16297.0484,16990.9874,0
11629,182.18,16297.0484,16990.9874,0
11630,182.20,16450.9028,16990.9874,0
11631,182.22,16450.9028,16990.9874,0
11632,182.24,16458.7306,16990.9874,0
11633,182.34,16467.9693,16990.9874,0
11635,182.43,16467.9693,16990.9874,0
11636,182.47,16467.9693,16990.9874,0
11637,182.51,16467.9693,16990.9874,0
11638,182.53,16467.9693,16990.9874,0
11639,182.61,16467.9693,16990.9874,0
11646,182.64,16467.9693,16990.9874,0
11651,182.75,16467.9693,16990.9874,0
11652,182.82,16467.9693,16990.9874,0
11653,182.84,16467.9693,16990.9874,0
11655,182.86,16467.9693,16990.9874,0
11659,182.87,16467.9693,16990.9874,0
11661,182.89,16476.1235,16990.9874,0
11662,182.91,16476.1235,16990.9874,0
11664,182.94,16476.1235,16990.9874,0
11667,182.94,16476.1235,16990.9874,0
11671,183.04,16476.1235,16990.9874,0
11677,183.14,16476.1235,16990.9874,0
11679,183.16,16476.1235,16990.9874,0
11681,183.19,16476.1235,16990.9874,0
11683,183.26,16476.1235,16990.9874,0
11684,183.29,16476.1235,16990.9874,0
11689,183.34,16476.1235,16990.9874,0
11692,183.37,16476.1235,16990.9874,0
11693,183.39,16476.1235,16990.9874,0
11694,183.41,16499.2823,16990.9874,0
11696,183.45,16503.2605,16990.9874,0
11697,183.47,16503.2605,16990.9874,0
11698,183.49,16503.2605,16990.9874,0
11700,183.53,16575.5067,16990.9874,0
11703,183.57,16575.5067,16990.9874,0
11706,183.61,16575.5067,16990.9874,0
11707,183.63,16575.5067,16990.9874,0
11710,183.65,16575.5067,16990.9874,0
11711,183.67,16575.5067,16990.9874,0
11713,183.73,16575.5067,16990.9874,0
11718,183.80,16575.5067,16990.9874,0
11721,183.82,16575.5067,16990.9874,0
11724,183.84,16575.5067,16990.9874,0
11725,183.86,16575.5067,16990.9874,0
11727,183.86,16575.5067,16990.9874,0
11729,183.88,16575.5067,16990.9874,0
11730,183.89,16575.5067,16990.9874,0
11736,183.95,16575.5067,16990.9874,0
11737,183.97,16575.5067,16990.9874,0
11741,184.03,16575.5067,16990.9874,0
11742,184.03,16575.5067,16990.9874,0
11744,184.03,16575.5067,16990.9874,0
11745,184.04,16575.5067,16990.9874,0
11748,184.10,16575.5067,16990.9874,0
11751,184.10,16575.5067,16990.9874,0
11755,184.14,16575.5067,16990.9874,0
11758,184.21,16575.5067,16990.9874,0
11760,184.25,16575.5067,16990.9874,0
11764,184.29,16575.5067,16990.9874,0
11769,184.33,16575.5067,16990.9874,0
11772,184.35,16575.5067,16990.9874,0
11774,184.39,16575.5067,16990.9874,0
11775,184.39,16575.5067,16990.9874,0
11776,184.40,16575.5067,16990.9874,0
11779,184.40,16575.5067,16990.9874,0
11780,184.40,16575.5067,16990.9874,0
11781,184.40,16575.5067,16990.9874,0
11786,184.44,16575.5067,16990.9874,0
11792,184.52,16575.5067,16990.9874,0
11794,184.53,16575.5067,16990.9874,0
11795,184.53,16575.5067,16990.9874,0
11796,184.53,16575.5067,16990.9874,0
11801,184.57,16575.5067,16990.9874,1
11802,184.60,13862.5117,16990.9874,0
11803,184.61,13862.5117,16990.9874,0
11804,184.63,13862.5117,16990.9874,0
11805,184.64,13862.5117,16990.9874,0
11806,184.66,14094.1405,16990.9874,0
11807,184.67,14094.1405,16990.9874,0
11808,184.69,14319.9918,16990.9874,0
11810,184.71,14319.9918,16990.9874,0
11811,184.73,14319.9918,16990.9874,0
11812,184.74,14319.9918,16990.9874,0
11814,184.76,14322.1593,16990.9874,0
11816,184.78,14322.1593,16990.9874,0
11817,184.79,14322.1593,16990.9874,0
11818,184.81,14322.1593,16990.9874,0
11820,184.83,14322.1593,16990.9874,0
11821,184.84,14572.3129,16990.9874,0
11822,184.87,14910.5266,16990.9874,0
11823,184.88,14910.5266,16990.9874,0
11824,184.91,15113.6132,16990.9874,0
11825,184.93,15113.6132,16990.9874,0
11826,184.95,15113.6132,16990.9874,0
11827,184.97,15113.6132,16990.9874,0
11828,184.99,15113.6132,16990.9874,0
11830,185.01,15329.3311,16990.9874,0
11831,185.03,15329.3311,16990.9874,0
11832,185.06,15377.0609,16990.9874,0
11833,185.08,15377.0609,16990.9874,0
11837,185.20,15377.0609,16990.9874,0
11838,185.22,15377.0609,16990.9874,0
11839,185.24,15377.0609,16990.9874,0
11841,185.25,15377.0609,16990.9874,0
11846,185.31,15377.0609,16990.9874,0
11847,185.33,15377.0609,16990.9874,0
11848,185.35,15377.0609,16990.9874,0
11851,185.38,15377.0609,16990.9874,0
11853,185.40,15377.0609,16990.9874,0
11854,185.40,15377.0609,16990.9874,0
11855,185.40,15377.0609,16990.9874,0
11856,185.42,15377.0609,16990.9874,0
11857,185.42,15377.0609,16990.9874,0
11860,185.46,15377.0609,16990.9874,0
11867,185.56,15377.0609,16990.9874,0
11868,185.56,15377.0609,16990.9874,0
11870,185.58,15377.0609,16990.9874,0
11874,185.62,15377.0609,16990.9874,0
11875,185.63,15377.0609,16990.9874,0
11878,185.65,15377.0609,16990.9874,0
11883,185.69,15377.0609,16990.9874,0
11884,185.71,15377.0609,16990.9874,0
11887,185.73,15377.0609,16990.9874,0
11889,185.75,15377.0609,16990.9874,0
11890,185.75,15377.0609,16990.9874,0
11892,185.78,15377.0609,16990.9874,0
11898,185.81,15377.0609,16990.9874,0
11900,185.83,15377.0609,16990.9874,0
11902,185.86,15377.0609,16990.9874,0
11904,185.86,15377.0609,16990.9874,0
11906,185.88,15377.0609,16990.9874,0
11909,185.91,15377.0609,16990.9874,0
11912,185.95,15377.0609,16990.9874,0
11913,185.95,15377.0609,16990.9874,0
11916,185.96,15377.0609,16990.9874,0
11918,185.98,15377.0609,16990.9874,0
11920,186.00,15377.0609,16990.9874,0
11922,186.02,15377.0609,16990.9874,0
11923,186.02,15377.0609,16990.9874,0
11924,186.03,15377.0609,16990.9874,0
11925,186.04,15377.0609,16990.9874,0
11927,186.05,15377.0609,16990.9874,0
11929,186.08,15377.0609,16990.9874,0
11931,186.10,15377.0609,16990.9874,0
11932,186.12,15377.0609,16990.9874,0
11933,186.12,15377.0609,16990.9874,1
11934,186.16,12482.6245,16990.9874,0
11935,186.17,12482.6245,16990.9874,0
11936,186.21,12623.4785,16990.9874,0
11937,186.23,12649.8185,16990.9874,0
11938,186.24,12649.8185,16990.9874,0
11939,186.26,12649.8185,16990.9874,0
11940,186.28,12649.8185,16990.9874,0
11942,186.29,12649.8185,16990.9874,0
11943,186.30,12649.8185,16990.9874,0
11945,186.32,12649.8185,16990.9874,0
11946,186.33,12652.4832,16990.9874,0
11947,186.35,12719.3593,16990.9874,0
11948,186.36,12721.4151,16990.9874,0
11949,186.38,12721.4151,16990.9874,0
11950,186.39,12721.4151,16990.9874,0
11952,186.41,12721.4151,16990.9874,0
11953,186.42,12721.4151,16990.9874,0
11955,186.44,12721.4151,16990.9874,0
11956,186.44,12721.4151,16990.9874,0
11957,186.46,12962.2329,16990.9874,0
11958,186.47,12962.2329,16990.9874,0
11959,186.48,12962.2329,16990.9874,0
11962,186.50,12993.0829,16990.9874,0
11963,186.52,13201.5068,16990.9874,0
11964,186.53,13201.5068,16990.9874,0
11965,186.55,13201.5068,16990.9874,0
11966,186.56,13201.5068,16990.9874,0
11967,186.58,13201.5068,16990.9874,0
11968,186.59,13201.5068,16990.9874,0
11969,186.60,13201.5068,16990.9874,0
11970,186.61,13201.5068,16990.9874,0
11971,186.63,13201.5068,16990.9874,0
11972,186.64,13201.5068,16990.9874,0
11973,186.65,13201.5068,16990.9874,0
11974,186.68,13442.0766,16990.9874,0
11976,186.70,13442.0766,16990.9874,0
11977,186.71,13523.0700,16990.9874,0
11978,186.73,13523.0700,16990.9874,0
11979,186.74,13523.0700,16990.9874,0
11980,186.76,13687.3375,16990.9874,0
11983,186.79,13687.3375,16990.9874,0
11984,186.81,13687.3375,16990.9874,0
11993,186.90,13687.3375,16990.9874,0
11994,186.90,13687.3375,16990.9874,0
11995,186.92,13687.3375,16990.9874,0
11996,186.93,13749.3193,16990.9874,0
11997,186.95,13749.3193,16990.9874,0
11999,186.96,13751.9709,16990.9874,0
12000,186.98,13751.9709,16990.9874,0
12001,186.99,13751.9709,16990.9874,0
12002,187.00,13751.9709,16990.9874,0
12003,187.02,13751.9709,16990.9874,0
12004,187.03,13752.5436,16990.9874,0
12005,187.05,13752.5436,16990.9874,0
12006,187.06,13752.5436,16990.9874,0
12007,187.06,13752.5436,16990.9874,0
12008,187.08,13752.5436,16990.9874,0
12009,187.09,13752.5436,16990.9874,0
12010,187.11,13752.5436,16990.9874,0
12011,187.12,13752.5436,16990.9874,0
12012,187.13,13752.5436,16990.9874,0
12013,187.15,13756.9187,16990.9874,0
12014,187.16,13756.9187,16990.9874,0
12015,187.16,13756.9187,16990.9874,0
12017,187.18,13927.0328,16990.9874,0
12018,187.19,13927.0328,16990.9874,0
12019,187.21,14007.9094,16990.9874,0
12024,187.26,14007.9094,16990.9874,0
12025,187.28,14007.9094,16990.9874,0
12027,187.31,14007.9094,16990.9874,0
12031,187.36,14032.0200,16990.9874,0
12032,187.38,14075.2084,16990.9874,0
12034,187.40,14075.2084,16990.9874,0
12035,187.41,14075.2084,16990.9874,0
12038,187.43,14075.2084,16990.9874,0
12039,187.44,14075.2084,16990.9874,0
12040,187.46,14075.2084,16990.9874,0
12041,187.47,14075.2084,16990.9874,0
12043,187.48,14075.2084,16990.9874,0
12047,187.50,14235.5482,16990.9874,0
12051,187.57,14262.1200,16990.9874,0
12052,187.59,14262.1200,16990.9874,0
12053,187.60,14418.2150,16990.9874,0
12054,187.62,14570.2710,16990.9874,0
12055,187.64,14570.2710,16990.9874,0
12057,187.66,14570.2710,16990.9874,0
12058,187.66,14570.2710,16990.9874,0
12059,187.67,14570.2710,16990.9874,0
12063,187.77,14570.2710,16990.9874,0
12064,187.77,14570.2710,16990.9874,0
12066,187.80,14570.2710,16990.9874,0
12067,187.81,14570.2710,16990.9874,0
12068,187.82,14576.6764,16990.9874,0
12069,187.84,14576.6764,16990.9874,0
12070,187.86,14576.6764,16990.9874,0
12072,187.86,14576.6764,16990.9874,0
12074,187.86,14576.6764,16990.9874,0
12076,187.87,14576.6764,16990.9874,0
12079,187.88,14576.6764,16990.9874,0
12080,187.90,14623.7577,16990.9874,0
12083,187.94,14623.7577,16990.9874,0
12087,187.96,14623.7577,16990.9874,0
12088,187.96,14623.7577,16990.9874,0
12089,187.98,14624.8926,16990.9874,0
12090,187.99,14624.8926,16990.9874,0
12091,188.01,14624.8926,16990.9874,0
12092,188.01,14624.8926,16990.9874,0
12093,188.03,14624.8926,16990.9874,0
12094,188.04,14624.8926,16990.9874,0
12095,188.06,14624.8926,16990.9874,0
12096,188.07,14624.8926,16990.9874,0
12097,188.09,14624.8926,16990.9874,0
12099,188.11,14752.3203,16990.9874,0
12100,188.13,14752.3203,16990.9874,0
12101,188.16,14823.6642,16990.9874,0
12102,188.18,14823.6642,16990.9874,0
12103,188.21,14823.6642,16990.9874,0
12106,188.24,14823.6642,16990.9874,0
12109,188.28,14823.6642,16990.9874,0
12111,188.30,14823.6642,16990.9874,0
12113,188.33,14823.6642,16990.9874,0
12115,188.34,14823.6642,16990.9874,0
12117,188.36,14823.6642,16990.9874,0
12118,188.36,14823.6642,16990.9874,0
12119,188.37,14823.6642,16990.9874,0
12122,188.38,14823.6642,16990.9874,0
12127,188.44,14823.6642,16990.9874,0
12128,188.44,14823.6642,16990.9874,0
12129,188.46,14823.6642,16990.9874,0
12131,188.46,14823.6642,16990.9874,0
12132,188.46,14823.6642,16990.9874,0
12134,188.48,14823.6642,16990.9874,0
12136,188.50,14823.6642,16990.9874,0
12137,188.50,14823.6642,16990.9874,0
12138,188.50,14823.6642,16990.9874,0
12141,188.51,14823.6642,16990.9874,0
12144,188.53,14823.6642,16990.9874,0
12145,188.54,14823.6642,16990.9874,0
12147,188.58,14823.6642,16990.9874,0
12149,188.58,14823.6642,16990.9874,0
12152,188.58,14823.6642,16990.9874,0
12153,188.58,14823.6642,16990.9874,0
12154,188.58,14823.6642,16990.9874,0
12157,188.60,14823.6642,16990.9874,0
12158,188.60,14823.6642,16990.9874,0
12161,188.65,14823.6642,16990.9874,0
12164,188.68,14823.6642,16990.9874,0
12165,188.68,14823.6642,16990.9874,0
12167,188.69,14823.6642,16990.9874,0
12172,188.74,14823.6642,16990.9874,0
12173,188.74,14823.6642,16990.9874,0
12177,188.78,14823.6642,16990.9874,0
12179,188.79,14823.6642,16990.9874,0
12181,188.81,14823.6642,16990.9874,0
12183,188.83,14823.6642,16990.9874,0
12184,188.83,14823.6642,16990.9874,0
12185,188.83,14823.6642,16990.9874,0
12186,188.84,14823.6642,16990.9874,0
12188,188.84,14823.6642,16990.9874,0
12189,188.84,14823.6642,16990.9874,0
12192,188.88,14823.6642,16990.9874,0
12194,188.90,14823.6642,16990.9874,0
12196,188.90,14823.6642,16990.9874,0
12197,188.91,14823.6642,16990.9874,0
12198,188.91,14823.6642,16990.9874,0
12199,188.91,14823.6642,16990.9874,0
12202,188.95,14823.6642,16990.9874,1
12203,188.98,14669.7858,16990.9874,0
12204,189.01,14669.7858,16990.9874,0
12205,189.03,14695.5829,16990.9874,0
12206,189.05,14717.2626,16990.9874,0
12207,189.07,14717.2626,16990.9874,0
12208,189.09,14717.2626,16990.9874,0
12209,189.09,14717.2626,16990.9874,0
12211,189.10,14717.2626,16990.9874,0
12212,189.10,14717.2626,16990.9874,0
12216,189.16,14717.2626,16990.9874,0
12219,189.20,14717.2626,16990.9874,0
12221,189.23,14717.2626,16990.9874,0
12223,189.25,14717.2626,16990.9874,0
12228,189.31,14717.2626,16990.9874,0
12229,189.33,14717.2626,16990.9874,0
12231,189.35,14717.2626,16990.9874,0
12233,189.37,14717.2626,16990.9874,0
12235,189.41,14717.2626,16990.9874,0
12237,189.42,14717.2626,16990.9874,0
12240,189.46,14717.2626,16990.9874,0
12241,189.46,14717.2626,16990.9874,0
12242,189.46,14717.2626,16990.9874,0
12244,189.48,14717.2626,16990.9874,0
12246,189.50,14717.2626,16990.9874,0
12249,189.53,14717.2626,16990.9874,0
12250,189.54,14717.2626,16990.9874,0
12254,189.58,14717.2626,16990.9874,0
12258,189.62,14717.2626,16990.9874,0
12259,189.62,14717.2626,16990.9874,0
12260,189.62,14717.2626,16990.9874,0
12262,189.64,14717.2626,16990.9874,0
12263,189.65,14717.2626,16990.9874,0
12265,189.66,14717.2626,16990.9874,0
12266,189.67,14717.2626,16990.9874,0
12268,189.68,14717.2626,16990.9874,0
12269,189.69,14717.2626,16990.9874,0
12270,189.69,14717.2626,16990.9874,0
12271,189.69,14717.2626,16990.9874,0
12274,189.70,14717.2626,16990.9874,0
12275,189.70,14717.2626,16990.9874,0
12276,189.71,14717.2626,16990.9874,0
12282,189.77,14717.2626,16990.9874,0
12283,189.77,14717.2626,16990.9874,0
12284,189.77,14717.2626,16990.9874,0
12285,189.78,14717.2626,16990.9874,0
12287,189.82,14809.9607,16990.9874,0
12291,189.86,14809.9607,16990.9874,0
12294,189.88,14809.9607,16990.9874,0
12297,189.92,14809.9607,16990.9874,0
12299,189.96,14809.9607,16990.9874,0
12300,189.96,14809.9607,16990.9874,0
12305,190.05,14809.9607,16990.9874,0
12307,190.05,14809.9607,16990.9874,0
12309,190.07,14809.9607,16990.9874,0
12310,190.07,14809.9607,16990.9874,0
12313,190.10,14809.9607,16990.9874,0
12315,190.11,14809.9607,16990.9874,0
12318,190.12,14809.9607,16990.9874,0
12323,190.18,14809.9607,16990.9874,0
12325,190.21,14809.9607,16990.9874,0
12328,190.21,14809.9607,16990.9874,0
12333,190.27,14809.9607,16990.9874,0
12334,190.27,14809.9607,16990.9874,0
12335,190.28,14809.9607,16990.9874,0
12337,190.28,14809.9607,16990.9874,0
12338,190.28,14809.9607,16990.9874,0
12340,190.28,14809.9607,16990.9874,0
12341,190.28,14809.9607,16990.9874,0
12342,190.29,14809.9607,16990.9874,0
12343,190.30,14813.6438,16990.9874,0
12345,190.32,14813.6438,16990.9874,0
12346,190.34,14813.6438,16990.9874,0
12347,190.34,14813.6438,16990.9874,0
12349,190.37,14813.6438,16990.9874,0
12351,190.38,14813.6438,16990.9874,0
12352,190.39,14813.6438,16990.9874,0
12355,190.40,14813.6438,16990.9874,0
12356,190.40,14813.6438,16990.9874,0
12357,190.40,14813.6438,16990.9874,0
12358,190.41,14813.6438,16990.9874,0
12361,190.45,14813.6438,16990.9874,0
12363,190.47,14813.6438,16990.9874,0
12365,190.50,14813.6438,16990.9874,0
12366,190.52,14813.6438,16990.9874,0
12367,190.52,14813.6438,16990.9874,0
12368,190.52,14813.6438,16990.9874,0
12369,190.53,14813.6438,16990.9874,0
12371,190.55,14813.6438,16990.9874,0
12372,190.55,14813.6438,16990.9874,0
12374,190.57,14813.6438,16990.9874,0
12375,190.59,14813.6438,16990.9874,0
12378,190.61,14813.6438,16990.9874,0
12379,190.63,14813.6438,16990.9874,0
12384,190.69,14813.6438,16990.9874,0
12385,190.70,14813.6438,16990.9874,0
12386,190.70,14813.6438,16990.9874,0
12387,190.70,14813.6438,16990.9874,0
12389,190.71,14813.6438,16990.9874,0
12392,190.75,14813.6438,16990.9874,0
12397,190.79,14813.6438,16990.9874,0
12398,190.79,14813.6438,16990.9874,0
12400,190.81,14813.6438,16990.9874,0
12402,190.83,14813.6438,16990.9874,0
12403,190.84,14813.6438,16990.9874,0
12405,190.86,14813.6438,16990.9874,0
12407,190.88,14813.6438,16990.9874,0
12408,190.88,14813.6438,16990.9874,0
12411,190.90,14813.6438,16990.9874,0
12413,190.90,14813.6438,16990.9874,0
12414,190.90,14813.6438,16990.9874,0
12418,190.94,14813.6438,16990.9874,0
12419,190.94,14813.6438,16990.9874,0
12420,190.94,14813.6438,16990.9874,0
12425,190.97,14813.6438,16990.9874,0
12427,190.98,14813.6438,16990.9874,0
12429,191.00,14813.6438,16990.9874,0
12430,191.01,14813.6438,16990.9874,0
12431,191.01,14813.6438,16990.9874,0
12436,191.08,14813.6438,16990.9874,0
12437,191.09,14813.6438,16990.9874,0
12439,191.09,14813.6438,16990.9874,0
12440,191.10,14813.6438,16990.9874,0
12441,191.10,14813.6438,16990.9874,0
12444,191.12,14813.6438,16990.9874,1
12445,191.15,14534.3850,16990.9874,0
12446,191.17,14534.3850,16990.9874,0
12447,191.19,14667.5928,16990.9874,0
12448,191.21,14667.5928,16990.9874,0
12449,191.25,14695.6282,16990.9874,0
12450,191.27,14695.6282,16990.9874,0
12451,191.29,14695.6282,16990.9874,0
12453,191.31,14695.6282,16990.9874,0
12454,191.33,14717.3079,16990.9874,0
12455,191.35,14717.3079,16990.9874,0
12458,191.39,14717.3079,16990.9874,0
12459,191.42,14717.3079,16990.9874,0
12460,191.45,14717.3079,16990.9874,0
12465,191.47,14717.3079,16990.9874,0
12468,191.50,14717.3079,16990.9874,0
12469,191.50,14717.3079,16990.9874,0
12471,191.50,14717.3079,16990.9874,0
12473,191.54,14810.1737,16990.9874,0
12474,191.56,14810.1737,16990.9874,0
12475,191.57,14810.1737,16990.9874,0
12477,191.59,14810.1737,16990.9874,0
12478,191.59,14810.1737,16990.9874,0
12481,191.61,14810.1737,16990.9874,0
12483,191.61,14810.1737,16990.9874,0
12484,191.63,14810.1737,16990.9874,0
12485,191.65,14810.1737,16990.9874,0
12486,191.65,14810.1737,16990.9874,0
12487,191.67,14810.1737,16990.9874,0
12488,191.67,14810.1737,16990.9874,0
12491,191.69,14810.1737,16990.9874,0
12493,191.72,14810.1737,16990.9874,0
12499,191.78,14810.1737,16990.9874,0
12500,191.81,14810.1737,16990.9874,0
12501,191.81,14810.1737,16990.9874,0
12502,191.81,14810.1737,16990.9874,0
12503,191.81,14810.1737,16990.9874,0
12505,191.83,14810.1737,16990.9874,0
12508,191.85,14810.1737,16990.9874,0
12509,191.86,14810.1737,16990.9874,0
12511,191.87,14810.1737,16990.9874,0
12512,191.88,14810.1737,16990.9874,0
12513,191.88,14810.1737,16990.9874,0
12514,191.88,14810.1737,16990.9874,0
12515,191.88,14810.1737,16990.9874,0
12516,191.88,14810.1737,16990.9874,0
12520,191.92,14810.1737,16990.9874,0
12522,191.94,14810.1737,16990.9874,0
12523,191.95,14810.1737,16990.9874,0
12524,191.95,14810.1737,16990.9874,0
12526,191.98,14810.1737,16990.9874,0
12527,191.98,14810.1737,16990.9874,0
12528,191.98,14810.1737,16990.9874,0
12529,191.98,14810.1737,16990.9874,0
12530,191.98,14810.1737,16990.9874,0
12532,191.98,14810.1737,16990.9874,0
12535,192.00,14810.1737,16990.9874,0
12537,192.00,14810.1737,16990.9874,0
12541,192.02,14810.1737,16990.9874,0
12543,192.03,14810.1737,16990.9874,0
12544,192.04,14810.1737,16990.9874,0
12545,192.04,14810.1737,16990.9874,0
12546,192.04,14810.1737,16990.9874,0
12547,192.04,14810.1737,16990.9874,0
12549,192.07,14810.1737,16990.9874,0
12552,192.10,14810.1737,16990.9874,0
12555,192.11,14810.1737,16990.9874,0
12556,192.11,14810.1737,16990.9874,0
12558,192.14,14810.1737,16990.9874,0
12559,192.14,14810.1737,16990.9874,0
12562,192.19,14810.1737,16990.9874,0
12564,192.19,14810.1737,16990.9874,0
12569,192.23,14810.1737,16990.9874,0
12570,192.24,14810.1737,16990.9874,0
12573,192.25,14810.1737,16990.9874,0
12574,192.25,14810.1737,16990.9874,1
12575,192.28,14670.0161,16990.9874,0
12578,192.34,14670.0161,16990.9874,0
12580,192.37,14670.0161,16990.9874,0
12584,192.43,14670.0161,16990.9874,0
12586,192.45,14670.0161,16990.9874,0
12590,192.52,14670.0161,16990.9874,0
12591,192.54,14670.0161,16990.9874,0
12594,192.56,14670.0161,16990.9874,0
12595,192.57,14673.3391,16990.9874,0
12602,192.67,14706.3412,16990.9874,0
12603,192.69,14730.4808,16990.9874,0
12604,192.71,14730.4808,16990.9874,0
12605,192.71,14730.4808,16990.9874,0
12606,192.71,14730.4808,16990.9874,0
12608,192.73,14730.4808,16990.9874,0
12609,192.74,14840.7132,16990.9874,0
12610,192.77,14985.6331,16990.9874,0
12613,192.88,14985.6331,16990.9874,0
12614,192.89,14985.6331,16990.9874,0
12615,192.90,14985.6331,16990.9874,0
12616,192.91,14985.6331,16990.9874,0
12617,192.93,14985.6331,16990.9874,0
12621,192.97,14985.6331,16990.9874,0
12622,192.99,14985.6331,16990.9874,0
12624,193.01,14985.6331,16990.9874,0
12625,193.01,14985.6331,16990.9874,0
12628,193.07,14985.6331,16990.9874,0
12629,193.09,14985.6331,16990.9874,0
12636,193.18,14985.6331,16990.9874,0
12639,193.20,14985.6331,16990.9874,0
12641,193.20,14985.6331,16990.9874,0
12642,193.20,14985.6331,16990.9874,0
12645,193.24,14985.6331,16990.9874,0
12647,193.24,14985.6331,16990.9874,0
12648,193.24,14985.6331,16990.9874,0
12649,193.24,14985.6331,16990.9874,0
12651,193.28,14985.6331,16990.9874,0
12652,193.30,14985.6331,16990.9874,0
12655,193.34,14985.6331,16990.9874,0
12656,193.34,14985.6331,16990.9874,0
12657,193.35,14985.6331,16990.9874,0
12660,193.39,14985.6331,16990.9874,0
12661,193.39,14985.6331,16990.9874,0
12662,193.39,14985.6331,16990.9874,0
12663,193.40,14985.6331,16990.9874,0
12664,193.40,14985.6331,16990.9874,0
12665,193.40,14985.6331,16990.9874,0
12666,193.40,14985.6331,16990.9874,0
12667,193.40,14985.6331,16990.9874,0
12668,193.40,14985.6331,16990.9874,0
12671,193.42,14985.6331,16990.9874,0
12673,193.44,14985.6331,16990.9874,0
12675,193.45,14985.6331,16990.9874,0
12679,193.49,14985.6331,16990.9874,0
12681,193.51,14985.6331,16990.9874,0
12682,193.52,14985.6331,16990.9874,0
12683,193.53,14985.6331,16990.9874,0
12684,193.53,14985.6331,16990.9874,0
12685,193.53,14985.6331,16990.9874,0
12686,193.53,14985.6331,16990.9874,0
12687,193.53,14985.6331,16990.9874,0
12688,193.53,14985.6331,16990.9874,0
12690,193.55,14985.6331,16990.9874,0
12698,193.64,14985.6331,16990.9874,0
12701,193.64,14985.6331,16990.9874,0
12703,193.66,14985.6331,16990.9874,0
12706,193.68,14985.6331,16990.9874,0
12707,193.68,14985.6331,16990.9874,0
12708,193.69,14985.6331,16990.9874,0
12709,193.70,14985.6331,16990.9874,0
12710,193.70,14985.6331,16990.9874,0
12711,193.70,14985.6331,16990.9874,1
12712,193.74,14388.5095,16990.9874,0
12713,193.75,14401.2884,16990.9874,0
12714,193.77,14401.2884,16990.9874,0
12716,193.79,14401.2884,16990.9874,0
12717,193.80,14401.2884,16990.9874,0
12719,193.82,14516.1348,16990.9874,0
12721,193.85,14516.1348,16990.9874,0
12722,193.86,14516.1348,16990.9874,0
12723,193.88,14660.1806,16990.9874,0
12724,193.90,14660.1806,16990.9874,0
12725,193.92,14843.9523,16990.9874,0
12726,193.94,14860.5042,16990.9874,0
12731,194.00,14860.5042,16990.9874,0
12735,194.08,14860.5042,16990.9874,0
12737,194.11,14860.5042,16990.9874,0
12738,194.13,14860.5042,16990.9874,0
12740,194.14,14860.5042,16990.9874,0
12741,194.16,14860.5042,16990.9874,0
12742,194.17,14860.5042,16990.9874,0
12743,194.19,14860.5042,16990.9874,0
12747,194.21,14860.5042,16990.9874,0
12748,194.21,14860.5042,16990.9874,0
12749,194.21,14860.5042,16990.9874,0
12750,194.23,14860.5042,16990.9874,0
12754,194.29,14869.4189,16990.9874,0
12755,194.29,14869.4189,16990.9874,0
12756,194.31,14869.4189,16990.9874,0
12764,194.45,14869.4189,16990.9874,0
12766,194.49,14869.4189,16990.9874,0
12767,194.51,14869.4189,16990.9874,0
12782,194.65,14869.4189,16990.9874,0
12783,194.66,14869.4189,16990.9874,0
12785,194.68,14883.3136,16990.9874,0
12787,194.72,14883.3136,16990.9874,0
12788,194.76,14883.3136,16990.9874,0
12792,194.84,14883.3136,16990.9874,0
12793,194.86,14883.3136,16990.9874,0
12796,194.90,14883.3136,16990.9874,0
12797,194.92,14883.3136,16990.9874,0
12798,194.94,14883.3136,16990.9874,0
12801,194.98,14883.3136,16990.9874,0
12802,195.00,14883.3136,16990.9874,0
12803,195.02,14883.3136,16990.9874,0
12804,195.05,14883.3136,16990.9874,0
12805,195.07,14883.3136,16990.9874,0
12806,195.09,14888.1406,16990.9874,0
12807,195.11,14888.1406,16990.9874,0
12808,195.11,14888.1406,16990.9874,0
12809,195.14,14888.1406,16990.9874,0
12810,195.16,14888.1406,16990.9874,0
12811,195.19,14888.1406,16990.9874,0
12813,195.23,14888.1406,16990.9874,0
12815,195.26,14888.1406,16990.9874,0
12816,195.27,14888.1406,16990.9874,0
12818,195.28,14888.1406,16990.9874,0
12819,195.30,14888.1406,16990.9874,0
12821,195.31,14888.1406,16990.9874,0
12824,195.31,14888.1406,16990.9874,0
12825,195.33,14891.1521,16990.9874,0
12826,195.35,14891.1521,16990.9874,0
12828,195.37,14891.1521,16990.9874,0
12830,195.39,14891.1521,16990.9874,0
12831,195.40,14891.1521,16990.9874,0
12832,195.40,14891.1521,16990.9874,0
12833,195.40,14891.1521,16990.9874,0
12839,195.49,14891.1521,16990.9874,0
12840,195.49,14891.1521,16990.9874,0
12842,195.50,14891.1521,16990.9874,0
12847,195.51,14891.1521,16990.9874,0
12848,195.51,14891.1521,16990.9874,0
12849,195.53,14891.1521,16990.9874,0
12850,195.55,14891.1521,16990.9874,0
12851,195.56,14891.1521,16990.9874,0
12852,195.56,14891.1521,16990.9874,0
12854,195.56,14891.1521,16990.9874,0
12855,195.56,14891.1521,16990.9874,0
12856,195.58,14891.1521,16990.9874,0
12857,195.60,14891.1521,16990.9874,0
12859,195.62,14891.1521,16990.9874,0
12861,195.66,14891.1521,16990.9874,0
12866,195.70,14891.1521,16990.9874,0
12868,195.73,14891.1521,16990.9874,0
12869,195.74,14891.1521,16990.9874,0
12870,195.74,14891.1521,16990.9874,0
12876,195.79,14891.1521,16990.9874,0
12879,195.82,14891.1521,16990.9874,0
12883,195.84,14891.1521,16990.9874,0
12884,195.85,14891.1521,16990.9874,0
12885,195.87,14891.1521,16990.9874,0
12887,195.88,14891.1521,16990.9874,0
12889,195.89,14891.1521,16990.9874,0
12894,195.91,14891.1521,16990.9874,0
12896,195.94,14891.1521,16990.9874,0
12897,195.95,14891.1521,16990.9874,0
12900,195.98,14891.1521,16990.9874,0
12901,195.98,14891.1521,16990.9874,0
12905,196.01,14891.1521,16990.9874,0
12906,196.01,14891.1521,16990.9874,0
12907,196.03,14891.1521,16990.9874,0
12912,196.05,14891.1521,16990.9874,0
12914,196.07,15031.9793,16990.9874,0
12915,196.09,15031.9793,16990.9874,0
12916,196.11,15031.9793,16990.9874,0
12920,196.21,15031.9793,16990.9874,0
12921,196.23,15031.9793,16990.9874,0
12922,196.24,15031.9793,16990.9874,0
12924,196.25,15031.9793,16990.9874,0
12928,196.25,15031.9793,16990.9874,0
12930,196.27,15031.9793,16990.9874,0
12931,196.30,15031.9793,16990.9874,0
12935,196.31,15031.9793,16990.9874,0
12937,196.33,15031.9793,16990.9874,0
12938,196.33,15031.9793,16990.9874,0
12940,196.34,15031.9793,16990.9874,0
12943,196.37,15031.9793,16990.9874,0
12944,196.37,15031.9793,16990.9874,0
12947,196.39,15031.9793,16990.9874,0
12951,196.42,15031.9793,16990.9874,0
12952,196.43,15031.9793,16990.9874,0
12954,196.44,15031.9793,16990.9874,0
12955,196.45,15031.9793,16990.9874,0
12957,196.46,15031.9793,16990.9874,0
12958,196.48,15031.9793,16990.9874,0
12960,196.50,15031.9793,16990.9874,0
12961,196.50,15031.9793,16990.9874,0
12962,196.52,15031.9793,16990.9874,0
12964,196.54,15031.9793,16990.9874,0
12965,196.54,15031.9793,16990.9874,0
12966,196.54,15031.9793,16990.9874,0
12968,196.55,15031.9793,16990.9874,0
12970,196.56,15031.9793,16990.9874,0
12972,196.57,15031.9793,16990.9874,0
12973,196.58,15031.9793,16990.9874,0
12976,196.61,15031.9793,16990.9874,0
12977,196.61,15031.9793,16990.9874,0
12978,196.63,15031.9793,16990.9874,0
12980,196.63,15031.9793,16990.9874,0
12981,196.63,15031.9793,16990.9874,0
12983,196.63,15031.9793,16990.9874,0
12986,196.65,15031.9793,16990.9874,0
12987,196.65,15031.9793,16990.9874,0
12989,196.65,15031.9793,16990.9874,0
12990,196.65,15031.9793,16990.9874,0
12992,196.67,15031.9793,16990.9874,0
12993,196.67,15031.9793,16990.9874,0
12995,196.68,15031.9793,16990.9874,0
12999,196.73,15031.9793,16990.9874,0
13000,196.73,15031.9793,16990.9874,0
13003,196.74,15031.9793,16990.9874,0
13004,196.74,15031.9793,16990.9874,0
13005,196.74,15031.9793,16990.9874,0
13007,196.75,15031.9793,16990.9874,0
13008,196.76,15031.9793,16990.9874,0
13010,196.76,15031.9793,16990.9874,0
13013,196.78,15031.9793,16990.9874,0
13014,196.78,15031.9793,16990.9874,0
13015,196.78,15031.9793,16990.9874,1
13016,196.81,14368.0029,16990.9874,0
13017,196.83,14368.0029,16990.9874,0
13018,196.85,14567.8063,16990.9874,0
13021,196.91,14829.1359,16990.9874,0
13022,196.93,14829.1359,16990.9874,0
13023,196.95,14829.1359,16990.9874,0
13025,196.97,14829.1359,16990.9874,0
13026,196.99,14910.2903,16990.9874,0
13027,197.01,14910.2903,16990.9874,0
13028,197.03,14910.2903,16990.9874,0
13029,197.05,14910.2903,16990.9874,0
13030,197.08,15049.9222,16990.9874,0
13031,197.09,15049.9222,16990.9874,0
13032,197.12,15049.9222,16990.9874,0
13033,197.12,15049.9222,16990.9874,0
13034,197.14,15049.9222,16990.9874,0
13035,197.15,15049.9222,16990.9874,0
13036,197.17,15049.9222,16990.9874,0
13037,197.19,15049.9222,16990.9874,0
13039,197.23,15049.9222,16990.9874,0
13041,197.23,15049.9222,16990.9874,0
13044,197.28,15100.7999,16990.9874,0
13045,197.32,15100.7999,16990.9874,0
13046,197.34,15100.7999,16990.9874,0
13050,197.43,15100.7999,16990.9874,0
13051,197.45,15100.7999,16990.9874,0
13055,197.49,15100.7999,16990.9874,0
13056,197.49,15100.7999,16990.9874,0
13061,197.53,15100.7999,16990.9874,0
13062,197.53,15100.7999,16990.9874,0
13064,197.56,15100.7999,16990.9874,0
13066,197.57,15100.7999,16990.9874,0
13068,197.58,15100.7999,16990.9874,0
13069,197.59,15100.7999,16990.9874,0
13073,197.62,15100.7999,16990.9874,0
13079,197.67,15100.7999,16990.9874,0
13081,197.68,15100.7999,16990.9874,0
13082,197.70,15100.7999,16990.9874,0
13083,197.71,15100.7999,16990.9874,0
13084,197.71,15100.7999,16990.9874,0
13086,197.74,15100.7999,16990.9874,0
13090,197.76,15100.7999,16990.9874,0
13092,197.77,15100.7999,16990.9874,0
13093,197.77,15100.7999,16990.9874,0
13097,197.78,15100.7999,16990.9874,0
13098,197.78,15100.7999,16990.9874,0
13099,197.78,15100.7999,16990.9874,0
13100,197.79,15100.7999,16990.9874,0
13102,197.81,15100.7999,16990.9874,0
13103,197.81,15100.7999,16990.9874,0
13104,197.81,15100.7999,16990.9874,0
13106,197.82,15100.7999,16990.9874,0
13107,197.82,15100.7999,16990.9874,0
13112,197.85,15100.7999,16990.9874,0
13113,197.85,15100.7999,16990.9874,0
13115,197.86,15100.7999,16990.9874,0
13117,197.86,15100.7999,16990.9874,0
13118,197.88,15100.7999,16990.9874,0
13119,197.88,15100.7999,16990.9874,0
13125,197.90,15100.7999,16990.9874,0
13127,197.93,15120.9231,16990.9874,0
13129,198.03,15120.9231,16990.9874,0
13131,198.05,15120.9231,16990.9874,0
13132,198.08,15126.1090,16990.9874,0
13134,198.14,15210.6915,16990.9874,0
13136,198.16,15333.6092,16990.9874,0
13137,198.19,15333.6092,16990.9874,0
13138,198.20,15333.6092,16990.9874,0
13139,198.22,15333.6092,16990.9874,0
13140,198.22,15333.6092,16990.9874,0
13141,198.24,15333.6092,16990.9874,0
13143,198.27,15345.1100,16990.9874,0
13145,198.29,15345.1100,16990.9874,0
13150,198.37,15345.1100,16990.9874,0
13152,198.41,15345.1100,16990.9874,0
13153,198.43,15345.1100,16990.9874,0
13154,198.45,15345.1100,16990.9874,0
13156,198.49,15345.1100,16990.9874,0
13158,198.51,15345.1100,16990.9874,0
13159,198.53,15356.7289,16990.9874,0
13160,198.55,15356.7289,16990.9874,0
13162,198.57,15356.7289,16990.9874,0
13163,198.57,15356.7289,16990.9874,0
13166,198.62,15356.7289,16990.9874,0
13167,198.62,15356.7289,16990.9874,0
13170,198.62,15356.7289,16990.9874,0
13173,198.70,15356.7289,16990.9874,0
13175,198.71,15356.7289,16990.9874,0
13176,198.73,15356.7289,16990.9874,0
13178,198.74,15356.7289,16990.9874,0
13180,198.78,15356.7289,16990.9874,0
13184,198.83,15429.9253,16990.9874,0
13188,198.90,15429.9253,16990.9874,0
13195,198.97,15453.9517,16990.9874,0
13212,199.20,15453.9517,16990.9874,0
13215,199.25,15453.9517,16990.9874,0
13224,199.38,15456.9999,16990.9874,0
13233,199.48,15456.9999,16990.9874,0
13235,199.49,15456.9999,16990.9874,0
13236,199.51,15456.9999,16990.9874,0
13242,199.57,15457.3905,16990.9874,0
13243,199.59,15457.3905,16990.9874,0
13244,199.60,15457.3905,16990.9874,0
13247,199.64,15457.3905,16990.9874,0
13251,199.69,15457.3905,16990.9874,0
13254,199.70,15457.3905,16990.9874,0
13261,199.82,15457.3905,16990.9874,0
13267,199.87,15457.3905,16990.9874,0
13272,199.91,15457.3905,16990.9874,0
13274,199.92,15457.3905,16990.9874,0
13276,199.95,15457.3905,16990.9874,0
13277,199.95,15457.3905,16990.9874,0
13279,199.97,15457.3905,16990.9874,0
13294,200.09,15457.3905,16990.9874,0
13304,200.15,15457.3905,16990.9874,0
13305,200.15,15457.3905,16990.9874,0
13306,200.15,15457.3905,16990.9874,0
13316,200.23,15457.3905,16990.9874,0
13323,200.32,15457.3905,16990.9874,0
13327,200.32,15457.3905,16990.9874,0
13334,200.37,15457.3905,16990.9874,0
13343,200.48,15457.3905,16990.9874,1
13344,200.51,14606.2543,16990.9874,0
13345,200.53,14870.4564,16990.9874,0
13346,200.54,14870.4564,16990.9874,0
13347,200.56,15047.2351,16990.9874,0
13349,200.59,15305.4627,16990.9874,0
13350,200.62,15331.3740,16990.9874,0
13352,200.63,15331.3740,16990.9874,0
13356,200.73,15331.3740,16990.9874,0
13360,200.77,15331.3740,16990.9874,0
13362,200.81,15347.1223,16990.9874,0
13363,200.82,15347.1223,16990.9874,0
13364,200.84,15347.1223,16990.9874,0
13365,200.86,15347.1223,16990.9874,0
13366,200.88,15347.1223,16990.9874,0
13367,200.89,15417.1461,16990.9874,0
13368,200.92,15417.1461,16990.9874,0
13370,200.95,15600.1377,16990.9874,0
13371,200.96,15600.1377,16990.9874,0
13374,200.99,15644.3406,16990.9874,0
13377,201.03,15644.3406,16990.9874,0
13380,201.07,15644.3406,16990.9874,0
13384,201.17,15644.3406,16990.9874,0
13385,201.19,15644.3406,16990.9874,0
13393,201.20,15644.3406,16990.9874,0
13396,201.21,15644.3406,16990.9874,0
13397,201.23,15644.3406,16990.9874,0
13407,201.26,15644.3406,16990.9874,0
13408,201.26,15644.3406,16990.9874,0
13410,201.27,15644.3406,16990.9874,0
13412,201.27,15644.3406,16990.9874,0
13414,201.27,15644.3406,16990.9874,0
13419,201.27,15644.3406,16990.9874,0
13423,201.28,15644.3406,16990.9874,0
13425,201.30,15644.3406,16990.9874,0
13428,201.32,15644.3406,16990.9874,0
13433,201.37,15644.3406,16990.9874,0
13435,201.39,15644.3406,16990.9874,0
13440,201.45,15644.3406,16990.9874,0
13443,201.45,15644.3406,16990.9874,0
13445,201.47,15644.3406,16990.9874,0
13451,201.54,15644.3406,16990.9874,0
13453,201.56,15644.3406,16990.9874,0
13454,201.57,15644.3406,16990.9874,0
13455,201.58,15644.3406,16990.9874,0
13462,201.65,15644.3406,16990.9874,0
13469,201.68,15644.3406,16990.9874,0
13472,201.68,15644.3406,16990.9874,0
13473,201.68,15644.3406,16990.9874,0
13475,201.70,15644.3406,16990.9874,1
13476,201.73,14652.9713,16990.9874,0
13477,201.75,14652.9713,16990.9874,0
13478,201.77,14667.4750,16990.9874,0
13479,201.78,14667.4750,16990.9874,0
13481,201.80,14769.7148,16990.9874,0
13485,201.81,14837.8069,16990.9874,0
13486,201.83,14837.8069,16990.9874,0
13487,201.84,14837.8069,16990.9874,0
13489,201.86,14837.8069,16990.9874,0
13490,201.88,14857.8736,16990.9874,0
13493,201.94,14977.7138,16990.9874,0
13494,201.96,14977.7138,16990.9874,0
13495,201.98,14978.6976,16990.9874,0
13496,201.99,14978.6976,16990.9874,0
13497,202.02,15124.9904,16990.9874,0
13498,202.05,15407.8367,16990.9874,0
13499,202.07,15407.8367,16990.9874,0
13500,202.09,15423.2061,16990.9874,0
13501,202.11,15423.2061,16990.9874,0
13504,202.13,15423.2061,16990.9874,0
13506,202.13,15423.2061,16990.9874,0
13521,202.27,15423.2061,16990.9874,0
13523,202.31,15423.2061,16990.9874,0
13530,202.38,15423.2061,16990.9874,0
13531,202.40,15423.2061,16990.9874,0
13532,202.42,15423.2061,16990.9874,0
13533,202.43,15423.2061,16990.9874,0
13544,202.51,15423.2061,16990.9874,0
13547,202.54,15423.2061,16990.9874,0
13557,202.65,15425.7045,16990.9874,0
13560,202.67,15425.7045,16990.9874,0
13561,202.69,15425.7045,16990.9874,0
13563,202.72,15503.6909,16990.9874,0
13567,202.79,15503.6909,16990.9874,0
13570,202.81,15503.6909,16990.9874,0
13572,202.81,15503.6909,16990.9874,0
13577,202.88,15503.6909,16990.9874,0
13583,202.96,15503.6909,16990.9874,0
13586,202.98,15503.6909,16990.9874,0
13594,203.07,15503.6909,16990.9874,0
13598,203.11,15503.6909,16990.9874,0
13602,203.16,15503.6909,16990.9874,0
13606,203.20,15503.6909,16990.9874,0
13608,203.21,15503.6909,16990.9874,0
13612,203.21,15503.6909,16990.9874,0
13617,203.27,15503.6909,16990.9874,0
13626,203.33,15503.6909,16990.9874,0
13628,203.33,15503.6909,16990.9874,0
13629,203.34,15503.6909,16990.9874,0
13631,203.35,15503.6909,16990.9874,0
13635,203.37,15503.6909,16990.9874,0
13638,203.40,15503.6909,16990.9874,0
13640,203.42,15503.6909,16990.9874,0
13653,203.49,15503.6909,16990.9874,0
13658,203.54,15503.6909,16990.9874,0
13663,203.56,15503.6909,16990.9874,0
13664,203.56,15503.6909,16990.9874,1
13665,203.59,13904.3754,16990.9874,0
13666,203.60,13904.3754,16990.9874,0
13667,203.62,13904.3754,16990.9874,0
13668,203.64,13904.3754,16990.9874,0
13669,203.65,13904.3754,16990.9874,0
13670,203.67,13904.3754,16990.9874,0
13671,203.71,13904.3754,16990.9874,0
13672,203.72,13916.1481,16990.9874,0
13673,203.74,13916.1481,16990.9874,0
13674,203.75,13916.1481,16990.9874,0
13675,203.77,13916.1481,16990.9874,0
13676,203.78,13916.1481,16990.9874,0
13677,203.80,13916.1481,16990.9874,0
13678,203.82,13916.1481,16990.9874,0
13679,203.83,13916.1481,16990.9874,0
13680,203.85,13916.1481,16990.9874,0
13681,203.86,14046.7324,16990.9874,0
13682,203.88,14046.7324,16990.9874,0
13683,203.90,14075.6125,16990.9874,0
13688,203.93,14075.6125,16990.9874,0
13691,203.98,14147.1645,16990.9874,0
13694,204.03,14419.9013,16990.9874,0
13695,204.05,14419.9013,16990.9874,0
13697,204.06,14419.9013,16990.9874,0
13699,204.09,14526.7730,16990.9874,0
13709,204.17,14526.7730,16990.9874,0
13710,204.19,14526.7730,16990.9874,0
13711,204.22,14526.7730,16990.9874,0
13717,204.25,14526.7730,16990.9874,0
13718,204.26,14526.7730,16990.9874,0
13719,204.28,14526.7730,16990.9874,0
13723,204.30,14526.7730,16990.9874,0
13727,204.32,14526.7730,16990.9874,0
13729,204.34,14526.7730,16990.9874,0
13730,204.35,14526.7730,16990.9874,0
13731,204.35,14526.7730,16990.9874,0
13738,204.39,14526.7730,16990.9874,0
13740,204.39,14526.7730,16990.9874,0
13742,204.41,14526.7730,16990.9874,0
13744,204.44,14526.7730,16990.9874,0
13748,204.48,14526.7730,16990.9874,0
13749,204.48,14526.7730,16990.9874,0
13751,204.48,14526.7730,16990.9874,0
13754,204.49,14526.7730,16990.9874,0
13761,204.50,14526.7730,16990.9874,0
13767,204.56,14526.7730,16990.9874,0
13772,204.63,14526.7730,16990.9874,0
13773,204.63,14526.7730,16990.9874,0
13775,204.63,14526.7730,16990.9874,0
13776,204.64,14526.7730,16990.9874,0
13780,204.66,14526.7730,16990.9874,0
13781,204.66,14526.7730,16990.9874,0
13787,204.74,14526.7730,16990.9874,0
13789,204.75,14526.7730,16990.9874,0
13793,204.76,14526.7730,16990.9874,0
13794,204.76,14526.7730,16990.9874,0
13796,204.76,14526.7730,16990.9874,0
13798,204.80,14533.2076,16990.9874,0
13799,204.82,14533.2076,16990.9874,0
13800,204.83,14533.2076,16990.9874,0
13801,204.85,14533.2076,16990.9874,0
13803,204.87,14533.2076,16990.9874,0
13804,204.88,14533.2076,16990.9874,0
13805,204.90,14639.5241,16990.9874,0
13806,204.92,14639.5241,16990.9874,0
13807,204.94,14639.5241,16990.9874,0
13813,204.97,14639.5241,16990.9874,0
13815,204.98,14639.5241,16990.9874,0
13822,205.01,14639.5241,16990.9874,0
13823,205.03,14639.5241,16990.9874,0
13830,205.13,14639.5241,16990.9874,0
13831,205.14,14639.5241,16990.9874,0
13834,205.14,14639.5241,16990.9874,0
13837,205.18,14655.7377,16990.9874,0
13838,205.20,14790.8605,16990.9874,0
13842,205.25,14790.8605,16990.9874,0
13845,205.33,14790.8605,16990.9874,0
13846,205.33,14790.8605,16990.9874,0
13849,205.40,14790.8605,16990.9874,0
13855,205.48,14790.8605,16990.9874,0
13859,205.55,14790.8605,16990.9874,0
13863,205.56,14794.7168,16990.9874,0
13865,205.66,14794.7168,16990.9874,0
13866,205.67,15007.9736,16990.9874,0
13867,205.69,15250.8034,16990.9874,0
13868,205.71,15323.6868,16990.9874,0
13870,205.74,15445.4975,16990.9874,0
13871,205.75,15445.4975,16990.9874,0
13875,205.82,15445.4975,16990.9874,0
13881,205.93,15445.4975,16990.9874,0
13882,205.93,15445.4975,16990.9874,0
13884,205.95,15445.4975,16990.9874,0
13886,205.97,15445.4975,16990.9874,0
13889,206.01,15445.4975,16990.9874,0
13901,206.12,15445.4975,16990.9874,0
13906,206.14,15445.4975,16990.9874,0
13909,206.16,15445.4975,16990.9874,0
13912,206.17,15445.4975,16990.9874,0
13913,206.17,15445.4975,16990.9874,0
13919,206.22,15445.4975,16990.9874,0
13922,206.27,15445.4975,16990.9874,0
13923,206.27,15445.4975,16990.9874,0
13927,206.29,15445.4975,16990.9874,0
13931,206.33,15445.4975,16990.9874,0
13936,206.34,15445.4975,16990.9874,0
13940,206.39,15445.4975,16990.9874,0
13944,206.41,15445.4975,16990.9874,0
13948,206.42,15445.4975,16990.9874,0
13960,206.47,15445.4975,16990.9874,0
13961,206.47,15445.4975,16990.9874,0
13964,206.50,15445.4975,16990.9874,0
13969,206.55,15445.4975,16990.9874,0
13971,206.57,15445.4975,16990.9874,1
13972,206.60,14483.5226,16990.9874,0
13973,206.61,14483.5226,16990.9874,0
13974,206.65,14483.5226,16990.9874,0
13975,206.67,14483.5226,16990.9874,0
13976,206.68,14483.5226,16990.9874,0
13977,206.70,14483.5226,16990.9874,0
13978,206.72,14483.5226,16990.9874,0
13979,206.73,14483.5226,16990.9874,0
13980,206.75,14567.6630,16990.9874,0
13981,206.77,14668.9944,16990.9874,0
13983,206.79,14781.2434,16990.9874,0
13984,206.82,14811.8081,16990.9874,0
13985,206.84,14865.0095,16990.9874,0
13986,206.85,14865.0095,16990.9874,0
13987,206.88,14937.7514,16990.9874,0
13988,206.90,14937.7514,16990.9874,0
13993,206.97,14937.7514,16990.9874,0
13994,206.99,14937.7514,16990.9874,0
13995,207.01,14939.1896,16990.9874,0
13996,207.01,14939.1896,16990.9874,0
13997,207.02,14939.1896,16990.9874,0
14003,207.05,15134.0812,16990.9874,0
14004,207.06,15134.0812,16990.9874,0
14005,207.06,15134.0812,16990.9874,0
14006,207.08,15134.0812,16990.9874,0
14007,207.08,15134.0812,16990.9874,0
14008,207.10,15134.0812,16990.9874,0
14010,207.12,15134.0812,16990.9874,0
14011,207.14,15134.0812,16990.9874,0
14014,207.14,15134.0812,16990.9874,0
14017,207.15,15134.0812,16990.9874,0
14018,207.16,15134.0812,16990.9874,0
14021,207.17,15134.0812,16990.9874,0
14022,207.17,15134.0812,16990.9874,0
14023,207.19,15302.5065,16990.9874,0
14026,207.21,15305.4513,16990.9874,0
14027,207.23,15400.1013,16990.9874,0
14028,207.27,15400.1013,16990.9874,0
14029,207.30,15481.8100,16990.9874,0
14030,207.32,15481.8100,16990.9874,0
14032,207.34,15481.8100,16990.9874,0
14033,207.34,15481.8100,16990.9874,0
14034,207.36,15481.8100,16990.9874,0
14038,207.39,15481.8100,16990.9874,0
14040,207.42,15481.8100,16990.9874,0
14041,207.42,15481.8100,16990.9874,0
14043,207.49,15481.8100,16990.9874,0
14045,207.50,15481.8100,16990.9874,0
14050,207.53,15481.8100,16990.9874,0
14054,207.56,15481.8100,16990.9874,0
14059,207.62,15481.8100,16990.9874,0
14061,207.63,15481.8100,16990.9874,0
14063,207.69,15481.8100,16990.9874,0
14065,207.69,15481.8100,16990.9874,0
14067,207.70,15481.8100,16990.9874,0
14068,207.71,15481.8100,16990.9874,0
14076,207.83,15482.5658,16990.9874,0
14078,207.88,15482.5658,16990.9874,0
14081,207.92,15542.2977,16990.9874,0
14082,207.96,15590.5613,16990.9874,0
14083,207.97,15590.5613,16990.9874,0
14084,207.99,15590.5613,16990.9874,0
14086,208.04,15590.5613,16990.9874,0
14089,208.06,15590.5613,16990.9874,0
14091,208.10,15590.5613,16990.9874,0
14093,208.13,15590.5613,16990.9874,0
14096,208.15,15590.5613,16990.9874,0
14097,208.15,15590.5613,16990.9874,0
14098,208.17,15590.5613,16990.9874,0
14100,208.18,15590.5613,16990.9874,0
14103,208.26,15590.5613,16990.9874,0
14105,208.33,15590.5613,16990.9874,0
14107,208.36,15590.5613,16990.9874,0
14108,208.36,15590.5613,16990.9874,0
14114,208.38,15590.5613,16990.9874,0
14115,208.38,15590.5613,16990.9874,0
14120,208.40,15590.8026,16990.9874,0
14124,208.47,15590.8026,16990.9874,0
14128,208.51,15590.8026,16990.9874,0
14131,208.54,15590.8026,16990.9874,0
14140,208.67,15590.8026,16990.9874,0
14144,208.71,15590.8026,16990.9874,0
14148,208.72,15590.8026,16990.9874,0
14149,208.72,15590.8026,16990.9874,0
14153,208.73,15590.8026,16990.9874,0
14156,208.75,15590.8026,16990.9874,0
14164,208.84,15590.8026,16990.9874,0
14169,208.93,15590.8026,16990.9874,0
14181,208.98,15590.8026,16990.9874,0
14183,208.99,15590.8026,16990.9874,0
14185,208.99,15590.8026,16990.9874,0
14189,209.00,15590.8026,16990.9874,0
14192,209.00,15590.8026,16990.9874,0
14193,209.00,15590.8026,16990.9874,0
14196,209.01,15590.8026,16990.9874,0
14198,209.01,15590.8026,16990.9874,0
14207,209.08,15590.8026,16990.9874,0
14212,209.13,15590.8026,16990.9874,0
14214,209.13,15590.8026,16990.9874,0
14220,209.20,15590.8026,16990.9874,0
14221,209.20,15590.8026,16990.9874,1
14222,209.23,14473.4823,16990.9874,0
14223,209.25,14473.4823,16990.9874,0
14224,209.27,14528.7708,16990.9874,0
14225,209.29,14670.8472,16990.9874,0
14226,209.31,14670.8472,16990.9874,0
14227,209.32,14670.8472,16990.9874,0
14228,209.34,14670.8472,16990.9874,0
14229,209.36,14784.0321,16990.9874,0
14230,209.37,14812.7459,16990.9874,0
14231,209.39,14874.7317,16990.9874,0
14232,209.40,15017.7870,16990.9874,0
14235,209.45,15017.7870,16990.9874,0
14236,209.46,15017.7870,16990.9874,0
14237,209.46,15017.7870,16990.9874,0
14238,209.48,15017.7870,16990.9874,0
14239,209.49,15017.7870,16990.9874,0
14240,209.51,15017.7870,16990.9874,0
14241,209.52,15032.1756,16990.9874,0
14242,209.54,15032.1756,16990.9874,0
14243,209.56,15042.6672,16990.9874,0
14244,209.57,15125.3434,16990.9874,0
14247,209.63,15125.3434,16990.9874,0
14252,209.64,15125.3434,16990.9874,0
14254,209.66,15125.3434,16990.9874,0
14255,209.68,15125.3434,16990.9874,0
14256,209.68,15125.3434,16990.9874,0
14259,209.70,15134.0913,16990.9874,0
14261,209.77,15134.0913,16990.9874,0
14262,209.79,15134.0913,16990.9874,0
14266,209.83,15134.0913,16990.9874,0
14267,209.85,15134.0913,16990.9874,0
14272,209.90,15134.0913,16990.9874,0
14274,209.92,15134.0913,16990.9874,0
14276,209.94,15134.0913,16990.9874,0
14278,209.96,15134.0913,16990.9874,0
14279,209.96,15134.0913,16990.9874,0
14280,209.96,15134.0913,16990.9874,0
14282,209.98,15164.5736,16990.9874,0
14283,210.00,15164.5736,16990.9874,0
14284,210.01,15164.5736,16990.9874,0
14285,210.03,15164.5736,16990.9874,0
14286,210.05,15215.9202,16990.9874,0
14287,210.07,15218.9157,16990.9874,0
14288,210.09,15244.8565,16990.9874,0
14291,210.14,15244.8565,16990.9874,0
14292,210.16,15244.8565,16990.9874,0
14295,210.23,15244.8565,16990.9874,0
14298,210.27,15276.3817,16990.9874,0
14300,210.34,15276.3817,16990.9874,0
14302,210.36,15276.3817,16990.9874,0
14305,210.38,15276.3817,16990.9874,0
14306,210.40,15328.4956,16990.9874,0
14308,210.45,15328.4956,16990.9874,0
14309,210.47,15328.4956,16990.9874,0
14310,210.48,15328.4956,16990.9874,0
14312,210.50,15400.7110,16990.9874,0
14313,210.51,15428.0715,16990.9874,0
14314,210.54,15428.0715,16990.9874,0
14319,210.65,15428.0715,16990.9874,0
14323,210.73,15428.0715,16990.9874,0
14327,210.77,15428.0715,16990.9874,0
14332,210.79,15428.0715,16990.9874,0
14334,210.79,15428.0715,16990.9874,0
14340,210.83,15428.0715,16990.9874,0
14348,210.89,15428.0715,16990.9874,0
14372,211.03,15428.0715,16990.9874,0
14374,211.05,15428.0715,16990.9874,0
14379,211.14,15428.0715,16990.9874,0
14389,211.20,15428.0715,16990.9874,0
14393,211.22,15428.0715,16990.9874,0
14395,211.23,15428.0715,16990.9874,0
14398,211.24,15428.0715,16990.9874,0
14406,211.31,15428.0715,16990.9874,0
14408,211.31,15428.0715,16990.9874,0
14413,211.41,15428.0715,16990.9874,0
14414,211.41,15428.0715,16990.9874,1
14415,211.43,13376.2643,16990.9874,0
14416,211.45,13512.5391,16990.9874,0
14417,211.47,13530.3371,16990.9874,0
14418,211.48,13542.4109,16990.9874,0
14419,211.50,13542.4109,16990.9874,0
14420,211.51,13542.4109,16990.9874,0
14421,211.53,13873.1036,16990.9874,0
14422,211.54,14113.4717,16990.9874,0
14424,211.56,14113.4717,16990.9874,0
14425,211.59,14113.4717,16990.9874,0
14426,211.61,14354.5479,16990.9874,0
14427,211.63,14402.0958,16990.9874,0
14428,211.65,14604.7019,16990.9874,0
14429,211.66,14604.7019,16990.9874,0
14430,211.68,14717.2503,16990.9874,0
14431,211.70,14742.8490,16990.9874,0
14432,211.72,14751.1255,16990.9874,0
14433,211.77,15135.2126,16990.9874,0
14434,211.81,15135.2126,16990.9874,0
14437,211.84,15135.2126,16990.9874,0
14438,211.86,15185.3091,16990.9874,0
14439,211.88,15185.3091,16990.9874,0
14440,211.93,15237.1102,16990.9874,0
14443,212.09,15252.4087,16990.9874,0
14445,212.23,15253.1069,16990.9874,0
14446,212.33,15258.8269,16990.9874,0
14448,212.39,15258.8269,16990.9874,0
14449,212.42,15272.6089,16990.9874,0
14450,212.46,15272.6089,16990.9874,0
14452,212.50,15272.6089,16990.9874,0
14454,212.58,15272.6089,16990.9874,0
14456,212.63,15272.6089,16990.9874,0
14459,212.81,15361.5078,16990.9874,0
14462,212.88,15361.5078,16990.9874,0
14463,212.95,15362.3662,16990.9874,0
14465,212.97,15362.3662,16990.9874,0
14467,213.02,15362.3662,16990.9874,0
14472,213.12,15389.9209,16990.9874,0
14473,213.14,15389.9209,16990.9874,0
14474,213.22,15389.9209,16990.9874,0
14476,213.33,15389.9209,16990.9874,0
14477,213.40,15389.9209,16990.9874,0
14479,213.42,15389.9209,16990.9874,0
14481,213.46,15389.9209,16990.9874,0
14482,213.46,15389.9209,16990.9874,0
14483,213.46,15389.9209,16990.9874,0
14488,213.49,15389.9209,16990.9874,0
14489,213.52,15389.9209,16990.9874,0
14493,213.53,15389.9209,16990.9874,0
14495,213.58,15389.9209,16990.9874,0
14496,213.62,15389.9209,16990.9874,0
14498,213.63,15389.9209,16990.9874,0
14500,213.63,15389.9209,16990.9874,0
14502,213.69,15414.8249,16990.9874,0
14507,213.73,15414.8249,16990.9874,0
14509,213.79,15414.8249,16990.9874,0
14510,213.81,15414.8249,16990.9874,0
14511,213.88,15414.8249,16990.9874,0
14512,213.88,15414.8249,16990.9874,0
14514,214.00,15414.8249,16990.9874,0
14516,214.16,15414.8249,16990.9874,0
14517,214.16,15414.8249,16990.9874,0
14522,214.32,15414.8249,16990.9874,0
14526,214.40,15420.9831,16990.9874,0
14530,214.45,15421.0115,16990.9874,0
14531,214.50,15421.0115,16990.9874,0
14532,214.53,15421.0115,16990.9874,0
14537,214.60,15421.0115,16990.9874,0
14539,214.67,15421.0115,16990.9874,0
14541,214.75,15421.0115,16990.9874,0
14543,214.88,15421.0115,16990.9874,0
14545,214.90,15421.0115,16990.9874,0
14546,214.92,15421.0115,16990.9874,0
14547,215.00,15421.0115,16990.9874,0
14551,215.11,15421.0115,16990.9874,0
14552,215.11,15421.0115,16990.9874,0
14556,215.19,15426.4015,16990.9874,0
14557,215.21,15426.4015,16990.9874,0
14559,215.24,15426.4015,16990.9874,0
14560,215.26,15426.4015,16990.9874,0
14561,215.29,15426.4015,16990.9874,0
14564,215.34,15426.4015,16990.9874,0
14566,215.45,15426.4015,16990.9874,0
14569,215.54,15426.4015,16990.9874,0
14570,215.54,15426.4015,16990.9874,0
14572,215.56,15426.4015,16990.9874,0
14573,215.56,15426.4015,16990.9874,0
14574,215.57,15426.4015,16990.9874,0
14575,215.57,15426.4015,16990.9874,0
14576,215.57,15426.4015,16990.9874,0
14579,215.67,15429.3213,16990.9874,0
14580,215.69,15429.3213,16990.9874,0
14581,215.73,15429.3213,16990.9874,0
14586,215.87,15429.3213,16990.9874,0
14588,215.97,15429.3213,16990.9874,0
14589,215.97,15429.3213,16990.9874,0
14598,216.06,15429.3213,16990.9874,0
14601,216.10,15429.3213,16990.9874,0
14603,216.17,15429.3213,16990.9874,0
14605,216.19,15429.3213,16990.9874,0
14606,216.22,15429.3213,16990.9874,0
14607,216.26,15429.3213,16990.9874,0
14611,216.28,15429.3213,16990.9874,0
14612,216.31,15429.3213,16990.9874,0
14615,216.33,15429.3213,16990.9874,0
14616,216.33,15429.3213,16990.9874,0
14618,216.33,15429.3213,16990.9874,0
14621,216.41,15429.3213,16990.9874,0
14625,216.45,15429.3213,16990.9874,0
14632,216.54,15429.3213,16990.9874,0
14635,216.56,15429.3213,16990.9874,0
14637,216.62,15429.3213,16990.9874,0
14638,216.62,15429.3213,16990.9874,0
14639,216.62,15429.3213,16990.9874,0
14640,216.62,15429.3213,16990.9874,0
14641,216.62,15429.3213,16990.9874,0
14644,216.63,15429.3213,16990.9874,0
14646,216.63,15429.3213,16990.9874,0
14647,216.63,15429.3213,16990.9874,0
14652,216.70,15429.3213,16990.9874,0
14654,216.74,15429.3213,16990.9874,0
14660,216.79,15429.3213,16990.9874,0
14663,216.80,15429.3213,16990.9874,0
14665,216.87,15429.3213,16990.9874,0
14668,216.87,15429.3213,16990.9874,0
14670,216.87,15429.3213,16990.9874,0
14672,216.88,15429.3213,16990.9874,0
14674,216.88,15429.3213,16990.9874,0
14677,216.90,15429.3213,16990.9874,0
14678,216.90,15429.3213,16990.9874,0
14680,216.94,15429.3213,16990.9874,1
14681,216.96,13296.0818,16990.9874,0
14682,216.98,13296.0818,16990.9874,0
14683,216.98,13296.0818,16990.9874,0
14684,217.00,13296.0818,16990.9874,0
14685,217.01,13296.0818,16990.9874,0
14686,217.03,13606.7304,16990.9874,0
14687,217.04,13606.7304,16990.9874,0
14688,217.06,13606.7304,16990.9874,0
14689,217.07,13606.7304,16990.9874,0
14690,217.09,13799.9359,16990.9874,0
14691,217.11,13839.1455,16990.9874,0
14692,217.14,14143.6100,16990.9874,0
14693,217.23,14146.6787,16990.9874,0
14694,217.27,14146.6787,16990.9874,0
14695,217.29,14148.4014,16990.9874,0
14696,217.31,14148.4014,16990.9874,0
14697,217.33,14148.4014,16990.9874,0
14698,217.35,14148.4014,16990.9874,0
14700,217.47,14299.3116,16990.9874,0
14702,217.50,14332.4164,16990.9874,0
14703,217.52,14332.4164,16990.9874,0
14705,217.53,14332.4164,16990.9874,0
14707,217.53,14332.4164,16990.9874,0
14708,217.53,14332.4164,16990.9874,0
14709,217.55,14482.2867,16990.9874,0
14710,217.59,14482.2867,16990.9874,0
14711,217.60,14488.5199,16990.9874,0
14712,217.70,14618.3036,16990.9874,0
14713,217.73,14699.6018,16990.9874,0
14714,217.75,14699.6018,16990.9874,0
14715,217.79,14710.1945,16990.9874,0
14716,217.81,14710.1945,16990.9874,0
14720,217.97,14710.1945,16990.9874,0
14721,218.01,14710.1945,16990.9874,0
14723,218.09,14710.1945,16990.9874,0
14725,218.15,14713.6411,16990.9874,0
14726,218.17,14713.6411,16990.9874,0
14727,218.21,14713.6411,16990.9874,0
14732,218.47,14713.6411,16990.9874,0
14733,218.48,14713.6411,16990.9874,0
14737,218.56,14713.6411,16990.9874,0
14739,218.59,14713.6411,16990.9874,0
14740,218.61,14713.6411,16990.9874,0
14742,218.65,14713.6411,16990.9874,0
14743,218.65,14713.6411,16990.9874,0
14747,218.77,14713.6411,16990.9874,0
14750,218.91,14713.6411,16990.9874,0
14752,219.00,14713.6411,16990.9874,0
14756,219.09,14713.6411,16990.9874,0
14759,219.17,14713.6411,16990.9874,0
14761,219.17,14713.6411,16990.9874,0
14762,219.17,14713.6411,16990.9874,0
14764,219.19,14713.6411,16990.9874,0
14765,219.19,14713.6411,16990.9874,0
14769,219.22,14713.6411,16990.9874,0
14771,219.24,14713.6411,16990.9874,0
14772,219.24,14713.6411,16990.9874,0
14774,219.26,14713.6411,16990.9874,0
14779,219.30,14713.6411,16990.9874,0
14780,219.30,14713.6411,16990.9874,0
14781,219.30,14713.6411,16990.9874,0
14782,219.30,14713.6411,16990.9874,0
14784,219.32,14713.6411,16990.9874,0
14786,219.32,14713.6411,16990.9874,0
14789,219.36,14713.6411,16990.9874,0
14793,219.42,14713.6411,16990.9874,0
14795,219.42,14713.6411,16990.9874,0
14799,219.46,14713.6411,16990.9874,0
14801,219.46,14713.6411,16990.9874,0
14802,219.50,14713.6411,16990.9874,0
14803,219.50,14713.6411,16990.9874,0
14807,219.52,14713.6411,16990.9874,0
14809,219.54,14713.6411,16990.9874,0
14810,219.54,14713.6411,16990.9874,0
14814,219.58,14713.6411,16990.9874,0
14816,219.59,14713.6411,16990.9874,0
14817,219.63,14742.0650,16990.9874,0
14818,219.65,14742.0650,16990.9874,0
14819,219.65,14742.0650,16990.9874,0
14820,219.69,14767.8026,16990.9874,0
14821,219.72,14767.8026,16990.9874,0
14822,219.76,14767.8026,16990.9874,0
14824,219.82,14819.1528,16990.9874,0
14825,219.87,14819.1528,16990.9874,0
14828,219.97,14819.1528,16990.9874,0
14829,220.00,14819.1528,16990.9874,0
14831,220.08,14819.1528,16990.9874,0
14832,220.13,14819.1528,16990.9874,0
14833,220.15,14873.5189,16990.9874,0
14834,220.21,14873.5189,16990.9874,0
14835,220.24,14873.5189,16990.9874,0
14836,220.26,14873.5189,16990.9874,0
14837,220.34,14873.5189,16990.9874,0
14838,220.34,14873.5189,16990.9874,0
14839,220.36,14873.5189,16990.9874,0
14842,220.47,14873.5189,16990.9874,0
14845,220.51,14873.5189,16990.9874,0
14848,220.67,14890.1432,16990.9874,0
14851,220.73,14890.1432,16990.9874,0
14852,220.76,14890.1432,16990.9874,0
14853,220.83,14890.1432,16990.9874,0
14855,220.87,15096.8217,16990.9874,0
14862,221.02,15096.8217,16990.9874,0
14863,221.06,15096.8217,16990.9874,0
14864,221.13,15096.8217,16990.9874,0
14865,221.13,15096.8217,16990.9874,0
14868,221.19,15096.8217,16990.9874,0
14869,221.19,15096.8217,16990.9874,0
14871,221.23,15096.8217,16990.9874,0
14873,221.26,15096.8217,16990.9874,0
14874,221.29,15096.8217,16990.9874,0
14875,221.29,15096.8217,16990.9874,0
14876,221.29,15096.8217,16990.9874,0
14881,221.47,15096.8217,16990.9874,0
14882,221.50,15096.8217,16990.9874,0
14885,221.56,15096.8217,16990.9874,0
14887,221.65,15096.8217,16990.9874,0
14888,221.65,15096.8217,16990.9874,0
14889,221.65,15096.8217,16990.9874,0
14893,221.78,15096.8217,16990.9874,0
14895,221.80,15096.8217,16990.9874,0
14899,221.86,15096.8217,16990.9874,0
14900,221.88,15096.8217,16990.9874,0
14905,221.91,15096.8217,16990.9874,0
14907,221.92,15096.8217,16990.9874,0
14908,221.95,15096.8217,16990.9874,0
14910,221.99,15106.1236,16990.9874,0
14912,222.07,15106.1236,16990.9874,0
14913,222.11,15231.2662,16990.9874,0
14914,222.14,15231.2662,16990.9874,0
14922,222.29,15231.2662,16990.9874,0
14924,222.32,15231.2662,16990.9874,0
14925,222.35,15231.2662,16990.9874,0
14927,222.37,15231.2662,16990.9874,0
14930,222.43,15235.0743,16990.9874,0
14932,222.55,15235.0743,16990.9874,0
14933,222.66,15235.0743,16990.9874,0
14941,222.72,15235.0743,16990.9874,0
14943,222.80,15235.0743,16990.9874,0
14944,222.85,15235.0743,16990.9874,0
14945,222.85,15235.0743,16990.9874,0
14946,222.85,15235.0743,16990.9874,0
14950,222.96,15235.0743,16990.9874,0
14951,222.99,15235.0743,16990.9874,0
14954,223.10,15235.0743,16990.9874,0
14955,223.10,15235.0743,16990.9874,0
14956,223.11,15235.0743,16990.9874,0
14958,223.11,15235.0743,16990.9874,0
14959,223.11,15235.0743,16990.9874,0
14960,223.11,15235.0743,16990.9874,0
14961,223.11,15235.0743,16990.9874,0
14964,223.22,15235.0743,16990.9874,0
14965,223.22,15235.0743,16990.9874,0
14967,223.22,15235.0743,16990.9874,0
14969,223.26,15240.8533,16990.9874,0
14970,223.28,15240.8533,16990.9874,0
14973,223.35,15240.8533,16990.9874,0
14975,223.39,15240.8533,16990.9874,0
14976,223.39,15240.8533,16990.9874,0
14979,223.46,15240.8533,16990.9874,0
14984,223.68,15240.8533,16990.9874,0
14986,223.74,15240.8533,16990.9874,0
14988,223.76,15240.8533,16990.9874,0
14989,223.76,15240.8533,16990.9874,0
14991,223.80,15240.8533,16990.9874,0
14992,223.84,15240.8533,16990.9874,0
14993,223.84,15240.8533,16990.9874,0
14994,223.84,15240.8533,16990.9874,0
14996,223.86,15240.8533,16990.9874,0
14998,223.95,15240.8533,16990.9874,0
15000,224.05,15240.8533,16990.9874,0
15003,224.10,15240.8533,16990.9874,0
15008,224.21,15240.8533,16990.9874,0
15011,224.23,15240.8533,16990.9874,0
15013,224.26,15240.8533,16990.9874,0
15015,224.32,15240.8533,16990.9874,0
15018,224.34,15240.8533,16990.9874,0
15019,224.34,15240.8533,16990.9874,0
15020,224.34,15240.8533,16990.9874,0
15024,224.46,15240.8533,16990.9874,0
15025,224.46,15240.8533,16990.9874,0
15027,224.54,15240.8533,16990.9874,0
15028,224.54,15240.8533,16990.9874,0
15029,224.54,15240.8533,16990.9874,0
15031,224.58,15240.8533,16990.9874,0
15032,224.59,15240.8533,16990.9874,0
15034,224.61,15240.8533,16990.9874,0
15035,224.68,15240.8533,16990.9874,0
15038,224.71,15240.8533,16990.9874,0
15039,224.71,15240.8533,16990.9874,0
15040,224.71,15240.8533,16990.9874,0
15041,224.71,15240.8533,16990.9874,0
15042,224.71,15240.8533,16990.9874,0
15044,224.75,15240.8533,16990.9874,0
15045,224.75,15240.8533,16990.9874,0
15047,224.77,15240.8533,16990.9874,0
15050,224.81,15240.8533,16990.9874,0
15052,224.92,15240.8533,16990.9874,0
15053,224.92,15240.8533,16990.9874,0
15055,224.94,15240.8533,16990.9874,0
15057,224.96,15240.8533,16990.9874,0
15060,225.00,15240.8533,16990.9874,0
15063,225.06,15240.8533,16990.9874,0
15065,225.08,15240.8533,16990.9874,0
15066,225.10,15240.8533,16990.9874,0
15069,225.12,15240.8533,16990.9874,0
15070,225.12,15240.8533,16990.9874,1
15071,225.16,13671.8864,16990.9874,0
15072,225.18,13671.8864,16990.9874,0
15073,225.20,13671.8864,16990.9874,0
15074,225.24,13671.8864,16990.9874,0
15076,225.26,13736.5161,16990.9874,0
15077,225.29,13736.5161,16990.9874,0
15081,225.35,13736.5161,16990.9874,0
15087,225.45,13829.2605,16990.9874,0
15089,225.49,13829.2605,16990.9874,0
15095,225.55,13829.2605,16990.9874,0
15101,225.70,13829.2605,16990.9874,0
15102,225.72,13829.2605,16990.9874,0
15108,225.75,13829.2605,16990.9874,0
15111,225.78,13956.2038,16990.9874,0
15113,225.83,13956.2038,16990.9874,0
15121,226.01,13956.2038,16990.9874,0
15122,226.01,13956.2038,16990.9874,0
15129,226.23,14117.6922,16990.9874,0
15135,226.46,14117.6922,16990.9874,0
15145,226.73,14154.0024,16990.9874,0
15154,226.98,14154.0024,16990.9874,0
15158,227.04,14319.1130,16990.9874,0
15165,227.45,14319.1130,16990.9874,0
15175,227.67,14319.1130,16990.9874,0
15176,227.69,14319.1130,16990.9874,0
15189,227.94,14319.1130,16990.9874,0
15194,227.99,14319.1130,16990.9874,0
15210,228.15,14319.1130,16990.9874,0
15216,228.18,14319.1130,16990.9874,0
15217,228.18,14319.1130,16990.9874,0
15230,228.39,14319.1130,16990.9874,0
15242,228.55,14319.1130,16990.9874,0
15249,228.60,14319.1130,16990.9874,0
15254,228.63,14319.1130,16990.9874,0
15259,228.67,14319.1130,16990.9874,1
15260,228.70,12272.1739,16990.9874,0
15261,228.73,12362.4377,16990.9874,0
15263,228.76,12362.4377,16990.9874,0
15264,228.78,12478.4593,16990.9874,0
15265,228.80,12493.5078,16990.9874,0
15268,228.89,12493.5078,16990.9874,0
15269,228.92,12493.5078,16990.9874,0
15270,228.93,12531.9007,16990.9874,0
15271,228.95,12531.9007,16990.9874,0
15272,228.97,12531.9007,16990.9874,0
15274,229.00,12531.9007,16990.9874,0
15275,229.03,12677.1616,16990.9874,0
15281,229.21,12677.1616,16990.9874,0
15283,229.23,12677.1616,16990.9874,0
15287,229.39,12677.1616,16990.9874,0
15289,229.46,12677.1616,16990.9874,0
15293,229.56,12751.2150,16990.9874,0
15296,229.65,12880.3413,16990.9874,0
15297,229.68,12880.3413,16990.9874,0
15298,229.69,12880.3413,16990.9874,0
15299,229.76,12892.9144,16990.9874,0
15302,229.78,12892.9144,16990.9874,0
15303,229.81,12892.9144,16990.9874,0
15304,229.83,12892.9144,16990.9874,0
15306,229.85,12892.9144,16990.9874,0
15308,229.99,12892.9144,16990.9874,0
15310,230.05,12892.9144,16990.9874,0
15312,230.12,12892.9144,16990.9874,0
15314,230.15,13080.8708,16990.9874,0
15316,230.21,13112.7983,16990.9874,0
15317,230.25,13112.7983,16990.9874,0
15320,230.35,13112.7983,16990.9874,0
15322,230.39,13112.7983,16990.9874,0
15324,230.39,13112.7983,16990.9874,0
15327,230.52,13112.7983,16990.9874,0
15328,230.57,13144.7306,16990.9874,0
15329,230.60,13169.1732,16990.9874,0
15331,230.66,13169.1732,16990.9874,0
15337,230.85,13278.0092,16990.9874,0
15339,230.91,13278.0092,16990.9874,0
15341,231.01,13278.0092,16990.9874,0
15342,231.07,13278.0092,16990.9874,0
15343,231.09,13278.0092,16990.9874,0
15344,231.11,13353.2077,16990.9874,0
15346,231.16,13353.2077,16990.9874,0
15347,231.18,13353.2077,16990.9874,0
15348,231.20,13360.3182,16990.9874,0
15349,231.22,13360.3182,16990.9874,0
15352,231.24,13360.3182,16990.9874,0
15356,231.34,13433.0074,16990.9874,0
15363,231.50,13433.0074,16990.9874,0
15370,231.71,13433.0074,16990.9874,0
15371,231.73,13478.6245,16990.9874,0
15381,231.94,13559.6376,16990.9874,0
15384,232.06,13559.6376,16990.9874,0
15387,232.14,13560.0043,16990.9874,0
15391,232.25,13654.5003,16990.9874,0
15392,232.27,13654.5003,16990.9874,0
15394,232.29,13727.8130,16990.9874,0
15406,232.52,13727.8130,16990.9874,0
15410,232.64,13727.8130,16990.9874,0
15412,232.73,13888.4168,16990.9874,0
15415,232.82,13888.4168,16990.9874,0
15424,233.09,13888.4168,16990.9874,0
15428,233.19,13888.4168,16990.9874,0
15429,233.25,13888.4168,16990.9874,0
15434,233.38,13888.4168,16990.9874,0
15436,233.43,13888.4168,16990.9874,0
15440,233.50,13888.4168,16990.9874,0
15442,233.50,13888.4168,16990.9874,0
15444,233.54,13904.3716,16990.9874,0
15448,233.68,14118.2301,16990.9874,0
15449,233.70,14118.2301,16990.9874,0
15450,233.74,14118.2301,16990.9874,0
15451,233.82,14118.2301,16990.9874,0
15455,233.86,14118.2301,16990.9874,0
15460,234.02,14118.2301,16990.9874,0
15461,234.03,14118.2301,16990.9874,0
15473,234.26,14118.2301,16990.9874,0
15479,234.32,14118.2301,16990.9874,0
15480,234.32,14118.2301,16990.9874,0
15482,234.32,14118.2301,16990.9874,0
15500,234.64,14118.2301,16990.9874,0
15509,234.69,14118.2301,16990.9874,0
15519,234.85,14118.2301,16990.9874,0
15534,235.11,14118.2301,16990.9874,0
15540,235.11,14118.2301,16990.9874,0
15544,235.12,14118.2301,16990.9874,0
15547,235.12,14118.2301,16990.9874,0
15549,235.13,14118.2301,16990.9874,1
15550,235.17,12332.9649,16990.9874,0
15551,235.19,12552.6159,16990.9874,0
15553,235.25,12552.6159,16990.9874,0
15555,235.33,12574.1320,16990.9874,0
15559,235.43,12574.1320,16990.9874,0
15562,235.49,12574.1320,16990.9874,0
15563,235.53,12605.4327,16990.9874,0
15566,235.62,12605.4327,16990.9874,0
15567,235.64,12605.4327,16990.9874,0
15570,235.74,12659.2369,16990.9874,0
15573,235.83,12659.2369,16990.9874,0
15578,235.93,12796.2253,16990.9874,0
15579,235.96,12796.5329,16990.9874,0
15587,236.14,12796.5329,16990.9874,0
15590,236.26,12796.5329,16990.9874,0
15602,236.64,12796.5329,16990.9874,0
15615,236.88,12841.1146,16990.9874,0
15619,236.97,12841.1146,16990.9874,0
15626,237.07,12841.1146,16990.9874,0
15630,237.18,12841.1146,16990.9874,0
15635,237.38,12841.1146,16990.9874,0
15639,237.48,12841.1146,16990.9874,0
15650,237.70,12841.1146,16990.9874,0
15653,237.77,12841.1146,16990.9874,0
15661,237.94,12841.1146,16990.9874,0
15674,238.17,12844.5988,16990.9874,0
15679,238.26,12844.5988,16990.9874,0
15680,238.28,12868.2257,16990.9874,0
15681,238.30,12868.2257,16990.9874,0
15684,238.39,12868.2257,16990.9874,0
15685,238.41,12868.2257,16990.9874,0
15686,238.43,12868.2257,16990.9874,0
15687,238.46,12868.2257,16990.9874,0
15689,238.51,12868.2257,16990.9874,0
15690,238.55,12868.2257,16990.9874,0
15691,238.57,12868.2257,16990.9874,0
15694,238.69,12868.2257,16990.9874,0
15695,238.71,12868.2257,16990.9874,0
15696,238.72,12868.2257,16990.9874,0
15697,238.74,12868.2257,16990.9874,0
15698,238.78,12868.2257,16990.9874,0
15703,238.91,13025.6326,16990.9874,0
15704,238.93,13047.3699,16990.9874,0
15706,239.00,13047.3699,16990.9874,0
15707,239.04,13047.3699,16990.9874,0
15708,239.06,13047.3699,16990.9874,0
15711,239.12,13047.3699,16990.9874,0
15713,239.16,13047.3699,16990.9874,0
15716,239.19,13047.3699,16990.9874,0
15719,239.33,13047.3699,16990.9874,0
15728,239.54,13047.3699,16990.9874,0
15730,239.57,13047.3699,16990.9874,0
15731,239.60,13047.3699,16990.9874,0
15736,239.77,13047.3699,16990.9874,0
15739,239.87,13052.1808,16990.9874,0
15747,240.07,13054.5590,16990.9874,0
15753,240.30,13054.5590,16990.9874,0
15756,240.38,13071.2822,16990.9874,0
15763,240.61,13071.2822,16990.9874,0
15766,240.71,13072.4573,16990.9874,0
15769,240.85,13072.4573,16990.9874,0
15770,240.87,13076.6132,16990.9874,0
15773,241.00,13076.6132,16990.9874,0
15778,241.14,13076.6132,16990.9874,0
15781,241.21,13076.6132,16990.9874,0
15782,241.23,13077.9572,16990.9874,0
15811,241.92,13077.9572,16990.9874,0
15826,242.21,13077.9572,16990.9874,0
15834,242.43,13077.9572,16990.9874,0
15847,242.62,13077.9572,16990.9874,0
15852,242.67,13077.9572,16990.9874,0
15853,242.68,13077.9572,16990.9874,0
15856,242.71,13077.9572,16990.9874,0
15871,242.96,13077.9572,16990.9874,0
15883,242.99,13077.9572,16990.9874,1
15887,243.02,13077.9572,16990.9874,0
15905,243.22,13077.9572,16990.9874,0
15914,243.29,13077.9572,16990.9874,0
15921,243.33,13077.9572,16990.9874,0
15925,243.36,13077.9572,16990.9874,0
15926,243.36,13077.9572,16990.9874,0
15938,243.51,13077.9572,16990.9874,0
15941,243.53,13077.9572,16990.9874,0
15943,243.56,13077.9572,16990.9874,0
15957,243.68,13077.9572,16990.9874,0
15969,243.73,13077.9572,16990.9874,0
15972,243.75,13077.9572,16990.9874,0
15976,243.76,13077.9572,16990.9874,0
15980,243.82,13079.6394,16990.9874,0
15989,244.16,13079.6394,16990.9874,0
15990,244.17,13079.6394,16990.9874,0
15991,244.21,13079.6394,16990.9874,0
15993,244.21,13079.6394,16990.9874,0
15999,244.36,13079.6394,16990.9874,0
16002,244.41,13079.6394,16990.9874,0
16004,244.46,13079.6394,16990.9874,0
16005,244.48,13079.6394,16990.9874,0
16016,244.71,13079.6394,16990.9874,0
16018,244.76,13079.6394,16990.9874,0
16019,244.77,13079.6394,16990.9874,0
16021,244.82,13079.6394,16990.9874,0
16027,244.98,13079.6394,16990.9874,0
16035,245.18,13157.3558,16990.9874,0
16036,245.20,13157.3558,16990.9874,0
16040,245.32,13157.3558,16990.9874,0
16056,245.65,13157.3558,16990.9874,0
16058,245.67,13160.3031,16990.9874,0
16059,245.71,13160.3031,16990.9874,0
16061,245.77,13160.3031,16990.9874,0
16062,245.81,13397.2608,16990.9874,0
16075,246.23,13397.2608,16990.9874,0
16085,246.54,13499.3216,16990.9874,0
16096,246.84,13499.3216,16990.9874,0
16100,246.98,13499.3216,16990.9874,0
16108,247.12,13499.3216,16990.9874,0
16128,247.42,13499.3216,16990.9874,0
16135,247.53,13499.3216,16990.9874,0
16168,247.86,13500.6666,16990.9874,0
16173,248.00,13500.6666,16990.9874,0
16184,248.33,13500.6666,16990.9874,0
16188,248.46,13500.6666,16990.9874,0
16191,248.49,13500.6666,16990.9874,0
16192,248.49,13500.6666,16990.9874,0
16193,248.49,13500.6666,16990.9874,0
16208,248.78,13500.6666,16990.9874,0
16212,248.80,13522.2346,16990.9874,0
16216,248.88,13522.2346,16990.9874,0
16219,248.93,13522.2346,16990.9874,0
16222,248.98,13522.2346,16990.9874,0
16227,249.15,13522.2346,16990.9874,0
16229,249.15,13522.2346,16990.9874,0
16235,249.30,13522.2346,16990.9874,0
16237,249.34,13522.2346,16990.9874,0
16244,249.49,13522.2346,16990.9874,0
16245,249.51,13522.2346,16990.9874,0
16251,249.65,13522.2346,16990.9874,0
16252,249.67,13522.2346,16990.9874,0
16257,249.74,13522.2346,16990.9874,0
16258,249.76,13522.2346,16990.9874,0
16260,249.79,13522.2346,16990.9874,0
16261,249.79,13522.2346,16990.9874,0
16262,249.81,13522.2346,16990.9874,0
16264,249.85,13641.7496,16990.9874,0
16265,249.87,13641.7496,16990.9874,0
16266,249.89,13641.7496,16990.9874,0
16273,250.03,13641.7496,16990.9874,0
16274,250.05,13741.5777,16990.9874,0
16283,250.31,13741.5777,16990.9874,0
16288,250.40,13741.5777,16990.9874,0
16309,250.78,13741.5777,16990.9874,0
16341,251.21,13742.3234,16990.9874,0
16345,251.36,13742.3234,16990.9874,0
16373,252.04,13742.3234,16990.9874,0
16379,252.11,13742.3234,16990.9874,0
16385,252.30,13773.6450,16990.9874,0
16386,252.34,13773.6450,16990.9874,0
16387,252.36,13773.6450,16990.9874,0
16389,252.45,13773.6450,16990.9874,0
16390,252.47,13773.6450,16990.9874,0
16392,252.58,13773.6450,16990.9874,0
16393,252.65,13773.6450,16990.9874,0
16395,252.67,13773.6450,16990.9874,0
16396,252.71,13773.6450,16990.9874,0
16397,252.75,13793.8512,16990.9874,0
16400,252.84,13793.8512,16990.9874,0
16401,252.87,13823.6563,16990.9874,0
16417,253.38,13823.6563,16990.9874,0
16426,253.55,13823.6563,16990.9874,0
16441,253.69,13823.6563,16990.9874,0
16444,253.77,14047.6889,16990.9874,0
16454,254.07,14059.1310,16990.9874,0
16464,254.31,14062.3091,16990.9874,0
16466,254.38,14062.3091,16990.9874,0
16476,254.72,14062.3091,16990.9874,0
16479,254.80,14062.3091,16990.9874,0
16496,255.21,14062.3091,16990.9874,0
16508,255.43,14062.3091,16990.9874,0
16511,255.46,14062.3091,16990.9874,0
16516,255.50,14062.3091,16990.9874,0
16522,255.59,14062.3091,16990.9874,0
16525,255.63,14062.3091,16990.9874,0
16535,255.72,14062.3091,16990.9874,0
16546,255.87,14062.3091,16990.9874,0
16552,255.90,14062.3091,16990.9874,0
16561,256.01,14062.3091,16990.9874,0
16562,256.01,14062.3091,16990.9874,0
16565,256.03,14062.3091,16990.9874,1
16566,256.07,13903.8937,16990.9874,0
16567,256.09,13903.8937,16990.9874,0
16568,256.13,13903.8937,16990.9874,0
16573,256.31,13903.8937,16990.9874,0
16578,256.45,13903.8937,16990.9874,0
16579,256.52,13903.8937,16990.9874,0
16581,256.57,14069.1408,16990.9874,0
16587,256.76,14069.1408,16990.9874,0
16595,256.96,14069.1408,16990.9874,0
16596,257.00,14069.1408,16990.9874,0
16603,257.24,14073.4265,16990.9874,0
16616,257.63,14073.4265,16990.9874,0
16617,257.64,14073.4265,16990.9874,0
16619,257.70,14073.4265,16990.9874,0
16620,257.72,14073.4265,16990.9874,0
16631,257.94,14152.6139,16990.9874,0
16632,257.96,14152.6139,16990.9874,0
16633,258.01,14198.4184,16990.9874,0
16635,258.03,14198.4184,16990.9874,0
16641,258.18,14198.4184,16990.9874,0
16643,258.20,14198.4184,16990.9874,0
16652,258.34,14198.4184,16990.9874,0
16657,258.37,14198.4184,16990.9874,0
16660,258.44,14202.9729,16990.9874,0
16664,258.65,14202.9729,16990.9874,0
16665,258.67,14202.9729,16990.9874,0
16666,258.69,14228.7882,16990.9874,0
16670,258.84,14228.7882,16990.9874,0
16671,258.84,14228.7882,16990.9874,0
16672,258.89,14228.7882,16990.9874,0
16675,258.93,14228.7882,16990.9874,0
16710,259.75,14228.7882,16990.9874,0
16711,259.75,14228.7882,16990.9874,0
16721,259.92,14228.7882,16990.9874,0
16727,260.01,14228.7882,16990.9874,0
16730,260.04,14228.7882,16990.9874,0
16745,260.14,14228.7882,16990.9874,0
16753,260.21,14228.7882,16990.9874,0
16756,260.25,14228.7882,16990.9874,0
16763,260.30,14228.7882,16990.9874,0
16767,260.36,14228.7882,16990.9874,1
16768,260.43,13711.6787,16990.9874,0
16774,260.61,13711.6787,16990.9874,0
16782,260.67,13711.6787,16990.9874,0
16800,261.16,13711.6787,16990.9874,0
16811,261.41,13711.6787,16990.9874,0
16814,261.45,13711.6787,16990.9874,0
16820,261.56,13817.8579,16990.9874,0
16825,261.71,13817.8579,16990.9874,0
16845,262.19,13817.8579,16990.9874,0
16852,262.33,13817.8579,16990.9874,0
16868,262.69,13817.8579,16990.9874,0
16889,262.95,13817.8579,16990.9874,0
16903,263.10,13817.8579,16990.9874,0
16921,263.27,13817.8579,16990.9874,1
16922,263.31,13263.0053,16990.9874,0
16924,263.36,13505.4970,16990.9874,0
16925,263.38,13749.2654,16990.9874,0
16928,263.49,13749.2654,16990.9874,0
16929,263.55,13749.2654,16990.9874,0
16930,263.58,13749.2654,16990.9874,0
16932,263.69,13826.6180,16990.9874,0
16933,263.73,13826.6180,16990.9874,0
16937,263.88,13826.6180,16990.9874,0
16945,264.11,13826.6180,16990.9874,0
16946,264.13,13838.7782,16990.9874,0
16949,264.23,13838.7782,16990.9874,0
16955,264.46,13861.0470,16990.9874,0
16968,264.79,13861.0470,16990.9874,0
16971,264.79,13861.0470,16990.9874,0
16986,265.13,13861.0470,16990.9874,0
16987,265.15,13861.0470,16990.9874,0
17000,265.49,13861.0470,16990.9874,0
17018,265.88,13881.0883,16990.9874,0
17022,266.04,13881.0883,16990.9874,0
17047,266.63,13881.0883,16990.9874,0
17048,266.69,13881.0883,16990.9874,0
17059,266.85,13881.0883,16990.9874,0
17060,266.85,13881.0883,16990.9874,0
17075,267.02,13881.0883,16990.9874,0
17077,267.04,13881.0883,16990.9874,0
17085,267.27,13881.0883,16990.9874,0
17086,267.29,13881.0883,16990.9874,0
17092,267.38,13881.0883,16990.9874,0
17100,267.52,13881.0883,16990.9874,0
17104,267.56,13881.0883,16990.9874,0
17119,267.71,13881.0883,16990.9874,1
17120,267.81,12985.2009,16990.9874,0
17121,267.85,13310.6119,16990.9874,0
17122,267.89,13310.6119,16990.9874,0
17123,267.91,13310.6119,16990.9874,0
17124,267.95,13483.8431,16990.9874,0
17129,268.14,13615.3026,16990.9874,0
17132,268.21,13615.3026,16990.9874,0
17139,268.46,13615.3026,16990.9874,0
17143,268.58,13615.3026,16990.9874,0
17158,268.92,13615.3026,16990.9874,0
17165,269.03,13615.3026,16990.9874,0
17166,269.03,13615.3026,16990.9874,0
17172,269.20,13615.3026,16990.9874,0
17177,269.27,13615.3026,16990.9874,0
17181,269.34,13615.3026,16990.9874,0
17184,269.38,13615.3026,16990.9874,0
17191,269.51,13615.3026,16990.9874,0
17194,269.51,13615.3026,16990.9874,0
17204,269.64,13615.3026,16990.9874,0
17206,269.70,13615.3026,16990.9874,0
17213,269.82,13615.3026,16990.9874,0
17218,269.92,13615.3026,16990.9874,0
17223,269.92,13615.3026,16990.9874,0
17230,270.01,13615.3026,16990.9874,1
17231,270.10,13141.1901,16990.9874,0
17232,270.12,13141.1901,16990.9874,0
17233,270.13,13205.2381,16990.9874,0
17234,270.15,13205.2381,16990.9874,0
17235,270.19,13205.2381,16990.9874,0
17236,270.25,13205.2381,16990.9874,0
17237,270.28,13205.2381,16990.9874,0
17238,270.33,13431.2923,16990.9874,0
17239,270.39,13431.2923,16990.9874,0
17241,270.44,13431.2923,16990.9874,0
17244,270.56,13431.2923,16990.9874,0
17247,270.61,13436.8187,16990.9874,0
17248,270.63,13436.8187,16990.9874,0
17249,270.65,13456.3946,16990.9874,0
17250,270.67,13456.3946,16990.9874,0
17252,270.72,13499.5423,16990.9874,0
17253,270.74,13614.9980,16990.9874,0
17255,270.80,13614.9980,16990.9874,0
17257,270.86,13614.9980,16990.9874,0
17259,270.91,13643.6651,16990.9874,0
17263,271.05,13643.6651,16990.9874,0
17264,271.08,13678.5743,16990.9874,0
17266,271.14,13678.5743,16990.9874,0
17271,271.23,13678.5743,16990.9874,0
17275,271.32,13678.5743,16990.9874,0
17278,271.39,13678.5743,16990.9874,0
17280,271.47,13678.5743,16990.9874,0
17284,271.57,13692.4351,16990.9874,0
17286,271.64,13692.4351,16990.9874,0
17287,271.64,13692.4351,16990.9874,0
17288,271.66,13692.4351,16990.9874,0
17290,271.72,13692.4351,16990.9874,0
17292,271.77,13692.4351,16990.9874,0
17297,271.86,13692.4351,16990.9874,0
17299,271.90,13696.8485,16990.9874,0
17300,271.94,13698.4514,16990.9874,0
17303,271.98,13698.4514,16990.9874,0
17306,272.03,13698.4514,16990.9874,0
17308,272.09,13698.4514,16990.9874,0
17309,272.12,13698.4514,16990.9874,0
17311,272.18,13698.4514,16990.9874,0
17312,272.19,13698.4514,16990.9874,0
17315,272.22,13698.4514,16990.9874,0
17317,272.22,13698.4514,16990.9874,0
17318,272.22,13698.4514,16990.9874,0
17321,272.22,13698.4514,16990.9874,0
17322,272.22,13698.4514,16990.9874,0
17324,272.36,13836.1162,16990.9874,0
17325,272.38,13836.1162,16990.9874,0
17330,272.49,13836.1162,16990.9874,0
17336,272.62,13836.1162,16990.9874,0
17338,272.68,13847.2317,16990.9874,0
17340,272.75,13847.2317,16990.9874,0
17345,272.82,13847.2317,16990.9874,0
17347,272.86,13847.2317,16990.9874,0
17349,272.89,13847.2317,16990.9874,0
17351,272.91,13847.2317,16990.9874,0
17354,272.94,13847.2317,16990.9874,0
17356,272.94,13847.2317,16990.9874,0
17358,272.97,13847.2317,16990.9874,0
17359,272.97,13847.2317,16990.9874,0
17360,273.00,13847.2317,16990.9874,0
17361,273.03,13847.2317,16990.9874,0
17363,273.07,13852.4273,16990.9874,0
17364,273.14,13919.7849,16990.9874,0
17368,273.22,13919.7849,16990.9874,0
17370,273.31,13919.7849,16990.9874,0
17373,273.41,13919.7849,16990.9874,0
17374,273.42,13919.7849,16990.9874,0
17375,273.44,13919.7849,16990.9874,0
17376,273.46,13919.7849,16990.9874,0
17378,273.50,13919.7849,16990.9874,0
17380,273.55,13919.7849,16990.9874,0
17381,273.56,13919.7849,16990.9874,0
17384,273.57,13919.7849,16990.9874,0
17386,273.63,13919.7849,16990.9874,0
17388,273.64,13919.7849,16990.9874,0
17391,273.73,13926.3434,16990.9874,0
17397,273.98,13926.3434,16990.9874,0
17402,274.07,13926.3434,16990.9874,0
17403,274.09,13926.3434,16990.9874,0
17412,274.26,13926.3434,16990.9874,0
17413,274.27,13926.3434,16990.9874,0
17424,274.37,13926.3434,16990.9874,0
17429,274.46,13926.3434,16990.9874,0
17432,274.51,13926.3434,16990.9874,0
17433,274.53,13926.3434,16990.9874,0
17439,274.55,13926.3434,16990.9874,0
17440,274.58,13926.3434,16990.9874,0
17443,274.61,13926.3434,16990.9874,0
17444,274.61,13926.3434,16990.9874,0
17449,274.67,13926.3434,16990.9874,0
17450,274.69,13926.3434,16990.9874,0
17453,274.69,13926.3434,16990.9874,0
17458,274.77,13926.3434,16990.9874,0
17462,274.79,13926.3434,16990.9874,0
17464,274.79,13926.3434,16990.9874,0
17466,274.84,13926.3434,16990.9874,0
17470,274.85,13926.3434,16990.9874,0
17474,274.88,13926.3434,16990.9874,0
17475,274.88,13926.3434,16990.9874,0
17485,274.98,13943.7828,16990.9874,0
17488,275.05,13943.7828,16990.9874,0
17489,275.05,13943.7828,16990.9874,0
17492,275.11,13943.7828,16990.9874,0
17494,275.13,13943.7828,16990.9874,0
17495,275.18,13944.4245,16990.9874,0
17496,275.21,13953.6709,16990.9874,0
17499,275.31,13953.6709,16990.9874,0
17502,275.42,13953.6709,16990.9874,0
17503,275.46,13954.6238,16990.9874,0
17504,275.50,13954.6238,16990.9874,0
17505,275.54,13954.6238,16990.9874,0
17506,275.56,13954.6238,16990.9874,0
17507,275.58,13954.6238,16990.9874,0
17508,275.59,13954.6238,16990.9874,0
17510,275.67,13954.6238,16990.9874,0
17515,275.75,13954.6238,16990.9874,0
17516,275.77,13954.6238,16990.9874,0
17517,275.79,13954.6238,16990.9874,0
17518,275.83,13954.6238,16990.9874,0
17519,275.85,13954.6238,16990.9874,0
17522,275.89,13954.6238,16990.9874,0
17523,275.91,13954.6238,16990.9874,0
17524,275.93,13954.6238,16990.9874,0
17525,275.94,13954.6238,16990.9874,0
17526,275.97,13954.6238,16990.9874,0
17528,276.02,13954.6238,16990.9874,0
17529,276.06,13954.6238,16990.9874,0
17530,276.07,13954.6238,16990.9874,0
17531,276.12,13954.6238,16990.9874,0
17534,276.17,13954.6238,16990.9874,0
17537,276.19,14009.3461,16990.9874,0
17543,276.34,14009.3461,16990.9874,0
17546,276.39,14009.3461,16990.9874,0
17553,276.51,14009.3461,16990.9874,0
17556,276.54,14009.3461,16990.9874,0
17559,276.56,14010.0313,16990.9874,0
17560,276.59,14010.0313,16990.9874,0
17564,276.67,14010.0313,16990.9874,0
17568,276.74,14010.0313,16990.9874,0
17570,276.80,14010.0313,16990.9874,0
17571,276.84,14010.0313,16990.9874,0
17576,276.92,14010.0313,16990.9874,0
17578,276.99,14010.0313,16990.9874,0
17580,277.02,14010.0313,16990.9874,0
17581,277.03,14010.0313,16990.9874,0
17585,277.17,14010.0313,16990.9874,0
17586,277.17,14010.0313,16990.9874,0
17599,277.29,14010.0313,16990.9874,0
17600,277.31,14010.0313,16990.9874,0
17604,277.36,14010.0313,16990.9874,0
17606,277.39,14010.0313,16990.9874,0
17607,277.43,14010.0313,16990.9874,0
17609,277.45,14010.0313,16990.9874,0
17612,277.47,14010.0313,16990.9874,0
17614,277.47,14010.0313,16990.9874,0
17616,277.50,14010.0313,16990.9874,0
17617,277.54,14010.0313,16990.9874,0
17618,277.55,14010.0313,16990.9874,0
17621,277.61,14010.0313,16990.9874,0
17624,277.71,14010.0313,16990.9874,0
17632,277.87,14010.0313,16990.9874,0
17633,277.89,14010.0313,16990.9874,0
17636,277.90,14010.0313,16990.9874,0
17637,277.92,14010.0313,16990.9874,0
17640,277.94,14010.0313,16990.9874,0
17642,277.97,14010.0313,16990.9874,0
17648,278.04,14010.0313,16990.9874,0
17649,278.07,14010.0313,16990.9874,0
17650,278.09,14010.0313,16990.9874,0
17651,278.09,14010.0313,16990.9874,0
17660,278.18,14010.0313,16990.9874,1
17661,278.22,13208.6735,16990.9874,0
17662,278.24,13208.6735,16990.9874,0
17663,278.26,13208.6735,16990.9874,0
17664,278.26,13208.6735,16990.9874,0
17666,278.37,13208.6735,16990.9874,0
17668,278.46,13212.0869,16990.9874,0
17669,278.50,13212.0869,16990.9874,0
17672,278.61,13212.0869,16990.9874,0
17673,278.63,13212.0869,16990.9874,0
17674,278.65,13212.0869,16990.9874,0
17675,278.68,13212.0869,16990.9874,0
17676,278.72,13217.2821,16990.9874,0
17677,278.76,13294.9082,16990.9874,0
17680,278.89,13340.2232,16990.9874,0
17682,278.95,13340.2232,16990.9874,0
17684,279.01,13340.6233,16990.9874,0
17686,279.10,13340.6233,16990.9874,0
17688,279.17,13340.6233,16990.9874,0
17689,279.19,13340.6233,16990.9874,0
17690,279.23,13340.6233,16990.9874,0
17691,279.23,13340.6233,16990.9874,0
17692,279.27,13340.6233,16990.9874,0
17693,279.27,13340.6233,16990.9874,0
17694,279.35,13340.6233,16990.9874,0
17695,279.37,13423.6791,16990.9874,0
17696,279.41,13423.6791,16990.9874,0
17697,279.43,13423.6791,16990.9874,0
17698,279.47,13424.2311,16990.9874,0
17702,279.63,13424.2311,16990.9874,0
17704,279.68,13462.8186,16990.9874,0
17713,280.04,13670.0495,16990.9874,0
17714,280.09,13670.0495,16990.9874,0
17716,280.12,13670.0495,16990.9874,0
17717,280.20,13758.1471,16990.9874,0
17718,280.23,13758.1471,16990.9874,0
17722,280.37,13769.8097,16990.9874,0
17723,280.40,13861.5976,16990.9874,0
17726,280.49,13861.5976,16990.9874,0
17728,280.53,13861.5976,16990.9874,0
17732,280.58,13861.9167,16990.9874,0
17733,280.65,13861.9167,16990.9874,0
17740,280.80,13861.9167,16990.9874,0
17746,280.92,13861.9167,16990.9874,0
17758,281.17,13861.9167,16990.9874,0
17761,281.20,13861.9167,16990.9874,0
17772,281.26,13861.9167,16990.9874,0
17796,281.51,13861.9167,16990.9874,0
17810,281.62,13861.9167,16990.9874,0
17821,281.71,13861.9167,16990.9874,0
17826,281.75,13874.1744,16990.9874,0
17828,281.77,13874.1744,16990.9874,0
17829,281.77,13874.1744,16990.9874,0
17830,281.78,13874.1744,16990.9874,0
17832,281.80,13874.3184,16990.9874,0
17834,281.86,13874.3184,16990.9874,0
17835,281.88,13874.3184,16990.9874,0
17836,281.95,13874.3184,16990.9874,0
17838,281.97,13918.5793,16990.9874,0
17841,282.01,13918.5793,16990.9874,0
17849,282.14,13918.5793,16990.9874,0
17858,282.27,13922.7181,16990.9874,0
17859,282.30,13922.7181,16990.9874,0
17861,282.32,13922.7181,16990.9874,0
17862,282.34,13922.7181,16990.9874,0
17867,282.41,13922.7181,16990.9874,0
17868,282.42,13922.7181,16990.9874,0
17875,282.48,13922.7181,16990.9874,0
17876,282.50,13922.7181,16990.9874,0
17880,282.55,13922.7181,16990.9874,0
17881,282.55,13922.7181,16990.9874,0
17882,282.64,13922.7181,16990.9874,0
17889,282.67,13922.7181,16990.9874,0
17891,282.68,13922.7181,16990.9874,0
17895,282.71,13922.7181,16990.9874,0
17896,282.72,13922.7181,16990.9874,0
17898,282.76,13922.7181,16990.9874,0
17900,282.85,13925.7264,16990.9874,0
17901,282.87,13925.7264,16990.9874,0
17903,282.91,13925.7264,16990.9874,0
17904,282.94,14065.5169,16990.9874,0
17906,283.01,14065.5169,16990.9874,0
17907,283.02,14065.5169,16990.9874,0
17909,283.07,14065.5169,16990.9874,0
17911,283.16,14065.5169,16990.9874,0
17912,283.17,14065.5169,16990.9874,0
17915,283.29,14065.5169,16990.9874,0
17919,283.34,14065.5169,16990.9874,0
17922,283.36,14065.5169,16990.9874,0
17925,283.41,14065.5169,16990.9874,0
17926,283.41,14065.5169,16990.9874,0
17928,283.44,14065.5169,16990.9874,0
17933,283.48,14065.5169,16990.9874,0
17935,283.50,14065.5169,16990.9874,0
17940,283.58,14065.5169,16990.9874,0
17944,283.62,14065.5169,16990.9874,0
17945,283.62,14065.5169,16990.9874,0
17947,283.66,14066.7215,16990.9874,0
17961,283.81,14066.7215,16990.9874,0
17972,283.92,14066.7215,16990.9874,0
17981,284.06,14066.7215,16990.9874,0
17985,284.14,14066.7215,16990.9874,0
17986,284.18,14066.7215,16990.9874,0
17987,284.22,14066.7215,16990.9874,0
17994,284.34,14066.7215,16990.9874,0
17997,284.39,14066.7215,16990.9874,0
18005,284.49,14066.7215,16990.9874,0
18013,284.57,14066.7215,16990.9874,0
18023,284.60,14066.7215,16990.9874,0
18025,284.64,14066.7215,16990.9874,0
18027,284.66,14066.7215,16990.9874,0
18028,284.66,14066.7215,16990.9874,0
18033,284.72,14066.7215,16990.9874,0
18035,284.73,14066.7215,16990.9874,0
18036,284.73,14066.7215,16990.9874,0
18039,284.78,14066.7215,16990.9874,0
18041,284.80,14066.7215,16990.9874,0
18048,284.85,14066.7215,16990.9874,1
18049,284.88,12681.8452,16990.9874,0
18051,284.88,12681.8452,16990.9874,0
18052,284.90,13189.5744,16990.9874,0
18053,284.91,13189.5744,16990.9874,0
18054,284.92,13189.9605,16990.9874,0
18055,284.94,13323.2950,16990.9874,0
18056,284.96,13323.2950,16990.9874,0
18057,284.97,13323.2950,16990.9874,0
18058,284.99,13334.3411,16990.9874,0
18059,285.00,13690.0088,16990.9874,0
18062,285.02,14004.6864,16990.9874,0
18063,285.03,14017.2321,16990.9874,0
18064,285.05,14147.7595,16990.9874,0
18066,285.07,14147.7595,16990.9874,0
18067,285.08,14147.7595,16990.9874,0
18068,285.10,14147.7595,16990.9874,0
18069,285.11,14147.7595,16990.9874,0
18072,285.11,14147.7595,16990.9874,0
18073,285.13,14271.8775,16990.9874,0
18074,285.15,14271.8775,16990.9874,0
18075,285.16,14271.8775,16990.9874,0
18076,285.20,14287.9369,16990.9874,0
18078,285.22,14406.1047,16990.9874,0
18081,285.25,14406.1047,16990.9874,0
18082,285.27,14406.1047,16990.9874,0
18084,285.31,14406.1047,16990.9874,0
18085,285.33,14406.1047,16990.9874,0
18088,285.38,14406.1047,16990.9874,0
18089,285.39,14406.1047,16990.9874,0
18091,285.39,14406.1047,16990.9874,0
18092,285.41,14406.1047,16990.9874,0
18093,285.43,14406.1047,16990.9874,0
18094,285.45,14406.1047,16990.9874,0
18096,285.49,14406.1047,16990.9874,0
18098,285.49,14406.1047,16990.9874,0
18101,285.51,14406.1047,16990.9874,0
18102,285.53,14406.1047,16990.9874,0
18103,285.55,14406.1047,16990.9874,0
18107,285.60,14406.1047,16990.9874,0
18108,285.60,14406.1047,16990.9874,0
18109,285.61,14406.1047,16990.9874,0
18111,285.61,14406.1047,16990.9874,0
18116,285.65,14406.1047,16990.9874,0
18120,285.68,14406.1047,16990.9874,0
18121,285.68,14406.1047,16990.9874,0
18122,285.68,14406.1047,16990.9874,0
18124,285.68,14406.1047,16990.9874,0
18125,285.68,14406.1047,16990.9874,0
18126,285.68,14406.1047,16990.9874,0
18129,285.69,14406.1047,16990.9874,0
18132,285.73,14406.1047,16990.9874,0
18133,285.75,14406.1047,16990.9874,0
18136,285.78,14406.1047,16990.9874,0
18139,285.83,14406.1047,16990.9874,0
18141,285.83,14406.1047,16990.9874,0
18142,285.85,14406.1047,16990.9874,0
18143,285.85,14406.1047,16990.9874,0
18144,285.85,14406.1047,16990.9874,0
18146,285.87,14406.1047,16990.9874,0
18148,285.87,14406.1047,16990.9874,0
18149,285.88,14406.1047,16990.9874,0
18152,285.90,14406.1047,16990.9874,0
18153,285.90,14406.1047,16990.9874,0
18154,285.90,14406.1047,16990.9874,0
18156,285.93,14406.1047,16990.9874,0
18157,285.93,14406.1047,16990.9874,0
18158,285.93,14406.1047,16990.9874,0
18159,285.93,14406.1047,16990.9874,0
18160,285.95,14406.1047,16990.9874,0
18161,285.95,14406.1047,16990.9874,0
18162,285.95,14406.1047,16990.9874,0
18163,285.95,14406.1047,16990.9874,0
18166,285.98,14406.1047,16990.9874,0
18168,285.98,14406.1047,16990.9874,0
18169,285.98,14406.1047,16990.9874,0
18171,286.00,14406.1047,16990.9874,0
18174,286.03,14406.1047,16990.9874,0
18175,286.04,14406.1047,16990.9874,0
18177,286.04,14406.1047,16990.9874,0
18178,286.05,14406.1047,16990.9874,0
18179,286.05,14406.1047,16990.9874,1
18180,286.08,13043.3850,16990.9874,0
18182,286.08,13043.3850,16990.9874,0
18184,286.10,13097.9215,16990.9874,0
18186,286.12,13271.7129,16990.9874,0
18187,286.14,13419.2559,16990.9874,0
18188,286.15,13419.2559,16990.9874,0
18189,286.17,13601.3018,16990.9874,0
18192,286.20,13601.3018,16990.9874,0
18194,286.21,13601.3018,16990.9874,0
18197,286.26,13601.3018,16990.9874,0
18200,286.30,13601.3018,16990.9874,0
18203,286.42,13777.8448,16990.9874,0
18204,286.44,13777.8448,16990.9874,0
18205,286.45,13777.8448,16990.9874,0
18206,286.48,13847.0597,16990.9874,0
18207,286.50,13847.0597,16990.9874,0
18208,286.53,13847.0597,16990.9874,0
18209,286.53,13847.0597,16990.9874,0
18210,286.53,13847.0597,16990.9874,0
18211,286.57,13847.0597,16990.9874,0
18212,286.62,13847.0597,16990.9874,0
18213,286.63,13986.3434,16990.9874,0
18214,286.65,13986.3434,16990.9874,0
18215,286.66,13986.3434,16990.9874,0
18217,286.67,13986.3434,16990.9874,0
18218,286.68,13986.3434,16990.9874,0
18219,286.68,13986.3434,16990.9874,0
18220,286.68,13986.3434,16990.9874,0
18222,286.68,13986.3434,16990.9874,0
18223,286.72,14094.0255,16990.9874,0
18224,286.74,14094.0255,16990.9874,0
18226,286.75,14139.4209,16990.9874,0
18227,286.77,14139.4209,16990.9874,0
18228,286.79,14139.4209,16990.9874,0
18229,286.80,14139.4209,16990.9874,0
18230,286.80,14139.4209,16990.9874,0
18231,286.80,14139.4209,16990.9874,0
18232,286.82,14155.1678,16990.9874,0
18235,286.84,14155.1678,16990.9874,0
18236,286.85,14155.1678,16990.9874,0
18237,286.87,14240.4813,16990.9874,0
18238,286.89,14305.2813,16990.9874,0
18239,286.91,14572.6978,16990.9874,0
18240,286.92,14572.6978,16990.9874,0
18241,286.92,14572.6978,16990.9874,0
18242,286.92,14572.6978,16990.9874,0
18243,286.92,14572.6978,16990.9874,0
18244,286.92,14572.6978,16990.9874,0
18246,286.94,14626.3162,16990.9874,0
18247,286.97,14653.8419,16990.9874,0
18248,286.98,14999.8975,16990.9874,0
18249,286.99,14999.8975,16990.9874,0
18251,287.00,15008.6848,16990.9874,0
18252,287.02,15008.6848,16990.9874,0
18253,287.03,15008.6848,16990.9874,0
18254,287.05,15008.6848,16990.9874,0
18255,287.06,15008.6848,16990.9874,0
18256,287.08,15008.6848,16990.9874,0
18257,287.10,15008.6848,16990.9874,0
18258,287.10,15008.6848,16990.9874,0
18259,287.12,15008.6848,16990.9874,0
18260,287.13,15008.6848,16990.9874,0
18261,287.15,15008.6848,16990.9874,0
18263,287.17,15034.1812,16990.9874,0
18264,287.19,15034.1812,16990.9874,0
18267,287.21,15034.1812,16990.9874,0
18268,287.21,15034.1812,16990.9874,0
18269,287.23,15034.1812,16990.9874,0
18270,287.24,15034.1812,16990.9874,0
18274,287.28,15034.1812,16990.9874,0
18275,287.28,15034.1812,16990.9874,0
18277,287.29,15034.1812,16990.9874,0
18278,287.29,15034.1812,16990.9874,0
18280,287.33,15034.1812,16990.9874,0
18281,287.34,15034.1812,16990.9874,0
18282,287.35,15034.1812,16990.9874,0
18284,287.38,15034.1812,16990.9874,0
18285,287.38,15034.1812,16990.9874,0
18286,287.39,15034.1812,16990.9874,0
18288,287.41,15034.1812,16990.9874,0
18289,287.41,15034.1812,16990.9874,0
18295,287.48,15034.1812,16990.9874,0
18298,287.52,15034.1812,16990.9874,0
18300,287.54,15034.1812,16990.9874,0
18303,287.58,15045.4491,16990.9874,0
18304,287.59,15045.4491,16990.9874,0
18306,287.61,15045.4491,16990.9874,0
18308,287.63,15045.4491,16990.9874,0
18309,287.65,15090.2782,16990.9874,0
18310,287.66,15090.2782,16990.9874,0
18312,287.71,15090.2782,16990.9874,0
18313,287.72,15090.2782,16990.9874,0
18315,287.76,15090.2782,16990.9874,0
18318,287.79,15090.2782,16990.9874,0
18319,287.81,15090.2782,16990.9874,0
18320,287.81,15090.2782,16990.9874,0
18321,287.84,15090.2782,16990.9874,0
18325,287.86,15090.2782,16990.9874,0
18331,287.95,15090.2782,16990.9874,0
18335,287.95,15090.2782,16990.9874,0
18340,287.98,15090.2782,16990.9874,0
18342,288.00,15090.2782,16990.9874,0
18343,288.00,15090.2782,16990.9874,0
18345,288.00,15090.2782,16990.9874,0
18347,288.00,15090.2782,16990.9874,0
18351,288.06,15090.2782,16990.9874,0
18352,288.06,15090.2782,16990.9874,0
18353,288.06,15090.2782,16990.9874,0
18354,288.09,15218.7127,16990.9874,0
18358,288.14,15218.7127,16990.9874,0
18360,288.16,15262.6264,16990.9874,0
18361,288.18,15457.0264,16990.9874,0
18362,288.20,15457.0264,16990.9874,0
18364,288.23,15593.5245,16990.9874,0
18366,288.26,15593.5245,16990.9874,0
18367,288.27,15593.5245,16990.9874,0
18368,288.28,15593.5245,16990.9874,0
18369,288.30,15593.5245,16990.9874,0
18373,288.32,15593.5245,16990.9874,0
18376,288.34,15593.5245,16990.9874,0
18380,288.39,15593.5245,16990.9874,0
18381,288.39,15593.5245,16990.9874,0
18382,288.39,15593.5245,16990.9874,0
18383,288.41,15593.5245,16990.9874,0
18384,288.42,15593.5245,16990.9874,0
18386,288.42,15593.5245,16990.9874,0
18387,288.44,15593.5245,16990.9874,0
18388,288.45,15593.5245,16990.9874,0
18392,288.47,15593.5245,16990.9874,0
18398,288.55,15593.5245,16990.9874,0
18399,288.55,15593.5245,16990.9874,0
18406,288.63,15593.5245,16990.9874,0
18407,288.63,15593.5245,16990.9874,0
18408,288.63,15593.5245,16990.9874,0
18414,288.70,15593.5245,16990.9874,0
18419,288.77,15593.5245,16990.9874,0
18421,288.78,15593.5245,16990.9874,0
18423,288.79,15593.5245,16990.9874,0
18425,288.81,15593.5245,16990.9874,0
18426,288.82,15593.5245,16990.9874,0
18427,288.83,15593.5245,16990.9874,0
18431,288.87,15593.5245,16990.9874,0
18437,288.93,15593.5245,16990.9874,0
18439,288.94,15593.5245,16990.9874,0
18445,289.01,15593.5245,16990.9874,0
18446,289.01,15593.5245,16990.9874,0
18447,289.01,15593.5245,16990.9874,0
18448,289.01,15593.5245,16990.9874,0
18449,289.01,15593.5245,16990.9874,0
18453,289.04,15593.5245,16990.9874,0
18457,289.07,15593.5245,16990.9874,0
18458,289.07,15593.5245,16990.9874,0
18460,289.08,15593.5245,16990.9874,0
18461,289.09,15593.5245,16990.9874,0
18462,289.09,15593.5245,16990.9874,0
18465,289.11,15593.5245,16990.9874,1
18466,289.14,13526.0871,16990.9874,0
18467,289.16,13526.0871,16990.9874,0
18468,289.18,13844.9435,16990.9874,0
18469,289.22,14060.9540,16990.9874,0
18470,289.24,14085.5561,16990.9874,0
18471,289.25,14085.5561,16990.9874,0
18472,289.27,14085.5561,16990.9874,0
18473,289.27,14085.5561,16990.9874,0
18475,289.28,14085.5561,16990.9874,0
18476,289.29,14085.5561,16990.9874,0
18477,289.29,14085.5561,16990.9874,0
18478,289.30,14085.5561,16990.9874,0
18479,289.32,14085.5561,16990.9874,0
18480,289.34,14085.5561,16990.9874,0
18481,289.36,14102.9105,16990.9874,0
18483,289.38,14102.9105,16990.9874,0
18484,289.40,14179.4950,16990.9874,0
18485,289.41,14179.4950,16990.9874,0
18487,289.45,14184.8554,16990.9874,0
18488,289.47,14510.4015,16990.9874,0
18491,289.49,14510.4015,16990.9874,0
18492,289.51,14510.4015,16990.9874,0
18493,289.51,14510.4015,16990.9874,0
18494,289.53,14510.4015,16990.9874,0
18495,289.55,14519.1105,16990.9874,0
18497,289.57,14732.5856,16990.9874,0
18498,289.59,14866.7121,16990.9874,0
18501,289.61,14866.7121,16990.9874,0
18503,289.62,14883.0459,16990.9874,0
18504,289.64,14883.0459,16990.9874,0
18505,289.66,14901.6632,16990.9874,0
18508,289.70,14901.6632,16990.9874,0
18509,289.70,14901.6632,16990.9874,0
18511,289.74,14901.6632,16990.9874,0
18518,289.80,14901.6632,16990.9874,0
18519,289.81,14901.6632,16990.9874,0
18521,289.83,14901.6632,16990.9874,0
18522,289.85,14901.6632,16990.9874,0
18523,289.90,14967.7558,16990.9874,0
18525,289.93,14967.7558,16990.9874,0
18531,289.98,14967.7558,16990.9874,0
18539,290.07,14976.5426,16990.9874,0
18540,290.09,14976.5426,16990.9874,0
18542,290.11,14976.5426,16990.9874,0
18545,290.15,14976.5426,16990.9874,0
18548,290.21,14976.5426,16990.9874,0
18549,290.23,14976.5426,16990.9874,0
18551,290.23,14976.5426,16990.9874,0
18553,290.23,14976.5426,16990.9874,0
18554,290.23,14976.5426,16990.9874,0
18557,290.24,14976.5426,16990.9874,0
18560,290.29,14976.5426,16990.9874,0
18563,290.33,14976.5426,16990.9874,0
18566,290.35,14976.5426,16990.9874,0
18569,290.36,14976.5426,16990.9874,0
18571,290.38,14976.5426,16990.9874,0
18572,290.38,14976.5426,16990.9874,0
18574,290.38,14976.5426,16990.9874,0
18577,290.42,14976.5426,16990.9874,0
18580,290.46,14976.5426,16990.9874,0
18581,290.46,14976.5426,16990.9874,0
18582,290.46,14976.5426,16990.9874,0
18584,290.48,14976.5426,16990.9874,0
18588,290.51,14976.5426,16990.9874,0
18590,290.53,14976.5426,16990.9874,0
18591,290.53,14976.5426,16990.9874,0
18592,290.53,14976.5426,16990.9874,0
18593,290.53,14976.5426,16990.9874,0
18596,290.53,14976.5426,16990.9874,0
18597,290.53,14976.5426,16990.9874,0
18598,290.53,14976.5426,16990.9874,0
18600,290.54,14976.5426,16990.9874,0
18602,290.56,14976.5426,16990.9874,0
18603,290.58,14977.3899,16990.9874,0
18604,290.62,15037.1618,16990.9874,0
18607,290.64,15037.1618,16990.9874,0
18609,290.68,15037.1618,16990.9874,0
18612,290.71,15037.1618,16990.9874,0
18615,290.74,15037.1618,16990.9874,0
18618,290.74,15037.1618,16990.9874,0
18619,290.76,15037.1618,16990.9874,0
18620,290.76,15037.1618,16990.9874,0
18621,290.78,15037.1618,16990.9874,0
18622,290.80,15037.1618,16990.9874,0
18623,290.80,15037.1618,16990.9874,0
18628,290.84,15037.1618,16990.9874,0
18629,290.84,15037.1618,16990.9874,0
18630,290.85,15037.1618,16990.9874,0
18631,290.87,15037.1618,16990.9874,0
18632,290.87,15037.1618,16990.9874,0
18634,290.89,15037.1618,16990.9874,0
18635,290.89,15037.1618,16990.9874,0
18636,290.91,15037.1618,16990.9874,0
18638,290.91,15037.1618,16990.9874,0
18639,290.93,15037.1618,16990.9874,0
18642,290.95,15037.1618,16990.9874,0
18646,290.97,15037.1618,16990.9874,0
18647,290.98,15037.1618,16990.9874,0
18649,290.98,15037.1618,16990.9874,0
18653,291.02,15054.1450,16990.9874,0
18654,291.03,15054.1450,16990.9874,0
18655,291.03,15054.1450,16990.9874,0
18656,291.07,15135.1668,16990.9874,0
18658,291.09,15192.2594,16990.9874,0
18662,291.11,15192.2594,16990.9874,0
18663,291.13,15192.2594,16990.9874,0
18664,291.16,15282.9090,16990.9874,0
18665,291.17,15282.9090,16990.9874,0
18666,291.19,15282.9090,16990.9874,0
18668,291.20,15282.9090,16990.9874,0
18670,291.24,15282.9090,16990.9874,0
18671,291.26,15284.9470,16990.9874,0
18672,291.28,15284.9470,16990.9874,0
18674,291.30,15284.9470,16990.9874,0
18677,291.30,15284.9470,16990.9874,0
18684,291.35,15284.9470,16990.9874,0
18685,291.35,15284.9470,16990.9874,0
18694,291.49,15284.9470,16990.9874,0
18695,291.50,15284.9470,16990.9874,0
18697,291.50,15284.9470,16990.9874,0
18699,291.50,15284.9470,16990.9874,0
18701,291.52,15284.9470,16990.9874,0
18705,291.59,15286.2817,16990.9874,0
18707,291.64,15286.2817,16990.9874,0
18710,291.70,15286.5359,16990.9874,0
18711,291.72,15286.5359,16990.9874,0
18715,291.76,15286.5359,16990.9874,0
18716,291.78,15286.5359,16990.9874,0
18718,291.80,15286.5359,16990.9874,0
18719,291.82,15286.5359,16990.9874,0
18727,291.95,15286.5359,16990.9874,0
18729,291.95,15286.5359,16990.9874,0
18730,291.95,15286.5359,16990.9874,0
18732,291.97,15286.5359,16990.9874,0
18733,291.97,15286.5359,16990.9874,0
18737,292.01,15286.5359,16990.9874,0
18739,292.03,15286.5359,16990.9874,0
18740,292.05,15292.2850,16990.9874,0
18742,292.06,15292.2850,16990.9874,0
18743,292.09,15292.2850,16990.9874,0
18747,292.09,15292.2850,16990.9874,0
18748,292.11,15292.2850,16990.9874,0
18749,292.11,15292.2850,16990.9874,0
18751,292.14,15292.2850,16990.9874,0
18752,292.14,15292.2850,16990.9874,0
18753,292.14,15292.2850,16990.9874,0
18757,292.18,15292.2850,16990.9874,0
18759,292.20,15292.2850,16990.9874,0
18760,292.22,15292.2850,16990.9874,0
18762,292.24,15292.2850,16990.9874,0
18763,292.24,15292.2850,16990.9874,0
18766,292.28,15292.2850,16990.9874,0
18773,292.37,15292.2850,16990.9874,0
18777,292.39,15292.2850,16990.9874,0
18778,292.39,15292.2850,16990.9874,0
18780,292.39,15292.2850,16990.9874,0
18782,292.41,15292.2850,16990.9874,0
18784,292.43,15292.2850,16990.9874,0
18785,292.43,15292.2850,16990.9874,0
18786,292.43,15292.2850,16990.9874,0
18792,292.47,15292.2850,16990.9874,0
18793,292.48,15292.2850,16990.9874,0
18794,292.48,15292.2850,16990.9874,0
18795,292.48,15292.2850,16990.9874,0
18796,292.49,15292.2850,16990.9874,0
18798,292.51,15292.2850,16990.9874,0
18799,292.51,15292.2850,16990.9874,0
18804,292.57,15292.2850,16990.9874,0
18805,292.57,15292.2850,16990.9874,0
18807,292.57,15292.2850,16990.9874,0
18809,292.60,15292.2850,16990.9874,0
18810,292.62,15292.2850,16990.9874,0
18812,292.63,15292.2850,16990.9874,0
18814,292.65,15292.2850,16990.9874,0
18815,292.65,15292.2850,16990.9874,0
18817,292.65,15292.2850,16990.9874,0
18822,292.70,15292.2850,16990.9874,0
18823,292.71,15292.2850,16990.9874,0
18828,292.75,15292.2850,16990.9874,0
18829,292.77,15293.3807,16990.9874,0
18830,292.79,15293.3807,16990.9874,0
18832,292.81,15293.3807,16990.9874,0
18834,292.84,15315.5432,16990.9874,0
18835,292.86,15315.5432,16990.9874,0
18839,292.92,15315.5432,16990.9874,0
18844,292.96,15315.5432,16990.9874,0
18846,293.01,15315.5432,16990.9874,0
18848,293.01,15315.5432,16990.9874,0
18849,293.01,15315.5432,16990.9874,0
18851,293.03,15315.5432,16990.9874,0
18852,293.03,15315.5432,16990.9874,0
18853,293.05,15346.1341,16990.9874,0
18854,293.06,15346.1341,16990.9874,0
18855,293.09,15346.1341,16990.9874,0
18856,293.10,15346.1341,16990.9874,0
18858,293.11,15346.1341,16990.9874,0
18859,293.13,15346.1341,16990.9874,0
18860,293.13,15346.1341,16990.9874,0
18861,293.13,15346.1341,16990.9874,0
18865,293.15,15346.1341,16990.9874,0
18867,293.15,15346.1341,16990.9874,0
18868,293.15,15346.1341,16990.9874,0
18869,293.18,15346.1341,16990.9874,0
18870,293.18,15346.1341,16990.9874,0
18871,293.18,15346.1341,16990.9874,0
18872,293.18,15346.1341,16990.9874,0
18873,293.19,15346.1341,16990.9874,0
18882,293.27,15346.1341,16990.9874,0
18886,293.32,15346.1341,16990.9874,0
18887,293.32,15346.1341,16990.9874,0
18889,293.35,15346.1341,16990.9874,0
18891,293.39,15346.1341,16990.9874,0
18892,293.39,15346.1341,16990.9874,0
18897,293.39,15346.1341,16990.9874,0
18900,293.43,15346.1341,16990.9874,0
18903,293.44,15346.1341,16990.9874,0
18907,293.46,15346.1341,16990.9874,0
18909,293.48,15346.1341,16990.9874,0
18910,293.49,15346.1341,16990.9874,0
18911,293.49,15346.1341,16990.9874,0
18913,293.51,15346.1341,16990.9874,0
18918,293.58,15346.1341,16990.9874,0
18920,293.58,15346.1341,16990.9874,0
18921,293.58,15346.1341,16990.9874,0
18922,293.59,15346.1341,16990.9874,0
18926,293.61,15346.1341,16990.9874,0
18927,293.61,15346.1341,16990.9874,0
18929,293.61,15346.1341,16990.9874,0
18933,293.63,15346.1341,16990.9874,0
18936,293.65,15346.1341,16990.9874,0
18937,293.66,15346.1341,16990.9874,0
18941,293.69,15346.1341,16990.9874,0
18946,293.74,15346.1341,16990.9874,0
18948,293.74,15346.1341,16990.9874,0
18949,293.75,15346.1341,16990.9874,0
18951,293.77,15346.1341,16990.9874,0
18952,293.78,15346.1341,16990.9874,0
18953,293.79,15346.1341,16990.9874,0
18954,293.79,15346.1341,16990.9874,1
18955,293.83,13992.6436,16990.9874,0
18956,293.86,13992.6436,16990.9874,0
18957,293.88,14017.3388,16990.9874,0
18958,293.89,14017.3388,16990.9874,0
18960,293.91,14240.4508,16990.9874,0
18962,293.93,14259.3051,16990.9874,0
18963,293.95,14259.3051,16990.9874,0
18964,293.97,14268.5158,16990.9874,0
18966,293.99,14372.4552,16990.9874,0
18967,294.01,14372.4552,16990.9874,0
18969,294.01,14372.4552,16990.9874,0
18971,294.05,14372.4552,16990.9874,0
18972,294.05,14372.4552,16990.9874,0
18976,294.11,14372.4552,16990.9874,0
18977,294.11,14372.4552,16990.9874,0
18978,294.12,14372.4552,16990.9874,0
18980,294.12,14372.4552,16990.9874,0
18982,294.12,14372.4552,16990.9874,0
18983,294.12,14372.4552,16990.9874,0
18989,294.21,14372.4552,16990.9874,0
18990,294.21,14372.4552,16990.9874,0
18991,294.21,14372.4552,16990.9874,0
18992,294.21,14372.4552,16990.9874,0
18993,294.23,14372.4552,16990.9874,0
18994,294.24,14372.4552,16990.9874,0
18997,294.26,14372.4552,16990.9874,0
18998,294.29,14372.4552,16990.9874,0
19000,294.31,14372.4552,16990.9874,0
19004,294.37,14372.4552,16990.9874,0
19005,294.37,14372.4552,16990.9874,0
19007,294.40,14372.4552,16990.9874,0
19008,294.42,14372.4552,16990.9874,0
19009,294.42,14372.4552,16990.9874,0
19010,294.43,14372.4552,16990.9874,0
19012,294.43,14372.4552,16990.9874,0
19014,294.47,14372.4552,16990.9874,0
19015,294.47,14372.4552,16990.9874,0
19016,294.48,14372.4552,16990.9874,0
19019,294.48,14372.4552,16990.9874,0
19021,294.49,14372.4552,16990.9874,0
19027,294.58,14372.4552,16990.9874,0
19028,294.59,14372.4552,16990.9874,0
19029,294.59,14372.4552,16990.9874,0
19032,294.61,14372.4552,16990.9874,0
19036,294.67,14372.4552,16990.9874,0
19037,294.67,14372.4552,16990.9874,0
19039,294.69,14372.4552,16990.9874,0
19041,294.72,14372.4552,16990.9874,0
19047,294.82,14372.4552,16990.9874,0
19048,294.85,14372.4552,16990.9874,0
19050,294.85,14372.4552,16990.9874,0
19052,294.88,14372.4552,16990.9874,0
19053,294.90,14372.4552,16990.9874,0
19054,294.90,14372.4552,16990.9874,0
19058,294.94,14372.4552,16990.9874,0
19060,294.94,14372.4552,16990.9874,0
19061,294.94,14372.4552,16990.9874,0
19062,294.94,14372.4552,16990.9874,0
19067,295.00,14372.4552,16990.9874,1
19068,295.03,12826.1580,16990.9874,0
19069,295.04,13141.9872,16990.9874,0
19070,295.06,13265.4228,16990.9874,0
19071,295.08,13265.4228,16990.9874,0
19072,295.10,13265.4228,16990.9874,0
19074,295.12,13381.5440,16990.9874,0
19075,295.14,13493.7110,16990.9874,0
19076,295.16,13493.7110,16990.9874,0
19078,295.19,13517.7973,16990.9874,0
19079,295.21,13550.7469,16990.9874,0
19081,295.24,13550.7469,16990.9874,0
19083,295.28,13550.7469,16990.9874,0
19084,295.29,13550.7469,16990.9874,0
19085,295.31,13550.7469,16990.9874,0
19089,295.36,13550.7469,16990.9874,0
19090,295.38,13550.7469,16990.9874,0
19094,295.40,13550.7469,16990.9874,0
19096,295.42,13550.7469,16990.9874,0
19098,295.46,13571.0730,16990.9874,0
19099,295.48,13613.1917,16990.9874,0
19100,295.51,13775.5750,16990.9874,0
19104,295.52,13775.5750,16990.9874,0
19105,295.61,13775.5750,16990.9874,0
19107,295.61,13775.5750,16990.9874,0
19108,295.66,13868.7838,16990.9874,0
19109,295.70,13868.7838,16990.9874,0
19110,295.72,13868.7838,16990.9874,0
19113,295.72,13868.7838,16990.9874,0
19114,295.75,13868.7838,16990.9874,0
19115,295.75,13868.7838,16990.9874,0
19116,295.75,13868.7838,16990.9874,0
19118,295.77,13885.1182,16990.9874,0
19120,295.82,13885.1182,16990.9874,0
19123,295.86,13885.1182,16990.9874,0
19124,295.86,13885.1182,16990.9874,0
19125,295.86,13885.1182,16990.9874,0
19126,295.86,13885.1182,16990.9874,0
19127,295.88,13885.1182,16990.9874,0
19129,295.91,13885.1182,16990.9874,0
19130,295.92,13885.1182,16990.9874,0
19132,295.93,13885.1182,16990.9874,0
19133,295.95,13886.5607,16990.9874,0
19134,295.97,13886.5607,16990.9874,0
19137,296.01,13886.5607,16990.9874,0
19138,296.03,13886.5607,16990.9874,0
19139,296.04,13886.5607,16990.9874,0
19140,296.06,13886.5607,16990.9874,0
19142,296.10,13886.5607,16990.9874,0
19148,296.14,13886.5607,16990.9874,0
19149,296.14,13886.5607,16990.9874,0
19150,296.16,13886.5607,16990.9874,0
19155,296.19,13886.5607,16990.9874,0
19158,296.21,13886.5607,16990.9874,0
19160,296.24,13886.5607,16990.9874,0
19161,296.26,13886.5607,16990.9874,0
19162,296.26,13886.5607,16990.9874,0
19164,296.26,13886.5607,16990.9874,0
19167,296.27,13886.5607,16990.9874,0
19168,296.27,13886.5607,16990.9874,0
19170,296.29,13886.5607,16990.9874,0
19171,296.29,13886.5607,16990.9874,0
19173,296.33,13886.5607,16990.9874,0
19175,296.36,13886.5607,16990.9874,0
19180,296.41,13886.5607,16990.9874,0
19183,296.43,13886.5607,16990.9874,0
19184,296.45,13886.5607,16990.9874,0
19185,296.47,13886.5607,16990.9874,0
19186,296.48,13886.5607,16990.9874,0
19189,296.53,13886.5607,16990.9874,0
19193,296.59,13886.5607,16990.9874,0
19194,296.59,13886.5607,16990.9874,0
19196,296.62,13886.5607,16990.9874,0
19197,296.63,13886.5607,16990.9874,0
19199,296.64,13886.5607,16990.9874,0
19201,296.66,13886.5607,16990.9874,0
19202,296.66,13886.5607,16990.9874,0
19203,296.66,13886.5607,16990.9874,0
19205,296.67,13886.5607,16990.9874,0
19206,296.67,13886.5607,16990.9874,0
19208,296.69,13886.5607,16990.9874,0
19213,296.76,13886.5607,16990.9874,0
19214,296.76,13886.5607,16990.9874,0
19215,296.76,13886.5607,16990.9874,0
19219,296.76,13886.5607,16990.9874,0
19220,296.76,13886.5607,16990.9874,0
19221,296.77,13886.5607,16990.9874,0
19222,296.77,13886.5607,16990.9874,0
19224,296.77,13886.5607,16990.9874,0
19225,296.77,13886.5607,16990.9874,0
19226,296.77,13886.5607,16990.9874,0
19230,296.80,13886.5607,16990.9874,0
19231,296.80,13886.5607,16990.9874,0
19234,296.80,13886.5607,16990.9874,1
19235,296.84,12271.0195,16990.9874,0
19236,296.85,12271.0195,16990.9874,0
19237,296.87,12484.6051,16990.9874,0
19238,296.88,12484.6051,16990.9874,0
19239,296.90,12774.0760,16990.9874,0
19240,296.92,13022.2143,16990.9874,0
19241,296.94,13022.2143,16990.9874,0
19242,296.96,13177.4461,16990.9874,0
19244,296.98,13177.4461,16990.9874,0
19245,297.00,13177.4461,16990.9874,0
19246,297.02,13251.8893,16990.9874,0
19247,297.03,13251.8893,16990.9874,0
19248,297.05,13251.8893,16990.9874,0
19249,297.07,13281.9978,16990.9874,0
19250,297.09,13379.3453,16990.9874,0
19252,297.11,13379.3453,16990.9874,0
19253,297.12,13379.3453,16990.9874,0
19254,297.14,13379.3453,16990.9874,0
19255,297.16,13379.3453,16990.9874,0
19256,297.16,13379.3453,16990.9874,0
19257,297.17,13379.3453,16990.9874,0
19259,297.19,13379.3453,16990.9874,0
19260,297.21,13379.3453,16990.9874,0
19265,297.25,13379.3453,16990.9874,0
19266,297.27,13408.3508,16990.9874,0
19267,297.30,13465.3886,16990.9874,0
19270,297.34,13465.3886,16990.9874,0
19272,297.37,13465.3886,16990.9874,0
19273,297.39,13465.3886,16990.9874,0
19276,297.45,13469.7642,16990.9874,0
19277,297.46,13469.7642,16990.9874,0
19278,297.48,13469.7642,16990.9874,0
19279,297.50,13469.7642,16990.9874,0
19280,297.51,13469.7642,16990.9874,0
19281,297.53,13469.7642,16990.9874,0
19282,297.55,13469.7642,16990.9874,0
19283,297.56,13469.7642,16990.9874,0
19284,297.58,13479.5005,16990.9874,0
19285,297.60,13658.5776,16990.9874,0
19286,297.62,13696.2038,16990.9874,0
19290,297.69,13703.7705,16990.9874,0
19292,297.71,14003.5430,16990.9874,0
19294,297.73,14003.5430,16990.9874,0
19297,297.75,14003.5430,16990.9874,0
19299,297.80,14005.8865,16990.9874,0
19300,297.82,14005.8865,16990.9874,0
19301,297.84,14011.9714,16990.9874,0
19302,297.86,14113.1511,16990.9874,0
19304,297.88,14113.1511,16990.9874,0
19305,297.90,14113.1511,16990.9874,0
19306,297.92,14113.1511,16990.9874,0
19307,297.92,14113.1511,16990.9874,0
19308,297.93,14113.1511,16990.9874,0
19309,297.96,14418.9614,16990.9874,0
19310,297.99,14445.2187,16990.9874,0
19312,298.03,14445.2187,16990.9874,0
19314,298.03,14445.2187,16990.9874,0
19319,298.07,14449.4489,16990.9874,0
19320,298.09,14449.4489,16990.9874,0
19321,298.11,14449.4489,16990.9874,0
19322,298.13,14449.4489,16990.9874,0
19323,298.14,14449.4489,16990.9874,0
19324,298.19,14449.4489,16990.9874,0
19326,298.24,14449.4489,16990.9874,0
19327,298.29,14474.4121,16990.9874,0
19328,298.30,14474.4121,16990.9874,0
19330,298.34,14592.6076,16990.9874,0
19332,298.36,14759.7261,16990.9874,0
19333,298.38,14759.7261,16990.9874,0
19335,298.40,14759.7261,16990.9874,0
19341,298.45,14759.7261,16990.9874,0
19349,298.49,14759.7261,16990.9874,0
19353,298.54,14759.7261,16990.9874,0
19355,298.56,14759.7261,16990.9874,0
19359,298.60,14759.7261,16990.9874,0
19365,298.66,14759.7261,16990.9874,0
19375,298.79,14759.7261,16990.9874,0
19377,298.79,14759.7261,16990.9874,0
19386,298.89,14759.7261,16990.9874,0
19393,298.94,14759.7261,16990.9874,0
19395,298.95,14759.7261,16990.9874,0
19396,298.95,14759.7261,16990.9874,0
19398,298.97,14760.8778,16990.9874,0
19399,299.00,14760.8778,16990.9874,0
19402,299.04,14790.3633,16990.9874,0
19407,299.09,14790.3633,16990.9874,0
19409,299.11,14790.3633,16990.9874,0
19411,299.13,14790.3633,16990.9874,0
19413,299.15,14790.3633,16990.9874,0
19418,299.18,14790.3633,16990.9874,0
19423,299.22,14790.3633,16990.9874,0
19427,299.26,14792.9614,16990.9874,0
19428,299.28,14792.9614,16990.9874,0
19431,299.30,14792.9614,16990.9874,0
19434,299.30,14792.9614,16990.9874,0
19435,299.35,14838.2271,16990.9874,0
19450,299.56,14838.2271,16990.9874,0
19452,299.56,14838.2271,16990.9874,0
19454,299.59,14838.2271,16990.9874,0
19458,299.63,14838.2271,16990.9874,0
19470,299.74,14838.2271,16990.9874,0
19472,299.74,14838.2271,16990.9874,0
19475,299.76,14838.2271,16990.9874,0
19477,299.79,14838.2271,16990.9874,0
19478,299.80,14838.2271,16990.9874,0
19480,299.80,14838.2271,16990.9874,0
19483,299.86,14838.2271,16990.9874,0
19485,299.86,14838.2271,16990.9874,0
19486,299.91,14838.2271,16990.9874,0
19491,299.92,14838.2271,16990.9874,0
19492,299.93,14838.2271,16990.9874,0
19500,299.98,14838.2271,16990.9874,0
19502,299.99,14838.2271,16990.9874,0
19504,299.99,14838.2271,16990.9874,0
19506,299.99,14838.2271,16990.9874,0
19510,300.00,14838.2271,16990.9874,0
19511,300.00,14838.2271,16990.9874,0
19514,300.03,14838.2271,16990.9874,0
19522,300.10,14838.2271,16990.9874,0
19524,300.12,14838.2271,16990.9874,0
19530,300.15,14838.2271,16990.9874,0
19533,300.16,14838.2271,16990.9874,0
19536,300.18,14838.2271,16990.9874,1
19537,300.21,12837.3406,16990.9874,0
19539,300.24,12837.3406,16990.9874,0
19540,300.26,12940.1744,16990.9874,0
19541,300.34,13015.4206,16990.9874,0
19543,300.37,13143.3541,16990.9874,0
19545,300.40,13364.3154,16990.9874,0
19546,300.43,13483.9294,16990.9874,0
19547,300.47,13673.8115,16990.9874,0
19550,300.50,13673.8115,16990.9874,0
19552,300.55,13673.8115,16990.9874,0
19553,300.55,13673.8115,16990.9874,0
19557,300.60,13673.8115,16990.9874,0
19564,300.66,13673.8115,16990.9874,0
19565,300.66,13673.8115,16990.9874,0
19566,300.67,13673.8115,16990.9874,0
19571,300.69,13673.8115,16990.9874,0
19573,300.77,13673.8115,16990.9874,0
19576,300.82,13673.8115,16990.9874,0
19578,300.89,13673.8115,16990.9874,0
19579,300.91,13673.8115,16990.9874,0
19580,300.94,13673.8115,16990.9874,0
19581,300.99,13706.2560,16990.9874,0
19585,301.02,13717.5605,16990.9874,0
19586,301.05,13769.2242,16990.9874,0
19587,301.07,13886.5025,16990.9874,0
19588,301.08,13886.5025,16990.9874,0
19596,301.12,13886.5025,16990.9874,0
19597,301.12,13886.5025,16990.9874,0
19607,301.23,13886.5025,16990.9874,0
19608,301.26,13886.5025,16990.9874,0
19609,301.28,13886.5025,16990.9874,0
19610,301.33,13886.5025,16990.9874,0
19611,301.33,13886.5025,16990.9874,0
19613,301.37,13886.5025,16990.9874,0
19616,301.39,13886.5025,16990.9874,0
19617,301.39,13886.5025,16990.9874,0
19618,301.43,13892.3548,16990.9874,0
19619,301.47,13894.5247,16990.9874,0
19621,301.52,14057.5907,16990.9874,0
19622,301.56,14115.8059,16990.9874,0
19623,301.62,14142.6357,16990.9874,0
19625,301.64,14142.6357,16990.9874,0
19627,301.67,14149.5572,16990.9874,0
19628,301.71,14149.7312,16990.9874,0
19629,301.76,14228.9020,16990.9874,0
19630,301.82,14336.7113,16990.9874,0
19632,301.87,14336.7113,16990.9874,0
19633,301.90,14336.7113,16990.9874,0
19644,301.97,14336.7113,16990.9874,0
19645,301.97,14336.7113,16990.9874,0
19648,301.99,14336.7113,16990.9874,0
19654,302.02,14336.7113,16990.9874,0
19656,302.07,14336.7113,16990.9874,0
19658,302.07,14336.7113,16990.9874,0
19659,302.07,14336.7113,16990.9874,0
19674,302.24,14336.7113,16990.9874,0
19682,302.33,14428.8467,16990.9874,0
19684,302.36,14921.8197,16990.9874,0
19685,302.38,14921.8197,16990.9874,0
19687,302.44,14921.8197,16990.9874,0
19695,302.55,14921.8197,16990.9874,0
19700,302.57,14921.8197,16990.9874,0
19703,302.63,14924.8412,16990.9874,0
19704,302.65,14925.1030,16990.9874,0
19705,302.71,14925.1030,16990.9874,0
19707,302.74,14925.1030,16990.9874,0
19708,302.78,15042.8816,16990.9874,0
19709,302.82,15042.8816,16990.9874,0
19715,302.88,15042.8816,16990.9874,0
19718,302.93,15042.8816,16990.9874,0
19719,302.95,15042.8816,16990.9874,0
19720,302.95,15042.8816,16990.9874,0
19726,303.00,15042.8816,16990.9874,0
19728,303.03,15042.8816,16990.9874,0
19733,303.09,15042.8816,16990.9874,0
19738,303.14,15042.8816,16990.9874,0
19740,303.16,15042.8816,16990.9874,0
19741,303.16,15042.8816,16990.9874,0
19742,303.23,15047.4968,16990.9874,0
19743,303.25,15047.4968,16990.9874,0
19746,303.30,15285.2455,16990.9874,0
19747,303.36,15387.6682,16990.9874,0
19749,303.38,15448.0894,16990.9874,0
19750,303.42,15448.0894,16990.9874,0
19751,303.45,15448.0894,16990.9874,0
19754,303.48,15448.0894,16990.9874,0
19756,303.48,15448.0894,16990.9874,0
19759,303.51,15448.0894,16990.9874,0
19767,303.57,15448.0894,16990.9874,0
19770,303.63,15448.0894,16990.9874,0
19777,303.69,15448.0894,16990.9874,0
19780,303.73,15448.0894,16990.9874,0
19783,303.76,15448.0894,16990.9874,0
19785,303.78,15448.0894,16990.9874,0
19787,303.81,15448.0894,16990.9874,0
19788,303.83,15448.0894,16990.9874,0
19789,303.83,15448.0894,16990.9874,0
19793,303.85,15448.0894,16990.9874,0
19796,303.86,15448.0894,16990.9874,0
19797,303.87,15448.0894,16990.9874,0
19798,303.88,15448.0894,16990.9874,0
19799,303.88,15448.0894,16990.9874,0
19806,303.91,15448.0894,16990.9874,0
19808,303.93,15448.0894,16990.9874,0
19809,303.93,15448.0894,16990.9874,0
19812,303.95,15448.0894,16990.9874,0
19814,304.00,15448.0894,16990.9874,0
19817,304.05,15448.0894,16990.9874,0
19818,304.05,15448.0894,16990.9874,0
19819,304.05,15448.0894,16990.9874,0
19822,304.09,15448.0894,16990.9874,0
19824,304.10,15448.0894,16990.9874,0
19833,304.15,15448.0894,16990.9874,0
19841,304.21,15448.0894,16990.9874,0
19844,304.25,15448.0894,16990.9874,0
19846,304.25,15448.0894,16990.9874,0
19849,304.28,15448.0894,16990.9874,0
19850,304.28,15448.0894,16990.9874,1
19851,304.31,13179.8227,16990.9874,0
19852,304.32,13409.3825,16990.9874,0
19853,304.34,13455.2969,16990.9874,0
19854,304.35,13490.2493,16990.9874,0
19855,304.39,13603.8087,16990.9874,0
19856,304.41,13792.3904,16990.9874,0
19857,304.44,13812.8108,16990.9874,0
19861,304.47,13847.1083,16990.9874,0
19862,304.50,14066.6440,16990.9874,0
19864,304.57,14066.6440,16990.9874,0
19865,304.59,14379.0238,16990.9874,0
19866,304.62,14751.1984,16990.9874,0
19867,304.64,15053.9966,16990.9874,0
19868,304.66,15334.2572,16990.9874,0
19869,304.68,15347.2824,16990.9874,0
19871,304.72,15420.3592,16990.9874,0
19872,304.74,15420.3592,16990.9874,0
19873,304.76,15586.1689,16990.9874,0
19874,304.78,15685.4334,16990.9874,0
19875,304.81,15685.4334,16990.9874,0
19876,304.83,15685.4334,16990.9874,0
19877,304.85,15726.1763,16990.9874,0
19879,304.87,15726.1763,16990.9874,0
19880,304.90,15726.1763,16990.9874,0
19881,304.92,15808.6571,16990.9874,0
19882,304.95,15839.0721,16990.9874,0
19883,305.01,15839.0721,16990.9874,0
19884,305.05,15967.4275,16990.9874,0
19885,305.09,15967.4275,16990.9874,0
19886,305.10,15967.4275,16990.9874,0
19891,305.18,15967.4275,16990.9874,0
19892,305.18,15967.4275,16990.9874,0
19893,305.25,15967.4275,16990.9874,0
19894,305.26,15967.4275,16990.9874,0
19898,305.32,15967.4275,16990.9874,0
19902,305.43,15967.4275,16990.9874,0
19908,305.48,15967.4275,16990.9874,0
19910,305.49,15967.4275,16990.9874,0
19914,305.54,15967.4275,16990.9874,0
19917,305.56,15967.4275,16990.9874,0
19921,305.59,15967.4275,16990.9874,0
19927,305.62,15967.4275,16990.9874,0
19931,305.66,15967.4275,16990.9874,0
19936,305.72,15967.4275,16990.9874,0
19942,305.75,15967.4275,16990.9874,0
19947,305.79,15967.4275,16990.9874,0
19949,305.84,15967.4275,16990.9874,0
19953,305.84,15967.4275,16990.9874,0
19954,305.84,15967.4275,16990.9874,0
19955,305.85,15967.4275,16990.9874,0
19963,305.93,15967.4275,16990.9874,0
19966,305.94,15967.4275,16990.9874,0
19968,305.98,15968.8602,16990.9874,0
19975,306.05,15968.8602,16990.9874,0
19976,306.07,15968.8602,16990.9874,0
19977,306.10,15968.8602,16990.9874,0
19978,306.14,15968.8602,16990.9874,0
19984,306.18,15968.8602,16990.9874,0
19993,306.26,15968.8602,16990.9874,0
19995,306.28,15968.8602,16990.9874,0
19996,306.29,15968.8602,16990.9874,0
19997,306.34,15968.8602,16990.9874,0
20000,306.34,15968.8602,16990.9874,0
20005,306.37,15968.8602,16990.9874,0
20007,306.39,15968.8602,16990.9874,0
20009,306.39,15968.8602,16990.9874,0
20010,306.40,15968.8602,16990.9874,0
20012,306.42,15968.8602,16990.9874,0
20016,306.48,15968.8602,16990.9874,0
20018,306.50,15968.8602,16990.9874,0
20019,306.52,15968.8602,16990.9874,0
20024,306.56,15968.8602,16990.9874,0
20025,306.58,15968.8602,16990.9874,0
20028,306.59,15968.8602,16990.9874,0
20030,306.61,15968.8602,16990.9874,0
20033,306.62,15968.8602,16990.9874,0
20034,306.68,15968.8602,16990.9874,0
20039,306.75,15968.8602,16990.9874,0
20040,306.77,15968.8602,16990.9874,0
20045,306.81,15968.8602,16990.9874,0
20047,306.86,15969.3725,16990.9874,0
20052,306.90,15969.3725,16990.9874,0
20053,306.92,15969.3725,16990.9874,0
20069,307.08,15969.3725,16990.9874,0
20071,307.13,15969.3725,16990.9874,0
20075,307.19,15969.3725,16990.9874,0
20077,307.23,15969.3725,16990.9874,0
20085,307.27,15969.3725,16990.9874,0
20086,307.31,15969.3725,16990.9874,0
20088,307.33,15969.3725,16990.9874,0
20089,307.34,15969.3725,16990.9874,0
20090,307.36,15969.3725,16990.9874,0
20092,307.37,15969.3725,16990.9874,0
20100,307.41,15969.3725,16990.9874,0
20107,307.51,15969.3725,16990.9874,0
20109,307.53,15969.3725,16990.9874,0
20114,307.56,15969.3725,16990.9874,0
20119,307.59,15969.3725,16990.9874,0
20127,307.71,15969.3725,16990.9874,0
20128,307.71,15969.3725,16990.9874,0
20133,307.79,15969.3725,16990.9874,0
20139,307.88,15969.3725,16990.9874,0
20140,307.88,15969.3725,16990.9874,0
20143,307.92,15969.3725,16990.9874,0
20145,307.92,15969.3725,16990.9874,0
20146,307.92,15969.3725,16990.9874,0
20148,307.92,15969.3725,16990.9874,1
20151,307.95,13603.9603,16990.9874,0
20152,307.96,13630.5247,16990.9874,0
20154,307.97,13630.5247,16990.9874,0
20155,307.99,13630.5247,16990.9874,0
20156,308.00,13751.8653,16990.9874,0
20157,308.01,13751.8653,16990.9874,0
20159,308.03,13751.8653,16990.9874,0
20160,308.04,13751.8653,16990.9874,0
20161,308.06,14089.6744,16990.9874,0
20162,308.07,14090.1457,16990.9874,0
20163,308.08,14090.1457,16990.9874,0
20164,308.09,14090.1457,16990.9874,0
20165,308.11,14203.0894,16990.9874,0
20167,308.12,14203.0894,16990.9874,0
20169,308.12,14203.0894,16990.9874,0
20170,308.14,14217.2351,16990.9874,0
20171,308.14,14217.2351,16990.9874,0
20172,308.15,14419.3410,16990.9874,0
20173,308.17,14531.7136,16990.9874,0
20174,308.18,14534.8122,16990.9874,0
20177,308.18,14534.8122,16990.9874,0
20178,308.19,14534.8122,16990.9874,0
20179,308.21,14534.8122,16990.9874,0
20180,308.22,14540.1027,16990.9874,0
20181,308.24,14759.1152,16990.9874,0
20182,308.26,14759.1152,16990.9874,0
20183,308.27,14769.6958,16990.9874,0
20184,308.29,15060.5994,16990.9874,0
20185,308.30,15060.5994,16990.9874,0
20188,308.32,15060.5994,16990.9874,0
20189,308.33,15178.7673,16990.9874,0
20190,308.35,15294.4901,16990.9874,0
20191,308.39,15447.3138,16990.9874,0
20192,308.41,15461.3849,16990.9874,0
20193,308.45,15689.2585,16990.9874,0
20194,308.47,15701.7433,16990.9874,0
20195,308.50,15701.7433,16990.9874,0
20198,308.58,15701.7433,16990.9874,0
20199,308.62,15701.7433,16990.9874,0
20203,308.62,15701.7433,16990.9874,0
20204,308.64,15701.7433,16990.9874,0
20206,308.68,15701.7433,16990.9874,0
20207,308.70,15701.7433,16990.9874,0
20209,308.72,15701.7433,16990.9874,0
20211,308.76,15701.7433,16990.9874,0
20212,308.76,15701.7433,16990.9874,0
20213,308.77,15701.7433,16990.9874,0
20215,308.78,15701.7433,16990.9874,0
20216,308.78,15701.7433,16990.9874,0
20218,308.80,15701.7433,16990.9874,0
20219,308.82,15701.7433,16990.9874,0
20220,308.82,15701.7433,16990.9874,0
20221,308.83,15701.7433,16990.9874,0
20222,308.85,15701.7433,16990.9874,0
20224,308.86,15701.7433,16990.9874,0
20225,308.88,15701.7433,16990.9874,0
20226,308.88,15701.7433,16990.9874,0
20227,308.88,15701.7433,16990.9874,0
20231,308.92,15701.7433,16990.9874,0
20233,308.92,15701.7433,16990.9874,0
20234,308.94,15701.7433,16990.9874,0
20236,308.96,15701.7433,16990.9874,0
20238,308.96,15701.7433,16990.9874,0
20239,308.96,15701.7433,16990.9874,0
20241,308.98,15701.7433,16990.9874,0
20243,308.98,15701.7433,16990.9874,0
20245,308.98,15701.7433,16990.9874,0
20247,308.99,15701.7433,16990.9874,0
20248,308.99,15701.7433,16990.9874,0
20249,309.06,15701.7433,16990.9874,0
20251,309.10,15701.7433,16990.9874,0
20253,309.12,15701.7433,16990.9874,0
20256,309.17,15701.7433,16990.9874,0
20257,309.17,15701.7433,16990.9874,0
20258,309.17,15701.7433,16990.9874,0
20259,309.20,15701.7433,16990.9874,0
20260,309.20,15701.7433,16990.9874,0
20262,309.20,15701.7433,16990.9874,0
20265,309.20,15701.7433,16990.9874,0
20271,309.26,15701.7433,16990.9874,0
20275,309.30,15701.7433,16990.9874,0
20277,309.32,15701.7433,16990.9874,0
20279,309.34,15766.3905,16990.9874,0
20282,309.42,15766.3905,16990.9874,0
20283,309.44,15766.3905,16990.9874,0
20285,309.44,15766.3905,16990.9874,0
20287,309.46,15766.3905,16990.9874,0
20290,309.50,15946.0746,16990.9874,0
20296,309.58,15946.0746,16990.9874,0
20297,309.60,15946.0746,16990.9874,0
20306,309.71,15946.0746,16990.9874,0
20307,309.73,15946.0746,16990.9874,0
20309,309.75,15946.0746,16990.9874,0
20312,309.79,16006.3749,16990.9874,0
20313,309.81,16006.3749,16990.9874,0
20315,309.83,16006.3749,16990.9874,0
20316,309.85,16006.3749,16990.9874,0
20317,309.87,16006.3749,16990.9874,0
20320,309.92,16006.3749,16990.9874,0
20324,309.98,16006.3749,16990.9874,0
20325,310.00,16006.3749,16990.9874,0
20327,310.05,16006.3749,16990.9874,0
20329,310.05,16006.3749,16990.9874,0
20332,310.09,16006.3749,16990.9874,0
20335,310.11,16006.3749,16990.9874,0
20336,310.12,16006.3749,16990.9874,0
20337,310.14,16021.3234,16990.9874,0
20339,310.15,16021.3234,16990.9874,0
20340,310.17,16026.5271,16990.9874,0
20342,310.23,16026.5271,16990.9874,0
20344,310.24,16026.5271,16990.9874,0
20345,310.25,16026.5271,16990.9874,0
20346,310.27,16026.5271,16990.9874,0
20347,310.30,16026.5271,16990.9874,0
20349,310.32,16026.5271,16990.9874,0
20350,310.33,16026.5271,16990.9874,0
20351,310.33,16026.5271,16990.9874,0
20352,310.34,16026.5271,16990.9874,0
20353,310.35,16026.5271,16990.9874,0
20354,310.36,16035.6442,16990.9874,0
20355,310.38,16035.6442,16990.9874,0
20356,310.40,16035.6442,16990.9874,0
20357,310.42,16172.9744,16990.9874,0
20360,310.44,16172.9744,16990.9874,0
20361,310.46,16172.9744,16990.9874,0
20362,310.46,16172.9744,16990.9874,0
20363,310.48,16172.9744,16990.9874,0
20364,310.48,16172.9744,16990.9874,0
20365,310.53,16187.0709,16990.9874,0
20368,310.59,16200.4995,16990.9874,0
20369,310.61,16200.4995,16990.9874,0
20370,310.61,16200.4995,16990.9874,0
20371,310.64,16200.4995,16990.9874,0
20372,310.73,16200.4995,16990.9874,0
20373,310.76,16210.8616,16990.9874,0
20376,310.82,16210.8616,16990.9874,0
20379,310.86,16210.8616,16990.9874,0
20380,310.87,16210.8616,16990.9874,0
20381,310.93,16210.8616,16990.9874,0
20383,310.96,16252.8161,16990.9874,0
20385,311.03,16252.8161,16990.9874,0
20386,311.07,16374.2563,16990.9874,0
20387,311.10,16374.2563,16990.9874,0
20388,311.16,16374.2563,16990.9874,0
20391,311.28,16470.6194,16990.9874,0
20395,311.40,16470.6194,16990.9874,0
20396,311.45,16470.6194,16990.9874,0
20398,311.48,16470.6194,16990.9874,0
20399,311.48,16470.6194,16990.9874,0
20401,311.55,16470.6194,16990.9874,0
20402,311.55,16470.6194,16990.9874,0
20405,311.57,16470.6194,16990.9874,0
20413,311.59,16470.6194,16990.9874,0
20414,311.67,16470.6194,16990.9874,0
20416,311.72,16470.6194,16990.9874,0
20418,311.72,16470.6194,16990.9874,0
20419,311.73,16470.6194,16990.9874,0
20420,311.73,16470.6194,16990.9874,0
20421,311.73,16470.6194,16990.9874,0
20424,311.74,16470.6194,16990.9874,0
20425,311.76,16472.5482,16990.9874,0
20428,311.85,16472.5482,16990.9874,0
20433,311.96,16472.5482,16990.9874,0
20435,311.99,16472.5482,16990.9874,0
20437,312.02,16472.5482,16990.9874,0
20440,312.02,16472.5482,16990.9874,0
20441,312.07,16472.5482,16990.9874,0
20443,312.12,16472.5482,16990.9874,0
20444,312.13,16472.5482,16990.9874,0
20445,312.14,16472.5482,16990.9874,0
20449,312.15,16472.5482,16990.9874,0
20450,312.19,16472.5482,16990.9874,0
20451,312.22,16472.5482,16990.9874,0
20452,312.22,16472.5482,16990.9874,0
20454,312.25,16472.5482,16990.9874,0
20459,312.29,16472.5482,16990.9874,0
20461,312.31,16472.5482,16990.9874,0
20464,312.31,16472.5482,16990.9874,0
20465,312.31,16472.5482,16990.9874,0
20466,312.31,16472.5482,16990.9874,0
20467,312.31,16472.5482,16990.9874,0
20468,312.31,16472.5482,16990.9874,0
20470,312.34,16472.5482,16990.9874,0
20471,312.37,16472.5482,16990.9874,0
20474,312.38,16472.5482,16990.9874,0
20475,312.38,16472.5482,16990.9874,0
20476,312.43,16474.6035,16990.9874,0
20477,312.48,16474.6035,16990.9874,0
20479,312.50,16474.6035,16990.9874,0
20481,312.57,16474.6035,16990.9874,0
20482,312.62,16474.6035,16990.9874,0
20484,312.64,16474.6035,16990.9874,0
20485,312.70,16474.6035,16990.9874,0
20486,312.70,16474.6035,16990.9874,0
20487,312.75,16474.6035,16990.9874,0
20489,312.79,16474.6035,16990.9874,0
20490,312.79,16474.6035,16990.9874,0
20491,312.81,16474.6035,16990.9874,0
20492,312.81,16474.6035,16990.9874,0
20493,312.81,16474.6035,16990.9874,0
20494,312.83,16474.6035,16990.9874,0
20495,312.83,16474.6035,16990.9874,0
20496,312.83,16474.6035,16990.9874,0
20498,312.86,16474.6035,16990.9874,0
20499,312.86,16474.6035,16990.9874,0
20502,312.88,16474.6035,16990.9874,0
20504,312.90,16474.6035,16990.9874,0
20505,312.90,16474.6035,16990.9874,0
20506,312.90,16474.6035,16990.9874,0
20509,312.92,16474.6035,16990.9874,0
20512,312.95,16474.6035,16990.9874,0
20513,312.95,16474.6035,16990.9874,0
20515,312.98,16474.6035,16990.9874,0
20517,313.01,16474.6035,16990.9874,0
20518,313.01,16474.6035,16990.9874,0
20519,313.01,16474.6035,16990.9874,0
20521,313.01,16474.6035,16990.9874,0
20522,313.05,16474.6035,16990.9874,0
20524,313.05,16474.6035,16990.9874,0
20530,313.09,16474.6035,16990.9874,0
20531,313.09,16474.6035,16990.9874,0
20532,313.09,16474.6035,16990.9874,0
20533,313.09,16474.6035,16990.9874,0
20535,313.09,16474.6035,16990.9874,0
20536,313.10,16474.6035,16990.9874,0
20538,313.11,16474.6035,16990.9874,0
20539,313.11,16474.6035,16990.9874,0
20540,313.11,16474.6035,16990.9874,0
20541,313.13,16474.6035,16990.9874,0
20542,313.16,16476.6793,16990.9874,0
20543,313.18,16476.6793,16990.9874,0
20545,313.30,16560.4468,16990.9874,0
20547,313.39,16560.4468,16990.9874,0
20553,313.49,16560.4468,16990.9874,0
20560,313.61,16560.4468,16990.9874,0
20561,313.61,16560.4468,16990.9874,0
20563,313.72,16560.4468,16990.9874,0
20566,313.76,16560.4468,16990.9874,0
20567,313.82,16560.4468,16990.9874,0
20569,313.83,16560.4468,16990.9874,0
20571,313.86,16560.4468,16990.9874,0
20572,313.92,16560.4468,16990.9874,0
20575,313.97,16560.4468,16990.9874,0
20577,313.97,16560.4468,16990.9874,0
20578,313.97,16560.4468,16990.9874,0
20588,314.02,16560.4468,16990.9874,0
20592,314.03,16560.4468,16990.9874,0
20597,314.07,16560.4468,16990.9874,0
20599,314.07,16560.4468,16990.9874,0
20600,314.10,16560.4468,16990.9874,0
20604,314.12,16560.4468,16990.9874,0
20606,314.12,16560.4468,16990.9874,0
20608,314.13,16560.4468,16990.9874,0
20609,314.13,16560.4468,16990.9874,0
20610,314.13,16560.4468,16990.9874,0
20612,314.13,16560.4468,16990.9874,0
20615,314.14,16560.4468,16990.9874,0
20621,314.17,16560.4468,16990.9874,0
20625,314.19,16560.4468,16990.9874,0
20626,314.19,16560.4468,16990.9874,0
20627,314.23,16560.4468,16990.9874,0
20628,314.23,16560.4468,16990.9874,0
20629,314.23,16560.4468,16990.9874,0
20632,314.26,16560.4468,16990.9874,0
20635,314.26,16560.4468,16990.9874,0
20637,314.27,16560.4468,16990.9874,0
20638,314.31,16560.4468,16990.9874,0
20639,314.32,16560.4468,16990.9874,0
20645,314.32,16560.4468,16990.9874,0
20646,314.32,16560.4468,16990.9874,1
20647,314.44,16560.4468,16990.9874,0
20648,314.44,16560.4468,16990.9874,0
20652,314.48,16560.4468,16990.9874,0
20655,314.49,16560.4468,16990.9874,0
20656,314.49,16560.4468,16990.9874,0
20657,314.50,16560.4468,16990.9874,0
20658,314.51,16560.4468,16990.9874,0
20663,314.51,16560.4468,16990.9874,0
20664,314.51,16560.4468,16990.9874,0
20665,314.55,16560.4468,16990.9874,0
20666,314.56,16560.4468,16990.9874,0
20669,314.57,16560.4468,16990.9874,0
20676,314.60,16560.4468,16990.9874,0
20681,314.63,16560.4468,16990.9874,0
20682,314.63,16560.4468,16990.9874,0
20684,314.63,16560.4468,16990.9874,0
20685,314.63,16560.4468,16990.9874,0
20686,314.63,16560.4468,16990.9874,0
20687,314.63,16560.4468,16990.9874,0
20688,314.64,16560.4468,16990.9874,0
20690,314.64,16560.4468,16990.9874,0
20693,314.66,16560.4468,16990.9874,0
20704,314.74,16560.4468,16990.9874,0
20707,314.74,16560.4468,16990.9874,0
20713,314.75,16560.4468,16990.9874,0
20715,314.76,16560.4468,16990.9874,0
20716,314.76,16560.4468,16990.9874,0
20718,314.77,16560.4468,16990.9874,0
20720,314.78,16560.4468,16990.9874,0
20721,314.78,16560.4468,16990.9874,0
20725,314.79,16560.4468,16990.9874,0
20728,314.83,16560.4468,16990.9874,0
20734,314.84,16560.4468,16990.9874,0
20744,314.87,16560.4468,16990.9874,0
20745,314.87,16560.4468,16990.9874,0
20746,314.87,16560.4468,16990.9874,0
20747,314.95,16560.4468,16990.9874,0
20748,314.95,16560.4468,16990.9874,1
20749,314.99,16016.6603,16990.9874,0
20750,315.01,16016.6603,16990.9874,0
20753,315.06,16292.2848,16990.9874,0
20754,315.08,16292.2848,16990.9874,0
20755,315.12,16292.2848,16990.9874,0
20759,315.17,16292.2848,16990.9874,0
20761,315.19,16292.2848,16990.9874,0
20764,315.19,16292.2848,16990.9874,0
20766,315.26,16292.2848,16990.9874,0
20768,315.26,16292.2848,16990.9874,0
20769,315.26,16292.2848,16990.9874,0
20771,315.29,16292.2848,16990.9874,0
20772,315.32,16292.2848,16990.9874,0
20773,315.38,16292.2848,16990.9874,0
20774,315.45,16292.2848,16990.9874,0
20775,315.46,16292.2848,16990.9874,0
20776,315.46,16292.2848,16990.9874,0
20778,315.46,16292.2848,16990.9874,0
20779,315.46,16292.2848,16990.9874,0
20780,315.52,16292.2848,16990.9874,0
20781,315.56,16493.4740,16990.9874,0
20783,315.67,16493.4740,16990.9874,0
20784,315.73,16612.2772,16990.9874,0
20786,315.81,16612.2772,16990.9874,0
20788,315.86,16612.2772,16990.9874,0
20793,315.96,16612.2772,16990.9874,0
20797,316.02,16612.2772,16990.9874,0
20804,316.06,16612.2772,16990.9874,0
20808,316.07,16612.2772,16990.9874,0
20809,316.08,16612.2772,16990.9874,0
20818,316.13,16612.2772,16990.9874,0
20819,316.14,16612.2772,16990.9874,0
20821,316.14,16612.2772,16990.9874,0
20822,316.14,16612.2772,16990.9874,0
20826,316.21,16612.2772,16990.9874,0
20827,316.21,16612.2772,16990.9874,0
20829,316.27,16612.2772,16990.9874,0
20832,316.30,16612.2772,16990.9874,0
20834,316.36,16612.2772,16990.9874,0
20835,316.36,16612.2772,16990.9874,0
20845,316.41,16612.2772,16990.9874,0
20846,316.42,16612.2772,16990.9874,0
20848,316.46,16612.2772,16990.9874,0
20849,316.47,16612.2772,16990.9874,0
20850,316.52,16612.2772,16990.9874,0
20851,316.52,16612.2772,16990.9874,0
20852,316.53,16612.2772,16990.9874,0
20856,316.54,16612.2772,16990.9874,0
20858,316.59,16612.2772,16990.9874,0
20860,316.61,16612.2772,16990.9874,0
20861,316.61,16612.2772,16990.9874,0
20864,316.61,16612.2772,16990.9874,0
20871,316.64,16612.2772,16990.9874,0
20874,316.65,16612.2772,16990.9874,0
20875,316.65,16612.2772,16990.9874,0
20876,316.65,16612.2772,16990.9874,0
20881,316.69,16612.2772,16990.9874,0
20882,316.74,16612.2772,16990.9874,0
20884,316.74,16612.2772,16990.9874,0
20885,316.74,16612.2772,16990.9874,1
20886,316.80,16329.1242,16990.9874,0
20889,316.86,16336.3048,16990.9874,0
20890,316.91,16336.3048,16990.9874,0
20892,317.02,16469.6676,16990.9874,0
20893,317.05,16469.6676,16990.9874,0
20896,317.05,16469.6676,16990.9874,0
20898,317.19,16469.6676,16990.9874,0
20902,317.25,16469.6676,16990.9874,0
20909,317.33,16469.6676,16990.9874,0
20911,317.34,16469.6676,16990.9874,0
20913,317.42,16469.6676,16990.9874,0
20914,317.42,16469.6676,16990.9874,0
20917,317.44,16469.6676,16990.9874,0
20920,317.46,16469.6676,16990.9874,0
20921,317.51,16469.6676,16990.9874,0
20923,317.51,16469.6676,16990.9874,0
20925,317.54,16469.6676,16990.9874,0
20926,317.54,16469.6676,16990.9874,0
20928,317.57,16486.3299,16990.9874,0
20932,317.65,16486.3299,16990.9874,0
20936,317.71,16486.3299,16990.9874,0
20937,317.74,16486.3299,16990.9874,0
20944,317.80,16486.3299,16990.9874,0
20947,317.81,16486.3299,16990.9874,0
20965,317.97,16486.3299,16990.9874,0
20971,318.03,16486.3299,16990.9874,0
20972,318.03,16486.3299,16990.9874,0
20973,318.07,16486.3299,16990.9874,0
20976,318.13,16486.3299,16990.9874,0
21010,318.44,16486.3299,16990.9874,0
21015,318.46,16486.3299,16990.9874,0
21016,318.46,16486.3299,16990.9874,0
21028,318.56,16486.3299,16990.9874,0
21029,318.56,16486.3299,16990.9874,1
21030,318.71,15698.9088,16990.9874,0
21031,318.73,15698.9088,16990.9874,0
21032,318.77,15841.6796,16990.9874,0
21033,318.79,15841.6796,16990.9874,0
21034,318.84,15939.1449,16990.9874,0
21037,318.93,15939.1449,16990.9874,0
21046,319.10,15939.1449,16990.9874,0
21053,319.18,16004.6050,16990.9874,0
21055,319.25,16009.2867,16990.9874,0
21064,319.50,16020.0256,16990.9874,0
21066,319.57,16034.7601,16990.9874,0
21070,319.69,16034.7601,16990.9874,0
21093,320.20,16044.5131,16990.9874,0
21094,320.24,16213.6789,16990.9874,0
21095,320.32,16305.8872,16990.9874,0
21096,320.36,16305.8872,16990.9874,0
21098,320.44,16305.8872,16990.9874,0
21099,320.46,16329.5229,16990.9874,0
21100,320.47,16329.5229,16990.9874,0
21101,320.49,16329.5229,16990.9874,0
21102,320.54,16329.5229,16990.9874,0
21103,320.58,16329.5229,16990.9874,0
21104,320.60,16329.5229,16990.9874,0
21107,320.72,16329.5229,16990.9874,0
21108,320.77,16329.5229,16990.9874,0
21109,320.79,16329.5229,16990.9874,0
21111,320.87,16356.3288,16990.9874,0
21113,320.92,16359.8042,16990.9874,0
21114,320.96,16359.8042,16990.9874,0
21118,321.04,16359.8042,16990.9874,0
21121,321.10,16359.8042,16990.9874,0
21127,321.15,16359.8042,16990.9874,0
21128,321.17,16359.8042,16990.9874,0
21130,321.19,16359.8042,16990.9874,0
21134,321.23,16359.8042,16990.9874,0
21136,321.31,16359.8042,16990.9874,0
21138,321.32,16359.8042,16990.9874,0
21141,321.33,16359.8042,16990.9874,0
21142,321.33,16359.8042,16990.9874,0
21143,321.33,16359.8042,16990.9874,0
21144,321.37,16359.8042,16990.9874,0
21147,321.39,16359.8042,16990.9874,0
21151,321.41,16359.8042,16990.9874,0
21153,321.41,16359.8042,16990.9874,0
21154,321.45,16378.4396,16990.9874,0
21155,321.54,16378.4396,16990.9874,0
21157,321.56,16378.4396,16990.9874,0
21158,321.60,16378.4396,16990.9874,0
21160,321.62,16378.4396,16990.9874,0
21162,321.64,16378.4396,16990.9874,0
21163,321.72,16567.1276,16990.9874,0
21164,321.80,16567.1276,16990.9874,0
21165,321.84,16626.2617,16990.9874,0
21166,321.95,16751.8301,16990.9874,0
21169,322.05,16751.8301,16990.9874,0
21170,322.13,16751.8301,16990.9874,0
21172,322.16,16751.8301,16990.9874,0
21173,322.26,16751.8301,16990.9874,0
21175,322.28,16751.8301,16990.9874,0
21176,322.29,16751.8301,16990.9874,0
21182,322.35,16751.8301,16990.9874,0
21184,322.38,16751.8301,16990.9874,0
21187,322.44,16751.8301,16990.9874,0
21188,322.44,16751.8301,16990.9874,0
21190,322.54,16751.8301,16990.9874,0
21191,322.54,16751.8301,16990.9874,0
21194,322.65,16751.8301,16990.9874,0
21198,322.74,16751.8301,16990.9874,0
21199,322.75,16751.8301,16990.9874,0
21201,322.75,16751.8301,16990.9874,0
21206,322.90,16751.8301,16990.9874,0
21207,322.90,16751.8301,16990.9874,0
21210,322.94,16751.8301,16990.9874,0
21211,322.94,16751.8301,16990.9874,0
21215,322.96,16751.8301,16990.9874,0
21216,322.97,16751.8301,16990.9874,0
21217,322.97,16751.8301,16990.9874,0
21218,322.98,16751.8301,16990.9874,0
21220,323.05,16751.8301,16990.9874,0
21224,323.09,16751.8301,16990.9874,0
21225,323.12,16751.8301,16990.9874,0
21226,323.13,16751.8301,16990.9874,0
21229,323.15,16751.8301,16990.9874,0
21235,323.20,16751.8301,16990.9874,0
21238,323.20,16751.8301,16990.9874,0
21243,323.32,16751.8301,16990.9874,0
21244,323.33,16751.8301,16990.9874,0
21246,323.43,16757.8510,16990.9874,0
21249,323.51,16997.4398,16997.4398,0
21262,323.69,16997.4398,16997.4398,0
21270,323.81,16997.4398,16997.4398,0
21278,323.91,16997.4398,16997.4398,0
21282,323.95,16997.4398,16997.4398,0
21286,323.97,16997.4398,16997.4398,0
21288,324.00,16997.4398,16997.4398,0
21295,324.06,16997.4398,16997.4398,0
21305,324.21,16997.4398,16997.4398,0
21311,324.31,16997.4398,16997.4398,0
21324,324.46,16997.4398,16997.4398,0
21344,324.71,16997.4398,16997.4398,0
21345,324.71,16997.4398,16997.4398,0
21346,324.71,16997.4398,16997.4398,0
21350,324.71,16997.4398,16997.4398,1
21352,324.82,16915.6580,16997.4398,0
21356,324.92,16915.6580,16997.4398,0
21357,324.94,16997.4398,16997.4398,0
21387,325.35,16997.4398,16997.4398,0
21391,325.43,16997.4398,16997.4398,0
21393,325.46,16997.4398,16997.4398,0
21413,325.69,16997.4398,16997.4398,0
21418,325.74,16997.4398,16997.4398,0
21425,325.82,16997.4398,16997.4398,0
21428,325.86,16997.4398,16997.4398,0
21432,325.90,16997.4398,16997.4398,0
21436,325.94,16997.4398,16997.4398,0
21443,326.00,16997.4398,16997.4398,0
21449,326.06,16997.4398,16997.4398,0
21454,326.10,16997.4398,16997.4398,0
21456,326.10,16997.4398,16997.4398,0
21457,326.10,16997.4398,16997.4398,0
21458,326.10,16997.4398,16997.4398,1
21459,326.25,16930.7498,16997.4398,0
21461,326.35,16930.7498,16997.4398,0
21463,326.42,16930.7498,16997.4398,0
21464,326.46,16952.2650,16997.4398,0
21465,326.51,16997.1343,16997.4398,0
21469,326.62,16997.1343,16997.4398,0
21470,326.63,16997.1343,16997.4398,0
21471,326.64,16997.1343,16997.4398,0
21472,326.70,16997.1343,16997.4398,0
21473,326.70,16997.1343,16997.4398,0
21475,326.71,16997.1343,16997.4398,0
21477,326.73,16997.1343,16997.4398,0
21479,326.73,16997.1343,16997.4398,0
21480,326.75,16997.1343,16997.4398,0
21481,326.75,16997.1343,16997.4398,0
21483,326.78,16997.1343,16997.4398,0
21491,326.90,16997.1343,16997.4398,0
21493,326.92,16997.1343,16997.4398,0
21500,327.02,16997.1343,16997.4398,0
21501,327.04,16997.1343,16997.4398,0
21503,327.06,16997.1343,16997.4398,0
21506,327.09,16997.1343,16997.4398,0
21507,327.14,16997.1343,16997.4398,0
21509,327.14,16997.1343,16997.4398,0
21513,327.16,16997.1343,16997.4398,0
21519,327.19,16997.1343,16997.4398,0
21520,327.20,16997.1343,16997.4398,0
21522,327.20,16997.1343,16997.4398,0
21526,327.23,16997.1343,16997.4398,0
21528,327.25,16997.1343,16997.4398,0
21529,327.26,16997.1343,16997.4398,0
21530,327.27,16997.1343,16997.4398,0
21533,327.29,16997.1343,16997.4398,0
21535,327.31,16997.1343,16997.4398,0
21539,327.35,16997.1343,16997.4398,0
21543,327.38,16997.1343,16997.4398,0
21546,327.42,16997.1343,16997.4398,0
21549,327.46,16997.3649,16997.4398,0
21555,327.59,16997.3649,16997.4398,0
21557,327.69,16997.3649,16997.4398,0
21562,327.79,16997.3649,16997.4398,0
21563,327.82,16997.3649,16997.4398,0
21573,327.97,16997.3649,16997.4398,0
21578,328.05,16997.3649,16997.4398,0
21580,328.10,16997.3649,16997.4398,0
21581,328.11,16997.3649,16997.4398,0
21583,328.12,16997.3649,16997.4398,0
21586,328.14,16997.3649,16997.4398,0
21590,328.20,16997.3649,16997.4398,0
21593,328.28,16997.3649,16997.4398,0
21599,328.34,16997.3649,16997.4398,0
21601,328.38,17001.0599,17001.0599,0
21602,328.47,17001.0599,17001.0599,0
21605,328.51,17001.0599,17001.0599,0
21609,328.57,17001.0599,17001.0599,0
21610,328.57,17001.0599,17001.0599,0
21617,328.61,17001.0599,17001.0599,0
21630,328.74,17001.0599,17001.0599,0
21632,328.74,17001.0599,17001.0599,0
21634,328.76,17001.0599,17001.0599,0
21635,328.78,17001.0599,17001.0599,0
21636,328.79,17001.0599,17001.0599,0
21649,328.88,17001.0599,17001.0599,0
21655,328.93,17001.0599,17001.0599,0
21657,328.95,17001.0599,17001.0599,0
21661,328.98,17001.0599,17001.0599,0
21662,328.98,17001.0599,17001.0599,0
21668,329.02,17001.0599,17001.0599,0
21669,329.03,17001.0599,17001.0599,0
21670,329.03,17001.0599,17001.0599,0
21675,329.06,17001.0599,17001.0599,0
21676,329.07,17001.0599,17001.0599,0
21683,329.08,17001.0599,17001.0599,0
21685,329.11,17001.0599,17001.0599,0
21690,329.14,17001.0599,17001.0599,0
21694,329.21,17001.0599,17001.0599,0
21701,329.21,17001.0599,17001.0599,0
21702,329.21,17001.0599,17001.0599,1
21704,329.26,17001.0599,17001.0599,0
21707,329.28,17001.0599,17001.0599,0
21711,329.32,17001.0599,17001.0599,0
21716,329.36,17001.0599,17001.0599,0
21718,329.36,17001.0599,17001.0599,0
21720,329.39,17001.0599,17001.0599,0
21723,329.41,17001.0599,17001.0599,0
21728,329.41,17001.0599,17001.0599,0
21730,329.44,17001.0599,17001.0599,0
21736,329.48,17001.0599,17001.0599,0
21737,329.50,17001.0599,17001.0599,0
21738,329.51,17001.0599,17001.0599,0
21743,329.51,17001.0599,17001.0599,0
21745,329.54,17001.0599,17001.0599,0
21752,329.59,17001.0599,17001.0599,0
21755,329.60,17001.0599,17001.0599,0
21761,329.64,17001.0599,17001.0599,0
21764,329.66,17001.0599,17001.0599,0
21766,329.67,17001.0599,17001.0599,0
21771,329.72,17001.0599,17001.0599,0
21785,329.83,17001.0599,17001.0599,0
21786,329.83,17001.0599,17001.0599,0
21788,329.87,17001.6596,17001.6596,0
21793,329.91,17001.6596,17001.6596,0
21798,330.05,17001.6596,17001.6596,0
21814,330.21,17001.6596,17001.6596,0
21817,330.24,17001.6596,17001.6596,0
21823,330.35,17001.6596,17001.6596,0
21833,330.44,17001.6596,17001.6596,0
21839,330.48,17001.6596,17001.6596,0
21840,330.48,17001.6596,17001.6596,0
21841,330.48,17001.6596,17001.6596,0
21847,330.54,17001.6596,17001.6596,0
21862,330.70,17001.6596,17001.6596,0
21866,330.76,17001.6596,17001.6596,0
21877,330.94,17001.6596,17001.6596,0
21878,330.98,17016.4195,17016.4195,0
21879,331.01,17016.4195,17016.4195,0
21880,331.07,17016.4195,17016.4195,0
21883,331.11,17016.4195,17016.4195,0
21884,331.15,17016.4195,17016.4195,0
21889,331.30,17016.4195,17016.4195,0
21894,331.37,17016.4195,17016.4195,0
21898,331.45,17016.4195,17016.4195,0
21900,331.46,17016.4195,17016.4195,0
21905,331.52,17016.4195,17016.4195,0
21908,331.66,17016.4195,17016.4195,0
21912,331.70,17016.4195,17016.4195,0
21913,331.71,17016.4195,17016.4195,0
21917,331.75,17016.4195,17016.4195,0
21918,331.75,17016.4195,17016.4195,0
21919,331.75,17016.4195,17016.4195,0
21924,331.84,17016.4195,17016.4195,0
21925,331.86,17016.4195,17016.4195,0
21928,331.93,17016.4195,17016.4195,0
21932,331.93,17016.4195,17016.4195,0
21934,332.04,17016.4195,17016.4195,0
21936,332.06,17016.4195,17016.4195,0
21937,332.07,17016.4195,17016.4195,0
21942,332.13,17016.4195,17016.4195,0
21943,332.13,17016.4195,17016.4195,0
21944,332.14,17016.4195,17016.4195,0
21948,332.26,17016.4195,17016.4195,0
21954,332.30,17016.4195,17016.4195,0
21955,332.30,17016.4195,17016.4195,0
21958,332.42,17016.4195,17016.4195,0
21963,332.47,17016.4195,17016.4195,0
21964,332.48,17016.4195,17016.4195,0
21967,332.50,17016.4195,17016.4195,0
21968,332.50,17016.4195,17016.4195,0
21971,332.53,17016.4195,17016.4195,0
21973,332.55,17016.4195,17016.4195,0
21975,332.55,17016.4195,17016.4195,0
21976,332.55,17016.4195,17016.4195,0
21979,332.57,17016.4195,17016.4195,1
21980,332.70,16963.3288,17016.4195,0
21981,332.72,16963.3288,17016.4195,0
21982,332.80,16963.3288,17016.4195,0
21983,332.88,17007.0986,17016.4195,0
21986,332.99,17007.0986,17016.4195,0
21993,333.08,17007.0986,17016.4195,0
21994,333.08,17007.0986,17016.4195,0
21999,333.10,17007.0986,17016.4195,0
22000,333.12,17007.0986,17016.4195,0
22019,333.29,17007.0986,17016.4195,0
22021,333.29,17007.0986,17016.4195,0
22022,333.29,17007.0986,17016.4195,0
22025,333.30,17007.0986,17016.4195,0
22027,333.30,17007.0986,17016.4195,0
22028,333.32,17007.0986,17016.4195,0
22031,333.34,17007.0986,17016.4195,0
22033,333.36,17007.0986,17016.4195,0
22034,333.37,17007.0986,17016.4195,0
22040,333.47,17007.0986,17016.4195,0
22042,333.49,17007.0986,17016.4195,0
22047,333.51,17007.0986,17016.4195,0
22048,333.51,17007.0986,17016.4195,0
22049,333.57,17007.0986,17016.4195,0
22052,333.68,17007.0986,17016.4195,0
22053,333.68,17007.0986,17016.4195,0
22059,333.71,17007.0986,17016.4195,0
22070,333.82,17007.0986,17016.4195,0
22079,333.92,17007.0986,17016.4195,0
22084,333.94,17007.0986,17016.4195,1
22085,334.00,17184.2391,17184.2391,0
22107,334.34,17184.2391,17184.2391,0
22112,334.39,17184.2391,17184.2391,0
22114,334.40,17184.2391,17184.2391,0
22121,334.49,17184.2391,17184.2391,0
22126,334.55,17184.2391,17184.2391,0
22130,334.56,17184.2391,17184.2391,0
22131,334.58,17184.2391,17184.2391,0
22135,334.64,17184.2391,17184.2391,0
22137,334.65,17184.2391,17184.2391,0
22138,334.65,17184.2391,17184.2391,0
22148,334.70,17184.2391,17184.2391,0
22150,334.70,17184.2391,17184.2391,0
22151,334.70,17184.2391,17184.2391,0
22159,334.75,17184.2391,17184.2391,0
22162,334.84,17184.2391,17184.2391,0
22169,334.95,17184.2391,17184.2391,0
22171,334.96,17184.2391,17184.2391,0
22172,334.97,17184.2391,17184.2391,0
22178,335.02,17184.2391,17184.2391,0
22179,335.03,17184.2391,17184.2391,0
22186,335.10,17184.2391,17184.2391,1
22188,335.20,17212.5160,17212.5160,0
22190,335.27,17212.5160,17212.5160,0
22193,335.32,17212.5160,17212.5160,0
22194,335.33,17212.5160,17212.5160,0
22196,335.35,17212.5160,17212.5160,0
22199,335.38,17212.5160,17212.5160,0
22200,335.41,17212.5160,17212.5160,0
22202,335.49,17212.5160,17212.5160,0
22203,335.50,17212.5160,17212.5160,0
22204,335.51,17212.5160,17212.5160,0
22205,335.52,17212.5160,17212.5160,0
22207,335.56,17212.5160,17212.5160,0
22208,335.58,17212.5160,17212.5160,0
22209,335.60,17212.5160,17212.5160,0
22212,335.65,17212.5160,17212.5160,0
22213,335.67,17212.5160,17212.5160,0
22214,335.67,17212.5160,17212.5160,0
22217,335.72,17212.5160,17212.5160,0
22219,335.74,17212.5160,17212.5160,0
22220,335.75,17212.5160,17212.5160,0
22222,335.75,17212.5160,17212.5160,0
22224,335.77,17212.5160,17212.5160,0
22226,335.82,17212.5160,17212.5160,0
22227,335.83,17212.5160,17212.5160,0
22229,335.85,17212.5160,17212.5160,0
22230,335.85,17212.5160,17212.5160,0
22231,335.85,17212.5160,17212.5160,0
22233,335.86,17212.5160,17212.5160,0
22237,335.88,17212.5160,17212.5160,0
22244,335.93,17212.5160,17212.5160,0
22246,335.93,17212.5160,17212.5160,0
22247,335.94,17212.5160,17212.5160,0
22248,335.95,17212.5160,17212.5160,0
22250,335.98,17212.5160,17212.5160,0
22251,335.98,17212.5160,17212.5160,0
22252,335.98,17212.5160,17212.5160,0
22253,335.99,17212.5160,17212.5160,0
22257,336.03,17212.5160,17212.5160,0
22259,336.04,17212.5160,17212.5160,0
22261,336.06,17212.5160,17212.5160,0
22262,336.07,17212.5160,17212.5160,0
22267,336.12,17212.5160,17212.5160,0
22268,336.13,17212.5160,17212.5160,0
22270,336.14,17212.5160,17212.5160,0
22273,336.16,17212.5160,17212.5160,0
22274,336.17,17212.5160,17212.5160,0
22277,336.20,17212.5160,17212.5160,0
22281,336.22,17212.5160,17212.5160,0
22282,336.22,17212.5160,17212.5160,0
22283,336.22,17212.5160,17212.5160,0
22287,336.27,17212.5160,17212.5160,0
22289,336.27,17212.5160,17212.5160,1
22290,336.38,17212.5160,17212.5160,0
22292,336.41,17212.5160,17212.5160,0
22296,336.46,17212.5160,17212.5160,0
22297,336.47,17212.5160,17212.5160,0
22299,336.48,17212.5160,17212.5160,0
22300,336.49,17212.5160,17212.5160,0
22303,336.51,17212.5160,17212.5160,0
22306,336.53,17212.5160,17212.5160,0
22307,336.53,17212.5160,17212.5160,0
22311,336.59,17212.5160,17212.5160,0
22314,336.59,17212.5160,17212.5160,0
22317,336.61,17212.5160,17212.5160,0
22322,336.64,17212.5160,17212.5160,0
22323,336.65,17212.5160,17212.5160,0
22324,336.65,17212.5160,17212.5160,0
22326,336.66,17212.5160,17212.5160,0
22327,336.67,17212.5160,17212.5160,0
22333,336.75,17212.5160,17212.5160,0
22338,336.80,17212.5160,17212.5160,0
22340,336.80,17212.5160,17212.5160,0
22341,336.82,17212.5160,17212.5160,0
22343,336.84,17212.5160,17212.5160,0
22345,336.84,17212.5160,17212.5160,0
22346,336.85,17212.5160,17212.5160,0
22347,336.85,17212.5160,17212.5160,0
22351,336.91,17212.5160,17212.5160,0
22353,336.95,17212.5160,17212.5160,0
22363,337.08,17212.5160,17212.5160,0
22364,337.09,17212.5160,17212.5160,0
22366,337.13,17212.5160,17212.5160,0
22373,337.20,17212.5160,17212.5160,0
22374,337.20,17212.5160,17212.5160,0
22375,337.21,17212.5160,17212.5160,0
22378,337.25,17212.5160,17212.5160,0
22380,337.28,17212.5160,17212.5160,0
22382,337.31,17212.5160,17212.5160,0
22384,337.34,17212.5160,17212.5160,0
22391,337.44,17212.5160,17212.5160,1
22392,337.51,16866.8431,17212.5160,0
22395,337.57,16866.8431,17212.5160,0
22402,337.69,16866.8431,17212.5160,0
22409,337.76,16866.8431,17212.5160,0
22414,337.80,16866.8431,17212.5160,0
22421,337.84,16866.8431,17212.5160,0
22422,337.84,16866.8431,17212.5160,0
22431,337.92,16866.8431,17212.5160,0
22440,338.07,16866.8431,17212.5160,0
22442,338.07,16866.8431,17212.5160,0
22454,338.18,16866.8431,17212.5160,0
22461,338.25,16866.8431,17212.5160,0
22462,338.25,16866.8431,17212.5160,0
22466,338.29,16866.8431,17212.5160,0
22469,338.29,16866.8431,17212.5160,0
22472,338.31,16866.8431,17212.5160,0
22473,338.31,16866.8431,17212.5160,0
22481,338.44,16866.8431,17212.5160,0
22493,338.56,16866.8431,17212.5160,1
22495,338.70,16271.2363,17212.5160,0
22496,338.81,16422.4896,17212.5160,0
22497,338.84,16591.4636,17212.5160,0
22498,338.86,16591.4636,17212.5160,0
22500,338.89,16751.2813,17212.5160,0
22501,338.92,16751.2813,17212.5160,0
22502,339.04,16989.6241,17212.5160,0
22504,339.17,16989.6241,17212.5160,0
22508,339.23,16989.6241,17212.5160,0
22509,339.24,16989.6241,17212.5160,0
22512,339.31,16989.6241,17212.5160,0
22513,339.31,16989.6241,17212.5160,0
22514,339.32,16989.6241,17212.5160,0
22517,339.40,16989.6241,17212.5160,0
22521,339.40,16989.6241,17212.5160,0
22524,339.40,16989.6241,17212.5160,0
22529,339.44,16989.6241,17212.5160,0
22531,339.48,16989.6241,17212.5160,0
22532,339.50,16989.6241,17212.5160,0
22534,339.50,16989.6241,17212.5160,0
22535,339.50,16989.6241,17212.5160,0
22537,339.51,16989.6241,17212.5160,0
22539,339.52,16989.6241,17212.5160,0
22543,339.54,16989.6241,17212.5160,0
22544,339.54,16989.6241,17212.5160,0
22547,339.58,16989.6241,17212.5160,0
22548,339.59,16989.6241,17212.5160,0
22549,339.60,16989.6241,17212.5160,0
22553,339.65,16989.6241,17212.5160,0
22554,339.66,16989.6241,17212.5160,0
22562,339.72,16989.6241,17212.5160,0
22568,339.77,16989.6241,17212.5160,0
22569,339.78,16989.6241,17212.5160,0
22570,339.78,16989.6241,17212.5160,0
22572,339.79,16989.6241,17212.5160,0
22576,339.79,16989.6241,17212.5160,0
22577,339.81,16989.6241,17212.5160,0
22579,339.84,16989.6241,17212.5160,0
22587,339.90,16989.6241,17212.5160,0
22592,339.97,16989.6241,17212.5160,0
22594,339.98,16989.6241,17212.5160,0
22595,340.00,16989.6241,17212.5160,0
22596,340.00,16989.6241,17212.5160,0
22598,340.00,16989.6241,17212.5160,0
22599,340.01,16989.6241,17212.5160,0
22603,340.04,16989.6241,17212.5160,1
22604,340.12,16358.6076,17212.5160,0
22605,340.18,16371.9639,17212.5160,0
22606,340.22,16371.9639,17212.5160,0
22607,340.22,16371.9639,17212.5160,0
22608,340.24,16452.9346,17212.5160,0
22610,340.34,16622.7590,17212.5160,0
22611,340.36,16622.7590,17212.5160,0
22612,340.47,16624.2800,17212.5160,0
22615,340.52,16624.2800,17212.5160,0
22616,340.61,16759.3290,17212.5160,0
22618,340.65,16774.7314,17212.5160,0
22619,340.69,16774.7314,17212.5160,0
22622,340.73,16774.7314,17212.5160,0
22623,340.76,16774.7314,17212.5160,0
22624,340.78,16884.8761,17212.5160,0
22625,340.81,16884.8761,17212.5160,0
22631,340.87,16884.8761,17212.5160,0
22632,340.93,17088.3777,17212.5160,0
22633,340.98,17088.3777,17212.5160,0
22635,341.00,17088.3777,17212.5160,0
22640,341.08,17088.3777,17212.5160,0
22642,341.11,17088.3777,17212.5160,0
22646,341.15,17088.3777,17212.5160,0
22648,341.19,17088.3777,17212.5160,0
22651,341.25,17088.3777,17212.5160,0
22654,341.28,17088.3777,17212.5160,0
22655,341.28,17088.3777,17212.5160,0
22656,341.28,17088.3777,17212.5160,0
22657,341.29,17088.3777,17212.5160,0
22660,341.31,17088.3777,17212.5160,0
22661,341.36,17088.3777,17212.5160,0
22662,341.38,17088.3777,17212.5160,0
22666,341.48,17088.3777,17212.5160,0
22671,341.52,17088.3777,17212.5160,0
22675,341.58,17088.3777,17212.5160,0
22677,341.59,17088.3777,17212.5160,0
22680,341.62,17088.3777,17212.5160,0
22681,341.62,17088.3777,17212.5160,0
22682,341.62,17088.3777,17212.5160,0
22686,341.65,17088.3777,17212.5160,0
22687,341.65,17088.3777,17212.5160,0
22689,341.69,17088.3777,17212.5160,0
22693,341.73,17088.3777,17212.5160,0
22695,341.73,17088.3777,17212.5160,0
22697,341.85,17088.3777,17212.5160,0
22698,341.85,17088.3777,17212.5160,0
22699,341.85,17088.3777,17212.5160,0
22700,341.85,17088.3777,17212.5160,0
22702,341.88,17088.3777,17212.5160,0
22705,341.91,17088.3777,17212.5160,0
22706,341.93,17088.3777,17212.5160,0
22707,341.93,17088.3777,17212.5160,0
22708,341.95,17088.3777,17212.5160,0
22709,341.97,17088.3777,17212.5160,0
22712,342.03,17088.3777,17212.5160,0
22713,342.03,17088.3777,17212.5160,0
22716,342.06,17088.3777,17212.5160,0
22717,342.11,17088.3777,17212.5160,0
22720,342.16,17088.3777,17212.5160,0
22721,342.17,17088.3777,17212.5160,0
22723,342.20,17088.3777,17212.5160,0
22729,342.25,17088.3777,17212.5160,0
22730,342.27,17088.3777,17212.5160,0
22733,342.29,17088.3777,17212.5160,1
22734,342.43,16461.0903,17212.5160,0
22735,342.52,16461.0903,17212.5160,0
22737,342.59,16562.7335,17212.5160,0
22738,342.61,16605.7154,17212.5160,0
22739,342.63,16605.7154,17212.5160,0
22740,342.76,16605.7154,17212.5160,0
22741,342.86,16605.7154,17212.5160,0
22742,342.89,16605.7154,17212.5160,0
22744,342.97,16605.7154,17212.5160,0
22745,343.01,16605.7154,17212.5160,0
22747,343.07,16605.7154,17212.5160,0
22748,343.10,16605.7154,17212.5160,0
22749,343.13,16605.7154,17212.5160,0
22755,343.21,16605.7154,17212.5160,0
22757,343.27,16796.4540,17212.5160,0
22759,343.31,16800.8817,17212.5160,0
22760,343.37,16800.8817,17212.5160,0
22761,343.39,16800.8817,17212.5160,0
22763,343.39,16800.8817,17212.5160,0
22769,343.45,16800.8817,17212.5160,0
22778,343.55,16800.8817,17212.5160,0
22780,343.65,16800.8817,17212.5160,0
22782,343.65,16800.8817,17212.5160,0
22783,343.67,16800.8817,17212.5160,0
22785,343.67,16800.8817,17212.5160,0
22789,343.72,16800.8817,17212.5160,0
22790,343.73,16800.8817,17212.5160,0
22791,343.73,16800.8817,17212.5160,0
22793,343.75,16800.8817,17212.5160,0
22794,343.76,16800.8817,17212.5160,0
22795,343.77,16800.8817,17212.5160,0
22799,343.79,16800.8817,17212.5160,0
22802,343.88,16800.8817,17212.5160,0
22803,343.88,16800.8817,17212.5160,0
22804,343.90,17013.5615,17212.5160,0
22805,343.92,17013.5615,17212.5160,0
22806,343.99,17013.5615,17212.5160,0
22808,344.07,17013.5615,17212.5160,0
22809,344.07,17013.5615,17212.5160,0
22810,344.10,17013.5615,17212.5160,0
22812,344.10,17013.5615,17212.5160,0
22813,344.10,17013.5615,17212.5160,0
22818,344.17,17013.5615,17212.5160,0
22819,344.18,17013.5615,17212.5160,0
22820,344.20,17013.5615,17212.5160,0
22821,344.23,17013.7539,17212.5160,0
22822,344.33,17013.7539,17212.5160,0
22823,344.34,17013.7539,17212.5160,0
22824,344.36,17013.7539,17212.5160,0
22825,344.41,17013.7539,17212.5160,0
22832,344.50,17013.7539,17212.5160,0
22833,344.58,17013.7539,17212.5160,0
22834,344.60,17013.7539,17212.5160,0
22836,344.68,17013.7539,17212.5160,0
22838,344.69,17013.7539,17212.5160,0
22839,344.69,17013.7539,17212.5160,0
22840,344.69,17013.7539,17212.5160,0
22841,344.69,17013.7539,17212.5160,0
22842,344.70,17013.7539,17212.5160,0
22843,344.72,17013.7539,17212.5160,0
22844,344.72,17013.7539,17212.5160,0
22847,344.79,17013.7539,17212.5160,0
22850,344.82,17013.7539,17212.5160,0
22852,344.82,17013.7539,17212.5160,0
22853,344.82,17013.7539,17212.5160,0
22854,344.82,17013.7539,17212.5160,0
22856,344.84,17013.7539,17212.5160,0
22858,344.86,17013.7539,17212.5160,0
22864,344.99,17013.7539,17212.5160,0
22865,345.00,17013.7539,17212.5160,0
22866,345.01,17013.7539,17212.5160,0
22869,345.04,17013.7539,17212.5160,0
22871,345.04,17013.7539,17212.5160,0
22873,345.04,17013.7539,17212.5160,0
22874,345.04,17013.7539,17212.5160,0
22875,345.04,17013.7539,17212.5160,0
22879,345.08,17013.7539,17212.5160,0
22881,345.10,17013.7539,17212.5160,0
22883,345.11,17013.7539,17212.5160,0
22885,345.11,17013.7539,17212.5160,0
22886,345.11,17013.7539,17212.5160,0
22893,345.18,17013.7539,17212.5160,0
22894,345.27,17013.7539,17212.5160,0
22898,345.29,17013.7539,17212.5160,0
22902,345.29,17013.7539,17212.5160,0
22903,345.29,17013.7539,17212.5160,0
22904,345.30,17013.7539,17212.5160,0
22905,345.30,17013.7539,17212.5160,0
22906,345.30,17013.7539,17212.5160,0
22907,345.31,17013.7539,17212.5160,0
22911,345.37,17013.7539,17212.5160,0
22913,345.37,17013.7539,17212.5160,0
22914,345.39,17013.7539,17212.5160,0
22915,345.39,17013.7539,17212.5160,0
22916,345.39,17013.7539,17212.5160,0
22917,345.40,17013.7539,17212.5160,0
22920,345.40,17013.7539,17212.5160,0
22921,345.40,17013.7539,17212.5160,0
22922,345.40,17013.7539,17212.5160,1
22923,345.46,16213.5822,17212.5160,0
22924,345.48,16213.5822,17212.5160,0
22925,345.52,16213.5822,17212.5160,0
22927,345.63,16213.5822,17212.5160,0
22928,345.65,16235.4347,17212.5160,0
22929,345.67,16235.4347,17212.5160,0
22930,345.69,16235.4347,17212.5160,0
22931,345.76,16235.4347,17212.5160,0
22932,345.78,16235.4347,17212.5160,0
22933,345.85,16235.4347,17212.5160,0
22934,345.93,16359.3985,17212.5160,0
22935,345.95,16359.3985,17212.5160,0
22936,345.98,16359.3985,17212.5160,0
22937,346.03,16425.1824,17212.5160,0
22938,346.05,16425.1824,17212.5160,0
22939,346.07,16619.7981,17212.5160,0
22940,346.10,16619.7981,17212.5160,0
22941,346.13,16619.7981,17212.5160,0
22943,346.15,16619.7981,17212.5160,0
22948,346.29,16619.7981,17212.5160,0
22950,346.32,16619.7981,17212.5160,0
22951,346.32,16619.7981,17212.5160,0
22953,346.36,16619.7981,17212.5160,0
22956,346.39,16619.7981,17212.5160,0
22958,346.39,16619.7981,17212.5160,0
22966,346.46,16694.2972,17212.5160,0
22967,346.48,16694.2972,17212.5160,0
22971,346.60,16694.2972,17212.5160,0
22972,346.63,16694.2972,17212.5160,0
22974,346.68,16694.2972,17212.5160,0
22976,346.73,16694.2972,17212.5160,0
22978,346.73,16694.2972,17212.5160,0
22979,346.77,16694.2972,17212.5160,0
22980,346.79,16694.2972,17212.5160,0
22981,346.81,16694.2972,17212.5160,0
22983,346.82,16694.2972,17212.5160,0
22988,346.86,16694.2972,17212.5160,0
22990,346.94,16694.2972,17212.5160,0
22992,346.99,16694.2972,17212.5160,0
22993,347.01,16694.2972,17212.5160,0
22994,347.01,16694.2972,17212.5160,0
22995,347.03,16694.2972,17212.5160,0
22996,347.03,16694.2972,17212.5160,0
22998,347.09,16753.5262,17212.5160,0
23000,347.13,16753.5262,17212.5160,0
23001,347.13,16753.5262,17212.5160,0
23002,347.19,16753.5262,17212.5160,0
23004,347.26,16753.5262,17212.5160,0
23005,347.29,16753.5262,17212.5160,0
23007,347.33,16753.5262,17212.5160,0
23010,347.34,16753.5262,17212.5160,0
23015,347.48,16753.5262,17212.5160,0
23022,347.59,16753.5262,17212.5160,0
23023,347.60,16753.5262,17212.5160,0
23024,347.60,16753.5262,17212.5160,0
23026,347.61,16753.5262,17212.5160,0
23033,347.68,16753.5262,17212.5160,0
23036,347.70,16753.5262,17212.5160,0
23039,347.72,16753.5262,17212.5160,0
23041,347.75,16753.5262,17212.5160,0
23045,347.77,16753.5262,17212.5160,0
23048,347.81,16753.5262,17212.5160,0
23051,347.88,16753.5262,17212.5160,0
23052,347.89,16753.5262,17212.5160,0
23058,347.95,16753.5262,17212.5160,0
23064,348.00,16753.5262,17212.5160,0
23066,348.02,16753.5262,17212.5160,0
23068,348.05,16753.5262,17212.5160,0
23071,348.05,16753.5262,17212.5160,0
23074,348.06,16753.5262,17212.5160,0
23075,348.06,16753.5262,17212.5160,0
23077,348.08,16753.5262,17212.5160,0
23078,348.09,16753.5262,17212.5160,0
23087,348.15,16753.5262,17212.5160,0
23093,348.23,16763.3498,17212.5160,0
23094,348.25,16763.3498,17212.5160,0
23095,348.30,16793.3710,17212.5160,0
23096,348.32,16793.3710,17212.5160,0
23098,348.37,16793.3710,17212.5160,0
23099,348.39,16793.3710,17212.5160,0
23102,348.46,16793.3710,17212.5160,0
23103,348.46,16793.3710,17212.5160,0
23106,348.50,16793.3710,17212.5160,0
23107,348.50,16793.3710,17212.5160,0
23108,348.55,16793.3710,17212.5160,0
23110,348.57,16793.3710,17212.5160,0
23112,348.58,16793.3710,17212.5160,0
23116,348.63,16793.3710,17212.5160,0
23117,348.63,16793.3710,17212.5160,0
23119,348.63,16793.3710,17212.5160,0
23120,348.63,16793.3710,17212.5160,0
23121,348.63,16793.3710,17212.5160,0
23122,348.65,16793.3710,17212.5160,0
23127,348.76,16793.3710,17212.5160,0
23130,348.78,16793.3710,17212.5160,0
23132,348.80,16793.3710,17212.5160,0
23133,348.81,16793.3710,17212.5160,0
23135,348.83,16793.3710,17212.5160,0
23136,348.83,16793.3710,17212.5160,0
23139,348.90,16793.3710,17212.5160,0
23140,348.90,16793.3710,17212.5160,0
23141,348.92,16793.3710,17212.5160,0
23144,348.96,16793.3710,17212.5160,0
23146,348.98,16793.3710,17212.5160,0
23147,348.98,16793.3710,17212.5160,0
23149,348.98,16793.3710,17212.5160,0
23152,349.01,16793.3710,17212.5160,0
23153,349.01,16793.3710,17212.5160,0
23154,349.01,16793.3710,17212.5160,0
23156,349.04,16793.3710,17212.5160,0
23158,349.07,16793.3710,17212.5160,0
23159,349.07,16793.3710,17212.5160,0
23160,349.15,16793.3710,17212.5160,0
23162,349.16,16793.3710,17212.5160,0
23163,349.16,16793.3710,17212.5160,0
23164,349.17,16793.3710,17212.5160,0
23169,349.19,16793.3710,17212.5160,0
23170,349.20,16793.3710,17212.5160,0
23171,349.20,16793.3710,17212.5160,0
23176,349.22,16793.3710,17212.5160,0
23181,349.27,16793.3710,17212.5160,0
23183,349.36,16793.3710,17212.5160,0
23185,349.38,16793.3710,17212.5160,0
23188,349.40,16793.3710,17212.5160,0
23189,349.40,16793.3710,17212.5160,0
23190,349.40,16793.3710,17212.5160,0
23195,349.44,16793.3710,17212.5160,0
23196,349.44,16793.3710,17212.5160,1
23197,349.56,16037.8452,17212.5160,0
23198,349.58,16037.8452,17212.5160,0
23199,349.60,16037.8452,17212.5160,0
23200,349.62,16037.8452,17212.5160,0
23201,349.64,16077.6938,17212.5160,0
23202,349.69,16077.6938,17212.5160,0
23203,349.71,16151.7382,17212.5160,0
23204,349.73,16241.4093,17212.5160,0
23206,349.81,16379.4000,17212.5160,0
23208,349.93,16429.2015,17212.5160,0
23209,349.95,16429.2015,17212.5160,0
23210,349.97,16430.0707,17212.5160,0
23211,349.99,16430.0707,17212.5160,0
23212,350.02,16452.7377,17212.5160,0
23217,350.06,16461.8507,17212.5160,0
23218,350.08,16461.8507,17212.5160,0
23220,350.14,16471.8466,17212.5160,0
23222,350.19,16471.8466,17212.5160,0
23224,350.22,16536.9934,17212.5160,0
23228,350.28,16536.9934,17212.5160,0
23232,350.33,16536.9934,17212.5160,0
23239,350.36,16536.9934,17212.5160,0
23240,350.40,16536.9934,17212.5160,0
23244,350.43,16536.9934,17212.5160,0
23250,350.47,16536.9934,17212.5160,0
23258,350.57,16536.9934,17212.5160,0
23259,350.58,16536.9934,17212.5160,0
23261,350.60,16536.9934,17212.5160,0
23267,350.65,16536.9934,17212.5160,0
23273,350.65,16536.9934,17212.5160,0
23282,350.71,16536.9934,17212.5160,0
23290,350.78,16536.9934,17212.5160,0
23293,350.78,16536.9934,17212.5160,0
23296,350.80,16536.9934,17212.5160,0
23299,350.84,16536.9934,17212.5160,0
23301,350.84,16536.9934,17212.5160,0
23303,350.87,16536.9934,17212.5160,0
23311,350.89,16536.9934,17212.5160,0
23313,350.91,16536.9934,17212.5160,0
23322,351.05,16536.9934,17212.5160,0
23324,351.06,16536.9934,17212.5160,0
23325,351.06,16536.9934,17212.5160,1
23326,351.15,15611.3360,17212.5160,0
23327,351.18,15623.7664,17212.5160,0
23328,351.21,15760.0016,17212.5160,0
23329,351.26,15760.0016,17212.5160,0
23331,351.28,15772.2182,17212.5160,0
23333,351.38,15807.5563,17212.5160,0
23334,351.46,15807.5563,17212.5160,0
23335,351.49,15807.5563,17212.5160,0
23338,351.62,15807.5563,17212.5160,0
23339,351.68,15807.5563,17212.5160,0
23340,351.76,15849.8035,17212.5160,0
23343,351.83,15915.2790,17212.5160,0
23347,351.91,16153.3116,17212.5160,0
23348,351.93,16153.3116,17212.5160,0
23350,351.97,16178.0221,17212.5160,0
23352,352.08,16178.0221,17212.5160,0
23353,352.11,16178.0221,17212.5160,0
23354,352.13,16178.0221,17212.5160,0
23356,352.19,16211.1419,17212.5160,0
23358,352.29,16330.9412,17212.5160,0
23366,352.43,16330.9412,17212.5160,0
23367,352.47,16330.9412,17212.5160,0
23369,352.49,16330.9412,17212.5160,0
23370,352.54,16394.6414,17212.5160,0
23373,352.57,16394.6414,17212.5160,0
23374,352.60,16394.6414,17212.5160,0
23381,352.87,16394.6414,17212.5160,0
23383,352.93,16512.5285,17212.5160,0
23389,353.12,16512.5285,17212.5160,0
23390,353.14,16512.5285,17212.5160,0
23398,353.32,16512.5285,17212.5160,0
23403,353.36,16512.5285,17212.5160,0
23406,353.41,16515.3019,17212.5160,0
23407,353.43,16515.3019,17212.5160,0
23408,353.50,16515.3019,17212.5160,0
23411,353.63,16602.6764,17212.5160,0
23413,353.66,16602.6764,17212.5160,0
23416,353.74,16602.6764,17212.5160,0
23418,353.77,16602.6764,17212.5160,0
23420,353.78,16602.6764,17212.5160,0
23423,353.78,16602.6764,17212.5160,0
23428,353.79,16602.6764,17212.5160,0
23432,353.80,16602.6764,17212.5160,0
23443,353.93,16602.6764,17212.5160,0
23445,353.93,16602.6764,17212.5160,0
23452,353.97,16602.6764,17212.5160,0
23455,353.99,16602.6764,17212.5160,0
23459,354.01,16602.6764,17212.5160,0
23470,354.08,16602.6764,17212.5160,0
23472,354.08,16602.6764,17212.5160,0
23477,354.09,16602.6764,17212.5160,0
23482,354.25,16602.6764,17212.5160,0
23491,354.27,16602.6764,17212.5160,0
23492,354.27,16602.6764,17212.5160,0
23494,354.28,16602.6764,17212.5160,0
23500,354.30,16602.6764,17212.5160,0
23501,354.30,16602.6764,17212.5160,0
23512,354.40,16602.6764,17212.5160,1
23513,354.43,14836.8883,17212.5160,0
23514,354.46,14885.7819,17212.5160,0
23515,354.53,14885.7819,17212.5160,0
23517,354.63,14940.9827,17212.5160,0
23519,354.66,14940.9827,17212.5160,0
23520,354.67,14940.9827,17212.5160,0
23521,354.69,14940.9827,17212.5160,0
23522,354.72,15233.0082,17212.5160,0
23524,354.74,15233.0082,17212.5160,0
23525,354.76,15235.8541,17212.5160,0
23526,354.83,15235.8541,17212.5160,0
23527,354.86,15274.0845,17212.5160,0
23528,354.88,15274.0845,17212.5160,0
23532,354.97,15274.0845,17212.5160,0
23534,355.10,15274.0845,17212.5160,0
23537,355.14,15274.0845,17212.5160,0
23539,355.16,15274.0845,17212.5160,0
23540,355.16,15274.0845,17212.5160,0
23541,355.21,15274.0845,17212.5160,0
23544,355.30,15371.7401,17212.5160,0
23549,355.48,15371.7401,17212.5160,0
23552,355.54,15371.7401,17212.5160,0
23556,355.57,15371.7401,17212.5160,0
23564,355.78,15371.7401,17212.5160,0
23573,355.94,15371.7401,17212.5160,0
23579,356.08,15371.7401,17212.5160,0
23581,356.11,15371.7401,17212.5160,0
23587,356.18,15432.3204,17212.5160,0
23599,356.54,15432.3204,17212.5160,0
23603,356.66,15543.3085,17212.5160,0
23613,356.85,15543.3085,17212.5160,0
23619,357.10,15543.3085,17212.5160,0
23626,357.24,15647.5079,17212.5160,0
23627,357.26,15647.5079,17212.5160,0
23628,357.28,15647.5079,17212.5160,0
23630,357.36,15647.5079,17212.5160,0
23636,357.56,15655.0430,17212.5160,0
23639,357.63,15655.0430,17212.5160,0
23640,357.66,15717.7666,17212.5160,0
23642,357.76,15882.2445,17212.5160,0
23643,357.78,15882.2445,17212.5160,0
23655,357.97,15882.2445,17212.5160,0
23659,358.08,15882.2445,17212.5160,0
23666,358.24,15952.1409,17212.5160,0
23667,358.28,15952.1409,17212.5160,0
23668,358.30,15952.1409,17212.5160,0
23672,358.35,15952.1409,17212.5160,0
23682,358.57,15952.1409,17212.5160,0
23688,358.64,15952.1409,17212.5160,0
23690,358.74,15952.1409,17212.5160,0
23698,358.99,16005.1354,17212.5160,0
23700,359.10,16065.1204,17212.5160,0
23702,359.17,16065.1204,17212.5160,0
23704,359.24,16065.1204,17212.5160,0
23711,359.45,16065.1204,17212.5160,0
23731,359.98,16065.1204,17212.5160,0
23732,360.07,16068.2593,17212.5160,0
23733,360.09,16068.2593,17212.5160,0
23737,360.25,16068.2593,17212.5160,0
23741,360.43,16068.2593,17212.5160,0
23743,360.46,16189.2428,17212.5160,0
23747,360.60,16189.2428,17212.5160,0
23750,360.69,16189.2428,17212.5160,0
23751,360.72,16189.2428,17212.5160,0
23756,360.82,16189.2428,17212.5160,0
23769,361.14,16189.2428,17212.5160,0
23780,361.25,16205.3320,17212.5160,0
23786,361.38,16205.3320,17212.5160,0
23803,361.57,16205.3320,17212.5160,0
23825,361.93,16205.3320,17212.5160,0
23842,362.07,16205.3320,17212.5160,0
23881,362.33,16205.3320,17212.5160,1
23882,362.36,14655.3188,17212.5160,0
23885,362.48,14655.3188,17212.5160,0
23886,362.50,14655.3188,17212.5160,0
23887,362.50,14655.3188,17212.5160,0
23889,362.52,14655.3188,17212.5160,0
23890,362.52,14655.3188,17212.5160,0
23891,362.54,14655.3188,17212.5160,0
23892,362.55,14655.3188,17212.5160,0
23893,362.57,14655.3188,17212.5160,0
23894,362.58,14655.3188,17212.5160,0
23895,362.60,14655.3188,17212.5160,0
23896,362.61,14655.3188,17212.5160,0
23897,362.63,14810.6639,17212.5160,0
23898,362.70,14899.5915,17212.5160,0
23900,362.77,14899.5915,17212.5160,0
23903,362.87,14899.5915,17212.5160,0
23907,362.97,14905.9500,17212.5160,0
23909,363.07,14905.9500,17212.5160,0
23910,363.09,14934.5982,17212.5160,0
23913,363.18,14934.5982,17212.5160,0
23919,363.26,14934.5982,17212.5160,0
23923,363.33,14934.5982,17212.5160,0
23926,363.37,15042.0618,17212.5160,0
23927,363.40,15042.0618,17212.5160,0
23929,363.51,15149.3676,17212.5160,0
23933,363.69,15149.3676,17212.5160,0
23942,363.90,15149.3676,17212.5160,0
23943,363.92,15149.3676,17212.5160,0
23950,364.14,15149.3676,17212.5160,0
23951,364.17,15149.3676,17212.5160,0
23952,364.17,15149.3676,17212.5160,0
23954,364.17,15149.3676,17212.5160,0
23957,364.22,15149.3676,17212.5160,0
23959,364.27,15149.3676,17212.5160,0
23963,364.30,15164.5648,17212.5160,0
23967,364.35,15164.5648,17212.5160,0
23968,364.43,15186.6619,17212.5160,0
23969,364.46,15186.6619,17212.5160,0
23971,364.49,15186.6619,17212.5160,0
23976,364.56,15186.6619,17212.5160,0
23978,364.59,15186.6619,17212.5160,0
23982,364.63,15220.1361,17212.5160,0
23984,364.69,15220.1361,17212.5160,0
23985,364.76,15220.1361,17212.5160,0
23986,364.83,15220.1361,17212.5160,0
23994,365.09,15220.1361,17212.5160,0
23999,365.18,15220.1361,17212.5160,0
24000,365.19,15220.1361,17212.5160,0
24004,365.26,15220.1361,17212.5160,0
24005,365.28,15220.1361,17212.5160,0
24007,365.30,15271.6950,17212.5160,0
24008,365.37,15271.6950,17212.5160,0
24010,365.39,15271.6950,17212.5160,0
24011,365.44,15357.0306,17212.5160,0
24012,365.48,15357.0306,17212.5160,0
24022,365.68,15357.0306,17212.5160,0
24023,365.70,15357.0306,17212.5160,0
24027,365.76,15504.7933,17212.5160,0
24029,365.82,15507.2037,17212.5160,0
24036,365.96,15507.2037,17212.5160,0
24067,366.51,15507.7845,17212.5160,0
24076,366.78,15508.1122,17212.5160,0
24079,366.93,15508.1122,17212.5160,0
24085,367.07,15508.1122,17212.5160,0
24089,367.19,15508.4389,17212.5160,0
24101,367.38,15508.4389,17212.5160,0
24103,367.43,15508.4389,17212.5160,0
24107,367.51,15508.4389,17212.5160,0
24112,367.57,15508.4389,17212.5160,0
24115,367.64,15588.2907,17212.5160,0
24122,367.79,15588.2907,17212.5160,0
24124,367.80,15588.2907,17212.5160,0
24129,367.98,15588.2907,17212.5160,0
24130,368.00,15588.2907,17212.5160,0
24131,368.02,15588.2907,17212.5160,0
24133,368.06,15588.2907,17212.5160,0
24134,368.06,15588.2907,17212.5160,0
24135,368.06,15588.2907,17212.5160,0
24153,368.24,15588.2907,17212.5160,0
24156,368.27,15639.8897,17212.5160,0
24160,368.45,15667.5149,17212.5160,0
24162,368.54,15785.7759,17212.5160,0
24173,368.77,15785.7759,17212.5160,0
24177,368.80,15785.7759,17212.5160,0
24211,369.20,15785.7759,17212.5160,0
24217,369.31,15785.7759,17212.5160,0
24219,369.31,15785.7759,17212.5160,0
24229,369.33,15785.7759,17212.5160,0
24237,369.35,15785.7759,17212.5160,0
24257,369.51,15785.7759,17212.5160,0
24258,369.51,15785.7759,17212.5160,0
24261,369.54,15785.7759,17212.5160,0
24263,369.62,15785.7759,17212.5160,1
24264,369.65,13797.9406,17212.5160,0
24265,369.67,13829.6642,17212.5160,0
24266,369.69,13839.7044,17212.5160,0
24267,369.71,13839.7044,17212.5160,0
24268,369.73,13861.0232,17212.5160,0
24269,369.74,13861.0232,17212.5160,0
24270,369.76,14222.6611,17212.5160,0
24273,369.78,14280.9921,17212.5160,0
24274,369.79,14280.9921,17212.5160,0
24275,369.81,14280.9921,17212.5160,0
24277,369.82,14280.9921,17212.5160,0
24278,369.84,14280.9921,17212.5160,0
24279,369.86,14291.2800,17212.5160,0
24280,369.87,14291.2800,17212.5160,0
24281,369.89,14291.2800,17212.5160,0
24282,369.91,14323.9725,17212.5160,0
24283,369.92,14323.9725,17212.5160,0
24284,369.94,14323.9725,17212.5160,0
24286,369.96,14440.1109,17212.5160,0
24287,369.98,14440.1109,17212.5160,0
24288,370.00,14440.1109,17212.5160,0
24289,370.01,14440.1109,17212.5160,0
24290,370.03,14724.5603,17212.5160,0
24291,370.05,14724.5603,17212.5160,0
24292,370.07,14724.5603,17212.5160,0
24293,370.07,14724.5603,17212.5160,0
24294,370.09,14981.6971,17212.5160,0
24295,370.11,14981.6971,17212.5160,0
24298,370.16,14981.6971,17212.5160,0
24299,370.19,15054.0824,17212.5160,0
24300,370.22,15284.7300,17212.5160,0
24301,370.24,15284.7300,17212.5160,0
24302,370.26,15284.7300,17212.5160,0
24303,370.30,15284.7300,17212.5160,0
24304,370.35,15284.7300,17212.5160,0
24305,370.37,15284.7300,17212.5160,0
24308,370.39,15284.7300,17212.5160,0
24309,370.45,15292.3906,17212.5160,0
24311,370.47,15292.3906,17212.5160,0
24312,370.50,15292.3906,17212.5160,0
24313,370.50,15292.3906,17212.5160,0
24314,370.56,15292.3906,17212.5160,0
24316,370.66,15292.3906,17212.5160,0
24317,370.77,15292.3906,17212.5160,0
24318,370.84,15292.3906,17212.5160,0
24320,370.90,15292.3906,17212.5160,0
24321,370.93,15336.2471,17212.5160,0
24324,370.96,15336.2471,17212.5160,0
24325,371.03,15336.2471,17212.5160,0
24326,371.06,15348.7891,17212.5160,0
24328,371.11,15348.7891,17212.5160,0
24330,371.21,15348.7891,17212.5160,0
24331,371.25,15348.7891,17212.5160,0
24333,371.27,15348.7891,17212.5160,0
24335,371.31,15348.7891,17212.5160,0
24337,371.39,15348.7891,17212.5160,0
24342,371.45,15348.7891,17212.5160,0
24343,371.45,15348.7891,17212.5160,0
24344,371.45,15348.7891,17212.5160,0
24347,371.51,15348.7891,17212.5160,0
24349,371.54,15348.7891,17212.5160,0
24355,371.61,15348.7891,17212.5160,0
24358,371.64,15348.7891,17212.5160,0
24359,371.64,15348.7891,17212.5160,0
24360,371.65,15348.7891,17212.5160,0
24362,371.65,15348.7891,17212.5160,0
24364,371.74,15350.1370,17212.5160,0
24365,371.82,15430.5560,17212.5160,0
24366,371.90,15430.5560,17212.5160,0
24370,371.98,15430.5560,17212.5160,0
24374,372.02,15447.2669,17212.5160,0
24375,372.04,15447.2669,17212.5160,0
24377,372.12,15447.2669,17212.5160,0
24380,372.19,15447.2669,17212.5160,0
24381,372.20,15447.2669,17212.5160,0
24382,372.22,15447.2669,17212.5160,0
24383,372.26,15447.2669,17212.5160,0
24385,372.34,15447.2669,17212.5160,0
24387,372.39,15447.2669,17212.5160,0
24388,372.39,15447.2669,17212.5160,0
24390,372.41,15447.2669,17212.5160,0
24391,372.41,15447.2669,17212.5160,0
24392,372.41,15447.2669,17212.5160,0
24394,372.43,15447.2669,17212.5160,0
24395,372.43,15447.2669,17212.5160,0
24396,372.47,15450.6056,17212.5160,0
24397,372.49,15450.6056,17212.5160,0
24400,372.62,15450.6056,17212.5160,0
24401,372.62,15450.6056,17212.5160,0
24403,372.65,15450.6056,17212.5160,0
24406,372.68,15450.6056,17212.5160,0
24408,372.69,15450.6056,17212.5160,0
24411,372.73,15450.6056,17212.5160,0
24412,372.75,15450.7721,17212.5160,0
24413,372.77,15450.7721,17212.5160,0
24414,372.77,15450.7721,17212.5160,0
24417,372.82,15450.7721,17212.5160,0
24419,372.82,15450.7721,17212.5160,0
24421,372.82,15450.7721,17212.5160,0
24428,372.87,15450.7721,17212.5160,0
24429,372.89,15450.7721,17212.5160,0
24433,372.94,15450.7721,17212.5160,0
24434,372.98,15450.7721,17212.5160,0
24435,372.99,15450.7721,17212.5160,0
24437,373.06,15450.7721,17212.5160,0
24438,373.07,15450.7721,17212.5160,0
24440,373.10,15450.7721,17212.5160,0
24441,373.10,15450.7721,17212.5160,0
24442,373.17,15458.0141,17212.5160,0
24443,373.21,15458.0141,17212.5160,0
24446,373.29,15458.0141,17212.5160,0
24448,373.35,15458.0141,17212.5160,0
24449,373.35,15458.0141,17212.5160,0
24450,373.39,15458.0141,17212.5160,0
24451,373.44,15521.7839,17212.5160,0
24452,373.48,15689.2632,17212.5160,0
24453,373.50,15689.2632,17212.5160,0
24456,373.56,15689.2632,17212.5160,0
24459,373.60,15689.2632,17212.5160,0
24462,373.66,15689.2632,17212.5160,0
24464,373.71,15689.2632,17212.5160,0
24465,373.72,15689.2632,17212.5160,0
24467,373.75,15689.2632,17212.5160,0
24468,373.76,15689.2632,17212.5160,0
24470,373.77,15689.2632,17212.5160,0
24472,373.79,15689.2632,17212.5160,0
24480,373.93,15689.2632,17212.5160,0
24483,374.01,15689.2632,17212.5160,0
24484,374.07,15689.2632,17212.5160,0
24486,374.07,15689.2632,17212.5160,0
24487,374.07,15689.2632,17212.5160,0
24490,374.07,15689.2632,17212.5160,0
24492,374.07,15689.2632,17212.5160,0
24495,374.10,15689.2632,17212.5160,0
24496,374.10,15689.2632,17212.5160,0
24498,374.12,15689.2632,17212.5160,0
24502,374.20,15689.7143,17212.5160,0
24503,374.24,15689.7143,17212.5160,0
24506,374.28,15689.7143,17212.5160,0
24510,374.32,15689.7143,17212.5160,0
24511,374.36,15689.7143,17212.5160,0
24514,374.45,15699.0470,17212.5160,0
24515,374.46,15699.0470,17212.5160,0
24516,374.50,15699.0470,17212.5160,0
24517,374.59,15749.4019,17212.5160,0
24519,374.61,15749.4019,17212.5160,0
24522,374.67,15749.4019,17212.5160,0
24523,374.73,15749.4019,17212.5160,0
24524,374.73,15749.4019,17212.5160,0
24525,374.81,15749.4019,17212.5160,0
24526,374.88,15749.4019,17212.5160,0
24528,374.90,15749.4019,17212.5160,0
24531,374.94,15749.4019,17212.5160,0
24533,374.94,15749.4019,17212.5160,0
24535,374.96,15749.4019,17212.5160,0
24537,374.97,15749.4019,17212.5160,0
24539,374.97,15749.4019,17212.5160,0
24540,375.03,15749.4019,17212.5160,0
24544,375.07,15749.4019,17212.5160,0
24548,375.15,15749.4019,17212.5160,0
24549,375.16,15749.4019,17212.5160,0
24552,375.21,15749.4019,17212.5160,0
24555,375.23,15749.4019,17212.5160,0
24557,375.25,15749.4019,17212.5160,0
24560,375.33,15749.4019,17212.5160,0
24561,375.37,15749.4019,17212.5160,0
24565,375.38,15749.4019,17212.5160,0
24568,375.46,15749.4019,17212.5160,0
24569,375.46,15749.4019,17212.5160,0
24571,375.46,15749.4019,17212.5160,0
24572,375.46,15749.4019,17212.5160,0
24573,375.46,15749.4019,17212.5160,0
24575,375.49,15749.4019,17212.5160,0
24580,375.53,15749.4019,17212.5160,0
24584,375.57,15749.4019,17212.5160,0
24585,375.58,15749.4019,17212.5160,0
24586,375.61,15749.4019,17212.5160,0
24589,375.64,15749.4019,17212.5160,0
24591,375.66,15749.4019,17212.5160,0
24596,375.70,15749.4019,17212.5160,0
24600,375.76,15749.4019,17212.5160,0
24601,375.84,15749.4019,17212.5160,0
24602,375.84,15749.4019,17212.5160,0
24604,375.84,15749.4019,17212.5160,0
24605,375.84,15749.4019,17212.5160,0
24606,375.93,15749.4019,17212.5160,0
24607,375.93,15749.4019,17212.5160,0
24608,375.94,15749.4019,17212.5160,0
24612,375.96,15749.4019,17212.5160,0
24616,376.02,15749.4019,17212.5160,0
24617,376.02,15749.4019,17212.5160,0
24618,376.02,15749.4019,17212.5160,1
24619,376.05,13877.1517,17212.5160,0
24620,376.06,13915.4815,17212.5160,0
24621,376.08,14169.9203,17212.5160,0
24622,376.09,14169.9203,17212.5160,0
24623,376.11,14349.2477,17212.5160,0
24624,376.12,14415.9508,17212.5160,0
24625,376.14,14415.9508,17212.5160,0
24630,376.16,14633.4693,17212.5160,0
24634,376.18,14633.4693,17212.5160,0
24635,376.19,14633.4693,17212.5160,0
24637,376.21,14633.4693,17212.5160,0
24640,376.23,14849.5552,17212.5160,0
24642,376.24,14849.5552,17212.5160,0
24645,376.26,14849.5552,17212.5160,0
24646,376.27,14849.5552,17212.5160,0
24648,376.29,14999.7357,17212.5160,0
24649,376.31,15015.5998,17212.5160,0
24650,376.32,15019.5372,17212.5160,0
24651,376.34,15019.5372,17212.5160,0
24652,376.36,15426.0042,17212.5160,0
24654,376.38,15426.0042,17212.5160,0
24655,376.40,15535.5406,17212.5160,0
24656,376.42,15689.7083,17212.5160,0
24658,376.45,15689.7083,17212.5160,0
24659,376.47,15689.7083,17212.5160,0
24660,376.49,15689.7083,17212.5160,0
24666,376.61,15694.6062,17212.5160,0
24667,376.66,15694.6062,17212.5160,0
24670,376.74,15694.6062,17212.5160,0
24673,376.76,15694.6062,17212.5160,0
24679,376.84,15694.6062,17212.5160,0
24680,376.87,15694.6062,17212.5160,0
24682,376.87,15694.6062,17212.5160,0
24683,376.87,15694.6062,17212.5160,0
24684,376.91,15694.6062,17212.5160,0
24686,376.97,15694.6062,17212.5160,0
24687,377.04,15694.6062,17212.5160,0
24688,377.04,15694.6062,17212.5160,0
24690,377.05,15694.6062,17212.5160,0
24694,377.09,15694.6062,17212.5160,0
24695,377.09,15694.6062,17212.5160,0
24700,377.19,15694.6062,17212.5160,0
24706,377.27,15694.6062,17212.5160,0
24708,377.27,15694.6062,17212.5160,0
24709,377.27,15694.6062,17212.5160,0
24713,377.32,15694.6062,17212.5160,0
24715,377.32,15694.6062,17212.5160,0
24717,377.34,15694.6062,17212.5160,0
24719,377.36,15694.6062,17212.5160,0
24722,377.37,15694.6062,17212.5160,0
24723,377.37,15694.6062,17212.5160,0
24725,377.39,15694.6062,17212.5160,0
24731,377.45,15694.6062,17212.5160,0
24736,377.52,15694.6062,17212.5160,0
24737,377.52,15694.6062,17212.5160,0
24738,377.52,15694.6062,17212.5160,0
24739,377.52,15694.6062,17212.5160,0
24741,377.52,15694.6062,17212.5160,0
24742,377.52,15694.6062,17212.5160,0
24745,377.52,15694.6062,17212.5160,0
24746,377.53,15694.6062,17212.5160,0
24750,377.57,15694.6062,17212.5160,0
24755,377.60,15694.6062,17212.5160,0
24756,377.64,15694.6062,17212.5160,0
24757,377.64,15694.6062,17212.5160,0
24758,377.64,15694.6062,17212.5160,0
24759,377.67,15694.6062,17212.5160,0
24762,377.68,15694.6062,17212.5160,0
24764,377.70,15694.6062,17212.5160,0
24766,377.76,15694.6062,17212.5160,0
24767,377.76,15694.6062,17212.5160,1
24768,377.79,13622.1762,17212.5160,0
24769,377.81,13630.2933,17212.5160,0
24770,377.82,13630.2933,17212.5160,0
24771,377.84,13630.2933,17212.5160,0
24772,377.86,13698.6666,17212.5160,0
24773,377.88,13698.6666,17212.5160,0
24774,377.88,13698.6666,17212.5160,0
24776,377.90,13698.6666,17212.5160,0
24777,377.92,13851.2919,17212.5160,0
24778,377.94,13851.2919,17212.5160,0
24780,377.96,13851.2919,17212.5160,0
24781,377.99,13952.3818,17212.5160,0
24782,378.05,13974.4728,17212.5160,0
24783,378.06,13974.4728,17212.5160,0
24784,378.08,13982.3276,17212.5160,0
24785,378.12,14062.7743,17212.5160,0
24787,378.13,14062.7743,17212.5160,0
24790,378.17,14062.7743,17212.5160,0
24793,378.22,14062.7743,17212.5160,0
24795,378.24,14062.7743,17212.5160,0
24798,378.27,14062.7743,17212.5160,0
24800,378.27,14062.7743,17212.5160,0
24801,378.27,14062.7743,17212.5160,0
24802,378.28,14079.2661,17212.5160,0
24803,378.30,14079.2661,17212.5160,0
24805,378.32,14079.2661,17212.5160,0
24806,378.34,14242.1040,17212.5160,0
24809,378.36,14242.1040,17212.5160,0
24812,378.42,14242.1040,17212.5160,0
24816,378.47,14242.1040,17212.5160,0
24818,378.47,14242.1040,17212.5160,0
24819,378.49,14242.1040,17212.5160,0
24823,378.55,14242.1040,17212.5160,0
24825,378.57,14242.1040,17212.5160,0
24828,378.62,14242.1040,17212.5160,0
24831,378.65,14242.1040,17212.5160,0
24832,378.65,14242.1040,17212.5160,0
24833,378.67,14242.1509,17212.5160,0
24834,378.72,14242.1509,17212.5160,0
24835,378.72,14242.1509,17212.5160,0
24838,378.76,14242.1509,17212.5160,0
24840,378.81,14242.1509,17212.5160,0
24842,378.92,14242.1509,17212.5160,0
24847,378.96,14242.1509,17212.5160,0
24848,379.00,14242.1509,17212.5160,0
24854,379.09,14242.1509,17212.5160,0
24856,379.09,14242.1509,17212.5160,0
24858,379.13,14242.1509,17212.5160,0
24859,379.13,14242.1509,17212.5160,0
24860,379.13,14242.1509,17212.5160,0
24861,379.13,14242.1509,17212.5160,0
24862,379.21,14243.0593,17212.5160,0
24863,379.26,14243.0593,17212.5160,0
24864,379.29,14243.0593,17212.5160,0
24865,379.35,14277.5283,17212.5160,0
24866,379.38,14352.0901,17212.5160,0
24868,379.40,14352.0901,17212.5160,0
24869,379.43,14352.0901,17212.5160,0
24870,379.45,14485.0112,17212.5160,0
24873,379.50,14485.0112,17212.5160,0
24876,379.55,14485.0112,17212.5160,0
24879,379.57,14597.0148,17212.5160,0
24880,379.59,14597.0148,17212.5160,0
24881,379.61,14597.0148,17212.5160,0
24884,379.67,14597.0148,17212.5160,0
24885,379.69,14625.6204,17212.5160,0
24886,379.71,14625.6204,17212.5160,0
24889,379.79,14625.6204,17212.5160,0
24892,379.81,14625.6204,17212.5160,0
24893,379.83,14625.6204,17212.5160,0
24897,379.87,14625.6204,17212.5160,0
24898,379.87,14625.6204,17212.5160,0
24899,379.87,14625.6204,17212.5160,0
24900,379.87,14625.6204,17212.5160,0
24901,379.87,14625.6204,17212.5160,0
24906,379.89,14625.6204,17212.5160,0
24909,379.95,14625.6204,17212.5160,0
24910,379.95,14625.6204,17212.5160,0
24913,379.96,14625.6204,17212.5160,0
24915,379.98,14625.6204,17212.5160,0
24916,379.99,14625.6204,17212.5160,0
24917,380.01,14625.6204,17212.5160,0
24920,380.10,14669.1601,17212.5160,0
24921,380.18,14669.1601,17212.5160,0
24922,380.20,14669.1601,17212.5160,0
24923,380.23,14669.1601,17212.5160,0
24924,380.29,14669.1601,17212.5160,0
24926,380.30,14669.1601,17212.5160,0
24927,380.32,14669.1601,17212.5160,0
24928,380.39,14895.4383,17212.5160,0
24929,380.41,14895.4383,17212.5160,0
24930,380.46,15115.9325,17212.5160,0
24931,380.48,15115.9325,17212.5160,0
24932,380.50,15115.9325,17212.5160,0
24933,380.51,15115.9325,17212.5160,0
24936,380.51,15115.9325,17212.5160,0
24939,380.57,15115.9325,17212.5160,0
24940,380.57,15115.9325,17212.5160,0
24941,380.59,15115.9325,17212.5160,0
24942,380.59,15115.9325,17212.5160,0
24943,380.60,15115.9325,17212.5160,0
24945,380.60,15115.9325,17212.5160,0
24947,380.61,15115.9325,17212.5160,0
24948,380.61,15115.9325,17212.5160,0
24953,380.67,15115.9325,17212.5160,0
24955,380.69,15115.9325,17212.5160,0
24956,380.69,15115.9325,17212.5160,0
24960,380.79,15115.9325,17212.5160,0
24962,380.79,15115.9325,17212.5160,0
24966,380.79,15115.9325,17212.5160,0
24967,380.81,15115.9325,17212.5160,0
24968,380.81,15115.9325,17212.5160,0
24970,380.81,15115.9325,17212.5160,0
24974,380.87,15115.9325,17212.5160,0
24976,380.89,15115.9325,17212.5160,0
24977,380.89,15115.9325,17212.5160,0
24978,380.89,15115.9325,17212.5160,0
24980,380.89,15115.9325,17212.5160,0
24982,380.90,15115.9325,17212.5160,0
24990,381.01,15115.9325,17212.5160,0
24991,381.01,15115.9325,17212.5160,0
24994,381.03,15115.9325,17212.5160,0
24997,381.08,15115.9325,17212.5160,0
24999,381.08,15115.9325,17212.5160,0
25003,381.21,15115.9325,17212.5160,0
25010,381.27,15115.9325,17212.5160,0
25011,381.27,15115.9325,17212.5160,0
25012,381.27,15115.9325,17212.5160,0
25021,381.30,15115.9325,17212.5160,0
25023,381.36,15115.9325,17212.5160,0
25024,381.36,15115.9325,17212.5160,0
25028,381.39,15115.9325,17212.5160,0
25029,381.39,15115.9325,17212.5160,0
25031,381.41,15115.9325,17212.5160,1
25032,381.45,12770.9888,17212.5160,0
25033,381.47,12770.9888,17212.5160,0
25034,381.49,12792.1566,17212.5160,0
25035,381.50,12792.1566,17212.5160,0
25036,381.54,12802.2917,17212.5160,0
25037,381.55,12802.2917,17212.5160,0
25038,381.55,12802.2917,17212.5160,0
25039,381.58,12802.6742,17212.5160,0
25042,381.64,12802.6742,17212.5160,0
25043,381.66,12802.6742,17212.5160,0
25045,381.66,12802.6742,17212.5160,0
25046,381.66,12802.6742,17212.5160,0
25048,381.68,12802.6742,17212.5160,0
25049,381.68,12802.6742,17212.5160,0
25050,381.68,12802.6742,17212.5160,0
25052,381.70,12802.6742,17212.5160,0
25053,381.70,12802.6742,17212.5160,0
25055,381.71,12905.9999,17212.5160,0
25056,381.76,12948.0979,17212.5160,0
25057,381.77,12948.0979,17212.5160,0
25059,381.79,12948.0979,17212.5160,0
25061,381.86,13217.7167,17212.5160,0
25062,381.91,13314.6225,17212.5160,0
25063,381.93,13314.6225,17212.5160,0
25064,381.95,13408.5993,17212.5160,0
25065,381.97,13408.5993,17212.5160,0
25067,382.05,13593.6933,17212.5160,0
25068,382.08,13593.6933,17212.5160,0
25069,382.12,13622.5071,17212.5160,0
25078,382.30,13622.5071,17212.5160,0
25079,382.31,13622.5071,17212.5160,0
25081,382.36,13739.5867,17212.5160,0
25082,382.38,13921.2246,17212.5160,0
25083,382.44,13921.2246,17212.5160,0
25084,382.45,13921.2246,17212.5160,0
25086,382.48,13962.2691,17212.5160,0
25087,382.51,13962.2691,17212.5160,0
25088,382.52,13962.2691,17212.5160,0
25095,382.54,14044.9286,17212.5160,0
25096,382.56,14044.9286,17212.5160,0
25097,382.58,14044.9286,17212.5160,0
25098,382.60,14044.9286,17212.5160,0
25099,382.62,14104.3334,17212.5160,0
25100,382.64,14104.3334,17212.5160,0
25102,382.66,14104.3334,17212.5160,0
25103,382.68,14104.3334,17212.5160,0
25104,382.69,14104.3334,17212.5160,0
25106,382.73,14156.8141,17212.5160,0
25107,382.77,14156.8141,17212.5160,0
25108,382.82,14207.3558,17212.5160,0
25110,382.86,14207.3558,17212.5160,0
25113,382.92,14207.3558,17212.5160,0
25114,382.92,14207.3558,17212.5160,0
25116,382.98,14207.3558,17212.5160,0
25118,383.00,14207.3558,17212.5160,0
25122,383.07,14207.3558,17212.5160,0
25123,383.07,14207.3558,17212.5160,0
25124,383.07,14207.3558,17212.5160,0
25125,383.11,14207.3558,17212.5160,0
25127,383.13,14207.3558,17212.5160,0
25128,383.13,14207.3558,17212.5160,0
25132,383.21,14207.3558,17212.5160,0
25135,383.23,14207.3558,17212.5160,0
25136,383.23,14207.3558,17212.5160,0
25137,383.24,14207.3558,17212.5160,0
25138,383.24,14207.3558,17212.5160,0
25141,383.26,14207.3558,17212.5160,0
25143,383.33,14207.3558,17212.5160,0
25145,383.33,14207.3558,17212.5160,0
25146,383.33,14207.3558,17212.5160,0
25150,383.42,14207.3558,17212.5160,0
25153,383.45,14207.3558,17212.5160,0
25157,383.52,14207.3558,17212.5160,0
25158,383.52,14207.3558,17212.5160,0
25159,383.52,14207.3558,17212.5160,0
25166,383.58,14207.3558,17212.5160,0
25167,383.58,14207.3558,17212.5160,0
25171,383.62,14207.3558,17212.5160,0
25173,383.62,14207.3558,17212.5160,0
25178,383.66,14207.3558,17212.5160,0
25179,383.66,14207.3558,17212.5160,0
25184,383.71,14207.3558,17212.5160,0
25188,383.72,14207.3558,17212.5160,0
25191,383.86,14207.3558,17212.5160,0
25196,383.93,14207.3558,17212.5160,0
25205,384.05,14207.3558,17212.5160,0
25206,384.05,14207.3558,17212.5160,0
25208,384.07,14207.3558,17212.5160,0
25209,384.07,14207.3558,17212.5160,1
25210,384.10,12398.7174,17212.5160,0
25211,384.11,12398.7174,17212.5160,0
25212,384.13,12479.6559,17212.5160,0
25213,384.14,12624.2389,17212.5160,0
25214,384.16,12624.2389,17212.5160,0
25215,384.17,12624.2389,17212.5160,0
25216,384.19,12624.2389,17212.5160,0
25217,384.22,12759.4531,17212.5160,0
25218,384.25,12760.4481,17212.5160,0
25219,384.28,12891.7954,17212.5160,0
25220,384.29,12897.3495,17212.5160,0
25223,384.38,12897.3495,17212.5160,0
25224,384.43,12949.8427,17212.5160,0
25225,384.52,12949.8427,17212.5160,0
25226,384.54,13153.5232,17212.5160,0
25227,384.56,13153.5232,17212.5160,0
25228,384.58,13153.5232,17212.5160,0
25229,384.60,13153.5232,17212.5160,0
25231,384.62,13153.5232,17212.5160,0
25232,384.62,13153.5232,17212.5160,0
25237,384.65,13153.5232,17212.5160,0
25238,384.72,13153.5232,17212.5160,0
25239,384.75,13390.2773,17212.5160,0
25240,384.78,13610.1439,17212.5160,0
25241,384.81,13721.0319,17212.5160,0
25243,384.86,13796.7169,17212.5160,0
25244,384.89,13798.1525,17212.5160,0
25245,384.91,13798.1525,17212.5160,0
25246,384.99,13800.2257,17212.5160,0
25247,385.01,13893.4136,17212.5160,0
25248,385.04,13893.4136,17212.5160,0
25250,385.06,13893.4136,17212.5160,0
25251,385.06,13893.4136,17212.5160,0
25252,385.10,13893.4136,17212.5160,0
25253,385.15,13966.0775,17212.5160,0
25255,385.20,13966.0775,17212.5160,0
25256,385.21,13966.0775,17212.5160,0
25257,385.23,13966.0775,17212.5160,0
25258,385.25,13966.0775,17212.5160,0
25259,385.27,14032.9497,17212.5160,0
25260,385.29,14149.4361,17212.5160,0
25261,385.33,14327.3408,17212.5160,0
25262,385.39,14557.2092,17212.5160,0
25263,385.43,14557.2092,17212.5160,0
25264,385.45,14610.0816,17212.5160,0
25266,385.50,14610.0816,17212.5160,0
25267,385.51,14610.0816,17212.5160,0
25269,385.53,14610.0816,17212.5160,0
25270,385.57,14647.5953,17212.5160,0
25275,385.64,14647.5953,17212.5160,0
25280,385.65,14647.5953,17212.5160,0
25282,385.67,14924.6917,17212.5160,0
25283,385.69,14937.6328,17212.5160,0
25284,385.72,15000.0288,17212.5160,0
25291,385.89,15097.7552,17212.5160,0
25295,385.98,15097.7552,17212.5160,0
25301,386.04,15097.7552,17212.5160,0
25303,386.12,15097.7552,17212.5160,0
25304,386.16,15097.7552,17212.5160,0
25309,386.20,15097.7552,17212.5160,0
25311,386.20,15097.7552,17212.5160,0
25312,386.20,15097.7552,17212.5160,0
25315,386.22,15097.7552,17212.5160,0
25317,386.22,15097.7552,17212.5160,0
25320,386.23,15097.7552,17212.5160,0
25324,386.27,15097.7552,17212.5160,0
25327,386.28,15097.7552,17212.5160,0
25329,386.33,15097.7552,17212.5160,0
25333,386.34,15097.7552,17212.5160,0
25334,386.34,15097.7552,17212.5160,0
25340,386.40,15097.7552,17212.5160,0
25341,386.40,15097.7552,17212.5160,0
25348,386.42,15097.7552,17212.5160,0
25349,386.42,15097.7552,17212.5160,0
25350,386.42,15097.7552,17212.5160,0
25353,386.46,15097.7552,17212.5160,0
25356,386.51,15097.7552,17212.5160,0
25358,386.51,15097.7552,17212.5160,0
25359,386.51,15097.7552,17212.5160,0
25361,386.51,15097.7552,17212.5160,0
25366,386.56,15097.7552,17212.5160,0
25367,386.57,15097.7552,17212.5160,0
25371,386.57,15097.7552,17212.5160,0
25373,386.66,15097.7552,17212.5160,0
25376,386.71,15097.7552,17212.5160,0
25379,386.75,15097.7552,17212.5160,0
25382,386.78,15097.7552,17212.5160,0
25383,386.78,15097.7552,17212.5160,0
25386,386.82,15097.7552,17212.5160,0
25387,386.82,15097.7552,17212.5160,0
25389,386.85,15267.2020,17212.5160,0
25390,386.87,15267.2020,17212.5160,0
25392,386.91,15267.2020,17212.5160,0
25396,387.04,15267.2020,17212.5160,0
25397,387.06,15311.9272,17212.5160,0
25400,387.15,15311.9272,17212.5160,0
25409,387.32,15311.9272,17212.5160,0
25412,387.38,15331.3957,17212.5160,0
25414,387.42,15331.3957,17212.5160,0
25418,387.52,15331.3957,17212.5160,0
25419,387.56,15331.3957,17212.5160,0
25421,387.60,15331.3957,17212.5160,0
25422,387.60,15331.3957,17212.5160,0
25430,387.70,15331.3957,17212.5160,0
25438,387.77,15331.3957,17212.5160,0
25440,387.82,15331.3957,17212.5160,0
25441,387.84,15331.3957,17212.5160,0
25445,387.89,15331.3957,17212.5160,0
25447,387.91,15331.3957,17212.5160,0
25449,387.96,15331.3957,17212.5160,0
25451,387.96,15331.3957,17212.5160,0
25458,388.00,15331.3957,17212.5160,0
25460,388.02,15331.3957,17212.5160,0
25461,388.02,15331.3957,17212.5160,0
25462,388.02,15331.3957,17212.5160,0
25463,388.02,15331.3957,17212.5160,0
25465,388.05,15331.3957,17212.5160,0
25468,388.10,15331.3957,17212.5160,0
25471,388.15,15331.3957,17212.5160,0
25474,388.17,15331.3957,17212.5160,0
25475,388.17,15331.3957,17212.5160,0
25476,388.21,15344.3204,17212.5160,0
25480,388.32,15371.5790,17212.5160,0
25482,388.39,15446.9513,17212.5160,0
25483,388.45,15451.6853,17212.5160,0
25485,388.50,15451.6853,17212.5160,0
25486,388.52,15452.8050,17212.5160,0
25490,388.71,15452.8050,17212.5160,0
25492,388.80,15455.5354,17212.5160,0
25493,388.81,15455.5354,17212.5160,0
25496,388.93,15455.5354,17212.5160,0
25497,388.93,15455.5354,17212.5160,0
25498,388.93,15455.5354,17212.5160,0
25499,388.95,15572.7765,17212.5160,0
25502,389.10,15572.7765,17212.5160,0
25505,389.10,15572.7765,17212.5160,0
25506,389.15,15572.7765,17212.5160,0
25509,389.16,15572.7765,17212.5160,0
25514,389.32,15572.7765,17212.5160,0
25516,389.36,15572.7765,17212.5160,0
25521,389.44,15572.7765,17212.5160,0
25522,389.44,15572.7765,17212.5160,0
25523,389.45,15572.7765,17212.5160,0
25524,389.45,15572.7765,17212.5160,0
25526,389.49,15634.9635,17212.5160,0
25527,389.52,15634.9635,17212.5160,0
25528,389.52,15634.9635,17212.5160,0
25533,389.63,15634.9635,17212.5160,0
25535,389.69,15634.9635,17212.5160,0
25536,389.69,15634.9635,17212.5160,0
25538,389.74,15634.9635,17212.5160,0
25540,389.82,15634.9635,17212.5160,0
25543,389.88,15634.9635,17212.5160,0
25544,389.88,15634.9635,17212.5160,0
25546,389.91,15634.9635,17212.5160,0
25547,389.93,15634.9635,17212.5160,0
25548,389.95,15634.9635,17212.5160,0
25551,389.98,15634.9635,17212.5160,0
25552,390.00,15634.9635,17212.5160,0
25553,390.00,15634.9635,17212.5160,0
25554,390.00,15634.9635,17212.5160,0
25555,390.00,15634.9635,17212.5160,0
25556,390.00,15634.9635,17212.5160,0
25557,390.02,15634.9635,17212.5160,0
25564,390.10,15634.9635,17212.5160,0
25565,390.10,15634.9635,17212.5160,0
25566,390.10,15634.9635,17212.5160,0
25567,390.10,15634.9635,17212.5160,0
25570,390.15,15634.9635,17212.5160,0
25574,390.18,15634.9635,17212.5160,0
25579,390.31,15684.1121,17212.5160,0
25580,390.36,15737.3275,17212.5160,0
25589,390.57,15738.8560,17212.5160,0
25593,390.66,15738.8560,17212.5160,0
25594,390.71,15738.8560,17212.5160,0
25600,390.80,15738.8560,17212.5160,0
25602,390.80,15738.8560,17212.5160,0
25603,390.80,15738.8560,17212.5160,0
25605,390.80,15738.8560,17212.5160,0
25606,390.80,15738.8560,17212.5160,0
25609,390.80,15738.8560,17212.5160,0
25612,390.82,15738.8560,17212.5160,0
25618,390.92,15738.8560,17212.5160,0
25619,390.92,15738.8560,17212.5160,0
25624,390.98,15738.8560,17212.5160,0
25625,390.98,15738.8560,17212.5160,0
25627,390.98,15738.8560,17212.5160,0
25629,391.02,15738.8560,17212.5160,0
25630,391.02,15738.8560,17212.5160,0
25631,391.05,15738.8560,17212.5160,0
25632,391.13,15739.8694,17212.5160,0
25634,391.25,15739.8694,17212.5160,0
25636,391.28,15817.5600,17212.5160,0
25639,391.40,15817.5600,17212.5160,0
25644,391.52,15817.5600,17212.5160,0
25649,391.57,15817.5600,17212.5160,0
25655,391.63,15817.5600,17212.5160,0
25659,391.68,15822.6999,17212.5160,0
25661,391.73,15822.6999,17212.5160,0
25663,391.84,15822.6999,17212.5160,0
25664,391.89,15822.6999,17212.5160,0
25668,391.97,15823.4180,17212.5160,0
25670,392.04,15823.4180,17212.5160,0
25675,392.09,15823.4180,17212.5160,0
25676,392.09,15823.4180,17212.5160,0
25679,392.13,15823.4180,17212.5160,0
25682,392.13,15823.4180,17212.5160,0
25683,392.13,15823.4180,17212.5160,0
25685,392.16,15823.4180,17212.5160,0
25695,392.34,15823.4180,17212.5160,0
25722,392.60,15823.4180,17212.5160,0
25725,392.66,15823.4180,17212.5160,0
25726,392.66,15823.4180,17212.5160,0
25728,392.66,15823.4180,17212.5160,0
25734,392.77,15823.4180,17212.5160,0
25739,392.80,15823.4180,17212.5160,0
25740,392.89,15823.4180,17212.5160,0
25741,392.89,15823.4180,17212.5160,0
25744,392.89,15823.4180,17212.5160,0
25746,392.97,15869.8943,17212.5160,0
25749,393.12,15869.8943,17212.5160,0
25752,393.12,15869.8943,17212.5160,0
25755,393.20,15869.8943,17212.5160,0
25756,393.20,15869.8943,17212.5160,0
25762,393.39,15869.8943,17212.5160,0
25769,393.48,15869.8943,17212.5160,0
25773,393.48,15869.8943,17212.5160,0
25775,393.48,15869.8943,17212.5160,0
25793,393.69,15869.8943,17212.5160,0
25798,393.76,15869.8943,17212.5160,0
25802,393.77,15869.8943,17212.5160,0
25804,393.77,15869.8943,17212.5160,0
25807,393.79,15869.8943,17212.5160,0
25812,393.86,15869.8943,17212.5160,0
25813,393.86,15869.8943,17212.5160,0
25841,394.06,15869.8943,17212.5160,0
25844,394.07,15869.8943,17212.5160,0
25847,394.07,15869.8943,17212.5160,1
25848,394.12,15570.4079,17212.5160,0
25853,394.19,15570.4079,17212.5160,0
25854,394.19,15570.4079,17212.5160,0
25855,394.21,15570.4079,17212.5160,0
25858,394.28,15570.4079,17212.5160,0
25859,394.28,15570.4079,17212.5160,0
25860,394.28,15570.4079,17212.5160,0
25861,394.28,15570.4079,17212.5160,0
25863,394.40,15570.4079,17212.5160,0
25866,394.45,15570.4079,17212.5160,0
25867,394.52,15869.8943,17212.5160,0
25869,394.56,15869.8943,17212.5160,0
25875,394.60,15869.8943,17212.5160,0
25882,394.61,15869.8943,17212.5160,0
25883,394.61,15869.8943,17212.5160,0
25884,394.61,15869.8943,17212.5160,0
25887,394.63,15869.8943,17212.5160,0
25888,394.63,15869.8943,17212.5160,0
25891,394.66,15869.8943,17212.5160,0
25892,394.66,15869.8943,17212.5160,0
25895,394.66,15869.8943,17212.5160,0
25899,394.66,15869.8943,17212.5160,0
25901,394.67,15869.8943,17212.5160,0
25903,394.67,15869.8943,17212.5160,0
25906,394.68,15869.8943,17212.5160,0
25909,394.69,15869.8943,17212.5160,0
25915,394.70,15869.8943,17212.5160,0
25923,394.73,15869.8943,17212.5160,0
25931,394.81,15869.8943,17212.5160,0
25937,394.87,15869.8943,17212.5160,0
25942,394.90,15869.8943,17212.5160,0
25943,394.90,15869.8943,17212.5160,0
25944,394.90,15869.8943,17212.5160,0
25949,394.92,15869.8943,17212.5160,0
25950,394.92,15869.8943,17212.5160,0
25951,394.92,15869.8943,17212.5160,0
25955,394.95,15869.8943,17212.5160,0
25960,394.99,15869.8943,17212.5160,0
25968,395.02,15869.8943,17212.5160,1
25969,395.06,15433.4478,17212.5160,0
25970,395.08,15433.4478,17212.5160,0
25973,395.19,15433.4478,17212.5160,0
25976,395.23,15615.1600,17212.5160,0
25978,395.31,15687.2128,17212.5160,0
25981,395.41,15764.4981,17212.5160,0
25986,395.63,15764.8092,17212.5160,0
25987,395.66,15764.8092,17212.5160,0
25990,395.71,15764.8092,17212.5160,0
25991,395.76,15809.2504,17212.5160,0
25996,395.82,15809.2504,17212.5160,0
25997,395.85,15809.2504,17212.5160,0
25998,395.91,15809.2504,17212.5160,0
26000,396.01,15809.2504,17212.5160,0
26001,396.02,15809.2504,17212.5160,0
26006,396.12,15809.2504,17212.5160,0
26007,396.14,15858.1241,17212.5160,0
26008,396.18,15858.1241,17212.5160,0
26009,396.26,15966.4508,17212.5160,0
26018,396.41,15966.4508,17212.5160,0
26021,396.46,15966.4508,17212.5160,0
26026,396.49,15966.4508,17212.5160,0
26041,396.69,15966.4508,17212.5160,0
26045,396.73,15966.4508,17212.5160,0
26050,396.80,15966.4508,17212.5160,0
26054,396.90,15966.4508,17212.5160,0
26057,396.93,15966.4508,17212.5160,0
26069,397.02,15966.4508,17212.5160,0
26077,397.05,15966.4508,17212.5160,0
26081,397.07,15966.4508,17212.5160,0
26083,397.11,15966.4508,17212.5160,0
26084,397.11,15966.4508,17212.5160,0
26089,397.12,15966.4508,17212.5160,0
26108,397.15,15966.4508,17212.5160,0
26110,397.15,15966.4508,17212.5160,1
26111,397.22,15490.6402,17212.5160,0
26114,397.25,15758.3407,17212.5160,0
26117,397.35,15758.3407,17212.5160,0
26122,397.38,15758.3407,17212.5160,0
26123,397.41,15758.6267,17212.5160,0
26124,397.43,15922.4882,17212.5160,0
26139,397.65,15922.4882,17212.5160,0
26151,397.83,15922.4882,17212.5160,0
26164,397.96,15922.4882,17212.5160,0
26165,397.96,15922.4882,17212.5160,0
26177,398.01,15922.4882,17212.5160,0
26184,398.04,15922.4882,17212.5160,0
26194,398.09,15922.4882,17212.5160,0
26204,398.14,15922.4882,17212.5160,0
26208,398.15,15922.4882,17212.5160,0
26213,398.16,15922.4882,17212.5160,0
26215,398.23,15922.4882,17212.5160,0
26216,398.24,15922.4882,17212.5160,0
26221,398.25,15922.4882,17212.5160,0
26223,398.27,15922.4882,17212.5160,0
26225,398.27,15922.4882,17212.5160,1
26226,398.32,15238.5516,17212.5160,0
26227,398.34,15238.5516,17212.5160,0
26228,398.38,15239.2881,17212.5160,0
26229,398.40,15241.3810,17212.5160,0
26230,398.42,15515.6387,17212.5160,0
26231,398.44,15515.7668,17212.5160,0
26232,398.51,15515.7668,17212.5160,0
26234,398.57,15515.7668,17212.5160,0
26235,398.57,15515.7668,17212.5160,0
26236,398.60,15515.7668,17212.5160,0
26237,398.60,15515.7668,17212.5160,0
26238,398.63,15560.1596,17212.5160,0
26239,398.66,15560.1596,17212.5160,0
26245,398.78,15560.1596,17212.5160,0
26249,398.82,15560.1596,17212.5160,0
26252,398.88,15665.0525,17212.5160,0
26253,398.92,15665.0525,17212.5160,0
26256,399.02,15813.2450,17212.5160,0
26257,399.10,15813.2450,17212.5160,0
26258,399.11,15813.2450,17212.5160,0
26259,399.14,15813.2450,17212.5160,0
26261,399.22,15936.7327,17212.5160,0
26264,399.36,16041.0426,17212.5160,0
26273,399.56,16041.0426,17212.5160,0
26285,399.76,16041.0426,17212.5160,0
26289,399.79,16041.0426,17212.5160,0
26290,399.79,16041.0426,17212.5160,0
26294,399.84,16041.0426,17212.5160,0
26303,399.94,16041.0426,17212.5160,0
26317,400.02,16041.0426,17212.5160,0
26319,400.03,16041.0426,17212.5160,0
26323,400.05,16041.0426,17212.5160,0
26328,400.13,16041.0426,17212.5160,0
26329,400.13,16041.0426,17212.5160,0
26365,400.50,16041.0426,17212.5160,1
26366,400.57,15252.6625,17212.5160,0
26367,400.61,15259.8206,17212.5160,0
26368,400.63,15259.8206,17212.5160,0
26369,400.70,15259.8206,17212.5160,0
26371,400.76,15302.0644,17212.5160,0
26374,400.87,15302.0644,17212.5160,0
26375,400.90,15302.0644,17212.5160,0
26376,400.97,15302.0644,17212.5160,0
26378,400.97,15302.0644,17212.5160,0
26379,400.99,15302.0644,17212.5160,0
26380,401.01,15302.0644,17212.5160,0
26382,401.10,15302.0644,17212.5160,0
26390,401.30,15302.0644,17212.5160,0
26392,401.30,15302.0644,17212.5160,0
26393,401.31,15302.0644,17212.5160,0
26394,401.31,15302.0644,17212.5160,0
26398,401.38,15302.0644,17212.5160,0
26399,401.38,15302.0644,17212.5160,0
26400,401.40,15302.0644,17212.5160,0
26404,401.43,15302.0644,17212.5160,0
26410,401.52,15302.0644,17212.5160,0
26415,401.56,15462.6379,17212.5160,0
26421,401.81,15462.6379,17212.5160,0
26423,401.89,15559.8146,17212.5160,0
26425,401.92,15580.3254,17212.5160,0
26429,402.09,15580.3254,17212.5160,0
26431,402.15,15655.7142,17212.5160,0
26432,402.19,15655.7142,17212.5160,0
26433,402.19,15655.7142,17212.5160,0
26434,402.28,15655.7142,17212.5160,0
26436,402.32,15655.7142,17212.5160,0
26437,402.34,15655.7142,17212.5160,0
26439,402.34,15655.7142,17212.5160,0
26444,402.55,15838.1472,17212.5160,0
26461,402.88,15838.1472,17212.5160,0
26463,402.94,15838.1472,17212.5160,0
26465,402.97,15838.1472,17212.5160,0
26467,402.97,15838.1472,17212.5160,0
26468,403.03,15838.1472,17212.5160,0
26470,403.07,15838.1472,17212.5160,0
26472,403.16,15838.1472,17212.5160,0
26473,403.16,15838.1472,17212.5160,0
26475,403.19,15838.1472,17212.5160,0
26476,403.22,15890.9091,17212.5160,0
26490,403.69,15890.9091,17212.5160,0
26492,403.79,15890.9091,17212.5160,0
26493,403.87,15890.9091,17212.5160,0
26496,403.88,15890.9091,17212.5160,0
26497,403.90,15890.9091,17212.5160,0
26498,403.90,15890.9091,17212.5160,0
26499,403.90,15890.9091,17212.5160,0
26502,403.91,15890.9091,17212.5160,0
26507,403.99,16033.7922,17212.5160,0
26508,404.01,16033.7922,17212.5160,0
26510,404.07,16057.5786,17212.5160,0
26511,404.10,16218.0558,17212.5160,0
26513,404.16,16218.0558,17212.5160,0
26517,404.20,16218.0558,17212.5160,0
26520,404.25,16218.0558,17212.5160,0
26526,404.34,16218.0558,17212.5160,0
26528,404.36,16218.0558,17212.5160,0
26533,404.40,16218.0558,17212.5160,0
26534,404.40,16218.0558,17212.5160,0
26541,404.43,16218.0558,17212.5160,0
26546,404.46,16218.0558,17212.5160,0
26548,404.46,16218.0558,17212.5160,0
26549,404.46,16218.0558,17212.5160,0
26552,404.46,16218.0558,17212.5160,0
26555,404.51,16218.0558,17212.5160,0
26561,404.58,16218.0558,17212.5160,0
26563,404.58,16218.0558,17212.5160,0
26572,404.63,16218.0558,17212.5160,0
26574,404.64,16218.0558,17212.5160,0
26578,404.64,16218.0558,17212.5160,0
26579,404.64,16218.0558,17212.5160,0
26580,404.64,16218.0558,17212.5160,0
26581,404.64,16218.0558,17212.5160,0
26595,404.72,16218.0558,17212.5160,0
26596,404.72,16218.0558,17212.5160,0
26597,404.72,16218.0558,17212.5160,0
26602,404.73,16218.0558,17212.5160,0
26606,404.74,16218.0558,17212.5160,0
26609,404.74,16218.0558,17212.5160,0
26610,404.75,16218.0558,17212.5160,0
26611,404.75,16218.0558,17212.5160,0
26612,404.75,16218.0558,17212.5160,1
26615,404.90,14921.3159,17212.5160,0
26616,404.92,14921.3159,17212.5160,0
26617,404.94,14921.3159,17212.5160,0
26618,404.96,15055.4576,17212.5160,0
26619,404.98,15098.2442,17212.5160,0
26620,405.00,15098.2442,17212.5160,0
26621,405.03,15100.8623,17212.5160,0
26622,405.05,15100.8623,17212.5160,0
26624,405.10,15105.3880,17212.5160,0
26625,405.12,15105.3880,17212.5160,0
26626,405.12,15105.3880,17212.5160,0
26627,405.16,15232.5422,17212.5160,0
26628,405.20,15232.5422,17212.5160,0
26629,405.22,15232.5422,17212.5160,0
26630,405.33,15232.5422,17212.5160,0
26631,405.36,15232.5422,17212.5160,0
26632,405.39,15259.0764,17212.5160,0
26633,405.41,15259.0764,17212.5160,0
26634,405.45,15259.0764,17212.5160,0
26636,405.52,15259.0764,17212.5160,0
26637,405.58,15260.6710,17212.5160,0
26640,405.71,15260.6710,17212.5160,0
26641,405.73,15260.6710,17212.5160,0
26643,405.82,15261.5789,17212.5160,0
26647,405.87,15261.5789,17212.5160,0
26650,405.95,15261.5789,17212.5160,0
26652,406.07,15261.5789,17212.5160,0
26653,406.09,15261.5789,17212.5160,0
26654,406.17,15261.5789,17212.5160,0
26660,406.26,15261.5789,17212.5160,0
26661,406.26,15261.5789,17212.5160,0
26663,406.28,15261.5789,17212.5160,0
26664,406.32,15261.5789,17212.5160,0
26666,406.36,15292.6344,17212.5160,0
26672,406.58,15417.0826,17212.5160,0
26688,406.95,15460.1298,17212.5160,0
26689,406.97,15460.1298,17212.5160,0
26690,406.97,15460.1298,17212.5160,0
26692,407.00,15460.1298,17212.5160,0
26693,407.00,15460.1298,17212.5160,0
26696,407.07,15549.9317,17212.5160,0
26698,407.21,15549.9317,17212.5160,0
26701,407.30,15549.9317,17212.5160,0
26705,407.41,15549.9317,17212.5160,0
26706,407.49,15549.9317,17212.5160,0
26716,407.65,15549.9317,17212.5160,0
26718,407.72,15549.9317,17212.5160,0
26720,407.72,15549.9317,17212.5160,0
26722,407.73,15549.9317,17212.5160,0
26725,407.74,15549.9317,17212.5160,0
26728,407.80,15681.7366,17212.5160,0
26747,408.36,15681.7366,17212.5160,0
26754,408.51,15705.0979,17212.5160,0
26756,408.62,15705.0979,17212.5160,0
26757,408.67,15705.0979,17212.5160,0
26762,408.84,15733.2720,17212.5160,0
26773,409.15,15733.2720,17212.5160,0
26788,409.40,15733.2720,17212.5160,0
26798,409.61,15747.6682,17212.5160,0
26810,410.03,15747.6682,17212.5160,0
26811,410.09,15747.6682,17212.5160,0
26812,410.09,15747.6682,17212.5160,0
26816,410.15,15747.6682,17212.5160,0
26819,410.23,15747.6682,17212.5160,0
26827,410.40,15747.6682,17212.5160,0
26831,410.44,15747.6682,17212.5160,0
26833,410.49,15747.6682,17212.5160,0
26838,410.60,15747.6682,17212.5160,0
26842,410.65,15765.6598,17212.5160,0
26872,411.36,15765.6598,17212.5160,0
26879,411.43,15765.6598,17212.5160,0
26882,411.47,15771.5809,17212.5160,0
26887,411.69,15771.5809,17212.5160,0
26889,411.72,15771.5809,17212.5160,0
26891,411.76,15771.5809,17212.5160,0
26892,411.78,15771.5809,17212.5160,0
26894,411.88,15771.5809,17212.5160,0
26895,411.92,15771.5809,17212.5160,0
26905,412.00,15771.5809,17212.5160,0
26909,412.08,15771.5809,17212.5160,0
26914,412.09,15771.5809,17212.5160,0
26917,412.13,15771.5809,17212.5160,0
26919,412.16,15771.5809,17212.5160,0
26920,412.18,15771.5809,17212.5160,0
26922,412.23,15771.5809,17212.5160,0
26925,412.26,15771.5809,17212.5160,0
26933,412.44,15771.5809,17212.5160,0
26934,412.44,15771.5809,17212.5160,0
26937,412.50,15771.5809,17212.5160,0
26939,412.50,15771.5809,17212.5160,0
26943,412.59,15771.5809,17212.5160,0
26945,412.63,15771.5809,17212.5160,0
26954,412.73,15771.5809,17212.5160,0
26959,412.80,15771.5809,17212.5160,0
26965,412.83,15771.5809,17212.5160,0
26969,412.89,15771.5809,17212.5160,0
26972,412.89,15771.5809,17212.5160,0
26975,412.93,15771.5809,17212.5160,0
26980,412.98,15771.5809,17212.5160,0
26983,413.06,15771.5809,17212.5160,1
26985,413.10,14631.7980,17212.5160,0
26987,413.23,14645.4127,17212.5160,0
26988,413.28,14663.3994,17212.5160,0
26992,413.44,14790.4905,17212.5160,0
26994,413.50,14790.8731,17212.5160,0
26995,413.54,14790.8731,17212.5160,0
26996,413.56,14790.8731,17212.5160,0
26998,413.60,14790.8731,17212.5160,0
26999,413.63,15080.9129,17212.5160,0
27000,413.65,15178.3547,17212.5160,0
27001,413.71,15251.0873,17212.5160,0
27016,414.09,15251.0873,17212.5160,0
27028,414.36,15251.0873,17212.5160,0
27038,414.48,15280.0488,17212.5160,0
27047,414.78,15294.7070,17212.5160,0
27051,415.00,15306.5383,17212.5160,0
27053,415.07,15306.5383,17212.5160,0
27054,415.13,15306.5383,17212.5160,0
27056,415.19,15333.2099,17212.5160,0
27057,415.19,15333.2099,17212.5160,0
27060,415.32,15349.7129,17212.5160,0
27061,415.39,15349.7129,17212.5160,0
27062,415.44,15349.7129,17212.5160,0
27063,415.46,15349.7129,17212.5160,0
27064,415.50,15349.7129,17212.5160,0
27066,415.56,15373.5177,17212.5160,0
27067,415.58,15373.5448,17212.5160,0
27068,415.64,15373.5448,17212.5160,0
27070,415.72,15373.5448,17212.5160,0
27071,415.79,15373.5448,17212.5160,0
27075,415.93,15373.5448,17212.5160,0
27076,415.97,15375.2501,17212.5160,0
27079,416.04,15375.2501,17212.5160,0
27081,416.10,15375.2501,17212.5160,0
27084,416.22,15375.2501,17212.5160,0
27086,416.25,15724.5132,17212.5160,0
27102,416.62,15733.4454,17212.5160,0
27104,416.68,15733.4454,17212.5160,0
27113,416.92,15744.6090,17212.5160,0
27116,417.01,15769.7343,17212.5160,0
27127,417.36,15812.9590,17212.5160,0
27134,417.56,15812.9590,17212.5160,0
27138,417.74,15812.9590,17212.5160,0
27139,417.77,15838.2431,17212.5160,0
27181,418.51,15838.2431,17212.5160,0
27188,418.67,15838.2431,17212.5160,0
27199,418.85,15838.2431,17212.5160,0
27204,418.87,15838.2431,17212.5160,0
27233,419.18,15838.2431,17212.5160,0
27240,419.22,15838.2431,17212.5160,1
27241,419.33,14774.6111,17212.5160,0
27242,419.35,14820.1353,17212.5160,0
27245,419.49,15017.6766,17212.5160,0
27250,419.71,15142.5814,17212.5160,0
27256,419.86,15142.5814,17212.5160,0
27258,419.91,15145.5836,17212.5160,0
27259,419.96,15226.2216,17212.5160,0
27260,419.98,15226.2216,17212.5160,0
27261,420.00,15226.2216,17212.5160,0
27263,420.09,15226.2216,17212.5160,0
27265,420.14,15226.2216,17212.5160,0
27267,420.24,15255.3873,17212.5160,0
27268,420.30,15293.0166,17212.5160,0
27270,420.35,15293.0166,17212.5160,0
27271,420.41,15293.0166,17212.5160,0
27276,420.59,15293.0166,17212.5160,0
27277,420.62,15295.7059,17212.5160,0
27278,420.65,15539.1885,17212.5160,0
27287,420.91,15539.1885,17212.5160,0
27297,421.26,15539.1885,17212.5160,0
27312,421.65,15539.1885,17212.5160,0
27315,421.67,15539.1885,17212.5160,0
27317,421.73,15539.1885,17212.5160,0
27324,421.85,15539.1885,17212.5160,0
27330,421.95,15539.1885,17212.5160,0
27331,421.95,15539.1885,17212.5160,0
27333,421.98,15539.1885,17212.5160,0
27335,422.00,15539.1885,17212.5160,0
27337,422.05,15539.1885,17212.5160,0
27338,422.08,15814.1023,17212.5160,0
27343,422.27,15814.1023,17212.5160,0
27352,422.48,15891.9000,17212.5160,0
27359,422.64,15948.9631,17212.5160,0
27361,422.74,15948.9631,17212.5160,0
27376,423.08,15948.9631,17212.5160,0
27379,423.16,15948.9631,17212.5160,0
27389,423.47,15948.9631,17212.5160,0
27404,423.72,15948.9631,17212.5160,0
27407,423.78,15948.9631,17212.5160,0
27415,423.90,15948.9631,17212.5160,0
27417,423.95,16003.4199,17212.5160,0
27441,424.64,16003.4199,17212.5160,0
27461,424.98,16003.4199,17212.5160,0
27466,425.04,16003.6652,17212.5160,0
27468,425.09,16026.9479,17212.5160,0
27506,425.81,16026.9479,17212.5160,0
27509,425.96,16026.9479,17212.5160,0
27537,426.33,16027.8343,17212.5160,0
27569,427.22,16027.8343,17212.5160,0
27605,427.67,16040.5334,17212.5160,0
27612,427.88,16152.7694,17212.5160,0
27614,427.95,16152.7694,17212.5160,0
27623,428.24,16152.7694,17212.5160,0
27627,428.32,16152.7694,17212.5160,0
27629,428.36,16152.7694,17212.5160,0
27630,428.40,16225.3182,17212.5160,0
27668,429.30,16225.3182,17212.5160,0
27687,429.44,16225.3182,17212.5160,0
27699,429.48,16225.3182,17212.5160,0
27706,429.56,16225.3182,17212.5160,0
27713,429.66,16225.3182,17212.5160,0
27714,429.68,16225.3182,17212.5160,0
27715,429.68,16225.3182,17212.5160,0
27722,429.73,16225.3182,17212.5160,0
27731,429.80,16225.3182,17212.5160,1
27732,429.84,14612.6258,17212.5160,0
27733,429.85,14612.6258,17212.5160,0
27736,429.86,14612.6258,17212.5160,0
27737,429.87,14612.6258,17212.5160,0
27738,429.89,14612.6258,17212.5160,0
27739,429.91,15120.3558,17212.5160,0
27740,429.93,15120.3558,17212.5160,0
27742,429.94,15178.0582,17212.5160,0
27743,429.96,15178.0582,17212.5160,0
27744,429.98,15180.7361,17212.5160,0
27745,430.00,15180.7361,17212.5160,0
27747,430.03,15219.3902,17212.5160,0
27748,430.05,15219.3902,17212.5160,0
27749,430.10,15351.3396,17212.5160,0
27750,430.12,15351.3396,17212.5160,0
27751,430.12,15351.3396,17212.5160,0
27752,430.16,15351.3396,17212.5160,0
27753,430.18,15351.3396,17212.5160,0
27755,430.21,15351.3396,17212.5160,0
27757,430.25,15351.3396,17212.5160,0
27759,430.32,15351.3396,17212.5160,0
27762,430.37,15351.3396,17212.5160,0
27763,430.41,15467.5098,17212.5160,0
27764,430.44,15467.5098,17212.5160,0
27767,430.53,15723.9855,17212.5160,0
27768,430.54,15723.9855,17212.5160,0
27770,430.62,15723.9855,17212.5160,0
27774,430.71,15723.9855,17212.5160,0
27778,430.81,15723.9855,17212.5160,0
27780,430.84,15723.9855,17212.5160,0
27781,430.91,15723.9855,17212.5160,0
27784,430.99,15723.9855,17212.5160,0
27786,431.01,15723.9855,17212.5160,0
27787,431.01,15723.9855,17212.5160,0
27791,431.03,15723.9855,17212.5160,0
27794,431.04,15723.9855,17212.5160,0
27796,431.04,15723.9855,17212.5160,0
27803,431.19,15742.5884,17212.5160,0
27804,431.21,15742.5884,17212.5160,0
27805,431.25,15742.5884,17212.5160,0
27806,431.31,15742.5884,17212.5160,0
27807,431.40,15886.5980,17212.5160,0
27808,431.44,15886.5980,17212.5160,0
27812,431.58,15970.9229,17212.5160,0
27815,431.64,15970.9229,17212.5160,0
27819,431.76,15970.9229,17212.5160,0
27820,431.78,15970.9229,17212.5160,0
27824,431.91,15970.9229,17212.5160,0
27825,431.97,15970.9229,17212.5160,0
27833,431.98,15970.9229,17212.5160,0
27836,432.09,16075.2345,17212.5160,0
27837,432.11,16075.2345,17212.5160,0
27839,432.16,16075.2345,17212.5160,0
27843,432.21,16075.2345,17212.5160,0
27847,432.34,16075.2345,17212.5160,0
27849,432.34,16075.2345,17212.5160,0
27850,432.38,16075.2345,17212.5160,0
27862,432.50,16075.2345,17212.5160,0
27863,432.50,16075.2345,17212.5160,0
27865,432.56,16075.2345,17212.5160,0
27866,432.65,16075.2345,17212.5160,0
27869,432.70,16095.6318,17212.5160,0
27870,432.74,16095.6318,17212.5160,0
27871,432.78,16095.6318,17212.5160,0
27872,432.80,16095.6318,17212.5160,0
27873,432.80,16095.6318,17212.5160,0
27876,432.92,16095.6318,17212.5160,0
27881,433.04,16095.6318,17212.5160,0
27882,433.06,16095.6318,17212.5160,0
27883,433.06,16095.6318,17212.5160,0
27884,433.06,16095.6318,17212.5160,0
27885,433.11,16095.6318,17212.5160,0
27887,433.12,16095.6318,17212.5160,0
27888,433.12,16095.6318,17212.5160,0
27889,433.12,16095.6318,17212.5160,0
27891,433.12,16095.6318,17212.5160,0
27892,433.12,16095.6318,17212.5160,0
27893,433.12,16095.6318,17212.5160,0
27897,433.25,16095.6318,17212.5160,0
27899,433.26,16095.6318,17212.5160,0
27900,433.26,16095.6318,17212.5160,0
27901,433.26,16095.6318,17212.5160,0
27902,433.34,16095.6318,17212.5160,0
27903,433.34,16095.6318,17212.5160,0
27904,433.34,16095.6318,17212.5160,0
27907,433.34,16095.6318,17212.5160,0
27908,433.38,16095.6318,17212.5160,0
27909,433.38,16095.6318,17212.5160,0
27910,433.38,16095.6318,17212.5160,0
27912,433.39,16095.6318,17212.5160,0
27913,433.39,16095.6318,17212.5160,0
27915,433.39,16095.6318,17212.5160,0
27916,433.39,16095.6318,17212.5160,0
27918,433.43,16095.6318,17212.5160,0
27919,433.43,16095.6318,17212.5160,0
27920,433.45,16095.6318,17212.5160,0
27923,433.45,16095.6318,17212.5160,0
27926,433.46,16095.6318,17212.5160,0
27928,433.54,16151.8694,17212.5160,0
27934,433.64,16190.3140,17212.5160,0
27935,433.68,16190.3140,17212.5160,0
27936,433.70,16314.3723,17212.5160,0
27937,433.73,16314.3723,17212.5160,0
27938,433.76,16314.3723,17212.5160,0
27939,433.80,16314.3723,17212.5160,0
27946,433.97,16314.3723,17212.5160,0
27950,434.10,16314.3723,17212.5160,0
27953,434.14,16314.3723,17212.5160,0
27960,434.24,16314.3723,17212.5160,0
27964,434.37,16314.3723,17212.5160,0
27965,434.37,16314.3723,17212.5160,0
27967,434.37,16314.3723,17212.5160,0
27968,434.38,16314.3723,17212.5160,0
27970,434.42,16314.3723,17212.5160,0
27979,434.46,16314.3723,17212.5160,0
27983,434.49,16314.3723,17212.5160,0
27984,434.49,16314.3723,17212.5160,0
27985,434.49,16314.3723,17212.5160,0
27986,434.49,16314.3723,17212.5160,0
27989,434.51,16314.3723,17212.5160,0
27994,434.55,16314.3723,17212.5160,0
28000,434.61,16314.3723,17212.5160,0
28005,434.66,16314.3723,17212.5160,0
28006,434.66,16314.3723,17212.5160,0
28008,434.68,16314.3723,17212.5160,0
28010,434.68,16314.3723,17212.5160,0
28013,434.73,16314.3723,17212.5160,0
28017,434.77,16314.3723,17212.5160,0
28023,434.82,16314.3723,17212.5160,0
28029,434.82,16314.3723,17212.5160,0
28032,434.85,16314.3723,17212.5160,0
28034,434.87,16314.3723,17212.5160,0
28037,434.87,16314.3723,17212.5160,1
28038,434.91,14615.2489,17212.5160,0
28040,434.93,14615.2489,17212.5160,0
28041,434.95,14751.7370,17212.5160,0
28043,434.99,15139.2698,17212.5160,0
28048,435.10,15139.2698,17212.5160,0
28049,435.14,15156.2361,17212.5160,0
28050,435.18,15300.4326,17212.5160,0
28051,435.21,15300.4326,17212.5160,0
28053,435.24,15300.4326,17212.5160,0
28055,435.26,15507.5187,17212.5160,0
28057,435.28,15507.5187,17212.5160,0
28058,435.30,15559.9724,17212.5160,0
28059,435.33,15559.9724,17212.5160,0
28060,435.34,15559.9724,17212.5160,0
28062,435.37,15559.9724,17212.5160,0
28064,435.43,15559.9724,17212.5160,0
28066,435.51,15559.9724,17212.5160,0
28067,435.58,15559.9724,17212.5160,0
28072,435.60,15559.9724,17212.5160,0
28074,435.61,15559.9724,17212.5160,0
28078,435.67,15559.9724,17212.5160,0
28079,435.67,15559.9724,17212.5160,0
28080,435.69,15603.0155,17212.5160,0
28081,435.74,15721.1711,17212.5160,0
28083,435.85,15721.1711,17212.5160,0
28084,435.91,15721.1711,17212.5160,0
28085,435.91,15721.1711,17212.5160,0
28087,436.01,15721.1711,17212.5160,0
28089,436.03,15721.1711,17212.5160,0
28095,436.14,15721.1711,17212.5160,0
28097,436.19,15721.1711,17212.5160,0
28104,436.28,15721.1711,17212.5160,0
28106,436.30,15721.1711,17212.5160,0
28109,436.35,15721.1711,17212.5160,0
28112,436.45,15721.1711,17212.5160,0
28113,436.45,15721.1711,17212.5160,0
28115,436.51,15721.1711,17212.5160,0
28117,436.54,15721.1711,17212.5160,0
28118,436.61,15721.1711,17212.5160,0
28120,436.63,15721.1711,17212.5160,0
28124,436.71,15721.1711,17212.5160,0
28126,436.73,15721.1711,17212.5160,0
28127,436.73,15721.1711,17212.5160,0
28131,436.80,15721.1711,17212.5160,0
28133,436.82,15721.1711,17212.5160,0
28135,436.84,15721.1711,17212.5160,0
28139,436.87,15721.1711,17212.5160,0
28140,436.87,15721.1711,17212.5160,0
28142,436.93,15721.1711,17212.5160,0
28144,436.95,15721.1711,17212.5160,0
28145,436.95,15721.1711,17212.5160,0
28146,436.95,15721.1711,17212.5160,0
28148,436.97,15721.1711,17212.5160,0
28150,437.01,15760.5617,17212.5160,0
28151,437.03,15760.5617,17212.5160,0
28152,437.05,15760.5617,17212.5160,0
28153,437.07,15760.5617,17212.5160,0
28155,437.09,15760.5617,17212.5160,0
28156,437.09,15760.5617,17212.5160,0
28157,437.09,15760.5617,17212.5160,0
28158,437.10,15760.5617,17212.5160,0
28159,437.12,15760.5617,17212.5160,0
28160,437.12,15760.5617,17212.5160,0
28161,437.15,15898.9722,17212.5160,0
28162,437.18,16149.2904,17212.5160,0
28163,437.20,16149.2904,17212.5160,0
28164,437.25,16149.2904,17212.5160,0
28167,437.32,16149.2904,17212.5160,0
28168,437.39,16149.2904,17212.5160,0
28169,437.39,16149.2904,17212.5160,0
28170,437.41,16149.2904,17212.5160,0
28171,437.44,16149.2904,17212.5160,0
28172,437.53,16149.2904,17212.5160,0
28173,437.53,16149.2904,17212.5160,0
28174,437.61,16149.2904,17212.5160,0
28176,437.63,16149.2904,17212.5160,0
28177,437.67,16149.2904,17212.5160,0
28178,437.68,16149.2904,17212.5160,0
28179,437.68,16149.2904,17212.5160,0
28180,437.69,16149.2904,17212.5160,0
28182,437.71,16149.2904,17212.5160,0
28183,437.71,16149.2904,17212.5160,0
28185,437.71,16149.2904,17212.5160,0
28186,437.71,16149.2904,17212.5160,0
28187,437.72,16149.2904,17212.5160,0
28188,437.72,16149.2904,17212.5160,0
28190,437.74,16149.2904,17212.5160,0
28196,437.81,16149.2904,17212.5160,0
28199,437.83,16149.2904,17212.5160,0
28200,437.83,16149.2904,17212.5160,0
28202,437.85,16149.2904,17212.5160,0
28203,437.85,16149.2904,17212.5160,0
28204,437.85,16149.2904,17212.5160,0
28205,437.85,16149.2904,17212.5160,0
28206,437.86,16149.2904,17212.5160,0
28207,437.86,16149.2904,17212.5160,0
28208,437.86,16149.2904,17212.5160,0
28211,437.88,16149.2904,17212.5160,0
28212,437.88,16149.2904,17212.5160,0
28214,437.90,16149.2904,17212.5160,0
28215,437.90,16149.2904,17212.5160,0
28216,437.90,16149.2904,17212.5160,0
28218,437.93,16149.2904,17212.5160,0
28225,438.01,16149.2904,17212.5160,0
28226,438.01,16149.2904,17212.5160,0
28230,438.03,16149.2904,17212.5160,0
28231,438.08,16149.2904,17212.5160,0
28232,438.10,16149.2904,17212.5160,0
28235,438.13,16149.2904,17212.5160,0
28239,438.19,16149.2904,17212.5160,0
28241,438.21,16149.2904,17212.5160,0
28242,438.21,16149.2904,17212.5160,0
28243,438.21,16149.2904,17212.5160,0
28245,438.23,16149.2904,17212.5160,0
28248,438.23,16149.2904,17212.5160,0
28249,438.23,16149.2904,17212.5160,0
28250,438.23,16149.2904,17212.5160,0
28251,438.23,16149.2904,17212.5160,0
28252,438.24,16149.2904,17212.5160,0
28253,438.29,16149.2904,17212.5160,0
28254,438.30,16149.2904,17212.5160,0
28255,438.30,16149.2904,17212.5160,0
28256,438.30,16149.2904,17212.5160,0
28258,438.32,16149.2904,17212.5160,0
28260,438.33,16149.2904,17212.5160,0
28261,438.33,16149.2904,17212.5160,0
28263,438.35,16149.2904,17212.5160,1
28264,438.39,14253.3810,17212.5160,0
28265,438.41,14735.0648,17212.5160,0
28266,438.43,14735.0648,17212.5160,0
28267,438.45,14735.0648,17212.5160,0
28268,438.46,14774.9389,17212.5160,0
28269,438.52,14774.9389,17212.5160,0
28270,438.55,14787.7724,17212.5160,0
28275,438.75,14787.7724,17212.5160,0
28276,438.79,14792.3309,17212.5160,0
28277,438.82,14792.3309,17212.5160,0
28278,438.86,14792.3309,17212.5160,0
28279,438.91,14792.3309,17212.5160,0
28281,438.98,14792.3309,17212.5160,0
28282,439.00,14792.3309,17212.5160,0
28283,439.02,14792.3309,17212.5160,0
28284,439.02,14792.3309,17212.5160,0
28285,439.03,14792.3309,17212.5160,0
28286,439.06,14824.2240,17212.5160,0
28287,439.09,14834.7080,17212.5160,0
28289,439.17,14885.4490,17212.5160,0
28294,439.41,14885.4490,17212.5160,0
28295,439.45,14885.4490,17212.5160,0
28299,439.59,14885.4490,17212.5160,0
28301,439.62,14885.4490,17212.5160,0
28303,439.69,14885.4490,17212.5160,0
28304,439.71,14885.4490,17212.5160,0
28306,439.76,14885.4490,17212.5160,0
28309,439.81,14941.1567,17212.5160,0
28310,439.88,14962.6829,17212.5160,0
28311,439.90,14962.6829,17212.5160,0
28312,439.98,14962.6829,17212.5160,0
28313,440.06,14962.6829,17212.5160,0
28314,440.11,14962.6829,17212.5160,0
28315,440.11,14962.6829,17212.5160,0
28316,440.15,15143.5774,17212.5160,0
28319,440.26,15143.5774,17212.5160,0
28321,440.35,15143.5774,17212.5160,0
28322,440.35,15143.5774,17212.5160,0
28325,440.36,15143.5774,17212.5160,0
28330,440.43,15143.5774,17212.5160,0
28332,440.54,15143.5774,17212.5160,0
28335,440.61,15143.5774,17212.5160,0
28336,440.61,15143.5774,17212.5160,0
28341,440.66,15143.5774,17212.5160,0
28342,440.70,15143.5774,17212.5160,0
28344,440.75,15143.5774,17212.5160,0
28346,440.75,15143.5774,17212.5160,0
28352,440.81,15143.5774,17212.5160,0
28353,440.81,15143.5774,17212.5160,0
28356,440.94,15143.5774,17212.5160,0
28358,440.96,15143.5774,17212.5160,0
28360,440.98,15143.5774,17212.5160,0
28361,440.98,15143.5774,17212.5160,0
28365,441.03,15143.5774,17212.5160,0
28368,441.09,15143.5774,17212.5160,0
28371,441.09,15143.5774,17212.5160,0
28373,441.10,15143.5774,17212.5160,0
28374,441.10,15143.5774,17212.5160,0
28375,441.10,15143.5774,17212.5160,0
28379,441.14,15143.5774,17212.5160,0
28382,441.16,15143.5774,17212.5160,0
28387,441.22,15143.5774,17212.5160,0
28389,441.23,15143.5774,17212.5160,0
28393,441.23,15143.5774,17212.5160,0
28399,441.28,15143.5774,17212.5160,0
28400,441.28,15143.5774,17212.5160,0
28401,441.29,15143.5774,17212.5160,0
28403,441.36,15143.5774,17212.5160,0
28404,441.37,15143.5774,17212.5160,0
28405,441.37,15143.5774,17212.5160,0
28407,441.38,15143.5774,17212.5160,0
28411,441.42,15143.5774,17212.5160,0
28414,441.45,15143.5774,17212.5160,0
28416,441.47,15143.5774,17212.5160,0
28417,441.47,15143.5774,17212.5160,1
28418,441.53,13266.5088,17212.5160,0
28419,441.56,13490.2982,17212.5160,0
28420,441.59,13490.2982,17212.5160,0
28421,441.63,13544.4458,17212.5160,0
28422,441.71,13669.9949,17212.5160,0
28424,441.77,13685.1259,17212.5160,0
28425,441.79,13685.1259,17212.5160,0
28426,441.82,13685.1259,17212.5160,0
28427,441.84,13685.1259,17212.5160,0
28428,441.84,13685.1259,17212.5160,0
28432,441.91,13766.2042,17212.5160,0
28433,442.03,13976.1496,17212.5160,0
28434,442.05,14083.2160,17212.5160,0
28437,442.11,14083.2160,17212.5160,0
28438,442.13,14083.2160,17212.5160,0
28439,442.15,14083.2160,17212.5160,0
28441,442.21,14083.2160,17212.5160,0
28445,442.23,14083.2160,17212.5160,0
28450,442.35,14083.2160,17212.5160,0
28454,442.39,14083.2160,17212.5160,0
28459,442.45,14092.6394,17212.5160,0
28462,442.55,14092.6394,17212.5160,0
28463,442.57,14092.6394,17212.5160,0
28464,442.62,14126.6874,17212.5160,0
28466,442.71,14126.6874,17212.5160,0
28467,442.72,14126.6874,17212.5160,0
28468,442.74,14126.6874,17212.5160,0
28470,442.83,14126.6874,17212.5160,0
28471,442.83,14126.6874,17212.5160,0
28472,442.88,14126.6874,17212.5160,0
28474,442.88,14126.6874,17212.5160,0
28477,442.92,14126.6874,17212.5160,0
28478,442.93,14126.6874,17212.5160,0
28480,442.93,14126.6874,17212.5160,0
28481,443.03,14126.6874,17212.5160,0
28483,443.04,14126.6874,17212.5160,0
28486,443.06,14126.6874,17212.5160,0
28490,443.08,14126.6874,17212.5160,0
28491,443.09,14126.6874,17212.5160,0
28492,443.12,14126.6874,17212.5160,0
28493,443.12,14126.6874,17212.5160,0
28494,443.13,14126.6874,17212.5160,0
28495,443.13,14126.6874,17212.5160,0
28496,443.13,14126.6874,17212.5160,0
28497,443.14,14126.6874,17212.5160,0
28499,443.15,14126.6874,17212.5160,0
28502,443.16,14126.6874,17212.5160,0
28504,443.26,14126.6874,17212.5160,0
28505,443.26,14126.6874,17212.5160,0
28513,443.37,14126.6874,17212.5160,0
28517,443.41,14126.6874,17212.5160,0
28518,443.41,14126.6874,17212.5160,0
28520,443.42,14126.6874,17212.5160,0
28521,443.42,14126.6874,17212.5160,0
28525,443.42,14126.6874,17212.5160,0
28527,443.44,14126.6874,17212.5160,0
28528,443.45,14126.6874,17212.5160,0
28530,443.47,14126.6874,17212.5160,0
28532,443.49,14126.6874,17212.5160,0
28534,443.50,14126.6874,17212.5160,0
28535,443.50,14126.6874,17212.5160,0
28536,443.51,14126.6874,17212.5160,0
28538,443.51,14126.6874,17212.5160,0
28541,443.62,14126.6874,17212.5160,0
28543,443.63,14126.6874,17212.5160,0
28548,443.65,14126.6874,17212.5160,0
28549,443.65,14126.6874,17212.5160,0
28552,443.67,14126.6874,17212.5160,0
28553,443.67,14126.6874,17212.5160,0
28556,443.69,14126.6874,17212.5160,0
28558,443.69,14126.6874,17212.5160,0
28559,443.69,14126.6874,17212.5160,0
28560,443.70,14126.6874,17212.5160,0
28565,443.73,14126.6874,17212.5160,1
28566,443.90,12171.8775,17212.5160,0
28567,443.94,12171.8775,17212.5160,0
28568,443.98,12200.3487,17212.5160,0
28570,444.05,12355.3324,17212.5160,0
28571,444.08,12355.3324,17212.5160,0
28572,444.12,12372.7481,17212.5160,0
28573,444.13,12372.7481,17212.5160,0
28574,444.15,12523.4671,17212.5160,0
28575,444.18,12525.8774,17212.5160,0
28576,444.19,12626.4668,17212.5160,0
28578,444.25,12888.6221,17212.5160,0
28587,444.41,12888.6221,17212.5160,0
28593,444.56,12888.6221,17212.5160,0
28602,444.75,12888.6221,17212.5160,0
28606,444.80,12888.6221,17212.5160,0
28623,445.08,12888.6221,17212.5160,0
28635,445.29,12904.7967,17212.5160,0
28636,445.31,12917.0358,17212.5160,0
28638,445.36,12921.5882,17212.5160,0
28639,445.39,12921.5882,17212.5160,0
28642,445.49,12921.5882,17212.5160,0
28643,445.52,12921.5882,17212.5160,0
28645,445.58,12921.5882,17212.5160,0
28647,445.65,12921.5882,17212.5160,0
28648,445.65,12921.5882,17212.5160,0
28649,445.71,12921.5882,17212.5160,0
28650,445.73,13016.8660,17212.5160,0
28652,445.82,13018.1294,17212.5160,0
28657,445.92,13018.1294,17212.5160,0
28660,446.01,13018.1294,17212.5160,0
28662,446.07,13018.1294,17212.5160,0
28667,446.20,13018.1294,17212.5160,0
28669,446.26,13068.5406,17212.5160,0
28675,446.40,13349.5686,17212.5160,0
28676,446.43,13432.7431,17212.5160,0
28677,446.49,13432.7431,17212.5160,0
28679,446.57,13432.7431,17212.5160,0
28682,446.68,13432.7431,17212.5160,0
28685,446.73,13432.7431,17212.5160,0
28689,446.87,13568.7984,17212.5160,0
28698,447.18,13568.7984,17212.5160,0
28699,447.26,13581.2750,17212.5160,0
28700,447.29,13581.2750,17212.5160,0
28702,447.37,13581.8662,17212.5160,0
28703,447.40,13581.8662,17212.5160,0
28704,447.44,13581.8662,17212.5160,0
28705,447.46,13581.8662,17212.5160,0
28706,447.52,13644.5498,17212.5160,0
28708,447.60,13815.6963,17212.5160,0
28710,447.65,13823.2280,17212.5160,0
28711,447.67,13823.2280,17212.5160,0
28713,447.73,13823.2280,17212.5160,0
28716,447.78,13989.6180,17212.5160,0
28717,447.80,13989.6180,17212.5160,0
28718,447.85,13989.6180,17212.5160,0
28721,447.97,13989.6180,17212.5160,0
28724,448.05,13989.6180,17212.5160,0
28732,448.24,13989.6180,17212.5160,0
28735,448.30,13989.6180,17212.5160,0
28738,448.45,13989.6180,17212.5160,0
28741,448.47,13989.6180,17212.5160,0
28742,448.52,13989.6180,17212.5160,0
28745,448.56,14095.0273,17212.5160,0
28747,448.65,14095.0273,17212.5160,0
28754,448.78,14095.0273,17212.5160,0
28755,448.80,14095.0273,17212.5160,0
28758,448.86,14095.0273,17212.5160,0
28760,448.93,14095.0273,17212.5160,0
28763,448.99,14095.0273,17212.5160,0
28764,449.01,14095.0273,17212.5160,0
28765,449.05,14095.0273,17212.5160,0
28766,449.05,14095.0273,17212.5160,0
28767,449.10,14095.0273,17212.5160,0
28768,449.12,14095.0273,17212.5160,0
28771,449.20,14129.2304,17212.5160,0
28773,449.26,14129.2304,17212.5160,0
28781,449.55,14162.7327,17212.5160,0
28790,449.87,14164.6131,17212.5160,0
28800,450.19,14280.1761,17212.5160,0
28804,450.26,14280.1761,17212.5160,0
28805,450.30,14280.1761,17212.5160,0
28807,450.35,14280.1761,17212.5160,0
28808,450.37,14280.1761,17212.5160,0
28813,450.50,14280.1761,17212.5160,0
28817,450.64,14414.6313,17212.5160,0
28820,450.73,14414.6313,17212.5160,0
28821,450.74,14414.6313,17212.5160,0
28826,450.92,14428.6688,17212.5160,0
28829,450.99,14428.6688,17212.5160,0
28830,450.99,14428.6688,17212.5160,0
28832,451.05,14428.6688,17212.5160,0
28834,451.08,14428.6688,17212.5160,0
28839,451.20,14428.6688,17212.5160,0
28844,451.29,14428.6688,17212.5160,0
28846,451.33,14428.6688,17212.5160,0
28849,451.48,14468.7123,17212.5160,0
28851,451.54,14468.7123,17212.5160,0
28852,451.56,14468.7123,17212.5160,0
28853,451.58,14473.2842,17212.5160,0
28858,451.72,14473.2842,17212.5160,0
28859,451.75,14473.2842,17212.5160,0
28863,451.88,14473.2842,17212.5160,0
28869,451.99,14473.2842,17212.5160,0
28884,452.38,14473.2842,17212.5160,0
28894,452.63,14473.2842,17212.5160,0
28897,452.67,14473.2842,17212.5160,0
28905,452.73,14473.2842,17212.5160,0
28906,452.79,14541.4047,17212.5160,0
28908,452.82,14541.4047,17212.5160,0
28913,452.96,14541.4047,17212.5160,0
28915,452.99,14541.4047,17212.5160,0
28916,453.01,14541.4047,17212.5160,0
28917,453.04,14546.5219,17212.5160,0
28918,453.11,14546.5219,17212.5160,0
28920,453.19,14546.5219,17212.5160,0
28930,453.64,14548.1778,17212.5160,0
28939,453.99,14548.1778,17212.5160,0
28942,454.12,14548.1778,17212.5160,0
28945,454.26,14548.1778,17212.5160,0
28947,454.30,14548.1778,17212.5160,0
28948,454.33,14548.1778,17212.5160,0
28951,454.39,14548.1778,17212.5160,0
28953,454.50,14548.1778,17212.5160,0
28964,454.77,14548.1778,17212.5160,0
28965,454.79,14548.1778,17212.5160,0
28971,454.93,14548.1778,17212.5160,0
28974,454.95,14548.1778,17212.5160,0
28978,455.02,14548.1778,17212.5160,0
28980,455.07,14548.1778,17212.5160,0
28986,455.11,14548.1778,17212.5160,0
28988,455.11,14548.1778,17212.5160,0
28993,455.38,14548.1778,17212.5160,0
28998,455.53,14548.1778,17212.5160,0
29011,455.82,14548.1778,17212.5160,0
29012,455.85,14548.1778,17212.5160,0
29013,455.86,14548.1778,17212.5160,0
29014,455.86,14548.1778,17212.5160,0
29015,455.86,14548.1778,17212.5160,0
29025,456.00,14548.1778,17212.5160,0
29030,456.15,14548.1778,17212.5160,0
29031,456.15,14548.1778,17212.5160,1
29032,456.18,12743.1082,17212.5160,0
29033,456.27,12776.3114,17212.5160,0
29034,456.28,12776.3114,17212.5160,0
29036,456.34,12776.3114,17212.5160,0
29037,456.38,12776.3114,17212.5160,0
29038,456.39,12814.2495,17212.5160,0
29042,456.49,12814.2495,17212.5160,0
29043,456.52,12814.2495,17212.5160,0
29044,456.56,12814.2495,17212.5160,0
29047,456.62,12984.3306,17212.5160,0
29050,456.73,12984.3306,17212.5160,0
29052,456.76,12984.3306,17212.5160,0
29054,456.80,13000.1684,17212.5160,0
29055,456.85,13000.1684,17212.5160,0
29056,456.87,13000.1684,17212.5160,0
29057,456.91,13000.1684,17212.5160,0
29058,456.96,13000.1684,17212.5160,0
29059,456.98,13065.9069,17212.5160,0
29063,457.13,13351.2471,17212.5160,0
29065,457.18,13353.6494,17212.5160,0
29066,457.20,13844.6008,17212.5160,0
29067,457.21,13853.7789,17212.5160,0
29068,457.23,13853.7789,17212.5160,0
29070,457.30,13853.7789,17212.5160,0
29071,457.32,13853.7789,17212.5160,0
29072,457.37,13927.1294,17212.5160,0
29073,457.41,13927.1294,17212.5160,0
29074,457.45,13927.1294,17212.5160,0
29075,457.47,13927.1294,17212.5160,0
29076,457.48,13927.1294,17212.5160,0
29077,457.50,13927.1294,17212.5160,0
29079,457.59,14022.5404,17212.5160,0
29080,457.62,14022.5404,17212.5160,0
29081,457.64,14022.5404,17212.5160,0
29084,457.74,14022.5404,17212.5160,0
29085,457.81,14038.1815,17212.5160,0
29086,457.83,14038.1815,17212.5160,0
29087,457.85,14038.1815,17212.5160,0
29088,457.87,14038.1815,17212.5160,0
29093,458.02,14038.1815,17212.5160,0
29094,458.02,14038.1815,17212.5160,0
29095,458.02,14038.1815,17212.5160,0
29098,458.09,14038.1815,17212.5160,0
29099,458.09,14038.1815,17212.5160,0
29100,458.09,14038.1815,17212.5160,0
29101,458.11,14038.1815,17212.5160,0
29102,458.11,14038.1815,17212.5160,0
29106,458.16,14038.1815,17212.5160,0
29108,458.17,14038.1815,17212.5160,0
29110,458.19,14038.1815,17212.5160,0
29111,458.23,14038.1815,17212.5160,0
29112,458.30,14038.1815,17212.5160,0
29114,458.32,14038.1815,17212.5160,0
29116,458.34,14038.1815,17212.5160,0
29123,458.42,14038.1815,17212.5160,0
29126,458.43,14038.1815,17212.5160,0
29129,458.50,14038.1815,17212.5160,0
29132,458.52,14038.1815,17212.5160,0
29133,458.53,14038.1815,17212.5160,0
29134,458.54,14038.1815,17212.5160,0
29135,458.59,14038.1815,17212.5160,0
29138,458.60,14038.1815,17212.5160,0
29139,458.61,14038.1815,17212.5160,0
29142,458.62,14038.1815,17212.5160,0
29145,458.65,14038.1815,17212.5160,0
29146,458.70,14038.1815,17212.5160,0
29148,458.72,14039.2901,17212.5160,0
29149,458.74,14159.0398,17212.5160,0
29154,458.83,14159.0398,17212.5160,0
29157,458.93,14176.6518,17212.5160,0
29158,458.94,14176.6518,17212.5160,0
29160,459.06,14176.6518,17212.5160,0
29161,459.08,14176.6518,17212.5160,0
29163,459.08,14176.6518,17212.5160,0
29165,459.11,14176.6518,17212.5160,0
29166,459.15,14180.4597,17212.5160,0
29167,459.20,14245.9517,17212.5160,0
29172,459.34,14245.9517,17212.5160,0
29173,459.38,14245.9517,17212.5160,0
29175,459.45,14252.0587,17212.5160,0
29176,459.47,14377.3745,17212.5160,0
29177,459.52,14564.8836,17212.5160,0
29178,459.58,14564.8836,17212.5160,0
29179,459.60,14564.8836,17212.5160,0
29181,459.70,14564.8836,17212.5160,0
29182,459.72,14564.8836,17212.5160,0
29183,459.75,14678.9159,17212.5160,0
29189,459.86,14678.9159,17212.5160,0
29190,459.88,14678.9159,17212.5160,0
29199,459.98,14678.9159,17212.5160,0
29202,460.08,14678.9159,17212.5160,0
29203,460.11,14707.8317,17212.5160,0
29204,460.13,14707.8317,17212.5160,0
29205,460.15,14707.8317,17212.5160,0
29207,460.20,14833.0436,17212.5160,0
29208,460.25,14898.9087,17212.5160,0
29211,460.33,14898.9087,17212.5160,0
29214,460.38,14898.9087,17212.5160,0
29221,460.51,14898.9087,17212.5160,0
29222,460.54,14898.9087,17212.5160,0
29223,460.58,14898.9087,17212.5160,0
29226,460.62,14898.9087,17212.5160,0
29232,460.71,14898.9087,17212.5160,0
29235,460.74,14898.9087,17212.5160,0
29238,460.75,14898.9087,17212.5160,0
29245,460.80,14898.9087,17212.5160,0
29248,460.80,14898.9087,17212.5160,0
29250,460.84,14898.9087,17212.5160,0
29254,460.89,14898.9087,17212.5160,0
29257,460.90,14898.9087,17212.5160,0
29262,460.91,14898.9087,17212.5160,0
29271,461.01,14904.3471,17212.5160,0
29275,461.17,14904.3471,17212.5160,0
29277,461.22,14904.3471,17212.5160,0
29280,461.27,14904.3471,17212.5160,0
29281,461.35,14904.3471,17212.5160,0
29282,461.41,14904.3471,17212.5160,0
29284,461.44,14904.3471,17212.5160,0
29286,461.46,14904.3471,17212.5160,0
29287,461.46,14904.3471,17212.5160,0
29291,461.50,14904.3471,17212.5160,0
29301,461.57,14913.2092,17212.5160,0
29303,461.62,14913.2092,17212.5160,0
29304,461.64,14913.2092,17212.5160,0
29306,461.73,15053.3270,17212.5160,0
29308,461.77,15053.3270,17212.5160,0
29315,461.95,15053.3270,17212.5160,0
29318,462.03,15053.3270,17212.5160,0
29323,462.08,15053.3270,17212.5160,0
29324,462.08,15053.3270,17212.5160,0
29325,462.11,15053.3270,17212.5160,0
29328,462.12,15053.3270,17212.5160,0
29330,462.14,15053.3270,17212.5160,0
29332,462.14,15053.3270,17212.5160,0
29335,462.15,15053.3270,17212.5160,0
29336,462.15,15053.3270,17212.5160,0
29337,462.18,15053.3270,17212.5160,0
29338,462.18,15053.3270,17212.5160,0
29341,462.22,15053.3270,17212.5160,0
29342,462.22,15053.3270,17212.5160,0
29343,462.22,15053.3270,17212.5160,0
29346,462.25,15053.3270,17212.5160,0
29348,462.35,15053.3270,17212.5160,0
29349,462.35,15053.3270,17212.5160,0
29350,462.43,15053.3270,17212.5160,0
29354,462.44,15053.3270,17212.5160,0
29356,462.46,15059.0765,17212.5160,0
29358,462.54,15105.4967,17212.5160,0
29359,462.58,15105.4967,17212.5160,0
29360,462.62,15125.0026,17212.5160,0
29361,462.66,15187.9206,17212.5160,0
29363,462.70,15236.0920,17212.5160,0
29364,462.73,15236.0920,17212.5160,0
29365,462.78,15236.0920,17212.5160,0
29368,462.88,15236.0920,17212.5160,0
29380,463.02,15236.0920,17212.5160,0
29381,463.03,15236.0920,17212.5160,0
29383,463.06,15236.0920,17212.5160,0
29384,463.06,15236.0920,17212.5160,0
29385,463.12,15236.0920,17212.5160,0
29388,463.18,15236.0920,17212.5160,0
29394,463.30,15236.0920,17212.5160,0
29395,463.30,15236.0920,17212.5160,0
29396,463.33,15236.0920,17212.5160,0
29401,463.43,15236.0920,17212.5160,0
29402,463.43,15236.0920,17212.5160,0
29404,463.44,15236.0920,17212.5160,0
29408,463.45,15236.0920,17212.5160,0
29412,463.47,15236.0920,17212.5160,0
29413,463.47,15236.0920,17212.5160,0
29416,463.48,15236.0920,17212.5160,0
29419,463.50,15236.0920,17212.5160,0
29420,463.52,15249.3486,17212.5160,0
29422,463.58,15249.3486,17212.5160,0
29423,463.60,15249.3486,17212.5160,0
29424,463.61,15249.3486,17212.5160,0
29425,463.65,15249.3486,17212.5160,0
29426,463.67,15250.4565,17212.5160,0
29427,463.69,15250.4565,17212.5160,0
29428,463.72,15250.4565,17212.5160,0
29429,463.75,15250.4565,17212.5160,0
29431,463.78,15250.4565,17212.5160,0
29432,463.83,15250.4565,17212.5160,0
29433,463.85,15250.4565,17212.5160,0
29434,463.92,15256.0863,17212.5160,0
29435,463.94,15256.0863,17212.5160,0
29436,463.96,15256.0863,17212.5160,0
29437,463.96,15256.0863,17212.5160,0
29438,463.98,15256.0863,17212.5160,0
29439,464.02,15256.0863,17212.5160,0
29440,464.06,15256.0863,17212.5160,0
29441,464.09,15271.3082,17212.5160,0
29442,464.11,15327.2571,17212.5160,0
29443,464.14,15354.4007,17212.5160,0
29445,464.19,15354.4007,17212.5160,0
29447,464.33,15424.5790,17212.5160,0
29448,464.34,15424.5790,17212.5160,0
29450,464.44,15424.5790,17212.5160,0
29452,464.48,15424.5790,17212.5160,0
29455,464.50,15424.5790,17212.5160,0
29456,464.50,15424.5790,17212.5160,0
29459,464.55,15424.5790,17212.5160,0
29461,464.62,15424.5790,17212.5160,0
29468,464.69,15424.5790,17212.5160,0
29471,464.78,15424.5790,17212.5160,0
29475,464.83,15424.5790,17212.5160,0
29480,464.90,15424.5790,17212.5160,0
29486,464.97,15424.5790,17212.5160,0
29487,464.97,15424.5790,17212.5160,0
29489,464.98,15424.5790,17212.5160,0
29491,464.98,15424.5790,17212.5160,0
29493,465.01,15424.5790,17212.5160,0
29495,465.01,15424.5790,17212.5160,0
29496,465.01,15424.5790,17212.5160,0
29497,465.01,15424.5790,17212.5160,0
29503,465.06,15424.5790,17212.5160,0
29504,465.11,15424.5790,17212.5160,0
29505,465.11,15424.5790,17212.5160,0
29507,465.11,15424.5790,17212.5160,0
29508,465.12,15424.5790,17212.5160,0
29516,465.21,15424.5790,17212.5160,0
29517,465.21,15424.5790,17212.5160,0
29518,465.21,15424.5790,17212.5160,0
29525,465.23,15424.5790,17212.5160,0
29527,465.23,15424.5790,17212.5160,0
29528,465.23,15424.5790,17212.5160,0
29538,465.33,15424.5790,17212.5160,0
29539,465.33,15424.5790,17212.5160,0
29540,465.33,15424.5790,17212.5160,0
29542,465.33,15424.5790,17212.5160,0
29544,465.36,15424.5790,17212.5160,0
29547,465.39,15424.5790,17212.5160,0
29548,465.39,15424.5790,17212.5160,1
29551,465.46,15285.0503,17212.5160,0
29554,465.57,15424.5790,17212.5160,0
29556,465.59,15424.5790,17212.5160,0
29557,465.61,15424.5790,17212.5160,0
29562,465.64,15424.5790,17212.5160,0
29564,465.64,15424.5790,17212.5160,0
29569,465.67,15424.5790,17212.5160,0
29573,465.71,15424.5790,17212.5160,0
29576,465.72,15424.5790,17212.5160,0
29579,465.73,15424.5790,17212.5160,0
29581,465.75,15424.5790,17212.5160,0
29582,465.79,15434.8739,17212.5160,0
29588,465.94,15434.8739,17212.5160,0
29589,466.01,15434.8739,17212.5160,0
29591,466.04,15434.8739,17212.5160,0
29593,466.05,15434.8739,17212.5160,0
29594,466.09,15434.8739,17212.5160,0
29596,466.14,15434.8739,17212.5160,0
29598,466.17,15434.8739,17212.5160,0
29603,466.22,15434.8739,17212.5160,0
29604,466.24,15434.8739,17212.5160,0
29609,466.30,15436.8295,17212.5160,0
29612,466.39,15436.8295,17212.5160,0
29619,466.56,15436.8295,17212.5160,0
29620,466.65,15436.8295,17212.5160,0
29621,466.70,15436.8295,17212.5160,0
29623,466.70,15436.8295,17212.5160,0
29624,466.70,15436.8295,17212.5160,0
29625,466.79,15436.8295,17212.5160,0
29630,466.83,15436.8295,17212.5160,0
29632,466.87,15436.8295,17212.5160,0
29633,466.87,15436.8295,17212.5160,0
29636,467.04,15436.8295,17212.5160,0
29644,467.12,15436.8295,17212.5160,0
29645,467.23,15436.8295,17212.5160,0
29646,467.26,15436.8295,17212.5160,0
29654,467.46,15436.8295,17212.5160,0
29658,467.47,15436.8295,17212.5160,0
29659,467.50,15436.8295,17212.5160,0
29667,467.55,15436.8295,17212.5160,0
29668,467.55,15436.8295,17212.5160,0
29669,467.55,15436.8295,17212.5160,0
29671,467.57,15436.8295,17212.5160,0
29673,467.57,15436.8295,17212.5160,0
29677,467.58,15436.8295,17212.5160,0
29678,467.60,15436.8295,17212.5160,0
29681,467.61,15436.8295,17212.5160,0
29688,467.71,15436.8295,17212.5160,0
29690,467.71,15436.8295,17212.5160,0
29691,467.71,15436.8295,17212.5160,0
29692,467.71,15436.8295,17212.5160,0
29699,467.78,15436.8295,17212.5160,0
29705,467.78,15436.8295,17212.5160,0
29708,467.79,15436.8295,17212.5160,0
29709,467.79,15436.8295,17212.5160,0
29710,467.79,15436.8295,17212.5160,1
29713,467.98,14988.0092,17212.5160,0
29715,468.09,14988.0092,17212.5160,0
29718,468.19,15000.9103,17212.5160,0
29720,468.26,15000.9103,17212.5160,0
29722,468.33,15166.7536,17212.5160,0
29723,468.35,15166.7536,17212.5160,0
29724,468.40,15166.7536,17212.5160,0
29729,468.59,15166.7536,17212.5160,0
29731,468.61,15166.7536,17212.5160,0
29734,468.80,15166.7536,17212.5160,0
29735,468.84,15166.7536,17212.5160,0
29740,468.98,15166.7536,17212.5160,0
29742,469.06,15246.1073,17212.5160,0
29743,469.10,15246.1073,17212.5160,0
29745,469.16,15246.1073,17212.5160,0
29749,469.32,15246.1073,17212.5160,0
29750,469.32,15246.1073,17212.5160,0
29752,469.36,15246.1073,17212.5160,0
29753,469.44,15246.1073,17212.5160,0
29755,469.50,15246.1073,17212.5160,0
29769,469.59,15246.1073,17212.5160,0
29778,469.69,15246.1073,17212.5160,0
29789,469.98,15246.1073,17212.5160,0
29791,470.05,15246.1073,17212.5160,0
29792,470.05,15246.1073,17212.5160,0
29794,470.07,15246.1073,17212.5160,0
29795,470.13,15248.7766,17212.5160,0
29797,470.22,15248.7766,17212.5160,0
29804,470.39,15248.7766,17212.5160,0
29805,470.42,15248.7766,17212.5160,0
29807,470.47,15248.7766,17212.5160,0
29812,470.53,15249.4450,17212.5160,0
29813,470.56,15249.4450,17212.5160,0
29816,470.78,15249.4450,17212.5160,0
29820,470.85,15249.4450,17212.5160,0
29821,470.89,15249.4450,17212.5160,0
29822,470.92,15249.4450,17212.5160,0
29824,470.96,15249.4450,17212.5160,0
29826,471.07,15249.4450,17212.5160,0
29832,471.22,15249.4450,17212.5160,0
29835,471.28,15249.4450,17212.5160,0
29838,471.34,15249.4450,17212.5160,0
29841,471.35,15249.4450,17212.5160,0
29842,471.35,15249.4450,17212.5160,0
29845,471.39,15249.4450,17212.5160,0
29853,471.55,15249.4450,17212.5160,0
29856,471.58,15249.4450,17212.5160,0
29858,471.58,15249.4450,17212.5160,0
29861,471.61,15249.4450,17212.5160,0
29864,471.63,15249.4450,17212.5160,0
29865,471.63,15249.4450,17212.5160,0
29867,471.64,15249.4450,17212.5160,0
29869,471.64,15249.4450,17212.5160,0
29877,471.73,15249.4450,17212.5160,0
29878,471.74,15249.4450,17212.5160,0
29881,471.78,15249.4450,17212.5160,0
29882,471.78,15249.4450,17212.5160,0
29883,471.78,15249.4450,17212.5160,0
29885,471.81,15249.4450,17212.5160,0
29886,471.81,15249.4450,17212.5160,0
29890,471.86,15249.4450,17212.5160,0
29893,471.87,15249.4450,17212.5160,0
29894,471.87,15249.4450,17212.5160,0
29897,471.94,15249.4450,17212.5160,0
29899,471.94,15249.4450,17212.5160,0
29900,472.01,15249.4450,17212.5160,0
29904,472.02,15249.4450,17212.5160,0
29905,472.02,15249.4450,17212.5160,0
29906,472.03,15249.4450,17212.5160,0
29909,472.07,15249.4450,17212.5160,0
29910,472.07,15249.4450,17212.5160,0
29913,472.10,15249.4450,17212.5160,1
29914,472.15,14924.9076,17212.5160,0
29915,472.17,14924.9076,17212.5160,0
29916,472.23,14924.9076,17212.5160,0
29917,472.25,14924.9076,17212.5160,0
29918,472.29,14924.9076,17212.5160,0
29919,472.34,14924.9076,17212.5160,0
29923,472.41,14924.9076,17212.5160,0
29924,472.46,14924.9076,17212.5160,0
29927,472.58,15053.0302,17212.5160,0
29928,472.61,15053.0302,17212.5160,0
29929,472.65,15053.0302,17212.5160,0
29930,472.67,15053.0302,17212.5160,0
29931,472.71,15053.0302,17212.5160,0
29932,472.74,15182.6422,17212.5160,0
29933,472.76,15182.6422,17212.5160,0
29935,472.78,15182.6422,17212.5160,0
29938,472.90,15182.6422,17212.5160,0
29939,472.95,15248.9324,17212.5160,0
29942,473.03,15249.8475,17212.5160,0
29944,473.10,15249.8475,17212.5160,0
29945,473.16,15249.8475,17212.5160,0
29949,473.26,15249.8475,17212.5160,0
29951,473.30,15249.8475,17212.5160,0
29953,473.32,15249.8475,17212.5160,0
29956,473.39,15249.8475,17212.5160,0
29965,473.54,15249.8475,17212.5160,0
29966,473.59,15264.0295,17212.5160,0
29969,473.68,15264.0295,17212.5160,0
29971,473.76,15264.0295,17212.5160,0
29973,473.79,15264.0295,17212.5160,0
29975,473.82,15264.0295,17212.5160,0
29978,473.90,15264.0295,17212.5160,0
29980,473.92,15264.0295,17212.5160,0
29983,473.95,15264.0295,17212.5160,0
29985,473.97,15264.0295,17212.5160,0
29986,474.02,15264.0295,17212.5160,0
29990,474.08,15264.0295,17212.5160,0
29992,474.11,15264.0295,17212.5160,0
29994,474.17,15264.0295,17212.5160,0
29996,474.19,15264.0295,17212.5160,0
29998,474.21,15264.0295,17212.5160,0
30007,474.24,15264.0295,17212.5160,0
30009,474.24,15264.0295,17212.5160,0
30010,474.25,15264.0295,17212.5160,0
30015,474.29,15264.0295,17212.5160,0
30019,474.33,15264.0295,17212.5160,0
30020,474.33,15264.0295,17212.5160,0
30025,474.39,15264.0295,17212.5160,0
30026,474.39,15264.0295,17212.5160,0
30030,474.42,15264.0295,17212.5160,0
30032,474.47,15264.0295,17212.5160,0
30037,474.60,15264.0295,17212.5160,0
30040,474.69,15264.0295,17212.5160,0
30041,474.69,15264.0295,17212.5160,0
30042,474.72,15264.0295,17212.5160,0
30044,474.79,15265.8291,17212.5160,0
30046,474.88,15265.8291,17212.5160,0
30049,475.00,15265.8291,17212.5160,0
30050,475.00,15265.8291,17212.5160,0
30051,475.02,15265.8291,17212.5160,0
30053,475.05,15265.8291,17212.5160,0
30054,475.06,15265.8291,17212.5160,0
30056,475.16,15265.8291,17212.5160,0
30057,475.16,15265.8291,17212.5160,0
30064,475.25,15265.8291,17212.5160,0
30066,475.34,15265.8291,17212.5160,0
30067,475.35,15265.8291,17212.5160,0
30068,475.35,15265.8291,17212.5160,0
30069,475.35,15265.8291,17212.5160,0
30070,475.36,15265.8291,17212.5160,0
30071,475.36,15265.8291,17212.5160,0
30073,475.38,15265.8291,17212.5160,0
30074,475.41,15265.8291,17212.5160,0
30075,475.42,15265.8291,17212.5160,0
30077,475.47,15265.8291,17212.5160,0
30079,475.50,15265.8291,17212.5160,0
30084,475.57,15265.8291,17212.5160,0
30088,475.62,15265.8291,17212.5160,0
30090,475.63,15265.8291,17212.5160,0
30092,475.72,15265.8291,17212.5160,0
30098,475.81,15265.8291,17212.5160,0
30100,475.88,15265.8291,17212.5160,0
30104,475.94,15265.8291,17212.5160,0
30106,475.94,15265.8291,17212.5160,0
30107,476.04,15265.8291,17212.5160,0
30108,476.05,15265.8291,17212.5160,0
30109,476.05,15265.8291,17212.5160,0
30110,476.05,15265.8291,17212.5160,0
30119,476.19,15267.3032,17212.5160,0
30121,476.23,15267.3032,17212.5160,0
30122,476.28,15267.3032,17212.5160,0
30124,476.28,15267.3032,17212.5160,0
30126,476.40,15267.3032,17212.5160,0
30128,476.44,15267.3032,17212.5160,0
30132,476.61,15267.3032,17212.5160,0
30136,476.63,15267.3032,17212.5160,0
30139,476.73,15267.3032,17212.5160,0
30140,476.74,15267.3032,17212.5160,0
30141,476.74,15267.3032,17212.5160,0
30143,476.75,15267.3032,17212.5160,0
30144,476.75,15267.3032,17212.5160,0
30148,476.84,15267.3032,17212.5160,0
30151,476.84,15267.3032,17212.5160,0
30154,476.86,15267.3032,17212.5160,0
30160,476.93,15267.3032,17212.5160,0
30164,476.94,15267.3032,17212.5160,0
30165,476.95,15267.3032,17212.5160,0
30166,476.95,15267.3032,17212.5160,0
30171,477.05,15277.6094,17212.5160,0
30172,477.11,15277.9718,17212.5160,0
30173,477.18,15277.9718,17212.5160,0
30174,477.18,15277.9718,17212.5160,0
30177,477.27,15277.9718,17212.5160,0
30181,477.39,15277.9718,17212.5160,0
30182,477.40,15277.9718,17212.5160,0
30183,477.41,15277.9718,17212.5160,0
30184,477.41,15277.9718,17212.5160,0
30187,477.54,15277.9718,17212.5160,0
30189,477.57,15277.9718,17212.5160,0
30190,477.66,15277.9718,17212.5160,0
30191,477.76,15277.9718,17212.5160,0
30198,477.84,15277.9718,17212.5160,0
30199,477.84,15277.9718,17212.5160,0
30204,477.85,15277.9718,17212.5160,0
30210,477.91,15277.9718,17212.5160,0
30211,477.95,15277.9718,17212.5160,0
30214,477.96,15277.9718,17212.5160,0
30216,478.00,15277.9718,17212.5160,0
30217,478.00,15277.9718,17212.5160,0
30219,478.01,15277.9718,17212.5160,0
30220,478.02,15277.9718,17212.5160,0
30222,478.04,15277.9718,17212.5160,0
30226,478.11,15277.9718,17212.5160,0
30231,478.13,15277.9718,17212.5160,0
30233,478.14,15277.9718,17212.5160,0
30235,478.16,15277.9718,17212.5160,0
30236,478.16,15277.9718,17212.5160,0
30241,478.19,15277.9718,17212.5160,0
30246,478.30,15277.9718,17212.5160,0
30250,478.30,15277.9718,17212.5160,0
30251,478.30,15277.9718,17212.5160,0
30253,478.34,15277.9718,17212.5160,0
30254,478.36,15277.9718,17212.5160,0
30256,478.40,15277.9718,17212.5160,0
30257,478.40,15277.9718,17212.5160,0
30258,478.40,15277.9718,17212.5160,0
30259,478.40,15277.9718,17212.5160,0
30260,478.41,15277.9718,17212.5160,0
30264,478.45,15277.9718,17212.5160,0
30266,478.47,15277.9718,17212.5160,0
30269,478.52,15277.9718,17212.5160,0
30272,478.56,15277.9718,17212.5160,0
30273,478.56,15277.9718,17212.5160,1
30274,478.62,14427.9947,17212.5160,0
30275,478.66,14427.9947,17212.5160,0
30276,478.70,14559.0903,17212.5160,0
30277,478.78,14869.2641,17212.5160,0
30278,478.84,15065.2300,17212.5160,0
30279,478.88,15065.2300,17212.5160,0
30280,478.94,15065.2300,17212.5160,0
30283,479.00,15071.3803,17212.5160,0
30287,479.13,15104.1076,17212.5160,0
30290,479.22,15104.1076,17212.5160,0
30298,479.39,15168.8806,17212.5160,0
30299,479.46,15168.8806,17212.5160,0
30305,479.62,15168.8806,17212.5160,0
30308,479.73,15168.8806,17212.5160,0
30320,479.92,15168.8806,17212.5160,0
30326,479.94,15168.8806,17212.5160,0
30328,480.05,15171.0137,17212.5160,0
30330,480.17,15171.0137,17212.5160,0
30332,480.19,15171.0137,17212.5160,0
30335,480.29,15171.0137,17212.5160,0
30336,480.29,15171.0137,17212.5160,0
30340,480.40,15171.0137,17212.5160,0
30343,480.45,15171.0137,17212.5160,0
30344,480.47,15182.9953,17212.5160,0
30348,480.67,15182.9953,17212.5160,0
30349,480.69,15182.9953,17212.5160,0
30354,480.77,15182.9953,17212.5160,0
30356,480.81,15182.9953,17212.5160,0
30365,480.99,15182.9953,17212.5160,0
30373,481.15,15182.9953,17212.5160,0
30377,481.23,15193.9844,17212.5160,0
30382,481.44,15328.2487,17212.5160,0
30384,481.53,15328.2487,17212.5160,0
30386,481.54,15328.2487,17212.5160,0
30391,481.63,15331.7203,17212.5160,0
30393,481.68,15331.7203,17212.5160,0
30395,481.82,15331.7203,17212.5160,0
30400,481.91,15331.7203,17212.5160,0
30403,481.95,15331.7203,17212.5160,0
30406,482.00,15331.7203,17212.5160,0
30410,482.10,15331.7203,17212.5160,0
30416,482.28,15331.7203,17212.5160,0
30421,482.31,15331.7203,17212.5160,0
30428,482.40,15331.7203,17212.5160,0
30437,482.59,15331.7203,17212.5160,0
30438,482.64,15331.7203,17212.5160,0
30439,482.64,15331.7203,17212.5160,0
30440,482.71,15331.7203,17212.5160,0
30446,482.77,15331.7203,17212.5160,0
30454,482.96,15331.7203,17212.5160,0
30459,482.96,15331.7203,17212.5160,0
30465,483.04,15331.7203,17212.5160,0
30467,483.06,15428.9447,17212.5160,0
30468,483.06,15428.9447,17212.5160,0
30469,483.08,15428.9447,17212.5160,0
30471,483.14,15428.9447,17212.5160,0
30475,483.38,15428.9447,17212.5160,0
30476,483.38,15428.9447,17212.5160,0
30480,483.44,15428.9447,17212.5160,0
30489,483.49,15428.9447,17212.5160,0
30494,483.56,15428.9447,17212.5160,0
30497,483.59,15428.9447,17212.5160,0
30498,483.61,15428.9447,17212.5160,0
30499,483.64,15447.2484,17212.5160,0
30501,483.74,15447.2484,17212.5160,0
30504,483.78,15447.2484,17212.5160,0
30506,483.80,15447.2484,17212.5160,0
30507,483.84,15494.6087,17212.5160,0
30508,483.94,15494.6087,17212.5160,0
30509,483.99,15494.6087,17212.5160,0
30511,484.13,15494.6087,17212.5160,0
30512,484.13,15494.6087,17212.5160,0
30518,484.33,15494.6087,17212.5160,0
30521,484.38,15494.6087,17212.5160,0
30526,484.47,15494.6087,17212.5160,0
30528,484.57,15494.6087,17212.5160,0
30532,484.65,15494.6087,17212.5160,0
30538,484.70,15494.6087,17212.5160,0
30540,484.71,15494.6087,17212.5160,0
30543,484.72,15494.6087,17212.5160,0
30544,484.74,15498.4181,17212.5160,0
30547,484.84,15498.4181,17212.5160,0
30552,484.99,15529.3453,17212.5160,0
30571,485.39,15529.3453,17212.5160,0
30575,485.45,15529.3453,17212.5160,0
30577,485.53,15529.3453,17212.5160,0
30580,485.55,15529.3453,17212.5160,0
30581,485.58,15529.3453,17212.5160,0
30582,485.58,15529.3453,17212.5160,0
30583,485.59,15529.3453,17212.5160,0
30586,485.61,15529.3453,17212.5160,0
30596,485.63,15529.3453,17212.5160,0
30602,485.76,15529.3453,17212.5160,0
30605,485.81,15529.3453,17212.5160,0
30606,485.81,15529.3453,17212.5160,0
30610,485.83,15529.3453,17212.5160,0
30612,485.83,15529.3453,17212.5160,0
30614,485.83,15529.3453,17212.5160,0
30615,485.83,15529.3453,17212.5160,0
30624,485.88,15529.3453,17212.5160,0
30626,485.88,15529.3453,17212.5160,0
30629,485.88,15529.3453,17212.5160,0
30630,485.88,15529.3453,17212.5160,0
30635,485.93,15529.3453,17212.5160,0
30639,485.98,15529.3453,17212.5160,0
30641,486.05,15529.3453,17212.5160,0
30646,486.11,15529.3453,17212.5160,0
30652,486.15,15529.3453,17212.5160,0
30653,486.15,15529.3453,17212.5160,1
30654,486.24,14870.7588,17212.5160,0
30655,486.26,14903.0432,17212.5160,0
30657,486.37,14903.0432,17212.5160,0
30658,486.39,14940.9240,17212.5160,0
30659,486.44,14940.9240,17212.5160,0
30660,486.47,15017.8624,17212.5160,0
30662,486.51,15203.0615,17212.5160,0
30663,486.54,15466.1130,17212.5160,0
30665,486.60,15466.1130,17212.5160,0
30666,486.66,15466.1130,17212.5160,0
30667,486.71,15479.4067,17212.5160,0
30668,486.76,15553.5427,17212.5160,0
30675,486.90,15553.5427,17212.5160,0
30683,487.16,15553.5427,17212.5160,0
30684,487.16,15553.5427,17212.5160,0
30687,487.19,15553.5427,17212.5160,0
30689,487.20,15553.5427,17212.5160,0
30692,487.20,15553.5427,17212.5160,0
30699,487.32,15553.5427,17212.5160,0
30703,487.34,15553.5427,17212.5160,0
30706,487.36,15553.5427,17212.5160,0
30716,487.49,15553.5427,17212.5160,0
30717,487.49,15553.5427,17212.5160,0
30719,487.49,15553.5427,17212.5160,0
30724,487.49,15553.5427,17212.5160,0
30725,487.49,15553.5427,17212.5160,0
30726,487.49,15553.5427,17212.5160,0
30728,487.50,15553.5427,17212.5160,0
30729,487.50,15553.5427,17212.5160,0
30731,487.53,15553.5427,17212.5160,0
30733,487.54,15553.5427,17212.5160,0
30739,487.54,15553.5427,17212.5160,0
30740,487.54,15553.5427,17212.5160,0
30747,487.62,15553.5427,17212.5160,0
30752,487.64,15553.5427,17212.5160,0
30762,487.67,15553.5427,17212.5160,0
30764,487.69,15553.5427,17212.5160,0
30767,487.78,15553.5427,17212.5160,0
30769,487.78,15553.5427,17212.5160,1
30771,487.90,14795.5879,17212.5160,0
30773,488.00,14795.5879,17212.5160,0
30774,488.04,14869.8411,17212.5160,0
30776,488.13,14944.3143,17212.5160,0
30780,488.25,14944.3143,17212.5160,0
30783,488.38,14944.3143,17212.5160,0
30785,488.52,15139.5433,17212.5160,0
30786,488.54,15139.5433,17212.5160,0
30787,488.56,15139.5433,17212.5160,0
30790,488.68,15139.5433,17212.5160,0
30796,488.83,15139.5433,17212.5160,0
30803,489.07,15281.7797,17212.5160,0
30804,489.16,15281.7797,17212.5160,0
30805,489.16,15281.7797,17212.5160,0
30807,489.22,15393.6504,17212.5160,0
30809,489.34,15393.6504,17212.5160,0
30810,489.40,15395.3944,17212.5160,0
30812,489.42,15395.3944,17212.5160,0
30816,489.53,15395.3944,17212.5160,0
30817,489.57,15540.5000,17212.5160,0
30818,489.62,15540.5000,17212.5160,0
30821,489.74,15540.5000,17212.5160,0
30824,489.95,15540.5000,17212.5160,0
30825,489.97,15540.5000,17212.5160,0
30835,490.14,15619.2829,17212.5160,0
30843,490.45,15622.2016,17212.5160,0
30845,490.53,15622.2016,17212.5160,0
30846,490.60,15622.2016,17212.5160,0
30847,490.65,15655.0071,17212.5160,0
30848,490.69,15655.0071,17212.5160,0
30849,490.74,15680.9579,17212.5160,0
30851,490.85,15680.9579,17212.5160,0
30852,490.85,15680.9579,17212.5160,0
30859,490.98,15680.9579,17212.5160,0
30861,491.00,15680.9579,17212.5160,0
30862,491.01,15680.9579,17212.5160,0
30865,491.07,15680.9579,17212.5160,0
30866,491.07,15680.9579,17212.5160,0
30868,491.07,15680.9579,17212.5160,0
30869,491.08,15680.9579,17212.5160,0
30872,491.08,15680.9579,17212.5160,0
30873,491.09,15680.9579,17212.5160,0
30875,491.09,15680.9579,17212.5160,0
30881,491.21,15680.9579,17212.5160,0
30883,491.21,15680.9579,17212.5160,0
30886,491.23,15680.9579,17212.5160,0
30887,491.24,15680.9579,17212.5160,0
30888,491.25,15680.9579,17212.5160,0
30891,491.28,15680.9579,17212.5160,0
30893,491.28,15680.9579,17212.5160,0
30895,491.29,15680.9579,17212.5160,0
30897,491.35,15680.9579,17212.5160,0
30900,491.42,15680.9579,17212.5160,0
30901,491.43,15680.9579,17212.5160,0
30904,491.45,15680.9579,17212.5160,0
30905,491.46,15680.9579,17212.5160,0
30906,491.46,15680.9579,17212.5160,0
30916,491.54,15680.9579,17212.5160,0
30917,491.55,15680.9579,17212.5160,0
30918,491.55,15680.9579,17212.5160,0
30921,491.57,15680.9579,17212.5160,0
30923,491.57,15680.9579,17212.5160,0
30924,491.57,15680.9579,17212.5160,0
30926,491.60,15680.9579,17212.5160,0
30929,491.63,15680.9579,17212.5160,0
30931,491.66,15680.9579,17212.5160,0
30932,491.67,15680.9579,17212.5160,0
30934,491.69,15680.9579,17212.5160,0
30938,491.72,15680.9579,17212.5160,0
30939,491.73,15680.9579,17212.5160,0
30941,491.76,15680.9579,17212.5160,0
30943,491.77,15680.9579,17212.5160,0
30946,491.78,15680.9579,17212.5160,0
30950,491.78,15680.9579,17212.5160,1
30951,491.81,14376.0194,17212.5160,0
30952,491.83,14376.0194,17212.5160,0
30953,491.85,14507.0553,17212.5160,0
30954,491.86,14621.1234,17212.5160,0
30955,491.89,14994.0097,17212.5160,0
30958,491.99,14994.0097,17212.5160,0
30959,492.01,15101.0335,17212.5160,0
30960,492.04,15101.0335,17212.5160,0
30961,492.06,15101.0335,17212.5160,0
30962,492.08,15152.0991,17212.5160,0
30963,492.12,15152.0991,17212.5160,0
30964,492.16,15152.0991,17212.5160,0
30965,492.20,15152.0991,17212.5160,0
30979,492.54,15152.0991,17212.5160,0
30981,492.59,15152.0991,17212.5160,0
30982,492.64,15152.0991,17212.5160,0
30983,492.66,15152.0991,17212.5160,0
30988,492.70,15269.1511,17212.5160,0
30995,492.84,15269.1511,17212.5160,0
31001,492.98,15269.1511,17212.5160,0
31003,493.00,15269.1511,17212.5160,0
31008,493.03,15269.1511,17212.5160,0
31018,493.15,15269.1511,17212.5160,0
31019,493.20,15278.7444,17212.5160,0
31020,493.27,15296.6287,17212.5160,0
31025,493.43,15296.6287,17212.5160,0
31026,493.48,15296.6287,17212.5160,0
31030,493.58,15296.6287,17212.5160,0
31034,493.71,15296.6287,17212.5160,0
31035,493.77,15296.6287,17212.5160,0
31040,493.79,15296.6287,17212.5160,0
31043,493.82,15301.7208,17212.5160,0
31053,494.06,15301.7208,17212.5160,0
31055,494.09,15301.7208,17212.5160,0
31057,494.11,15301.7208,17212.5160,0
31058,494.14,15301.7208,17212.5160,0
31065,494.25,15301.7208,17212.5160,0
31069,494.30,15301.7208,17212.5160,0
31072,494.31,15301.7208,17212.5160,0
31078,494.38,15301.7208,17212.5160,0
31081,494.42,15301.7208,17212.5160,0
31089,494.55,15301.7208,17212.5160,0
31091,494.56,15301.7208,17212.5160,0
31092,494.58,15301.7208,17212.5160,0
31094,494.62,15301.7208,17212.5160,0
31097,494.63,15301.7208,17212.5160,0
31101,494.64,15301.7208,17212.5160,0
31102,494.64,15301.7208,17212.5160,0
31104,494.72,15301.7208,17212.5160,0
31111,494.74,15301.7208,17212.5160,0
31116,494.78,15331.3559,17212.5160,0
31117,494.90,15331.3559,17212.5160,0
31118,494.92,15331.3559,17212.5160,0
31119,494.94,15331.3559,17212.5160,0
31120,494.97,15705.0030,17212.5160,0
31123,495.05,15709.9627,17212.5160,0
31124,495.07,15870.6096,17212.5160,0
31132,495.39,15872.8803,17212.5160,0
31148,495.63,15872.8803,17212.5160,0
31150,495.69,15872.8803,17212.5160,0
31157,495.74,15872.8803,17212.5160,0
31170,495.92,15872.8803,17212.5160,0
31174,495.93,15872.8803,17212.5160,0
31177,495.97,15877.9656,17212.5160,0
31181,496.07,15877.9656,17212.5160,0
31189,496.25,15877.9656,17212.5160,0
31207,496.35,15877.9656,17212.5160,0
31215,496.49,15877.9656,17212.5160,0
31246,496.73,15877.9656,17212.5160,0
31269,496.84,15877.9656,17212.5160,0
31275,496.84,15877.9656,17212.5160,0
31278,496.85,15877.9656,17212.5160,1
31279,496.87,14317.3761,17212.5160,0
31280,496.88,14317.3761,17212.5160,0
31281,496.90,14340.8342,17212.5160,0
31282,496.92,14340.8342,17212.5160,0
31283,496.94,14340.8342,17212.5160,0
31284,496.96,14340.8342,17212.5160,0
31285,496.96,14340.8342,17212.5160,0
31286,496.97,14600.3657,17212.5160,0
31287,496.99,14600.4999,17212.5160,0
31288,496.99,14600.4999,17212.5160,0
31289,497.01,14674.7792,17212.5160,0
31290,497.02,14677.8961,17212.5160,0
31291,497.04,14796.0639,17212.5160,0
31292,497.06,14796.7417,17212.5160,0
31293,497.08,14796.7417,17212.5160,0
31294,497.10,14796.7417,17212.5160,0
31296,497.12,15154.7716,17212.5160,0
31297,497.14,15154.7716,17212.5160,0
31298,497.16,15190.6483,17212.5160,0
31299,497.17,15190.6483,17212.5160,0
31300,497.17,15190.6483,17212.5160,0
31301,497.19,15307.1789,17212.5160,0
31303,497.22,15804.8971,17212.5160,0
31304,497.23,15804.8971,17212.5160,0
31305,497.26,15871.8119,17212.5160,0
31306,497.28,16031.3020,17212.5160,0
31307,497.30,16031.3020,17212.5160,0
31310,497.34,16031.3020,17212.5160,0
31318,497.56,16037.3904,17212.5160,0
31320,497.63,16037.3904,17212.5160,0
31322,497.77,16037.3904,17212.5160,0
31325,497.84,16062.9111,17212.5160,0
31326,497.86,16290.4621,17212.5160,0
31327,497.87,16290.4621,17212.5160,0
31332,497.92,16290.4621,17212.5160,0
31334,497.94,16290.4621,17212.5160,0
31336,497.98,16304.5332,17212.5160,0
31338,498.03,16309.8319,17212.5160,0
31353,498.28,16309.8319,17212.5160,0
31355,498.31,16309.8319,17212.5160,0
31356,498.40,16309.8319,17212.5160,0
31361,498.44,16309.8319,17212.5160,0
31362,498.45,16309.8319,17212.5160,0
31363,498.47,16309.8319,17212.5160,0
31364,498.49,16309.8319,17212.5160,0
31365,498.49,16309.8319,17212.5160,0
31367,498.51,16309.8319,17212.5160,0
31369,498.54,16309.8319,17212.5160,0
31371,498.58,16315.4194,17212.5160,0
31375,498.73,16315.4194,17212.5160,0
31380,498.80,16315.4194,17212.5160,0
31382,498.87,16315.4194,17212.5160,0
31383,498.93,16315.4194,17212.5160,0
31385,498.93,16315.4194,17212.5160,0
31387,498.96,16315.4194,17212.5160,0
31388,498.96,16315.4194,17212.5160,0
31390,499.06,16315.4194,17212.5160,0
31391,499.12,16315.4194,17212.5160,0
31395,499.14,16315.4194,17212.5160,0
31397,499.15,16315.4194,17212.5160,0
31401,499.24,16315.4194,17212.5160,0
31402,499.27,16315.4194,17212.5160,0
31405,499.42,16316.8232,17212.5160,0
31409,499.57,16316.8232,17212.5160,0
31411,499.62,16316.8232,17212.5160,0
31421,499.83,16316.8232,17212.5160,0
31428,500.05,16316.8232,17212.5160,0
31437,500.23,16316.8232,17212.5160,0
31438,500.23,16316.8232,17212.5160,0
31442,500.27,16316.8232,17212.5160,0
31445,500.30,16316.8232,17212.5160,0
31446,500.30,16316.8232,17212.5160,0
31448,500.33,16316.8232,17212.5160,0
31451,500.33,16316.8232,17212.5160,0
31453,500.35,16316.8232,17212.5160,0
31461,500.52,16316.8232,17212.5160,0
31466,500.56,16316.8232,17212.5160,0
31473,500.63,16316.8232,17212.5160,0
31479,500.66,16316.8232,17212.5160,0
31481,500.72,16316.8232,17212.5160,0
31484,500.73,16316.8232,17212.5160,0
31485,500.73,16316.8232,17212.5160,0
31488,500.77,16316.8232,17212.5160,0
31495,500.82,16316.8232,17212.5160,0
31496,500.83,16316.8232,17212.5160,0
31500,500.89,16316.8232,17212.5160,0
31501,500.89,16316.8232,17212.5160,0
31504,500.89,16316.8232,17212.5160,0
31506,500.91,16316.8232,17212.5160,1
31507,500.95,14704.7088,17212.5160,0
31509,500.98,14704.7088,17212.5160,0
31510,500.99,14704.7088,17212.5160,0
31511,501.01,14737.5806,17212.5160,0
31512,501.03,14737.5806,17212.5160,0
31514,501.05,14737.5806,17212.5160,0
31515,501.07,14737.5806,17212.5160,0
31517,501.12,14737.5806,17212.5160,0
31518,501.14,14738.5858,17212.5160,0
31519,501.15,14738.5858,17212.5160,0
31520,501.17,14738.5858,17212.5160,0
31521,501.19,14962.1927,17212.5160,0
31522,501.21,14962.1927,17212.5160,0
31523,501.27,14962.1927,17212.5160,0
31524,501.33,14962.1927,17212.5160,0
31525,501.34,14962.1927,17212.5160,0
31526,501.36,15199.6579,17212.5160,0
31527,501.38,15278.0412,17212.5160,0
31528,501.40,15278.0412,17212.5160,0
31529,501.43,15464.2428,17212.5160,0
31531,501.52,15464.2428,17212.5160,0
31532,501.56,15464.2428,17212.5160,0
31533,501.58,15509.8056,17212.5160,0
31534,501.60,15509.8056,17212.5160,0
31535,501.62,15509.8056,17212.5160,0
31536,501.64,15509.8056,17212.5160,0
31537,501.66,15635.7111,17212.5160,0
31538,501.75,15635.7111,17212.5160,0
31539,501.77,15635.7111,17212.5160,0
31540,501.83,15635.7111,17212.5160,0
31541,501.86,15849.2694,17212.5160,0
31543,501.88,15849.2694,17212.5160,0
31545,501.96,15849.2694,17212.5160,0
31547,502.03,15849.2694,17212.5160,0
31548,502.05,15879.9173,17212.5160,0
31549,502.07,15879.9173,17212.5160,0
31550,502.16,15879.9173,17212.5160,0
31552,502.24,15879.9173,17212.5160,0
31557,502.31,15879.9173,17212.5160,0
31558,502.39,15998.8094,17212.5160,0
31559,502.41,15998.8094,17212.5160,0
31560,502.47,16244.6146,17212.5160,0
31562,502.53,16257.1374,17212.5160,0
31563,502.55,16257.1374,17212.5160,0
31565,502.65,16257.1374,17212.5160,0
31567,502.72,16257.1374,17212.5160,0
31568,502.75,16257.1374,17212.5160,0
31570,502.84,16257.1374,17212.5160,0
31572,502.96,16257.1374,17212.5160,0
31576,502.96,16257.1374,17212.5160,0
31578,503.04,16450.5042,17212.5160,0
31579,503.04,16450.5042,17212.5160,0
31580,503.07,16450.5042,17212.5160,0
31581,503.09,16450.5042,17212.5160,0
31582,503.17,16450.5042,17212.5160,0
31583,503.20,16450.5042,17212.5160,0
31584,503.24,16573.0214,17212.5160,0
31586,503.26,16573.0214,17212.5160,0
31588,503.28,16573.0214,17212.5160,0
31589,503.33,16573.0214,17212.5160,0
31590,503.36,16573.0214,17212.5160,0
31591,503.40,16573.0214,17212.5160,0
31592,503.44,16573.0214,17212.5160,0
31593,503.50,16700.6987,17212.5160,0
31600,503.63,16700.6987,17212.5160,0
31605,503.74,16700.6987,17212.5160,0
31610,503.74,16700.6987,17212.5160,0
31614,503.82,16700.6987,17212.5160,0
31616,503.82,16700.6987,17212.5160,0
31618,503.91,16710.5198,17212.5160,0
31621,503.98,16847.4278,17212.5160,0
31627,504.07,16847.4278,17212.5160,0
31629,504.20,16885.0757,17212.5160,0
31631,504.24,16885.0757,17212.5160,0
31639,504.44,16885.0757,17212.5160,0
31641,504.49,16885.0757,17212.5160,0
31642,504.57,16885.0757,17212.5160,0
31644,504.60,16885.0757,17212.5160,0
31645,504.61,16885.0757,17212.5160,0
31647,504.62,16885.0757,17212.5160,0
31648,504.62,16885.0757,17212.5160,0
31649,504.62,16885.0757,17212.5160,0
31651,504.64,16885.0757,17212.5160,0
31653,504.66,16885.0757,17212.5160,0
31663,504.69,16885.0757,17212.5160,0
31668,504.81,16885.2891,17212.5160,0
31672,505.00,16885.2891,17212.5160,0
31673,505.03,16885.2891,17212.5160,0
31680,505.13,16885.2891,17212.5160,0
31684,505.18,16885.2891,17212.5160,0
31692,505.33,16885.2891,17212.5160,0
31702,505.48,16885.2891,17212.5160,0
31707,505.51,16885.2891,17212.5160,0
31708,505.52,16885.2891,17212.5160,0
31714,505.54,16885.2891,17212.5160,0
31717,505.55,16885.2891,17212.5160,0
31718,505.57,16885.2891,17212.5160,0
31721,505.59,16885.2891,17212.5160,0
31722,505.64,16885.2891,17212.5160,0
31726,505.66,16885.2891,17212.5160,0
31734,505.69,16885.2891,17212.5160,0
31735,505.70,16885.2891,17212.5160,0
31739,505.74,16885.2891,17212.5160,0
31742,505.76,16885.2891,17212.5160,0
31749,505.78,16885.2891,17212.5160,0
31750,505.78,16885.2891,17212.5160,0
31753,505.86,16885.2891,17212.5160,0
31754,505.86,16885.2891,17212.5160,0
31755,505.86,16885.2891,17212.5160,0
31757,505.87,16885.2891,17212.5160,0
31762,505.88,16885.2891,17212.5160,0
31764,505.88,16885.2891,17212.5160,0
31769,505.92,16885.2891,17212.5160,1
31770,505.96,15481.5618,17212.5160,0
31771,505.97,15481.5618,17212.5160,0
31772,505.99,15510.6649,17212.5160,0
31773,506.02,15740.3236,17212.5160,0
31774,506.05,15740.3236,17212.5160,0
31775,506.07,15854.2210,17212.5160,0
31777,506.13,15854.2210,17212.5160,0
31778,506.15,15854.2210,17212.5160,0
31779,506.16,15854.2210,17212.5160,0
31780,506.16,15854.2210,17212.5160,0
31781,506.18,15854.2210,17212.5160,0
31782,506.20,15854.2210,17212.5160,0
31783,506.20,15854.2210,17212.5160,0
31784,506.22,15854.2210,17212.5160,0
31785,506.24,15854.2210,17212.5160,0
31786,506.26,15975.3663,17212.5160,0
31787,506.29,15975.3663,17212.5160,0
31788,506.31,15975.3663,17212.5160,0
31789,506.33,15975.3663,17212.5160,0
31790,506.38,15975.3663,17212.5160,0
31791,506.40,15975.3663,17212.5160,0
31792,506.42,15975.5006,17212.5160,0
31793,506.44,15975.5006,17212.5160,0
31794,506.47,15994.0201,17212.5160,0
31796,506.49,15994.0201,17212.5160,0
31797,506.52,16001.0848,17212.5160,0
31798,506.54,16001.0848,17212.5160,0
31799,506.56,16001.0848,17212.5160,0
31800,506.58,16001.0848,17212.5160,0
31801,506.61,16116.2118,17212.5160,0
31804,506.67,16211.2872,17212.5160,0
31805,506.69,16211.2872,17212.5160,0
31806,506.72,16211.2872,17212.5160,0
31807,506.78,16211.2872,17212.5160,0
31808,506.85,16211.2872,17212.5160,0
31809,506.87,16211.2872,17212.5160,0
31813,506.93,16211.2872,17212.5160,0
31817,506.95,16211.2872,17212.5160,0
31820,506.99,16211.2872,17212.5160,0
31822,507.00,16211.2872,17212.5160,0
31823,507.00,16211.2872,17212.5160,0
31827,507.02,16211.2872,17212.5160,0
31828,507.08,16211.2872,17212.5160,0
31830,507.12,16211.2872,17212.5160,0
31835,507.18,16211.2872,17212.5160,0
31837,507.18,16211.2872,17212.5160,0
31842,507.21,16211.2872,17212.5160,0
31843,507.23,16211.2872,17212.5160,0
31848,507.27,16211.2872,17212.5160,0
31851,507.30,16211.2872,17212.5160,0
31852,507.30,16211.2872,17212.5160,0
31858,507.36,16211.2872,17212.5160,0
31860,507.38,16211.2872,17212.5160,0
31861,507.38,16211.2872,17212.5160,0
31863,507.40,16211.2872,17212.5160,0
31864,507.42,16211.2872,17212.5160,0
31869,507.47,16211.2872,17212.5160,0
31871,507.47,16211.2872,17212.5160,0
31874,507.51,16211.2872,17212.5160,0
31875,507.51,16211.2872,17212.5160,0
31877,507.52,16211.2872,17212.5160,0
31878,507.52,16211.2872,17212.5160,0
31879,507.52,16211.2872,17212.5160,0
31881,507.53,16211.2872,17212.5160,0
31882,507.53,16211.2872,17212.5160,0
31883,507.60,16211.2872,17212.5160,0
31884,507.61,16211.2872,17212.5160,0
31885,507.61,16211.2872,17212.5160,0
31886,507.61,16211.2872,17212.5160,0
31887,507.63,16211.2872,17212.5160,0
31888,507.65,16211.2872,17212.5160,0
31890,507.65,16211.2872,17212.5160,0
31892,507.67,16211.2872,17212.5160,0
31896,507.70,16211.2872,17212.5160,0
31897,507.70,16211.2872,17212.5160,0
31899,507.70,16211.2872,17212.5160,0
31903,507.71,16211.2872,17212.5160,0
31905,507.71,16211.2872,17212.5160,1
31906,507.74,14752.0866,17212.5160,0
31907,507.78,14752.0866,17212.5160,0
31908,507.80,14752.0866,17212.5160,0
31909,507.81,14804.6732,17212.5160,0
31910,507.83,14804.6732,17212.5160,0
31911,507.85,14936.9248,17212.5160,0
31912,507.87,14936.9248,17212.5160,0
31913,507.88,14936.9248,17212.5160,0
31914,507.90,14936.9248,17212.5160,0
31915,507.92,14948.4945,17212.5160,0
31916,507.94,14948.4945,17212.5160,0
31917,507.96,14951.4179,17212.5160,0
31919,508.02,14951.4179,17212.5160,0
31920,508.03,14951.4179,17212.5160,0
31921,508.10,14951.4179,17212.5160,0
31922,508.12,15153.5238,17212.5160,0
31923,508.14,15153.5238,17212.5160,0
31926,508.23,15153.5238,17212.5160,0
31928,508.28,15153.5238,17212.5160,0
31932,508.36,15153.5238,17212.5160,0
31933,508.36,15153.5238,17212.5160,0
31935,508.41,15153.5238,17212.5160,0
31936,508.43,15153.5238,17212.5160,0
31940,508.47,15153.5238,17212.5160,0
31942,508.52,15153.5238,17212.5160,0
31946,508.59,15153.5238,17212.5160,0
31949,508.59,15153.5238,17212.5160,0
31950,508.62,15153.5238,17212.5160,0
31955,508.69,15155.9294,17212.5160,0
31956,508.73,15277.3299,17212.5160,0
31959,508.78,15277.3299,17212.5160,0
31960,508.80,15277.3299,17212.5160,0
31961,508.84,15277.3299,17212.5160,0
31962,508.84,15277.3299,17212.5160,0
31963,508.87,15277.3299,17212.5160,0
31968,508.93,15277.3299,17212.5160,0
31971,508.96,15277.3299,17212.5160,0
31973,508.97,15277.3299,17212.5160,0
31977,509.04,15277.3299,17212.5160,0
31980,509.10,15277.3299,17212.5160,0
31986,509.15,15277.3299,17212.5160,0
31991,509.23,15277.3299,17212.5160,0
31993,509.24,15277.3299,17212.5160,0
31997,509.31,15280.9949,17212.5160,0
32001,509.49,15280.9949,17212.5160,0
32004,509.56,15280.9949,17212.5160,0
32010,509.66,15280.9949,17212.5160,0
32020,509.74,15280.9949,17212.5160,0
32022,509.83,15280.9949,17212.5160,0
32023,509.85,15280.9949,17212.5160,0
32029,509.87,15280.9949,17212.5160,0
32033,509.93,15280.9949,17212.5160,0
32041,510.06,15280.9949,17212.5160,0
32043,510.06,15280.9949,17212.5160,0
32051,510.11,15280.9949,17212.5160,0
32055,510.15,15280.9949,17212.5160,0
32061,510.19,15280.9949,17212.5160,0
32064,510.22,15280.9949,17212.5160,0
32067,510.26,15280.9949,17212.5160,0
32068,510.26,15280.9949,17212.5160,0
32069,510.26,15280.9949,17212.5160,0
32071,510.28,15280.9949,17212.5160,0
32072,510.28,15280.9949,17212.5160,0
32078,510.32,15280.9949,17212.5160,0
32084,510.32,15280.9949,17212.5160,0
32092,510.39,15280.9949,17212.5160,0
32095,510.41,15280.9949,17212.5160,0
32097,510.42,15280.9949,17212.5160,0
32098,510.42,15280.9949,17212.5160,1
32099,510.47,13783.7607,17212.5160,0
32102,510.55,13829.4937,17212.5160,0
32103,510.58,13829.4937,17212.5160,0
32104,510.64,13937.9497,17212.5160,0
32106,510.71,13937.9497,17212.5160,0
32107,510.73,14055.9116,17212.5160,0
32108,510.79,14055.9116,17212.5160,0
32110,510.84,14232.4405,17212.5160,0
32111,510.91,14232.4405,17212.5160,0
32113,510.96,14232.4405,17212.5160,0
32117,511.01,14232.4405,17212.5160,0
32118,511.06,14232.4405,17212.5160,0
32121,511.11,14268.6336,17212.5160,0
32122,511.13,14268.6336,17212.5160,0
32123,511.15,14268.6336,17212.5160,0
32124,511.17,14270.4009,17212.5160,0
32125,511.19,14270.4009,17212.5160,0
32126,511.21,14334.6627,17212.5160,0
32128,511.28,14352.1944,17212.5160,0
32130,511.35,14468.0757,17212.5160,0
32131,511.38,14468.0757,17212.5160,0
32132,511.44,14475.3186,17212.5160,0
32135,511.54,14475.3186,17212.5160,0
32136,511.59,14475.3186,17212.5160,0
32137,511.63,14475.3186,17212.5160,0
32138,511.66,14475.3186,17212.5160,0
32139,511.70,14475.3186,17212.5160,0
32142,511.80,14475.3186,17212.5160,0
32143,511.80,14475.3186,17212.5160,0
32144,511.80,14475.3186,17212.5160,0
32145,511.83,14475.3186,17212.5160,0
32150,511.89,14475.3186,17212.5160,0
32152,511.89,14475.3186,17212.5160,0
32153,511.89,14475.3186,17212.5160,0
32154,511.89,14475.3186,17212.5160,0
32155,511.89,14475.3186,17212.5160,0
32156,511.89,14475.3186,17212.5160,0
32158,511.94,14482.9508,17212.5160,0
32159,511.97,14482.9508,17212.5160,0
32160,512.00,14610.6393,17212.5160,0
32161,512.04,14610.6393,17212.5160,0
32162,512.05,14610.6393,17212.5160,0
32165,512.09,14624.7645,17212.5160,0
32166,512.17,14726.0405,17212.5160,0
32167,512.19,14726.0405,17212.5160,0
32170,512.27,14726.0405,17212.5160,0
32171,512.30,14726.0405,17212.5160,0
32174,512.37,14726.0405,17212.5160,0
32175,512.45,14726.9545,17212.5160,0
32176,512.51,14726.9545,17212.5160,0
32177,512.53,14726.9545,17212.5160,0
32179,512.54,14726.9545,17212.5160,0
32180,512.54,14726.9545,17212.5160,0
32182,512.62,14726.9545,17212.5160,0
32184,512.70,14726.9545,17212.5160,0
32185,512.71,14726.9545,17212.5160,0
32189,512.75,14726.9545,17212.5160,0
32190,512.75,14726.9545,17212.5160,0
32199,512.90,14726.9545,17212.5160,0
32204,512.96,14726.9545,17212.5160,0
32208,513.04,14726.9545,17212.5160,0
32213,513.10,14726.9545,17212.5160,0
32216,513.11,14726.9545,17212.5160,0
32220,513.12,14726.9545,17212.5160,0
32221,513.12,14726.9545,17212.5160,0
32222,513.14,14726.9545,17212.5160,0
32226,513.19,14726.9545,17212.5160,0
32231,513.23,14726.9545,17212.5160,0
32237,513.30,14726.9545,17212.5160,0
32243,513.35,14726.9545,17212.5160,0
32244,513.35,14726.9545,17212.5160,0
32248,513.37,14726.9545,17212.5160,0
32253,513.40,14726.9545,17212.5160,0
32255,513.42,14726.9545,17212.5160,0
32258,513.43,14726.9545,17212.5160,0
32260,513.45,14726.9545,17212.5160,0
32261,513.46,14726.9545,17212.5160,0
32262,513.46,14726.9545,17212.5160,0
32268,513.50,14726.9545,17212.5160,0
32269,513.50,14726.9545,17212.5160,0
32270,513.51,14726.9545,17212.5160,0
32271,513.54,14727.7428,17212.5160,0
32272,513.56,14727.7428,17212.5160,0
32273,513.59,14727.7428,17212.5160,0
32275,513.62,14727.7428,17212.5160,0
32281,513.77,14727.7428,17212.5160,0
32287,513.86,14727.7428,17212.5160,0
32290,513.90,14727.7428,17212.5160,0
32299,514.07,14727.7428,17212.5160,0
32308,514.13,14727.7428,17212.5160,0
32310,514.15,14727.7428,17212.5160,0
32312,514.23,14727.7428,17212.5160,0
32314,514.23,14727.7428,17212.5160,0
32319,514.29,14727.7428,17212.5160,0
32320,514.29,14727.7428,17212.5160,0
32330,514.39,14727.7428,17212.5160,0
32333,514.42,14727.7428,17212.5160,0
32334,514.42,14727.7428,17212.5160,0
32336,514.46,14727.7428,17212.5160,0
32337,514.51,14727.7428,17212.5160,0
32338,514.52,14727.7428,17212.5160,0
32339,514.52,14727.7428,17212.5160,0
32344,514.55,14727.7428,17212.5160,0
32345,514.55,14727.7428,17212.5160,0
32346,514.61,14728.5705,17212.5160,0
32347,514.70,14804.1854,17212.5160,0
32348,514.74,14804.1854,17212.5160,0
32349,514.76,14804.1854,17212.5160,0
32350,514.79,14804.1854,17212.5160,0
32351,514.81,14804.1854,17212.5160,0
32353,514.95,14804.1854,17212.5160,0
32354,514.99,14804.1854,17212.5160,0
32356,515.10,14804.1854,17212.5160,0
32358,515.17,14804.1854,17212.5160,0
32361,515.20,14804.1854,17212.5160,0
32364,515.20,14804.1854,17212.5160,0
32365,515.23,14908.8624,17212.5160,0
32366,515.28,14959.1174,17212.5160,0
32367,515.34,14959.1174,17212.5160,0
32368,515.37,14959.1174,17212.5160,0
32372,515.44,14959.1174,17212.5160,0
32374,515.45,14959.1174,17212.5160,0
32378,515.58,14959.1174,17212.5160,0
32379,515.60,14959.1174,17212.5160,0
32381,515.63,14959.1174,17212.5160,0
32382,515.63,14959.1174,17212.5160,0
32384,515.65,14959.1174,17212.5160,0
32386,515.72,14959.1174,17212.5160,0
32389,515.82,14959.1174,17212.5160,0
32393,515.86,14959.1174,17212.5160,0
32394,515.86,14959.1174,17212.5160,0
32399,515.92,14959.1174,17212.5160,0
32401,515.94,14959.1174,17212.5160,0
32402,515.94,14959.1174,17212.5160,0
32408,516.02,14959.1174,17212.5160,0
32415,516.07,14959.1174,17212.5160,0
32416,516.07,14959.1174,17212.5160,0
32420,516.12,14959.1174,17212.5160,0
32421,516.12,14959.1174,17212.5160,0
32424,516.21,14977.5986,17212.5160,0
32425,516.25,14977.5986,17212.5160,0
32426,516.32,14977.5986,17212.5160,0
32427,516.41,14977.5986,17212.5160,0
32428,516.45,15037.6039,17212.5160,0
32429,516.48,15319.1323,17212.5160,0
32430,516.53,15351.7890,17212.5160,0
32431,516.55,15369.3996,17212.5160,0
32435,516.63,15369.3996,17212.5160,0
32436,516.69,15369.3996,17212.5160,0
32439,516.75,15369.3996,17212.5160,0
32443,516.84,15369.3996,17212.5160,0
32444,516.85,15369.3996,17212.5160,0
32447,516.97,15369.3996,17212.5160,0
32448,516.98,15369.3996,17212.5160,0
32451,517.04,15369.3996,17212.5160,0
32453,517.04,15369.3996,17212.5160,0
32454,517.06,15369.3996,17212.5160,0
32457,517.08,15369.3996,17212.5160,0
32458,517.08,15369.3996,17212.5160,0
32461,517.12,15430.5720,17212.5160,0
32468,517.28,15430.5720,17212.5160,0
32471,517.37,15430.5720,17212.5160,0
32473,517.45,15430.5720,17212.5160,0
32477,517.50,15430.5720,17212.5160,0
32490,517.67,15430.5720,17212.5160,0
32497,517.78,15430.5720,17212.5160,0
32506,517.93,15430.5720,17212.5160,0
32509,518.01,15430.5720,17212.5160,0
32510,518.01,15430.5720,17212.5160,0
32513,518.02,15430.5720,17212.5160,0
32517,518.02,15430.5720,17212.5160,0
32523,518.05,15430.5720,17212.5160,0
32530,518.11,15430.5720,17212.5160,0
32531,518.12,15430.5720,17212.5160,0
32534,518.13,15430.5720,17212.5160,0
32535,518.14,15430.5720,17212.5160,0
32538,518.16,15430.5720,17212.5160,0
32539,518.17,15430.5720,17212.5160,0
32548,518.26,15430.5720,17212.5160,0
32553,518.36,15432.2159,17212.5160,0
32554,518.43,15457.7678,17212.5160,0
32556,518.49,15457.7678,17212.5160,0
32557,518.51,15457.7678,17212.5160,0
32558,518.58,15457.7678,17212.5160,0
32560,518.60,15457.7678,17212.5160,0
32563,518.64,15457.7678,17212.5160,0
32564,518.65,15457.7678,17212.5160,0
32569,518.82,15457.7678,17212.5160,0
32572,518.88,15457.7678,17212.5160,0
32573,518.88,15457.7678,17212.5160,0
32575,518.91,15457.7678,17212.5160,0
32576,518.91,15457.7678,17212.5160,0
32577,518.91,15457.7678,17212.5160,0
32579,518.91,15457.7678,17212.5160,0
32583,518.95,15457.7678,17212.5160,0
32585,519.06,15457.7678,17212.5160,0
32586,519.06,15457.7678,17212.5160,0
32587,519.06,15457.7678,17212.5160,0
32594,519.09,15457.7678,17212.5160,0
32595,519.09,15457.7678,17212.5160,0
32596,519.10,15457.7678,17212.5160,0
32599,519.21,15457.7678,17212.5160,0
32600,519.22,15457.7678,17212.5160,0
32603,519.24,15457.7678,17212.5160,0
32605,519.24,15457.7678,17212.5160,0
32606,519.25,15457.7678,17212.5160,0
32607,519.25,15457.7678,17212.5160,0
32621,519.44,15457.7678,17212.5160,0
32623,519.46,15457.7678,17212.5160,0
32631,519.54,15457.7678,17212.5160,0
32633,519.54,15457.7678,17212.5160,0
32635,519.54,15457.7678,17212.5160,0
32637,519.55,15457.7678,17212.5160,0
32639,519.59,15457.7678,17212.5160,0
32642,519.59,15457.7678,17212.5160,0
32643,519.61,15457.7678,17212.5160,0
32644,519.61,15457.7678,17212.5160,0
32645,519.63,15457.7678,17212.5160,0
32646,519.63,15457.7678,17212.5160,0
32649,519.66,15457.7678,17212.5160,0
32650,519.66,15457.7678,17212.5160,0
32651,519.72,15457.7678,17212.5160,0
32652,519.73,15457.7678,17212.5160,0
32653,519.73,15457.7678,17212.5160,0
32655,519.73,15457.7678,17212.5160,1
32656,519.76,13583.6381,17212.5160,0
32657,519.84,13583.6381,17212.5160,0
32658,519.85,13583.6381,17212.5160,0
32659,519.87,13660.0466,17212.5160,0
32661,519.92,13663.4658,17212.5160,0
32665,520.03,13663.4658,17212.5160,0
32666,520.04,13663.4658,17212.5160,0
32667,520.11,13667.1374,17212.5160,0
32668,520.16,13667.1374,17212.5160,0
32669,520.18,13788.8651,17212.5160,0
32670,520.22,13853.2264,17212.5160,0
32671,520.27,13853.7080,17212.5160,0
32672,520.31,13953.1328,17212.5160,0
32673,520.33,13956.5766,17212.5160,0
32675,520.38,13956.5766,17212.5160,0
32677,520.48,14068.0997,17212.5160,0
32680,520.59,14068.0997,17212.5160,0
32681,520.63,14068.0997,17212.5160,0
32682,520.65,14068.0997,17212.5160,0
32683,520.69,14068.0997,17212.5160,0
32684,520.77,14068.0997,17212.5160,0
32691,520.89,14068.0997,17212.5160,0
32695,520.98,14155.3752,17212.5160,0
32696,521.01,14155.3752,17212.5160,0
32697,521.09,14155.3752,17212.5160,0
32699,521.12,14155.3752,17212.5160,0
32701,521.19,14155.3752,17212.5160,0
32704,521.27,14174.7283,17212.5160,0
32706,521.30,14174.7283,17212.5160,0
32707,521.37,14199.4441,17212.5160,0
32714,521.55,14199.4441,17212.5160,0
32716,521.57,14199.4441,17212.5160,0
32719,521.64,14199.4441,17212.5160,0
32722,521.65,14199.4441,17212.5160,0
32724,521.65,14199.4441,17212.5160,0
32725,521.71,14199.4441,17212.5160,0
32727,521.75,14199.4441,17212.5160,0
32728,521.79,14229.3583,17212.5160,0
32731,521.88,14229.3583,17212.5160,0
32732,521.88,14229.3583,17212.5160,0
32734,521.93,14229.3583,17212.5160,0
32736,521.95,14229.3583,17212.5160,0
32737,521.97,14229.3583,17212.5160,0
32740,521.99,14229.9426,17212.5160,0
32741,522.01,14229.9426,17212.5160,0
32742,522.05,14231.4941,17212.5160,0
32743,522.09,14231.4941,17212.5160,0
32744,522.14,14231.4941,17212.5160,0
32745,522.18,14236.8467,17212.5160,0
32747,522.24,14284.5879,17212.5160,0
32752,522.47,14284.5879,17212.5160,0
32755,522.50,14284.5879,17212.5160,0
32758,522.59,14378.4298,17212.5160,0
32759,522.61,14378.5510,17212.5160,0
32762,522.63,14378.5510,17212.5160,0
32763,522.67,14379.4104,17212.5160,0
32764,522.71,14379.4104,17212.5160,0
32765,522.75,14379.4104,17212.5160,0
32766,522.78,14395.7080,17212.5160,0
32767,522.84,14395.7080,17212.5160,0
32768,522.86,14395.7080,17212.5160,0
32769,522.88,14502.7904,17212.5160,0
32770,522.90,14502.7904,17212.5160,0
32771,522.93,14532.4987,17212.5160,0
32772,522.96,14532.4987,17212.5160,0
32775,523.07,14532.4987,17212.5160,0
32777,523.09,14532.4987,17212.5160,0
32782,523.14,14532.4987,17212.5160,0
32784,523.16,14532.4987,17212.5160,0
32789,523.23,14532.4987,17212.5160,0
32790,523.23,14532.4987,17212.5160,0
32796,523.44,14532.4987,17212.5160,0
32802,523.47,14532.4987,17212.5160,0
32804,523.49,14532.4987,17212.5160,0
32809,523.56,14532.4987,17212.5160,0
32811,523.56,14532.4987,17212.5160,0
32814,523.61,14532.4987,17212.5160,0
32820,523.66,14532.4987,17212.5160,0
32821,523.66,14532.4987,17212.5160,0
32822,523.66,14532.4987,17212.5160,0
32826,523.70,14532.4987,17212.5160,0
32827,523.70,14532.4987,17212.5160,0
32829,523.73,14532.4987,17212.5160,0
32830,523.73,14532.4987,17212.5160,0
32831,523.75,14532.4987,17212.5160,0
32832,523.75,14532.4987,17212.5160,0
32833,523.75,14532.4987,17212.5160,0
32837,523.78,14532.4987,17212.5160,0
32846,523.88,14532.4987,17212.5160,0
32848,523.88,14532.4987,17212.5160,0
32850,523.88,14532.4987,17212.5160,0
32852,523.89,14532.4987,17212.5160,0
32853,523.90,14532.4987,17212.5160,0
32858,523.98,14532.4987,17212.5160,0
32872,524.11,14532.4987,17212.5160,1
32873,524.14,13042.3445,17212.5160,0
32874,524.17,13042.3445,17212.5160,0
32877,524.19,13042.3445,17212.5160,0
32878,524.21,13042.3445,17212.5160,0
32879,524.24,13042.3445,17212.5160,0
32880,524.26,13042.3445,17212.5160,0
32882,524.35,13042.3445,17212.5160,0
32883,524.37,13091.5958,17212.5160,0
32886,524.40,13091.8899,17212.5160,0
32887,524.43,13378.5300,17212.5160,0
32890,524.47,13400.7164,17212.5160,0
32891,524.52,13512.3359,17212.5160,0
32892,524.54,13515.9632,17212.5160,0
32893,524.57,13586.0756,17212.5160,0
32894,524.60,13586.0756,17212.5160,0
32896,524.68,13586.0756,17212.5160,0
32897,524.68,13586.0756,17212.5160,0
32900,524.70,13586.0756,17212.5160,0
32901,524.70,13586.0756,17212.5160,0
32902,524.76,13704.5315,17212.5160,0
32903,524.78,13704.5315,17212.5160,0
32905,524.78,13704.5315,17212.5160,0
32906,524.86,13788.5767,17212.5160,0
32908,524.89,13788.5767,17212.5160,0
32909,524.93,13788.5767,17212.5160,0
32911,525.03,13788.5767,17212.5160,0
32912,525.10,13788.5767,17212.5160,0
32916,525.19,13788.5767,17212.5160,0
32919,525.22,13788.5767,17212.5160,0
32921,525.27,13788.5767,17212.5160,0
32922,525.30,13851.4364,17212.5160,0
32924,525.41,13851.4364,17212.5160,0
32925,525.43,13851.4364,17212.5160,0
32930,525.46,13854.7459,17212.5160,0
32932,525.49,13924.4644,17212.5160,0
32937,525.61,13924.4644,17212.5160,0
32940,525.67,13924.4644,17212.5160,0
32944,525.70,13924.4644,17212.5160,0
32945,525.72,13924.4644,17212.5160,0
32946,525.74,13925.7162,17212.5160,0
32947,525.76,13925.7162,17212.5160,0
32948,525.78,13963.6192,17212.5160,0
32950,525.80,13963.6192,17212.5160,0
32951,525.87,13976.9369,17212.5160,0
32956,525.98,13976.9369,17212.5160,0
32958,526.00,13976.9369,17212.5160,0
32961,526.04,13976.9369,17212.5160,0
32964,526.06,13976.9369,17212.5160,0
32965,526.10,13976.9369,17212.5160,0
32967,526.14,13976.9369,17212.5160,0
32968,526.14,13976.9369,17212.5160,0
32974,526.15,13976.9369,17212.5160,0
32975,526.18,13976.9369,17212.5160,0
32976,526.18,13976.9369,17212.5160,0
32977,526.20,13976.9369,17212.5160,0
32982,526.20,13976.9369,17212.5160,0
32983,526.21,13976.9369,17212.5160,0
32985,526.24,13976.9369,17212.5160,0
32987,526.26,13976.9369,17212.5160,0
32988,526.29,13984.0298,17212.5160,0
32990,526.31,13984.0298,17212.5160,0
32991,526.34,13984.0298,17212.5160,0
32993,526.34,13984.0298,17212.5160,0
32995,526.38,13984.0298,17212.5160,0
32996,526.40,13984.0298,17212.5160,0
32997,526.40,13984.0298,17212.5160,0
32998,526.43,13984.0298,17212.5160,0
32999,526.47,14049.4738,17212.5160,0
33002,526.55,14049.4738,17212.5160,0
33008,526.63,14177.3515,17212.5160,0
33010,526.65,14274.8891,17212.5160,0
33011,526.71,14274.8891,17212.5160,0
33012,526.73,14412.1575,17212.5160,0
33013,526.75,14412.1575,17212.5160,0
33017,526.79,14412.1575,17212.5160,0
33018,526.86,14521.4780,17212.5160,0
33020,526.90,14521.4780,17212.5160,0
33030,527.04,14521.4780,17212.5160,0
33031,527.06,14521.4780,17212.5160,0
33033,527.09,14521.4780,17212.5160,0
33035,527.15,14521.4780,17212.5160,0
33037,527.24,14522.8106,17212.5160,0
33039,527.29,14522.8106,17212.5160,0
33042,527.36,14522.8912,17212.5160,0
33045,527.44,14522.8912,17212.5160,0
33050,527.52,14522.8912,17212.5160,0
33051,527.52,14522.8912,17212.5160,0
33053,527.54,14522.8912,17212.5160,0
33056,527.54,14522.8912,17212.5160,0
33060,527.64,14522.8912,17212.5160,0
33067,527.72,14522.8912,17212.5160,0
33070,527.76,14522.8912,17212.5160,0
33074,527.80,14522.8912,17212.5160,0
33075,527.80,14522.8912,17212.5160,0
33076,527.82,14522.8912,17212.5160,0
33083,527.93,14522.8912,17212.5160,0
33087,527.97,14522.8912,17212.5160,0
33094,528.04,14522.8912,17212.5160,0
33097,528.07,14522.8912,17212.5160,0
33103,528.15,14522.8912,17212.5160,0
33105,528.15,14522.8912,17212.5160,0
33107,528.15,14522.8912,17212.5160,0
33110,528.17,14522.8912,17212.5160,0
33115,528.18,14522.8912,17212.5160,0
33116,528.18,14522.8912,17212.5160,0
33118,528.20,14522.8912,17212.5160,0
33121,528.22,14522.8912,17212.5160,0
33123,528.24,14522.8912,17212.5160,0
33128,528.27,14522.8912,17212.5160,0
33131,528.29,14522.8912,17212.5160,0
33132,528.32,14522.8912,17212.5160,0
33137,528.38,14522.8912,17212.5160,0
33140,528.40,14522.8912,17212.5160,0
33142,528.41,14522.8912,17212.5160,0
33143,528.41,14522.8912,17212.5160,1
33144,528.44,12068.0895,17212.5160,0
33145,528.45,12068.0895,17212.5160,0
33146,528.47,12068.0895,17212.5160,0
33147,528.49,12246.4968,17212.5160,0
33148,528.50,12246.4968,17212.5160,0
33149,528.51,12246.4968,17212.5160,0
33150,528.53,12246.4968,17212.5160,0
33151,528.54,12248.4508,17212.5160,0
33152,528.55,12248.4508,17212.5160,0
33153,528.57,12248.4508,17212.5160,0
33154,528.57,12248.4508,17212.5160,0
33155,528.58,12248.9911,17212.5160,0
33156,528.60,12406.4578,17212.5160,0
33157,528.61,12406.4578,17212.5160,0
33158,528.63,12417.4879,17212.5160,0
33159,528.64,12417.4879,17212.5160,0
33160,528.66,12466.7166,17212.5160,0
33161,528.68,12466.7166,17212.5160,0
33162,528.70,12466.7166,17212.5160,0
33163,528.71,12468.0942,17212.5160,0
33164,528.74,12604.7222,17212.5160,0
33165,528.79,12607.1086,17212.5160,0
33167,528.81,12607.1086,17212.5160,0
33168,528.83,12607.1086,17212.5160,0
33169,528.88,12635.9338,17212.5160,0
33170,528.91,12635.9338,17212.5160,0
33171,528.93,12635.9338,17212.5160,0
33172,528.94,12635.9338,17212.5160,0
33173,528.95,12635.9338,17212.5160,0
33174,528.99,12683.1867,17212.5160,0
33175,529.01,12683.1867,17212.5160,0
33176,529.02,12683.3031,17212.5160,0
33177,529.04,12683.3031,17212.5160,0
33178,529.06,12683.3031,17212.5160,0
33179,529.07,12683.3031,17212.5160,0
33180,529.08,12696.9368,17212.5160,0
33181,529.10,12842.1270,17212.5160,0
33182,529.11,12842.1270,17212.5160,0
33183,529.13,12873.0172,17212.5160,0
33184,529.15,13234.4988,17212.5160,0
33187,529.25,13252.8993,17212.5160,0
33190,529.27,13298.7661,17212.5160,0
33191,529.29,13298.7661,17212.5160,0
33192,529.30,13298.7661,17212.5160,0
33193,529.37,13329.7631,17212.5160,0
33194,529.39,13408.3340,17212.5160,0
33195,529.41,13412.2550,17212.5160,0
33196,529.42,13412.2550,17212.5160,0
33197,529.44,13481.2353,17212.5160,0
33198,529.47,13582.0932,17212.5160,0
33199,529.50,13597.5951,17212.5160,0
33201,529.56,13597.5951,17212.5160,0
33202,529.58,13604.9070,17212.5160,0
33203,529.65,13604.9070,17212.5160,0
33204,529.72,13645.1973,17212.5160,0
33205,529.74,13670.8877,17212.5160,0
33206,529.76,13670.8877,17212.5160,0
33207,529.78,13672.1944,17212.5160,0
33210,529.83,13672.1944,17212.5160,0
33211,529.85,13719.7310,17212.5160,0
33212,529.85,13719.7310,17212.5160,0
33218,529.97,13719.7310,17212.5160,0
33222,530.02,13769.6242,17212.5160,0
33223,530.04,13787.0803,17212.5160,0
33224,530.06,13791.2659,17212.5160,0
33227,530.19,13791.2659,17212.5160,0
33228,530.21,13791.2659,17212.5160,0
33230,530.27,13791.2659,17212.5160,0
33231,530.29,13791.2659,17212.5160,0
33232,530.32,13800.8844,17212.5160,0
33235,530.39,13800.8844,17212.5160,0
33236,530.42,13811.1458,17212.5160,0
33238,530.47,13811.1458,17212.5160,0
33239,530.54,13823.0571,17212.5160,0
33240,530.56,13823.0571,17212.5160,0
33241,530.58,13823.0571,17212.5160,0
33242,530.60,13823.0571,17212.5160,0
33243,530.61,13823.0571,17212.5160,0
33244,530.62,13823.0571,17212.5160,0
33245,530.63,13823.0571,17212.5160,0
33246,530.76,13823.0571,17212.5160,0
33248,530.79,13823.0571,17212.5160,0
33249,530.81,13823.0571,17212.5160,0
33250,530.87,13827.1945,17212.5160,0
33251,530.89,13827.1945,17212.5160,0
33252,530.95,13838.2386,17212.5160,0
33253,531.01,13926.8067,17212.5160,0
33254,531.05,13926.8067,17212.5160,0
33255,531.06,14053.7421,17212.5160,0
33256,531.09,14053.7421,17212.5160,0
33257,531.11,14118.5994,17212.5160,0
33262,531.20,14118.5994,17212.5160,0
33263,531.24,14118.5994,17212.5160,0
33266,531.27,14118.5994,17212.5160,0
33267,531.32,14118.5994,17212.5160,0
33268,531.40,14118.5994,17212.5160,0
33269,531.40,14118.5994,17212.5160,0
33270,531.41,14118.5994,17212.5160,0
33272,531.47,14118.5994,17212.5160,0
33274,531.58,14118.5994,17212.5160,0
33276,531.60,14118.5994,17212.5160,0
33277,531.60,14118.5994,17212.5160,0
33281,531.67,14118.5994,17212.5160,0
33282,531.71,14118.5994,17212.5160,0
33286,531.72,14118.5994,17212.5160,0
33287,531.75,14118.5994,17212.5160,0
33290,531.81,14129.7542,17212.5160,0
33294,531.93,14129.7542,17212.5160,0
33297,531.98,14129.7542,17212.5160,0
33298,532.07,14129.7542,17212.5160,0
33299,532.10,14129.7542,17212.5160,0
33300,532.12,14154.3124,17212.5160,0
33301,532.17,14154.3124,17212.5160,0
33303,532.21,14154.3124,17212.5160,0
33304,532.30,14154.3124,17212.5160,0
33306,532.43,14154.3124,17212.5160,0
33308,532.45,14154.3124,17212.5160,0
33310,532.49,14154.3124,17212.5160,0
33311,532.54,14154.3124,17212.5160,0
33313,532.57,14155.9971,17212.5160,0
33314,532.63,14155.9971,17212.5160,0
33315,532.65,14191.2430,17212.5160,0
33316,532.72,14213.2178,17212.5160,0
33317,532.74,14224.7355,17212.5160,0
33318,532.77,14224.7355,17212.5160,0
33319,532.81,14224.7355,17212.5160,0
33320,532.83,14224.7355,17212.5160,0
33321,532.85,14224.7355,17212.5160,0
33322,532.88,14224.7355,17212.5160,0
33323,532.88,14224.7355,17212.5160,0
33324,532.94,14260.3305,17212.5160,0
33326,533.02,14260.3305,17212.5160,0
33327,533.04,14262.6445,17212.5160,0
33328,533.08,14277.9492,17212.5160,0
33329,533.11,14277.9492,17212.5160,0
33330,533.14,14292.8179,17212.5160,0
33335,533.27,14292.8179,17212.5160,0
33336,533.29,14292.8179,17212.5160,0
33337,533.32,14292.8179,17212.5160,0
33339,533.32,14292.8179,17212.5160,0
33341,533.32,14292.8179,17212.5160,0
33343,533.41,14292.8179,17212.5160,0
33347,533.44,14292.8179,17212.5160,0
33352,533.49,14292.8179,17212.5160,0
33360,533.67,14292.8179,17212.5160,0
33361,533.70,14292.8179,17212.5160,0
33365,533.72,14292.8179,17212.5160,0
33366,533.77,14298.7613,17212.5160,0
33371,533.99,14298.7613,17212.5160,0
33372,533.99,14298.7613,17212.5160,0
33375,534.04,14298.7613,17212.5160,0
33377,534.07,14298.7613,17212.5160,0
33378,534.10,14298.9736,17212.5160,0
33380,534.24,14298.9736,17212.5160,0
33381,534.31,14298.9736,17212.5160,0
33383,534.36,14298.9736,17212.5160,0
33385,534.40,14298.9736,17212.5160,0
33386,534.40,14298.9736,17212.5160,0
33388,534.44,14298.9736,17212.5160,0
33390,534.45,14298.9736,17212.5160,0
33391,534.45,14298.9736,17212.5160,0
33394,534.49,14300.8624,17212.5160,0
33397,534.53,14300.8624,17212.5160,0
33398,534.56,14300.8624,17212.5160,0
33401,534.64,14300.8624,17212.5160,0
33402,534.71,14347.4638,17212.5160,0
33405,534.87,14347.4638,17212.5160,0
33408,534.96,14348.0881,17212.5160,0
33410,535.00,14367.4715,17212.5160,0
33413,535.11,14367.4715,17212.5160,0
33415,535.22,14367.4715,17212.5160,0
33417,535.29,14367.4715,17212.5160,0
33424,535.35,14367.4715,17212.5160,0
33425,535.35,14367.4715,17212.5160,0
33426,535.35,14367.4715,17212.5160,0
33427,535.37,14367.4715,17212.5160,0
33430,535.39,14367.4715,17212.5160,0
33434,535.46,14367.4715,17212.5160,0
33435,535.49,14367.4715,17212.5160,0
33439,535.50,14367.4715,17212.5160,0
33440,535.50,14367.4715,17212.5160,0
33445,535.51,14367.4715,17212.5160,0
33447,535.52,14367.4715,17212.5160,0
33449,535.52,14367.4715,17212.5160,0
33451,535.55,14367.4715,17212.5160,0
33458,535.62,14367.4715,17212.5160,0
33462,535.63,14367.4715,17212.5160,0
33466,535.67,14367.4715,17212.5160,0
33467,535.67,14367.4715,17212.5160,0
33469,535.67,14367.4715,17212.5160,0
33477,535.75,14367.4715,17212.5160,0
33488,535.88,14367.4715,17212.5160,0
33489,535.94,14367.8808,17212.5160,0
33492,536.01,14367.8808,17212.5160,0
33495,536.07,14367.8808,17212.5160,0
33496,536.08,14367.8808,17212.5160,0
33498,536.12,14367.8808,17212.5160,0
33500,536.20,14367.8808,17212.5160,0
33501,536.23,14367.8808,17212.5160,0
33502,536.31,14369.1154,17212.5160,0
33503,536.35,14369.1154,17212.5160,0
33504,536.37,14369.1154,17212.5160,0
33507,536.47,14369.1154,17212.5160,0
33509,536.51,14369.1154,17212.5160,0
33511,536.52,14369.1154,17212.5160,0
33514,536.64,14388.7748,17212.5160,0
33515,536.66,14388.7748,17212.5160,0
33517,536.68,14388.7748,17212.5160,0
33518,536.72,14415.1479,17212.5160,0
33520,536.81,14415.1479,17212.5160,0
33527,536.90,14415.1479,17212.5160,0
33528,536.91,14415.1479,17212.5160,0
33533,536.99,14415.1479,17212.5160,0
33535,537.03,14415.1479,17212.5160,0
33536,537.05,14415.1479,17212.5160,0
33537,537.07,14416.5429,17212.5160,0
33538,537.10,14700.8872,17212.5160,0
33539,537.15,14775.9251,17212.5160,0
33541,537.17,14775.9251,17212.5160,0
33545,537.26,14775.9251,17212.5160,0
33548,537.37,14775.9251,17212.5160,0
33554,537.40,14845.1980,17212.5160,0
33556,537.49,14980.6274,17212.5160,0
33557,537.52,14980.6274,17212.5160,0
33558,537.54,14980.6274,17212.5160,0
33561,537.64,14980.6274,17212.5160,0
33564,537.72,14980.6274,17212.5160,0
33567,537.77,14980.6274,17212.5160,0
33571,537.80,14980.6274,17212.5160,0
33572,537.80,14980.6274,17212.5160,0
33576,537.92,14980.6274,17212.5160,0
33577,537.92,14980.6274,17212.5160,0
33578,537.92,14980.6274,17212.5160,0
33584,537.95,14980.6274,17212.5160,0
33585,537.95,14980.6274,17212.5160,0
33586,537.95,14980.6274,17212.5160,0
33588,537.96,14980.6274,17212.5160,0
33590,537.96,14980.6274,17212.5160,0
33592,537.97,14980.6274,17212.5160,0
33595,538.02,14980.6274,17212.5160,0
33598,538.02,14980.6274,17212.5160,0
33599,538.02,14980.6274,17212.5160,0
33600,538.03,14980.6274,17212.5160,0
33601,538.03,14980.6274,17212.5160,0
33602,538.03,14980.6274,17212.5160,0
33606,538.06,14980.6274,17212.5160,0
33611,538.08,14980.6274,17212.5160,0
33613,538.11,14980.6274,17212.5160,0
33614,538.11,14980.6274,17212.5160,0
33615,538.11,14980.6274,17212.5160,0
33618,538.14,14982.7422,17212.5160,0
33620,538.19,14982.7422,17212.5160,0
33621,538.21,14982.7422,17212.5160,0
33623,538.28,15084.6515,17212.5160,0
33625,538.34,15084.6515,17212.5160,0
33632,538.62,15084.6515,17212.5160,0
33634,538.73,15084.6515,17212.5160,0
33636,538.74,15084.6515,17212.5160,0
33638,538.74,15084.6515,17212.5160,0
33639,538.74,15084.6515,17212.5160,0
33640,538.74,15084.6515,17212.5160,0
33646,538.76,15084.6515,17212.5160,0
33648,538.83,15084.6515,17212.5160,0
33654,538.86,15084.6515,17212.5160,0
33655,538.86,15084.6515,17212.5160,0
33656,538.87,15084.6515,17212.5160,0
33660,538.87,15084.6515,17212.5160,0
33668,538.91,15084.6515,17212.5160,0
33669,538.91,15084.6515,17212.5160,0
33670,538.91,15084.6515,17212.5160,0
33671,538.91,15084.6515,17212.5160,0
33672,538.91,15084.6515,17212.5160,0
33680,538.92,15084.6515,17212.5160,0
33684,538.95,15084.6515,17212.5160,0
33688,538.95,15084.6515,17212.5160,0
33691,538.97,15084.6515,17212.5160,0
33695,538.99,15084.6515,17212.5160,0
33705,539.02,15084.6515,17212.5160,0
33708,539.02,15084.6515,17212.5160,0
33712,539.03,15084.6515,17212.5160,0
33714,539.03,15084.6515,17212.5160,0
33715,539.03,15084.6515,17212.5160,0
33723,539.10,15085.6368,17212.5160,0
33725,539.14,15085.6368,17212.5160,0
33732,539.27,15085.6368,17212.5160,0
33745,539.44,15085.6368,17212.5160,0
33747,539.45,15085.6368,17212.5160,0
33749,539.49,15085.6368,17212.5160,0
33757,539.57,15085.6368,17212.5160,0
33759,539.57,15085.6368,17212.5160,0
33761,539.58,15085.6368,17212.5160,0
33762,539.58,15085.6368,17212.5160,0
33773,539.62,15085.6368,17212.5160,0
33784,539.65,15085.6368,17212.5160,0
33787,539.72,15085.6368,17212.5160,0
33793,539.75,15085.6368,17212.5160,0
33800,539.78,15085.6368,17212.5160,0
33801,539.78,15085.6368,17212.5160,0
33805,539.81,15085.6368,17212.5160,0
33808,539.83,15085.6368,17212.5160,0
33810,539.83,15085.6368,17212.5160,0
33821,539.87,15085.6368,17212.5160,0
33824,539.89,15085.6368,17212.5160,1
33825,540.02,14960.9055,17212.5160,0
33826,540.06,14960.9055,17212.5160,0
33827,540.13,14960.9055,17212.5160,0
33828,540.13,14960.9055,17212.5160,0
33831,540.22,14960.9055,17212.5160,0
33833,540.33,14960.9055,17212.5160,0
33834,540.36,14961.2484,17212.5160,0
33835,540.45,14961.2484,17212.5160,0
33836,540.55,14961.2484,17212.5160,0
33838,540.58,14961.2484,17212.5160,0
33841,540.66,14969.0905,17212.5160,0
33842,540.73,14969.0905,17212.5160,0
33843,540.75,14969.0905,17212.5160,0
33844,540.78,14969.0905,17212.5160,0
33845,540.81,14969.0905,17212.5160,0
33848,540.84,14969.0905,17212.5160,0
33851,540.98,14969.0905,17212.5160,0
33854,541.09,14986.1794,17212.5160,0
33859,541.25,15100.8831,17212.5160,0
33860,541.28,15142.7905,17212.5160,0
33865,541.46,15176.9637,17212.5160,0
33867,541.53,15176.9637,17212.5160,0
33868,541.53,15176.9637,17212.5160,0
33869,541.56,15176.9637,17212.5160,0
33873,541.66,15176.9637,17212.5160,0
33875,541.68,15176.9637,17212.5160,0
33877,541.71,15176.9637,17212.5160,0
33879,541.74,15176.9637,17212.5160,0
33889,541.90,15176.9637,17212.5160,0
33890,541.92,15176.9637,17212.5160,0
33892,541.93,15176.9637,17212.5160,0
33893,541.96,15176.9637,17212.5160,0
33895,541.97,15176.9637,17212.5160,0
33896,541.97,15176.9637,17212.5160,0
33900,541.99,15176.9637,17212.5160,0
33903,542.00,15176.9637,17212.5160,0
33904,542.02,15176.9637,17212.5160,0
33910,542.04,15176.9637,17212.5160,0
33919,542.15,15177.7356,17212.5160,0
33922,542.27,15177.7356,17212.5160,0
33923,542.31,15177.7356,17212.5160,0
33929,542.45,15177.7356,17212.5160,0
33931,542.52,15177.7356,17212.5160,0
33932,542.52,15177.7356,17212.5160,0
33933,542.52,15177.7356,17212.5160,0
33935,542.55,15178.3763,17212.5160,0
33936,542.65,15178.3763,17212.5160,0
33937,542.70,15178.3763,17212.5160,0
33939,542.73,15178.3763,17212.5160,0
33942,542.88,15178.3763,17212.5160,0
33943,542.91,15178.3763,17212.5160,0
33944,542.98,15178.3763,17212.5160,0
33947,543.05,15178.3763,17212.5160,0
33948,543.13,15178.3763,17212.5160,0
33949,543.19,15178.3763,17212.5160,0
33950,543.19,15178.3763,17212.5160,0
33952,543.20,15178.3763,17212.5160,0
33954,543.23,15178.3763,17212.5160,0
33956,543.26,15178.3763,17212.5160,0
33960,543.32,15179.0811,17212.5160,0
33962,543.34,15180.4549,17212.5160,0
33968,543.40,15180.4549,17212.5160,0
33970,543.47,15180.4549,17212.5160,0
33971,543.50,15180.4549,17212.5160,0
33973,543.53,15180.4549,17212.5160,0
33974,543.57,15180.4549,17212.5160,0
33981,543.71,15180.4549,17212.5160,0
33984,543.71,15180.4549,17212.5160,0
33985,543.77,15180.4549,17212.5160,0
33990,543.82,15180.4549,17212.5160,0
33992,543.91,15180.4549,17212.5160,0
33993,543.94,15180.4549,17212.5160,0
33997,544.07,15180.4549,17212.5160,0
33998,544.07,15180.4549,17212.5160,0
33999,544.07,15180.4549,17212.5160,0
34002,544.10,15180.4549,17212.5160,0
34004,544.10,15180.4549,17212.5160,0
34005,544.10,15180.4549,17212.5160,0
34010,544.20,15207.8895,17212.5160,0
34012,544.26,15218.6203,17212.5160,0
34016,544.35,15218.6203,17212.5160,0
34024,544.48,15218.6203,17212.5160,0
34025,544.50,15218.6203,17212.5160,0
34026,544.55,15218.6203,17212.5160,0
34028,544.59,15218.6203,17212.5160,0
34033,544.65,15231.4066,17212.5160,0
34034,544.68,15231.4066,17212.5160,0
34037,544.81,15231.4066,17212.5160,0
34042,544.92,15231.4066,17212.5160,0
34046,544.98,15231.4066,17212.5160,0
34048,544.99,15231.4066,17212.5160,0
34049,544.99,15231.4066,17212.5160,0
34050,544.99,15231.4066,17212.5160,0
34057,545.09,15231.4066,17212.5160,0
34062,545.16,15231.4066,17212.5160,0
34065,545.18,15231.4066,17212.5160,0
34066,545.18,15231.4066,17212.5160,0
34068,545.18,15231.4066,17212.5160,0
34069,545.18,15231.4066,17212.5160,0
34070,545.22,15231.4066,17212.5160,0
34072,545.23,15231.4066,17212.5160,0
34075,545.31,15231.4066,17212.5160,0
34080,545.38,15231.4066,17212.5160,0
34085,545.40,15231.4066,17212.5160,0
34089,545.42,15231.4066,17212.5160,0
34090,545.43,15231.4066,17212.5160,0
34091,545.44,15231.4066,17212.5160,0
34092,545.44,15231.4066,17212.5160,0
34093,545.46,15233.9762,17212.5160,0
34096,545.59,15233.9762,17212.5160,0
34097,545.61,15245.1416,17212.5160,0
34110,545.90,15245.1416,17212.5160,0
34116,546.03,15245.1416,17212.5160,0
34122,546.11,15245.1416,17212.5160,0
34127,546.18,15245.1416,17212.5160,0
34129,546.21,15245.1416,17212.5160,0
34139,546.31,15245.1416,17212.5160,0
34142,546.33,15245.1416,17212.5160,0
34144,546.35,15245.1416,17212.5160,0
34147,546.39,15245.1416,17212.5160,0
34151,546.42,15245.1416,17212.5160,0
34153,546.43,15245.1416,17212.5160,0
34159,546.45,15245.1416,17212.5160,0
34166,546.55,15246.6216,17212.5160,0
34177,546.79,15246.6216,17212.5160,0
34186,546.96,15246.6216,17212.5160,0
34193,547.13,15246.6216,17212.5160,0
34197,547.18,15246.6216,17212.5160,0
34198,547.22,15246.6216,17212.5160,0
34199,547.25,15247.0736,17212.5160,0
34202,547.35,15247.0736,17212.5160,0
34204,547.44,15247.0736,17212.5160,0
34210,547.58,15247.0736,17212.5160,0
34218,547.71,15247.0736,17212.5160,0
34220,547.73,15247.0736,17212.5160,0
34221,547.74,15247.0736,17212.5160,0
34229,547.80,15247.0736,17212.5160,0
34230,547.83,15247.0736,17212.5160,0
34233,547.93,15247.0736,17212.5160,0
34238,548.06,15247.0736,17212.5160,0
34246,548.12,15247.0736,17212.5160,0
34251,548.20,15247.0736,17212.5160,0
34255,548.24,15247.0736,17212.5160,0
34256,548.24,15247.0736,17212.5160,0
34258,548.24,15247.0736,17212.5160,0
34261,548.28,15247.0736,17212.5160,0
34268,548.34,15247.0736,17212.5160,0
34271,548.39,15247.0736,17212.5160,0
34273,548.39,15247.0736,17212.5160,0
34279,548.54,15247.0736,17212.5160,0
34284,548.60,15247.0736,17212.5160,0
34288,548.61,15247.0736,17212.5160,0
34291,548.61,15247.0736,17212.5160,0
34292,548.61,15247.0736,17212.5160,0
34297,548.64,15247.0736,17212.5160,0
34300,548.65,15247.0736,17212.5160,1
34301,548.72,15196.3124,17212.5160,0
34302,548.75,15196.3124,17212.5160,0
34304,548.81,15196.3124,17212.5160,0
34305,548.85,15247.0736,17212.5160,0
34315,548.95,15247.0736,17212.5160,0
34321,549.00,15247.0736,17212.5160,0
34322,549.00,15247.0736,17212.5160,0
34324,549.01,15247.0736,17212.5160,0
34334,549.11,15247.0736,17212.5160,0
34335,549.11,15247.0736,17212.5160,0
34341,549.22,15247.0736,17212.5160,0
34342,549.22,15247.0736,17212.5160,0
34345,549.22,15247.0736,17212.5160,0
34350,549.24,15247.0736,17212.5160,0
34356,549.33,15247.0736,17212.5160,0
34357,549.33,15247.0736,17212.5160,0
34358,549.33,15247.0736,17212.5160,0
34364,549.38,15247.0736,17212.5160,0
34365,549.38,15247.0736,17212.5160,0
34370,549.42,15247.0736,17212.5160,0
34378,549.47,15247.0736,17212.5160,0
34380,549.48,15247.0736,17212.5160,0
34382,549.49,15247.0736,17212.5160,0
34384,549.49,15247.0736,17212.5160,0
34389,549.50,15247.0736,17212.5160,0
34401,549.59,15247.0736,17212.5160,0
34404,549.63,15247.0736,17212.5160,0
34406,549.63,15247.0736,17212.5160,1
34407,549.67,14988.3123,17212.5160,0
34411,549.82,15098.5667,17212.5160,0
34412,549.87,15098.5667,17212.5160,0
34413,549.91,15221.7295,17212.5160,0
34414,549.93,15221.7295,17212.5160,0
34415,549.94,15221.7295,17212.5160,0
34419,550.05,15221.7295,17212.5160,0
34421,550.07,15221.7295,17212.5160,0
34422,550.10,15221.7295,17212.5160,0
34423,550.10,15221.7295,17212.5160,0
34424,550.12,15221.7295,17212.5160,0
34426,550.12,15221.7295,17212.5160,0
34428,550.13,15221.7295,17212.5160,0
34429,550.15,15221.7295,17212.5160,0
34430,550.17,15233.9279,17212.5160,0
34431,550.24,15233.9279,17212.5160,0
34434,550.36,15233.9279,17212.5160,0
34435,550.40,15233.9279,17212.5160,0
34441,550.46,15233.9279,17212.5160,0
34445,550.56,15233.9279,17212.5160,0
34446,550.62,15233.9279,17212.5160,0
34447,550.64,15233.9279,17212.5160,0
34448,550.66,15233.9279,17212.5160,0
34451,550.73,15233.9279,17212.5160,0
34453,550.77,15234.8728,17212.5160,0
34454,550.79,15234.8728,17212.5160,0
34456,550.88,15234.8728,17212.5160,0
34463,551.05,15234.8728,17212.5160,0
34465,551.08,15234.8728,17212.5160,0
34468,551.13,15234.8728,17212.5160,0
34473,551.24,15234.8728,17212.5160,0
34475,551.24,15234.8728,17212.5160,0
34480,551.35,15234.8728,17212.5160,0
34481,551.35,15234.8728,17212.5160,0
34482,551.35,15234.8728,17212.5160,0
34483,551.37,15234.8728,17212.5160,0
34484,551.40,15234.8728,17212.5160,0
34486,551.40,15234.8728,17212.5160,0
34488,551.42,15234.8728,17212.5160,0
34490,551.55,15234.8728,17212.5160,0
34491,551.57,15234.8728,17212.5160,0
34495,551.59,15234.8728,17212.5160,0
34496,551.61,15234.8728,17212.5160,0
34499,551.64,15234.8728,17212.5160,0
34501,551.66,15234.8728,17212.5160,0
34505,551.72,15234.8728,17212.5160,0
34508,551.75,15234.8728,17212.5160,0
34518,551.82,15234.8728,17212.5160,0
34520,551.84,15234.8728,17212.5160,0
34521,551.84,15234.8728,17212.5160,0
34523,551.84,15234.8728,17212.5160,0
34527,551.89,15234.8728,17212.5160,0
34531,552.02,15234.8728,17212.5160,0
34532,552.03,15234.8728,17212.5160,0
34534,552.03,15234.8728,17212.5160,0
34537,552.06,15234.8728,17212.5160,0
34541,552.10,15234.8728,17212.5160,0
34542,552.10,15234.8728,17212.5160,0
34548,552.16,15234.8728,17212.5160,0
34549,552.17,15234.8728,17212.5160,0
34551,552.19,15234.8728,17212.5160,0
34552,552.19,15234.8728,17212.5160,0
34554,552.20,15234.8728,17212.5160,1
34555,552.28,14422.5102,17212.5160,0
34556,552.36,14775.4352,17212.5160,0
34557,552.40,14775.4352,17212.5160,0
34558,552.40,14775.4352,17212.5160,0
34559,552.47,14775.4352,17212.5160,0
34560,552.51,14775.4352,17212.5160,0
34563,552.62,14801.4819,17212.5160,0
34564,552.64,14801.4819,17212.5160,0
34565,552.64,14801.4819,17212.5160,0
34566,552.66,14810.9468,17212.5160,0
34569,552.76,14810.9468,17212.5160,0
34573,552.84,14835.7325,17212.5160,0
34574,552.86,14835.7325,17212.5160,0
34580,553.03,14891.0209,17212.5160,0
34581,553.08,14891.0209,17212.5160,0
34582,553.10,14891.0209,17212.5160,0
34584,553.12,14891.0209,17212.5160,0
34587,553.21,14891.0209,17212.5160,0
34590,553.31,14891.0209,17212.5160,0
34591,553.36,14891.0209,17212.5160,0
34592,553.39,14891.0209,17212.5160,0
34593,553.44,14938.8206,17212.5160,0
34594,553.47,15006.2445,17212.5160,0
34596,553.50,15006.2445,17212.5160,0
34597,553.56,15202.9608,17212.5160,0
34600,553.63,15202.9608,17212.5160,0
34602,553.68,15202.9608,17212.5160,0
34606,553.78,15202.9608,17212.5160,0
34608,553.86,15202.9608,17212.5160,0
34610,553.96,15202.9608,17212.5160,0
34611,553.98,15202.9608,17212.5160,0
34612,554.04,15202.9608,17212.5160,0
34614,554.06,15202.9608,17212.5160,0
34616,554.11,15202.9608,17212.5160,0
34618,554.11,15202.9608,17212.5160,0
34620,554.17,15202.9608,17212.5160,0
34621,554.19,15202.9608,17212.5160,0
34622,554.19,15202.9608,17212.5160,0
34625,554.30,15202.9608,17212.5160,0
34631,554.39,15202.9608,17212.5160,0
34632,554.39,15202.9608,17212.5160,0
34633,554.39,15202.9608,17212.5160,0
34636,554.43,15225.2362,17212.5160,0
34638,554.51,15225.2362,17212.5160,0
34640,554.57,15225.2362,17212.5160,0
34641,554.61,15225.2362,17212.5160,0
34642,554.63,15225.2362,17212.5160,0
34650,554.74,15225.2362,17212.5160,0
34651,554.78,15225.2362,17212.5160,0
34653,554.90,15225.2362,17212.5160,0
34654,554.97,15225.2362,17212.5160,0
34655,554.97,15225.2362,17212.5160,0
34656,554.98,15225.2362,17212.5160,0
34658,555.02,15225.2362,17212.5160,0
34662,555.10,15225.2362,17212.5160,0
34663,555.10,15225.2362,17212.5160,0
34664,555.10,15225.2362,17212.5160,0
34666,555.17,15225.2362,17212.5160,0
34671,555.21,15225.2362,17212.5160,0
34673,555.24,15225.2362,17212.5160,0
34674,555.24,15225.2362,17212.5160,0
34680,555.29,15225.2362,17212.5160,0
34681,555.31,15225.2362,17212.5160,0
34685,555.34,15225.2362,17212.5160,0
34687,555.34,15225.2362,17212.5160,0
34688,555.34,15225.2362,17212.5160,0
34690,555.42,15225.2362,17212.5160,0
34691,555.43,15225.2362,17212.5160,0
34694,555.45,15225.2362,17212.5160,0
34696,555.45,15225.2362,17212.5160,0
34697,555.46,15225.2362,17212.5160,0
34698,555.46,15225.2362,17212.5160,0
34699,555.46,15225.2362,17212.5160,0
34701,555.46,15225.2362,17212.5160,0
34707,555.51,15225.2362,17212.5160,0
34710,555.55,15225.2362,17212.5160,0
34713,555.56,15225.2362,17212.5160,0
34715,555.58,15225.2362,17212.5160,0
34717,555.60,15225.2362,17212.5160,0
34718,555.61,15225.2362,17212.5160,0
34719,555.61,15225.2362,17212.5160,0
34720,555.61,15225.2362,17212.5160,0
34721,555.71,15227.2105,17212.5160,0
34725,555.85,15227.2105,17212.5160,0
34728,555.98,15227.2105,17212.5160,0
34729,556.02,15227.2105,17212.5160,0
34730,556.04,15227.2105,17212.5160,0
34733,556.13,15227.2105,17212.5160,0
34734,556.22,15227.2105,17212.5160,0
34736,556.22,15227.2105,17212.5160,0
34737,556.26,15227.2105,17212.5160,0
34740,556.29,15227.2105,17212.5160,0
34741,556.34,15227.2105,17212.5160,0
34745,556.38,15227.2105,17212.5160,0
34748,556.43,15241.7194,17212.5160,0
34751,556.52,15241.7194,17212.5160,0
34752,556.54,15241.7194,17212.5160,0
34753,556.55,15241.7194,17212.5160,0
34765,556.76,15241.7194,17212.5160,0
34766,556.77,15241.7194,17212.5160,0
34768,556.77,15241.7194,17212.5160,0
34769,556.79,15241.7194,17212.5160,0
34771,556.92,15241.7194,17212.5160,0
34773,556.94,15241.7194,17212.5160,0
34778,557.02,15241.7194,17212.5160,0
34779,557.02,15241.7194,17212.5160,0
34781,557.02,15241.7194,17212.5160,0
34785,557.08,15241.7194,17212.5160,0
34790,557.11,15241.7194,17212.5160,0
34794,557.15,15241.7194,17212.5160,0
34796,557.16,15241.7194,17212.5160,0
34799,557.18,15241.7194,17212.5160,0
34803,557.18,15241.7194,17212.5160,0
34804,557.19,15241.7194,17212.5160,0
34805,557.19,15241.7194,17212.5160,0
34807,557.19,15241.7194,17212.5160,0
34808,557.20,15241.7194,17212.5160,0
34811,557.24,15241.7194,17212.5160,0
34814,557.24,15241.7194,17212.5160,0
34815,557.24,15241.7194,17212.5160,0
34817,557.30,15241.7194,17212.5160,0
34818,557.31,15241.7194,17212.5160,0
34820,557.32,15241.7194,17212.5160,0
34821,557.34,15241.7194,17212.5160,0
34825,557.38,15241.7194,17212.5160,0
34826,557.39,15241.7194,17212.5160,0
34827,557.39,15241.7194,17212.5160,0
34829,557.43,15241.7194,17212.5160,0
34833,557.50,15241.7194,17212.5160,0
34838,557.55,15241.7194,17212.5160,0
34839,557.55,15241.7194,17212.5160,0
34840,557.56,15241.7194,17212.5160,0
34841,557.56,15241.7194,17212.5160,0
34848,557.66,15241.7194,17212.5160,0
34849,557.66,15241.7194,17212.5160,1
34850,557.69,14473.9951,17212.5160,0
34851,557.70,14503.4737,17212.5160,0
34853,557.72,14503.4737,17212.5160,0
34854,557.74,14503.4737,17212.5160,0
34855,557.75,14697.8737,17212.5160,0
34856,557.77,14697.8737,17212.5160,0
34858,557.79,14697.8737,17212.5160,0
34860,557.85,14697.8737,17212.5160,0
34861,557.89,14816.0415,17212.5160,0
34862,557.91,14816.0415,17212.5160,0
34863,557.92,14816.0415,17212.5160,0
34864,557.94,14816.0415,17212.5160,0
34865,557.96,14816.0415,17212.5160,0
34867,558.03,14819.4384,17212.5160,0
34869,558.10,14819.4384,17212.5160,0
34871,558.13,14819.4384,17212.5160,0
34872,558.15,14819.4384,17212.5160,0
34873,558.17,14819.4384,17212.5160,0
34874,558.19,14843.1943,17212.5160,0
34876,558.21,14843.1943,17212.5160,0
34878,558.29,14843.1943,17212.5160,0
34881,558.33,14843.1943,17212.5160,0
34882,558.35,14843.1943,17212.5160,0
34885,558.40,14843.1943,17212.5160,0
34886,558.43,14843.1943,17212.5160,0
34887,558.45,14843.1943,17212.5160,0
34888,558.46,14843.1943,17212.5160,0
34889,558.49,14843.1943,17212.5160,0
34890,558.49,14843.1943,17212.5160,0
34892,558.53,14843.1943,17212.5160,0
34896,558.55,14843.1943,17212.5160,0
34897,558.57,14869.6271,17212.5160,0
34899,558.63,14869.6271,17212.5160,0
34903,558.67,14869.6271,17212.5160,0
34905,558.73,14869.6271,17212.5160,0
34908,558.76,14869.6271,17212.5160,0
34910,558.83,14869.6271,17212.5160,0
34912,558.85,14891.4707,17212.5160,0
34914,558.90,14891.4707,17212.5160,0
34916,558.90,14891.4707,17212.5160,0
34917,558.92,14891.4707,17212.5160,0
34918,558.94,14891.4707,17212.5160,0
34920,558.98,14891.4707,17212.5160,0
34925,559.06,14891.4707,17212.5160,0
34926,559.08,14891.4707,17212.5160,0
34928,559.13,14891.4707,17212.5160,0
34930,559.13,14891.4707,17212.5160,0
34935,559.16,14891.4707,17212.5160,0
34936,559.16,14891.4707,17212.5160,0
34937,559.17,14891.4707,17212.5160,0
34940,559.22,14891.4707,17212.5160,0
34941,559.23,14891.4707,17212.5160,0
34943,559.28,14891.4707,17212.5160,0
34944,559.28,14891.4707,17212.5160,0
34948,559.31,14891.4707,17212.5160,0
34951,559.35,14891.4707,17212.5160,0
34952,559.36,14891.4707,17212.5160,0
34955,559.39,14891.4707,17212.5160,0
34956,559.39,14891.4707,17212.5160,0
34957,559.41,14891.4707,17212.5160,0
34958,559.43,14891.4707,17212.5160,0
34961,559.46,14891.4707,17212.5160,0
34963,559.48,14891.4707,17212.5160,0
34965,559.52,14891.4707,17212.5160,0
34966,559.52,14891.4707,17212.5160,0
34968,559.52,14891.4707,17212.5160,0
34972,559.55,14891.4707,17212.5160,0
34975,559.59,14891.4707,17212.5160,0
34979,559.61,14891.4707,17212.5160,0
34981,559.61,14891.4707,17212.5160,0
34988,559.66,14891.4707,17212.5160,0
34990,559.68,14891.4707,17212.5160,0
34992,559.71,14891.4707,17212.5160,0
34996,559.75,14891.4707,17212.5160,0
34997,559.77,14891.7074,17212.5160,0
35001,559.83,14891.7074,17212.5160,0
35002,559.85,14891.7074,17212.5160,0
35006,559.91,14891.7074,17212.5160,0
35007,559.94,14891.7074,17212.5160,0
35008,559.97,14891.7074,17212.5160,0
35010,559.98,14891.7074,17212.5160,0
35011,559.98,14891.7074,17212.5160,0
35012,560.00,14891.7074,17212.5160,0
35014,560.01,14891.7074,17212.5160,0
35015,560.06,14891.7074,17212.5160,0
35017,560.06,14891.7074,17212.5160,0
35020,560.10,14891.7074,17212.5160,0
35026,560.13,14891.7074,17212.5160,0
35028,560.18,14891.7074,17212.5160,0
35036,560.27,14891.7074,17212.5160,0
35044,560.33,14891.7074,17212.5160,0
35051,560.46,14891.7074,17212.5160,0
35053,560.46,14891.7074,17212.5160,0
35060,560.54,14891.7074,17212.5160,0
35064,560.58,14891.7074,17212.5160,0
35065,560.58,14891.7074,17212.5160,0
35066,560.58,14891.7074,17212.5160,0
35067,560.58,14891.7074,17212.5160,0
35068,560.59,14891.7074,17212.5160,0
35069,560.59,14891.7074,17212.5160,0
35071,560.59,14891.7074,17212.5160,0
35073,560.61,14891.7074,17212.5160,0
35074,560.63,14891.7074,17212.5160,0
35077,560.67,14891.7074,17212.5160,0
35082,560.69,14891.7074,17212.5160,0
35083,560.69,14891.7074,17212.5160,0
35084,560.70,14891.7074,17212.5160,0
35088,560.76,14891.7074,17212.5160,0
35090,560.78,14891.7074,17212.5160,0
35096,560.84,14891.7074,17212.5160,0
35098,560.84,14891.7074,17212.5160,1
35099,560.87,13725.9548,17212.5160,0
35101,560.88,13734.9768,17212.5160,0
35102,560.90,13734.9768,17212.5160,0
35103,560.92,13734.9768,17212.5160,0
35104,560.93,13734.9768,17212.5160,0
35105,560.95,14057.4835,17212.5160,0
35108,560.97,14228.1275,17212.5160,0
35109,560.99,14374.2445,17212.5160,0
35110,561.01,14576.0766,17212.5160,0
35111,561.04,14801.7591,17212.5160,0
35112,561.06,14801.7591,17212.5160,0
35116,561.08,14801.7591,17212.5160,0
35118,561.14,14801.7591,17212.5160,0
35119,561.16,14801.7591,17212.5160,0
35122,561.18,14801.7591,17212.5160,0
35123,561.18,14801.7591,17212.5160,0
35124,561.21,14801.7591,17212.5160,0
35125,561.22,14801.7591,17212.5160,0
35126,561.24,14801.7591,17212.5160,0
35128,561.25,14801.7591,17212.5160,0
35129,561.29,14921.2444,17212.5160,0
35132,561.35,14921.2444,17212.5160,0
35134,561.39,14921.2444,17212.5160,0
35140,561.42,14922.4658,17212.5160,0
35141,561.44,14922.4658,17212.5160,0
35142,561.47,14922.4658,17212.5160,0
35144,561.49,14922.4658,17212.5160,0
35145,561.51,15182.1441,17212.5160,0
35150,561.55,15182.1441,17212.5160,0
35151,561.57,15182.1441,17212.5160,0
35155,561.64,15182.1441,17212.5160,0
35157,561.66,15182.1441,17212.5160,0
35160,561.67,15182.1441,17212.5160,0
35161,561.68,15182.1441,17212.5160,0
35162,561.68,15182.1441,17212.5160,0
35165,561.72,15182.1441,17212.5160,0
35166,561.74,15182.1441,17212.5160,0
35167,561.76,15182.1441,17212.5160,0
35169,561.76,15182.1441,17212.5160,0
35172,561.78,15182.1441,17212.5160,0
35173,561.79,15182.1441,17212.5160,0
35175,561.84,15182.1441,17212.5160,0
35176,561.84,15182.1441,17212.5160,0
35177,561.84,15182.1441,17212.5160,0
35178,561.85,15182.1441,17212.5160,0
35180,561.87,15182.1441,17212.5160,0
35183,561.89,15182.1441,17212.5160,0
35185,561.90,15182.1441,17212.5160,0
35186,561.90,15182.1441,17212.5160,0
35187,561.92,15182.1441,17212.5160,0
35188,561.92,15182.1441,17212.5160,0
35191,561.94,15182.1441,17212.5160,0
35193,561.95,15182.1441,17212.5160,0
35194,561.97,15186.3610,17212.5160,0
35198,562.04,15186.3610,17212.5160,0
35201,562.06,15186.3610,17212.5160,0
35203,562.10,15186.3610,17212.5160,0
35206,562.11,15186.3610,17212.5160,0
35209,562.15,15186.3610,17212.5160,0
35213,562.17,15186.3610,17212.5160,0
35214,562.19,15186.3610,17212.5160,0
35217,562.23,15186.3610,17212.5160,0
35219,562.25,15186.3610,17212.5160,0
35225,562.34,15186.3610,17212.5160,0
35226,562.36,15186.3610,17212.5160,0
35227,562.36,15186.3610,17212.5160,0
35228,562.36,15186.3610,17212.5160,0
35230,562.36,15186.3610,17212.5160,0
35231,562.38,15186.3610,17212.5160,0
35234,562.38,15186.3610,17212.5160,0
35236,562.41,15186.3610,17212.5160,0
35238,562.43,15186.3610,17212.5160,0
35240,562.45,15186.3610,17212.5160,0
35241,562.45,15186.3610,17212.5160,0
35242,562.45,15186.3610,17212.5160,0
35243,562.47,15186.3610,17212.5160,0
35244,562.48,15186.3610,17212.5160,0
35245,562.48,15186.3610,17212.5160,0
35246,562.48,15186.3610,17212.5160,0
35249,562.54,15186.3610,17212.5160,0
35250,562.55,15186.3610,17212.5160,0
35251,562.57,15186.3610,17212.5160,0
35252,562.57,15186.3610,17212.5160,0
35253,562.57,15186.3610,17212.5160,0
35254,562.58,15186.3610,17212.5160,0
35255,562.58,15186.3610,17212.5160,0
35256,562.60,15186.3610,17212.5160,0
35257,562.60,15186.3610,17212.5160,0
35259,562.62,15186.3610,17212.5160,0
35260,562.63,15186.3610,17212.5160,0
35261,562.65,15186.3610,17212.5160,0
35262,562.65,15186.3610,17212.5160,0
35266,562.69,15186.3610,17212.5160,0
35267,562.69,15186.3610,17212.5160,0
35268,562.69,15186.3610,17212.5160,0
35269,562.77,15186.3610,17212.5160,0
35273,562.81,15186.3610,17212.5160,0
35275,562.81,15186.3610,17212.5160,0
35278,562.85,15186.3610,17212.5160,0
35279,562.85,15186.3610,17212.5160,0
35280,562.85,15186.3610,17212.5160,0
35282,562.87,15186.3610,17212.5160,0
35283,562.87,15186.3610,17212.5160,0
35284,562.88,15186.3610,17212.5160,0
35289,562.93,15186.3610,17212.5160,0
35290,562.94,15186.3610,17212.5160,0
35292,562.96,15186.3610,17212.5160,0
35293,562.96,15186.3610,17212.5160,0
35294,562.96,15186.3610,17212.5160,0
35295,562.96,15186.3610,17212.5160,1
35296,562.99,14289.7170,17212.5160,0
35298,563.03,14494.0118,17212.5160,0
35299,563.05,14595.5482,17212.5160,0
35301,563.06,14629.4708,17212.5160,0
35303,563.09,14629.4708,17212.5160,0
35304,563.12,14640.8447,17212.5160,0
35305,563.14,14640.8447,17212.5160,0
35306,563.16,14654.8945,17212.5160,0
35307,563.18,14654.8945,17212.5160,0
35310,563.20,14654.8945,17212.5160,0
35312,563.24,14872.8439,17212.5160,0
35315,563.28,14872.8439,17212.5160,0
35316,563.29,14872.8439,17212.5160,0
35317,563.31,14872.8439,17212.5160,0
35319,563.35,14872.8439,17212.5160,0
35322,563.39,14872.8439,17212.5160,0
35326,563.43,14873.9690,17212.5160,0
35327,563.45,14873.9690,17212.5160,0
35328,563.49,15046.9108,17212.5160,0
35329,563.51,15046.9108,17212.5160,0
35331,563.55,15046.9108,17212.5160,0
35332,563.57,15046.9108,17212.5160,0
35333,563.63,15046.9108,17212.5160,0
35334,563.64,15046.9108,17212.5160,0
35336,563.67,15046.9108,17212.5160,0
35337,563.67,15046.9108,17212.5160,0
35340,563.71,15046.9108,17212.5160,0
35343,563.76,15046.9108,17212.5160,0
35347,563.76,15046.9108,17212.5160,0
35348,563.76,15046.9108,17212.5160,0
35353,563.83,15046.9108,17212.5160,0
35355,563.83,15046.9108,17212.5160,0
35360,563.85,15046.9108,17212.5160,0
35362,563.90,15046.9108,17212.5160,0
35363,563.92,15046.9108,17212.5160,0
35366,563.96,15046.9108,17212.5160,0
35368,563.98,15046.9108,17212.5160,0
35370,563.99,15046.9108,17212.5160,0
35373,564.03,15046.9108,17212.5160,0
35375,564.03,15046.9108,17212.5160,0
35377,564.05,15046.9108,17212.5160,0
35383,564.11,15071.3981,17212.5160,0
35384,564.13,15071.3981,17212.5160,0
35385,564.15,15126.8111,17212.5160,0
35386,564.17,15167.0391,17212.5160,0
35388,564.19,15167.0391,17212.5160,0
35389,564.21,15167.0391,17212.5160,0
35390,564.23,15179.5526,17212.5160,0
35392,564.27,15179.5526,17212.5160,0
35394,564.31,15179.5526,17212.5160,0
35395,564.34,15179.5526,17212.5160,0
35396,564.36,15179.5526,17212.5160,0
35397,564.38,15179.5526,17212.5160,0
35400,564.42,15179.5526,17212.5160,0
35401,564.43,15179.5526,17212.5160,0
35403,564.43,15179.5526,17212.5160,0
35404,564.43,15179.5526,17212.5160,0
35405,564.46,15179.5526,17212.5160,0
35406,564.48,15179.5526,17212.5160,0
35414,564.58,15179.5526,17212.5160,0
35420,564.66,15179.5526,17212.5160,0
35422,564.68,15181.5103,17212.5160,0
35425,564.70,15181.5103,17212.5160,0
35428,564.75,15181.5103,17212.5160,0
35432,564.84,15181.5103,17212.5160,0
35437,564.88,15181.5103,17212.5160,0
35438,564.90,15181.5103,17212.5160,0
35442,564.93,15181.5103,17212.5160,0
35443,564.94,15181.5103,17212.5160,0
35446,564.95,15181.5103,17212.5160,0
35449,564.98,15181.5103,17212.5160,0
35451,564.98,15181.5103,17212.5160,0
35453,565.04,15181.5103,17212.5160,0
35455,565.06,15181.5103,17212.5160,0
35456,565.07,15181.5103,17212.5160,0
35462,565.11,15181.5103,17212.5160,0
35464,565.14,15181.5103,17212.5160,0
35468,565.16,15181.5103,17212.5160,0
35470,565.17,15181.5103,17212.5160,0
35472,565.19,15181.5103,17212.5160,0
35476,565.23,15181.5103,17212.5160,0
35480,565.27,15181.5103,17212.5160,0
35482,565.27,15181.5103,17212.5160,0
35484,565.29,15181.5103,17212.5160,0
35486,565.31,15181.5103,17212.5160,0
35491,565.35,15181.5103,17212.5160,0
35496,565.40,15181.5103,17212.5160,0
35497,565.40,15181.5103,17212.5160,0
35501,565.44,15181.5103,17212.5160,0
35502,565.46,15181.5103,17212.5160,0
35506,565.52,15181.5103,17212.5160,0
35509,565.54,15181.5103,17212.5160,0
35510,565.54,15181.5103,17212.5160,0
35512,565.54,15181.5103,17212.5160,0
35514,565.56,15181.5103,17212.5160,0
35521,565.62,15181.5103,17212.5160,0
35522,565.63,15181.5103,17212.5160,0
35523,565.63,15181.5103,17212.5160,1
35524,565.66,13743.4067,17212.5160,0
35525,565.68,13772.4926,17212.5160,0
35526,565.70,13772.4926,17212.5160,0
35527,565.71,13772.4926,17212.5160,0
35529,565.75,13772.4926,17212.5160,0
35530,565.77,13772.4926,17212.5160,0
35531,565.79,13772.4926,17212.5160,0
35532,565.81,13968.5998,17212.5160,0
35534,565.82,14105.2685,17212.5160,0
35537,565.84,14105.2685,17212.5160,0
35539,565.86,14261.3498,17212.5160,0
35541,565.89,14277.4902,17212.5160,0
35542,565.90,14277.4902,17212.5160,0
35543,565.93,14277.4902,17212.5160,0
35544,565.95,14277.4902,17212.5160,0
35551,566.02,14277.4902,17212.5160,0
35552,566.04,14518.4900,17212.5160,0
35554,566.06,14575.8959,17212.5160,0
35555,566.08,14779.1170,17212.5160,0
35558,566.11,14789.8206,17212.5160,0
35559,566.13,14789.8206,17212.5160,0
35561,566.17,14789.8206,17212.5160,0
35563,566.21,14789.8206,17212.5160,0
35564,566.23,14789.8206,17212.5160,0
35567,566.28,14789.8206,17212.5160,0
35568,566.29,14789.8206,17212.5160,0
35571,566.33,14789.8206,17212.5160,0
35578,566.41,14789.8206,17212.5160,0
35580,566.43,14789.8206,17212.5160,0
35582,566.43,14789.8206,17212.5160,0
35583,566.45,14789.8206,17212.5160,0
35588,566.49,14789.8206,17212.5160,0
35590,566.51,14789.8206,17212.5160,0
35591,566.51,14789.8206,17212.5160,0
35593,566.53,14789.8206,17212.5160,0
35599,566.61,14822.5724,17212.5160,0
35600,566.63,14822.5724,17212.5160,0
35608,566.68,14822.5724,17212.5160,0
35610,566.72,14822.5724,17212.5160,0
35611,566.74,14822.5724,17212.5160,0
35614,566.77,14822.5724,17212.5160,0
35619,566.79,14822.5724,17212.5160,0
35622,566.81,14822.5724,17212.5160,0
35623,566.81,14822.5724,17212.5160,0
35625,566.82,14822.5724,17212.5160,0
35627,566.86,14905.7551,17212.5160,0
35629,566.89,14905.7551,17212.5160,0
35632,566.93,14905.7551,17212.5160,0
35633,566.95,14905.7551,17212.5160,0
35635,566.97,14905.7551,17212.5160,0
35636,566.99,14905.7551,17212.5160,0
35641,567.05,14905.7551,17212.5160,0
35642,567.07,14905.7551,17212.5160,0
35643,567.09,14905.7551,17212.5160,0
35644,567.09,14905.7551,17212.5160,0
35645,567.11,14905.7551,17212.5160,0
35646,567.11,14905.7551,17212.5160,0
35652,567.14,14905.7551,17212.5160,0
35655,567.14,14905.7551,17212.5160,0
35656,567.14,14905.7551,17212.5160,0
35657,567.16,14905.7551,17212.5160,0
35660,567.20,14905.7551,17212.5160,0
35661,567.20,14905.7551,17212.5160,0
35664,567.24,14905.7551,17212.5160,0
35666,567.26,14905.7551,17212.5160,0
35667,567.26,14905.7551,17212.5160,0
35675,567.34,14905.7551,17212.5160,0
35676,567.36,14905.7551,17212.5160,0
35677,567.38,14905.7551,17212.5160,0
35678,567.38,14905.7551,17212.5160,0
35679,567.39,14905.7551,17212.5160,0
35681,567.41,14905.7551,17212.5160,0
35683,567.43,14905.7551,17212.5160,0
35685,567.44,14905.7551,17212.5160,0
35686,567.45,14905.7551,17212.5160,0
35687,567.45,14905.7551,17212.5160,0
35688,567.45,14905.7551,17212.5160,0
35689,567.47,14926.4793,17212.5160,0
35690,567.49,14926.4793,17212.5160,0
35694,567.51,14926.4793,17212.5160,0
35695,567.52,14926.4793,17212.5160,0
35696,567.55,15086.3904,17212.5160,0
35697,567.56,15086.3904,17212.5160,0
35699,567.58,15086.3904,17212.5160,0
35700,567.60,15122.0626,17212.5160,0
35703,567.62,15122.0626,17212.5160,0
35705,567.65,15122.0626,17212.5160,0
35707,567.67,15122.0626,17212.5160,0
35709,567.69,15122.0626,17212.5160,0
35712,567.71,15193.4711,17212.5160,0
35715,567.75,15193.4711,17212.5160,0
35716,567.79,15193.4711,17212.5160,0
35718,567.81,15193.4711,17212.5160,0
35720,567.85,15193.4711,17212.5160,0
35724,567.90,15193.4711,17212.5160,0
35726,567.92,15193.4711,17212.5160,0
35727,567.94,15193.4711,17212.5160,0
35728,567.94,15193.4711,17212.5160,0
35730,567.95,15193.4711,17212.5160,0
35735,568.02,15193.4711,17212.5160,0
35739,568.06,15193.4711,17212.5160,0
35743,568.13,15193.4711,17212.5160,0
35744,568.14,15193.4711,17212.5160,0
35747,568.17,15193.4711,17212.5160,0
35751,568.19,15320.4555,17212.5160,0
35756,568.24,15320.4555,17212.5160,0
35757,568.26,15320.4555,17212.5160,0
35764,568.33,15320.4555,17212.5160,0
35765,568.36,15373.0572,17212.5160,0
35767,568.37,15373.0572,17212.5160,0
35768,568.38,15373.0572,17212.5160,0
35774,568.44,15373.0572,17212.5160,0
35775,568.47,15373.0572,17212.5160,0
35777,568.49,15373.0572,17212.5160,0
35781,568.53,15373.0572,17212.5160,0
35782,568.54,15373.0572,17212.5160,0
35783,568.55,15373.0572,17212.5160,0
35784,568.56,15373.0572,17212.5160,0
35785,568.56,15373.0572,17212.5160,0
35787,568.60,15373.0572,17212.5160,0
35788,568.60,15373.0572,17212.5160,0
35790,568.62,15373.0572,17212.5160,0
35795,568.65,15373.0572,17212.5160,0
35796,568.67,15373.0572,17212.5160,0
35797,568.67,15373.0572,17212.5160,0
35798,568.69,15373.0572,17212.5160,0
35799,568.69,15373.0572,17212.5160,0
35802,568.75,15373.0572,17212.5160,0
35806,568.77,15373.0572,17212.5160,0
35807,568.79,15373.0572,17212.5160,0
35810,568.81,15373.0572,17212.5160,0
35811,568.83,15373.0572,17212.5160,0
35812,568.85,15373.0572,17212.5160,0
35813,568.85,15373.0572,17212.5160,0
35815,568.87,15373.0572,17212.5160,0
35816,568.89,15373.0572,17212.5160,0
35818,568.91,15373.0572,17212.5160,0
35822,568.94,15373.0572,17212.5160,0
35824,568.96,15373.0572,17212.5160,0
35828,568.98,15373.0572,17212.5160,0
35829,568.98,15373.0572,17212.5160,0
35831,569.00,15373.0572,17212.5160,0
35838,569.06,15373.0572,17212.5160,0
35843,569.12,15373.0572,17212.5160,0
35844,569.14,15373.0572,17212.5160,0
35846,569.16,15373.0572,17212.5160,0
35848,569.18,15373.0572,17212.5160,0
35851,569.20,15373.0572,17212.5160,0
35853,569.20,15373.0572,17212.5160,0
35854,569.22,15373.0572,17212.5160,0
35857,569.22,15373.0572,17212.5160,0
35858,569.22,15373.0572,17212.5160,0
35860,569.23,15373.0572,17212.5160,0
35861,569.23,15373.0572,17212.5160,0
35863,569.25,15373.0572,17212.5160,0
35866,569.27,15373.0572,17212.5160,1
35867,569.30,13921.1385,17212.5160,0
35868,569.31,13921.1385,17212.5160,0
35869,569.33,14085.2680,17212.5160,0
35872,569.35,14242.6175,17212.5160,0
35873,569.37,14242.6175,17212.5160,0
35874,569.38,14362.3196,17212.5160,0
35875,569.40,14362.3196,17212.5160,0
35876,569.42,14362.3196,17212.5160,0
35877,569.44,14405.5366,17212.5160,0
35878,569.46,14510.5302,17212.5160,0
35879,569.47,14510.5302,17212.5160,0
35880,569.50,14670.1760,17212.5160,0
35881,569.52,14670.1760,17212.5160,0
35882,569.55,14762.2950,17212.5160,0
35885,569.57,14762.2950,17212.5160,0
35886,569.60,14772.2653,17212.5160,0
35887,569.62,14772.2653,17212.5160,0
35889,569.65,14772.2653,17212.5160,0
35892,569.66,14772.2653,17212.5160,0
35893,569.68,14772.2653,17212.5160,0
35898,569.74,14772.2653,17212.5160,0
35899,569.74,14772.2653,17212.5160,0
35900,569.76,14772.2653,17212.5160,0
35902,569.76,14772.2653,17212.5160,0
35903,569.78,14772.2653,17212.5160,0
35904,569.79,14772.2653,17212.5160,0
35905,569.82,14772.2653,17212.5160,0
35908,569.85,14772.2653,17212.5160,0
35910,569.87,14772.2653,17212.5160,0
35916,569.97,14772.2653,17212.5160,0
35917,569.97,14772.2653,17212.5160,0
35922,569.99,14772.2653,17212.5160,0
35924,570.01,14772.2653,17212.5160,0
35925,570.02,14772.2653,17212.5160,0
35927,570.04,14772.2653,17212.5160,0
35928,570.05,14789.8057,17212.5160,0
35930,570.07,14789.8057,17212.5160,0
35931,570.09,14789.8057,17212.5160,0
35932,570.11,14789.8057,17212.5160,0
35933,570.14,14789.8057,17212.5160,0
35934,570.17,14789.8057,17212.5160,0
35935,570.18,14789.8057,17212.5160,0
35936,570.20,14789.8057,17212.5160,0
35938,570.22,14789.8057,17212.5160,0
35939,570.24,14789.8057,17212.5160,0
35941,570.26,14899.5727,17212.5160,0
35942,570.28,14944.2220,17212.5160,0
35943,570.30,14944.2220,17212.5160,0
35944,570.32,14949.2897,17212.5160,0
35945,570.34,14949.2897,17212.5160,0
35947,570.36,14949.2897,17212.5160,0
35950,570.41,14949.2897,17212.5160,0
35951,570.42,14949.2897,17212.5160,0
35956,570.46,14949.2897,17212.5160,0
35961,570.52,14949.2897,17212.5160,0
35963,570.54,14949.2897,17212.5160,0
35965,570.56,14949.2897,17212.5160,0
35966,570.56,14949.2897,17212.5160,0
35970,570.60,14949.2897,17212.5160,0
35973,570.64,14949.2897,17212.5160,0
35974,570.66,15014.9045,17212.5160,0
35975,570.68,15014.9045,17212.5160,0
35976,570.71,15014.9045,17212.5160,0
35977,570.72,15014.9045,17212.5160,0
35978,570.74,15014.9045,17212.5160,0
35981,570.76,15014.9045,17212.5160,0
35983,570.76,15014.9045,17212.5160,0
35986,570.82,15014.9045,17212.5160,0
35989,570.84,15014.9045,17212.5160,0
35991,570.88,15014.9045,17212.5160,0
35992,570.90,15014.9045,17212.5160,0
35994,570.92,15014.9045,17212.5160,0
35998,570.98,15014.9045,17212.5160,0
35999,571.00,15027.3269,17212.5160,0
36000,571.01,15027.3269,17212.5160,0
36001,571.04,15120.1605,17212.5160,0
36003,571.06,15120.1605,17212.5160,0
36004,571.07,15120.1605,17212.5160,0
36006,571.11,15120.1605,17212.5160,0
36007,571.13,15120.1605,17212.5160,0
36009,571.17,15120.1605,17212.5160,0
36011,571.19,15120.1605,17212.5160,0
36013,571.22,15120.1605,17212.5160,0
36014,571.23,15315.2312,17212.5160,0
36015,571.25,15315.2312,17212.5160,0
36017,571.27,15315.2312,17212.5160,0
36018,571.27,15315.2312,17212.5160,0
36019,571.27,15315.2312,17212.5160,0
36021,571.29,15315.2312,17212.5160,0
36022,571.31,15315.2312,17212.5160,0
36028,571.39,15315.2312,17212.5160,0
36032,571.45,15315.2312,17212.5160,0
36039,571.53,15315.2312,17212.5160,0
36040,571.55,15315.2312,17212.5160,0
36041,571.55,15315.2312,17212.5160,0
36042,571.57,15315.2312,17212.5160,0
36044,571.60,15315.2312,17212.5160,0
36046,571.64,15315.2312,17212.5160,0
36047,571.64,15315.2312,17212.5160,0
36048,571.64,15315.2312,17212.5160,0
36051,571.67,15315.2312,17212.5160,0
36053,571.71,15315.2312,17212.5160,0
36054,571.71,15315.2312,17212.5160,0
36056,571.71,15315.2312,17212.5160,0
36061,571.76,15315.2312,17212.5160,0
36062,571.76,15315.2312,17212.5160,0
36064,571.80,15319.9227,17212.5160,0
36072,571.83,15319.9227,17212.5160,0
36073,571.84,15319.9227,17212.5160,0
36077,571.89,15319.9227,17212.5160,0
36078,571.91,15319.9227,17212.5160,0
36084,571.95,15319.9227,17212.5160,0
36086,571.97,15319.9227,17212.5160,0
36088,571.99,15319.9227,17212.5160,0
36091,572.04,15319.9227,17212.5160,0
36097,572.16,15319.9227,17212.5160,0
36098,572.16,15319.9227,17212.5160,0
36099,572.16,15319.9227,17212.5160,0
36105,572.25,15319.9227,17212.5160,0
36106,572.25,15319.9227,17212.5160,0
36108,572.25,15319.9227,17212.5160,0
36110,572.28,15319.9227,17212.5160,0
36117,572.39,15319.9227,17212.5160,0
36118,572.40,15319.9227,17212.5160,0
36119,572.40,15319.9227,17212.5160,0
36120,572.40,15319.9227,17212.5160,0
36126,572.43,15319.9227,17212.5160,0
36127,572.43,15319.9227,17212.5160,0
36128,572.43,15319.9227,17212.5160,0
36134,572.48,15319.9227,17212.5160,0
36135,572.48,15319.9227,17212.5160,0
36137,572.48,15319.9227,17212.5160,0
36138,572.48,15319.9227,17212.5160,0
36140,572.51,15319.9227,17212.5160,0
36141,572.51,15319.9227,17212.5160,0
36145,572.57,15319.9227,17212.5160,0
36146,572.57,15319.9227,17212.5160,0
36150,572.58,15319.9227,17212.5160,0
36151,572.58,15319.9227,17212.5160,0
36154,572.60,15319.9227,17212.5160,0
36155,572.60,15319.9227,17212.5160,0
36158,572.65,15319.9227,17212.5160,0
36163,572.70,15319.9227,17212.5160,0
36165,572.70,15319.9227,17212.5160,1
36166,572.74,13677.0638,17212.5160,0
36167,572.75,13677.0638,17212.5160,0
36168,572.77,13677.0638,17212.5160,0
36169,572.78,13677.0638,17212.5160,0
36170,572.80,13677.0638,17212.5160,0
36171,572.82,13790.8561,17212.5160,0
36172,572.84,13887.9947,17212.5160,0
36173,572.86,13887.9947,17212.5160,0
36174,572.88,14015.4346,17212.5160,0
36175,572.89,14164.6137,17212.5160,0
36176,572.91,14164.6137,17212.5160,0
36177,572.93,14164.6137,17212.5160,0
36179,572.95,14164.6137,17212.5160,0
36180,572.97,14164.6137,17212.5160,0
36182,573.00,14386.6318,17212.5160,0
36183,573.01,14386.6318,17212.5160,0
36184,573.03,14386.6318,17212.5160,0
36187,573.06,14386.6318,17212.5160,0
36188,573.07,14386.6318,17212.5160,0
36189,573.09,14386.6318,17212.5160,0
36192,573.11,14386.6318,17212.5160,0
36194,573.14,14442.9835,17212.5160,0
36195,573.15,14442.9835,17212.5160,0
36199,573.18,14442.9835,17212.5160,0
36200,573.20,14503.4442,17212.5160,0
36202,573.24,14503.4442,17212.5160,0
36206,573.28,14585.9936,17212.5160,0
36207,573.30,14646.9003,17212.5160,0
36208,573.32,14646.9003,17212.5160,0
36209,573.35,14646.9003,17212.5160,0
36210,573.37,14723.9453,17212.5160,0
36212,573.41,14723.9453,17212.5160,0
36213,573.42,14723.9453,17212.5160,0
36215,573.44,14723.9453,17212.5160,0
36217,573.47,14723.9453,17212.5160,0
36218,573.49,14723.9453,17212.5160,0
36221,573.53,14723.9453,17212.5160,0
36223,573.54,14723.9453,17212.5160,0
36227,573.60,14723.9453,17212.5160,0
36232,573.63,14723.9453,17212.5160,0
36234,573.65,14723.9453,17212.5160,0
36238,573.67,14723.9453,17212.5160,0
36242,573.72,14723.9453,17212.5160,0
36243,573.74,14723.9453,17212.5160,0
36244,573.74,14723.9453,17212.5160,0
36245,573.76,14723.9453,17212.5160,0
36246,573.78,14733.1071,17212.5160,0
36247,573.80,14733.1071,17212.5160,0
36249,573.82,14733.1071,17212.5160,0
36251,573.85,14910.7686,17212.5160,0
36252,573.86,14910.7686,17212.5160,0
36256,573.88,14910.7686,17212.5160,0
36260,573.95,14910.7686,17212.5160,0
36262,573.98,14910.7686,17212.5160,0
36264,574.00,14910.7686,17212.5160,0
36265,574.01,14910.7686,17212.5160,0
36266,574.03,14910.7686,17212.5160,0
36267,574.03,14910.7686,17212.5160,0
36268,574.05,14910.7686,17212.5160,0
36270,574.08,14910.7686,17212.5160,0
36273,574.10,14910.7686,17212.5160,0
36274,574.14,14910.7686,17212.5160,0
36275,574.16,14918.5165,17212.5160,0
36277,574.19,14918.5165,17212.5160,0
36279,574.23,14918.5165,17212.5160,0
36280,574.25,14918.5165,17212.5160,0
36283,574.27,14918.5165,17212.5160,0
36284,574.27,14918.5165,17212.5160,0
36287,574.31,14918.5165,17212.5160,0
36289,574.36,14918.5165,17212.5160,0
36291,574.38,14978.0837,17212.5160,0
36296,574.42,14978.0837,17212.5160,0
36298,574.44,14978.0837,17212.5160,0
36299,574.46,14978.0837,17212.5160,0
36300,574.48,14978.0837,17212.5160,0
36304,574.49,14978.0837,17212.5160,0
36305,574.49,14978.0837,17212.5160,0
36311,574.53,14978.0837,17212.5160,0
36312,574.53,14978.0837,17212.5160,0
36319,574.58,15152.4083,17212.5160,0
36321,574.60,15164.1272,17212.5160,0
36322,574.61,15164.1272,17212.5160,0
36327,574.69,15164.1272,17212.5160,0
36329,574.73,15164.1272,17212.5160,0
36331,574.73,15164.1272,17212.5160,0
36333,574.78,15164.1272,17212.5160,0
36334,574.80,15164.1272,17212.5160,0
36344,574.88,15164.1272,17212.5160,0
36345,574.88,15164.1272,17212.5160,0
36348,574.93,15164.1272,17212.5160,0
36350,574.93,15164.1272,17212.5160,0
36352,574.96,15164.1272,17212.5160,0
36354,575.00,15164.1272,17212.5160,0
36355,575.00,15164.1272,17212.5160,0
36356,575.02,15164.1272,17212.5160,0
36357,575.04,15164.1272,17212.5160,0
36359,575.06,15164.1272,17212.5160,0
36361,575.06,15164.1272,17212.5160,0
36363,575.06,15164.1272,17212.5160,0
36365,575.06,15164.1272,17212.5160,0
36371,575.12,15164.1272,17212.5160,0
36375,575.14,15164.1272,17212.5160,0
36376,575.14,15164.1272,17212.5160,0
36380,575.17,15164.1272,17212.5160,0
36383,575.20,15164.1272,17212.5160,0
36385,575.22,15164.1272,17212.5160,0
36386,575.22,15164.1272,17212.5160,0
36388,575.24,15164.1272,17212.5160,0
36391,575.26,15164.1272,17212.5160,0
36393,575.27,15164.1272,17212.5160,0
36394,575.29,15221.9545,17212.5160,0
36395,575.30,15221.9545,17212.5160,0
36396,575.32,15221.9545,17212.5160,0
36397,575.34,15221.9545,17212.5160,0
36398,575.36,15221.9545,17212.5160,0
36399,575.38,15368.7682,17212.5160,0
36407,575.47,15368.7682,17212.5160,0
36408,575.50,15368.7682,17212.5160,0
36410,575.52,15368.7682,17212.5160,0
36411,575.54,15368.7682,17212.5160,0
36413,575.56,15368.7682,17212.5160,0
36415,575.58,15368.7682,17212.5160,0
36416,575.59,15368.7682,17212.5160,0
36418,575.62,15368.7682,17212.5160,0
36419,575.62,15368.7682,17212.5160,0
36423,575.63,15368.7682,17212.5160,0
36426,575.65,15368.7682,17212.5160,0
36427,575.65,15368.7682,17212.5160,0
36431,575.68,15368.7682,17212.5160,0
36433,575.70,15368.7682,17212.5160,0
36434,575.72,15368.7682,17212.5160,0
36438,575.78,15368.7682,17212.5160,0
36439,575.80,15368.7682,17212.5160,0
36440,575.81,15368.7682,17212.5160,0
36441,575.81,15368.7682,17212.5160,0
36442,575.83,15368.7682,17212.5160,0
36445,575.88,15368.7682,17212.5160,0
36446,575.88,15368.7682,17212.5160,0
36450,575.91,15368.7682,17212.5160,0
36453,575.95,15368.7682,17212.5160,0
36458,575.98,15368.7682,17212.5160,0
36461,576.00,15368.7682,17212.5160,0
36462,576.00,15368.7682,17212.5160,0
36464,576.02,15368.7682,17212.5160,0
36465,576.04,15368.7682,17212.5160,0
36466,576.04,15368.7682,17212.5160,0
36467,576.05,15368.7682,17212.5160,0
36468,576.07,15368.7682,17212.5160,0
36469,576.07,15368.7682,17212.5160,0
36472,576.09,15368.7682,17212.5160,0
36474,576.09,15368.7682,17212.5160,0
36476,576.10,15368.7682,17212.5160,0
36478,576.10,15368.7682,17212.5160,0
36479,576.11,15368.7682,17212.5160,0
36482,576.13,15368.7682,17212.5160,0
36485,576.13,15368.7682,17212.5160,0
36486,576.15,15368.7682,17212.5160,0
36490,576.22,15368.7682,17212.5160,0
36493,576.25,15368.7682,17212.5160,0
36495,576.27,15368.7682,17212.5160,0
36496,576.27,15368.7682,17212.5160,0
36498,576.27,15368.7682,17212.5160,0
36499,576.27,15368.7682,17212.5160,0
36500,576.27,15368.7682,17212.5160,1
36501,576.31,14051.4647,17212.5160,0
36502,576.33,14072.3214,17212.5160,0
36504,576.35,14072.3214,17212.5160,0
36505,576.37,14072.3214,17212.5160,0
36508,576.39,14072.3214,17212.5160,0
36509,576.41,14140.1872,17212.5160,0
36510,576.43,14148.6212,17212.5160,0
36512,576.45,14249.7413,17212.5160,0
36513,576.46,14249.7413,17212.5160,0
36515,576.48,14249.7413,17212.5160,0
36516,576.50,14283.2557,17212.5160,0
36517,576.51,14283.2557,17212.5160,0
36518,576.53,14283.2557,17212.5160,0
36519,576.57,14537.7650,17212.5160,0
36520,576.59,14537.7650,17212.5160,0
36522,576.61,14638.9236,17212.5160,0
36523,576.62,14638.9236,17212.5160,0
36524,576.64,14734.1729,17212.5160,0
36525,576.66,14787.9641,17212.5160,0
36526,576.68,14787.9641,17212.5160,0
36528,576.71,14787.9641,17212.5160,0
36535,576.77,14787.9641,17212.5160,0
36536,576.79,14787.9641,17212.5160,0
36538,576.83,14787.9641,17212.5160,0
36539,576.84,14787.9641,17212.5160,0
36544,576.89,14787.9641,17212.5160,0
36545,576.89,14787.9641,17212.5160,0
36547,576.90,14787.9641,17212.5160,0
36550,576.96,14787.9641,17212.5160,0
36551,576.98,14787.9641,17212.5160,0
36553,577.02,14791.1522,17212.5160,0
36559,577.09,14791.1522,17212.5160,0
36562,577.15,14791.1522,17212.5160,0
36563,577.17,14791.1522,17212.5160,0
36568,577.22,14791.1522,17212.5160,0
36569,577.24,14791.1522,17212.5160,0
36570,577.25,14793.3252,17212.5160,0
36571,577.27,14793.3252,17212.5160,0
36572,577.29,14793.3252,17212.5160,0
36574,577.31,14793.3252,17212.5160,0
36577,577.35,14793.3252,17212.5160,0
36578,577.37,14793.3252,17212.5160,0
36581,577.41,14793.3252,17212.5160,0
36588,577.47,14793.3252,17212.5160,0
36595,577.50,14793.3252,17212.5160,0
36596,577.51,14793.3252,17212.5160,0
36601,577.57,14831.1177,17212.5160,0
36602,577.59,15024.0606,17212.5160,0
36603,577.61,15071.2289,17212.5160,0
36604,577.63,15071.2289,17212.5160,0
36605,577.64,15071.2289,17212.5160,0
36606,577.64,15071.2289,17212.5160,0
36607,577.66,15071.2289,17212.5160,0
36608,577.68,15211.5757,17212.5160,0
36610,577.72,15211.5757,17212.5160,0
36611,577.72,15211.5757,17212.5160,0
36614,577.75,15211.5757,17212.5160,0
36616,577.79,15211.5757,17212.5160,0
36619,577.85,15211.5757,17212.5160,0
36620,577.87,15211.5757,17212.5160,0
36621,577.89,15305.0809,17212.5160,0
36622,577.91,15305.0809,17212.5160,0
36623,577.93,15305.0809,17212.5160,0
36626,577.95,15305.0809,17212.5160,0
36627,577.97,15305.0809,17212.5160,0
36630,578.03,15305.0809,17212.5160,0
36632,578.06,15305.0809,17212.5160,0
36633,578.07,15305.0809,17212.5160,0
36634,578.08,15305.0809,17212.5160,0
36635,578.09,15305.0809,17212.5160,0
36636,578.10,15305.0809,17212.5160,0
36640,578.14,15305.0809,17212.5160,0
36642,578.17,15305.0809,17212.5160,0
36646,578.19,15305.0809,17212.5160,0
36647,578.20,15305.0809,17212.5160,0
36648,578.21,15305.0809,17212.5160,0
36652,578.29,15305.0809,17212.5160,0
36654,578.31,15305.0809,17212.5160,0
36655,578.33,15305.0809,17212.5160,0
36658,578.35,15305.0809,17212.5160,0
36659,578.35,15305.0809,17212.5160,0
36660,578.35,15305.0809,17212.5160,0
36661,578.36,15305.0809,17212.5160,0
36664,578.36,15305.0809,17212.5160,0
36665,578.36,15305.0809,17212.5160,0
36668,578.39,15305.0809,17212.5160,0
36678,578.45,15305.0809,17212.5160,0
36681,578.50,15305.0809,17212.5160,0
36682,578.52,15305.0809,17212.5160,0
36687,578.52,15305.0809,17212.5160,0
36688,578.53,15305.0809,17212.5160,0
36689,578.53,15305.0809,17212.5160,0
36691,578.53,15305.0809,17212.5160,0
36695,578.55,15305.0809,17212.5160,0
36698,578.59,15305.0809,17212.5160,0
36699,578.59,15305.0809,17212.5160,0
36701,578.60,15305.0809,17212.5160,0
36702,578.60,15305.0809,17212.5160,0
36705,578.62,15305.0809,17212.5160,0
36707,578.64,15305.0809,17212.5160,0
36708,578.65,15305.0809,17212.5160,0
36709,578.65,15305.0809,17212.5160,0
36711,578.67,15305.0809,17212.5160,0
36713,578.69,15305.0809,17212.5160,0
36714,578.69,15305.0809,17212.5160,0
36717,578.71,15305.0809,17212.5160,0
36721,578.76,15305.0809,17212.5160,0
36722,578.76,15305.0809,17212.5160,1
36723,578.79,13007.8545,17212.5160,0
36724,578.81,13007.8545,17212.5160,0
36725,578.83,13007.8545,17212.5160,0
36726,578.88,13007.8545,17212.5160,0
36727,578.89,13301.6215,17212.5160,0
36728,578.91,13336.0560,17212.5160,0
36730,578.93,13336.0560,17212.5160,0
36731,578.95,13429.7944,17212.5160,0
36732,578.96,13518.8705,17212.5160,0
36733,578.98,13518.8705,17212.5160,0
36735,579.04,13600.9970,17212.5160,0
36736,579.06,13629.0355,17212.5160,0
36737,579.07,13634.4617,17212.5160,0
36738,579.09,13660.0694,17212.5160,0
36740,579.11,13676.0174,17212.5160,0
36741,579.12,13676.0174,17212.5160,0
36742,579.14,13725.3809,17212.5160,0
36743,579.16,13725.3809,17212.5160,0
36744,579.17,13734.8489,17212.5160,0
36745,579.19,13734.8489,17212.5160,0
36747,579.20,13813.6166,17212.5160,0
36748,579.22,13936.6363,17212.5160,0
36749,579.23,13936.6363,17212.5160,0
36750,579.25,14133.6060,17212.5160,0
36751,579.26,14146.2052,17212.5160,0
36752,579.28,14146.2052,17212.5160,0
36753,579.30,14158.0002,17212.5160,0
36754,579.32,14180.3071,17212.5160,0
36755,579.35,14618.5992,17212.5160,0
36756,579.39,14618.5992,17212.5160,0
36757,579.41,14650.3009,17212.5160,0
36759,579.43,14650.3009,17212.5160,0
36761,579.45,14650.3009,17212.5160,0
36762,579.46,14650.3009,17212.5160,0
36764,579.52,14650.3009,17212.5160,0
36766,579.54,14650.3009,17212.5160,0
36767,579.59,14650.3009,17212.5160,0
36768,579.60,14650.3009,17212.5160,0
36769,579.62,14650.3009,17212.5160,0
36770,579.64,14667.4806,17212.5160,0
36771,579.66,14667.4806,17212.5160,0
36772,579.67,14667.4806,17212.5160,0
36773,579.69,14667.4806,17212.5160,0
36774,579.71,14667.4806,17212.5160,0
36775,579.71,14667.4806,17212.5160,0
36778,579.77,14667.4806,17212.5160,0
36779,579.77,14667.4806,17212.5160,0
36780,579.79,14667.4806,17212.5160,0
36781,579.80,14678.4647,17212.5160,0
36782,579.82,14678.4647,17212.5160,0
36783,579.84,14728.9902,17212.5160,0
36784,579.85,14728.9902,17212.5160,0
36786,579.87,14728.9902,17212.5160,0
36787,579.89,14728.9902,17212.5160,0
36788,579.91,14750.7409,17212.5160,0
36789,579.92,14750.7409,17212.5160,0
36791,579.94,14761.8830,17212.5160,0
36792,579.96,14868.5659,17212.5160,0
36793,579.98,14868.5659,17212.5160,0
36794,580.00,14868.5659,17212.5160,0
36795,580.01,14868.5659,17212.5160,0
36796,580.03,14868.5659,17212.5160,0
36798,580.05,15024.3976,17212.5160,0
36799,580.07,15024.3976,17212.5160,0
36802,580.13,15024.3976,17212.5160,0
36803,580.15,15024.3976,17212.5160,0
36804,580.17,15024.3976,17212.5160,0
36806,580.19,15080.5269,17212.5160,0
36808,580.21,15109.5489,17212.5160,0
36810,580.23,15109.5489,17212.5160,0
36813,580.33,15114.4235,17212.5160,0
36815,580.37,15114.4235,17212.5160,0
36817,580.39,15114.4235,17212.5160,0
36821,580.45,15114.4235,17212.5160,0
36822,580.47,15114.4235,17212.5160,0
36823,580.49,15114.4235,17212.5160,0
36826,580.51,15114.4235,17212.5160,0
36828,580.52,15114.4235,17212.5160,0
36830,580.54,15114.4235,17212.5160,0
36835,580.58,15114.4235,17212.5160,0
36837,580.58,15114.4235,17212.5160,0
36838,580.58,15114.4235,17212.5160,0
36841,580.61,15114.4235,17212.5160,0
36842,580.61,15114.4235,17212.5160,0
36843,580.63,15114.4235,17212.5160,0
36844,580.63,15114.4235,17212.5160,0
36846,580.65,15114.4235,17212.5160,0
36847,580.65,15114.4235,17212.5160,0
36850,580.69,15114.4235,17212.5160,0
36852,580.71,15114.4235,17212.5160,0
36855,580.76,15114.4235,17212.5160,0
36856,580.78,15114.4235,17212.5160,0
36857,580.78,15114.4235,17212.5160,0
36858,580.80,15114.4235,17212.5160,0
36867,580.93,15114.4235,17212.5160,0
36871,580.97,15114.4235,17212.5160,0
36873,581.00,15114.4235,17212.5160,0
36875,581.05,15114.4235,17212.5160,0
36878,581.10,15114.4235,17212.5160,0
36879,581.10,15114.4235,17212.5160,0
36880,581.12,15114.4235,17212.5160,0
36882,581.14,15114.4235,17212.5160,0
36884,581.14,15114.4235,17212.5160,0
36885,581.16,15114.4235,17212.5160,0
36886,581.18,15114.4235,17212.5160,0
36887,581.20,15115.3646,17212.5160,0
36888,581.22,15115.3646,17212.5160,0
36890,581.24,15115.3646,17212.5160,0
36892,581.26,15115.3646,17212.5160,0
36895,581.28,15115.3646,17212.5160,0
36896,581.30,15115.3646,17212.5160,0
36903,581.39,15115.3646,17212.5160,0
36906,581.43,15115.3646,17212.5160,0
36907,581.45,15115.3646,17212.5160,0
36910,581.48,15115.3646,17212.5160,0
36919,581.59,15115.3646,17212.5160,0
36926,581.64,15115.3646,17212.5160,0
36928,581.65,15115.3646,17212.5160,0
36930,581.66,15115.3646,17212.5160,0
36931,581.67,15115.3646,17212.5160,0
36933,581.69,15115.3646,17212.5160,0
36934,581.70,15115.3646,17212.5160,0
36937,581.72,15115.3646,17212.5160,0
36940,581.72,15115.3646,17212.5160,0
36941,581.75,15115.3646,17212.5160,0
36944,581.79,15115.3646,17212.5160,0
36947,581.82,15115.3646,17212.5160,0
36950,581.85,15115.3646,17212.5160,0
36951,581.88,15115.3646,17212.5160,0
36960,581.99,15115.3646,17212.5160,0
36963,582.01,15115.3646,17212.5160,0
36964,582.01,15115.3646,17212.5160,0
36971,582.09,15115.3646,17212.5160,0
36979,582.19,15115.3646,17212.5160,0
36980,582.20,15115.3646,17212.5160,0
36986,582.21,15115.3646,17212.5160,0
36988,582.21,15115.3646,17212.5160,1
36989,582.25,13598.1406,17212.5160,0
36990,582.27,13598.1406,17212.5160,0
36991,582.29,13598.1406,17212.5160,0
36992,582.31,13762.4014,17212.5160,0
36993,582.32,13762.4014,17212.5160,0
36994,582.35,13763.6882,17212.5160,0
36995,582.36,13763.6882,17212.5160,0
36996,582.38,13794.3922,17212.5160,0
36998,582.40,13794.3922,17212.5160,0
36999,582.42,13794.3922,17212.5160,0
37000,582.44,13963.8334,17212.5160,0
37001,582.46,13968.7826,17212.5160,0
37002,582.48,13968.7826,17212.5160,0
37003,582.49,13968.7826,17212.5160,0
37004,582.51,13968.7826,17212.5160,0
37005,582.53,13968.7826,17212.5160,0
37006,582.53,13968.7826,17212.5160,0
37007,582.56,13968.7826,17212.5160,0
37008,582.58,13968.7826,17212.5160,0
37009,582.59,13968.7826,17212.5160,0
37010,582.62,13968.7826,17212.5160,0
37011,582.64,13996.0196,17212.5160,0
37012,582.65,13996.0196,17212.5160,0
37014,582.68,14161.9101,17212.5160,0
37017,582.73,14168.4316,17212.5160,0
37019,582.75,14168.4316,17212.5160,0
37020,582.79,14168.4316,17212.5160,0
37021,582.82,14379.9065,17212.5160,0
37022,582.84,14452.3602,17212.5160,0
37024,582.88,14452.3602,17212.5160,0
37025,582.91,14452.3602,17212.5160,0
37029,582.94,14452.3602,17212.5160,0
37031,582.97,14452.3602,17212.5160,0
37032,582.97,14452.3602,17212.5160,0
37036,583.00,14452.3602,17212.5160,0
37040,583.04,14452.3602,17212.5160,0
37043,583.06,14452.3602,17212.5160,0
37046,583.08,14452.3602,17212.5160,0
37047,583.09,14452.3602,17212.5160,0
37048,583.09,14452.3602,17212.5160,0
37049,583.12,14452.3602,17212.5160,0
37050,583.12,14452.3602,17212.5160,0
37051,583.14,14452.3602,17212.5160,0
37055,583.20,14452.3602,17212.5160,0
37058,583.24,14452.3602,17212.5160,0
37059,583.26,14453.5112,17212.5160,0
37061,583.28,14453.5112,17212.5160,0
37062,583.30,14507.7506,17212.5160,0
37063,583.32,14507.7506,17212.5160,0
37066,583.35,14507.7506,17212.5160,0
37069,583.42,14507.7506,17212.5160,0
37070,583.44,14507.7506,17212.5160,0
37071,583.44,14507.7506,17212.5160,0
37072,583.47,14507.7506,17212.5160,0
37074,583.49,14508.1542,17212.5160,0
37075,583.50,14508.1542,17212.5160,0
37076,583.52,14508.1542,17212.5160,0
37079,583.55,14508.1542,17212.5160,0
37082,583.57,14508.1542,17212.5160,0
37083,583.58,14508.1542,17212.5160,0
37086,583.59,14508.1542,17212.5160,0
37088,583.61,14508.1542,17212.5160,0
37091,583.63,14508.1542,17212.5160,0
37093,583.67,14508.1542,17212.5160,0
37095,583.72,14508.1542,17212.5160,0
37097,583.72,14508.1542,17212.5160,0
37101,583.72,14508.1542,17212.5160,0
37104,583.75,14508.1542,17212.5160,0
37107,583.75,14508.1542,17212.5160,0
37109,583.79,14508.1542,17212.5160,0
37112,583.80,14508.1542,17212.5160,0
37113,583.80,14508.1542,17212.5160,0
37115,583.84,14508.1542,17212.5160,0
37116,583.84,14508.1542,17212.5160,0
37119,583.87,14508.1542,17212.5160,0
37120,583.87,14508.1542,17212.5160,0
37121,583.87,14508.1542,17212.5160,0
37124,583.90,14508.1542,17212.5160,0
37128,583.92,14508.1542,17212.5160,0
37129,583.94,14508.1542,17212.5160,0
37130,583.94,14508.1542,17212.5160,0
37132,583.94,14508.1542,17212.5160,0
37135,583.97,14508.1542,17212.5160,0
37139,583.99,14508.1542,17212.5160,0
37142,584.01,14513.3182,17212.5160,0
37143,584.03,14513.3182,17212.5160,0
37144,584.07,14678.0281,17212.5160,0
37149,584.15,14678.0281,17212.5160,0
37155,584.23,14678.0281,17212.5160,0
37156,584.25,14678.0281,17212.5160,0
37157,584.27,14688.3937,17212.5160,0
37158,584.29,14688.3937,17212.5160,0
37159,584.31,14688.3937,17212.5160,0
37165,584.35,14688.3937,17212.5160,0
37166,584.38,14688.3937,17212.5160,0
37167,584.39,14688.3937,17212.5160,0
37169,584.41,14748.8976,17212.5160,0
37175,584.44,14748.8976,17212.5160,0
37176,584.46,14779.0925,17212.5160,0
37177,584.48,14779.0925,17212.5160,0
37178,584.50,14779.0925,17212.5160,0
37182,584.56,14779.0925,17212.5160,0
37186,584.62,14920.6460,17212.5160,0
37187,584.64,14930.3522,17212.5160,0
37188,584.68,15068.9853,17212.5160,0
37189,584.70,15068.9853,17212.5160,0
37190,584.72,15092.6724,17212.5160,0
37191,584.74,15092.6802,17212.5160,0
37192,584.76,15121.5026,17212.5160,0
37193,584.77,15121.5026,17212.5160,0
37194,584.79,15121.5026,17212.5160,0
37195,584.83,15279.4591,17212.5160,0
37199,584.88,15279.4591,17212.5160,0
37203,584.93,15279.4591,17212.5160,0
37204,584.95,15279.4591,17212.5160,0
37210,585.01,15279.4591,17212.5160,0
37212,585.03,15279.4591,17212.5160,0
37213,585.04,15279.4591,17212.5160,0
37214,585.05,15279.4591,17212.5160,0
37220,585.11,15279.4591,17212.5160,0
37222,585.13,15279.4591,17212.5160,0
37230,585.19,15279.4591,17212.5160,0
37231,585.20,15279.4591,17212.5160,0
37236,585.24,15319.3398,17212.5160,0
37238,585.26,15368.5711,17212.5160,0
37239,585.28,15368.5711,17212.5160,0
37240,585.30,15368.5711,17212.5160,0
37241,585.32,15368.5711,17212.5160,0
37242,585.34,15368.5711,17212.5160,0
37243,585.36,15368.5711,17212.5160,0
37244,585.36,15368.5711,17212.5160,0
37245,585.38,15429.8665,17212.5160,0
37246,585.40,15429.8665,17212.5160,0
37247,585.42,15429.8665,17212.5160,0
37248,585.44,15429.8665,17212.5160,0
37249,585.47,15499.7085,17212.5160,0
37254,585.52,15499.7875,17212.5160,0
37256,585.55,15499.7875,17212.5160,0
37257,585.58,15499.7875,17212.5160,0
37258,585.60,15499.7875,17212.5160,0
37262,585.60,15499.7875,17212.5160,0
37263,585.63,15499.7875,17212.5160,0
37265,585.67,15499.7875,17212.5160,0
37267,585.69,15499.7875,17212.5160,0
37272,585.75,15499.7875,17212.5160,0
37273,585.75,15499.7875,17212.5160,0
37278,585.78,15499.7875,17212.5160,0
37283,585.82,15499.7875,17212.5160,0
37284,585.83,15499.7875,17212.5160,0
37286,585.85,15499.7875,17212.5160,0
37290,585.91,15499.7875,17212.5160,0
37293,585.96,15499.7875,17212.5160,0
37301,586.04,15499.7875,17212.5160,0
37303,586.06,15499.7875,17212.5160,0
37304,586.08,15499.7875,17212.5160,0
37306,586.10,15499.7875,17212.5160,0
37307,586.10,15499.7875,17212.5160,0
37308,586.10,15499.7875,17212.5160,0
37309,586.10,15499.7875,17212.5160,0
37310,586.10,15499.7875,17212.5160,0
37313,586.14,15499.7875,17212.5160,0
37318,586.20,15499.7875,17212.5160,0
37319,586.21,15499.7875,17212.5160,0
37325,586.29,15499.7875,17212.5160,0
37327,586.33,15499.7875,17212.5160,0
37328,586.35,15499.7875,17212.5160,0
37330,586.37,15499.7875,17212.5160,0
37331,586.37,15499.7875,17212.5160,0
37332,586.38,15499.7875,17212.5160,0
37334,586.40,15499.7875,17212.5160,0
37335,586.40,15499.7875,17212.5160,0
37339,586.46,15499.7875,17212.5160,0
37347,586.59,15499.7875,17212.5160,0
37348,586.59,15499.7875,17212.5160,0
37349,586.59,15499.7875,17212.5160,0
37350,586.59,15499.7875,17212.5160,0
37351,586.61,15503.9019,17212.5160,0
37354,586.63,15781.8256,17212.5160,0
37359,586.69,15781.8256,17212.5160,0
37361,586.74,15781.8256,17212.5160,0
37362,586.76,15781.8256,17212.5160,0
37363,586.78,15781.8256,17212.5160,0
37366,586.80,15781.8256,17212.5160,0
37371,586.83,15781.8256,17212.5160,0
37374,586.85,15781.8256,17212.5160,0
37377,586.87,15781.8256,17212.5160,0
37381,586.91,15781.8256,17212.5160,0
37385,586.95,15781.8256,17212.5160,0
37386,586.96,15781.8256,17212.5160,0
37387,586.96,15781.8256,17212.5160,0
37390,586.98,15781.8256,17212.5160,0
37392,587.01,15781.8256,17212.5160,0
37393,587.02,15781.8256,17212.5160,0
37394,587.05,15781.8256,17212.5160,0
37396,587.05,15781.8256,17212.5160,0
37398,587.08,15781.8256,17212.5160,0
37403,587.14,15781.8256,17212.5160,0
37409,587.15,15781.8256,17212.5160,0
37410,587.15,15781.8256,17212.5160,0
37411,587.15,15781.8256,17212.5160,0
37412,587.15,15781.8256,17212.5160,0
37413,587.17,15781.8256,17212.5160,0
37415,587.17,15781.8256,17212.5160,0
37419,587.21,15781.8256,17212.5160,0
37422,587.24,15781.8256,17212.5160,0
37429,587.29,15781.8256,17212.5160,0
37431,587.30,15781.8256,17212.5160,0
37432,587.30,15781.8256,17212.5160,0
37433,587.30,15781.8256,17212.5160,0
37434,587.30,15781.8256,17212.5160,0
37435,587.31,15781.8256,17212.5160,0
37438,587.34,15781.8256,17212.5160,0
37442,587.36,15781.8256,17212.5160,0
37444,587.42,15781.8256,17212.5160,0
37445,587.43,15781.8256,17212.5160,0
37451,587.50,15781.8256,17212.5160,0
37455,587.53,15781.8256,17212.5160,1
37456,587.56,13582.5342,17212.5160,0
37457,587.58,13761.0686,17212.5160,0
37458,587.60,13761.0686,17212.5160,0
37459,587.62,13774.3050,17212.5160,0
37460,587.63,13782.3662,17212.5160,0
37461,587.65,13792.4426,17212.5160,0
37462,587.67,13843.1446,17212.5160,0
37463,587.68,14146.3426,17212.5160,0
37464,587.70,14146.3426,17212.5160,0
37465,587.72,14146.3426,17212.5160,0
37466,587.74,14188.7886,17212.5160,0
37467,587.75,14188.7886,17212.5160,0
37468,587.77,14221.8779,17212.5160,0
37469,587.79,14221.8779,17212.5160,0
37470,587.80,14340.6294,17212.5160,0
37471,587.82,14396.1072,17212.5160,0
37473,587.83,14396.1072,17212.5160,0
37474,587.86,14430.6722,17212.5160,0
37475,587.87,14643.3822,17212.5160,0
37476,587.89,14643.3822,17212.5160,0
37477,587.91,14643.3822,17212.5160,0
37478,587.92,14646.0896,17212.5160,0
37479,587.94,14646.0896,17212.5160,0
37480,587.96,14704.6131,17212.5160,0
37481,587.98,14705.4388,17212.5160,0
37482,587.99,14739.1747,17212.5160,0
37483,588.01,14739.5501,17212.5160,0
37484,588.03,14739.5501,17212.5160,0
37485,588.05,14739.5501,17212.5160,0
37486,588.06,14739.5501,17212.5160,0
37487,588.08,14739.5501,17212.5160,0
37488,588.10,14739.5501,17212.5160,0
37489,588.12,14739.5501,17212.5160,0
37490,588.14,14739.5501,17212.5160,0
37491,588.16,14744.6486,17212.5160,0
37492,588.17,14904.8436,17212.5160,0
37493,588.19,14904.8436,17212.5160,0
37494,588.21,14904.8436,17212.5160,0
37495,588.23,14969.7242,17212.5160,0
37496,588.25,15047.2132,17212.5160,0
37497,588.27,15148.2603,17212.5160,0
37498,588.29,15148.2603,17212.5160,0
37499,588.31,15148.2603,17212.5160,0
37501,588.31,15148.2603,17212.5160,0
37502,588.33,15181.6040,17212.5160,0
37503,588.36,15181.6040,17212.5160,0
37505,588.39,15181.6040,17212.5160,0
37506,588.41,15181.6040,17212.5160,0
37507,588.43,15181.6040,17212.5160,0
37508,588.45,15181.6040,17212.5160,0
37510,588.50,15181.6040,17212.5160,0
37511,588.50,15181.6040,17212.5160,0
37513,588.53,15181.6040,17212.5160,0
37515,588.57,15181.6040,17212.5160,0
37516,588.59,15181.6040,17212.5160,0
37518,588.63,15181.6040,17212.5160,0
37519,588.63,15181.6040,17212.5160,0
37521,588.66,15181.6040,17212.5160,0
37523,588.68,15181.6040,17212.5160,0
37524,588.68,15181.6040,17212.5160,0
37525,588.68,15181.6040,17212.5160,0
37529,588.75,15181.6040,17212.5160,0
37530,588.76,15181.6040,17212.5160,0
37532,588.78,15181.6040,17212.5160,0
37534,588.79,15181.6040,17212.5160,0
37535,588.80,15181.6040,17212.5160,0
37537,588.81,15181.6040,17212.5160,0
37538,588.81,15181.6040,17212.5160,0
37540,588.82,15181.6040,17212.5160,0
37543,588.86,15181.6040,17212.5160,0
37544,588.86,15181.6040,17212.5160,0
37545,588.87,15181.6040,17212.5160,0
37546,588.88,15181.6040,17212.5160,0
37547,588.88,15181.6040,17212.5160,0
37549,588.89,15181.6040,17212.5160,0
37550,588.90,15181.6040,17212.5160,0
37551,588.90,15181.6040,17212.5160,0
37552,588.90,15181.6040,17212.5160,0
37554,588.92,15181.6040,17212.5160,0
37555,588.93,15181.6040,17212.5160,0
37556,588.93,15181.6040,17212.5160,0
37557,588.93,15181.6040,17212.5160,0
37559,588.95,15181.6040,17212.5160,0
37560,588.95,15181.6040,17212.5160,0
37561,588.97,15181.6040,17212.5160,0
37565,589.02,15181.6040,17212.5160,0
37567,589.04,15181.6040,17212.5160,0
37569,589.06,15181.6040,17212.5160,0
37571,589.08,15181.6040,17212.5160,0
37572,589.08,15181.6040,17212.5160,0
37573,589.09,15181.6040,17212.5160,0
37575,589.09,15181.6040,17212.5160,0
37577,589.11,15181.6040,17212.5160,0
37579,589.13,15181.6040,17212.5160,0
37580,589.14,15181.6040,17212.5160,0
37583,589.19,15181.6040,17212.5160,0
37589,589.23,15181.6040,17212.5160,0
37590,589.24,15189.8093,17212.5160,0
37591,589.26,15189.8093,17212.5160,0
37592,589.28,15189.8093,17212.5160,0
37595,589.34,15189.8093,17212.5160,0
37596,589.36,15189.8093,17212.5160,0
37597,589.38,15189.8093,17212.5160,0
37598,589.40,15189.8093,17212.5160,0
37599,589.40,15189.8093,17212.5160,0
37600,589.41,15189.8093,17212.5160,0
37601,589.43,15189.8093,17212.5160,0
37602,589.44,15189.8093,17212.5160,0
37603,589.44,15189.8093,17212.5160,0
37604,589.45,15189.8093,17212.5160,0
37605,589.47,15224.6885,17212.5160,0
37609,589.51,15224.6885,17212.5160,0
37610,589.52,15224.6885,17212.5160,0
37611,589.54,15229.0748,17212.5160,0
37614,589.56,15229.0748,17212.5160,0
37615,589.58,15276.8593,17212.5160,0
37616,589.60,15369.6651,17212.5160,0
37619,589.62,15445.0780,17212.5160,0
37620,589.64,15445.0780,17212.5160,0
37621,589.65,15445.0780,17212.5160,0
37622,589.65,15445.0780,17212.5160,0
37623,589.67,15470.0348,17212.5160,0
37624,589.69,15518.0859,17212.5160,0
37625,589.72,15518.0859,17212.5160,0
37630,589.76,15518.0859,17212.5160,0
37633,589.78,15518.0859,17212.5160,0
37634,589.80,15518.0859,17212.5160,0
37635,589.82,15518.0859,17212.5160,0
37636,589.85,15518.0859,17212.5160,0
37638,589.87,15518.0859,17212.5160,0
37642,589.90,15518.0859,17212.5160,0
37643,589.90,15518.0859,17212.5160,0
37644,589.90,15518.0859,17212.5160,0
37645,589.92,15518.0859,17212.5160,0
37648,589.94,15518.0859,17212.5160,0
37649,589.94,15518.0859,17212.5160,0
37652,589.96,15518.0859,17212.5160,0
37653,589.98,15518.0859,17212.5160,0
37654,589.98,15518.0859,17212.5160,0
37656,589.99,15518.0859,17212.5160,0
37657,590.00,15518.0859,17212.5160,0
37658,590.00,15518.0859,17212.5160,0
37660,590.03,15518.0859,17212.5160,0
37661,590.03,15518.0859,17212.5160,0
37662,590.04,15518.0859,17212.5160,0
37663,590.04,15518.0859,17212.5160,0
37664,590.05,15518.0859,17212.5160,0
37665,590.05,15518.0859,17212.5160,0
37666,590.05,15518.0859,17212.5160,0
37667,590.07,15518.0859,17212.5160,0
37669,590.09,15518.0859,17212.5160,0
37671,590.11,15518.0859,17212.5160,0
37672,590.12,15518.0859,17212.5160,0
37673,590.12,15518.0859,17212.5160,0
37674,590.12,15518.0859,17212.5160,0
37675,590.12,15518.0859,17212.5160,0
37677,590.14,15523.9270,17212.5160,0
37678,590.16,15523.9270,17212.5160,0
37680,590.17,15523.9270,17212.5160,0
37681,590.17,15523.9270,17212.5160,0
37682,590.19,15523.9270,17212.5160,0
37690,590.32,15523.9270,17212.5160,0
37692,590.34,15523.9270,17212.5160,0
37694,590.36,15523.9270,17212.5160,0
37699,590.38,15523.9270,17212.5160,0
37701,590.41,15523.9270,17212.5160,0
37702,590.43,15523.9270,17212.5160,0
37704,590.45,15526.0751,17212.5160,0
37705,590.46,15526.0751,17212.5160,0
37706,590.49,15526.0751,17212.5160,0
37707,590.49,15526.0751,17212.5160,0
37710,590.55,15526.0751,17212.5160,0
37712,590.57,15526.0751,17212.5160,0
37713,590.60,15526.0751,17212.5160,0
37715,590.63,15526.0751,17212.5160,0
37717,590.64,15526.0751,17212.5160,0
37725,590.72,15526.0751,17212.5160,0
37726,590.72,15526.0751,17212.5160,0
37727,590.73,15526.0751,17212.5160,0
37729,590.75,15526.0751,17212.5160,0
37731,590.78,15526.0751,17212.5160,0
37732,590.78,15526.0751,17212.5160,0
37733,590.78,15526.0751,17212.5160,0
37734,590.80,15526.0751,17212.5160,0
37736,590.80,15526.0751,17212.5160,0
37738,590.80,15526.0751,17212.5160,0
37749,590.87,15526.0751,17212.5160,0
37750,590.87,15526.0751,17212.5160,0
37751,590.87,15526.0751,17212.5160,0
37752,590.87,15526.0751,17212.5160,0
37753,590.87,15526.0751,17212.5160,0
37754,590.89,15526.0751,17212.5160,0
37756,590.93,15526.0751,17212.5160,0
37757,590.93,15526.0751,17212.5160,0
37758,590.93,15526.0751,17212.5160,0
37760,590.95,15526.0751,17212.5160,0
37763,590.99,15526.0751,17212.5160,0
37764,590.99,15526.0751,17212.5160,0
37765,590.99,15526.0751,17212.5160,0
37769,591.03,15526.0751,17212.5160,0
37770,591.04,15526.0751,17212.5160,0
37771,591.04,15526.0751,17212.5160,0
37772,591.05,15526.0751,17212.5160,0
37774,591.05,15526.0751,17212.5160,0
37775,591.08,15526.0751,17212.5160,0
37776,591.08,15526.0751,17212.5160,0
37777,591.08,15526.0751,17212.5160,0
37779,591.10,15526.0751,17212.5160,0
37782,591.12,15526.0751,17212.5160,0
37783,591.12,15526.0751,17212.5160,0
37788,591.16,15526.0751,17212.5160,0
37789,591.18,15526.0751,17212.5160,0
37792,591.20,15526.0751,17212.5160,0
37793,591.21,15526.0751,17212.5160,0
37795,591.21,15526.0751,17212.5160,0
37796,591.21,15526.0751,17212.5160,0
37798,591.23,15526.0751,17212.5160,0
37799,591.25,15534.8232,17212.5160,0
37801,591.29,15534.8232,17212.5160,0
37802,591.30,15534.8232,17212.5160,0
37803,591.32,15534.8232,17212.5160,0
37805,591.34,15534.8232,17212.5160,0
37806,591.36,15534.8232,17212.5160,0
37807,591.38,15534.8232,17212.5160,0
37808,591.40,15534.8232,17212.5160,0
37809,591.42,15534.8232,17212.5160,0
37810,591.43,15534.8232,17212.5160,0
37811,591.45,15534.8232,17212.5160,0
37812,591.48,15534.8232,17212.5160,0
37817,591.53,15534.8232,17212.5160,0
37818,591.54,15534.8232,17212.5160,0
37819,591.55,15534.8232,17212.5160,0
37820,591.56,15534.8232,17212.5160,0
37823,591.57,15534.8232,17212.5160,0
37824,591.58,15534.8232,17212.5160,0
37825,591.58,15534.8232,17212.5160,0
37829,591.63,15534.8232,17212.5160,0
37831,591.67,15534.8232,17212.5160,0
37832,591.67,15534.8232,17212.5160,0
37833,591.69,15534.8232,17212.5160,0
37837,591.74,15535.9588,17212.5160,0
37838,591.76,15535.9588,17212.5160,0
37841,591.82,15535.9588,17212.5160,0
37844,591.86,15535.9588,17212.5160,0
37845,591.88,15535.9588,17212.5160,0
37846,591.89,15535.9588,17212.5160,0
37847,591.91,15535.9588,17212.5160,0
37849,591.95,15535.9588,17212.5160,0
37850,591.97,15535.9588,17212.5160,0
37851,591.97,15535.9588,17212.5160,0
37853,591.97,15535.9588,17212.5160,0
37854,591.97,15535.9588,17212.5160,0
37857,592.02,15535.9588,17212.5160,0
37859,592.04,15535.9588,17212.5160,0
37860,592.04,15535.9588,17212.5160,0
37861,592.06,15535.9588,17212.5160,0
37862,592.08,15535.9588,17212.5160,0
37864,592.12,15535.9588,17212.5160,0
37865,592.12,15535.9588,17212.5160,0
37866,592.12,15535.9588,17212.5160,0
37867,592.12,15535.9588,17212.5160,0
37869,592.12,15535.9588,17212.5160,0
37870,592.14,15535.9588,17212.5160,0
37871,592.14,15535.9588,17212.5160,0
37872,592.16,15535.9588,17212.5160,0
37873,592.18,15535.9588,17212.5160,0
37874,592.18,15535.9588,17212.5160,0
37875,592.18,15535.9588,17212.5160,0
37876,592.18,15535.9588,17212.5160,0
37880,592.24,15535.9588,17212.5160,0
37881,592.24,15535.9588,17212.5160,0
37882,592.26,15535.9588,17212.5160,0
37883,592.27,15535.9588,17212.5160,0
37884,592.27,15535.9588,17212.5160,0
37888,592.29,15535.9588,17212.5160,0
37889,592.29,15535.9588,17212.5160,0
37891,592.31,15535.9588,17212.5160,0
37893,592.33,15535.9588,17212.5160,0
37895,592.33,15535.9588,17212.5160,0
37898,592.33,15535.9588,17212.5160,0
37901,592.35,15535.9588,17212.5160,0
37902,592.35,15535.9588,17212.5160,0
37903,592.35,15535.9588,17212.5160,0
37905,592.35,15535.9588,17212.5160,0
37907,592.38,15535.9588,17212.5160,0
37912,592.45,15535.9588,17212.5160,0
37915,592.49,15535.9588,17212.5160,0
37917,592.53,15535.9588,17212.5160,0
37919,592.55,15535.9588,17212.5160,0
37920,592.55,15535.9588,17212.5160,0
37922,592.57,15535.9588,17212.5160,0
37924,592.59,15535.9588,17212.5160,0
37925,592.59,15535.9588,17212.5160,0
37926,592.61,15535.9588,17212.5160,0
37928,592.63,15535.9588,17212.5160,0
37930,592.66,15535.9588,17212.5160,0
37931,592.66,15535.9588,17212.5160,0
37933,592.69,15535.9588,17212.5160,0
37934,592.69,15535.9588,17212.5160,0
37935,592.69,15535.9588,17212.5160,0
37936,592.71,15535.9588,17212.5160,0
37937,592.73,15535.9588,17212.5160,0
37938,592.73,15535.9588,17212.5160,1
37939,592.76,12833.7747,17212.5160,0
37940,592.78,12833.7747,17212.5160,0
37941,592.80,12833.7747,17212.5160,0
37942,592.82,12862.6924,17212.5160,0
37943,592.84,12862.6924,17212.5160,0
37944,592.86,12862.6924,17212.5160,0
37945,592.87,12880.2913,17212.5160,0
37946,592.89,12896.9738,17212.5160,0
37947,592.91,12936.6435,17212.5160,0
37948,592.93,13185.9759,17212.5160,0
37949,592.94,13486.6732,17212.5160,0
37950,592.96,13532.8376,17212.5160,0
37951,592.98,13532.8376,17212.5160,0
37952,593.00,13532.8376,17212.5160,0
37953,593.01,13532.8376,17212.5160,0
37954,593.04,13532.8376,17212.5160,0
37955,593.06,13532.8376,17212.5160,0
37956,593.07,13532.8376,17212.5160,0
37957,593.09,13532.8376,17212.5160,0
37958,593.11,13752.3475,17212.5160,0
37959,593.13,13752.3475,17212.5160,0
37960,593.15,13752.3475,17212.5160,0
37961,593.16,13752.3475,17212.5160,0
37962,593.18,13752.3475,17212.5160,0
37963,593.20,13752.3475,17212.5160,0
37964,593.20,13752.3475,17212.5160,0
37965,593.20,13752.3475,17212.5160,0
37966,593.22,13778.0352,17212.5160,0
37967,593.24,13778.0352,17212.5160,0
37968,593.26,13803.6790,17212.5160,0
37969,593.28,13848.6285,17212.5160,0
37970,593.30,13848.6285,17212.5160,0
37971,593.32,13913.1856,17212.5160,0
37972,593.34,14216.6050,17212.5160,0
37974,593.36,14248.6538,17212.5160,0
37975,593.38,14248.6538,17212.5160,0
37976,593.41,14384.0002,17212.5160,0
37977,593.44,14578.4004,17212.5160,0
37978,593.46,14578.4004,17212.5160,0
37979,593.48,14710.6568,17212.5160,0
37980,593.53,14710.6568,17212.5160,0
37981,593.55,14716.5302,17212.5160,0
37982,593.56,14716.5302,17212.5160,0
37983,593.58,14716.5302,17212.5160,0
37986,593.62,14719.8611,17212.5160,0
37987,593.64,14719.8611,17212.5160,0
37991,593.68,14719.8611,17212.5160,0
37993,593.71,14719.8611,17212.5160,0
37996,593.72,14719.8611,17212.5160,0
37998,593.76,14733.6670,17212.5160,0
37999,593.77,14733.6670,17212.5160,0
38001,593.78,14733.6670,17212.5160,0
38002,593.79,14733.6670,17212.5160,0
38003,593.82,14733.6670,17212.5160,0
38004,593.84,14865.0841,17212.5160,0
38005,593.86,14865.0841,17212.5160,0
38006,593.88,15109.9689,17212.5160,0
38009,593.92,15109.9689,17212.5160,0
38015,593.96,15109.9689,17212.5160,0
38017,593.97,15109.9689,17212.5160,0
38021,594.04,15110.8770,17212.5160,0
38022,594.06,15110.8770,17212.5160,0
38023,594.08,15110.8770,17212.5160,0
38024,594.10,15114.3795,17212.5160,0
38025,594.12,15114.3795,17212.5160,0
38026,594.14,15114.3795,17212.5160,0
38029,594.18,15114.3795,17212.5160,0
38033,594.23,15114.3795,17212.5160,0
38034,594.26,15114.3795,17212.5160,0
38037,594.32,15114.3795,17212.5160,0
38039,594.36,15114.3795,17212.5160,0
38041,594.36,15114.3795,17212.5160,0
38042,594.38,15114.3795,17212.5160,0
38043,594.40,15114.3795,17212.5160,0
38045,594.42,15114.3795,17212.5160,0
38046,594.44,15114.3795,17212.5160,0
38048,594.46,15114.3795,17212.5160,0
38051,594.50,15114.3795,17212.5160,0
38054,594.54,15114.3795,17212.5160,0
38057,594.59,15114.3795,17212.5160,0
38058,594.60,15114.3795,17212.5160,0
38059,594.63,15114.3795,17212.5160,0
38061,594.65,15114.3795,17212.5160,0
38063,594.69,15114.3795,17212.5160,0
38066,594.75,15114.3795,17212.5160,0
38068,594.77,15114.3795,17212.5160,0
38069,594.79,15114.3795,17212.5160,0
38070,594.81,15114.3795,17212.5160,0
38073,594.83,15123.8679,17212.5160,0
38074,594.85,15270.9629,17212.5160,0
38076,594.87,15388.8901,17212.5160,0
38077,594.90,15388.8901,17212.5160,0
38079,594.92,15388.8901,17212.5160,0
38082,594.93,15388.8901,17212.5160,0
38084,594.96,15388.8901,17212.5160,0
38089,595.02,15399.3135,17212.5160,0
38090,595.07,15413.0601,17212.5160,0
38091,595.10,15479.0909,17212.5160,0
38092,595.12,15479.0909,17212.5160,0
38094,595.29,15479.0909,17212.5160,0
38096,595.33,15479.0909,17212.5160,0
38097,595.35,15479.0909,17212.5160,0
38100,595.36,15479.0909,17212.5160,0
38102,595.41,15479.0909,17212.5160,0
38103,595.44,15479.0909,17212.5160,0
38107,595.47,15479.0909,17212.5160,0
38108,595.47,15479.0909,17212.5160,0
38109,595.50,15736.3862,17212.5160,0
38110,595.51,15797.5350,17212.5160,0
38111,595.55,15808.0616,17212.5160,0
38116,595.73,15808.0616,17212.5160,0
38123,595.78,15808.0616,17212.5160,0
38130,595.82,15808.0616,17212.5160,0
38135,595.89,15808.0616,17212.5160,0
38139,595.94,15813.6659,17212.5160,0
38140,595.94,15813.6659,17212.5160,0
38141,595.97,15813.6659,17212.5160,0
38142,595.99,15813.6659,17212.5160,0
38153,596.24,15813.6659,17212.5160,0
38158,596.31,15813.6659,17212.5160,0
38160,596.37,15832.4671,17212.5160,0
38164,596.50,15832.4671,17212.5160,0
38170,596.62,15832.4671,17212.5160,0
38172,596.63,15832.4671,17212.5160,0
38180,596.73,15832.4671,17212.5160,0
38181,596.75,15832.4671,17212.5160,0
38188,596.86,15832.4671,17212.5160,0
38191,596.87,15832.4671,17212.5160,0
38200,597.02,15832.4671,17212.5160,0
38201,597.05,15832.4671,17212.5160,0
38205,597.09,15832.4671,17212.5160,0
38218,597.15,15832.4671,17212.5160,0
38221,597.19,15832.4671,17212.5160,0
38224,597.23,15832.4671,17212.5160,0
38230,597.26,15832.4671,17212.5160,0
38248,597.31,15832.4671,17212.5160,0
38250,597.36,15832.4671,17212.5160,0
38257,597.47,15842.6059,17212.5160,0
38261,597.52,15842.6059,17212.5160,0
38264,597.64,15842.6059,17212.5160,0
38265,597.70,15842.6059,17212.5160,0
38271,597.89,15885.4729,17212.5160,0
38272,597.94,15885.4729,17212.5160,0
38279,598.18,15885.4729,17212.5160,0
38283,598.25,15885.4729,17212.5160,0
38286,598.30,15885.4729,17212.5160,0
38288,598.38,15885.4729,17212.5160,0
38293,598.46,15885.4729,17212.5160,0
38296,598.53,15885.4729,17212.5160,0
38297,598.56,15885.4729,17212.5160,0
38300,598.62,15885.4729,17212.5160,0
38301,598.69,15885.4729,17212.5160,0
38302,598.80,15885.4729,17212.5160,0
38308,598.83,15885.4729,17212.5160,0
38328,598.93,15885.4729,17212.5160,0
38331,598.95,15885.4729,17212.5160,0
38339,599.10,15885.4729,17212.5160,0
38342,599.11,15885.4729,17212.5160,0
38346,599.14,15885.4729,17212.5160,0
38350,599.27,15885.4729,17212.5160,0
38352,599.28,15885.4729,17212.5160,0
38358,599.33,15885.4729,17212.5160,0
38361,599.44,15885.4729,17212.5160,0
38368,599.46,15885.4729,17212.5160,0
38372,599.51,15885.4729,17212.5160,1
38373,599.54,13101.9395,17212.5160,0
38374,599.56,13101.9395,17212.5160,0
38375,599.57,13163.6180,17212.5160,0
38377,599.59,13240.6103,17212.5160,0
38378,599.61,13390.5612,17212.5160,0
38380,599.64,13447.6149,17212.5160,0
38383,599.75,13506.8933,17212.5160,0
38386,599.81,13506.8933,17212.5160,0
38387,599.88,13513.0846,17212.5160,0
38388,599.88,13513.0846,17212.5160,0
38389,599.88,13513.0846,17212.5160,0
38390,599.91,13646.7575,17212.5160,0
38391,599.93,13712.0213,17212.5160,0
38393,600.03,13712.0213,17212.5160,0
